{"type":"FeatureCollection","features":[{"type":"Feature","properties":{"_zoneType":"SI_BUILT","name":"Pozidano zemljišče","authority":"MKGP","dataSource":"raba-3000"},"geometry":{"type":"Polygon","coordinates":[[[13.837654567678387,45.86792018235224],[13.83536167061639,45.86915583631004],[13.83780586173073,45.8681325048614],[13.84,45.8682716663987],[13.84,45.868087075987084],[13.837654567678387,45.86792018235224]]]}},{"type":"Feature","properties":{"_zoneType":"SI_BUILT","name":"Pozidano zemljišče","authority":"MKGP","dataSource":"raba-3000"},"geometry":{"type":"Polygon","coordinates":[[[13.836533194040564,45.871011478862684],[13.84,45.87011199500612],[13.84,45.86986151313753],[13.836533194040564,45.871011478862684]]]}},{"type":"Feature","properties":{"_zoneType":"SI_BUILT","name":"Pozidano zemljišče","authority":"MKGP","dataSource":"raba-3000"},"geometry":{"type":"Polygon","coordinates":[[[13.838691959942349,45.871639179541084],[13.837946040457089,45.872050363415575],[13.835401254488733,45.87144326717712],[13.834946856577155,45.87294866737659],[13.82471028720873,45.87334904805887],[13.818791337632014,45.874880849974744],[13.817226142729004,45.873209364334485],[13.821284128172067,45.87180744591795],[13.816459696901436,45.87288098023467],[13.817261229641142,45.87190138394593],[13.814549693608019,45.871366515243],[13.816268435452029,45.8706238625686],[13.81631608469196,45.86954511518253],[13.82025261487599,45.869056326797384],[13.822435643325749,45.867759175562625],[13.823465948684605,45.86838629835851],[13.825570199857186,45.86696069977702],[13.827217479913408,45.869169485291536],[13.82915280480548,45.86775220752901],[13.82808826739543,45.866179849291015],[13.83001117643747,45.86520543193038],[13.828431006858436,45.86484494055268],[13.82697471925483,45.86662820538309],[13.82409051569124,45.865644407633376],[13.829435561331737,45.863990527966855],[13.833795738788993,45.86468681824657],[13.83926616703731,45.8634208240836],[13.84,45.86281762136875],[13.84,45.86247122682796],[13.837352396316428,45.860772101929996],[13.839124047376647,45.86240588380197],[13.838811839762073,45.86326091231621],[13.83310226164386,45.86429703582232],[13.825971874112732,45.86289421251083],[13.827312716201664,45.86422720094422],[13.822170442845321,45.86508933979937],[13.821463777445272,45.864431272313745],[13.821309577968314,45.86525225815724],[13.824502149091595,45.86657296410226],[13.82263084228485,45.86713378823409],[13.817352911520905,45.86589722543232],[13.81828812252665,45.86513724731318],[13.816969017346619,45.864922962371296],[13.8183160861161,45.86353883886673],[13.81774564351907,45.863179314096605],[13.815155554389388,45.86526268554241],[13.813601283072682,45.864456170926616],[13.81239163833363,45.86644273799996],[13.81568809429122,45.869917481899634],[13.811543044833531,45.87119712296313],[13.810689176848125,45.869724724803056],[13.811485008865077,45.86905110045051],[13.81032705004202,45.86802720864846],[13.810758501601136,45.870746987950426],[13.808966921801503,45.871143643834536],[13.807398807733188,45.869195208539224],[13.80515410138307,45.87015510304084],[13.805893810834617,45.867349659369225],[13.802336091154183,45.86751520800561],[13.802463647175045,45.865608388637376],[13.800267552187313,45.864187517233596],[13.8,45.864233764498515],[13.8,45.864674000629925],[13.800499539127246,45.86462684245462],[13.801927891834868,45.86584617241083],[13.802093160090708,45.86778035684804],[13.80334267853236,45.86832829663178],[13.80162611999599,45.869716803948705],[13.804393523640787,45.86879864235753],[13.805160263441454,45.870944184509135],[13.804480508022312,45.87177580636649],[13.814989402317087,45.87227475934597],[13.808293663223926,45.87302723425524],[13.8,45.87146813802049],[13.8,45.87222266665509],[13.800587254538728,45.87212363971414],[13.80515885114536,45.873106444954416],[13.804109571103211,45.87385934778334],[13.809504863861687,45.873916914034474],[13.809431157538647,45.87654096407442],[13.8,45.87671697053858],[13.8,45.87725974336037],[13.809466476803333,45.87710333565796],[13.808449414364242,45.87849660873385],[13.806728012437521,45.87807231155702],[13.807997394687009,45.87907070150077],[13.807461984725926,45.88],[13.807754805643732,45.88],[13.80798311889554,45.87954411976132],[13.808839030815717,45.87949143531364],[13.80907614110594,45.88],[13.81019390796138,45.88],[13.810311813826482,45.879861279945665],[13.808862797864247,45.87887849916788],[13.810116322430378,45.87731184623642],[13.81490369399717,45.87793818648752],[13.81523034485819,45.87970285161657],[13.815789340562048,45.88],[13.816164321079246,45.88],[13.815653629280106,45.879695372972044],[13.815352083709197,45.87786181555835],[13.81702216491418,45.877440105115625],[13.817835813361445,45.878556705022156],[13.817691341867878,45.87730013715312],[13.819695472278285,45.87702421241592],[13.820505683768673,45.88],[13.821791035890945,45.88],[13.821792112128659,45.87999575113877],[13.821813443398991,45.88],[13.82323243429002,45.88],[13.821402398725127,45.879393991867076],[13.82279710652951,45.87900350780403],[13.821096924987632,45.8786984606603],[13.820743907676407,45.87718498450401],[13.82384969274678,45.878504078281054],[13.823715218347381,45.88],[13.824626205907697,45.88],[13.824186108952171,45.87954517712687],[13.824273699830353,45.878407220523336],[13.827715463823676,45.87731595997579],[13.83167859150155,45.87969330681677],[13.833207797272484,45.87974432701213],[13.83333654505061,45.88],[13.833816335153546,45.88],[13.833637529612922,45.879636108690875],[13.831830143322687,45.879451813582804],[13.827447312412746,45.87673269693496],[13.830691697526955,45.876642147032726],[13.83548388004857,45.88],[13.837732554042889,45.88],[13.83883577601325,45.879412518507934],[13.839212025216993,45.88],[13.83984928188275,45.88],[13.839814551165212,45.87988826160481],[13.84,45.87986489075581],[13.84,45.87908377535365],[13.83860933571956,45.878737398926575],[13.83596823137145,45.87650876431229],[13.835795571195973,45.87218241281918],[13.837968301967571,45.87229253377208],[13.84,45.87208174964359],[13.84,45.87154737126629],[13.838691959942349,45.871639179541084]],[[13.835246842419691,45.876769704261214],[13.83831704827825,45.87888731952691],[13.837482306250049,45.87976045402923],[13.83627151537936,45.878782665707604],[13.835246842419691,45.876769704261214]],[[13.831356103426279,45.87339667740043],[13.835027234299245,45.87333891626478],[13.835613879557016,45.8754879846884],[13.834413762609366,45.87635929074754],[13.835826765347296,45.87903800706988],[13.833586631254533,45.87799320821317],[13.833370144359149,45.87483730238448],[13.831356103426279,45.87339667740043]],[[13.822519415936066,45.8742064723518],[13.830487474078135,45.87336009198407],[13.832988761616948,45.87480061244553],[13.83321608093864,45.877104471389494],[13.828867908164801,45.875891767993686],[13.824038004256549,45.87712704882043],[13.81956837894571,45.87631937749274],[13.819284479019903,45.87513983479813],[13.822519415936066,45.8742064723518]],[[13.823385970767427,45.87775246117899],[13.823643639102349,45.87741728185838],[13.825671662630707,45.87772344323813],[13.823385970767427,45.87775246117899]],[[13.821056935711834,45.86700104333226],[13.819468423402375,45.86847322053188],[13.817111649119555,45.867976722070686],[13.817562161538882,45.866250554295405],[13.821056935711834,45.86700104333226]],[[13.8103876814228,45.876105858058736],[13.818855752787755,45.875539116500754],[13.818720276780892,45.87635228023853],[13.815135985320577,45.877288990843454],[13.81104335883812,45.87691218781573],[13.8103876814228,45.876105858058736]],[[13.817818166891477,45.87476349304709],[13.810290651769906,45.87565596265808],[13.809833323586796,45.87377751834815],[13.81547925607487,45.87285551374385],[13.817818166891477,45.87476349304709]]]}},{"type":"Feature","properties":{"_zoneType":"SI_BUILT","name":"Pozidano zemljišče","authority":"MKGP","dataSource":"raba-3000"},"geometry":{"type":"Polygon","coordinates":[[[13.804558094060646,45.879676983708855],[13.80294169992221,45.87859208339311],[13.802671470209894,45.87971128718099],[13.804198798866407,45.879716597778675],[13.803806625095357,45.88],[13.804656672239705,45.88],[13.804558094060646,45.879676983708855]]]}},{"type":"Feature","properties":{"_zoneType":"SI_BUILT","name":"Pozidano zemljišče","authority":"MKGP","dataSource":"raba-3000"},"geometry":{"type":"Polygon","coordinates":[[[13.838280463275975,45.87575561273596],[13.84,45.87680418764653],[13.84,45.87670819198046],[13.838280463275975,45.87575561273596]]]}},{"type":"Feature","properties":{"_zoneType":"SI_BUILT","name":"Pozidano zemljišče","authority":"MKGP","dataSource":"raba-3000"},"geometry":{"type":"Polygon","coordinates":[[[13.805363457571637,45.864549094630874],[13.80500977076703,45.86305562259004],[13.808980216000178,45.86244936850099],[13.808521004659731,45.860776922942996],[13.809717728665715,45.86018726758258],[13.809128276043666,45.85970782319814],[13.80810422581375,45.86059874929956],[13.80805531259908,45.861935149790895],[13.805247903758788,45.86274548720392],[13.8026683579224,45.86267631879943],[13.801695775517317,45.86113257618333],[13.8,45.861538283059076],[13.8,45.86241118754651],[13.80383825262006,45.86309318541356],[13.805363457571637,45.864549094630874]]]}},{"type":"Feature","properties":{"_zoneType":"SI_BUILT","name":"Pozidano zemljišče","authority":"MKGP","dataSource":"raba-3000"},"geometry":{"type":"Polygon","coordinates":[[[13.803243918294712,45.853654605231114],[13.8,45.85381182248459],[13.8,45.85551359417648],[13.803812032653145,45.85478045413634],[13.803243918294712,45.853654605231114]]]}},{"type":"Feature","properties":{"_zoneType":"SI_BUILT","name":"Pozidano zemljišče","authority":"MKGP","dataSource":"raba-3000"},"geometry":{"type":"Polygon","coordinates":[[[13.8,45.90081919538044],[13.8,45.901049287540864],[13.800455778237856,45.900833590115866],[13.8,45.90081919538044]]]}},{"type":"Feature","properties":{"_zoneType":"SI_BUILT","name":"Pozidano zemljišče","authority":"MKGP","dataSource":"raba-3000"},"geometry":{"type":"Polygon","coordinates":[[[13.803197916469328,45.89837998557732],[13.80226334744492,45.897059037872815],[13.804767494343057,45.89685464617491],[13.80347565334757,45.89616037619435],[13.805241921420969,45.894830723223436],[13.807619570932156,45.8952770381005],[13.807960758031925,45.89685349006454],[13.812512682472374,45.895917807845805],[13.811345387184875,45.90038998064325],[13.810404483721006,45.90102043566052],[13.809327118138338,45.90014942085739],[13.810107944179638,45.901917608121536],[13.808583746323905,45.902705135517856],[13.811691669201187,45.90138917227768],[13.81460279517967,45.90142636557635],[13.814847363039831,45.90291595478647],[13.816796551164632,45.902842882649495],[13.815610283196934,45.90389468115049],[13.817620249023983,45.903659907856174],[13.818626926527541,45.90482562422862],[13.818190704243978,45.906016383841845],[13.81660359134373,45.9059151228224],[13.816109539456484,45.907790550752814],[13.818106068342326,45.90928232330371],[13.816386093361302,45.90952281431631],[13.815152058321962,45.90835710949242],[13.8156683374353,45.90956203723785],[13.813806604918168,45.91061078019013],[13.815700955906413,45.91067965281826],[13.814996414151782,45.91244927384816],[13.817036980121538,45.9120340145165],[13.816104720568031,45.91114740924468],[13.81668969314641,45.909821014188196],[13.820178844683548,45.909952394842584],[13.81942629516758,45.91221004821711],[13.815011546718997,45.91351919705543],[13.81700248129972,45.914124616624854],[13.816135942355814,45.915555457991665],[13.818718607902769,45.9145600036565],[13.818372701626148,45.91350116340514],[13.818026486044888,45.914469485051505],[13.817016067580987,45.913654305671855],[13.818381928327812,45.912621662576754],[13.824760919532084,45.9121659242454],[13.826920228316071,45.913733044917535],[13.829208796480394,45.91445019816106],[13.835215295593368,45.91473826209384],[13.827161850939381,45.91355363786748],[13.821570533271933,45.90843701794865],[13.82591323433252,45.90621240505462],[13.824762310211103,45.903824559714785],[13.826455509254146,45.903421134414835],[13.824891646238877,45.902727141028116],[13.829242218331201,45.90110737836511],[13.830127200913617,45.90184253814072],[13.830874124685867,45.9000470742947],[13.836209319269896,45.901590761832466],[13.84,45.90110926764715],[13.84,45.90109158624785],[13.836034914122171,45.90076121568569],[13.836942893893088,45.89956145339504],[13.834805854363712,45.90021799007049],[13.83371869793713,45.899622463293575],[13.83820232192254,45.89796738499065],[13.836566660366568,45.89778082419804],[13.837002248063394,45.89682241786877],[13.833953526498751,45.89877910894057],[13.832842558341202,45.89758425002774],[13.833217908895142,45.89394996824326],[13.834826857977129,45.89355559308174],[13.835183112955828,45.89258274028669],[13.837121469713106,45.89319512027668],[13.834854658565419,45.89182535653052],[13.83667944758826,45.890327988008885],[13.837977331406439,45.89057440711527],[13.837079010341556,45.889609708274186],[13.839288428702302,45.888139284185506],[13.84,45.8883126675737],[13.84,45.887721967093896],[13.837966786477264,45.88662025985429],[13.838094119302859,45.88569771977135],[13.84,45.88649044691822],[13.84,45.88367501925705],[13.838492748064972,45.88273143077102],[13.84,45.882103064233284],[13.84,45.88048490217715],[13.83984928188275,45.88],[13.839212025216993,45.88],[13.839731793817736,45.88081157496164],[13.838880774383693,45.881031321583166],[13.83724910057851,45.88025744589052],[13.837732554042889,45.88],[13.83548388004857,45.88],[13.837876193401028,45.88167627932638],[13.835298421130206,45.883016227597906],[13.833816335153546,45.88],[13.83333654505061,45.88],[13.834768805525703,45.88284424570588],[13.833387577063805,45.88363210991965],[13.835203834645679,45.88358159726193],[13.836497674728868,45.88477816715673],[13.83275018282937,45.88538039180499],[13.827090165752658,45.88277497899178],[13.829157745101988,45.88216871228446],[13.83244941194939,45.88386573510601],[13.831859371384278,45.882425549628465],[13.829052641880516,45.88192250024647],[13.826483811841587,45.88191976258275],[13.824626205907697,45.88],[13.823715218347381,45.88],[13.823701262275543,45.88015525030094],[13.82323243429002,45.88],[13.821813443398991,45.88],[13.825043424075679,45.88064336251242],[13.826984783613492,45.88422748796648],[13.822660349747592,45.88490001301621],[13.822008991618631,45.883573392077075],[13.823331334374991,45.88295685122731],[13.821756492095487,45.88301670713984],[13.82139288073551,45.88157187021164],[13.821791035890945,45.88],[13.820505683768673,45.88],[13.821364339905061,45.883153717640376],[13.818021183948263,45.883479300838225],[13.821465659533182,45.88364904095186],[13.822195984513895,45.88513795961066],[13.818894150914781,45.88595119770814],[13.819885379917853,45.88726491107982],[13.816911465536185,45.88714908575067],[13.817179952768509,45.88324473815456],[13.815997145993085,45.883197908159524],[13.816312779457803,45.8871070314943],[13.813637868660996,45.88719404329641],[13.812399562163515,45.88588366225592],[13.813214834521066,45.887272267950934],[13.814694130259246,45.887799559477436],[13.812238178642197,45.8888903747902],[13.809813385170944,45.88328254668536],[13.811432816545784,45.8830144318102],[13.81238848926324,45.88571523702105],[13.812324677015273,45.88413413043234],[13.809704920911313,45.8805753090408],[13.81019390796138,45.88],[13.80907614110594,45.88],[13.809899963588325,45.88176697106642],[13.80820812592487,45.88258883734869],[13.80975489893056,45.882641142744134],[13.809357503037127,45.88320324929202],[13.811560484410073,45.887516923936545],[13.810992508468633,45.8895741697181],[13.808205252427932,45.890878821110874],[13.80693552293733,45.889658676031814],[13.808214662550803,45.885035419541055],[13.806551363869064,45.88950850503767],[13.807379526156609,45.890939373520354],[13.802514875928873,45.892713278889325],[13.8,45.892557869888826],[13.8,45.893573559341725],[13.805150163999041,45.89280920918742],[13.805641369742643,45.89412951937636],[13.801938868211213,45.89582818787325],[13.8,45.895098565637],[13.8,45.895527456169155],[13.802390697526329,45.89646794194022],[13.801392831938319,45.89698842732966],[13.8,45.89613591618751],[13.8,45.896976025152334],[13.800199900718697,45.89685054731448],[13.803197916469328,45.89837998557732]],[[13.824877218594999,45.890218838040376],[13.826657169544873,45.89019470545819],[13.826190691810373,45.88787382930624],[13.830383681996503,45.887994980820494],[13.830715682949169,45.88687830549279],[13.838367786083873,45.888036718492074],[13.833229198846976,45.89150310504405],[13.832256316568234,45.89050385239211],[13.832670013628713,45.88942299643618],[13.830875453574974,45.88969687012107],[13.834609585332087,45.89317779351126],[13.832441128739964,45.89347184141549],[13.832541720276845,45.896632705054394],[13.831247552555324,45.89515377503292],[13.831162689987309,45.89649858562532],[13.830011028710226,45.8964654188136],[13.82827243314517,45.894688755737704],[13.829657940275155,45.89656211844184],[13.831526119607489,45.89743776545482],[13.83044811463781,45.89837843587985],[13.829128080811964,45.89832592814292],[13.828068671789474,45.8964794846536],[13.822739347152115,45.89242065498259],[13.824877218594999,45.890218838040376]],[[13.837549170005609,45.887003418494075],[13.835376472307745,45.886601855820835],[13.836082019114496,45.88528921434513],[13.83741905469815,45.886400725262384],[13.837549170005609,45.887003418494075]],[[13.836449465460877,45.88380994865339],[13.835755050420882,45.8836179386867],[13.83658883796486,45.88341683818481],[13.836449465460877,45.88380994865339]],[[13.833613070089879,45.8861977052439],[13.83377406580043,45.8858657728764],[13.834868523340003,45.88644739749369],[13.833613070089879,45.8861977052439]],[[13.830064680667602,45.88538598505005],[13.829142794817438,45.88607823672655],[13.827222325457466,45.88563567556021],[13.829601287320687,45.88511876272179],[13.830064680667602,45.88538598505005]],[[13.829941862039169,45.8846739669579],[13.827785708590751,45.88518026476282],[13.827861444382593,45.883427561279845],[13.829941862039169,45.8846739669579]],[[13.815877928472624,45.89363261523519],[13.815739182756426,45.892453004070326],[13.81759650692253,45.89317248390652],[13.815649692954953,45.890824496858926],[13.818501029716707,45.89037711425706],[13.819716167640937,45.89196934379602],[13.821321803730243,45.891511985787936],[13.823299158448949,45.8933849595],[13.825580436780767,45.89614613212158],[13.82495026773381,45.89731106141843],[13.828076421943209,45.89844290295404],[13.827579734583654,45.899135110405055],[13.826304398231423,45.89862850090273],[13.82867766174042,45.901068434691425],[13.822837457440924,45.90253827506529],[13.82368165332405,45.90068233688358],[13.822454106532026,45.90050042069739],[13.822706211017017,45.89943715297212],[13.821898054902109,45.901164577064],[13.814632966973702,45.90006082095698],[13.815056590150318,45.89922394504985],[13.813394016711673,45.897816261439075],[13.814135435199672,45.89688536686786],[13.813224301024093,45.896102240619854],[13.813396917813758,45.893657534582786],[13.815877928472624,45.89363261523519]],[[13.828096041093378,45.899494547279936],[13.828112572435272,45.89987445933498],[13.827344429112584,45.899498902067286],[13.828096041093378,45.899494547279936]],[[13.827240386524991,45.8871069834885],[13.826259524201921,45.88751368260989],[13.82672885673216,45.88667866814205],[13.827240386524991,45.8871069834885]],[[13.827199359721927,45.884888476299786],[13.826491691303877,45.88607415634962],[13.820980813790875,45.88704246334594],[13.8203317827349,45.88617388057677],[13.824153845029672,45.88493407252092],[13.827199359721927,45.884888476299786]],[[13.823354653950036,45.8877202984378],[13.82343478672506,45.887138493941656],[13.825091250268391,45.8868372068233],[13.825323731117509,45.8876631668944],[13.823354653950036,45.8877202984378]],[[13.824480683786977,45.9117830713173],[13.82085431302732,45.91243320250868],[13.820361478670376,45.910950017284115],[13.822037625280203,45.90940502912937],[13.824480683786977,45.9117830713173]],[[13.819892491928119,45.90704442681697],[13.819232656568229,45.90548424971608],[13.819972319955728,45.90369940731977],[13.823727940053184,45.90312554968504],[13.823157494801183,45.90388950985567],[13.824292833614473,45.904524897770905],[13.822879423008414,45.9056393209002],[13.82371037808618,45.90633993365297],[13.82289414366264,45.907113353001904],[13.81887007128971,45.908879932825656],[13.817699953568178,45.90760051827372],[13.818832153178334,45.908083724214094],[13.819892491928119,45.90704442681697]],[[13.822278168912115,45.88890200797271],[13.823392599137582,45.888314836503916],[13.823802467614861,45.88902670297439],[13.822894806454867,45.8894770587264],[13.822278168912115,45.88890200797271]],[[13.821606382778343,45.88879815403693],[13.822808072351185,45.89008770676263],[13.82064447387046,45.8892374726855],[13.821606382778343,45.88879815403693]],[[13.81812464575438,45.900947836069015],[13.820891587865377,45.90161359597564],[13.821494668236106,45.90286156242833],[13.819701792155564,45.903074169587995],[13.818829746246513,45.90445136852737],[13.816987686684145,45.90208176091725],[13.81812464575438,45.900947836069015]],[[13.819830755222139,45.88949122275908],[13.81925991015756,45.89039742431329],[13.818376352814079,45.889542886671805],[13.819244701327428,45.88900067658535],[13.819830755222139,45.88949122275908]],[[13.819317414515027,45.906539786264034],[13.818797968045851,45.906952595332534],[13.818887278495813,45.906245886875666],[13.819317414515027,45.906539786264034]],[[13.816680404833697,45.887527837370804],[13.817837623741244,45.88769567430353],[13.816747163507658,45.88813679679603],[13.816680404833697,45.887527837370804]],[[13.816935417701227,45.88963077100506],[13.816178276278839,45.889759351847935],[13.816864651655596,45.889305806157275],[13.816935417701227,45.88963077100506]],[[13.815407414876105,45.902011786571116],[13.816228991300997,45.90179076104825],[13.815841578883026,45.90246212914559],[13.815407414876105,45.902011786571116]],[[13.81615120049192,45.88805750347654],[13.81548599214402,45.887917245097945],[13.81629875884949,45.88771165739172],[13.81615120049192,45.88805750347654]],[[13.814975661099677,45.891091899165865],[13.815906006276379,45.891976174363606],[13.812590482062612,45.89396885930896],[13.811017156310092,45.893755693917306],[13.81111986049027,45.89233521610598],[13.814975661099677,45.891091899165865]],[[13.812310103056946,45.89116626318849],[13.812510425971944,45.890801164978626],[13.815223566258682,45.88974192879588],[13.81581398695341,45.89030119352456],[13.812310103056946,45.89116626318849]],[[13.815858181572079,45.88861426278901],[13.812144165334407,45.890357369325855],[13.811468304545855,45.8900801941718],[13.814757739840607,45.88823971667932],[13.815858181572079,45.88861426278901]],[[13.811322835873987,45.895451787075515],[13.810104160444132,45.89584781538792],[13.807543088489291,45.89421117747983],[13.808346811606834,45.89352865527706],[13.811322835873987,45.895451787075515]],[[13.810398971434537,45.89007426312945],[13.811275723908297,45.890380230816376],[13.809148812717437,45.89086804598883],[13.810398971434537,45.89007426312945]],[[13.809383204916813,45.89233497505189],[13.806540164537942,45.89380836852716],[13.806301344017077,45.892764877722186],[13.808869197996671,45.89208733175949],[13.809383204916813,45.89233497505189]],[[13.8081620723048,45.89153053718337],[13.80729283342152,45.891844859420935],[13.80784471635747,45.89118777039186],[13.8081620723048,45.89153053718337]]]}},{"type":"Feature","properties":{"_zoneType":"SI_BUILT","name":"Pozidano zemljišče","authority":"MKGP","dataSource":"raba-3000"},"geometry":{"type":"Polygon","coordinates":[[[13.839680807023734,45.88911654947555],[13.84,45.88910392608746],[13.84,45.88893403255122],[13.839680807023734,45.88911654947555]]]}},{"type":"Feature","properties":{"_zoneType":"SI_BUILT","name":"Pozidano zemljišče","authority":"MKGP","dataSource":"raba-3000"},"geometry":{"type":"Polygon","coordinates":[[[13.806492066683244,45.881683463975186],[13.80510466320669,45.88146795550499],[13.804656672239705,45.88],[13.803806625095357,45.88],[13.803308653811833,45.88035985621254],[13.804567204751537,45.88166566641925],[13.802298471002205,45.883866311168205],[13.80205518727847,45.882704082515424],[13.800728279952834,45.880925229645435],[13.801764079937975,45.88281117637715],[13.801505144693815,45.88526599219822],[13.8,45.886561356298095],[13.8,45.886978662392764],[13.801536615014427,45.885943271281945],[13.804185891338662,45.88226883169355],[13.806808836156497,45.88188884697761],[13.807754805643732,45.88],[13.807461984725926,45.88],[13.806492066683244,45.881683463975186]]]}},{"type":"Feature","properties":{"_zoneType":"SI_BUILT","name":"Pozidano zemljišče","authority":"MKGP","dataSource":"raba-3000"},"geometry":{"type":"Polygon","coordinates":[[[13.816533635498041,45.880395648903026],[13.817113782119772,45.882633473135186],[13.81690339940989,45.88044085931216],[13.816164321079246,45.88],[13.815789340562048,45.88],[13.816533635498041,45.880395648903026]]]}},{"type":"Feature","properties":{"_zoneType":"SI_BUILT","name":"Pozidano zemljišče","authority":"MKGP","dataSource":"raba-3000"},"geometry":{"type":"Polygon","coordinates":[[[13.8,45.88897494568366],[13.8,45.88979799989783],[13.800509996928533,45.890981180125706],[13.8,45.88897494568366]]]}},{"type":"Feature","properties":{"_zoneType":"SI_BUILT","name":"Pozidano zemljišče","authority":"MKGP","dataSource":"raba-3000"},"geometry":{"type":"Polygon","coordinates":[[[13.8,45.89164261918544],[13.8,45.891789109129896],[13.800036517095267,45.891618074904436],[13.8,45.89164261918544]]]}},{"type":"Feature","properties":{"_zoneType":"SI_BUILT","name":"Pozidano zemljišče","authority":"MKGP","dataSource":"raba-3000"},"geometry":{"type":"Polygon","coordinates":[[[13.808678149329824,45.95979985983181],[13.808570687898841,45.95775058199212],[13.80829447634634,45.959757473122025],[13.807642789811908,45.96],[13.80825939815631,45.96],[13.808678149329824,45.95979985983181]]]}},{"type":"Feature","properties":{"_zoneType":"SI_BUILT","name":"Pozidano zemljišče","authority":"MKGP","dataSource":"raba-3000"},"geometry":{"type":"Polygon","coordinates":[[[13.800139671319407,45.95691734861172],[13.800931160226718,45.956368401423184],[13.80294159065549,45.95722583520283],[13.809143489880661,45.954006233912956],[13.812694911866382,45.954793765069205],[13.816986467473004,45.952923364681595],[13.819751911322456,45.95298906650818],[13.823959992003799,45.95485001323837],[13.825539782480455,45.95452603018511],[13.827459687805886,45.95213039809001],[13.83311297804719,45.94912906209436],[13.838225650342237,45.949406523142166],[13.84,45.94841858206662],[13.84,45.94787609015562],[13.83997918321761,45.947871254514936],[13.838153460264914,45.94917079178584],[13.833108587297119,45.94880417020291],[13.82773975854692,45.95171309778099],[13.826747321674814,45.95053378398539],[13.823843028830833,45.94969334804244],[13.82353126432801,45.946079431688155],[13.825153611357912,45.94426502611815],[13.825280121734405,45.942336424701175],[13.829474177217232,45.942485337445184],[13.831317330147355,45.941281263317705],[13.834053979382457,45.941509498178824],[13.835275570674117,45.940303625824924],[13.838886248568606,45.94053755586507],[13.84,45.94136672797542],[13.84,45.941075711137636],[13.838737046990788,45.940198720781886],[13.835549136717793,45.940013553116025],[13.83689319479135,45.93601776252263],[13.839197156998177,45.93633749893478],[13.84,45.936954422588784],[13.84,45.93662472408656],[13.83946085063765,45.93617973296199],[13.836905401268096,45.93520422600816],[13.83491316276541,45.93564750769158],[13.83637536527487,45.93641296702657],[13.835076151187618,45.93776578560927],[13.834272142663176,45.94119058437246],[13.832316338379435,45.94071280459203],[13.829570309673834,45.942215602466],[13.824896242733411,45.94222269498019],[13.824760383147979,45.94415156902579],[13.823164834683064,45.946017561350125],[13.823372474395647,45.949464447637546],[13.823724355799909,45.95001869562117],[13.826723127686131,45.95084923916018],[13.827053256416368,45.95193079687092],[13.824279364737595,45.954566795028775],[13.814481583902781,45.950727303789144],[13.813440072089678,45.94605001651224],[13.809146555462924,45.93902579882696],[13.809286856423867,45.93733456136074],[13.811939096164357,45.93742092918838],[13.81413805012601,45.93636262474432],[13.81776084920262,45.936276279467805],[13.819708430580594,45.9378803935016],[13.826393068468562,45.93557696026236],[13.828386428203398,45.93663886282592],[13.830500883014746,45.93454596910823],[13.830432860446454,45.93247981484019],[13.831866410069471,45.93050918118046],[13.835534631956882,45.931439681570204],[13.8373090455177,45.93074997860312],[13.84,45.93207882321482],[13.84,45.93172300643394],[13.837401615517097,45.93048472785268],[13.835495102574688,45.93117931305681],[13.831825591694358,45.930252507859585],[13.83051137848019,45.93146323471351],[13.830193950086025,45.93441272365114],[13.82892579861168,45.935593528376465],[13.825946061739183,45.935218361733355],[13.81977982054698,45.93750267395546],[13.818325076083962,45.93615472971828],[13.81443682214003,45.935659437902615],[13.812364834111415,45.93708481203611],[13.80888927600627,45.937221514491576],[13.808568836802536,45.939340858185375],[13.813052037667022,45.94600935480842],[13.813680465205302,45.95030266121559],[13.817473563089228,45.95248776538061],[13.812673171993191,45.95456091361694],[13.809015301971376,45.953789116970796],[13.802793158325782,45.95693830565281],[13.801529232504786,45.95641033049329],[13.800429004237552,45.954059923080656],[13.800701638472525,45.955547911660624],[13.8,45.95625704950231],[13.8,45.95764522485423],[13.80123384508279,45.9587114359147],[13.80159291213716,45.96],[13.802171760374716,45.96],[13.800139671319407,45.95691734861172]]]}},{"type":"Feature","properties":{"_zoneType":"SI_BUILT","name":"Pozidano zemljišče","authority":"MKGP","dataSource":"raba-3000"},"geometry":{"type":"Polygon","coordinates":[[[13.837094659274205,45.96847865765441],[13.835646051755832,45.968211756734675],[13.837204326660126,45.97241787836277],[13.833553591406625,45.97484896189651],[13.82290609513395,45.97836538328434],[13.823321220950598,45.975036516779724],[13.822388618161854,45.97357975076492],[13.823247039632165,45.972965112110984],[13.822734691377603,45.97041676564097],[13.823380766615665,45.96978071762758],[13.821463035365614,45.968069931750605],[13.825310811860755,45.96513693556977],[13.828242228241972,45.96585145301168],[13.83301372983708,45.96434849978298],[13.82731849653606,45.96544687874638],[13.823489032198365,45.96186289080138],[13.823954253535607,45.96115008243527],[13.817824371778448,45.963964349263314],[13.814407997884608,45.963774462035914],[13.812130333120036,45.96251505246695],[13.808495749276103,45.962470388142776],[13.80609951971767,45.96103230381506],[13.80825939815631,45.96],[13.807642789811908,45.96],[13.805620771917752,45.96075249934005],[13.804924371218318,45.96162459980912],[13.805428567999934,45.963060290036836],[13.803920867051007,45.96357053394298],[13.802690217058629,45.96254379273247],[13.802686359514666,45.96078063987847],[13.802171760374716,45.96],[13.80159291213716,45.96],[13.802304350328871,45.96255309890337],[13.803303055765333,45.96360889097918],[13.806273329586112,45.96361058209137],[13.809828631015908,45.96687053189098],[13.81606352249092,45.96890244962093],[13.820173591786483,45.97747417679037],[13.821508010642527,45.9787731556925],[13.82354587743747,45.97882977164975],[13.825063251330164,45.98057962038124],[13.824442317556038,45.98224538480598],[13.818413899858811,45.98501151910542],[13.815055273740798,45.98848486791529],[13.810325030608807,45.98986808208612],[13.807023931947642,45.98925382429855],[13.801081201722969,45.99009392684705],[13.8,45.9912456893508],[13.8,45.992843917395575],[13.80113652986301,45.99042061437059],[13.806785041348341,45.989512782431625],[13.810521558816712,45.990205337618974],[13.81376439303462,45.98895802869034],[13.810133629187272,45.99396542613935],[13.807237710804698,45.995499073746984],[13.80380658691452,45.99873261249669],[13.805222661127697,45.9954347216094],[13.808620178248104,45.99338298318734],[13.804957659598385,45.99529796843028],[13.802049721942051,46.0],[13.802563884972487,46.0],[13.80263985693279,45.99963086923618],[13.803327084284751,45.99961718841335],[13.802830078902797,46.0],[13.803742703739823,46.0],[13.807486526798217,45.99569642757296],[13.81327401885478,45.992467105057045],[13.813165613674608,45.99029930801931],[13.817773394946888,45.98693021228],[13.818843366611578,45.9850931776317],[13.829395927999872,45.97991578758031],[13.83482840253766,45.98119816124512],[13.83539761649922,45.983632861943946],[13.83724214571262,45.983895858190685],[13.837215311114475,45.98510308959557],[13.83854466509647,45.985274957345084],[13.837542623748769,45.98740645780182],[13.838353743341923,45.988541121904305],[13.84,45.989040486829715],[13.84,45.988750145252965],[13.838588292798711,45.988327255446876],[13.837943789653746,45.9874431444543],[13.838903525114315,45.984926490295095],[13.83705841596434,45.98339803816621],[13.835698454361397,45.983378835878966],[13.835084496765218,45.98097392712972],[13.828971661173057,45.979367513156795],[13.826283391922969,45.980722279739524],[13.825144000712465,45.9781012105385],[13.833736452538647,45.975094889752945],[13.836884292081987,45.97329756216942],[13.837624471534928,45.972374526269384],[13.837147890659907,45.969073079862305],[13.84,45.966005159557824],[13.84,45.96561681816226],[13.837094659274205,45.96847865765441]],[[13.809877906430776,45.966583941898605],[13.80836691782877,45.96435196673874],[13.805953464806048,45.9632021687648],[13.805380743765339,45.96154111809459],[13.808469586982206,45.962729076446614],[13.812032702235356,45.962753634580075],[13.814286449681324,45.96402782131301],[13.817419340077436,45.96423091650595],[13.82368259948225,45.96231184715385],[13.825715332640186,45.96460467616982],[13.821170700117417,45.96766506510349],[13.821146692994537,45.9683854076476],[13.822747298426734,45.96966253925082],[13.821946266287746,45.97361671834251],[13.822870161573423,45.9752028457686],[13.822320236726132,45.978529175986715],[13.820430376732043,45.977329101517],[13.81622786273595,45.96864301665253],[13.809877906430776,45.966583941898605]]]}},{"type":"Feature","properties":{"_zoneType":"SI_BUILT","name":"Pozidano zemljišče","authority":"MKGP","dataSource":"raba-3000"},"geometry":{"type":"Polygon","coordinates":[[[13.802517245993744,45.97458728834813],[13.803681523825418,45.97388472414163],[13.800596904165388,45.97345450282388],[13.8,45.97289191053573],[13.8,45.97331413347033],[13.80033093022418,45.973640600829846],[13.802517245993744,45.97458728834813]]]}},{"type":"Feature","properties":{"_zoneType":"SI_BUILT","name":"Pozidano zemljišče","authority":"MKGP","dataSource":"raba-3000"},"geometry":{"type":"Polygon","coordinates":[[[13.806524118145953,45.97110866748611],[13.808055620746249,45.97238841792986],[13.806966851172769,45.97099989104389],[13.807051844528363,45.96916583377977],[13.8,45.96586139852039],[13.8,45.96599804570932],[13.806363558470137,45.96894246971598],[13.806524118145953,45.97110866748611]]]}},{"type":"Feature","properties":{"_zoneType":"SI_BUILT","name":"Pozidano zemljišče","authority":"MKGP","dataSource":"raba-3000"},"geometry":{"type":"Polygon","coordinates":[[[13.879822526781005,45.860971029318264],[13.878278572970281,45.85968266716335],[13.87583306456211,45.85987351896493],[13.873082981456545,45.858011702424605],[13.86498539140991,45.8572576750422],[13.86197959814044,45.85609719790217],[13.863458546275904,45.85510219209127],[13.874669782168716,45.85560015024285],[13.874035533458452,45.85484484140169],[13.868314501870595,45.85424382418935],[13.866620981168092,45.85517980550477],[13.864472912384807,45.854991821480574],[13.864699221144624,45.85420795763609],[13.859609692894738,45.854157271402094],[13.856370152953478,45.85551686722336],[13.85297324310163,45.85534005133061],[13.854392796503374,45.85643077350954],[13.850745368046635,45.85671440284182],[13.849144881358335,45.85663821732021],[13.848892932357979,45.85552571922462],[13.847506344929995,45.856231307694834],[13.849303297480503,45.8573601495252],[13.844149084679724,45.85994157212252],[13.841731243509365,45.86326260887336],[13.84260454118977,45.86509244824783],[13.844879944131213,45.86478466665369],[13.847494308603018,45.86699767988532],[13.843353654839332,45.867835220507786],[13.84059526618556,45.86645004611249],[13.84132192778397,45.86818114023734],[13.84,45.868087075987084],[13.84,45.8682716663987],[13.842559216332887,45.86843398273224],[13.846514977946216,45.86763517889961],[13.846771452120997,45.86947973397605],[13.841191844406438,45.86946616934466],[13.84,45.86986151313753],[13.84,45.87011199500612],[13.841800092665737,45.869644950033866],[13.844996017170255,45.87119671249665],[13.84,45.87154737126629],[13.84,45.87208174964359],[13.846153922195835,45.871443293974416],[13.847728792973989,45.873371421056945],[13.846508283880393,45.874242308346226],[13.843299787795674,45.87376959210706],[13.84217556259289,45.874871403615295],[13.845717162496262,45.875062413173104],[13.84594260481823,45.87700332206586],[13.843517819886186,45.876472279935896],[13.846324091655303,45.87776238780389],[13.846059378100525,45.878686851676505],[13.843769745780218,45.8787965344608],[13.84,45.87670819198046],[13.84,45.87680418764653],[13.842613564708438,45.87839794155833],[13.84135514212808,45.87942130418437],[13.84,45.87908377535365],[13.84,45.87986489075581],[13.841298577284876,45.87970123993712],[13.841383943472605,45.88],[13.841867455390307,45.88],[13.841753653939612,45.87956360135507],[13.846173963890696,45.879043024348654],[13.845729392644877,45.88],[13.847268465450165,45.88],[13.846746152604124,45.87992032102454],[13.846929493652942,45.87820399760448],[13.849904027136956,45.879054105547375],[13.84980484954963,45.88],[13.851639442566933,45.88],[13.851126322421722,45.879272205433196],[13.855136469682115,45.8796651630268],[13.853952843792902,45.88],[13.857961780398735,45.88],[13.85746667045242,45.879727688110144],[13.858503050760282,45.87921913543884],[13.86192416529641,45.87917843882517],[13.860629191053672,45.88],[13.86609795492249,45.88],[13.866172510516453,45.879869491192395],[13.866528946361754,45.88],[13.86979248893339,45.88],[13.868488103694103,45.87823317082025],[13.87087208726165,45.879505702825355],[13.86926070708869,45.87763709775113],[13.870694238479459,45.87816465407635],[13.872815118062723,45.87744557073489],[13.874163180623,45.878217450765604],[13.874831170336929,45.87735387715917],[13.8769738289679,45.87952148737845],[13.875858893138886,45.8773332646143],[13.877513198727055,45.87640527812884],[13.88,45.87580993930588],[13.88,45.874029500566884],[13.879846774194158,45.87393289684742],[13.88,45.873936539838766],[13.88,45.872596368666215],[13.879178182296288,45.872672553371565],[13.8797343125041,45.87102031674886],[13.88,45.87108455166257],[13.88,45.870732056401664],[13.877112051839756,45.87174654109497],[13.872764017233983,45.868516221249685],[13.875890025853176,45.87230500825492],[13.876883885405489,45.8719257864921],[13.878884879893791,45.87343837370802],[13.876835503990701,45.87433564515848],[13.876811231081264,45.87556661465516],[13.873259922994244,45.87576889388037],[13.872264250274245,45.87471092431917],[13.873757382454771,45.87390447195521],[13.871157721619877,45.87505203507123],[13.870183127179786,45.872821757948586],[13.870024213295528,45.87476255025541],[13.872366519331242,45.87607674002999],[13.869117616804866,45.876553513425876],[13.86872566570438,45.877523301545914],[13.86796456109458,45.87613063724508],[13.86408628509221,45.87378671333461],[13.864016058035984,45.87257305174135],[13.865591469588956,45.87160145346795],[13.864533986325684,45.870293680278415],[13.864995404161002,45.87169974416909],[13.862879144127522,45.87206948901686],[13.863731280286052,45.8741510028959],[13.861145502134603,45.87374937146705],[13.864642082483766,45.8746254508927],[13.868088659021172,45.877816304381966],[13.865680450016555,45.878258833717474],[13.863701001735944,45.87740967993892],[13.863629575215857,45.87874306545287],[13.861498853509017,45.878490594204834],[13.86249309582044,45.87650910118067],[13.858835565999659,45.87645353768526],[13.860573600914133,45.87600338027793],[13.858755384927758,45.87487530381537],[13.860598513405126,45.8734931160158],[13.859083397121804,45.87372666890039],[13.85847127745126,45.87539945861402],[13.85748629416229,45.875606649404794],[13.854999105913894,45.87161712984996],[13.856582888407358,45.870588770373644],[13.859170573743269,45.87093882953821],[13.858626702470643,45.870051128501295],[13.859525573891265,45.8694641869041],[13.85607093171912,45.86887616433574],[13.859672932689659,45.86503355394293],[13.862012468197271,45.865263712905424],[13.862443831637325,45.86632371274003],[13.862882141750578,45.86525878941123],[13.866730695098559,45.865420678664194],[13.874862481881616,45.864759863954276],[13.876516308763184,45.86602248970091],[13.87614091322646,45.86676362431453],[13.879442779326249,45.868148656638944],[13.88,45.86828587036359],[13.88,45.866184924911394],[13.879472796102993,45.86623074777778],[13.8795961102257,45.86745294906579],[13.875706357331474,45.864762132036866],[13.872424772244981,45.86378851555984],[13.870943901109317,45.8649462357139],[13.863075421713553,45.865025302679356],[13.862797987089992,45.864121617850834],[13.859014521178592,45.86432500689587],[13.857785034974665,45.863427149397715],[13.856884740230663,45.86527561380387],[13.85367556856226,45.867354396102705],[13.854325386429407,45.86649278817159],[13.852866933402952,45.86605841921531],[13.8544558657765,45.86018580037823],[13.85231979047218,45.86162671199852],[13.853410208468155,45.86393720723978],[13.852101663400843,45.86437848764082],[13.853075601193982,45.86496892580159],[13.851853128953342,45.86626810358704],[13.850613290203272,45.865902799312146],[13.851528248405023,45.86472666098982],[13.850356732254092,45.86480970705727],[13.848972302228477,45.86286871377546],[13.849663377299427,45.861287386423236],[13.846843083579822,45.861669653466926],[13.849683800789741,45.858721357412826],[13.854072490461924,45.858880351684604],[13.854775404322366,45.85779576692367],[13.856542522642327,45.857579215043955],[13.85882154728853,45.85623692035898],[13.859467538718672,45.85716733167873],[13.86030926380749,45.85638159221325],[13.86260769649278,45.85662988364125],[13.875944262896898,45.86016768966679],[13.878007821442369,45.85993686299345],[13.878808728293542,45.86081098859133],[13.877781462353205,45.863351993278684],[13.879458920287934,45.86254970566798],[13.88,45.86266872548515],[13.88,45.86099101432367],[13.879822526781005,45.860971029318264]],[[13.878007308295468,45.874634162498594],[13.878034292164095,45.874170498040336],[13.879423450442578,45.8744527112307],[13.878007308295468,45.874634162498594]],[[13.865548572054474,45.878827664180456],[13.86539205911451,45.87942086482775],[13.864084860094026,45.87891270441371],[13.865548572054474,45.878827664180456]],[[13.863297879356544,45.879499392820904],[13.86349333032806,45.87988109151221],[13.862509777219262,45.87970990808399],[13.863297879356544,45.879499392820904]],[[13.860613896551543,45.87776089182484],[13.86048527592584,45.87717686302905],[13.861630778385967,45.87739956726813],[13.860613896551543,45.87776089182484]],[[13.858939370767754,45.87788829477137],[13.858116876775526,45.878878630809076],[13.85754296736118,45.877944742322484],[13.858210957843337,45.87747453069476],[13.858939370767754,45.87788829477137]],[[13.851192626186489,45.870228965083356],[13.858017819513917,45.86537203469037],[13.855547723721902,45.86915026506311],[13.856884847651887,45.86989905476694],[13.85469620482341,45.871412111256426],[13.853679846920581,45.87340282458472],[13.850444823516266,45.87375159606518],[13.848795454815109,45.87299797482721],[13.849268375255232,45.87046357350026],[13.851192626186489,45.870228965083356]],[[13.849390077604973,45.87459620745088],[13.852832498120764,45.87405014524257],[13.853687177815333,45.874679950622436],[13.85308918607141,45.876169551972595],[13.856221578893592,45.8764407428657],[13.856802754214675,45.87791733080814],[13.856095249896818,45.87833359922313],[13.857308981662104,45.879198505598616],[13.85220812937593,45.87872269081924],[13.850460025533335,45.877279105199044],[13.850771397018786,45.87541210155583],[13.848320043456404,45.87572045759842],[13.847182910175235,45.87434259494756],[13.84819532907589,45.87365497674758],[13.849390077604973,45.87459620745088]],[[13.856480118270596,45.85666842953516],[13.856374193528596,45.85732970212499],[13.854425450451544,45.857536966445146],[13.853741974690779,45.85858868579417],[13.849254196189626,45.85849297803886],[13.84685532730145,45.861112402364284],[13.843656272284727,45.86131915628602],[13.849719246062545,45.85752079318346],[13.856480118270596,45.85666842953516]],[[13.851205303761063,45.8695107591865],[13.850542186742516,45.86916647707556],[13.851456993759584,45.86903180916],[13.851205303761063,45.8695107591865]],[[13.849534926312684,45.87808052601544],[13.848749869227893,45.8783940481154],[13.84729650087104,45.87760529629342],[13.84822376385285,45.87698827086416],[13.849534926312684,45.87808052601544]],[[13.849365698334758,45.86961917783948],[13.847858313613692,45.87201228714383],[13.845266317032266,45.8706291375406],[13.846985667536604,45.869662684312246],[13.849365698334758,45.86961917783948]],[[13.848512226725214,45.86807933761715],[13.848610405023859,45.86898528962298],[13.847255914223984,45.868220873375286],[13.848512226725214,45.86807933761715]],[[13.846127804532491,45.87477177052376],[13.84683895787659,45.87465964474024],[13.84832716729244,45.87620180853786],[13.846596545552757,45.87692507343964],[13.846127804532491,45.87477177052376]],[[13.842494715798185,45.862275761207904],[13.844839486344366,45.86169002429966],[13.848589437637282,45.862600909757575],[13.846591505749934,45.8650758983587],[13.842249399067628,45.86351685084703],[13.842494715798185,45.862275761207904]],[[13.845213274100416,45.87427310387384],[13.844951590280068,45.87460173068322],[13.844123348302103,45.87400827895118],[13.845213274100416,45.87427310387384]]]}},{"type":"Feature","properties":{"_zoneType":"SI_BUILT","name":"Pozidano zemljišče","authority":"MKGP","dataSource":"raba-3000"},"geometry":{"type":"Polygon","coordinates":[[[13.840236648921527,45.86262309852882],[13.84,45.86247122682796],[13.84,45.86281762136875],[13.840236648921527,45.86262309852882]]]}},{"type":"Feature","properties":{"_zoneType":"SI_BUILT","name":"Pozidano zemljišče","authority":"MKGP","dataSource":"raba-3000"},"geometry":{"type":"Polygon","coordinates":[[[13.840084060878011,45.90109859019187],[13.84,45.90109158624785],[13.84,45.90110926764715],[13.840084060878011,45.90109859019187]]]}},{"type":"Feature","properties":{"_zoneType":"SI_BUILT","name":"Pozidano zemljišče","authority":"MKGP","dataSource":"raba-3000"},"geometry":{"type":"Polygon","coordinates":[[[13.840761971442653,45.88849833159762],[13.84,45.88893403255122],[13.84,45.88910392608746],[13.841642133978091,45.88903898325959],[13.841442633913163,45.89029598284185],[13.842569795032805,45.88989205187703],[13.844321571621892,45.89167036657611],[13.843168710754759,45.8933692338794],[13.840310275994318,45.8931565164858],[13.842522992910947,45.89517895029475],[13.843183334083356,45.89644341104571],[13.842595158462277,45.8969327680622],[13.843773210308472,45.898105385687266],[13.843974388107487,45.89683089420216],[13.847339076329304,45.897208487444566],[13.848593171348739,45.892910511030124],[13.851338391857407,45.894965102840494],[13.85332725598798,45.89395670402369],[13.852309501178896,45.892176117402336],[13.853819517280542,45.889549312510795],[13.849608826891144,45.89045203476747],[13.849105566834128,45.88968824072882],[13.850251697181369,45.88892010406161],[13.849042065104834,45.88822529910177],[13.851745040970256,45.887670799360656],[13.853325939850047,45.88879100996022],[13.854921705795503,45.888002491396364],[13.855443694696424,45.88907410832257],[13.857990903968656,45.88884230962326],[13.858862726602874,45.89249227188334],[13.85624873779571,45.89260154340043],[13.858513391859479,45.89385870024915],[13.858257612160436,45.89659889681359],[13.856766038441593,45.89683143271821],[13.854051635459715,45.89537321000623],[13.856180715512384,45.89657018701849],[13.85514484441647,45.89951271791105],[13.853217675174765,45.89886549289763],[13.851688669870859,45.89568347085298],[13.852912886374261,45.898945627053926],[13.855539569856253,45.90087521271739],[13.853216578670116,45.90072397697767],[13.852240502116725,45.902251754910615],[13.850247665672088,45.902923373989715],[13.847418996429626,45.90289187081579],[13.846960352220625,45.90202972970873],[13.846498767186372,45.903917703847306],[13.844965857733477,45.90313808986149],[13.845051105876749,45.900788927438846],[13.843764338577289,45.902228999148825],[13.846256285908526,45.9045221171383],[13.847811336846068,45.90421397315932],[13.84763705327587,45.90574501371324],[13.849966310540339,45.90492032833326],[13.85182857707956,45.905624008103494],[13.851578196656453,45.90659925528458],[13.854654556814204,45.906274537008755],[13.854416728497629,45.90520762467645],[13.858142003818344,45.90329387167622],[13.857039644995494,45.90266569648088],[13.857692735241669,45.90169054104241],[13.860416089077285,45.90354112046097],[13.863073430951337,45.90159261259009],[13.867599282336453,45.90357644499123],[13.871884929823793,45.90232440978107],[13.872056210236781,45.90045132076429],[13.874109454391904,45.89994666809868],[13.876747326519794,45.90107207838243],[13.875377664044073,45.90246841952599],[13.877044050124455,45.90240546689167],[13.876510990263364,45.90387044558468],[13.875077468085186,45.90517565088039],[13.874100046665626,45.904718002941344],[13.871023533122875,45.9077930568215],[13.870975627989099,45.90936286160981],[13.869371317266735,45.90971714987127],[13.871481692112635,45.910264129500206],[13.872442218041062,45.90922873052614],[13.871636326246369,45.90815385357189],[13.872252967154052,45.90714632031098],[13.878921042608743,45.904559458660515],[13.88,45.9068840838258],[13.88,45.89839825339375],[13.878547058338208,45.89888255811617],[13.87636969447633,45.89794899912354],[13.879704484436603,45.896620166068836],[13.88,45.89721401209384],[13.88,45.89586327749875],[13.879730688816082,45.89527707629025],[13.88,45.89521630652461],[13.88,45.89479330049208],[13.87960369228025,45.894818245965254],[13.878928612933807,45.89311849855969],[13.88,45.89284178283713],[13.88,45.89238325672555],[13.878935893726647,45.89249715024329],[13.877409874622394,45.88726082206829],[13.88,45.88651692093008],[13.88,45.8839556185698],[13.876269456601724,45.884396846417566],[13.875617392389557,45.88318488339987],[13.877750744060464,45.882853841957015],[13.88,45.883904322896434],[13.88,45.883405963261524],[13.8775943033818,45.88249048101201],[13.879694237554915,45.8804688142456],[13.88,45.88038050095678],[13.88,45.88003147598324],[13.87645527214189,45.882451327366184],[13.875086323790933,45.881715660299506],[13.877159947058702,45.88039241229525],[13.876036616852867,45.880016651619584],[13.876300941186399,45.880680010552695],[13.874789441738272,45.88145298112639],[13.870713867877246,45.88124803559147],[13.86979248893339,45.88],[13.866528946361754,45.88],[13.87494656297859,45.8830821061407],[13.869490714631429,45.88453464308277],[13.865012400107606,45.88446929594539],[13.864518749097211,45.8831321101725],[13.865627660082774,45.882020673118646],[13.867151205331755,45.882055446841896],[13.865316867808271,45.88136728503516],[13.86609795492249,45.88],[13.860629191053672,45.88],[13.858550515218452,45.88131875932734],[13.861503367177063,45.882096652601334],[13.863694971573015,45.88161527701154],[13.86432692350183,45.88412469532207],[13.859919032580548,45.88490213707539],[13.858838974794606,45.88321569880143],[13.857379861971632,45.88364560996584],[13.85630452904992,45.88275923281372],[13.856141239287288,45.88428562947216],[13.854231591261176,45.88268191032027],[13.856042822396796,45.88576688902478],[13.852143494792116,45.88677924998657],[13.848481592236563,45.886443172349395],[13.847227618942746,45.88466831231017],[13.847856553830344,45.88349537054896],[13.858833847444325,45.880479639375125],[13.857961780398735,45.88],[13.853952843792902,45.88],[13.85366680739917,45.88008091708806],[13.855048825869261,45.88113570136912],[13.850870630136866,45.88177856503777],[13.850336202910505,45.88047331767778],[13.851748645754634,45.88015489059907],[13.851639442566933,45.88],[13.84980484954963,45.88],[13.849764918810305,45.88038083468084],[13.847268465450165,45.88],[13.845729392644877,45.88],[13.844747194066537,45.88211426207408],[13.842298231894143,45.88165191464074],[13.841867455390307,45.88],[13.841383943472605,45.88],[13.841764533684223,45.88133196946682],[13.840232152229438,45.88123180058285],[13.84,45.88048490217715],[13.84,45.882103064233284],[13.840508687541211,45.88189099469027],[13.842210133741997,45.884094799918245],[13.841102087836566,45.88436496190633],[13.84,45.88367501925705],[13.84,45.88649044691822],[13.840941219431901,45.88688193532353],[13.842811156835008,45.88525533163424],[13.844796457440864,45.88652594899444],[13.842920625855857,45.88697052919238],[13.844097234776592,45.88763935142491],[13.840051088241884,45.887749649521396],[13.84,45.887721967093896],[13.84,45.8883126675737],[13.840761971442653,45.88849833159762]],[[13.871568916634805,45.89065359194634],[13.868318467142425,45.89007889903517],[13.867684489453493,45.88808090206374],[13.868385546164868,45.88709611921038],[13.87227780988494,45.88652819119598],[13.872597648661797,45.88783892868955],[13.873246761608875,45.88658470947576],[13.876769927597644,45.88695409046645],[13.877447785163293,45.88806316172497],[13.875566669180529,45.88879659324739],[13.877504147954212,45.88869868421108],[13.879696805521826,45.896209358145065],[13.876372879866828,45.897433594864395],[13.875410449301146,45.89613663796428],[13.874109303084026,45.896755350027576],[13.872775831546642,45.895286281387975],[13.870493967500535,45.89474158394673],[13.872249256384666,45.89362040056513],[13.870535534355541,45.89331208970705],[13.869782863471418,45.89409579061689],[13.868435753933323,45.89305633815723],[13.8682242737088,45.89217065100909],[13.870684542470103,45.89233750689068],[13.868622552015427,45.8912623548627],[13.868880583757782,45.89051035412735],[13.871568916634805,45.89065359194634]],[[13.87831953040806,45.88611386058631],[13.878082310652687,45.8864451168102],[13.87625699224659,45.88614940377992],[13.87831953040806,45.88611386058631]],[[13.872688570724687,45.88439428413721],[13.872882156492434,45.88404035037925],[13.875483109743525,45.88434956573963],[13.872688570724687,45.88439428413721]],[[13.874121649123586,45.898656978363945],[13.873263568666419,45.899990052628596],[13.871605223300483,45.89964862463102],[13.87274667075025,45.89905998224283],[13.870227514132424,45.89709760686319],[13.869985369803429,45.89508787607834],[13.874121649123586,45.898656978363945]],[[13.872941313534689,45.885314230306946],[13.872716985218876,45.88565379890835],[13.871056629780218,45.88596976592006],[13.870689728558858,45.88514228814374],[13.872941313534689,45.885314230306946]],[[13.860229122306306,45.89944196113341],[13.862675294538441,45.898979606693075],[13.864555407815722,45.899694448021776],[13.864623792721524,45.89872244091245],[13.863555787430615,45.899119076091964],[13.862859637037237,45.898030177289925],[13.861636229910177,45.89804330485761],[13.862635896973151,45.89622587396023],[13.861282507332374,45.89675157867251],[13.859663111268276,45.89581544101878],[13.858962210543444,45.89421807324741],[13.861082620526894,45.893609541661064],[13.86033662735746,45.89257690503844],[13.860139286016551,45.89352336151793],[13.8592078881767,45.8935073928617],[13.858521604352696,45.89015426941695],[13.861081289776177,45.89005692958384],[13.860384812771075,45.89103419031019],[13.863055511766353,45.89252932797017],[13.863006955350045,45.89021056180107],[13.864159062647673,45.8900126771106],[13.86456363564524,45.89157560714457],[13.865226144711901,45.890743617169164],[13.866245868314634,45.89124342832756],[13.86464989327783,45.889484618285074],[13.867534629613694,45.88909276636511],[13.868139868674682,45.89127652429437],[13.865460573348656,45.89343858793321],[13.86894788515449,45.89390747595099],[13.869351404839254,45.89638108252837],[13.86832639275503,45.89712131896737],[13.866383662674519,45.8959613734567],[13.864919383756677,45.89718116109263],[13.869577692220123,45.89795769481218],[13.86852347913525,45.89858331485774],[13.868594150049615,45.89958347192263],[13.870304992144746,45.900020645263886],[13.869252734658591,45.90230310633425],[13.866800567610936,45.90319419439205],[13.865031531043261,45.90167315425036],[13.859483645793887,45.90137253943484],[13.857116784022853,45.89858685846531],[13.85886700342256,45.89817005437221],[13.860229122306306,45.89944196113341]],[[13.86968200832718,45.88539028830106],[13.869039551370578,45.88627868739965],[13.865413574034681,45.88601875863736],[13.869304599143735,45.88509086397836],[13.86968200832718,45.88539028830106]],[[13.866096780728753,45.8849823562614],[13.865504179517442,45.885363312917896],[13.865246427529648,45.88471445268284],[13.866096780728753,45.8849823562614]],[[13.862786842392913,45.88580789291872],[13.862119887509696,45.885511143536064],[13.86305423615827,45.88540710826074],[13.862786842392913,45.88580789291872]],[[13.860871935152618,45.90236354605682],[13.85996717244189,45.90273245426876],[13.858679581066138,45.90186576220915],[13.859361742934121,45.901583244267584],[13.860871935152618,45.90236354605682]],[[13.860261654412772,45.888326168950044],[13.858437696474438,45.88810507404904],[13.860052458884198,45.88737910289895],[13.860261654412772,45.888326168950044]],[[13.860153465226896,45.88684541541515],[13.858521982279598,45.88685919526249],[13.857851970092927,45.88609024858156],[13.859149856900034,45.885627890122],[13.860153465226896,45.88684541541515]],[[13.857526154794952,45.88406177510552],[13.858495386349174,45.88367258511372],[13.858119542811007,45.88465552063274],[13.857526154794952,45.88406177510552]],[[13.858131754304242,45.88739047405072],[13.853185910083809,45.88752639443237],[13.856526152087001,45.886265630179324],[13.858131754304242,45.88739047405072]],[[13.853500422509654,45.901653579863215],[13.856714959679396,45.902374149175344],[13.853638546322982,45.905661248330325],[13.851094575332517,45.905082638574505],[13.851223795215198,45.90287159537907],[13.853500422509654,45.901653579863215]],[[13.850408286629667,45.89370998364164],[13.85067780010327,45.8933806255503],[13.852378927131932,45.894055988377936],[13.850408286629667,45.89370998364164]],[[13.850597777181093,45.903579951272995],[13.848563195670234,45.90451667687483],[13.848061219881593,45.903165310136025],[13.850283960695425,45.90325416676401],[13.850597777181093,45.903579951272995]],[[13.847735756291005,45.88723347776999],[13.849052033010544,45.88670727663734],[13.850496508665753,45.88683802892201],[13.848502840255795,45.887713826305784],[13.847735756291005,45.88723347776999]],[[13.846384207275081,45.88038528273606],[13.850074570745855,45.88097931990963],[13.848502258429109,45.881867965271105],[13.84633673563601,45.88131965335344],[13.846384207275081,45.88038528273606]],[[13.848532304264133,45.891885501871016],[13.846674479778683,45.89172394418145],[13.843735556246031,45.888822903878875],[13.846820223423629,45.888709577263654],[13.848532304264133,45.891885501871016]],[[13.84695217977995,45.888677355598944],[13.84767380337243,45.88842152023509],[13.84747916058578,45.889122321042144],[13.84695217977995,45.888677355598944]],[[13.847644163357716,45.89333563770357],[13.846428166611586,45.89602096716092],[13.844274502545595,45.896523033332016],[13.842703709086328,45.894141497756635],[13.846861874091209,45.89269553595504],[13.847644163357716,45.89333563770357]],[[13.846484138719312,45.884155888352595],[13.847543938040555,45.886584667580955],[13.843077203794032,45.884888159766625],[13.844686123463763,45.88337219377692],[13.846484138719312,45.884155888352595]],[[13.846964547745028,45.88757866136228],[13.846705343923958,45.88791155920137],[13.845378846496788,45.88801624973226],[13.84551886484636,45.88684631280453],[13.846964547745028,45.88757866136228]],[[13.845063842652197,45.89045438122052],[13.844739207229185,45.891238080087966],[13.844351432489605,45.890213123212355],[13.845063842652197,45.89045438122052]]]}},{"type":"Feature","properties":{"_zoneType":"SI_BUILT","name":"Pozidano zemljišče","authority":"MKGP","dataSource":"raba-3000"},"geometry":{"type":"Polygon","coordinates":[[[13.879149977893492,45.908316918241276],[13.88,45.90760999282607],[13.88,45.90699017979664],[13.879149977893492,45.908316918241276]]]}},{"type":"Feature","properties":{"_zoneType":"SI_BUILT","name":"Pozidano zemljišče","authority":"MKGP","dataSource":"raba-3000"},"geometry":{"type":"Polygon","coordinates":[[[13.879390919508237,45.88869884941799],[13.879461455205094,45.88953287217903],[13.88,45.8895500514744],[13.88,45.88871720115666],[13.879390919508237,45.88869884941799]]]}},{"type":"Feature","properties":{"_zoneType":"SI_BUILT","name":"Pozidano zemljišče","authority":"MKGP","dataSource":"raba-3000"},"geometry":{"type":"Polygon","coordinates":[[[13.878350080029726,45.93584541390619],[13.877791227835043,45.935032265599965],[13.88,45.934564608352055],[13.88,45.934266469893366],[13.878017430520043,45.93420145868238],[13.877406150585125,45.93264378976188],[13.875306679141293,45.93169675683416],[13.876878638402916,45.92978516859591],[13.872880725136207,45.929261295746535],[13.871608510722368,45.92678788244161],[13.87039225941645,45.92908842421946],[13.871747474230622,45.93295821657932],[13.870321381040815,45.93398402119103],[13.87013497682538,45.935199461677264],[13.868388173308858,45.93503353164853],[13.867842527857961,45.93586636008313],[13.869441841903534,45.93664598969682],[13.868642144908389,45.93934570992154],[13.870470760903164,45.94002268112644],[13.869719981561087,45.94251653315074],[13.871884018511755,45.944411241777274],[13.856266421732558,45.956875220740635],[13.854364954482536,45.95997404899957],[13.852257483254682,45.9587734860674],[13.853935131337,45.95591224835376],[13.847991713325573,45.95910378787862],[13.847244683747672,45.96],[13.848215233380822,45.96],[13.85113137980228,45.958410435648254],[13.851364124617188,45.95953424530971],[13.853318754130473,45.96],[13.854618988833712,45.96],[13.85658021383134,45.957013131834344],[13.858964471168834,45.955705019106425],[13.860219582045495,45.9561745217841],[13.860110486708681,45.95498260410673],[13.862234273499789,45.9528865632762],[13.869088760294337,45.947644965538736],[13.872142880036025,45.946768081616106],[13.872241547436106,45.949520438880086],[13.873991340953024,45.95021587193304],[13.875666256693805,45.948553039962185],[13.872713154264904,45.946931235315624],[13.872701666751988,45.94608355994354],[13.875559619461583,45.94510362054505],[13.876157068425515,45.945992980132935],[13.875304905314652,45.94649270995684],[13.876135125066039,45.94659280816722],[13.87650343233696,45.94540054286264],[13.87824519653239,45.94500875762356],[13.879066753511196,45.94540545446075],[13.878034171691615,45.94658938262876],[13.88,45.94678520692147],[13.88,45.94510059133898],[13.879602995719962,45.9448621630343],[13.88,45.944519387076674],[13.88,45.943081725452],[13.878549805375872,45.94348354288678],[13.877373327009462,45.94447845055963],[13.876644656470766,45.943416925602044],[13.872439698244285,45.945189083203815],[13.872697055719076,45.9435885339925],[13.870211248362963,45.94222043139152],[13.870826756711685,45.93989139963983],[13.869303541025202,45.93907927677339],[13.870624343712509,45.9341587601234],[13.872193612674494,45.93299498465371],[13.870832958183493,45.92963342079904],[13.871368242605048,45.92846713421882],[13.87296087633459,45.929604059832315],[13.876414952460712,45.92991084909004],[13.874914110947257,45.93177773474362],[13.876961674341972,45.933600999398045],[13.876450245873784,45.93552486546509],[13.877790444213092,45.9361098530322],[13.88,45.93582757341231],[13.88,45.93544959108098],[13.878350080029726,45.93584541390619]],[[13.879787391988547,45.943579098606726],[13.87993785282304,45.94403509491353],[13.878547994175152,45.943807972104516],[13.879787391988547,45.943579098606726]],[[13.874531320087561,45.948780775875086],[13.873630025195885,45.949079429727355],[13.873071027269457,45.94801112766424],[13.873826305963727,45.947625994403836],[13.874531320087561,45.948780775875086]]]}},{"type":"Feature","properties":{"_zoneType":"SI_BUILT","name":"Pozidano zemljišče","authority":"MKGP","dataSource":"raba-3000"},"geometry":{"type":"Polygon","coordinates":[[[13.8401769173479,45.948320076163796],[13.843154099983488,45.94872090991437],[13.844719348736266,45.94702666021954],[13.84370666450961,45.944745475266934],[13.84594084967071,45.9449888117112],[13.848776354282197,45.942940016581346],[13.851840885055141,45.942411546981596],[13.853991605323902,45.94426619838406],[13.856101713574768,45.94470801972892],[13.854474182502104,45.94694767921221],[13.8557466980544,45.95302831209041],[13.854838544974452,45.946972014703974],[13.856483226894431,45.94480058737571],[13.85320802805932,45.94269544232623],[13.854903764193919,45.939744801132115],[13.857984510265126,45.93810303647586],[13.859703241836455,45.93591123377637],[13.858824413513073,45.929947767274456],[13.855635859833004,45.928451644937375],[13.85050324495449,45.928879918855294],[13.846492101841235,45.930489364126906],[13.842509792965053,45.932919066098115],[13.84,45.93172300643394],[13.84,45.93207882321482],[13.842213895588781,45.933172087052384],[13.846885213769955,45.93060128175159],[13.849000062137376,45.930671028774924],[13.842909374173498,45.934610009513456],[13.842034980620827,45.93694002650296],[13.840950007216817,45.93740881994068],[13.84,45.93662472408656],[13.84,45.936954422588784],[13.841119812363154,45.93781491303748],[13.843103675057067,45.93609158574866],[13.843318317640506,45.93480630556394],[13.850721072584868,45.929436332371395],[13.85573080358758,45.9287047808529],[13.857717143105237,45.9303478879438],[13.857051839158718,45.93235928271417],[13.852804467281832,45.93419062150092],[13.851743322444051,45.93596906390101],[13.85027278663607,45.93586252945388],[13.850612650000972,45.936636228710995],[13.848593110771574,45.93802822722562],[13.852055974444445,45.93608137366512],[13.853051563365266,45.93435004791972],[13.857387282207027,45.932450222540126],[13.85799057087309,45.93051277115396],[13.858894204495762,45.930952338711364],[13.858414507296791,45.933422070447406],[13.859396925376796,45.935832641761316],[13.857712693572628,45.937956846816945],[13.85463781704782,45.93959334661047],[13.852823050870153,45.942325848427764],[13.84990479447943,45.942374725300354],[13.847925298925864,45.94298912350406],[13.845187829554067,45.94147220033535],[13.842514334945543,45.94282165693474],[13.84,45.941075711137636],[13.84,45.94136672797542],[13.842273945436787,45.94305964803235],[13.845351331845084,45.94187586484208],[13.847330557821142,45.94373977843163],[13.842919559955643,45.9448490508114],[13.84434290095773,45.947029135828345],[13.84271250457925,45.94850619221646],[13.84,45.94787609015562],[13.84,45.94841858206662],[13.8401769173479,45.948320076163796]]]}},{"type":"Feature","properties":{"_zoneType":"SI_BUILT","name":"Pozidano zemljišče","authority":"MKGP","dataSource":"raba-3000"},"geometry":{"type":"Polygon","coordinates":[[[13.879125010365094,45.95077366138332],[13.876300720840861,45.951263236312734],[13.877106149734306,45.95029081814165],[13.876306054427399,45.94955595736727],[13.875027922396775,45.95093375812568],[13.870990181764329,45.950717111790894],[13.871788773655467,45.951620471332404],[13.86992358734372,45.95336702626171],[13.870373081251364,45.95393751454927],[13.874249422738608,45.95128489691312],[13.876544163837531,45.9518773780979],[13.874634537695963,45.95341617984408],[13.875179279606753,45.956372496257835],[13.878972590966455,45.95516608907161],[13.88,45.95602288446744],[13.88,45.9548241525877],[13.879966417850115,45.954768446296434],[13.88,45.954773677870335],[13.88,45.95248844187937],[13.87895447187397,45.951817032954956],[13.88,45.95162433036243],[13.88,45.95016990269312],[13.879742633628593,45.950105872577225],[13.88,45.950038030217286],[13.88,45.94757749457396],[13.879125010365094,45.95077366138332]],[[13.877830204209223,45.95167704252889],[13.87949364849577,45.95464270789209],[13.875036490120126,45.95498438063033],[13.877615159700792,45.95343547246325],[13.877830204209223,45.95167704252889]]]}},{"type":"Feature","properties":{"_zoneType":"SI_BUILT","name":"Pozidano zemljišče","authority":"MKGP","dataSource":"raba-3000"},"geometry":{"type":"Polygon","coordinates":[[[13.84655810592536,45.96082368809058],[13.84432216679082,45.96135936653059],[13.84,45.96561681816226],[13.84,45.966005159557824],[13.842878213232607,45.96290916015387],[13.848215233380822,45.96],[13.847244683747672,45.96],[13.84655810592536,45.96082368809058]]]}},{"type":"Feature","properties":{"_zoneType":"SI_BUILT","name":"Pozidano zemljišče","authority":"MKGP","dataSource":"raba-3000"},"geometry":{"type":"Polygon","coordinates":[[[13.840613377987786,45.989226544970535],[13.842511438945406,45.98915131252243],[13.843422943607438,45.99034709645397],[13.84570477523455,45.99087025676354],[13.849277607093375,45.990801291118025],[13.851212735591949,45.99191883135247],[13.85629378926456,45.9921581317604],[13.85519954051447,45.99138369107732],[13.851263605697408,45.991654826015136],[13.848248719271647,45.98934925303651],[13.84833596369384,45.990787009123366],[13.845804021665533,45.99063891741311],[13.843430777039545,45.990018162769026],[13.842719774826941,45.98828005392959],[13.840860610638204,45.98900794904229],[13.84,45.988750145252965],[13.84,45.989040486829715],[13.840613377987786,45.989226544970535]]]}},{"type":"Feature","properties":{"_zoneType":"SI_BUILT","name":"Pozidano zemljišče","authority":"MKGP","dataSource":"raba-3000"},"geometry":{"type":"Polygon","coordinates":[[[13.854443076950991,45.960267906845516],[13.854618988833712,45.96],[13.853318754130473,45.96],[13.854443076950991,45.960267906845516]]]}},{"type":"Feature","properties":{"_zoneType":"SI_BUILT","name":"Pozidano zemljišče","authority":"MKGP","dataSource":"raba-3000"},"geometry":{"type":"Polygon","coordinates":[[[13.917644273998278,45.85830842992891],[13.92,45.859045861277956],[13.92,45.858336373444445],[13.917644273998278,45.85830842992891]]]}},{"type":"Feature","properties":{"_zoneType":"SI_BUILT","name":"Pozidano zemljišče","authority":"MKGP","dataSource":"raba-3000"},"geometry":{"type":"Polygon","coordinates":[[[13.91081843827538,45.864306414062035],[13.909350840286423,45.86327414998223],[13.911192736745711,45.862915822021215],[13.910945502898977,45.861933174843024],[13.912812021915993,45.8611889791175],[13.908624011480853,45.86219545757299],[13.912825538846832,45.858538249923285],[13.911866179982379,45.85747421393557],[13.913153309108646,45.85648130200354],[13.913058006652482,45.85467824499508],[13.908918036973015,45.85463878528041],[13.908117744155486,45.855329073606796],[13.905028892767515,45.8547208056031],[13.905120683524624,45.856214718068195],[13.902998224978298,45.85641995260788],[13.90246741928151,45.85524384506954],[13.901458875969384,45.85650391547769],[13.899048790102974,45.85565535759135],[13.900366273060998,45.854851762013325],[13.893327241823656,45.854488836609214],[13.89032518121751,45.85791615982255],[13.889210090536855,45.85662489021943],[13.891037107561901,45.856017932162885],[13.885447178444215,45.85604661735],[13.884414515822009,45.856572407251925],[13.886548681279109,45.856148325343845],[13.887582329583678,45.85706804613342],[13.88667858315698,45.85816999271867],[13.88596504277252,45.8625283700216],[13.882238911957222,45.85867177147718],[13.884318513314698,45.86147731593275],[13.88,45.86099101432367],[13.88,45.86266872548515],[13.881646460388419,45.863030892851675],[13.880737388796119,45.86425401356137],[13.883140962995327,45.86378779210748],[13.881788670725756,45.86481392825088],[13.881860911183006,45.86602318049907],[13.88,45.866184924911394],[13.88,45.86828587036359],[13.884990395069764,45.86951473843555],[13.884726905206586,45.86825761932836],[13.888077282473866,45.86888737793748],[13.88732659932379,45.868298361630416],[13.888089041669078,45.86799027982822],[13.892580008799456,45.86952799048378],[13.88984716694726,45.87007488520943],[13.892212036558396,45.87114317082805],[13.89076671573993,45.871949501398355],[13.889083622027089,45.87129441118118],[13.889930244709983,45.872044368648524],[13.889109151160268,45.87239871660381],[13.886981174529595,45.871264226639],[13.884078993399038,45.871778825624254],[13.881236191138116,45.87029780449753],[13.88,45.870732056401664],[13.88,45.87108455166257],[13.886509411179484,45.872658323375084],[13.887127220335442,45.874331177680695],[13.886108334067348,45.874831040048015],[13.882015147411154,45.87240955909633],[13.88,45.872596368666215],[13.88,45.873936539838766],[13.88240627049059,45.873993749670504],[13.883304050294301,45.87325971525849],[13.884235700867338,45.873900190788326],[13.883596810317304,45.874758231633145],[13.885373375719539,45.874713956033986],[13.883046372785655,45.87595013619579],[13.88,45.874029500566884],[13.88,45.87580993930588],[13.881540828204242,45.875441065902336],[13.881735397720178,45.8762643943123],[13.880549574475454,45.876311741562894],[13.881773567428585,45.87734885766607],[13.881303006817687,45.87793682812391],[13.882545077452258,45.87809485967732],[13.884886203305895,45.87544513158884],[13.885683469921933,45.875704606767705],[13.88527552965968,45.876378667201145],[13.886882275127753,45.87626042370421],[13.884582269366419,45.87879237918986],[13.882034789262608,45.87848167818898],[13.882501634827689,45.87925952682984],[13.8805927377681,45.87962683637047],[13.880046107705379,45.88],[13.88131738840725,45.88],[13.884771485078488,45.87900235414175],[13.886233472762983,45.87744126574439],[13.888119559972807,45.87951063358102],[13.888225813179643,45.88],[13.889545977473666,45.88],[13.901078022525446,45.87659751710832],[13.901320675704566,45.87813160997048],[13.895044289033178,45.88],[13.89579606710803,45.88],[13.898021128981611,45.87919122877696],[13.901272357101698,45.878808627233106],[13.901099396811983,45.87996681609075],[13.900927755777245,45.88],[13.907594230432883,45.88],[13.905999639512997,45.87971749784198],[13.906173829601519,45.87936208232968],[13.907470032686994,45.87901651486549],[13.908170649201058,45.88],[13.91131331946017,45.88],[13.911267993888739,45.87966207633682],[13.912571186478788,45.879023710790406],[13.913196463032016,45.88],[13.92,45.88],[13.92,45.87909567940901],[13.919994736280634,45.879097271964504],[13.92,45.87908891906604],[13.92,45.87825281895769],[13.918511045575706,45.8784304596008],[13.917957643369324,45.87791907440784],[13.918856120076578,45.87719938475602],[13.917856272107054,45.87671056388739],[13.919502815773033,45.87524955944884],[13.92,45.87579624125017],[13.92,45.873814120750204],[13.916327688881008,45.875627779753735],[13.90830110904711,45.87788886885457],[13.908174905301903,45.87657195281763],[13.92,45.871439380029486],[13.92,45.87078871062076],[13.908169672700854,45.876316462290696],[13.907410060644933,45.87536620781229],[13.908931375728315,45.87321277407932],[13.917615429744673,45.869243016779016],[13.92,45.87019452631731],[13.92,45.86720212111574],[13.919559297147407,45.86722203866259],[13.92,45.86612027564002],[13.92,45.86598510960477],[13.91917827438576,45.86675353931607],[13.915137546252277,45.864972056737244],[13.918373691213718,45.862764266853475],[13.92,45.862504808926865],[13.92,45.86181165788858],[13.91860332622122,45.861684318999],[13.918938045928307,45.86064094379937],[13.92,45.860201226613555],[13.92,45.859741554513526],[13.91081843827538,45.864306414062035]],[[13.918641556837592,45.862159152790916],[13.91439522017231,45.86495984932595],[13.910227916189667,45.86510662008262],[13.916856932386054,45.861852420592996],[13.918641556837592,45.862159152790916]],[[13.916860142405646,45.86645860164916],[13.914950519429778,45.867935443212595],[13.914939580235915,45.86680968668389],[13.913769971519612,45.86732508595717],[13.912062834697206,45.86585166577287],[13.914546441289405,45.86521753232272],[13.916860142405646,45.86645860164916]],[[13.910990656932574,45.86562222869233],[13.912530851342686,45.866901832579984],[13.910990472468923,45.8677419566434],[13.913030004350617,45.86725309227845],[13.916792674287926,45.86922018214353],[13.912177943774175,45.87130499512066],[13.910478976317838,45.869522308661146],[13.910984895204567,45.86862365096383],[13.909978922924989,45.86896183835195],[13.90826475543639,45.86708919600593],[13.906664019184248,45.86640468845597],[13.90773931749027,45.865423625821855],[13.910990656932574,45.86562222869233]],[[13.916463915438326,45.877183972481035],[13.915071374682414,45.878531092894576],[13.914591329373007,45.87779684758217],[13.915851236271896,45.87698026685645],[13.916463915438326,45.877183972481035]],[[13.91436344300296,45.87932786936357],[13.913083497960866,45.87874693371658],[13.91449274826304,45.878770785350085],[13.91436344300296,45.87932786936357]],[[13.911380558881195,45.87920375873183],[13.9096526147179,45.87873036960723],[13.913281221056279,45.87796217842535],[13.911380558881195,45.87920375873183]],[[13.907926023596467,45.867162958638666],[13.908007628122052,45.86838052622921],[13.909031863417662,45.86836686791371],[13.911754291018354,45.87159256298662],[13.908844364855991,45.87271433798753],[13.907179875633416,45.87067099403605],[13.905040592621308,45.86927829780456],[13.904379338294108,45.86723400917412],[13.90599231103728,45.86644769554091],[13.907926023596467,45.867162958638666]],[[13.902095056130738,45.8569931186678],[13.902418993850654,45.85790315846671],[13.900156280187051,45.8583977351668],[13.902768141609517,45.85831688014523],[13.902406529890548,45.85970064142042],[13.903864911840861,45.857798844533775],[13.91143499452941,45.859494603690806],[13.908343750167937,45.861917435602415],[13.90450200204145,45.86196201762526],[13.903943554082419,45.86338235009278],[13.901468260019168,45.86362767599856],[13.900210099293757,45.86304994844287],[13.901504073986784,45.86261153744857],[13.899738686687883,45.86272985619204],[13.90016085545976,45.863478947093334],[13.901888709208476,45.86408675259822],[13.901353763922575,45.864997714187304],[13.898517450718524,45.86446320269679],[13.897048652467404,45.86256455767937],[13.896885471788044,45.864362988176936],[13.895809424261357,45.86233250063622],[13.893745694830953,45.86336573057104],[13.892506177636442,45.85998204322161],[13.89080133937737,45.85893734229814],[13.894452920643609,45.85533247346636],[13.902095056130738,45.8569931186678]],[[13.911221112084448,45.85515907835596],[13.910374745585045,45.85651193064754],[13.909501024979182,45.85610276783676],[13.910143304201386,45.85502760037743],[13.911221112084448,45.85515907835596]],[[13.90961126888508,45.879697638869],[13.908945721747658,45.87992890574632],[13.909012987724806,45.87908919058969],[13.90961126888508,45.879697638869]],[[13.909747744562575,45.85847645795326],[13.907721663503034,45.8585131713996],[13.906944680236538,45.85754194557205],[13.907701690149793,45.857162538913336],[13.909747744562575,45.85847645795326]],[[13.908835339472677,45.8572441369854],[13.908895994516904,45.85686955218521],[13.909582278432316,45.85728329706445],[13.908835339472677,45.8572441369854]],[[13.903178794245012,45.86879354797156],[13.906970479756621,45.87086064410999],[13.908335429775729,45.873529058763566],[13.906707517970641,45.87480224193627],[13.903159330272953,45.87385724342885],[13.901632288426907,45.87237995884333],[13.90173975185759,45.871105640959634],[13.90363954026743,45.871645339711],[13.904074125810661,45.87270762880695],[13.905534870913591,45.87219789671144],[13.90239095166237,45.87085998087309],[13.901652235861738,45.86891773052879],[13.903178794245012,45.86879354797156]],[[13.908011753804542,45.8781664400574],[13.904099803258628,45.87919194760845],[13.902319265199328,45.87732208168428],[13.907415469163821,45.8770076656478],[13.908011753804542,45.8781664400574]],[[13.908211363474473,45.863008319147674],[13.907984212297604,45.86334849186423],[13.90573352772692,45.8639059442337],[13.906283502508025,45.86292369644921],[13.908211363474473,45.863008319147674]],[[13.90449930928774,45.86498821700074],[13.907989158997351,45.86487497203461],[13.903884594522893,45.86676128312684],[13.90396445776737,45.868828592571376],[13.901686415541004,45.868313246843336],[13.901647410773808,45.86577253667811],[13.903779097581683,45.86605973887761],[13.90449930928774,45.86498821700074]],[[13.906873135814598,45.8642552401703],[13.90686742857164,45.86390205201908],[13.907738284188149,45.86421487191844],[13.906873135814598,45.8642552401703]],[[13.906658218706836,45.85702931279633],[13.905848735534658,45.857747629936966],[13.905085757118751,45.85766042996768],[13.90539033003723,45.85675072186811],[13.906658218706836,45.85702931279633]],[[13.90604196123266,45.862459811885444],[13.905749977274155,45.862904738529146],[13.905000500119995,45.86225659896114],[13.90604196123266,45.862459811885444]],[[13.905598475940943,45.8748790667385],[13.905022714197738,45.87642533032357],[13.901781563881803,45.87692011696165],[13.9017520772251,45.873884964611754],[13.905598475940943,45.8748790667385]],[[13.900770098275316,45.875902652225136],[13.898485405796905,45.8756002150777],[13.897249922736126,45.874430842108175],[13.901225481359596,45.87339570723204],[13.900770098275316,45.875902652225136]],[[13.9011513218548,45.87242253151277],[13.8965754337557,45.87360712284357],[13.896608072034695,45.8726020175714],[13.901197007372513,45.871463419598484],[13.9011513218548,45.87242253151277]],[[13.900894748537912,45.86805304617663],[13.90104692730399,45.870737851669155],[13.89638529181257,45.87231680309411],[13.898125463234322,45.86874439801815],[13.900894748537912,45.86805304617663]],[[13.892261686694306,45.86712827342071],[13.89427396841733,45.86613685614328],[13.895421543016925,45.866630288102776],[13.895306812663568,45.86569293125344],[13.896498966754208,45.86515017175083],[13.90128731447288,45.86547113006507],[13.90111124935869,45.86732892962068],[13.89806341020464,45.86844711072613],[13.897757532748766,45.867375060473705],[13.895145090689358,45.869150317948254],[13.888104425675692,45.8677485261621],[13.883061901000803,45.86750601020815],[13.888150080626456,45.86629782299295],[13.892261686694306,45.86712827342071]],[[13.89184357715345,45.874527740205004],[13.89279591413004,45.874051591663594],[13.893713803134496,45.876299374094735],[13.893602552138603,45.87402390082302],[13.895729612481754,45.87328127477692],[13.898032597665821,45.876562582323665],[13.888891955528111,45.87989319876365],[13.886675022022803,45.87721492508084],[13.888702479033173,45.87455131130748],[13.89184357715345,45.874527740205004]],[[13.8956066734168,45.87287021885857],[13.894662020976291,45.87322229107783],[13.895276455017061,45.872413669886754],[13.8956066734168,45.87287021885857]],[[13.885502303457748,45.86356205618329],[13.88877124373465,45.86373431534516],[13.891427949717322,45.86510327259021],[13.895736574459539,45.86501893358872],[13.893057293557018,45.866383533757585],[13.882510220466852,45.86608008092061],[13.882155277729398,45.86486756342191],[13.885502303457748,45.86356205618329]],[[13.88993182492598,45.85835266387426],[13.894356931877118,45.86424933660499],[13.891483953073452,45.86484465803839],[13.886915491482764,45.862211237140926],[13.887326599423357,45.85790044043709],[13.88993182492598,45.85835266387426]],[[13.893275286367025,45.873425555516846],[13.891787874914623,45.8742901809562],[13.890384465527253,45.8738156351727],[13.891158776225026,45.87322534042201],[13.893275286367025,45.873425555516846]],[[13.891873613154523,45.8726826399369],[13.890787250475078,45.87301280180632],[13.890880051493845,45.87222443800386],[13.891873613154523,45.8726826399369]],[[13.890109720394635,45.874244112005904],[13.889244312772236,45.87417349518858],[13.890179472969905,45.8738883709268],[13.890109720394635,45.874244112005904]],[[13.887539313973312,45.87520545671319],[13.88691488660224,45.8753999563459],[13.887334356388925,45.87487965365789],[13.887539313973312,45.87520545671319]],[[13.883379175684103,45.86255274995178],[13.882973614545863,45.862867309280276],[13.88266562668677,45.86212661347216],[13.883379175684103,45.86255274995178]],[[13.882516104953718,45.873353679342415],[13.881962212498015,45.8735904160785],[13.881595001870675,45.872532748244204],[13.882516104953718,45.873353679342415]]]}},{"type":"Feature","properties":{"_zoneType":"SI_BUILT","name":"Pozidano zemljišče","authority":"MKGP","dataSource":"raba-3000"},"geometry":{"type":"Polygon","coordinates":[[[13.880028556203563,45.90694560846983],[13.88,45.90699017979664],[13.88,45.90760999282607],[13.881138618434447,45.906663054736605],[13.883770142238166,45.907109226779184],[13.886413842929269,45.905403071754606],[13.888258607648003,45.907101460485535],[13.886348812655193,45.90839821044168],[13.888318684140593,45.907294243617706],[13.889763545643195,45.908488094736015],[13.890275388204985,45.91156686947014],[13.88922168579677,45.91212845138345],[13.890486605501284,45.91308561335345],[13.889176248515222,45.91596965388893],[13.892717701889689,45.91474329243347],[13.893132707164206,45.91624579367423],[13.887614528657748,45.91938254817543],[13.888239654972722,45.92],[13.888884445508848,45.92],[13.888986302023643,45.91915710225708],[13.891403980427734,45.917440759426015],[13.892368640681667,45.91830304429605],[13.891379465534413,45.91913236188113],[13.891543594730427,45.92],[13.891982230397284,45.92],[13.891798470565117,45.91912429000576],[13.893380406145651,45.918626853384716],[13.892470018969144,45.916888965078435],[13.89718478281687,45.91670174410166],[13.896508307845236,45.9159055101005],[13.893569997949328,45.916161629455374],[13.893973075221531,45.91467607465538],[13.892349086962602,45.91369216154761],[13.89233964811008,45.91249886369603],[13.894249159553699,45.91104571715549],[13.89635872721926,45.910964073908886],[13.89590494667942,45.90910397633538],[13.897788457302482,45.909186215416526],[13.901501161792895,45.9076618312679],[13.902957349506618,45.907855141579354],[13.907964572715644,45.90510968061777],[13.91334460843649,45.90500271796491],[13.91224903894595,45.901870929307705],[13.90967071795401,45.90124653563726],[13.908444517513235,45.89952749879012],[13.911174468988236,45.89979394260388],[13.909097818638118,45.89859647280338],[13.906974022962192,45.89942228653498],[13.90800784993973,45.897959158046355],[13.906825632867019,45.895650116707316],[13.908923481067424,45.89534895184621],[13.911413773424051,45.893040636093026],[13.91226712068913,45.89464751936167],[13.911349770776159,45.89589446964194],[13.913670441422067,45.89547070017814],[13.913923451593922,45.89375873930323],[13.915651525284686,45.89324258468373],[13.913592532200997,45.892512490670406],[13.91596324678917,45.89240932168954],[13.914248126203155,45.891939798005545],[13.914401425789958,45.89056513766183],[13.917452850172301,45.889835315139756],[13.917861193314955,45.8887569262176],[13.918887366157858,45.88951718471288],[13.917641404863897,45.89027495146048],[13.91935223289354,45.890396006880806],[13.919722951233922,45.89169496223496],[13.919959480290451,45.8903046227318],[13.91880893358388,45.888689586859215],[13.92,45.888173722846304],[13.92,45.88],[13.913196463032016,45.88],[13.9134071467569,45.8803289556376],[13.911380140491655,45.88049818252754],[13.91131331946017,45.88],[13.908170649201058,45.88],[13.908253905065997,45.880116869790946],[13.907594230432883,45.88],[13.900927755777245,45.88],[13.889965157046685,45.88211943421339],[13.89579606710803,45.88],[13.895044289033178,45.88],[13.888951564820879,45.88181371635734],[13.888846243201282,45.88020645374518],[13.889545977473666,45.88],[13.888225813179643,45.88],[13.888797875797167,45.882634727392336],[13.881484925001102,45.88397104801497],[13.88,45.883405963261524],[13.88,45.883904322896434],[13.880087638578566,45.88394525316796],[13.88,45.8839556185698],[13.88,45.88651692093008],[13.882273272041806,45.885864022165414],[13.887234576713498,45.88636216253048],[13.885166646497042,45.8868362862691],[13.88631769561054,45.88730599093982],[13.886470175832292,45.88891214907833],[13.88,45.88871720115666],[13.88,45.8895500514744],[13.893211049581064,45.88997147699936],[13.893326477577169,45.88915683840017],[13.887210385454146,45.88881108901154],[13.890706284653533,45.88826909996446],[13.889487801419335,45.887649749856266],[13.89016354383338,45.88705243381078],[13.895992167328476,45.889814505090044],[13.89153053595449,45.89233637204933],[13.889658087103768,45.89147545140659],[13.889812910226986,45.893716918954595],[13.888658238961376,45.892580597681665],[13.887604429281602,45.893311887623476],[13.88754561724371,45.89479948576524],[13.88629814692065,45.89485753355172],[13.886658338024219,45.89547465687826],[13.883722661860753,45.89804487342817],[13.881159596157895,45.89838733409095],[13.88,45.89586327749875],[13.88,45.89721401209384],[13.880505469869465,45.898229766625654],[13.88,45.89839825339375],[13.88,45.9068840838258],[13.880028556203563,45.90694560846983]],[[13.919797357560231,45.88304768867454],[13.917215418798891,45.88293032411591],[13.917333640850687,45.882093030792035],[13.919156075158444,45.88174684124091],[13.919797357560231,45.88304768867454]],[[13.917719839468447,45.88079437514048],[13.91697075004765,45.88144553607242],[13.917303903099917,45.88044074763022],[13.917719839468447,45.88079437514048]],[[13.916557516609823,45.88215600746531],[13.915714688778747,45.8821864693276],[13.916535373931607,45.88129004858883],[13.916557516609823,45.88215600746531]],[[13.914927689569936,45.880406024755835],[13.916242550991416,45.8803773325584],[13.915072606090767,45.88105163617366],[13.914927689569936,45.880406024755835]],[[13.886754774655621,45.89895449200575],[13.888872340348806,45.897944040970906],[13.891155838661355,45.895793187474524],[13.8893128853284,45.89458711665161],[13.89184519920449,45.89315450726401],[13.893255992580524,45.89454224949254],[13.891787802896692,45.89775272696866],[13.892941021762176,45.89946149317013],[13.892126108339102,45.89782920901086],[13.892728102753244,45.89660691547482],[13.893773672676671,45.896609156675694],[13.893664264599318,45.89526742271222],[13.895825807953784,45.897024765414564],[13.899738905276061,45.894610185809775],[13.898840866100999,45.89257564675211],[13.900550489835103,45.8925476771189],[13.900642195447926,45.8936875044318],[13.902178508691602,45.89189758171974],[13.903500833365673,45.891880669244635],[13.903137019786636,45.89456092807395],[13.90081952419433,45.89515201735702],[13.904198566517088,45.89543836433804],[13.904950179371728,45.89740758634471],[13.906772407878366,45.89789956174611],[13.906222198551623,45.90264329173568],[13.909560573600217,45.90185334374123],[13.911227905448753,45.9040138984225],[13.903783410073151,45.90636059586814],[13.902041362779324,45.90594901988622],[13.903010178783374,45.90462054302994],[13.901345415354664,45.906023387177534],[13.89820688810835,45.90564140717018],[13.901485921617981,45.90707454845178],[13.897717924298613,45.90890423106164],[13.894306924639523,45.908631498063514],[13.894384978652006,45.90748449709579],[13.89348567896666,45.90545329802666],[13.894561684297972,45.904651339501335],[13.89294587350176,45.89983442797665],[13.89287729209878,45.901242248622985],[13.891741989158701,45.901430220898],[13.89248364996258,45.902727637330244],[13.891592833165374,45.903055004109454],[13.892677680370136,45.90418313292689],[13.891015175171205,45.90463891724352],[13.891189143204482,45.906845853600664],[13.890024808376241,45.90806526530006],[13.890047497916795,45.90704858228741],[13.88783445263226,45.906146911979256],[13.889440733263083,45.90478760264642],[13.88747387592096,45.9056250509475],[13.883277842574056,45.90287665382868],[13.891166606302312,45.899562562236824],[13.884810487948661,45.90176037781486],[13.884269961171729,45.90104002425513],[13.885607479375286,45.899483355870665],[13.883910146227418,45.90060653191284],[13.88307213275995,45.89974810258694],[13.884160081398278,45.89835060884558],[13.886754774655621,45.89895449200575]],[[13.908654684698982,45.90036270353624],[13.90809199208134,45.90073544958204],[13.908023445591239,45.89999618247319],[13.908654684698982,45.90036270353624]],[[13.901702059571827,45.88115802401921],[13.900544494890719,45.881641432157444],[13.900755358842298,45.88091655424289],[13.901702059571827,45.88115802401921]],[[13.898747827320266,45.890957687519375],[13.898382514430981,45.89254657669692],[13.897051970467164,45.89308851403968],[13.895505600437296,45.89173337732342],[13.895945921974182,45.89114865999702],[13.898747827320266,45.890957687519375]],[[13.89355158457175,45.893143912401705],[13.894739883438007,45.89203785617424],[13.896535081235378,45.89323778557089],[13.893599253095132,45.89384178454787],[13.894593656598838,45.89355075680802],[13.89355158457175,45.893143912401705]],[[13.892307489066095,45.907789346409864],[13.891622466093846,45.90497231381724],[13.893098196936982,45.90471099257268],[13.894074239147663,45.907570420925055],[13.893173507078902,45.91000732104995],[13.891611555375857,45.91051649848263],[13.891190581656765,45.90759457033703],[13.892307489066095,45.907789346409864]],[[13.893632153998524,45.9030365805245],[13.89292943177577,45.90298903415875],[13.892631001571328,45.90179504268881],[13.893444821841689,45.901606997594186],[13.893632153998524,45.9030365805245]],[[13.888917042703898,45.89489639973622],[13.890108924786079,45.89625196221539],[13.887858816405332,45.8981359197473],[13.884525803927918,45.89789768170135],[13.888917042703898,45.89489639973622]],[[13.888850272691489,45.88725072896193],[13.888470554202259,45.88779486509582],[13.886808630621314,45.887742806029884],[13.886937378083331,45.88702954231306],[13.888850272691489,45.88725072896193]],[[13.885048078348289,45.904513231553665],[13.88485760782486,45.90484612948681],[13.884298865919334,45.904265667876416],[13.885048078348289,45.904513231553665]],[[13.883925622631741,45.901617920642295],[13.882919037663097,45.901741812990224],[13.883210526580056,45.90072959378903],[13.883925622631741,45.901617920642295]],[[13.882384552364263,45.90092500988642],[13.88152605808743,45.90130056647899],[13.882116835315173,45.90060110568102],[13.882384552364263,45.90092500988642]],[[13.880296987382991,45.885336147734236],[13.880565030059234,45.88500238935814],[13.881599183065424,45.88562541263199],[13.880296987382991,45.885336147734236]]]}},{"type":"Feature","properties":{"_zoneType":"SI_BUILT","name":"Pozidano zemljišče","authority":"MKGP","dataSource":"raba-3000"},"geometry":{"type":"Polygon","coordinates":[[[13.919985035362075,45.91621384046343],[13.92,45.91615910257046],[13.92,45.91363144749154],[13.918935296751254,45.91161964139978],[13.919576486435707,45.9159146376103],[13.917620964619372,45.91744900065345],[13.92,45.917584598733924],[13.92,45.91622896176144],[13.919985035362075,45.91621384046343]]]}},{"type":"Feature","properties":{"_zoneType":"SI_BUILT","name":"Pozidano zemljišče","authority":"MKGP","dataSource":"raba-3000"},"geometry":{"type":"Polygon","coordinates":[[[13.917592632212305,45.91872054259201],[13.917539340965776,45.92],[13.918129839247472,45.92],[13.917592632212305,45.91872054259201]]]}},{"type":"Feature","properties":{"_zoneType":"SI_BUILT","name":"Pozidano zemljišče","authority":"MKGP","dataSource":"raba-3000"},"geometry":{"type":"Polygon","coordinates":[[[13.914014262476957,45.91941806790809],[13.914432717893241,45.92],[13.914550209290704,45.92],[13.914014262476957,45.91941806790809]]]}},{"type":"Feature","properties":{"_zoneType":"SI_BUILT","name":"Pozidano zemljišče","authority":"MKGP","dataSource":"raba-3000"},"geometry":{"type":"Polygon","coordinates":[[[13.911803223132793,45.919766315183516],[13.911896346942555,45.92],[13.912206891219848,45.92],[13.911803223132793,45.919766315183516]]]}},{"type":"Feature","properties":{"_zoneType":"SI_BUILT","name":"Pozidano zemljišče","authority":"MKGP","dataSource":"raba-3000"},"geometry":{"type":"Polygon","coordinates":[[[13.882599847546874,45.894629653850856],[13.88,45.89479330049208],[13.88,45.89521630652461],[13.882599847546874,45.894629653850856]]]}},{"type":"Feature","properties":{"_zoneType":"SI_BUILT","name":"Pozidano zemljišče","authority":"MKGP","dataSource":"raba-3000"},"geometry":{"type":"Polygon","coordinates":[[[13.883031659304795,45.89205877189595],[13.88,45.89238325672555],[13.88,45.89284178283713],[13.883031659304795,45.89205877189595]]]}},{"type":"Feature","properties":{"_zoneType":"SI_BUILT","name":"Pozidano zemljišče","authority":"MKGP","dataSource":"raba-3000"},"geometry":{"type":"Polygon","coordinates":[[[13.88131738840725,45.88],[13.880046107705379,45.88],[13.88,45.88003147598324],[13.88,45.88038050095678],[13.88131738840725,45.88]]]}},{"type":"Feature","properties":{"_zoneType":"SI_BUILT","name":"Pozidano zemljišče","authority":"MKGP","dataSource":"raba-3000"},"geometry":{"type":"Polygon","coordinates":[[[13.888654344853334,45.92040959885592],[13.887268198077818,45.924711397831324],[13.887748301245447,45.92645966683508],[13.886225588933517,45.92940336740475],[13.884198612629401,45.93098001866339],[13.886867473759974,45.929195695051725],[13.888105819099971,45.926443401720086],[13.888884445508848,45.92],[13.888239654972722,45.92],[13.888654344853334,45.92040959885592]]]}},{"type":"Feature","properties":{"_zoneType":"SI_BUILT","name":"Pozidano zemljišče","authority":"MKGP","dataSource":"raba-3000"},"geometry":{"type":"Polygon","coordinates":[[[13.891629852925032,45.92045598771895],[13.890558235166111,45.92136889370556],[13.891447244311388,45.92259636467423],[13.892694439138202,45.923151447571605],[13.895577610587532,45.92154592498628],[13.896749223043269,45.921858728351935],[13.89279289750105,45.926763884243535],[13.885358931856153,45.933207920740664],[13.884108046893498,45.932726789109125],[13.88430715295248,45.93441628675047],[13.88,45.93544959108098],[13.88,45.93582757341231],[13.883212752509495,45.93541713138476],[13.891216590372922,45.92894770298401],[13.897313973447051,45.92190717723635],[13.895392652320924,45.921256559939636],[13.8925544227731,45.922825277400996],[13.891031145330672,45.92169575616545],[13.892066928874009,45.92040363174961],[13.891982230397284,45.92],[13.891543594730427,45.92],[13.891629852925032,45.92045598771895]]]}},{"type":"Feature","properties":{"_zoneType":"SI_BUILT","name":"Pozidano zemljišče","authority":"MKGP","dataSource":"raba-3000"},"geometry":{"type":"Polygon","coordinates":[[[13.880665860679768,45.934423627503996],[13.881737930562773,45.93275545247838],[13.880323332332514,45.9342770724103],[13.88,45.934266469893366],[13.88,45.934564608352055],[13.880665860679768,45.934423627503996]]]}},{"type":"Feature","properties":{"_zoneType":"SI_BUILT","name":"Pozidano zemljišče","authority":"MKGP","dataSource":"raba-3000"},"geometry":{"type":"Polygon","coordinates":[[[13.880211140480819,45.94680623949849],[13.88,45.94757749457396],[13.88,45.950038030217286],[13.881879999567321,45.949542458062155],[13.881599148504108,45.94828794819359],[13.882950661992083,45.94958676574464],[13.886533043966889,45.9495813971676],[13.887091109856998,45.9479149192069],[13.885400921301295,45.948935875897874],[13.884057006494604,45.94766478163433],[13.88654611163279,45.94537276039343],[13.887931245163198,45.94563155397439],[13.88826786989033,45.9477275917559],[13.890141232864496,45.94787998248826],[13.889045953185885,45.948681107988605],[13.889735673662228,45.95085125372638],[13.890868547638355,45.94876466236435],[13.892833554840772,45.94946134325498],[13.888090928529232,45.944724575345866],[13.889989899472756,45.94375763201248],[13.891820141550868,45.94525837969221],[13.891625619868236,45.94354998252824],[13.89068853132972,45.94309853518685],[13.892772260171839,45.94200371105972],[13.895329716850432,45.942401651388735],[13.894265788734383,45.943703489697114],[13.89650663858528,45.944429739186866],[13.895581972379917,45.946321799194884],[13.897722476020103,45.94472505637834],[13.899167091050588,45.94799837578886],[13.902418031474166,45.94873510655659],[13.900586386387348,45.9499468573216],[13.903638415742115,45.94936296805647],[13.90200032434022,45.94787422526916],[13.899551940212758,45.94775434670648],[13.898280486213547,45.94476514427484],[13.89952744689066,45.94282331236551],[13.898202898666106,45.941915436228875],[13.90009875485414,45.94141171018318],[13.90136870254846,45.942968837661816],[13.901914384305748,45.942629580814824],[13.900841753561467,45.94137374557917],[13.902365576210078,45.94100988969279],[13.904495058688802,45.94230670890797],[13.904757484633578,45.94110583664878],[13.90182850052196,45.939560027691215],[13.900353822638104,45.94012458531514],[13.899531365146158,45.938472598122644],[13.901834490218693,45.93848036284032],[13.90209278029162,45.936606505287855],[13.904178506978598,45.93522499345329],[13.906108350762942,45.93518165540257],[13.909578380811164,45.936582722334215],[13.908522502343107,45.93774640659483],[13.910457438695873,45.93786427091797],[13.911249117432074,45.939212125471535],[13.910619795468127,45.94002505890741],[13.911632809845951,45.9395880518509],[13.914290782210035,45.940680220531995],[13.913749612524557,45.939897896476694],[13.914802552915083,45.93944957617553],[13.912636739504695,45.939659828188525],[13.91133710315641,45.93880494406309],[13.912791775509495,45.93569116164176],[13.908816000570045,45.9356449302541],[13.905515524746729,45.93369737555928],[13.90592380787019,45.93246291352197],[13.904954422563058,45.93146891817858],[13.90582169553724,45.92926052876733],[13.909082054562495,45.928460283466386],[13.911126380585127,45.93478539647044],[13.911273314723708,45.93261626515494],[13.912396915802406,45.931697821849674],[13.91063489377091,45.93218458661493],[13.910136806701196,45.93102229797498],[13.911560632206175,45.929696663953806],[13.913175236639589,45.92977632360233],[13.91161723035734,45.92892904474154],[13.91362959055518,45.92622243138161],[13.914465147894354,45.92620890897471],[13.914345565658124,45.927187960501925],[13.915285206580185,45.926727745398935],[13.915501170555086,45.92532475431452],[13.917412471866795,45.92574716067644],[13.917290393857453,45.92674703299158],[13.92,45.92723886500492],[13.92,45.926228982460415],[13.91843527077469,45.925623184421376],[13.9188175769545,45.924095724317546],[13.92,45.92444449822826],[13.92,45.923778908578456],[13.91974390394529,45.92382358394198],[13.91879793425445,45.92311039424099],[13.919226465003137,45.92254283638866],[13.92,45.92222140026065],[13.92,45.92095225217197],[13.918506706211733,45.920897578024274],[13.918129839247472,45.92],[13.917539340965776,45.92],[13.917472160874217,45.92161291152705],[13.916360930416372,45.92196608451716],[13.914550209290704,45.92],[13.914432717893241,45.92],[13.915910458631448,45.922055045115016],[13.91746302812819,45.92257267989816],[13.914745785314274,45.92524966057267],[13.914393917682476,45.92216384087965],[13.913402465456308,45.92285993867655],[13.912762678401196,45.92151475937389],[13.913837733933626,45.92094410034508],[13.912206891219848,45.92],[13.911896346942555,45.92],[13.913430360159229,45.92384945158433],[13.909600275868193,45.92196032149291],[13.909466411453716,45.922778801660805],[13.914032921752902,45.92511044482097],[13.910568936494323,45.92738588910262],[13.909942436758937,45.925921885617484],[13.908580332029995,45.92543373556649],[13.907010682053645,45.9261624001428],[13.90951582356438,45.926735036096325],[13.905551363437525,45.92902830877723],[13.904788080060323,45.93097892340036],[13.903174046333083,45.92994839325528],[13.90345995755597,45.92880950211065],[13.901247640869464,45.92932144779319],[13.90357488251302,45.93157908712821],[13.89866405346212,45.93291440390351],[13.903856562123675,45.932256353806075],[13.904617125686656,45.93327017758671],[13.90351740058033,45.93548831229644],[13.900775528478292,45.93658172326576],[13.900405169771984,45.937981062918496],[13.89917757064015,45.93727570690781],[13.898404627934564,45.939247319575955],[13.896296864064505,45.9388845806766],[13.89538755893239,45.940916079394384],[13.894164758944708,45.940865207900664],[13.894747824987869,45.938827359039486],[13.893907452571876,45.937448330522315],[13.892620729756707,45.93815049674008],[13.89130528705039,45.93741317572969],[13.891858672679307,45.939130290596765],[13.893414302064905,45.939566780668635],[13.893407834162783,45.94078284410924],[13.892026430855722,45.94172934954984],[13.890702910382737,45.94155941521904],[13.890683534886447,45.93837208717444],[13.888904453966383,45.93924908706974],[13.88921026078773,45.9412542865453],[13.885076324382327,45.94050839410407],[13.886401014638924,45.94182707291102],[13.88455103022436,45.9431021183079],[13.882546286129017,45.94329596970425],[13.882260324715665,45.94245543856339],[13.88,45.943081725452],[13.88,45.944519387076674],[13.881250238900446,45.94343992305599],[13.886925230022898,45.94445703800856],[13.880820966049255,45.948333523344736],[13.88037453961325,45.94767616482678],[13.88196669830809,45.94628172858859],[13.88,45.94510059133898],[13.88,45.94678520692147],[13.880211140480819,45.94680623949849]],[[13.918140004437115,45.92285386233994],[13.91775500534219,45.922261696328505],[13.91924965789534,45.922022006123434],[13.918140004437115,45.92285386233994]],[[13.918392719438717,45.92373925183022],[13.918219269028263,45.92448626524715],[13.916555738303263,45.924285491348634],[13.918392719438717,45.92373925183022]],[[13.91143362352609,45.9365652848614],[13.910932208558481,45.93735474063778],[13.910574561528946,45.936258981385116],[13.91143362352609,45.9365652848614]],[[13.89857498579822,45.939651065293894],[13.899813390865354,45.9399297879733],[13.898587515762706,45.94084227224727],[13.89857498579822,45.939651065293894]],[[13.898213014071686,45.94073851594313],[13.897064416061697,45.94299963943143],[13.895935566117107,45.941372930394735],[13.897593238881132,45.940440919732126],[13.898213014071686,45.94073851594313]],[[13.897729343641013,45.93979609515283],[13.897187887966124,45.9403048672353],[13.896608278251689,45.93964410351203],[13.897729343641013,45.93979609515283]],[[13.893608457480267,45.94152910565211],[13.893423123574344,45.9411785982503],[13.894315448316117,45.941322685142076],[13.893608457480267,45.94152910565211]],[[13.893001730789258,45.93850292751459],[13.89391201186502,45.938196977756675],[13.893322922726282,45.93903705993202],[13.893001730789258,45.93850292751459]],[[13.889161322959652,45.943480445489385],[13.888742840276516,45.941946376042914],[13.890340928846125,45.94242175804001],[13.889161322959652,45.943480445489385]],[[13.88793038047804,45.9437061855547],[13.886010292988955,45.94302016592561],[13.888339245110119,45.941872992703885],[13.88793038047804,45.9437061855547]],[[13.883610647614104,45.94896657325823],[13.883890816344394,45.94862960958693],[13.884210829510662,45.94921081199238],[13.883610647614104,45.94896657325823]],[[13.883904374050006,45.94812608473327],[13.883306003735022,45.94841389167128],[13.883362549762717,45.94754559921122],[13.883904374050006,45.94812608473327]]]}},{"type":"Feature","properties":{"_zoneType":"SI_BUILT","name":"Pozidano zemljišče","authority":"MKGP","dataSource":"raba-3000"},"geometry":{"type":"Polygon","coordinates":[[[13.881083815376604,45.95692671925405],[13.88408541818666,45.95777047067559],[13.884646585862827,45.95860797531044],[13.886799346078357,45.95763544311312],[13.895397245490685,45.95735917893195],[13.886778015760838,45.95737142648961],[13.884817277285748,45.95820270242759],[13.884509061454182,45.95722691945318],[13.881068913315449,45.95659727303076],[13.88,45.9548241525877],[13.88,45.95602288446744],[13.881083815376604,45.95692671925405]]]}},{"type":"Feature","properties":{"_zoneType":"SI_BUILT","name":"Pozidano zemljišče","authority":"MKGP","dataSource":"raba-3000"},"geometry":{"type":"Polygon","coordinates":[[[13.881657278142068,45.95503185589372],[13.883010708536382,45.95401139306448],[13.881217715221874,45.954725339228816],[13.880560171270524,45.95418163292114],[13.881093810612217,45.953190856466186],[13.88,45.95248844187937],[13.88,45.954773677870335],[13.881657278142068,45.95503185589372]]]}},{"type":"Feature","properties":{"_zoneType":"SI_BUILT","name":"Pozidano zemljišče","authority":"MKGP","dataSource":"raba-3000"},"geometry":{"type":"Polygon","coordinates":[[[13.881842569866944,45.95128472401283],[13.882076093437188,45.95068641346592],[13.88,45.95016990269312],[13.88,45.95162433036243],[13.881842569866944,45.95128472401283]]]}},{"type":"Feature","properties":{"_zoneType":"SI_BUILT","name":"Pozidano zemljišče","authority":"MKGP","dataSource":"raba-3000"},"geometry":{"type":"Polygon","coordinates":[[[13.96,45.87929053884852],[13.96,45.878367742247306],[13.958915047881426,45.878358223473185],[13.956706638295055,45.87993974771472],[13.953586057746573,45.88],[13.957529184808191,45.88],[13.96,45.87929053884852]]]}},{"type":"Feature","properties":{"_zoneType":"SI_BUILT","name":"Pozidano zemljišče","authority":"MKGP","dataSource":"raba-3000"},"geometry":{"type":"Polygon","coordinates":[[[13.949482023689542,45.87733333912044],[13.952258555021949,45.876887422438166],[13.950369417260314,45.87661228891864],[13.95077365643733,45.87445193109487],[13.953691474057173,45.87293024653961],[13.955967227333508,45.873828587334536],[13.956669370177757,45.87316809392409],[13.955150467437718,45.87188193356412],[13.953616852402229,45.87201439509329],[13.954835531952074,45.87104995701384],[13.954214900650273,45.86949937746503],[13.955414584047366,45.86833474706511],[13.953889112647248,45.868621490094036],[13.953446292264768,45.867123379178906],[13.951082545646045,45.86765729672808],[13.951384248995332,45.86560657898322],[13.95593656131023,45.86454308745342],[13.956811961283464,45.865193659902694],[13.955333601625313,45.86609164769628],[13.955501095886538,45.86747246180844],[13.956870047767733,45.86558278145506],[13.95810396120613,45.86589350323716],[13.957897713580191,45.86714713951855],[13.959144787209231,45.868345731162165],[13.957895573437545,45.86963420216226],[13.958876188304947,45.87210276367607],[13.959537028085439,45.8713233982689],[13.96,45.87214298199742],[13.96,45.87091349223787],[13.958946766825898,45.870948620980435],[13.958897581748225,45.869231817656384],[13.96,45.86926559279327],[13.96,45.866915202283174],[13.959320832528112,45.86692666557957],[13.958675934336927,45.86603125068486],[13.96,45.86626030765294],[13.96,45.86565088079654],[13.957713000536698,45.86541356913468],[13.956308120304866,45.86411252738998],[13.958731448538392,45.863794543232196],[13.96,45.86438304538785],[13.96,45.86043738787361],[13.95847623256225,45.86095244292029],[13.958277429782703,45.85986170381027],[13.96,45.86029684633089],[13.96,45.85831333465759],[13.958505581639686,45.8594562512082],[13.957466312215837,45.8550920813174],[13.95722222470808,45.85663912041814],[13.95628287710178,45.85684363514062],[13.955466775763192,45.855073819024035],[13.943282790992704,45.8549617830557],[13.941335546359591,45.85724883030602],[13.9389074780103,45.85588712770067],[13.939903968946536,45.85493048344522],[13.9384024321532,45.85554134916185],[13.936618643113487,45.8548999541001],[13.937326905087685,45.85557515675658],[13.935260957622193,45.857707852856],[13.937693760478817,45.855723217750864],[13.939877955415813,45.85692438549421],[13.93661892801779,45.85975104669689],[13.93183888756034,45.857311236067346],[13.933465032878951,45.855662475621315],[13.933750827554743,45.854873227286554],[13.932983938536433,45.85486606800803],[13.927406349687832,45.85676414925008],[13.931662050822823,45.856464700751715],[13.92703829546047,45.85996828383874],[13.924248637487462,45.86043123254519],[13.923339637400488,45.85794413925402],[13.926315589620891,45.85654845835103],[13.927192336830155,45.854811834350365],[13.925800250202373,45.85659585276303],[13.922048620623212,45.85836067408983],[13.92,45.858336373444445],[13.92,45.859045861277956],[13.920858653010638,45.85931465215072],[13.92,45.859741554513526],[13.92,45.860201226613555],[13.92344515980113,45.85877470920305],[13.924364371129542,45.861116073979936],[13.922026948528554,45.861996460795865],[13.92,45.86181165788858],[13.92,45.862504808926865],[13.923192442060069,45.86199549334996],[13.926349147144219,45.860292317943774],[13.931770773560963,45.862247539139496],[13.929832152805487,45.8641679196382],[13.92683437655856,45.86275402738607],[13.923891348811551,45.86419981934796],[13.926813715028572,45.8631213961443],[13.929272222328748,45.864323762224025],[13.927784673699438,45.8666202725752],[13.929764307043325,45.864763652108756],[13.931323813232083,45.865433596379425],[13.92954144337199,45.86751038530778],[13.930119868729765,45.86811020970861],[13.927477790031139,45.869865830334916],[13.924346235495623,45.86827338882238],[13.925152451763587,45.86708289458238],[13.923786088290177,45.867911275193464],[13.922515097589027,45.867364976617196],[13.9229707216353,45.866049510422705],[13.921883533597374,45.86711699489417],[13.92,45.86720212111574],[13.92,45.87019452631731],[13.920685903037239,45.8704682206154],[13.92,45.87078871062076],[13.92,45.871439380029486],[13.921293881403265,45.87087778279487],[13.923523776202355,45.87207381928098],[13.92,45.873814120750204],[13.92,45.87579624125017],[13.921158800749835,45.87707040733779],[13.920457597694627,45.878198224977226],[13.92,45.87825281895769],[13.92,45.87908891906604],[13.920359301453063,45.87851875026606],[13.920787060790266,45.87885755159593],[13.92,45.87909567940901],[13.92,45.88],[13.920362396593234,45.88],[13.92008670580591,45.87959233117771],[13.921952155149171,45.88],[13.924549224070772,45.88],[13.922090815081521,45.879070287260284],[13.923470054637791,45.87686114892461],[13.924680603602587,45.878227095969095],[13.927632518438369,45.87710135143917],[13.924402647153018,45.876785656620974],[13.927123407465633,45.87472795628073],[13.928868703452393,45.877227587678405],[13.933284811663755,45.87592350292462],[13.934900180548647,45.876768841113204],[13.933270512749026,45.87977792032373],[13.934809763480104,45.8786717622563],[13.937094735272042,45.88],[13.943144855764592,45.88],[13.942856648150197,45.8797102439358],[13.937679040628945,45.87970918827136],[13.938179665406771,45.876050785269506],[13.93950562875435,45.87663730201018],[13.940138564322481,45.87562478738458],[13.944954181178113,45.875463712898615],[13.945558111243695,45.87585756295947],[13.944832534381524,45.877212251782915],[13.942413889691391,45.878459150824305],[13.947012555020994,45.87622622794555],[13.948801794227911,45.876995664053204],[13.949566121254062,45.88],[13.949949566836061,45.88],[13.949482023689542,45.87733333912044]],[[13.95897583750406,45.86182112633424],[13.95835906061388,45.863436713865745],[13.955732229642534,45.86326421151348],[13.955680651353706,45.86085012112164],[13.95897583750406,45.86182112633424]],[[13.95504025349941,45.85814316272163],[13.957982341910276,45.860718477590204],[13.952682909051205,45.85916871374507],[13.95504025349941,45.85814316272163]],[[13.957619000272325,45.85885127101483],[13.955781162800825,45.85823709313967],[13.955618884190573,45.857395551936655],[13.957287013960677,45.85711845982926],[13.957619000272325,45.85885127101483]],[[13.955455628218772,45.85640935535481],[13.954320907506988,45.857053189528116],[13.953701812955279,45.85640001049802],[13.954769265428782,45.85533241414939],[13.955455628218772,45.85640935535481]],[[13.955126655847437,45.86073198393766],[13.95498632316113,45.86324427732544],[13.949229343810943,45.8617313449318],[13.952162625756593,45.85949744418331],[13.955126655847437,45.86073198393766]],[[13.95427905808224,45.864474273563346],[13.951414589934583,45.86532161929287],[13.952592447960503,45.86337178313891],[13.95427905808224,45.864474273563346]],[[13.95343748462101,45.86879449764298],[13.952423913375238,45.86920479989341],[13.952005487942529,45.8680090751492],[13.952910719674168,45.86773773045611],[13.95343748462101,45.86879449764298]],[[13.95301192896275,45.8568380579864],[13.95207506958112,45.85922881935854],[13.950534707174397,45.860210384620856],[13.949284103792454,45.85982718091102],[13.951063004078026,45.856089046661516],[13.95301192896275,45.8568380579864]],[[13.946196958362634,45.86831208184806],[13.94943797727457,45.87000822107124],[13.950615382817178,45.86941003847037],[13.951748850873216,45.8702382109846],[13.950528337101181,45.871208251488405],[13.952145613825632,45.87157848423372],[13.949112649943846,45.871387692269636],[13.949420628228255,45.87218555587617],[13.948512793109515,45.87232018293759],[13.946294992910584,45.86934200583191],[13.943342967468158,45.868693715700715],[13.946196958362634,45.86831208184806]],[[13.951679075757928,45.86871220513447],[13.951522590719396,45.86904905164831],[13.951030480350568,45.8685583549854],[13.951679075757928,45.86871220513447]],[[13.950886085173988,45.873551730804046],[13.950776930669788,45.87398184113381],[13.950231599415611,45.87342554112792],[13.950886085173988,45.873551730804046]],[[13.949601280110334,45.8669236087791],[13.950919025321117,45.86797215829212],[13.950098078111733,45.8689977096253],[13.948328802944586,45.86774273074279],[13.948407106933894,45.86641033098336],[13.950542995592578,45.866335371303656],[13.949601280110334,45.8669236087791]],[[13.950956412801963,45.86297172265568],[13.949538901153323,45.863398806520706],[13.947877346164793,45.86273656655681],[13.94884871723393,45.86190145563326],[13.950956412801963,45.86297172265568]],[[13.948731529093655,45.86011133753079],[13.950079016831287,45.86042265902338],[13.948319845743173,45.86103607114597],[13.948731529093655,45.86011133753079]],[[13.949925630316734,45.8567246387331],[13.947874620861038,45.860558973912795],[13.945246039759247,45.858921889733],[13.94653598526993,45.8571275070625],[13.94460566208609,45.858803384777545],[13.942457949203144,45.85746905005834],[13.944829044839079,45.855116408934514],[13.949925630316734,45.8567246387331]],[[13.947982807877118,45.87574200523525],[13.948762666130847,45.87548690504823],[13.948387511640728,45.87625228949622],[13.947982807877118,45.87574200523525]],[[13.946181693296538,45.86280886795441],[13.948694054997276,45.86382624792582],[13.947358563057273,45.86554853677493],[13.945358084938642,45.8636672969431],[13.946181693296538,45.86280886795441]],[[13.948436527365567,45.86866014934537],[13.94698021976877,45.868420168344535],[13.947858103484602,45.86765615934175],[13.948436527365567,45.86866014934537]],[[13.948183571540653,45.8726092676158],[13.947936172548847,45.873658372037866],[13.946954004921983,45.8733122685313],[13.947152182365565,45.87242682832866],[13.948183571540653,45.8726092676158]],[[13.947787220918949,45.86703711355353],[13.946546179616913,45.867070233187256],[13.947457498610348,45.86645472556861],[13.947787220918949,45.86703711355353]],[[13.944599095100571,45.865062723882296],[13.946728199125305,45.86584070869441],[13.941831477988256,45.86587425616912],[13.939390626526345,45.86371613137004],[13.94447983418734,45.86337739550767],[13.944599095100571,45.865062723882296]],[[13.944119507609875,45.87317752952027],[13.946467015889109,45.87465491043989],[13.946015628711647,45.87540052403277],[13.943918489140025,45.87495172211483],[13.94320834902269,45.873671880034564],[13.944119507609875,45.87317752952027]],[[13.946307158357099,45.8698019547108],[13.945915009025926,45.870213915893665],[13.945617082788283,45.86949588496395],[13.946307158357099,45.8698019547108]],[[13.946272400482043,45.86756694736142],[13.940857620629862,45.868060785581825],[13.938659201552314,45.86664159482067],[13.94232241464532,45.866115660980206],[13.946272400482043,45.86756694736142]],[[13.944538549707529,45.86950269082061],[13.946110374961645,45.871891256025535],[13.944355904948175,45.87191228985591],[13.942951682043095,45.86953307034897],[13.940238671711397,45.86909469337267],[13.940874599860795,45.86845584874777],[13.944538549707529,45.86950269082061]],[[13.94599726323905,45.86057119079882],[13.943277603741809,45.86318836811048],[13.941558881699644,45.863167912989375],[13.942300699171389,45.86193650296178],[13.94150764390968,45.86142250350061],[13.944458099638844,45.85918308044534],[13.94599726323905,45.86057119079882]],[[13.9439485665345,45.85903274712105],[13.94111755669482,45.86058158430251],[13.942417151976043,45.85822304267224],[13.9439485665345,45.85903274712105]],[[13.93940185901671,45.87009813047837],[13.940032838616423,45.869422835111756],[13.942368421234248,45.87018090763335],[13.943403824086833,45.8723278583016],[13.942612041224974,45.873457648976505],[13.943122169911199,45.87515309872199],[13.93853786695174,45.874636890283206],[13.939268542180532,45.87305469767732],[13.937531418931906,45.87292576226663],[13.937956987371326,45.87144457018938],[13.940626852595257,45.87083766822589],[13.93940185901671,45.87009813047837]],[[13.941858481555407,45.86199638890814],[13.941100850389676,45.862823147119954],[13.939483038432991,45.86299087402421],[13.939729851692409,45.86151723820093],[13.941858481555407,45.86199638890814]],[[13.941102407965536,45.8575380275397],[13.938618100595695,45.86052528996523],[13.937309730712629,45.86017575830859],[13.940039015110465,45.85724443335418],[13.941102407965536,45.8575380275397]],[[13.938338089425754,45.86286451169792],[13.937644129084488,45.86300273450429],[13.938218600321242,45.8624562964508],[13.938338089425754,45.86286451169792]],[[13.93816017743431,45.869779721982034],[13.937629251518805,45.870939312261044],[13.933649758776058,45.871862346820244],[13.932907454439777,45.87064978824494],[13.937382667093527,45.86891124914011],[13.93816017743431,45.869779721982034]],[[13.936966763717457,45.873041570867755],[13.937811922886038,45.87387771520923],[13.936101287713074,45.874890741276985],[13.934288695413274,45.87370678198658],[13.93439552085481,45.87242655597913],[13.9370815279934,45.87131789880395],[13.936966763717457,45.873041570867755]],[[13.938067480225172,45.86102246831759],[13.935347880831198,45.863556557191764],[13.93403518115063,45.86284371077652],[13.934820430047989,45.8617460032683],[13.933248545982664,45.862641611284225],[13.927961555941861,45.86002936850229],[13.931344529760263,45.85746547822153],[13.938067480225172,45.86102246831759]],[[13.937013465176438,45.865190419467694],[13.93481912783447,45.86667667742778],[13.933861909483447,45.866377691466504],[13.937742200340018,45.863423236490746],[13.937013465176438,45.865190419467694]],[[13.936805287264546,45.868012909322445],[13.932328697123536,45.87062393893857],[13.92970021819131,45.86969860590687],[13.93498999764706,45.86698697080652],[13.936805287264546,45.868012909322445]],[[13.934207369467329,45.87522484100161],[13.931415431167894,45.87547496324103],[13.930056503853217,45.874970899039006],[13.93073837503686,45.8740098539181],[13.934207369467329,45.87522484100161]],[[13.934380994482163,45.86363555774251],[13.932417028782602,45.86552136857252],[13.93031917065989,45.86418706403458],[13.932201231655712,45.86252779773032],[13.934380994482163,45.86363555774251]],[[13.934013761620339,45.86699666840597],[13.93291082311536,45.86728355844146],[13.933650549622964,45.86656331659505],[13.934013761620339,45.86699666840597]],[[13.929114708717767,45.86978420265536],[13.93291069054538,45.87130513934478],[13.93370221894654,45.8727807043657],[13.929499430200273,45.87437040130916],[13.928186631860594,45.87290937113963],[13.926043166277655,45.87270871772207],[13.929114708717767,45.86978420265536]],[[13.932237107245916,45.86584313469272],[13.93243810708527,45.8663110345299],[13.930208944802871,45.8672452069742],[13.932237107245916,45.86584313469272]],[[13.926789415429228,45.874337080355026],[13.922921786624201,45.876788471678964],[13.921809639933397,45.87532608150078],[13.920022188240077,45.87520562660905],[13.925634670205,45.87308453449847],[13.926789415429228,45.874337080355026]],[[13.923492943986094,45.86900860312819],[13.926863341446223,45.87010607083147],[13.925893924928552,45.87081133751793],[13.92485574361174,45.87014735941637],[13.925387359050792,45.87108165361357],[13.92459134995522,45.87161572651089],[13.92227448609603,45.870538471594536],[13.923492943986094,45.86900860312819]],[[13.92098537576653,45.86767688674104],[13.921912798735683,45.86735945127408],[13.923208213722866,45.86798108520439],[13.922811534193912,45.86857460435324],[13.92098537576653,45.86767688674104]]]}},{"type":"Feature","properties":{"_zoneType":"SI_BUILT","name":"Pozidano zemljišče","authority":"MKGP","dataSource":"raba-3000"},"geometry":{"type":"Polygon","coordinates":[[[13.920086375144686,45.865904336623686],[13.92,45.86598510960477],[13.92,45.86612027564002],[13.920086375144686,45.865904336623686]]]}},{"type":"Feature","properties":{"_zoneType":"SI_BUILT","name":"Pozidano zemljišče","authority":"MKGP","dataSource":"raba-3000"},"geometry":{"type":"Polygon","coordinates":[[[13.92874246497799,45.91989409778],[13.928884272325096,45.92],[13.9322299590662,45.92],[13.932405193472565,45.91995956074036],[13.932467667172881,45.92],[13.933063247888791,45.92],[13.928722501723374,45.919532230358236],[13.92790019541521,45.917789471247666],[13.926014732321844,45.91706313054437],[13.926878214756364,45.91599709627208],[13.928461038367114,45.917399591961335],[13.930832314078872,45.91470015663339],[13.933033217226567,45.91485052897171],[13.935088540160178,45.916356086457256],[13.935059013746258,45.91935081941323],[13.933711908694823,45.92],[13.93646254302754,45.92],[13.936344897254955,45.91782742302354],[13.935218639746234,45.917097914636415],[13.936349083737449,45.91660550392002],[13.935434714309517,45.916244783763815],[13.936192227954404,45.914715936003304],[13.93778372007779,45.91429839453726],[13.937522177724633,45.91360298355989],[13.938860226064119,45.91337885870397],[13.93864387890634,45.9123367708106],[13.942642513589584,45.91323302930802],[13.943956101039856,45.91294070664329],[13.944666133340807,45.90848743286893],[13.946031886410251,45.90699568341772],[13.949880419192803,45.9133056324811],[13.950018374446708,45.91505945677358],[13.951832867213389,45.91648175121531],[13.950352562011512,45.92],[13.95083887673126,45.92],[13.951314684979632,45.91915138400807],[13.95191065224345,45.92],[13.952392308905365,45.92],[13.951923411116013,45.917484587033464],[13.953202181344187,45.9171795410842],[13.951628226544031,45.91519002310219],[13.952199203198242,45.91465216697018],[13.950628249537724,45.91424685107812],[13.947695997724361,45.9088771768878],[13.948060823300008,45.90758645321086],[13.946540818664698,45.906711317728245],[13.948807634041888,45.905928734512],[13.950015078456111,45.90673506037976],[13.95086458474738,45.90514249433132],[13.952112360434953,45.90502779879487],[13.95177690199385,45.90432243547607],[13.948648579110376,45.90570301464114],[13.947181554836392,45.904749867581636],[13.952985502113576,45.902928214643936],[13.953283449915014,45.90181325875387],[13.959688693064232,45.89860592871945],[13.96,45.89877204618031],[13.96,45.89755190494657],[13.959380176644238,45.89706857530804],[13.96,45.89653532250329],[13.96,45.89539064291313],[13.959776093080162,45.894938204285744],[13.96,45.89499696462813],[13.96,45.89466740760436],[13.957112853084084,45.895052618603046],[13.959827615091147,45.89608861912078],[13.958667801663186,45.897323081660154],[13.952552448201569,45.896655342410384],[13.952592371333653,45.8957144139077],[13.955130364992774,45.89519322935212],[13.953376614611193,45.89447200065059],[13.953175518808077,45.89346218817685],[13.955327038188354,45.891053852722784],[13.953363119939274,45.89274108292297],[13.952653962353962,45.89189485094256],[13.952909493976936,45.89474392194314],[13.951813949212552,45.89518198492113],[13.951488183721828,45.89682906947997],[13.95809688885151,45.897531323275544],[13.959078375511949,45.89834032827947],[13.955874820888186,45.89979821812192],[13.952395052592298,45.8989398517044],[13.948542505874546,45.89921173370185],[13.948586185386313,45.9000132562867],[13.952337137310161,45.899209480637865],[13.953692494225686,45.90021950983989],[13.949750694025209,45.903669399779375],[13.946704593437747,45.90435923560563],[13.946119354193032,45.9060641696611],[13.945171583498848,45.9041852232453],[13.943898306417362,45.903884342673365],[13.944402031658027,45.90245538313631],[13.940807173921185,45.90238077964953],[13.942252019150914,45.90067012092569],[13.938809199109288,45.90073508690936],[13.941087059788837,45.90134563882237],[13.93753323792082,45.90259865758347],[13.938017776290442,45.90119483814475],[13.93691601994913,45.901133551292034],[13.936861666393623,45.90265200467911],[13.93503682512017,45.90327603697951],[13.93693399457254,45.90319861022242],[13.935969997936299,45.90439443038181],[13.938080540989708,45.90277059401945],[13.940018922483038,45.90284386441003],[13.944915399339637,45.905007649580156],[13.94548292719926,45.90642051857451],[13.944337632475373,45.90838401948079],[13.943110080908603,45.91286677297535],[13.940277819497828,45.911441328074396],[13.936623991558822,45.91225953877881],[13.936237350787941,45.910621884154416],[13.935175992324433,45.912870321627466],[13.931993640476314,45.91427196077177],[13.930541253061442,45.913659570327034],[13.930686164091087,45.91242369779605],[13.928986183854326,45.91051745308779],[13.929559099962544,45.9099835216015],[13.93165726148146,45.911770308780724],[13.934044894087632,45.91183534939201],[13.935366515236488,45.91105914735619],[13.932455781558486,45.91153320459215],[13.930504398535096,45.910148478810996],[13.93252677787306,45.908297519557266],[13.933837977238362,45.90861390226208],[13.934657579493468,45.90779951148317],[13.935464160836075,45.908917942848745],[13.937008628121662,45.90706594463477],[13.941794316638015,45.90649602060485],[13.93666876545655,45.906819425886994],[13.933494459055533,45.90788480126596],[13.932497761124276,45.90737585548385],[13.930367749939501,45.90980946167214],[13.928488602848345,45.90997455982166],[13.927820498761923,45.909139003244896],[13.92896895888197,45.90790558949351],[13.926478071700554,45.90866950260643],[13.926230357473294,45.90756509746785],[13.924028428358518,45.907013575048786],[13.925905253640725,45.907802123746976],[13.926146797581337,45.910595930798316],[13.927631252977372,45.910511073098625],[13.925159239274267,45.91264942947752],[13.92858446862042,45.911289716511526],[13.930170391731362,45.912256945119005],[13.929733947650691,45.913270975128555],[13.925563561116656,45.91684801786008],[13.922778754432219,45.91670369875912],[13.921723436451085,45.91797044032671],[13.92,45.91622896176144],[13.92,45.917584598733924],[13.920978946846601,45.91764039585],[13.92152574184266,45.918739134340065],[13.920168215574419,45.9189098074098],[13.921704932990506,45.919515630493756],[13.921598216447475,45.92],[13.924449741328813,45.92],[13.923086917820735,45.91989952666609],[13.923877482300567,45.91937661132881],[13.927241192952401,45.91941280064598],[13.926743429621558,45.92],[13.928489302185678,45.92],[13.92874246497799,45.91989409778]],[[13.947644553969315,45.905774675719044],[13.947114038496592,45.90604028814924],[13.947306560452542,45.9054461523859],[13.947644553969315,45.905774675719044]],[[13.942780401525269,45.90331905038685],[13.94286154779355,45.90299106982099],[13.943604638642935,45.9034186575217],[13.942780401525269,45.90331905038685]],[[13.935930223650798,45.91352338415328],[13.93621525881859,45.91319468099924],[13.936558629121873,45.91380462495734],[13.935930223650798,45.91352338415328]],[[13.935554903583993,45.913471994526375],[13.935370434490352,45.913810040420714],[13.934940114795005,45.91329608416791],[13.935554903583993,45.913471994526375]],[[13.930602734064431,45.91424677247509],[13.92921782673177,45.91616702839912],[13.928066071759988,45.91578294474952],[13.929571235733617,45.9139370773788],[13.930602734064431,45.91424677247509]],[[13.927340555902346,45.90975359376683],[13.926477491030386,45.909456933446094],[13.927476650376512,45.9091857344651],[13.927340555902346,45.90975359376683]],[[13.927228776206835,45.91837853191863],[13.924436402988938,45.91912950297296],[13.925714746594021,45.917358071757135],[13.927228776206835,45.91837853191863]]]}},{"type":"Feature","properties":{"_zoneType":"SI_BUILT","name":"Pozidano zemljišče","authority":"MKGP","dataSource":"raba-3000"},"geometry":{"type":"Polygon","coordinates":[[[13.957145139623314,45.90295293631465],[13.957653116630514,45.903819105903175],[13.959001272931777,45.903651332471945],[13.959115342405601,45.90564149605916],[13.96,45.90591779215465],[13.96,45.90393142879771],[13.959700114722395,45.903511699368536],[13.96,45.90335891967829],[13.96,45.902578165267336],[13.957145139623314,45.90295293631465]]]}},{"type":"Feature","properties":{"_zoneType":"SI_BUILT","name":"Pozidano zemljišče","authority":"MKGP","dataSource":"raba-3000"},"geometry":{"type":"Polygon","coordinates":[[[13.958306770085748,45.90740749304451],[13.955386411769501,45.90580615726997],[13.953880679943136,45.90846344451528],[13.954797367425913,45.90857269635966],[13.9557520711876,45.90707421519236],[13.957167006616706,45.907550924371996],[13.957307853816518,45.90972063745851],[13.958321576890107,45.90987699651806],[13.958510068795237,45.91098875484127],[13.956241680578314,45.91171425380155],[13.956846635070345,45.91228597288626],[13.958593649071087,45.91177784836992],[13.959048652752674,45.91001199668526],[13.96,45.91041581056111],[13.96,45.91024759669719],[13.958315389056517,45.909388364158836],[13.958490862015184,45.90781287289212],[13.96,45.906907894430866],[13.96,45.9064314396322],[13.958306770085748,45.90740749304451]]]}},{"type":"Feature","properties":{"_zoneType":"SI_BUILT","name":"Pozidano zemljišče","authority":"MKGP","dataSource":"raba-3000"},"geometry":{"type":"Polygon","coordinates":[[[13.959671293587604,45.89253549983701],[13.96,45.89321314849069],[13.96,45.89170600828703],[13.959671293587604,45.89253549983701]]]}},{"type":"Feature","properties":{"_zoneType":"SI_BUILT","name":"Pozidano zemljišče","authority":"MKGP","dataSource":"raba-3000"},"geometry":{"type":"Polygon","coordinates":[[[13.92045564989462,45.91449241906722],[13.92,45.91363144749154],[13.92,45.91615910257046],[13.92045564989462,45.91449241906722]]]}},{"type":"Feature","properties":{"_zoneType":"SI_BUILT","name":"Pozidano zemljišče","authority":"MKGP","dataSource":"raba-3000"},"geometry":{"type":"Polygon","coordinates":[[[13.921905682142443,45.88734835087373],[13.921098868267762,45.88692768328852],[13.92151636212329,45.885733051102484],[13.923419489806172,45.885500336235395],[13.923258192091948,45.88649658991016],[13.925467718307855,45.8876263578378],[13.92426576460268,45.886819891910214],[13.925652877461683,45.885452269798094],[13.92810900505208,45.884964633974484],[13.931197553631057,45.88639135926352],[13.932992254080391,45.88386983463599],[13.936965403956409,45.884546708753874],[13.942385756961865,45.88216453337733],[13.94375222746403,45.8831838878861],[13.942090326827723,45.883659164898155],[13.942949699465142,45.88414371769263],[13.944999663948062,45.883423298911254],[13.94416789927422,45.882248378155715],[13.947517028106791,45.881241325830175],[13.950330054807724,45.88127046705629],[13.956797073193645,45.88021021594444],[13.957529184808191,45.88],[13.953586057746573,45.88],[13.94996183576982,45.88006997661271],[13.949949566836061,45.88],[13.949566121254062,45.88],[13.949660930358855,45.88037266561546],[13.944905955505597,45.881770561581796],[13.943144855764592,45.88],[13.937094735272042,45.88],[13.938242089327508,45.880666948698114],[13.942509613010381,45.88002779544046],[13.943537148647987,45.88122431906689],[13.936917175503563,45.884238848649844],[13.93249091761726,45.88353922132775],[13.931125845782484,45.885409022001184],[13.927799419314425,45.88466335098123],[13.924421998193486,45.88573943359503],[13.923722579289485,45.88311951899893],[13.927932718529854,45.88396296942367],[13.928406134409691,45.88313845548664],[13.923675224710315,45.882840364249034],[13.921016147710212,45.88549504767776],[13.921791780765274,45.88211365554748],[13.920362396593234,45.88],[13.92,45.88],[13.92,45.888173722846304],[13.921905682142443,45.88734835087373]]]}},{"type":"Feature","properties":{"_zoneType":"SI_BUILT","name":"Pozidano zemljišče","authority":"MKGP","dataSource":"raba-3000"},"geometry":{"type":"Polygon","coordinates":[[[13.928104436969441,45.88134449830714],[13.924549224070772,45.88],[13.921952155149171,45.88],[13.928104436969441,45.88134449830714]]]}},{"type":"Feature","properties":{"_zoneType":"SI_BUILT","name":"Pozidano zemljišče","authority":"MKGP","dataSource":"raba-3000"},"geometry":{"type":"Polygon","coordinates":[[[13.924543521409772,45.92806357869578],[13.925414387451559,45.929622521357665],[13.923766243071103,45.92631341370597],[13.927563143679267,45.922204727055586],[13.92951852099396,45.923060117257265],[13.928521853462254,45.92493836141463],[13.930733676395207,45.92393144366627],[13.928958848939299,45.92218847130551],[13.927895378093607,45.92188937742343],[13.925997387150758,45.922464051522],[13.922939675356371,45.92632582522841],[13.921312526063055,45.92673713793059],[13.92,45.926228982460415],[13.92,45.92723886500492],[13.924543521409772,45.92806357869578]]]}},{"type":"Feature","properties":{"_zoneType":"SI_BUILT","name":"Pozidano zemljišče","authority":"MKGP","dataSource":"raba-3000"},"geometry":{"type":"Polygon","coordinates":[[[13.921318890026589,45.92483352517942],[13.920706777543728,45.924010663897654],[13.922102291301083,45.92341216873072],[13.92,45.923778908578456],[13.92,45.92444449822826],[13.921318890026589,45.92483352517942]]]}},{"type":"Feature","properties":{"_zoneType":"SI_BUILT","name":"Pozidano zemljišče","authority":"MKGP","dataSource":"raba-3000"},"geometry":{"type":"Polygon","coordinates":[[[13.924816912972718,45.92021977155459],[13.926781312972349,45.92071448038543],[13.928489302185678,45.92],[13.926743429621558,45.92],[13.926608515987978,45.92015915434822],[13.924449741328813,45.92],[13.921598216447475,45.92],[13.921377305547235,45.92100267962805],[13.92,45.92095225217197],[13.92,45.92222140026065],[13.924816912972718,45.92021977155459]]]}},{"type":"Feature","properties":{"_zoneType":"SI_BUILT","name":"Pozidano zemljišče","authority":"MKGP","dataSource":"raba-3000"},"geometry":{"type":"Polygon","coordinates":[[[13.93048111290546,45.92119252609895],[13.930619152353833,45.92037172968612],[13.9322299590662,45.92],[13.928884272325096,45.92],[13.93048111290546,45.92119252609895]]]}},{"type":"Feature","properties":{"_zoneType":"SI_BUILT","name":"Pozidano zemljišče","authority":"MKGP","dataSource":"raba-3000"},"geometry":{"type":"Polygon","coordinates":[[[13.933702138913134,45.920799074217996],[13.935204055968944,45.92026527547318],[13.93702661074698,45.923712497553375],[13.936256375232302,45.92489403587838],[13.937845879987385,45.92495291204685],[13.938469420020256,45.925947313184246],[13.939233893428176,45.92497016141871],[13.938660187155495,45.92369314058377],[13.939442101526328,45.92337711395504],[13.94187134484815,45.925554504337484],[13.944545183255999,45.9258576257599],[13.945720155076202,45.92695096514487],[13.938799521645748,45.9281591150755],[13.93889808352104,45.92898853089356],[13.940435665445214,45.928729876738274],[13.93690648220133,45.93228428555476],[13.933698302582432,45.93397013241966],[13.92843226631016,45.93303955259048],[13.929436640731067,45.93079157786706],[13.92782608485053,45.930473244479906],[13.927229172889463,45.93073658483393],[13.92897635089409,45.931324090468806],[13.92781090735993,45.93310168238761],[13.921378531768088,45.93478132117202],[13.92821533994401,45.93342002429358],[13.92861919806484,45.936099556048575],[13.930899949530678,45.9386232176114],[13.929441507735259,45.940889327616866],[13.929753173840258,45.94206196423879],[13.924816562276465,45.9411223073359],[13.924350147456586,45.9425814271268],[13.922528578052233,45.94301091092712],[13.921361034184057,45.944517798528466],[13.92460095373335,45.94275910129514],[13.925158276907323,45.941347767526366],[13.930411837777614,45.942246912430576],[13.929807590493446,45.94091600980576],[13.931263516786125,45.938582904535245],[13.928900473741546,45.93592565140244],[13.929214491823304,45.93350452694207],[13.933835137429442,45.934224094018205],[13.93709718238912,45.93254693899861],[13.942050590267344,45.92780654716441],[13.946300376795817,45.927252599157775],[13.943579896817075,45.9246105445962],[13.94556966138173,45.92458788683787],[13.947211684564063,45.92194391709509],[13.95053058631192,45.920549843725716],[13.95083887673126,45.92],[13.950352562011512,45.92],[13.950188631376758,45.92038961476037],[13.947571384128356,45.92119321044207],[13.94519927683045,45.924068768446496],[13.943151127531348,45.92431380448885],[13.94317999106493,45.925662204621574],[13.937930443455961,45.922134515843844],[13.938986253421552,45.92152614686638],[13.939931670331125,45.922174547378006],[13.94028157466192,45.92084929300776],[13.936533193878601,45.92130471676975],[13.93646254302754,45.92],[13.933711908694823,45.92],[13.933593365681206,45.920057126816545],[13.933063247888791,45.92],[13.932467667172881,45.92],[13.933702138913134,45.920799074217996]]]}},{"type":"Feature","properties":{"_zoneType":"SI_BUILT","name":"Pozidano zemljišče","authority":"MKGP","dataSource":"raba-3000"},"geometry":{"type":"Polygon","coordinates":[[[13.955805448835246,45.92554591984122],[13.95700943091835,45.92880586586526],[13.96,45.93170624385906],[13.96,45.93113079681646],[13.957315941113213,45.92865471909721],[13.956329896908057,45.925773970220106],[13.952430374045747,45.920204201320345],[13.952392308905365,45.92],[13.95191065224345,45.92],[13.955805448835246,45.92554591984122]]]}},{"type":"Feature","properties":{"_zoneType":"SI_BUILT","name":"Pozidano zemljišče","authority":"MKGP","dataSource":"raba-3000"},"geometry":{"type":"Polygon","coordinates":[[[13.959516764905223,45.93430817576456],[13.958454588883503,45.934828215764256],[13.959843534194606,45.93862350601666],[13.957288519526765,45.93914681035862],[13.956046945008298,45.94289552979758],[13.949292079628076,45.9468624229591],[13.949535204468953,45.94924499648914],[13.946541133860459,45.95055642903254],[13.947016033561459,45.95316273957898],[13.944038398707079,45.95311246763309],[13.943390602666957,45.95218432119852],[13.939172587771269,45.95137076279297],[13.941396451603046,45.94777815969359],[13.943272896120767,45.9466337884003],[13.943668135534173,45.945388792472656],[13.942964462235281,45.944434229028246],[13.940956285591163,45.94559062191365],[13.939748287399752,45.94405352002046],[13.938764859072283,45.94618066251777],[13.933650479168314,45.94739217444626],[13.9342802207853,45.94927442071833],[13.927775167175094,45.952305903228655],[13.927207939366669,45.953772789924024],[13.928383543446577,45.9542952939179],[13.928111258295079,45.95265350208462],[13.934848388387671,45.949521637832724],[13.934113318602432,45.94748399873122],[13.939129189642617,45.94661737240311],[13.939698129726677,45.94504566318218],[13.940833257737351,45.945924495270596],[13.943292791192333,45.9452839229386],[13.942832771122042,45.94658264411029],[13.940932288653269,45.94755052284885],[13.938585515591935,45.952289487546835],[13.937410814648016,45.95247399196527],[13.936590682845946,45.953423444965395],[13.935628336512393,45.95303617647277],[13.936391500435992,45.95515058172096],[13.932319145190169,45.95715041715634],[13.932238857494442,45.9588060730502],[13.931239701675405,45.96],[13.931723491894875,45.96],[13.93263320342456,45.958949659947656],[13.932693904637985,45.957358957662905],[13.936636542585314,45.955483799650516],[13.9376100084817,45.9527327575569],[13.939735862775168,45.95370263525459],[13.939633087309423,45.95645897067967],[13.941288332049679,45.958283004156115],[13.939942522144516,45.95615687355898],[13.940212213674464,45.95411419340488],[13.939436272581602,45.951938841098944],[13.943123309925776,45.9523662211454],[13.944127291370812,45.95341168470131],[13.947465615628342,45.95339289775132],[13.947038575533666,45.95078710536344],[13.949965782979538,45.949448457327605],[13.949682484634401,45.94690424290139],[13.956231882188344,45.943127102029756],[13.957403462493234,45.9394373572091],[13.96,45.938712228450086],[13.96,45.9382038818886],[13.959045453016131,45.93618274427628],[13.96,45.93399809773454],[13.96,45.93284904038319],[13.959516764905223,45.93430817576456]]]}},{"type":"Feature","properties":{"_zoneType":"SI_BUILT","name":"Pozidano zemljišče","authority":"MKGP","dataSource":"raba-3000"},"geometry":{"type":"Polygon","coordinates":[[[13.9307892131774,45.960538304785],[13.931209922085456,45.96198333909402],[13.931800019427762,45.96158002777415],[13.931117205870368,45.96070000926001],[13.931723491894875,45.96],[13.931239701675405,45.96],[13.9307892131774,45.960538304785]]]}},{"type":"Feature","properties":{"_zoneType":"SI_BUILT","name":"Pozidano zemljišče","authority":"MKGP","dataSource":"raba-3000"},"geometry":{"type":"Polygon","coordinates":[[[13.960709924479726,45.87908669363965],[13.96515269537484,45.8790745489777],[13.967605943371108,45.88],[13.969373665416022,45.88],[13.969398174776408,45.878674476363265],[13.968157838405949,45.879319200235756],[13.9652685215602,45.878413965362434],[13.96,45.878367742247306],[13.96,45.87929053884852],[13.960709924479726,45.87908669363965]]]}},{"type":"Feature","properties":{"_zoneType":"SI_BUILT","name":"Pozidano zemljišče","authority":"MKGP","dataSource":"raba-3000"},"geometry":{"type":"Polygon","coordinates":[[[13.960016934456393,45.87217296050038],[13.961068907751704,45.87213501465601],[13.96025995387876,45.87175369930813],[13.960728060879738,45.870889209046034],[13.96,45.87091349223787],[13.96,45.87214298199742],[13.960016934456393,45.87217296050038]]]}},{"type":"Feature","properties":{"_zoneType":"SI_BUILT","name":"Pozidano zemljišče","authority":"MKGP","dataSource":"raba-3000"},"geometry":{"type":"Polygon","coordinates":[[[13.961600485511559,45.86931462737442],[13.962653710795244,45.87067681834443],[13.963479455834278,45.870489458844055],[13.962948681569271,45.869567157316645],[13.965122358039912,45.87010500856973],[13.966078415026065,45.86854081753459],[13.969525752581104,45.87177314481867],[13.966377786028639,45.86822443148911],[13.966910036248406,45.86670221616014],[13.965046984159132,45.8663905281937],[13.964690010000139,45.86524895317228],[13.969622175341328,45.86655547310489],[13.96565093637997,45.86483168428343],[13.961568817261087,45.85512944100131],[13.960227128340703,45.85511723905224],[13.96055639695469,45.857887807706696],[13.96,45.85831333465759],[13.96,45.86029684633089],[13.96023795330393,45.86035695627557],[13.96,45.86043738787361],[13.96,45.86438304538785],[13.96109710712497,45.86489201165966],[13.960142194256196,45.86566563565581],[13.96,45.86565088079654],[13.96,45.86626030765294],[13.961338393790456,45.86649184331789],[13.960988848635559,45.86689851204774],[13.96,45.866915202283174],[13.96,45.86926559279327],[13.961600485511559,45.86931462737442]],[[13.963624864408526,45.86290123927556],[13.962795382274182,45.86300381253878],[13.961621578576697,45.86082559380952],[13.963021308288067,45.860504710411305],[13.963624864408526,45.86290123927556]],[[13.963237630232868,45.868082188029476],[13.962474467006444,45.86818451964861],[13.962936935897956,45.867613093250526],[13.963237630232868,45.868082188029476]],[[13.961318276556474,45.85977975256037],[13.960772079745016,45.85902536176936],[13.961626179106096,45.857775153369246],[13.962977856457265,45.85892737274962],[13.961318276556474,45.85977975256037]],[[13.960758401933925,45.855784896133315],[13.961439286296576,45.85576913454536],[13.962139505357706,45.85705484513382],[13.960965875766249,45.857237820285924],[13.960758401933925,45.855784896133315]]]}},{"type":"Feature","properties":{"_zoneType":"SI_BUILT","name":"Pozidano zemljišče","authority":"MKGP","dataSource":"raba-3000"},"geometry":{"type":"Polygon","coordinates":[[[13.962696044971858,45.90021069111123],[13.96226750625446,45.9022804989784],[13.96,45.902578165267336],[13.96,45.90335891967829],[13.961298608366855,45.90269733006766],[13.963246298325007,45.902923781147926],[13.961130146878821,45.90551322003508],[13.96,45.90393142879771],[13.96,45.90591779215465],[13.960577934276806,45.906098292480586],[13.96,45.9064314396322],[13.96,45.906907894430866],[13.960349872289008,45.90669808797915],[13.962422977051784,45.90842290636533],[13.96483580712594,45.909409242894974],[13.965804117860488,45.91140913076993],[13.968759664905953,45.913176844301226],[13.965813974459024,45.91096562712865],[13.965200532515379,45.90874556054146],[13.96276295848622,45.90831712061018],[13.961024721443245,45.90625577929915],[13.96368802500142,45.90288540840533],[13.962958942743258,45.90101660877634],[13.966832086063613,45.899890390966],[13.968977030110102,45.9014384311196],[13.967422078537187,45.89977117385386],[13.969056695872595,45.897134396799004],[13.965981944381227,45.89808556450365],[13.96453540557669,45.89709923334738],[13.960561304762564,45.89798960259941],[13.96,45.89755190494657],[13.96,45.89877204618031],[13.962696044971858,45.90021069111123]],[[13.963841571625363,45.89899831420155],[13.96495505430536,45.897979146633304],[13.966224521899196,45.89901245565218],[13.965742691604413,45.90014880859304],[13.963954779594493,45.9004593042397],[13.961033222666858,45.898659442034],[13.963119613906516,45.8975192999766],[13.963841571625363,45.89899831420155]]]}},{"type":"Feature","properties":{"_zoneType":"SI_BUILT","name":"Pozidano zemljišče","authority":"MKGP","dataSource":"raba-3000"},"geometry":{"type":"Polygon","coordinates":[[[13.961965510705442,45.91125010161331],[13.96,45.91024759669719],[13.96,45.91041581056111],[13.961965510705442,45.91125010161331]]]}},{"type":"Feature","properties":{"_zoneType":"SI_BUILT","name":"Pozidano zemljišče","authority":"MKGP","dataSource":"raba-3000"},"geometry":{"type":"Polygon","coordinates":[[[13.961731061511346,45.89504603785865],[13.966635086225688,45.89394253919017],[13.963660278117155,45.893409681945286],[13.96382793314114,45.89409590846541],[13.962353465973965,45.89458300405354],[13.960340503856324,45.893344920460194],[13.960916853839493,45.89153294036097],[13.963202732296175,45.891811966557235],[13.962659170590104,45.89074719666203],[13.965862709982213,45.88926138589092],[13.962838149037484,45.889853707079126],[13.961738136108394,45.89099670232369],[13.960679293977392,45.88999180803736],[13.96,45.89170600828703],[13.96,45.89321314849069],[13.960662537233151,45.89457901008367],[13.96,45.89466740760436],[13.96,45.89499696462813],[13.960970575088009,45.89525167459655],[13.960227380868071,45.89585010119123],[13.96,45.89539064291313],[13.96,45.89653532250329],[13.961731061511346,45.89504603785865]]]}},{"type":"Feature","properties":{"_zoneType":"SI_BUILT","name":"Pozidano zemljišče","authority":"MKGP","dataSource":"raba-3000"},"geometry":{"type":"Polygon","coordinates":[[[13.969361420616124,45.880662227468854],[13.969373665416022,45.88],[13.967605943371108,45.88],[13.969361420616124,45.880662227468854]]]}},{"type":"Feature","properties":{"_zoneType":"SI_BUILT","name":"Pozidano zemljišče","authority":"MKGP","dataSource":"raba-3000"},"geometry":{"type":"Polygon","coordinates":[[[13.960286461404218,45.93198406601604],[13.96,45.93284904038319],[13.96,45.93399809773454],[13.96057971510609,45.93267131903939],[13.96605568557791,45.93406077390143],[13.96728739476924,45.93528379087865],[13.967122241060297,45.93686832115525],[13.968313633779509,45.93724109750812],[13.966546892671511,45.93383931737777],[13.961538609565984,45.93255018328511],[13.96,45.93113079681646],[13.96,45.93170624385906],[13.960286461404218,45.93198406601604]]]}},{"type":"Feature","properties":{"_zoneType":"SI_BUILT","name":"Pozidano zemljišče","authority":"MKGP","dataSource":"raba-3000"},"geometry":{"type":"Polygon","coordinates":[[[13.96021210744739,45.93865299371548],[13.96,45.9382038818886],[13.96,45.938712228450086],[13.96021210744739,45.93865299371548]]]}},{"type":"Feature","properties":{"_zoneType":"SI_BUILT","name":"Pozidano zemljišče","authority":"MKGP","dataSource":"raba-3000"},"geometry":{"type":"Polygon","coordinates":[[[13.966963142107433,45.904215434417885],[13.968761502182176,45.90337963606854],[13.96893875544406,45.90234767928166],[13.968582506569044,45.90301558850332],[13.966963142107433,45.904215434417885]]]}},{"type":"Feature","properties":{"_zoneType":"SI_BUILT","name":"Pozidano zemljišče","authority":"MKGP","dataSource":"raba-3000"},"geometry":{"type":"Polygon","coordinates":[[[13.969444749577344,45.87615530123488],[13.969456022766657,45.8755454973982],[13.968974562285593,45.87585300435968],[13.969444749577344,45.87615530123488]]]}},{"type":"Feature","properties":{"_zoneType":"SI_BUILT","name":"Pozidano zemljišče","authority":"MKGP","dataSource":"raba-3000"},"geometry":{"type":"Polygon","coordinates":[[[13.818705845873493,45.86079739945324],[13.81974892410719,45.86244364008807],[13.820127253123674,45.860902675607655],[13.826179418172233,45.8616385570653],[13.821391964267868,45.86017346574746],[13.814658103636193,45.86077973401361],[13.811274504094026,45.85935129019062],[13.810008713208664,45.86009354696994],[13.812166002296738,45.86091603210265],[13.818705845873493,45.86079739945324]]]}},{"type":"Feature","properties":{"_zoneType":"SI_BUILT","name":"Pozidano zemljišče","authority":"MKGP","dataSource":"raba-3000"},"geometry":{"type":"Polygon","coordinates":[[[13.826056143085564,45.85957454685524],[13.824643674245717,45.858926645743175],[13.82504205581176,45.85822319126174],[13.823080340333764,45.85893363641205],[13.820853458496597,45.85823373503817],[13.821821547174235,45.85977896692008],[13.824088431614438,45.859034304642115],[13.826056143085564,45.85957454685524]]]}},{"type":"Feature","properties":{"_zoneType":"SI_BUILT","name":"Pozidano zemljišče","authority":"MKGP","dataSource":"raba-3000"},"geometry":{"type":"Polygon","coordinates":[[[13.819797313565564,45.85941154924801],[13.81924688868217,45.85950076319552],[13.819777536029877,45.85953913969829],[13.819797313565564,45.85941154924801]]]}},{"type":"Feature","properties":{"_zoneType":"SI_BUILT","name":"Pozidano zemljišče","authority":"MKGP","dataSource":"raba-3000"},"geometry":{"type":"Polygon","coordinates":[[[13.958485094303152,45.88774950407086],[13.96,45.888419904606316],[13.96,45.888229423563295],[13.958485094303152,45.88774950407086]]]}},{"type":"Feature","properties":{"_zoneType":"SI_BUILT","name":"Pozidano zemljišče","authority":"MKGP","dataSource":"raba-3000"},"geometry":{"type":"Polygon","coordinates":[[[13.96,45.888229423563295],[13.96,45.888419904606316],[13.960368748040215,45.888583088944536],[13.961028666858455,45.88954585672209],[13.960784214026857,45.88847786120434],[13.96,45.888229423563295]]]}},{"type":"Feature","properties":{"_zoneType":"SI_BUILT","name":"Pozidano zemljišče","authority":"MKGP","dataSource":"raba-3000"},"geometry":{"type":"Polygon","coordinates":[[[13.89725745083903,45.94615421407994],[13.896975315708856,45.94607286181706],[13.897141470600143,45.946326459030395],[13.89725745083903,45.94615421407994]]]}},{"type":"Feature","properties":{"_zoneType":"SI_BUILT","name":"Pozidano zemljišče","authority":"MKGP","dataSource":"raba-3000"},"geometry":{"type":"Polygon","coordinates":[[[13.883110162223085,45.950503107919246],[13.882777194530277,45.95035649037284],[13.883030626067114,45.95073065811609],[13.883110162223085,45.950503107919246]]]}},{"type":"Feature","properties":{"_zoneType":"SI_BUILT","name":"Pozidano zemljišče","authority":"MKGP","dataSource":"raba-3000"},"geometry":{"type":"Polygon","coordinates":[[[13.82696381164518,45.934104588694105],[13.825863327373014,45.93431286400518],[13.82610782839163,45.93448486694037],[13.82696381164518,45.934104588694105]]]}},{"type":"Feature","properties":{"_zoneType":"SI_BUILT","name":"Pozidano zemljišče","authority":"MKGP","dataSource":"raba-3000"},"geometry":{"type":"Polygon","coordinates":[[[13.810504548480697,45.916883579715645],[13.807793311665849,45.916912455591024],[13.805346227991429,45.91879848120541],[13.807861369974836,45.92],[13.80885379102333,45.92],[13.806830510050206,45.9187540896337],[13.808114194943288,45.91711395340004],[13.810549010204827,45.91723098741851],[13.811545897809046,45.915876302633905],[13.815396381478193,45.91559545421591],[13.812435971969814,45.914945780447205],[13.810504548480697,45.916883579715645]]]}},{"type":"Feature","properties":{"_zoneType":"SI_BUILT","name":"Pozidano zemljišče","authority":"MKGP","dataSource":"raba-3000"},"geometry":{"type":"Polygon","coordinates":[[[13.813255649324452,45.91936831792723],[13.814887857660686,45.92],[13.817381758683968,45.92],[13.81324811233354,45.919136615862506],[13.812748564586313,45.92],[13.812959654031966,45.92],[13.813255649324452,45.91936831792723]]]}},{"type":"Feature","properties":{"_zoneType":"SI_BUILT","name":"Pozidano zemljišče","authority":"MKGP","dataSource":"raba-3000"},"geometry":{"type":"Polygon","coordinates":[[[13.81107061217922,45.92153310025852],[13.812398238221318,45.92119811467263],[13.812959654031966,45.92],[13.812748564586313,45.92],[13.812132959574798,45.92106396957019],[13.81097388792178,45.92130552836627],[13.80885379102333,45.92],[13.807861369974836,45.92],[13.81107061217922,45.92153310025852]]]}},{"type":"Feature","properties":{"_zoneType":"SI_BUILT","name":"Pozidano zemljišče","authority":"MKGP","dataSource":"raba-3000"},"geometry":{"type":"Polygon","coordinates":[[[13.818680667303886,45.9214678578732],[13.822125805279185,45.92082409194481],[13.826387255369681,45.92138341774659],[13.833633177116374,45.92018170227087],[13.826345496216858,45.921141520790954],[13.821972588758143,45.92051360428394],[13.818721918035976,45.92124756064846],[13.817741826110922,45.920075206362256],[13.817381758683968,45.92],[13.814887857660686,45.92],[13.818680667303886,45.9214678578732]]]}},{"type":"Feature","properties":{"_zoneType":"SI_BUILT","name":"Pozidano zemljišče","authority":"MKGP","dataSource":"raba-3000"},"geometry":{"type":"Polygon","coordinates":[[[13.831754933069119,45.903002090592224],[13.833194495576693,45.902464163634576],[13.829157892041865,45.902839609738656],[13.831754933069119,45.903002090592224]]]}},{"type":"Feature","properties":{"_zoneType":"SI_BUILT","name":"Pozidano zemljišče","authority":"MKGP","dataSource":"raba-3000"},"geometry":{"type":"Polygon","coordinates":[[[13.848017950943037,45.89768341122997],[13.847961168201927,45.897569901126296],[13.847734077371245,45.897812933058745],[13.848017950943037,45.89768341122997]]]}},{"type":"Feature","properties":{"_zoneType":"SI_BUILT","name":"Pozidano zemljišče","authority":"MKGP","dataSource":"raba-3000"},"geometry":{"type":"Polygon","coordinates":[[[13.962880013557342,45.9120076446433],[13.962553356931448,45.911390178590125],[13.962607443311805,45.91200832628831],[13.962880013557342,45.9120076446433]]]}},{"type":"Feature","properties":{"_zoneType":"SI_BUILT","name":"Pozidano zemljišče","authority":"MKGP","dataSource":"raba-3000"},"geometry":{"type":"Polygon","coordinates":[[[13.962121881541655,45.892682019069746],[13.9624277816108,45.89265118101999],[13.962082484541924,45.8925046778921],[13.962121881541655,45.892682019069746]]]}},{"type":"Feature","properties":{"_zoneType":"SI_BUILT","name":"Pozidano zemljišče","authority":"MKGP","dataSource":"raba-3000"},"geometry":{"type":"Polygon","coordinates":[[[13.890211656963295,45.999008232792086],[13.889848328705906,46.0],[13.891725019226417,46.0],[13.891561881425323,45.999304011778825],[13.890211656963295,45.999008232792086]]]}},{"type":"Feature","properties":{"_zoneType":"SI_BUILT","name":"Pozidano zemljišče","authority":"MKGP","dataSource":"raba-3000"},"geometry":{"type":"Polygon","coordinates":[[[13.95719306799659,45.99664061505308],[13.96,45.99603596057497],[13.96,45.995804138694574],[13.958268647265943,45.99560196988783],[13.959695367215163,45.99386017281718],[13.956738899245256,45.99435590225494],[13.96,45.991176620656965],[13.96,45.99019960935883],[13.959027767967935,45.99045535405623],[13.95817672075991,45.98983255490726],[13.96,45.989141823580695],[13.96,45.987727178659156],[13.959109386118422,45.98700864464485],[13.959039178749803,45.98893851106763],[13.955512653346679,45.98989304008464],[13.951744465544435,45.99267554259594],[13.950045182466049,45.99212617764092],[13.94551741202692,45.993870310312595],[13.942651925683853,45.993585979405076],[13.944201553218326,45.994210399328026],[13.951850246847313,45.992907686749],[13.956750515561366,45.989944786132796],[13.95882272649531,45.99102625598256],[13.958624729593124,45.992219699465636],[13.954567819541692,45.99445108244143],[13.953051782951734,45.99676399200843],[13.951036278876748,45.99651954578361],[13.950430231399254,45.99778785352598],[13.953503729725574,45.99748552106689],[13.954561846534236,45.9952448786464],[13.958113934013058,45.99497085956444],[13.954633067727128,45.99847318014316],[13.952739014099864,45.998642725807514],[13.953765580572979,45.999847921603525],[13.953233369659108,46.0],[13.954057584792618,46.0],[13.954133479372015,45.999003380921195],[13.95719306799659,45.99664061505308]]]}},{"type":"Feature","properties":{"_zoneType":"SI_BUILT","name":"Pozidano zemljišče","authority":"MKGP","dataSource":"raba-3000"},"geometry":{"type":"Polygon","coordinates":[[[13.959760929572997,45.98708141906521],[13.96,45.98710980032585],[13.96,45.9864784474157],[13.959760929572997,45.98708141906521]]]}},{"type":"Feature","properties":{"_zoneType":"SI_BUILT","name":"Pozidano zemljišče","authority":"MKGP","dataSource":"raba-3000"},"geometry":{"type":"Polygon","coordinates":[[[13.967157843805667,45.99945571127626],[13.963117398928434,45.99941841500804],[13.961704364329695,46.0],[13.96265938610832,46.0],[13.963327750957136,45.99973451858334],[13.967157843805667,45.99945571127626]]]}},{"type":"Feature","properties":{"_zoneType":"SI_BUILT","name":"Pozidano zemljišče","authority":"MKGP","dataSource":"raba-3000"},"geometry":{"type":"Polygon","coordinates":[[[13.96069787190524,45.995885628692285],[13.96,45.995804138694574],[13.96,45.99603596057497],[13.96069787190524,45.995885628692285]]]}},{"type":"Feature","properties":{"_zoneType":"SI_BUILT","name":"Pozidano zemljišče","authority":"MKGP","dataSource":"raba-3000"},"geometry":{"type":"Polygon","coordinates":[[[13.961372473786685,45.98983858145429],[13.96,45.99019960935883],[13.96,45.991176620656965],[13.961372473786685,45.98983858145429]]]}},{"type":"Feature","properties":{"_zoneType":"SI_BUILT","name":"Pozidano zemljišče","authority":"MKGP","dataSource":"raba-3000"},"geometry":{"type":"Polygon","coordinates":[[[13.964441721193085,45.98745912138978],[13.967426176829997,45.98502999766995],[13.964436359535625,45.986444653083325],[13.960218878681207,45.98592640239238],[13.96,45.9864784474157],[13.96,45.98710980032585],[13.961481431138703,45.987285668515774],[13.960360289647506,45.986662954085304],[13.961345999034108,45.98624568342235],[13.964637419195826,45.986886291204726],[13.960738563532527,45.98832304071657],[13.96,45.987727178659156],[13.96,45.989141823580695],[13.964441721193085,45.98745912138978]]]}},{"type":"Feature","properties":{"_zoneType":"SI_BUILT","name":"Pozidano zemljišče","authority":"MKGP","dataSource":"raba-3000"},"geometry":{"type":"Polygon","coordinates":[[[13.958791109000764,45.986450345788725],[13.959032875794465,45.98660017068083],[13.958979946687954,45.98628640597265],[13.958791109000764,45.986450345788725]]]}},{"type":"Feature","properties":{"_zoneType":"SI_BUILT","name":"Pozidano zemljišče","authority":"MKGP","dataSource":"raba-3000"},"geometry":{"type":"Polygon","coordinates":[[[13.956584708489373,45.98851850516153],[13.956730846896038,45.98864626490516],[13.9575803487752,45.98841810194953],[13.956584708489373,45.98851850516153]]]}},{"type":"Feature","properties":{"_zoneType":"SI_BUILT","name":"Pozidano zemljišče","authority":"MKGP","dataSource":"raba-3000"},"geometry":{"type":"Polygon","coordinates":[[[13.952728331315791,45.99467337264688],[13.95294919652449,45.994780846424085],[13.953531915625295,45.994295162684914],[13.952728331315791,45.99467337264688]]]}},{"type":"Feature","properties":{"_zoneType":"SI_BUILT","name":"Pozidano zemljišče","authority":"MKGP","dataSource":"raba-3000"},"geometry":{"type":"Polygon","coordinates":[[[13.967944260983733,45.95714626728277],[13.96774441421483,45.95733864054902],[13.967447262330953,45.958300771457274],[13.967944260983733,45.95714626728277]]]}},{"type":"Feature","properties":{"_zoneType":"SI_BUILT","name":"Pozidano zemljišče","authority":"MKGP","dataSource":"raba-3000"},"geometry":{"type":"Polygon","coordinates":[[[13.969558561468283,45.86999793745787],[13.969562745274164,45.86977155011458],[13.96943229845639,45.8699000889407],[13.969558561468283,45.86999793745787]]]}},{"type":"Feature","properties":{"_zoneType":"SI_BUILT","name":"Pozidano zemljišče","authority":"MKGP","dataSource":"raba-3000"},"geometry":{"type":"Polygon","coordinates":[[[13.968994105913666,45.873259801300165],[13.968259807391386,45.8728397204241],[13.968790840288365,45.873348966419755],[13.968994105913666,45.873259801300165]]]}},{"type":"Feature","properties":{"_zoneType":"SI_BUILT","name":"Pozidano zemljišče","authority":"MKGP","dataSource":"raba-3000"},"geometry":{"type":"Polygon","coordinates":[[[13.965727539723193,45.97120594182047],[13.965627108849645,45.970995988024775],[13.96547870443191,45.971278742326994],[13.965727539723193,45.97120594182047]]]}},{"type":"Feature","properties":{"_zoneType":"SI_BUILT","name":"Pozidano zemljišče","authority":"MKGP","dataSource":"raba-3000"},"geometry":{"type":"Polygon","coordinates":[[[13.96721132687774,45.87220869981701],[13.966761447697897,45.87147366526592],[13.966328905091974,45.87241005827905],[13.96721132687774,45.87220869981701]]]}},{"type":"Feature","properties":{"_zoneType":"SI_BUILT","name":"Pozidano zemljišče","authority":"MKGP","dataSource":"raba-3000"},"geometry":{"type":"Polygon","coordinates":[[[13.966358842918547,45.89029186088849],[13.966616787516166,45.89037034348922],[13.966391232164582,45.89010771699421],[13.966358842918547,45.89029186088849]]]}},{"type":"Feature","properties":{"_zoneType":"SI_BUILT","name":"Pozidano zemljišče","authority":"MKGP","dataSource":"raba-3000"},"geometry":{"type":"Polygon","coordinates":[[[13.965544816905426,45.88031586986014],[13.965800376420697,45.880390055409066],[13.965632470727575,45.880143327081335],[13.965544816905426,45.88031586986014]]]}},{"type":"Feature","properties":{"_zoneType":"SI_BUILT","name":"Pozidano zemljišče","authority":"MKGP","dataSource":"raba-3000"},"geometry":{"type":"Polygon","coordinates":[[[13.963126897623315,45.87371903449915],[13.963168241331198,45.873868277140666],[13.96343516483254,45.87366767158767],[13.963126897623315,45.87371903449915]]]}},{"type":"Feature","properties":{"_zoneType":"SI_BUILT","name":"Pozidano zemljišče","authority":"MKGP","dataSource":"raba-3000"},"geometry":{"type":"Polygon","coordinates":[[[13.960241788906986,45.873903490479165],[13.960254621032853,45.87412188528948],[13.960692499504908,45.873907996825146],[13.960241788906986,45.873903490479165]]]}},{"type":"Feature","properties":{"_zoneType":"SI_BUILT","name":"Pozidano zemljišče","authority":"MKGP","dataSource":"raba-3000"},"geometry":{"type":"Polygon","coordinates":[[[13.954135998240377,45.85891359652181],[13.953869168637022,45.85892852925012],[13.95417111957475,45.85908835969668],[13.954135998240377,45.85891359652181]]]}},{"type":"Feature","properties":{"_zoneType":"SI_BUILT","name":"Pozidano zemljišče","authority":"MKGP","dataSource":"raba-3000"},"geometry":{"type":"Polygon","coordinates":[[[13.956643603953918,45.904904619233974],[13.956424572819731,45.9049667873776],[13.956679351762658,45.9051862251078],[13.956643603953918,45.904904619233974]]]}},{"type":"Feature","properties":{"_zoneType":"SI_BUILT","name":"Pozidano zemljišče","authority":"MKGP","dataSource":"raba-3000"},"geometry":{"type":"Polygon","coordinates":[[[13.955692811733147,45.87868346622285],[13.955409577705515,45.87757521774342],[13.956434208408139,45.87630969025454],[13.95483641728318,45.87621764199122],[13.95511541632612,45.87780289191592],[13.955692811733147,45.87868346622285]]]}},{"type":"Feature","properties":{"_zoneType":"SI_BUILT","name":"Pozidano zemljišče","authority":"MKGP","dataSource":"raba-3000"},"geometry":{"type":"Polygon","coordinates":[[[13.956206789167833,45.875114262411365],[13.955999234842436,45.87498487771504],[13.956068941335724,45.87524316677477],[13.956206789167833,45.875114262411365]]]}},{"type":"Feature","properties":{"_zoneType":"SI_BUILT","name":"Pozidano zemljišče","authority":"MKGP","dataSource":"raba-3000"},"geometry":{"type":"Polygon","coordinates":[[[13.954472912684782,45.87545520536466],[13.954255376599743,45.87500097954126],[13.954279213075745,45.87552535025187],[13.954472912684782,45.87545520536466]]]}},{"type":"Feature","properties":{"_zoneType":"SI_BUILT","name":"Pozidano zemljišče","authority":"MKGP","dataSource":"raba-3000"},"geometry":{"type":"Polygon","coordinates":[[[13.938318689209709,45.91759726435917],[13.937555805488213,45.91741802814974],[13.93703784356773,45.91775325933819],[13.938318689209709,45.91759726435917]]]}},{"type":"Feature","properties":{"_zoneType":"SI_BUILT","name":"Pozidano zemljišče","authority":"MKGP","dataSource":"raba-3000"},"geometry":{"type":"Polygon","coordinates":[[[13.939240551530684,45.917805608972],[13.939097885793771,45.917641208949426],[13.939001140313616,45.91791312781464],[13.939240551530684,45.917805608972]]]}},{"type":"Feature","properties":{"_zoneType":"SI_BUILT","name":"Pozidano zemljišče","authority":"MKGP","dataSource":"raba-3000"},"geometry":{"type":"Polygon","coordinates":[[[13.949678458781136,45.983790057637435],[13.949717328290879,45.98393176791704],[13.95008249622886,45.983746918659804],[13.949678458781136,45.983790057637435]]]}},{"type":"Feature","properties":{"_zoneType":"SI_BUILT","name":"Pozidano zemljišče","authority":"MKGP","dataSource":"raba-3000"},"geometry":{"type":"Polygon","coordinates":[[[13.927971671038307,45.999438253955844],[13.928644343613641,45.998851653250796],[13.927968884648356,45.99732323515426],[13.930310551140256,45.997020715948935],[13.930981492432153,45.9960738316961],[13.933993124458627,45.9966442322214],[13.938820666229782,45.995704040017515],[13.941660581775006,45.99102513295247],[13.94537383002595,45.99107792081478],[13.94690766972697,45.99023754680006],[13.947508493221399,45.98831109525911],[13.949424714740731,45.98782230706085],[13.946127449977634,45.98849085670944],[13.944664317579544,45.98678464549016],[13.943964945003485,45.98814695134599],[13.941360838856507,45.98893750269723],[13.944802894451536,45.98814564009422],[13.945737048584842,45.9888763808819],[13.941330318620444,45.99093538138571],[13.93863741833045,45.99548515517201],[13.930842400523705,45.99575123823766],[13.927642773356549,45.99720461285213],[13.927804035284833,45.998994243275256],[13.925951088698984,45.99879822535849],[13.924384978184195,46.0],[13.925301731015384,46.0],[13.92607045723338,45.99904643804472],[13.927971671038307,45.999438253955844]],[[13.947028249989069,45.98900984737354],[13.946376467195638,45.989952325264404],[13.945525160858734,45.98932619937582],[13.947028249989069,45.98900984737354]],[[13.945488557967069,45.99002891017418],[13.945312023829956,45.990836967192344],[13.94441812071587,45.99058823901511],[13.944798709774403,45.98991386473923],[13.945488557967069,45.99002891017418]]]}},{"type":"Feature","properties":{"_zoneType":"SI_BUILT","name":"Pozidano zemljišče","authority":"MKGP","dataSource":"raba-3000"},"geometry":{"type":"Polygon","coordinates":[[[13.950476341288171,45.90925005179846],[13.949961638999921,45.908903108951705],[13.950265750138017,45.90935279032139],[13.950476341288171,45.90925005179846]]]}},{"type":"Feature","properties":{"_zoneType":"SI_BUILT","name":"Pozidano zemljišče","authority":"MKGP","dataSource":"raba-3000"},"geometry":{"type":"Polygon","coordinates":[[[13.94790817547058,45.970291288512044],[13.948100962082668,45.970142275832124],[13.947447999848961,45.96999310801998],[13.94790817547058,45.970291288512044]]]}},{"type":"Feature","properties":{"_zoneType":"SI_BUILT","name":"Pozidano zemljišče","authority":"MKGP","dataSource":"raba-3000"},"geometry":{"type":"Polygon","coordinates":[[[13.946448834506983,45.90211699934888],[13.94611088634505,45.90209904271906],[13.946434268085236,45.90235809573399],[13.946448834506983,45.90211699934888]]]}},{"type":"Feature","properties":{"_zoneType":"SI_BUILT","name":"Pozidano zemljišče","authority":"MKGP","dataSource":"raba-3000"},"geometry":{"type":"Polygon","coordinates":[[[13.939335188284927,45.978954147519424],[13.937848013047992,45.97875916457916],[13.937523797254382,45.980377798065234],[13.939335188284927,45.978954147519424]]]}},{"type":"Feature","properties":{"_zoneType":"SI_BUILT","name":"Pozidano zemljišče","authority":"MKGP","dataSource":"raba-3000"},"geometry":{"type":"Polygon","coordinates":[[[13.940958811068365,45.87391590553532],[13.941288522957938,45.87386292402348],[13.940921869219446,45.8737713890331],[13.940958811068365,45.87391590553532]]]}},{"type":"Feature","properties":{"_zoneType":"SI_BUILT","name":"Pozidano zemljišče","authority":"MKGP","dataSource":"raba-3000"},"geometry":{"type":"Polygon","coordinates":[[[13.940017469283454,45.90789795628062],[13.940072838193423,45.9080875542631],[13.940298237143235,45.90786652754873],[13.940017469283454,45.90789795628062]]]}},{"type":"Feature","properties":{"_zoneType":"SI_BUILT","name":"Pozidano zemljišče","authority":"MKGP","dataSource":"raba-3000"},"geometry":{"type":"Polygon","coordinates":[[[13.940451900718765,45.872659800257566],[13.940703108903971,45.872809864244026],[13.940672709267314,45.87250832035252],[13.940451900718765,45.872659800257566]]]}},{"type":"Feature","properties":{"_zoneType":"SI_BUILT","name":"Pozidano zemljišče","authority":"MKGP","dataSource":"raba-3000"},"geometry":{"type":"Polygon","coordinates":[[[13.93843537914642,45.89984423262126],[13.938847622355203,45.89993065734862],[13.938548055861663,45.899691832138785],[13.93843537914642,45.89984423262126]]]}},{"type":"Feature","properties":{"_zoneType":"SI_BUILT","name":"Pozidano zemljišče","authority":"MKGP","dataSource":"raba-3000"},"geometry":{"type":"Polygon","coordinates":[[[13.938145089733078,45.89235503573579],[13.937823750169615,45.892247506843006],[13.937955672054581,45.89258242922915],[13.938145089733078,45.89235503573579]]]}},{"type":"Feature","properties":{"_zoneType":"SI_BUILT","name":"Pozidano zemljišče","authority":"MKGP","dataSource":"raba-3000"},"geometry":{"type":"Polygon","coordinates":[[[13.937322617755061,45.92977557771344],[13.936718331682622,45.92939038795731],[13.937101403687285,45.92990608430004],[13.937322617755061,45.92977557771344]]]}},{"type":"Feature","properties":{"_zoneType":"SI_BUILT","name":"Pozidano zemljišče","authority":"MKGP","dataSource":"raba-3000"},"geometry":{"type":"Polygon","coordinates":[[[13.93684775218313,45.89973958321062],[13.937122418803956,45.89979722669943],[13.936917778248622,45.899554131475085],[13.93684775218313,45.89973958321062]]]}},{"type":"Feature","properties":{"_zoneType":"SI_BUILT","name":"Pozidano zemljišče","authority":"MKGP","dataSource":"raba-3000"},"geometry":{"type":"Polygon","coordinates":[[[13.930019287502546,45.906912379257],[13.929871807706213,45.9070729822259],[13.9302809462808,45.90702992015491],[13.930019287502546,45.906912379257]]]}},{"type":"Feature","properties":{"_zoneType":"SI_BUILT","name":"Pozidano zemljišče","authority":"MKGP","dataSource":"raba-3000"},"geometry":{"type":"Polygon","coordinates":[[[13.927891520013013,45.97568190564645],[13.928277661386312,45.97565107427488],[13.927838541924336,45.97530581407187],[13.927891520013013,45.97568190564645]]]}},{"type":"Feature","properties":{"_zoneType":"SI_BUILT","name":"Pozidano zemljišče","authority":"MKGP","dataSource":"raba-3000"},"geometry":{"type":"Polygon","coordinates":[[[13.928495421718845,45.88574573791243],[13.92820941857837,45.88574112018173],[13.928032560622144,45.887523713614],[13.928495421718845,45.88574573791243]]]}},{"type":"Feature","properties":{"_zoneType":"SI_BUILT","name":"Pozidano zemljišče","authority":"MKGP","dataSource":"raba-3000"},"geometry":{"type":"Polygon","coordinates":[[[13.925604041923068,45.890089360627684],[13.925567322272865,45.889906730030894],[13.925307381575106,45.890120395009234],[13.925604041923068,45.890089360627684]]]}},{"type":"Feature","properties":{"_zoneType":"SI_BUILT","name":"Pozidano zemljišče","authority":"MKGP","dataSource":"raba-3000"},"geometry":{"type":"Polygon","coordinates":[[[13.924945678950863,45.88136144763244],[13.924670307477262,45.8813610206958],[13.92486174974843,45.88160221390575],[13.924945678950863,45.88136144763244]]]}},{"type":"Feature","properties":{"_zoneType":"SI_BUILT","name":"Pozidano zemljišče","authority":"MKGP","dataSource":"raba-3000"},"geometry":{"type":"Polygon","coordinates":[[[13.923086994050774,45.85651947771619],[13.922543563421081,45.85612216186106],[13.922854970176145,45.856602559004145],[13.923086994050774,45.85651947771619]]]}},{"type":"Feature","properties":{"_zoneType":"SI_BUILT","name":"Pozidano zemljišče","authority":"MKGP","dataSource":"raba-3000"},"geometry":{"type":"Polygon","coordinates":[[[13.922264859055108,45.894136335002415],[13.922012002893705,45.894107868635714],[13.920616320044678,45.895538867880724],[13.922264859055108,45.894136335002415]]]}},{"type":"Feature","properties":{"_zoneType":"SI_BUILT","name":"Pozidano zemljišče","authority":"MKGP","dataSource":"raba-3000"},"geometry":{"type":"Polygon","coordinates":[[[13.92,45.93264843413052],[13.92,45.93235633588944],[13.919262567542004,45.93103082358421],[13.918194125250775,45.93302906677116],[13.92,45.93264843413052]]]}},{"type":"Feature","properties":{"_zoneType":"SI_BUILT","name":"Pozidano zemljišče","authority":"MKGP","dataSource":"raba-3000"},"geometry":{"type":"Polygon","coordinates":[[[13.920145449570171,45.93261777704647],[13.92,45.93235633588944],[13.92,45.93264843413052],[13.920145449570171,45.93261777704647]]]}},{"type":"Feature","properties":{"_zoneType":"SI_BUILT","name":"Pozidano zemljišče","authority":"MKGP","dataSource":"raba-3000"},"geometry":{"type":"Polygon","coordinates":[[[13.919700791773174,45.946174937708804],[13.919507149484176,45.94609297986252],[13.91880970945638,45.94683117324447],[13.919700791773174,45.946174937708804]]]}},{"type":"Feature","properties":{"_zoneType":"SI_BUILT","name":"Pozidano zemljišče","authority":"MKGP","dataSource":"raba-3000"},"geometry":{"type":"Polygon","coordinates":[[[13.919701307098771,45.89571244172141],[13.91812156190407,45.89501023542558],[13.91742675470034,45.89569160177557],[13.918223771524879,45.89529124670162],[13.919701307098771,45.89571244172141]]]}},{"type":"Feature","properties":{"_zoneType":"SI_BUILT","name":"Pozidano zemljišče","authority":"MKGP","dataSource":"raba-3000"},"geometry":{"type":"Polygon","coordinates":[[[13.92,45.85592578486251],[13.92,45.85549580986412],[13.918555443775464,45.854874728816256],[13.919386277523397,45.85635482471243],[13.92,45.85592578486251]]]}},{"type":"Feature","properties":{"_zoneType":"SI_BUILT","name":"Pozidano zemljišče","authority":"MKGP","dataSource":"raba-3000"},"geometry":{"type":"Polygon","coordinates":[[[13.920207901570928,45.8557804454588],[13.920067510485296,45.855524835721496],[13.92,45.85549580986412],[13.92,45.85592578486251],[13.920207901570928,45.8557804454588]]]}},{"type":"Feature","properties":{"_zoneType":"SI_BUILT","name":"Pozidano zemljišče","authority":"MKGP","dataSource":"raba-3000"},"geometry":{"type":"Polygon","coordinates":[[[13.9169286400824,45.93732614292164],[13.916569652202622,45.9374265982919],[13.916940284609112,45.93743394858804],[13.9169286400824,45.93732614292164]]]}},{"type":"Feature","properties":{"_zoneType":"SI_BUILT","name":"Pozidano zemljišče","authority":"MKGP","dataSource":"raba-3000"},"geometry":{"type":"Polygon","coordinates":[[[13.912954303350505,45.93885084542462],[13.913360311473147,45.93888484225013],[13.912980928532303,45.93865522195911],[13.912954303350505,45.93885084542462]]]}},{"type":"Feature","properties":{"_zoneType":"SI_BUILT","name":"Pozidano zemljišče","authority":"MKGP","dataSource":"raba-3000"},"geometry":{"type":"Polygon","coordinates":[[[13.912169929340488,45.95854067225317],[13.911507485990304,45.95847910499399],[13.912045280613235,45.95867866366585],[13.912169929340488,45.95854067225317]]]}},{"type":"Feature","properties":{"_zoneType":"SI_BUILT","name":"Pozidano zemljišče","authority":"MKGP","dataSource":"raba-3000"},"geometry":{"type":"Polygon","coordinates":[[[13.90839539750949,45.869087580289964],[13.908413679526335,45.86897049701282],[13.908095020860525,45.86908340147163],[13.90839539750949,45.869087580289964]]]}},{"type":"Feature","properties":{"_zoneType":"SI_BUILT","name":"Pozidano zemljišče","authority":"MKGP","dataSource":"raba-3000"},"geometry":{"type":"Polygon","coordinates":[[[13.898947453736946,45.8623335901312],[13.899142627435458,45.86249072892478],[13.89920630444706,45.86221968464389],[13.898947453736946,45.8623335901312]]]}},{"type":"Feature","properties":{"_zoneType":"SI_BUILT","name":"Pozidano zemljišče","authority":"MKGP","dataSource":"raba-3000"},"geometry":{"type":"Polygon","coordinates":[[[13.906981797660462,45.94488235537614],[13.906842927999675,45.94502183654443],[13.90746444166323,45.94539818913272],[13.906981797660462,45.94488235537614]]]}},{"type":"Feature","properties":{"_zoneType":"SI_BUILT","name":"Pozidano zemljišče","authority":"MKGP","dataSource":"raba-3000"},"geometry":{"type":"Polygon","coordinates":[[[13.905686451775134,45.950486619366636],[13.905157191130165,45.950009295069776],[13.90482068046194,45.95055045589395],[13.905686451775134,45.950486619366636]]]}},{"type":"Feature","properties":{"_zoneType":"SI_BUILT","name":"Pozidano zemljišče","authority":"MKGP","dataSource":"raba-3000"},"geometry":{"type":"Polygon","coordinates":[[[13.905533316014496,45.925709753736044],[13.90550378231657,45.92595171024607],[13.905885462930494,45.92574464749974],[13.905533316014496,45.925709753736044]]]}},{"type":"Feature","properties":{"_zoneType":"SI_BUILT","name":"Pozidano zemljišče","authority":"MKGP","dataSource":"raba-3000"},"geometry":{"type":"Polygon","coordinates":[[[13.90455222517334,45.90398455594865],[13.905755866591022,45.904181610277625],[13.904705832677575,45.90388047180813],[13.90455222517334,45.90398455594865]]]}},{"type":"Feature","properties":{"_zoneType":"SI_BUILT","name":"Pozidano zemljišče","authority":"MKGP","dataSource":"raba-3000"},"geometry":{"type":"Polygon","coordinates":[[[13.904481577472165,45.952889933573665],[13.904672349533433,45.95210813977793],[13.903881376755818,45.951947269563824],[13.904481577472165,45.952889933573665]]]}},{"type":"Feature","properties":{"_zoneType":"SI_BUILT","name":"Pozidano zemljišče","authority":"MKGP","dataSource":"raba-3000"},"geometry":{"type":"Polygon","coordinates":[[[13.903075719323434,45.97712356221142],[13.903089146074953,45.977313858487086],[13.903503217806797,45.97711907133979],[13.903075719323434,45.97712356221142]]]}},{"type":"Feature","properties":{"_zoneType":"SI_BUILT","name":"Pozidano zemljišče","authority":"MKGP","dataSource":"raba-3000"},"geometry":{"type":"Polygon","coordinates":[[[13.904646004103878,45.91175528325643],[13.904185708309498,45.90901354128322],[13.903086781288534,45.9090607945884],[13.903895822501157,45.909670867589824],[13.904646004103878,45.91175528325643]]]}},{"type":"Feature","properties":{"_zoneType":"SI_BUILT","name":"Pozidano zemljišče","authority":"MKGP","dataSource":"raba-3000"},"geometry":{"type":"Polygon","coordinates":[[[13.904659876043791,45.913225577619684],[13.904423885770848,45.913152185910945],[13.904461647216182,45.913557057672264],[13.904659876043791,45.913225577619684]]]}},{"type":"Feature","properties":{"_zoneType":"SI_BUILT","name":"Pozidano zemljišče","authority":"MKGP","dataSource":"raba-3000"},"geometry":{"type":"Polygon","coordinates":[[[13.903868622984787,45.927135909257686],[13.90399221181471,45.92734720592704],[13.904267512313147,45.92702069017725],[13.903868622984787,45.927135909257686]]]}},{"type":"Feature","properties":{"_zoneType":"SI_BUILT","name":"Pozidano zemljišče","authority":"MKGP","dataSource":"raba-3000"},"geometry":{"type":"Polygon","coordinates":[[[13.899963372656925,45.99191887298938],[13.902047294600713,45.99093364016713],[13.899567582796918,45.989731198373875],[13.901025223796642,45.99084252817328],[13.898775991546456,45.99141745774269],[13.899963372656925,45.99191887298938]]]}},{"type":"Feature","properties":{"_zoneType":"SI_BUILT","name":"Pozidano zemljišče","authority":"MKGP","dataSource":"raba-3000"},"geometry":{"type":"Polygon","coordinates":[[[13.903151745724815,45.915977547706056],[13.903134998301164,45.91539147179555],[13.90287938462613,45.915973087487885],[13.903151745724815,45.915977547706056]]]}},{"type":"Feature","properties":{"_zoneType":"SI_BUILT","name":"Pozidano zemljišče","authority":"MKGP","dataSource":"raba-3000"},"geometry":{"type":"Polygon","coordinates":[[[13.902928878168666,45.86109502435529],[13.902410369405118,45.86102558516263],[13.902806620520874,45.86136440323748],[13.902928878168666,45.86109502435529]]]}},{"type":"Feature","properties":{"_zoneType":"SI_BUILT","name":"Pozidano zemljišče","authority":"MKGP","dataSource":"raba-3000"},"geometry":{"type":"Polygon","coordinates":[[[13.901452290541995,45.912991795478206],[13.900872301407034,45.913235078693745],[13.901407492083468,45.91390750246347],[13.901452290541995,45.912991795478206]]]}},{"type":"Feature","properties":{"_zoneType":"SI_BUILT","name":"Pozidano zemljišče","authority":"MKGP","dataSource":"raba-3000"},"geometry":{"type":"Polygon","coordinates":[[[13.901727838757347,45.86020032613675],[13.901529212774607,45.86010508614181],[13.899595489048323,45.86081875044543],[13.901727838757347,45.86020032613675]]]}},{"type":"Feature","properties":{"_zoneType":"SI_BUILT","name":"Pozidano zemljišče","authority":"MKGP","dataSource":"raba-3000"},"geometry":{"type":"Polygon","coordinates":[[[13.899582260715023,45.898609641814154],[13.899599748824919,45.896090753088124],[13.899377208671423,45.898499127033986],[13.899582260715023,45.898609641814154]]]}},{"type":"Feature","properties":{"_zoneType":"SI_BUILT","name":"Pozidano zemljišče","authority":"MKGP","dataSource":"raba-3000"},"geometry":{"type":"Polygon","coordinates":[[[13.899251128964352,45.907390299437836],[13.897811650015173,45.90662301581147],[13.897157522698175,45.907349321026004],[13.899251128964352,45.907390299437836]]]}},{"type":"Feature","properties":{"_zoneType":"SI_BUILT","name":"Pozidano zemljišče","authority":"MKGP","dataSource":"raba-3000"},"geometry":{"type":"Polygon","coordinates":[[[13.897749162213787,45.91071914814413],[13.897418655028437,45.91067285034891],[13.897710120395741,45.91086402079068],[13.897749162213787,45.91071914814413]]]}},{"type":"Feature","properties":{"_zoneType":"SI_BUILT","name":"Pozidano zemljišče","authority":"MKGP","dataSource":"raba-3000"},"geometry":{"type":"Polygon","coordinates":[[[13.897290433465384,45.86037763629242],[13.896862523123469,45.8602157895099],[13.896356230546028,45.86109384712941],[13.897290433465384,45.86037763629242]]]}},{"type":"Feature","properties":{"_zoneType":"SI_BUILT","name":"Pozidano zemljišče","authority":"MKGP","dataSource":"raba-3000"},"geometry":{"type":"Polygon","coordinates":[[[13.895187698015148,45.86012298629879],[13.894931130922846,45.86003133159135],[13.895058705309996,45.86027100640015],[13.895187698015148,45.86012298629879]]]}},{"type":"Feature","properties":{"_zoneType":"SI_BUILT","name":"Pozidano zemljišče","authority":"MKGP","dataSource":"raba-3000"},"geometry":{"type":"Polygon","coordinates":[[[13.860615687902206,45.8682789676982],[13.86300342831014,45.867272476127404],[13.860375907726448,45.86806714413535],[13.859581848269729,45.869443460099376],[13.86088004256051,45.86946414779581],[13.860615687902206,45.8682789676982]]]}},{"type":"Feature","properties":{"_zoneType":"SI_BUILT","name":"Pozidano zemljišče","authority":"MKGP","dataSource":"raba-3000"},"geometry":{"type":"Polygon","coordinates":[[[13.865462176844416,45.87732470920488],[13.865744656704795,45.87740115227088],[13.865557140008846,45.87717488831569],[13.865462176844416,45.87732470920488]]]}},{"type":"Feature","properties":{"_zoneType":"SI_BUILT","name":"Pozidano zemljišče","authority":"MKGP","dataSource":"raba-3000"},"geometry":{"type":"Polygon","coordinates":[[[13.863317051713366,45.87533596994174],[13.863601958655263,45.87526896137314],[13.863236868803746,45.87515973577307],[13.863317051713366,45.87533596994174]]]}},{"type":"Feature","properties":{"_zoneType":"SI_BUILT","name":"Pozidano zemljišče","authority":"MKGP","dataSource":"raba-3000"},"geometry":{"type":"Polygon","coordinates":[[[13.889048739572766,45.862552205033076],[13.889029692775619,45.86273373713213],[13.889385036896876,45.86255690441862],[13.889048739572766,45.862552205033076]]]}},{"type":"Feature","properties":{"_zoneType":"SI_BUILT","name":"Pozidano zemljišče","authority":"MKGP","dataSource":"raba-3000"},"geometry":{"type":"Polygon","coordinates":[[[13.883468257674702,45.945476655042384],[13.883740383011677,45.944298239012966],[13.883065355340726,45.94525002531006],[13.883468257674702,45.945476655042384]]]}},{"type":"Feature","properties":{"_zoneType":"SI_BUILT","name":"Pozidano zemljišče","authority":"MKGP","dataSource":"raba-3000"},"geometry":{"type":"Polygon","coordinates":[[[13.885576183120808,45.87321869855109],[13.885195399898112,45.87309122249742],[13.885457553432135,45.87336003736251],[13.885576183120808,45.87321869855109]]]}},{"type":"Feature","properties":{"_zoneType":"SI_BUILT","name":"Pozidano zemljišče","authority":"MKGP","dataSource":"raba-3000"},"geometry":{"type":"Polygon","coordinates":[[[13.87218887105431,45.879124610115994],[13.871904899133753,45.87904404353416],[13.872085452397792,45.87931767811499],[13.87218887105431,45.879124610115994]]]}},{"type":"Feature","properties":{"_zoneType":"SI_BUILT","name":"Pozidano zemljišče","authority":"MKGP","dataSource":"raba-3000"},"geometry":{"type":"Polygon","coordinates":[[[13.88579493857125,45.91375505210467],[13.885584365333619,45.91355538772224],[13.885561919720486,45.91386379938682],[13.88579493857125,45.91375505210467]]]}},{"type":"Feature","properties":{"_zoneType":"SI_BUILT","name":"Pozidano zemljišče","authority":"MKGP","dataSource":"raba-3000"},"geometry":{"type":"Polygon","coordinates":[[[13.88,45.91267270693198],[13.88,45.912524542387565],[13.878721470596297,45.911378404505136],[13.878720992021101,45.90998478459578],[13.88,45.90899926764451],[13.88,45.90883524010785],[13.876943507751442,45.91041146958818],[13.878552494435075,45.91070599054238],[13.87746267774733,45.91170465607859],[13.879845296401214,45.91250856338586],[13.88,45.91267270693198]]]}},{"type":"Feature","properties":{"_zoneType":"SI_BUILT","name":"Pozidano zemljišče","authority":"MKGP","dataSource":"raba-3000"},"geometry":{"type":"Polygon","coordinates":[[[13.882753595070065,45.91559432519371],[13.88331668761923,45.91800937049546],[13.881865363925538,45.91893993155517],[13.883694487390935,45.91841575600103],[13.882965232655682,45.91518272566207],[13.88,45.912524542387565],[13.88,45.91267270693198],[13.882753595070065,45.91559432519371]]]}},{"type":"Feature","properties":{"_zoneType":"SI_BUILT","name":"Pozidano zemljišče","authority":"MKGP","dataSource":"raba-3000"},"geometry":{"type":"Polygon","coordinates":[[[13.880643665613121,45.90850330250344],[13.88,45.90883524010785],[13.88,45.90899926764451],[13.880643665613121,45.90850330250344]]]}},{"type":"Feature","properties":{"_zoneType":"SI_BUILT","name":"Pozidano zemljišče","authority":"MKGP","dataSource":"raba-3000"},"geometry":{"type":"Polygon","coordinates":[[[13.882538530896044,45.909749740311646],[13.881242558887335,45.90952113483826],[13.882248171727383,45.909960896168336],[13.882538530896044,45.909749740311646]]]}},{"type":"Feature","properties":{"_zoneType":"SI_BUILT","name":"Pozidano zemljišče","authority":"MKGP","dataSource":"raba-3000"},"geometry":{"type":"Polygon","coordinates":[[[13.881656265434813,45.92622011256597],[13.881893015527963,45.925682257082535],[13.881390288298006,45.926157321531015],[13.881656265434813,45.92622011256597]]]}},{"type":"Feature","properties":{"_zoneType":"SI_BUILT","name":"Pozidano zemljišče","authority":"MKGP","dataSource":"raba-3000"},"geometry":{"type":"Polygon","coordinates":[[[13.878495776163772,45.948883007079715],[13.878205687919634,45.948826789279785],[13.878434454181633,45.94911000091332],[13.878495776163772,45.948883007079715]]]}},{"type":"Feature","properties":{"_zoneType":"SI_BUILT","name":"Pozidano zemljišče","authority":"MKGP","dataSource":"raba-3000"},"geometry":{"type":"Polygon","coordinates":[[[13.879479833512256,45.878544508566826],[13.879333796084918,45.878368962284775],[13.879231775741676,45.87865391205911],[13.879479833512256,45.878544508566826]]]}},{"type":"Feature","properties":{"_zoneType":"SI_BUILT","name":"Pozidano zemljišče","authority":"MKGP","dataSource":"raba-3000"},"geometry":{"type":"Polygon","coordinates":[[[13.876295161210042,45.89578343001655],[13.877099228087282,45.89554078198219],[13.876290453310805,45.89565459989764],[13.876295161210042,45.89578343001655]]]}},{"type":"Feature","properties":{"_zoneType":"SI_BUILT","name":"Pozidano zemljišče","authority":"MKGP","dataSource":"raba-3000"},"geometry":{"type":"Polygon","coordinates":[[[13.876872428245827,45.86233642203695],[13.876732064400242,45.862114891317006],[13.876560191291604,45.862418878337294],[13.876872428245827,45.86233642203695]]]}},{"type":"Feature","properties":{"_zoneType":"SI_BUILT","name":"Pozidano zemljišče","authority":"MKGP","dataSource":"raba-3000"},"geometry":{"type":"Polygon","coordinates":[[[13.87320074281183,45.90880840732678],[13.873467133437034,45.90898310771509],[13.87358474778314,45.90855435327069],[13.87320074281183,45.90880840732678]]]}},{"type":"Feature","properties":{"_zoneType":"SI_BUILT","name":"Pozidano zemljišče","authority":"MKGP","dataSource":"raba-3000"},"geometry":{"type":"Polygon","coordinates":[[[13.87560952541658,45.909677878079926],[13.87512701919839,45.909158480071866],[13.874378436147184,45.90897713829237],[13.875352044050539,45.90972895599958],[13.87560952541658,45.909677878079926]]]}},{"type":"Feature","properties":{"_zoneType":"SI_BUILT","name":"Pozidano zemljišče","authority":"MKGP","dataSource":"raba-3000"},"geometry":{"type":"Polygon","coordinates":[[[13.87378657902438,45.8789916917023],[13.87321251158128,45.87889384064357],[13.873294770922689,45.87954737344453],[13.87378657902438,45.8789916917023]]]}},{"type":"Feature","properties":{"_zoneType":"SI_BUILT","name":"Pozidano zemljišče","authority":"MKGP","dataSource":"raba-3000"},"geometry":{"type":"Polygon","coordinates":[[[13.871963181498128,45.95695599760783],[13.866899992322397,45.95424304714967],[13.864745969293155,45.95431624604422],[13.8667418817583,45.9544765168352],[13.871963181498128,45.95695599760783]]]}},{"type":"Feature","properties":{"_zoneType":"SI_BUILT","name":"Pozidano zemljišče","authority":"MKGP","dataSource":"raba-3000"},"geometry":{"type":"Polygon","coordinates":[[[13.873728317977893,45.86571057420731],[13.87347695893983,45.865659081188845],[13.873259839985126,45.86662526196206],[13.873728317977893,45.86571057420731]]]}},{"type":"Feature","properties":{"_zoneType":"SI_BUILT","name":"Pozidano zemljišče","authority":"MKGP","dataSource":"raba-3000"},"geometry":{"type":"Polygon","coordinates":[[[13.87294235277406,45.87274659715841],[13.873236492423674,45.872802551674376],[13.87301152302705,45.872583718264444],[13.87294235277406,45.87274659715841]]]}},{"type":"Feature","properties":{"_zoneType":"SI_BUILT","name":"Pozidano zemljišče","authority":"MKGP","dataSource":"raba-3000"},"geometry":{"type":"Polygon","coordinates":[[[13.861626833621576,45.917350186956284],[13.863772928830809,45.91723889853287],[13.860711574349768,45.916956578799436],[13.861626833621576,45.917350186956284]]]}},{"type":"Feature","properties":{"_zoneType":"SI_BUILT","name":"Pozidano zemljišče","authority":"MKGP","dataSource":"raba-3000"},"geometry":{"type":"Polygon","coordinates":[[[13.868252781601138,45.92],[13.86853497368368,45.92],[13.868846973166216,45.918465349831386],[13.86551931153397,45.91674766586852],[13.866356170743792,45.9143104469073],[13.864592982893848,45.91305615267257],[13.865052046335656,45.910749782300044],[13.867219583338773,45.91180911272154],[13.864411619033435,45.90881325319634],[13.864172449390056,45.91295700949576],[13.865946679051389,45.914337505021486],[13.865672824006152,45.91590054785885],[13.864645689604727,45.9164285392573],[13.8618035226996,45.914624105870935],[13.864295670672115,45.916902869218895],[13.868380754494048,45.91854772700252],[13.868252781601138,45.92]]]}},{"type":"Feature","properties":{"_zoneType":"SI_BUILT","name":"Pozidano zemljišče","authority":"MKGP","dataSource":"raba-3000"},"geometry":{"type":"Polygon","coordinates":[[[13.868036897185192,45.92244991810941],[13.86853497368368,45.92],[13.868252781601138,45.92],[13.868036897185192,45.92244991810941]]]}},{"type":"Feature","properties":{"_zoneType":"SI_BUILT","name":"Pozidano zemljišče","authority":"MKGP","dataSource":"raba-3000"},"geometry":{"type":"Polygon","coordinates":[[[13.868420658324402,45.94605189377794],[13.867867512179677,45.945802670367264],[13.867678120939988,45.946408231259554],[13.868420658324402,45.94605189377794]]]}},{"type":"Feature","properties":{"_zoneType":"SI_BUILT","name":"Pozidano zemljišče","authority":"MKGP","dataSource":"raba-3000"},"geometry":{"type":"Polygon","coordinates":[[[13.865136407264137,45.8634899361193],[13.862531729325768,45.861047564701714],[13.861960132205652,45.86244743711381],[13.863949500417576,45.86347768342708],[13.865136407264137,45.8634899361193]]]}},{"type":"Feature","properties":{"_zoneType":"SI_BUILT","name":"Pozidano zemljišče","authority":"MKGP","dataSource":"raba-3000"},"geometry":{"type":"Polygon","coordinates":[[[13.861261094286446,45.88279653479296],[13.860964500527654,45.88279855821803],[13.860790411283746,45.88380274254936],[13.861261094286446,45.88279653479296]]]}},{"type":"Feature","properties":{"_zoneType":"SI_BUILT","name":"Pozidano zemljišče","authority":"MKGP","dataSource":"raba-3000"},"geometry":{"type":"Polygon","coordinates":[[[13.859704173641566,45.91534483069557],[13.859444588539885,45.91401750045657],[13.859394578946448,45.91527726088892],[13.859704173641566,45.91534483069557]]]}},{"type":"Feature","properties":{"_zoneType":"SI_BUILT","name":"Pozidano zemljišče","authority":"MKGP","dataSource":"raba-3000"},"geometry":{"type":"Polygon","coordinates":[[[13.857314585044882,45.91604831666283],[13.857424308911943,45.91621856063583],[13.859063526447253,45.91634724532671],[13.858268279286593,45.91594319373946],[13.857314585044882,45.91604831666283]]]}},{"type":"Feature","properties":{"_zoneType":"SI_BUILT","name":"Pozidano zemljišče","authority":"MKGP","dataSource":"raba-3000"},"geometry":{"type":"Polygon","coordinates":[[[13.85916671888728,45.86209275250309],[13.859277258727362,45.86173559908183],[13.858754386781866,45.862005552456274],[13.85916671888728,45.86209275250309]]]}},{"type":"Feature","properties":{"_zoneType":"SI_BUILT","name":"Pozidano zemljišče","authority":"MKGP","dataSource":"raba-3000"},"geometry":{"type":"Polygon","coordinates":[[[13.857038971301918,45.8603780806145],[13.859041776927743,45.86021307510358],[13.857593931806715,45.859856521813846],[13.858286816870825,45.8585791724505],[13.856608457242963,45.85897737532055],[13.857458928896898,45.859241542672514],[13.857038971301918,45.8603780806145]]]}},{"type":"Feature","properties":{"_zoneType":"SI_BUILT","name":"Pozidano zemljišče","authority":"MKGP","dataSource":"raba-3000"},"geometry":{"type":"Polygon","coordinates":[[[13.856499701446525,45.90575559526843],[13.856578238929519,45.905468083063596],[13.85578440044004,45.90556675459693],[13.856499701446525,45.90575559526843]]]}},{"type":"Feature","properties":{"_zoneType":"SI_BUILT","name":"Pozidano zemljišče","authority":"MKGP","dataSource":"raba-3000"},"geometry":{"type":"Polygon","coordinates":[[[13.855749229186216,45.91234501259313],[13.855736051985717,45.912508016648594],[13.856074740525886,45.91234500199277],[13.855749229186216,45.91234501259313]]]}},{"type":"Feature","properties":{"_zoneType":"SI_BUILT","name":"Pozidano zemljišče","authority":"MKGP","dataSource":"raba-3000"},"geometry":{"type":"Polygon","coordinates":[[[13.85407027936003,45.97594231075897],[13.854081881213691,45.97559085486042],[13.853551870420395,45.97601125856754],[13.85407027936003,45.97594231075897]]]}},{"type":"Feature","properties":{"_zoneType":"SI_BUILT","name":"Pozidano zemljišče","authority":"MKGP","dataSource":"raba-3000"},"geometry":{"type":"Polygon","coordinates":[[[13.853077817114606,45.8797972735606],[13.853130974587678,45.879971449723],[13.853352958982212,45.87966052969886],[13.853077817114606,45.8797972735606]]]}},{"type":"Feature","properties":{"_zoneType":"SI_BUILT","name":"Pozidano zemljišče","authority":"MKGP","dataSource":"raba-3000"},"geometry":{"type":"Polygon","coordinates":[[[13.853386188450376,45.930151853281],[13.853411999193295,45.9303404368949],[13.853772654059936,45.930115591682586],[13.853386188450376,45.930151853281]]]}},{"type":"Feature","properties":{"_zoneType":"SI_BUILT","name":"Pozidano zemljišče","authority":"MKGP","dataSource":"raba-3000"},"geometry":{"type":"Polygon","coordinates":[[[13.851742323790257,45.89810341538241],[13.851472269214476,45.89802621627431],[13.851633745186382,45.89826128609413],[13.851742323790257,45.89810341538241]]]}},{"type":"Feature","properties":{"_zoneType":"SI_BUILT","name":"Pozidano zemljišče","authority":"MKGP","dataSource":"raba-3000"},"geometry":{"type":"Polygon","coordinates":[[[13.848170546425234,45.91562292563396],[13.851111714182228,45.916039463848634],[13.848221729464163,45.915330382050904],[13.842412128995235,45.917303299490754],[13.848170546425234,45.91562292563396]]]}},{"type":"Feature","properties":{"_zoneType":"SI_BUILT","name":"Pozidano zemljišče","authority":"MKGP","dataSource":"raba-3000"},"geometry":{"type":"Polygon","coordinates":[[[13.844948698514507,45.92533698089191],[13.844562145983067,45.925225997787585],[13.844755849824908,45.92556026174086],[13.844948698514507,45.92533698089191]]]}},{"type":"Feature","properties":{"_zoneType":"SI_BUILT","name":"Pozidano zemljišče","authority":"MKGP","dataSource":"raba-3000"},"geometry":{"type":"Polygon","coordinates":[[[13.84,45.85780549254129],[13.84,45.85777569138205],[13.839637811130642,45.85786361245155],[13.84,45.85780549254129]]]}},{"type":"Feature","properties":{"_zoneType":"SI_BUILT","name":"Pozidano zemljišče","authority":"MKGP","dataSource":"raba-3000"},"geometry":{"type":"Polygon","coordinates":[[[13.841913188920337,45.857498485955006],[13.841706163053418,45.85736152161292],[13.84,45.85777569138205],[13.84,45.85780549254129],[13.841913188920337,45.857498485955006]]]}},{"type":"Feature","properties":{"_zoneType":"SI_BUILT","name":"Pozidano zemljišče","authority":"MKGP","dataSource":"raba-3000"},"geometry":{"type":"Polygon","coordinates":[[[13.831185678719597,45.98709786606666],[13.832314565762028,45.988761484335626],[13.834628768650871,45.98864292136997],[13.833446872562343,45.99069437042748],[13.834538318557025,45.99216696467155],[13.838779279792726,45.99275012387144],[13.83494506899416,45.99201694605327],[13.83391890461643,45.99094823546645],[13.834898509413952,45.98846736534472],[13.832671468253148,45.988462736768476],[13.831234065562787,45.98677322698534],[13.826893876092004,45.98681821300481],[13.831185678719597,45.98709786606666]]]}},{"type":"Feature","properties":{"_zoneType":"SI_BUILT","name":"Pozidano zemljišče","authority":"MKGP","dataSource":"raba-3000"},"geometry":{"type":"Polygon","coordinates":[[[13.821020073321968,45.85376558173566],[13.820204069462592,45.85375715843018],[13.81984819780958,45.854084541919484],[13.821020073321968,45.85376558173566]]]}},{"type":"Feature","properties":{"_zoneType":"SI_BUILT","name":"Pozidano zemljišče","authority":"MKGP","dataSource":"raba-3000"},"geometry":{"type":"Polygon","coordinates":[[[13.823511829471048,45.85379126713061],[13.823275676491035,45.85378883516218],[13.82338939869545,45.85382557042205],[13.823511829471048,45.85379126713061]]]}},{"type":"Feature","properties":{"_zoneType":"SI_BUILT","name":"Pozidano zemljišče","authority":"MKGP","dataSource":"raba-3000"},"geometry":{"type":"Polygon","coordinates":[[[13.835473324523218,45.85657394414204],[13.838362668122162,45.858057186284626],[13.836227812558729,45.85657712681909],[13.833634656039077,45.85595738647338],[13.832941027272446,45.8548784542802],[13.834353315517122,45.85390239000539],[13.831186226837502,45.85387263813283],[13.833982317778768,45.85682671442761],[13.835473324523218,45.85657394414204]]]}},{"type":"Feature","properties":{"_zoneType":"SI_BUILT","name":"Pozidano zemljišče","authority":"MKGP","dataSource":"raba-3000"},"geometry":{"type":"Polygon","coordinates":[[[13.835887778093248,45.853918034781906],[13.835723273914306,45.853916358548574],[13.835812809815337,45.853934813059574],[13.835887778093248,45.853918034781906]]]}},{"type":"Feature","properties":{"_zoneType":"SI_BUILT","name":"Pozidano zemljišče","authority":"MKGP","dataSource":"raba-3000"},"geometry":{"type":"Polygon","coordinates":[[[13.837292489823781,45.85418552435083],[13.836991822827818,45.85392927843565],[13.837059416178516,45.85428201852847],[13.837292489823781,45.85418552435083]]]}},{"type":"Feature","properties":{"_zoneType":"SI_BUILT","name":"Pozidano zemljišče","authority":"MKGP","dataSource":"raba-3000"},"geometry":{"type":"Polygon","coordinates":[[[13.838589448246903,45.85394552984842],[13.838267229093498,45.85394225396016],[13.838342458611642,45.854273129539344],[13.838589448246903,45.85394552984842]]]}},{"type":"Feature","properties":{"_zoneType":"SI_BUILT","name":"Pozidano zemljišče","authority":"MKGP","dataSource":"raba-3000"},"geometry":{"type":"Polygon","coordinates":[[[13.840253427390527,45.873874128007465],[13.84033665808645,45.87406760690485],[13.840596697578073,45.873786688158866],[13.840253427390527,45.873874128007465]]]}},{"type":"Feature","properties":{"_zoneType":"SI_BUILT","name":"Pozidano zemljišče","authority":"MKGP","dataSource":"raba-3000"},"geometry":{"type":"Polygon","coordinates":[[[13.837949923827843,45.8995497814772],[13.838032991628664,45.89968238558721],[13.838843762021972,45.89962710513426],[13.837949923827843,45.8995497814772]]]}},{"type":"Feature","properties":{"_zoneType":"SI_BUILT","name":"Pozidano zemljišče","authority":"MKGP","dataSource":"raba-3000"},"geometry":{"type":"Polygon","coordinates":[[[13.832110261466719,45.88814366065922],[13.83244094130293,45.88806870366222],[13.832032669512168,45.887945805182866],[13.832110261466719,45.88814366065922]]]}},{"type":"Feature","properties":{"_zoneType":"SI_BUILT","name":"Pozidano zemljišče","authority":"MKGP","dataSource":"raba-3000"},"geometry":{"type":"Polygon","coordinates":[[[13.836033468665226,45.90655041821945],[13.835915380470048,45.906800191409246],[13.83672073482049,45.90833076029991],[13.836033468665226,45.90655041821945]]]}},{"type":"Feature","properties":{"_zoneType":"SI_BUILT","name":"Pozidano zemljišče","authority":"MKGP","dataSource":"raba-3000"},"geometry":{"type":"Polygon","coordinates":[[[13.832060683104046,45.881785358774],[13.831710198591239,45.88185754436271],[13.832137134096612,45.88203823086037],[13.832060683104046,45.881785358774]]]}},{"type":"Feature","properties":{"_zoneType":"SI_BUILT","name":"Pozidano zemljišče","authority":"MKGP","dataSource":"raba-3000"},"geometry":{"type":"Polygon","coordinates":[[[13.833118768834163,45.86904143825574],[13.830914607610984,45.86903385647252],[13.829844428054114,45.870057418095485],[13.833118768834163,45.86904143825574]]]}},{"type":"Feature","properties":{"_zoneType":"SI_BUILT","name":"Pozidano zemljišče","authority":"MKGP","dataSource":"raba-3000"},"geometry":{"type":"Polygon","coordinates":[[[13.832526373774911,45.85756469009154],[13.832457330770461,45.856857499880654],[13.83225308819542,45.857561897257426],[13.832526373774911,45.85756469009154]]]}},{"type":"Feature","properties":{"_zoneType":"SI_BUILT","name":"Pozidano zemljišče","authority":"MKGP","dataSource":"raba-3000"},"geometry":{"type":"Polygon","coordinates":[[[13.82983254294854,45.90403891195236],[13.829811429784606,45.90386848661155],[13.829478779929474,45.90405853372519],[13.82983254294854,45.90403891195236]]]}},{"type":"Feature","properties":{"_zoneType":"SI_BUILT","name":"Pozidano zemljišče","authority":"MKGP","dataSource":"raba-3000"},"geometry":{"type":"Polygon","coordinates":[[[13.824746108953446,45.89990104495365],[13.824252631529472,45.899909392698625],[13.824696386064943,45.900014599757895],[13.824746108953446,45.89990104495365]]]}},{"type":"Feature","properties":{"_zoneType":"SI_BUILT","name":"Pozidano zemljišče","authority":"MKGP","dataSource":"raba-3000"},"geometry":{"type":"Polygon","coordinates":[[[13.82866606343638,45.87017498871141],[13.825913137833886,45.86988218395839],[13.825735344867901,45.87077587955873],[13.82380966602476,45.87106628872121],[13.823907778139139,45.86948018733949],[13.823320123449731,45.871304718318605],[13.82866606343638,45.87017498871141]]]}},{"type":"Feature","properties":{"_zoneType":"SI_BUILT","name":"Pozidano zemljišče","authority":"MKGP","dataSource":"raba-3000"},"geometry":{"type":"Polygon","coordinates":[[[13.827714195076524,45.91212174070955],[13.827397712699153,45.912059425485495],[13.827653460338086,45.91233518371358],[13.827714195076524,45.91212174070955]]]}},{"type":"Feature","properties":{"_zoneType":"SI_BUILT","name":"Pozidano zemljišče","authority":"MKGP","dataSource":"raba-3000"},"geometry":{"type":"Polygon","coordinates":[[[13.82591249027671,45.891553787655724],[13.826234075812357,45.8916507682007],[13.826027467744225,45.8913613079178],[13.82591249027671,45.891553787655724]]]}},{"type":"Feature","properties":{"_zoneType":"SI_BUILT","name":"Pozidano zemljišče","authority":"MKGP","dataSource":"raba-3000"},"geometry":{"type":"Polygon","coordinates":[[[13.824393100249322,45.89815542883127],[13.824124250025838,45.89809012752382],[13.824299554931548,45.89830704961531],[13.824393100249322,45.89815542883127]]]}},{"type":"Feature","properties":{"_zoneType":"SI_BUILT","name":"Pozidano zemljišče","authority":"MKGP","dataSource":"raba-3000"},"geometry":{"type":"Polygon","coordinates":[[[13.822094673584827,45.904548876737415],[13.821703654460775,45.9046172906297],[13.822170540833188,45.904729825038935],[13.822094673584827,45.904548876737415]]]}},{"type":"Feature","properties":{"_zoneType":"SI_BUILT","name":"Pozidano zemljišče","authority":"MKGP","dataSource":"raba-3000"},"geometry":{"type":"Polygon","coordinates":[[[13.821990656011426,45.895350682237115],[13.822016136858078,45.89518268286718],[13.821713148887675,45.895336681510855],[13.821990656011426,45.895350682237115]]]}},{"type":"Feature","properties":{"_zoneType":"SI_BUILT","name":"Pozidano zemljišče","authority":"MKGP","dataSource":"raba-3000"},"geometry":{"type":"Polygon","coordinates":[[[13.820835614435449,45.899253534152315],[13.819895932589239,45.897664442225555],[13.820542049852401,45.899240812252884],[13.820835614435449,45.899253534152315]]]}},{"type":"Feature","properties":{"_zoneType":"SI_BUILT","name":"Pozidano zemljišče","authority":"MKGP","dataSource":"raba-3000"},"geometry":{"type":"Polygon","coordinates":[[[13.819983765557627,45.86474804376036],[13.819566542017563,45.864525018219844],[13.819747969783704,45.864882765028334],[13.819983765557627,45.86474804376036]]]}},{"type":"Feature","properties":{"_zoneType":"SI_BUILT","name":"Pozidano zemljišče","authority":"MKGP","dataSource":"raba-3000"},"geometry":{"type":"Polygon","coordinates":[[[13.818149287476695,45.894968034073344],[13.818298995866671,45.89530736050031],[13.819100196527025,45.89553194645075],[13.818149287476695,45.894968034073344]]]}},{"type":"Feature","properties":{"_zoneType":"SI_BUILT","name":"Pozidano zemljišče","authority":"MKGP","dataSource":"raba-3000"},"geometry":{"type":"Polygon","coordinates":[[[13.816007924153126,45.93066129483965],[13.81585528187088,45.93053634879717],[13.814757411954135,45.93085149748356],[13.816007924153126,45.93066129483965]]]}},{"type":"Feature","properties":{"_zoneType":"SI_BUILT","name":"Pozidano zemljišče","authority":"MKGP","dataSource":"raba-3000"},"geometry":{"type":"Polygon","coordinates":[[[13.815011738186739,45.895684123205825],[13.814793789324943,45.895543095353],[13.814806008179044,45.89581874534795],[13.815011738186739,45.895684123205825]]]}},{"type":"Feature","properties":{"_zoneType":"SI_BUILT","name":"Pozidano zemljišče","authority":"MKGP","dataSource":"raba-3000"},"geometry":{"type":"Polygon","coordinates":[[[13.814139087332865,45.88085722225046],[13.814098391076074,45.88096562048227],[13.814871889148863,45.88152066799536],[13.814139087332865,45.88085722225046]]]}},{"type":"Feature","properties":{"_zoneType":"SI_BUILT","name":"Pozidano zemljišče","authority":"MKGP","dataSource":"raba-3000"},"geometry":{"type":"Polygon","coordinates":[[[13.813481429096614,45.858404157533826],[13.813228087954364,45.85833570521056],[13.813367494587396,45.85859189951136],[13.813481429096614,45.858404157533826]]]}},{"type":"Feature","properties":{"_zoneType":"SI_BUILT","name":"Pozidano zemljišče","authority":"MKGP","dataSource":"raba-3000"},"geometry":{"type":"Polygon","coordinates":[[[13.811040695599228,45.86736720458133],[13.81085498556004,45.867179686179384],[13.810828186627758,45.86745739512811],[13.811040695599228,45.86736720458133]]]}},{"type":"Feature","properties":{"_zoneType":"SI_BUILT","name":"Pozidano zemljišče","authority":"MKGP","dataSource":"raba-3000"},"geometry":{"type":"Polygon","coordinates":[[[13.809522111210354,45.913482521209886],[13.809681331135218,45.91243764819207],[13.809132170492418,45.91335696409336],[13.809522111210354,45.913482521209886]]]}},{"type":"Feature","properties":{"_zoneType":"SI_BUILT","name":"Pozidano zemljišče","authority":"MKGP","dataSource":"raba-3000"},"geometry":{"type":"Polygon","coordinates":[[[13.80965006794418,45.909604208925586],[13.809396243258156,45.90945932350634],[13.809453213762911,45.90977408464469],[13.80965006794418,45.909604208925586]]]}},{"type":"Feature","properties":{"_zoneType":"SI_BUILT","name":"Pozidano zemljišče","authority":"MKGP","dataSource":"raba-3000"},"geometry":{"type":"Polygon","coordinates":[[[13.800663143425496,45.913938564045054],[13.801931293254977,45.9129985656025],[13.804827749465177,45.91238753275359],[13.8,45.91272492905696],[13.8,45.912872691609834],[13.800748106073476,45.91330472458374],[13.80029101632042,45.91450945574249],[13.801189693808393,45.914559789825105],[13.800663143425496,45.913938564045054]]]}},{"type":"Feature","properties":{"_zoneType":"SI_BUILT","name":"Pozidano zemljišče","authority":"MKGP","dataSource":"raba-3000"},"geometry":{"type":"Polygon","coordinates":[[[13.802694591096072,45.901128039164306],[13.802962466756902,45.90120823065239],[13.802810184902794,45.90094558710362],[13.802694591096072,45.901128039164306]]]}},{"type":"Feature","properties":{"_zoneType":"SI_BUILT","name":"Pozidano zemljišče","authority":"MKGP","dataSource":"raba-3000"},"geometry":{"type":"Polygon","coordinates":[[[13.800490663802659,45.911614277676485],[13.802600758444905,45.90941371621143],[13.8,45.90919033995317],[13.8,45.909205795683036],[13.801881143483415,45.909611460534535],[13.8,45.91018678200839],[13.8,45.91080020892855],[13.800168954471713,45.91078370510976],[13.800490663802659,45.911614277676485]]]}},{"type":"Feature","properties":{"_zoneType":"SI_BUILT","name":"Pozidano zemljišče","authority":"MKGP","dataSource":"raba-3000"},"geometry":{"type":"Polygon","coordinates":[[[13.8,45.90443246717314],[13.8,45.90449455050301],[13.800158015125437,45.904441780252995],[13.8,45.90443246717314]]]}},{"type":"Feature","properties":{"_zoneType":"SI_BUILT","name":"Pozidano zemljišče","authority":"MKGP","dataSource":"raba-3000"},"geometry":{"type":"Polygon","coordinates":[[[13.839283420259228,45.81849089770573],[13.83848431016837,45.81955620953294],[13.83485362869454,45.817942982938696],[13.834216723393691,45.81678527430799],[13.836886047406015,45.8155594148744],[13.833600170685179,45.81652478683007],[13.832650633458199,45.81538015606979],[13.833460231402785,45.81475041070193],[13.831707438929447,45.81356353608083],[13.83496248851179,45.813454093171295],[13.830287071768339,45.812262482590896],[13.83173273544763,45.80864522624189],[13.830758861278799,45.8077526513759],[13.83259102481386,45.80566513012147],[13.83486745769281,45.80505382286795],[13.834318178940345,45.804492193885096],[13.835003385708958,45.80381123545937],[13.832013076373533,45.80530133754869],[13.830537097060416,45.807523383530274],[13.82854481423665,45.80609140427096],[13.828796645996,45.80382912919438],[13.83002551086768,45.803536553057675],[13.828675083820356,45.8028473608726],[13.829801999790414,45.800000000000004],[13.82971552618329,45.800000000000004],[13.829698433220532,45.80007385170077],[13.829608101812985,45.800000000000004],[13.828568490367495,45.800000000000004],[13.829190056104633,45.800778217002154],[13.826511539596861,45.80123406620401],[13.828513336810266,45.802368953936394],[13.828194100289945,45.80690667291575],[13.829035690323535,45.808781545195195],[13.825190666444351,45.807086386466125],[13.82302277834594,45.80139797525081],[13.823036789662146,45.800000000000004],[13.822748241819813,45.800000000000004],[13.822640765640303,45.801126960547904],[13.823387276432918,45.803335002941516],[13.822422424741449,45.8036686231512],[13.823768479100094,45.804339159011775],[13.824845156642166,45.807322542953784],[13.821398248527762,45.80650434869215],[13.822772337312086,45.80769533740795],[13.819478577940146,45.80900705504569],[13.817051918182235,45.80844850909403],[13.816921152520566,45.80765815400801],[13.815876335725322,45.808146174036864],[13.818084223949741,45.80354417970491],[13.817536075697328,45.80276142015158],[13.810048027125045,45.800000000000004],[13.809351966013045,45.800000000000004],[13.817318972861955,45.80297631170054],[13.814204198036975,45.81126098428829],[13.812489308696774,45.81185259027668],[13.810712433652247,45.809899315445634],[13.805614486351942,45.8065134287711],[13.804889394953847,45.80339322720345],[13.80631879045138,45.802151496537064],[13.805307916417458,45.800000000000004],[13.804853377277654,45.800000000000004],[13.805380648642302,45.801459080960356],[13.804521961222978,45.803781292042224],[13.805132022980137,45.806257662052396],[13.80649695690984,45.80772483664605],[13.806078387535633,45.80860471200791],[13.807911483507759,45.80888520244654],[13.808377261466784,45.8123402399173],[13.803428254635014,45.80992783593534],[13.801287123990619,45.80961715668403],[13.806218814674848,45.81134502807286],[13.80832674908374,45.814034768046064],[13.806859591748442,45.81433362348549],[13.80604488252203,45.813317594662216],[13.803761780523413,45.814063022057866],[13.80014996028122,45.812722277948545],[13.8,45.81271547412944],[13.8,45.81325002469055],[13.80097720484471,45.81321827013447],[13.802830679147478,45.814203967291846],[13.803047050650582,45.81571925615017],[13.8,45.81537391183194],[13.8,45.81568830620131],[13.804121507338092,45.81629738149759],[13.805577031860011,45.8178820729246],[13.80280419688569,45.81814942548719],[13.8,45.817185591228785],[13.8,45.818059950271895],[13.801004410134691,45.81789476022551],[13.8,45.818513256487826],[13.8,45.819661461941635],[13.800946453000265,45.819477958965116],[13.80038641637283,45.81876677679803],[13.801503606983776,45.818101720058735],[13.803553446048591,45.81868849631111],[13.80023301045997,45.824911803707266],[13.8,45.824998424342056],[13.8,45.82544596443584],[13.801180480942522,45.82443339620348],[13.80366851350339,45.81916361235506],[13.805586303949099,45.81976352397154],[13.807368333567563,45.819143396860014],[13.807835862650423,45.81990702047019],[13.806123604800948,45.82147999673139],[13.807821750630263,45.82065482590567],[13.810414519634529,45.822802912216474],[13.810435076676166,45.824985396357235],[13.807047454736315,45.82617710802157],[13.810326305666457,45.82544028381236],[13.812537561704817,45.82756408642856],[13.812563649389324,45.82990563055782],[13.81468666445519,45.83463834589437],[13.807338745883923,45.84],[13.80814351527561,45.84],[13.810459876316806,45.838447214771776],[13.81426960713986,45.839013538194756],[13.813831706362647,45.84],[13.814316637867545,45.84],[13.815647015873237,45.83719965495842],[13.817379734632503,45.83726164390367],[13.818148433877957,45.83561083188993],[13.821920011814417,45.83620161080261],[13.820739004429232,45.835195438499795],[13.820703778698364,45.832795275928355],[13.823599489423827,45.830980417498544],[13.82493481951902,45.83076551922002],[13.825252502803712,45.832546176633535],[13.832551863936201,45.832767278779386],[13.828959678397066,45.83738909804211],[13.82265135645837,45.84],[13.824863852100663,45.84],[13.830708118591833,45.83649091098883],[13.832009535846696,45.83684040979852],[13.834355873858826,45.835643546256286],[13.833959911662712,45.83316362206066],[13.84,45.827646211914896],[13.84,45.82701988607712],[13.834319642905061,45.83151360919627],[13.830655731166559,45.8325755163329],[13.825508478586876,45.83232661183911],[13.824860989344945,45.830375146946935],[13.820951885669164,45.83220288718286],[13.819818701572892,45.83185370399998],[13.823814259483232,45.82902709534464],[13.824724382704899,45.82749831017483],[13.83038018107254,45.82593447131384],[13.832306147342917,45.82633171221349],[13.830164947738222,45.825192656380395],[13.829609305540664,45.82260778074547],[13.833987205064282,45.820169991720114],[13.836874964315834,45.821223853592166],[13.835011810704895,45.82283606396219],[13.837985317761145,45.82246670687644],[13.84,45.82360945678499],[13.84,45.820291969722355],[13.839925486005935,45.82038053258673],[13.839609462597254,45.81959057778158],[13.84,45.81982819406751],[13.84,45.8188867031227],[13.83923586038073,45.819143695035386],[13.839308379522379,45.818805282014495],[13.84,45.818858571283386],[13.84,45.81859700153301],[13.839283420259228,45.81849089770573]],[[13.838432653748091,45.82011065893753],[13.838160856352781,45.8205798269877],[13.83684302049361,45.82009514773248],[13.838432653748091,45.82011065893753]],[[13.834676541441725,45.81855114434285],[13.835225254772709,45.81832158184807],[13.837087694109796,45.819147943779136],[13.835767771684356,45.819941046010065],[13.834676541441725,45.81855114434285]],[[13.834219400213158,45.81872409431729],[13.831684362593634,45.8174833517453],[13.82943054389966,45.81701590779127],[13.829516182665566,45.81446279290189],[13.831730742498245,45.8148570788524],[13.834219400213158,45.81872409431729]],[[13.827505807698937,45.81744262506368],[13.827777330250878,45.81873334362995],[13.82875438965234,45.81736802735613],[13.831418298493388,45.81768743125748],[13.834035925449049,45.81971879993845],[13.829238361682128,45.82235530480049],[13.824396341870768,45.81997536338639],[13.826516643095076,45.817270227406965],[13.827505807698937,45.81744262506368]],[[13.831146982573769,45.81395600002894],[13.829657194641534,45.813875577624465],[13.829051746777484,45.812524402437894],[13.829760699761447,45.812306791530794],[13.831146982573769,45.81395600002894]],[[13.822083274222488,45.8268193486491],[13.822917756034675,45.821257194347474],[13.824332988495625,45.82025711292474],[13.828681759537824,45.82242583304304],[13.829839229693283,45.82576343922322],[13.82447126128439,45.827324415617596],[13.82355342123558,45.82886873446858],[13.818640997891805,45.83137702492006],[13.822083274222488,45.8268193486491]],[[13.81593797780652,45.81232011546521],[13.817751614444548,45.81267595427398],[13.818049426852243,45.81144191877062],[13.821979334145684,45.809930569863546],[13.822852059895487,45.81052392819898],[13.822077247930192,45.81112184522121],[13.825230217673859,45.811190963737566],[13.823732660348249,45.81332672226303],[13.825954692164471,45.812686260568015],[13.825375970275648,45.81214011664699],[13.8260893625547,45.81129269083161],[13.828515526673607,45.81240814331893],[13.82519818262693,45.8154475826577],[13.82755512111367,45.81381061527753],[13.829330085910263,45.81561037901175],[13.828621696948392,45.816943946217386],[13.826597641832333,45.81699741166836],[13.820511462386106,45.81486030467516],[13.815042999152071,45.813898731217385],[13.81593797780652,45.81232011546521]],[[13.827525736888262,45.80968526800664],[13.827155367034697,45.81007201525233],[13.826722063931093,45.80930930594782],[13.827525736888262,45.80968526800664]],[[13.826086510414466,45.8094149695763],[13.824419825697031,45.80934312998111],[13.8248741080917,45.8107373687472],[13.82001348917146,45.80934406651799],[13.821646267104242,45.808151158117774],[13.825339311123496,45.80806050616099],[13.826086510414466,45.8094149695763]],[[13.812711902954009,45.81914060788924],[13.811677404345632,45.81762832284583],[13.81290314553796,45.81736770899615],[13.811983429744904,45.81546723373554],[13.815435869999973,45.81549924768598],[13.816627764545936,45.81456055556913],[13.821145736056291,45.81535037634021],[13.82577833294352,45.817641652085875],[13.823754590219608,45.81922468176143],[13.817540214036303,45.81555451087373],[13.81979045724188,45.81719842848513],[13.817791807266074,45.817657283140036],[13.820500320887763,45.817711290963786],[13.823769647465676,45.81992500790989],[13.822638997220988,45.82103586144276],[13.819107102652461,45.82085281262092],[13.817654327982956,45.8226555463464],[13.813250939536308,45.824190130197],[13.81088150431628,45.82366236453655],[13.810708976855677,45.822660538961244],[13.808501691580755,45.821162383630245],[13.808238064592867,45.81957226662039],[13.81010541364145,45.817177811961095],[13.812711902954009,45.81914060788924]],[[13.814686384435708,45.82384238436079],[13.815757669919652,45.824757943342746],[13.815413611769625,45.82369853895033],[13.818001652615234,45.82275033490652],[13.819507201856801,45.82113988343612],[13.822400393899787,45.82156512349509],[13.821716958489558,45.826804231525614],[13.819210064584292,45.82936281415956],[13.813205693276723,45.830245173935296],[13.813142479979492,45.827526440441616],[13.815843800985961,45.8275436362379],[13.812183685270234,45.82704662518113],[13.810868928828569,45.824249754338815],[13.813280962497425,45.82445675078657],[13.814686384435708,45.82384238436079]],[[13.815632405221864,45.83457080665352],[13.818729185786152,45.832379397410925],[13.820356837632476,45.83240551039082],[13.820195117140395,45.83433871599645],[13.815278034879332,45.83652319455993],[13.816046708260632,45.835421470803375],[13.815632405221864,45.83457080665352]],[[13.820203932305919,45.80992765256244],[13.81548613870551,45.81193128446746],[13.8155748288746,45.808984554203356],[13.819273158416172,45.80912992631468],[13.820203932305919,45.80992765256244]],[[13.813524130416159,45.83065947383696],[13.818613245289187,45.829799164989254],[13.818111658346043,45.83222828647694],[13.815508094005201,45.83432404038772],[13.813884164441259,45.83260513132565],[13.813524130416159,45.83065947383696]],[[13.815593799774325,45.8353878706589],[13.813541104168163,45.83772153806187],[13.81103741092729,45.8380832333947],[13.814665516234784,45.83516699153775],[13.815593799774325,45.8353878706589]],[[13.81316018149105,45.81359814518296],[13.812322280522372,45.81383995256338],[13.811891924261873,45.812650773769164],[13.81316018149105,45.81359814518296]],[[13.810616136937506,45.81019355852637],[13.811371067140033,45.81278441723623],[13.809159823850012,45.81361947885102],[13.80900833716884,45.80939315953215],[13.810616136937506,45.81019355852637]],[[13.808562043990257,45.81774970773541],[13.807455877160697,45.817912762724],[13.80748347789708,45.81870348343658],[13.806250463609492,45.81756108796198],[13.80772786012362,45.81664979079824],[13.808562043990257,45.81774970773541]],[[13.806598168122033,45.81880976654615],[13.805744946311185,45.81905114592486],[13.806177873694518,45.81831300154266],[13.806598168122033,45.81880976654615]],[[13.806377467467714,45.8147853736682],[13.804899092525924,45.816292038724555],[13.803131658003101,45.81519636991979],[13.803545089906537,45.81431573737281],[13.806377467467714,45.8147853736682]]]}},{"type":"Feature","properties":{"_zoneType":"SI_BUILT","name":"Pozidano zemljišče","authority":"MKGP","dataSource":"raba-3000"},"geometry":{"type":"Polygon","coordinates":[[[13.832031924778137,45.83912903075454],[13.836038385287734,45.83927204843552],[13.835633808693373,45.83830022576543],[13.836612272593108,45.83797736473706],[13.839517322458857,45.83957240161011],[13.838324601966125,45.83853741822563],[13.838027860492708,45.836588263864236],[13.83966560442351,45.836278835306516],[13.84,45.835529446977716],[13.84,45.8346466338316],[13.839460806042592,45.83601168324501],[13.837758214626374,45.83634064720198],[13.837466408675906,45.837388223911454],[13.828764915065472,45.84],[13.832037930179604,45.84],[13.832031924778137,45.83912903075454]]]}},{"type":"Feature","properties":{"_zoneType":"SI_BUILT","name":"Pozidano zemljišče","authority":"MKGP","dataSource":"raba-3000"},"geometry":{"type":"Polygon","coordinates":[[[13.804329792451066,45.85186262619965],[13.800642377952643,45.853553485331936],[13.802951239127227,45.85357769919229],[13.803815969293996,45.852632739867055],[13.806298231161268,45.85340283752863],[13.806756778873167,45.85152547291066],[13.808892814785601,45.85196102667118],[13.810315205315852,45.85012922572111],[13.811792605390902,45.85102835164982],[13.811257376615455,45.85214335003908],[13.812264296623853,45.85199181704222],[13.811308678253296,45.849867108923284],[13.811891607355722,45.848624607932784],[13.817287546132768,45.84805083698079],[13.820683062549433,45.84604355656001],[13.821674808158408,45.84728910267777],[13.81932748446348,45.84976948925456],[13.821617724689542,45.848658361574635],[13.823901771079987,45.85053524853813],[13.826155403244762,45.85044096877721],[13.824289917748345,45.85034375995041],[13.821923359316095,45.848424075268525],[13.823713841791808,45.84828574830187],[13.824308959017113,45.84699405296765],[13.823537995999907,45.846445565167954],[13.823947756184424,45.847110431134006],[13.822958301079561,45.8478990140114],[13.821347766040528,45.8457111946389],[13.823788920359208,45.84442884311294],[13.825314214778471,45.84525351748644],[13.826462201426246,45.84793675843474],[13.827158324841013,45.84718225518758],[13.828138736078731,45.848075018719925],[13.828423486090266,45.8509028647987],[13.8271400223209,45.852434472628104],[13.820204069462592,45.85375715843018],[13.823511829471048,45.85379126713061],[13.829178100766349,45.85202493000757],[13.828784158844863,45.85327814416604],[13.830073231760535,45.852799805147235],[13.831183826963578,45.853870009882435],[13.836991822827818,45.85392927843565],[13.836255861048484,45.85334389161454],[13.836921610664614,45.8523464517064],[13.838430404006102,45.85285712196068],[13.838589448246903,45.85394552984842],[13.84,45.85215265865359],[13.84,45.85101071859524],[13.833745281913298,45.85124651350353],[13.835797165828149,45.85179255361495],[13.835147980830353,45.85257689193103],[13.831528066591964,45.851845433008364],[13.83146550908213,45.85099781115463],[13.829591553919494,45.85129049965601],[13.828905553086292,45.848743407116],[13.826353000807076,45.84435534791848],[13.829918050655591,45.843868084065186],[13.83045717307723,45.84300919015657],[13.829447681222407,45.84197874291312],[13.832039512829256,45.840229533226214],[13.832037930179604,45.84],[13.828764915065472,45.84],[13.827988105148496,45.84023316153035],[13.826575077344069,45.843808778963556],[13.821074195312981,45.844940957518375],[13.819089070682653,45.846188164725454],[13.820760576227276,45.84372313081921],[13.82002272707983,45.84290677001776],[13.824863852100663,45.84],[13.82265135645837,45.84],[13.82244765196745,45.840084309656255],[13.816330695700087,45.84422037753397],[13.806333213847948,45.84721736976251],[13.800605087436152,45.85125679080125],[13.8,45.85131142461357],[13.8,45.85203461038066],[13.80323427258032,45.850358881505954],[13.804329792451066,45.85186262619965]],[[13.83744464170588,45.85222355752814],[13.838075935322188,45.851717808780656],[13.83932867075259,45.851600561565164],[13.839030114699334,45.85247445211179],[13.83744464170588,45.85222355752814]],[[13.832137102482994,45.852442267798885],[13.830999836727544,45.85298077564344],[13.83017105070746,45.85195347558956],[13.832137102482994,45.852442267798885]],[[13.829871080851342,45.84076490639535],[13.82930417340442,45.84149407269433],[13.82887628541067,45.84066855591164],[13.829871080851342,45.84076490639535]],[[13.819914468442052,45.84343991450953],[13.8198951449908,45.84384468955917],[13.819115679369544,45.843509172992],[13.819914468442052,45.84343991450953]],[[13.818524137078924,45.845745881448266],[13.817476522663267,45.84720294865023],[13.815491914342722,45.847727569422084],[13.814579023529598,45.846818079917185],[13.814229217225593,45.8477846235096],[13.81262423279445,45.84811098339163],[13.811677152180062,45.84699056008443],[13.8173130004969,45.844693423885474],[13.818524137078924,45.845745881448266]],[[13.809592115416464,45.84693391001289],[13.811171760634254,45.8466515091931],[13.812034777910345,45.848033253628884],[13.808573314475172,45.85025202181875],[13.804722737120231,45.850868473148985],[13.805912141798926,45.848580807811096],[13.809592115416464,45.84693391001289]]]}},{"type":"Feature","properties":{"_zoneType":"SI_BUILT","name":"Pozidano zemljišče","authority":"MKGP","dataSource":"raba-3000"},"geometry":{"type":"Polygon","coordinates":[[[13.80177723655476,45.84405814096047],[13.8,45.843552041602564],[13.8,45.84375218409217],[13.801654632215909,45.84434985806772],[13.80814351527561,45.84],[13.807338745883923,45.84],[13.80177723655476,45.84405814096047]]]}},{"type":"Feature","properties":{"_zoneType":"SI_BUILT","name":"Pozidano zemljišče","authority":"MKGP","dataSource":"raba-3000"},"geometry":{"type":"Polygon","coordinates":[[[13.812903543059559,45.842090879247486],[13.804147824607425,45.84458097178699],[13.800322097764449,45.84880718285292],[13.80436720750289,45.84488874803469],[13.813275106205205,45.84219234534381],[13.814316637867545,45.84],[13.813831706362647,45.84],[13.812903543059559,45.842090879247486]]]}},{"type":"Feature","properties":{"_zoneType":"SI_BUILT","name":"Pozidano zemljišče","authority":"MKGP","dataSource":"raba-3000"},"geometry":{"type":"Polygon","coordinates":[[[13.837525353677039,45.84771753522212],[13.84,45.84855483763518],[13.84,45.84824225620807],[13.837525353677039,45.84771753522212]]]}},{"type":"Feature","properties":{"_zoneType":"SI_BUILT","name":"Pozidano zemljišče","authority":"MKGP","dataSource":"raba-3000"},"geometry":{"type":"Polygon","coordinates":[[[13.879252322946488,45.81170220050162],[13.876074652053157,45.80939348191514],[13.873724424179414,45.80975747385131],[13.866725030506428,45.80754207269128],[13.866275162078027,45.804655777560285],[13.86744073104587,45.80427906218828],[13.86794099550995,45.80593007058642],[13.868634531045494,45.80489851171726],[13.875289019171797,45.80491841227848],[13.8760709925674,45.805475382213935],[13.87494513920971,45.80622252579416],[13.876642643720338,45.806476561038956],[13.87875587506635,45.803975710380755],[13.877237456260614,45.80374372207651],[13.876337938502338,45.8049477203631],[13.87106881093823,45.80472498581463],[13.879046855669706,45.800348341871825],[13.88,45.80075552437647],[13.88,45.80008722053662],[13.879803602882928,45.800000000000004],[13.878194036445144,45.800000000000004],[13.876013537489685,45.80198052397128],[13.871087582182373,45.80428369071879],[13.870445718257773,45.80392656421624],[13.87168003656859,45.80299538605255],[13.867527197063964,45.80350422328841],[13.869911818775076,45.802697761482044],[13.873126358455899,45.800000000000004],[13.872480732861636,45.800000000000004],[13.869600020896122,45.80256993506245],[13.863893262293734,45.803528635008654],[13.860346423953995,45.805039192649566],[13.859227518121825,45.80762517458582],[13.852612687130001,45.81366013148599],[13.852155185091098,45.814950323519625],[13.851368785946901,45.814214027283924],[13.852285642717082,45.812484849737444],[13.851023618223453,45.81199944008219],[13.851902929134553,45.8105832048645],[13.850546355613,45.81123828076544],[13.847611132736962,45.80726107211325],[13.845228418444595,45.805766187128256],[13.847499442444338,45.80579494807904],[13.846166903091277,45.8051050820236],[13.847821348000013,45.803220641418925],[13.851971146354886,45.800000000000004],[13.85136687154898,45.800000000000004],[13.845767521612402,45.80478497683349],[13.844721524005578,45.802399134395735],[13.841858718654585,45.80014948410771],[13.841952279429323,45.800000000000004],[13.840899561121603,45.800000000000004],[13.841932420685744,45.80129338473771],[13.84435902761638,45.805720198385174],[13.842619905315924,45.80627292224786],[13.843274612101194,45.807868601299],[13.844389728277035,45.80680276072713],[13.84807118608426,45.81006660961525],[13.846030221600744,45.81150613192338],[13.844469973865115,45.809942539029215],[13.846067421611695,45.80938049243192],[13.844367974842365,45.80905540852284],[13.844125888938628,45.809782226126146],[13.84488062121055,45.811828528890054],[13.848679792039563,45.814299230903686],[13.847918526207344,45.81653288863976],[13.845806734187166,45.816618253607956],[13.84178208076531,45.81886087389634],[13.84,45.81859700153301],[13.84,45.818858571283386],[13.840068055644885,45.81886381496207],[13.84,45.8188867031227],[13.84,45.81982819406751],[13.840258086991858,45.81998522300257],[13.84,45.820291969722355],[13.84,45.82360945678499],[13.840338049575864,45.82380120221981],[13.84119474863028,45.822220064110574],[13.841978017109728,45.82306940840031],[13.841691989623406,45.82477136314361],[13.840183553040394,45.82569683848993],[13.840747770399842,45.82642832588514],[13.84,45.82701988607712],[13.84,45.827646211914896],[13.840683052125744,45.82702226760842],[13.8424255712692,45.826678490045886],[13.842709648739236,45.82846196355753],[13.840923621135135,45.829602855645774],[13.842904243475429,45.829752112550786],[13.840363282298553,45.832413609903966],[13.842811500623318,45.83251780779319],[13.840436039123576,45.83354273616791],[13.84,45.8346466338316],[13.84,45.835529446977716],[13.840839544935406,45.83364800708935],[13.842704668357571,45.832993837244146],[13.848191820429966,45.83601411028606],[13.849300371910534,45.8379102986008],[13.848675264272133,45.84],[13.849618488345149,45.84],[13.84968049807482,45.83988072468564],[13.849282057186587,45.836955796910885],[13.854200016076058,45.83669753834366],[13.849178568365941,45.83654339665021],[13.843403973400749,45.83253897738736],[13.848386152599724,45.82911309042761],[13.850818795511495,45.82969302658207],[13.853421663595507,45.8289500678401],[13.854665551781755,45.8298628692112],[13.85444442447753,45.82878000135944],[13.85781943489441,45.82756840974907],[13.859072321444145,45.82910565372765],[13.858668083331752,45.82752500660372],[13.863264441587264,45.8260849388956],[13.868568502241368,45.8270235603937],[13.872022417659014,45.82927510745047],[13.875433687581166,45.83322904920033],[13.875109449470871,45.83385715982747],[13.877634559453478,45.83528314327938],[13.875815348795705,45.83614676271384],[13.874650435384096,45.83559394188911],[13.874953571979743,45.8365342773649],[13.872274516215287,45.83731126749559],[13.871416808821074,45.836129230078896],[13.867442968871485,45.83480814797772],[13.871837319234782,45.83731618166401],[13.868121662749752,45.838383858414566],[13.87099177506713,45.83964178518057],[13.86885827453562,45.8382049558133],[13.877760667861786,45.83590876146057],[13.87933136472568,45.83762308566112],[13.879691006190649,45.84],[13.879927744256051,45.84],[13.879742976658457,45.83884352025975],[13.88,45.83883285367738],[13.88,45.83777572181097],[13.879077248907,45.836656403679335],[13.88,45.83687029705421],[13.88,45.83621471144839],[13.878905254035251,45.83574545426878],[13.87850832766645,45.833667536852616],[13.875991483569472,45.83348770537373],[13.87235787794253,45.82916672745435],[13.870147337270337,45.82779257171586],[13.871721928331175,45.82560733302402],[13.873775730561155,45.82544423450003],[13.874138273707363,45.82629977170169],[13.87963176136212,45.82366480485987],[13.88,45.823397806256885],[13.88,45.82260179059889],[13.87945659286586,45.823452968652404],[13.876580306098328,45.824503804285975],[13.875296119438751,45.82362715131524],[13.874619012255831,45.82511344905827],[13.872115996250425,45.825243722268105],[13.870780525767257,45.82582585039044],[13.869687323550398,45.8251521881195],[13.870203790615664,45.82616373489179],[13.869351752209461,45.827004013081975],[13.86218010557223,45.82588704241126],[13.851007054946857,45.82935544434935],[13.848248738512181,45.82887425759696],[13.845536188000933,45.83084725194783],[13.843216981338772,45.83088740159003],[13.844377135763095,45.82680186974301],[13.84305864916761,45.82707702741796],[13.842448888703128,45.82524663382565],[13.84344797229643,45.823944596189286],[13.844981329090647,45.82509932734065],[13.848070593216773,45.82434380011458],[13.848071573334497,45.82237779497875],[13.850090748368268,45.82142312702954],[13.85221703071222,45.823141798119835],[13.853118505366352,45.822838971199985],[13.854094272025657,45.82122859192989],[13.852532841899661,45.82273974286774],[13.849636282442901,45.82077580395206],[13.851431281394623,45.82053580916862],[13.853621635371772,45.8180238346303],[13.854453834610187,45.818715912397536],[13.856438198186058,45.818199019429166],[13.855289056485983,45.81804373512689],[13.855404607059086,45.8171107725076],[13.856677456980018,45.816796954675354],[13.856762159713254,45.81533956401886],[13.858286224907134,45.815081630918435],[13.85744899350988,45.81467355382437],[13.853712209543456,45.81620278311687],[13.85356378742095,45.8146688617619],[13.854482028953878,45.81420090807139],[13.853356614623983,45.813659452429626],[13.859602258721923,45.80771299198653],[13.860366179720563,45.80541757140692],[13.864430102258995,45.80367383023798],[13.864950857115138,45.804100549278786],[13.861800342050909,45.80681793959626],[13.865129114489253,45.80458686892252],[13.86604038411065,45.80736924183705],[13.867286355908234,45.80842817063654],[13.873729675257305,45.81008887124367],[13.875900105760113,45.809665591358886],[13.88,45.8136462659304],[13.88,45.81168171535613],[13.879252322946488,45.81170220050162]],[[13.849157370300306,45.820814575333024],[13.847073748392352,45.820158510954045],[13.85030014695615,45.81698545399353],[13.851952533140127,45.816949413945395],[13.849157370300306,45.820814575333024]],[[13.84992638198515,45.81182991355906],[13.85113377403096,45.81331921194805],[13.850387394772149,45.81381516224274],[13.849633055811895,45.812165445210525],[13.84992638198515,45.81182991355906]],[[13.848923249755183,45.81157149044724],[13.848108521194744,45.81215894630203],[13.84739569478163,45.81194997586109],[13.848080233625286,45.81084606541477],[13.848923249755183,45.81157149044724]],[[13.848157735326234,45.821487628496904],[13.846879739397181,45.82229335657005],[13.845623550132595,45.822244937247525],[13.846697369565613,45.82065567582181],[13.848157735326234,45.821487628496904]],[[13.845213138037451,45.81763991493306],[13.847121423040111,45.817899364854334],[13.84462310226291,45.81905055508895],[13.845213138037451,45.81763991493306]],[[13.8445806443988,45.83160023670735],[13.84411014196827,45.831880212799305],[13.844164239471556,45.831258691169346],[13.8445806443988,45.83160023670735]],[[13.844800265387612,45.80506330455754],[13.843680894834966,45.80447131252015],[13.842599496535057,45.80183752338389],[13.844419106783729,45.802584641544264],[13.844800265387612,45.80506330455754]],[[13.843483913166603,45.82034926436102],[13.842834196234174,45.82053268515579],[13.843273882909935,45.81994483651079],[13.843483913166603,45.82034926436102]]]}},{"type":"Feature","properties":{"_zoneType":"SI_BUILT","name":"Pozidano zemljišče","authority":"MKGP","dataSource":"raba-3000"},"geometry":{"type":"Polygon","coordinates":[[[13.87869581992693,45.80283672920725],[13.88,45.802353251900776],[13.88,45.80198007125834],[13.87869581992693,45.80283672920725]]]}},{"type":"Feature","properties":{"_zoneType":"SI_BUILT","name":"Pozidano zemljišče","authority":"MKGP","dataSource":"raba-3000"},"geometry":{"type":"Polygon","coordinates":[[[13.844290890613879,45.83946460594009],[13.843098771828641,45.83957324594171],[13.843587655347942,45.84],[13.844679737776465,45.84],[13.844290890613879,45.83946460594009]]]}},{"type":"Feature","properties":{"_zoneType":"SI_BUILT","name":"Pozidano zemljišče","authority":"MKGP","dataSource":"raba-3000"},"geometry":{"type":"Polygon","coordinates":[[[13.840354826000366,45.85170165973501],[13.842990153651014,45.85247805340966],[13.844530227481023,45.851909406771206],[13.844431591166842,45.852887146392156],[13.84708178576504,45.85245227933882],[13.847339027627012,45.85130759434206],[13.84986781286223,45.85132551389876],[13.847431764756394,45.85088486465403],[13.84780378724468,45.85023934903669],[13.854811613086516,45.849451198781416],[13.855543021760631,45.84860387875067],[13.858137551683123,45.84928303022456],[13.859977422026873,45.85163510690547],[13.859147431782816,45.853348038497636],[13.860332098775888,45.85416447959872],[13.861470498209567,45.85262657978317],[13.86046229312002,45.85244787898835],[13.86036950825702,45.8514146909261],[13.858611760343933,45.84951098747142],[13.859644954057782,45.84881154353712],[13.85309237212778,45.84806701388471],[13.852822801337092,45.84744038095852],[13.853857672825274,45.847118649822455],[13.853302271537034,45.84652288080422],[13.855209977184549,45.846149135834565],[13.855880403889712,45.84723196597236],[13.855817367774149,45.846152942683325],[13.856826928090603,45.84590377523822],[13.857093130192352,45.84684473606477],[13.858725054048552,45.84648711941679],[13.8590300694263,45.847535456799534],[13.861055568087615,45.84687752310377],[13.859714995478322,45.84609284876871],[13.860961514481323,45.84541041112974],[13.862128419527656,45.845866367385746],[13.861952604566875,45.8468444032243],[13.86507647814502,45.84721277668371],[13.86492024298706,45.84811924055807],[13.86664142315546,45.84682978689396],[13.867758376628588,45.847743828478606],[13.863506530569873,45.84961552446887],[13.868957838696108,45.84778246640543],[13.87346999227407,45.84792802757198],[13.872076148603673,45.847083336163834],[13.868716853373133,45.847543543174034],[13.866918725628803,45.84600856805723],[13.868918117603023,45.845598289800556],[13.869475567938723,45.846586960266855],[13.871534330451645,45.84506309990211],[13.87592313179446,45.84467548507624],[13.88,45.841587301015664],[13.88,45.84022716012494],[13.879967719803762,45.840250211138944],[13.879927744256051,45.84],[13.879691006190649,45.84],[13.8798484439215,45.841040525179636],[13.878771630018624,45.8417801972849],[13.876841104827989,45.840677078745884],[13.878320927853824,45.842054195742406],[13.87640486283164,45.84380976961378],[13.86964182245037,45.8454359971947],[13.8640086876549,45.844222691311636],[13.86577063990369,45.84352742094831],[13.862973452207356,45.84371533608261],[13.86209313470252,45.842371842662764],[13.862059915021613,45.84433801527625],[13.861087773034471,45.84411647216992],[13.860973059394125,45.84289586035403],[13.860705778411868,45.844877246596894],[13.858972593617368,45.84564786503977],[13.855941119402118,45.84396413356931],[13.859999187099978,45.84213227828799],[13.859999682769908,45.84121376174305],[13.858310701417379,45.841700645874845],[13.857298388325539,45.840314861492175],[13.85814113218871,45.84249153319481],[13.853684200370907,45.84263186441413],[13.853036263661455,45.84426175658618],[13.850072915839831,45.844715749195004],[13.848386233384694,45.8423702344545],[13.849618488345149,45.84],[13.848675264272133,45.84],[13.848041733866188,45.84211785826059],[13.848483539237465,45.844078141439155],[13.846979641251911,45.84246242692121],[13.844283415601407,45.842574081342356],[13.845204498448025,45.840722530015555],[13.844679737776465,45.84],[13.843587655347942,45.84],[13.844471179464804,45.84077124199853],[13.843384457480315,45.84212894350091],[13.84439881754763,45.84294551700022],[13.847195371024702,45.84361902464759],[13.848516780935178,45.84460239359615],[13.848147928196862,45.846143794510084],[13.850167481143137,45.847733282031434],[13.848255074830027,45.8493681527853],[13.846510777632673,45.848510604829315],[13.847477989310665,45.84976449176144],[13.8462152454564,45.85003432406929],[13.84582359245881,45.8513416745638],[13.844898886593953,45.85105671796647],[13.845765596365753,45.85035672617662],[13.842269181279002,45.84872341063688],[13.84,45.84824225620807],[13.84,45.84855483763518],[13.844308751152143,45.85001271373792],[13.844476384967367,45.85084196458135],[13.84,45.85101071859524],[13.84,45.85215265865359],[13.840354826000366,45.85170165973501]],[[13.863705429685814,45.84510068799735],[13.864683544499513,45.844613525841815],[13.866677894065775,45.846409258008414],[13.86459263726533,45.8465516286587],[13.864114393805695,45.84558110922135],[13.862512440647857,45.84544310473819],[13.8627418526603,45.844279420903],[13.863705429685814,45.84510068799735]],[[13.857330206769326,45.84498283173916],[13.857111019551482,45.845618738060445],[13.85460933276184,45.84589921631016],[13.855392402776957,45.844256314676336],[13.857330206769326,45.84498283173916]],[[13.855901926687961,45.84325811344251],[13.855410713269485,45.84368969277075],[13.855473402382287,45.842957397682966],[13.855901926687961,45.84325811344251]],[[13.854412755896034,45.84457074177771],[13.851979965691022,45.846905372525654],[13.848699150102012,45.845934589298906],[13.853940080887076,45.84428666614297],[13.854412755896034,45.84457074177771]],[[13.843562132629602,45.851744632996116],[13.84315443012805,45.8520853958237],[13.843017665317563,45.85146803601364],[13.843562132629602,45.851744632996116]]]}},{"type":"Feature","properties":{"_zoneType":"SI_BUILT","name":"Pozidano zemljišče","authority":"MKGP","dataSource":"raba-3000"},"geometry":{"type":"Polygon","coordinates":[[[13.882879052314825,45.839114270398206],[13.884370057821089,45.83935486090013],[13.883919867307117,45.84],[13.885834536106424,45.84],[13.886359273677751,45.83966133540501],[13.886777061062682,45.84],[13.891265838976347,45.84],[13.891005721141934,45.839796617873226],[13.891552456517454,45.83913020376622],[13.889703901478352,45.839363368090126],[13.890141670749586,45.83854398067652],[13.884166523208874,45.83644563269271],[13.884489114347241,45.83489357629909],[13.882092152085892,45.83547650765872],[13.883115221258205,45.83628893323912],[13.882230817902006,45.83717093997138],[13.88,45.83621471144839],[13.88,45.83687029705421],[13.88093644878662,45.8370873655496],[13.881403399600744,45.838322501457505],[13.88070564422,45.8386316843516],[13.88,45.83777572181097],[13.88,45.83883285367738],[13.882073037420705,45.8387468217074],[13.880318110665714,45.84],[13.882233374313271,45.84],[13.882879052314825,45.839114270398206]]]}},{"type":"Feature","properties":{"_zoneType":"SI_BUILT","name":"Pozidano zemljišče","authority":"MKGP","dataSource":"raba-3000"},"geometry":{"type":"Polygon","coordinates":[[[13.919334941668032,45.81292819894776],[13.92,45.81260112156179],[13.92,45.8120130470215],[13.91972907107417,45.811731930668586],[13.91891274696528,45.81287628897462],[13.92,45.81403363054232],[13.92,45.813294117590516],[13.919334941668032,45.81292819894776]]]}},{"type":"Feature","properties":{"_zoneType":"SI_BUILT","name":"Pozidano zemljišče","authority":"MKGP","dataSource":"raba-3000"},"geometry":{"type":"Polygon","coordinates":[[[13.912561668009339,45.81192509161664],[13.910551432971744,45.8119896480807],[13.906917303728587,45.813357296751185],[13.907633196038,45.81069849757523],[13.906241175522345,45.813544374526735],[13.902899838434076,45.81431897131019],[13.901200420576558,45.81440838303853],[13.897407236754914,45.812338182145346],[13.892782002358976,45.813538311611396],[13.890344326734308,45.812772763327665],[13.887656661343721,45.81352770090027],[13.88405301934209,45.81036997348302],[13.882913288460632,45.81160189595054],[13.88,45.81168171535613],[13.88,45.8136462659304],[13.880297232225946,45.81393485502427],[13.882496160851938,45.81313646960399],[13.883364953808616,45.81458216254756],[13.884083419910011,45.813929156126036],[13.883276262163077,45.8128491303236],[13.884426846551433,45.812593507568394],[13.885178651871238,45.81405028961526],[13.891088828374643,45.81365017959518],[13.887484499833066,45.81688078634035],[13.88598351178327,45.8171122617866],[13.886734545121499,45.81760629982188],[13.885692469731337,45.818939475800185],[13.880612911473316,45.82164174285189],[13.88,45.82260179059889],[13.88,45.823397806256885],[13.882739253799315,45.821411656889616],[13.883778429110398,45.8228482882077],[13.886953756917402,45.82113520248056],[13.888431563687712,45.823273967843335],[13.888546829404557,45.82210254365689],[13.88970609105872,45.822074720894676],[13.885280794729765,45.81961288368995],[13.887215484837329,45.81885421709066],[13.887261554670108,45.81754375618742],[13.888256444098213,45.81828507860683],[13.889191761764565,45.81767980888811],[13.891128737393196,45.814155249979684],[13.897880039654172,45.812675806433035],[13.898981529085546,45.81327370132297],[13.89843014824623,45.81461771935215],[13.901471076158016,45.81484587752078],[13.90127963046017,45.8154106097416],[13.904684071736142,45.82212980223011],[13.902439470700179,45.82315902546217],[13.903143433546257,45.82374013530581],[13.904865479676634,45.82277236870955],[13.905802073395236,45.8254544666891],[13.90739228632638,45.82770058008645],[13.905724070303116,45.82893787675235],[13.902384963322923,45.82658617365563],[13.903395180842777,45.82430458731919],[13.901858745015012,45.82673782142899],[13.89962579603962,45.826845785827025],[13.899066796327396,45.82748443435941],[13.896116118049207,45.82457691552351],[13.896285078200224,45.82605893490585],[13.898466896822477,45.827721139165746],[13.89808959815022,45.82867896044635],[13.900153859347215,45.82702355704545],[13.903093714788614,45.827218414184415],[13.90593554966532,45.82936991216419],[13.906950065914678,45.83164283969398],[13.90237783078015,45.830530814639474],[13.902080548058885,45.83217786262747],[13.903998844941244,45.83127978481167],[13.906103155891826,45.83255131344413],[13.901651090672841,45.834308853786666],[13.900357020412804,45.83375720653893],[13.901870256788389,45.833193632821576],[13.901287159458484,45.832606230708265],[13.899979430716934,45.833624607141466],[13.90091669981321,45.83634832569545],[13.898989469001899,45.837124370048194],[13.90154242681651,45.83671411649023],[13.902884768320966,45.838300676956166],[13.904698092358691,45.83858813227192],[13.903704906815841,45.84],[13.904002221471147,45.84],[13.905075759207937,45.838608995506576],[13.901525805528847,45.83527430587702],[13.904653817158929,45.83333602074694],[13.909444678867334,45.832525114804916],[13.91110401657723,45.83094967799627],[13.912977136668651,45.83154506059975],[13.917706262146902,45.82856285121059],[13.91459676001608,45.830261608106824],[13.91304459463648,45.829642026079135],[13.912426766751672,45.83085789310351],[13.908842019569077,45.83106871001321],[13.906954083866312,45.83022238551658],[13.906748733090478,45.82952654827483],[13.908561610913456,45.82869883766974],[13.906038294893952,45.82516857968933],[13.90337211940878,45.818808390438384],[13.903950426019115,45.81814331972357],[13.901932953029972,45.81604135526449],[13.902467020765771,45.814649387666115],[13.905596932941945,45.8145775541434],[13.90910368344991,45.81268415525031],[13.912390269639557,45.812203227986124],[13.917385583331384,45.81416862786491],[13.92,45.81447093359918],[13.92,45.8140770700754],[13.912561668009339,45.81192509161664]],[[13.907153579011757,45.83090172521632],[13.908213976668792,45.83120458294488],[13.90706478629718,45.83122897697725],[13.907153579011757,45.83090172521632]],[[13.884937487066063,45.820027438546944],[13.885246154304527,45.82157634956616],[13.883296389439208,45.8210480939872],[13.884937487066063,45.820027438546944]],[[13.882108090756182,45.81259186188331],[13.881092728996398,45.813084357963774],[13.88008819443981,45.81241499929848],[13.88154531185656,45.812059183408756],[13.882108090756182,45.81259186188331]]]}},{"type":"Feature","properties":{"_zoneType":"SI_BUILT","name":"Pozidano zemljišče","authority":"MKGP","dataSource":"raba-3000"},"geometry":{"type":"Polygon","coordinates":[[[13.881129598708151,45.80123808805188],[13.88,45.80198007125834],[13.88,45.802353251900776],[13.88099650746064,45.80198383301998],[13.88276306006252,45.80330358475268],[13.88281378553416,45.80209294873726],[13.884515862484609,45.80092909381057],[13.885392979622901,45.802052155223926],[13.890339704054618,45.80104050632222],[13.890079422895907,45.800000000000004],[13.889458065088558,45.800000000000004],[13.88948812264307,45.800841362617234],[13.88474794757681,45.80060743245932],[13.883110308756253,45.80118718554989],[13.881757992761829,45.800000000000004],[13.881242932812102,45.800000000000004],[13.88111013145915,45.80058023317868],[13.88,45.80008722053662],[13.88,45.80075552437647],[13.881129598708151,45.80123808805188]]]}},{"type":"Feature","properties":{"_zoneType":"SI_BUILT","name":"Pozidano zemljišče","authority":"MKGP","dataSource":"raba-3000"},"geometry":{"type":"Polygon","coordinates":[[[13.91886888779612,45.815350836715886],[13.92,45.81608092619688],[13.92,45.81589655294661],[13.91886888779612,45.815350836715886]]]}},{"type":"Feature","properties":{"_zoneType":"SI_BUILT","name":"Pozidano zemljišče","authority":"MKGP","dataSource":"raba-3000"},"geometry":{"type":"Polygon","coordinates":[[[13.918951881846095,45.818624824446566],[13.92,45.81906252125939],[13.92,45.818200133285245],[13.918951881846095,45.818624824446566]]]}},{"type":"Feature","properties":{"_zoneType":"SI_BUILT","name":"Pozidano zemljišče","authority":"MKGP","dataSource":"raba-3000"},"geometry":{"type":"Polygon","coordinates":[[[13.919900103990189,45.82069467645012],[13.91951770846017,45.82282262995482],[13.915887232463065,45.82204445734118],[13.916084795454275,45.820575403900165],[13.917256423290524,45.82001394841593],[13.91589969350765,45.82033765806858],[13.914955523438971,45.82197994225453],[13.912092074532325,45.82063919023527],[13.909056950862462,45.822058961540016],[13.91204657654858,45.821561414803035],[13.918972091997505,45.82342585387894],[13.92,45.823174121540085],[13.92,45.82068079267869],[13.919900103990189,45.82069467645012]]]}},{"type":"Feature","properties":{"_zoneType":"SI_BUILT","name":"Pozidano zemljišče","authority":"MKGP","dataSource":"raba-3000"},"geometry":{"type":"Polygon","coordinates":[[[13.919139154971985,45.82476067500009],[13.919133167716176,45.82686927973937],[13.917004476442933,45.82594010547323],[13.917592684170593,45.8244932677344],[13.911683201488215,45.82266962686571],[13.916931647697565,45.824772028182764],[13.916670321882698,45.82645286761649],[13.914625272917954,45.82621886325442],[13.92,45.82789233420909],[13.92,45.82474646581934],[13.919139154971985,45.82476067500009]]]}},{"type":"Feature","properties":{"_zoneType":"SI_BUILT","name":"Pozidano zemljišče","authority":"MKGP","dataSource":"raba-3000"},"geometry":{"type":"Polygon","coordinates":[[[13.919292657015975,45.836868526808644],[13.918121831058333,45.83724735722811],[13.92,45.83798597200346],[13.92,45.837286452490126],[13.919292657015975,45.836868526808644]]]}},{"type":"Feature","properties":{"_zoneType":"SI_BUILT","name":"Pozidano zemljišče","authority":"MKGP","dataSource":"raba-3000"},"geometry":{"type":"Polygon","coordinates":[[[13.918766230290776,45.838706092694785],[13.915232436895769,45.839236297229675],[13.914079227884388,45.83852037300449],[13.911212829868175,45.839586693236626],[13.91046359067655,45.84],[13.912208817328269,45.84],[13.913690206894408,45.83982444825236],[13.913794642632773,45.84],[13.914572442581996,45.84],[13.916372089838081,45.83922356272219],[13.92,45.838644483723776],[13.92,45.83807968811748],[13.918766230290776,45.838706092694785]]]}},{"type":"Feature","properties":{"_zoneType":"SI_BUILT","name":"Pozidano zemljišče","authority":"MKGP","dataSource":"raba-3000"},"geometry":{"type":"Polygon","coordinates":[[[13.894705791546654,45.801396912734994],[13.893083900791886,45.80216887092387],[13.894679912990393,45.80269762773815],[13.894995700969059,45.80165984239874],[13.897278099326824,45.80129101381981],[13.897831771741881,45.800000000000004],[13.896764624039976,45.800000000000004],[13.896759254707504,45.801309056338496],[13.894705791546654,45.801396912734994]]]}},{"type":"Feature","properties":{"_zoneType":"SI_BUILT","name":"Pozidano zemljišče","authority":"MKGP","dataSource":"raba-3000"},"geometry":{"type":"Polygon","coordinates":[[[13.885019792634704,45.800000000000004],[13.884981395074252,45.800000000000004],[13.885019190006627,45.800012741819586],[13.885019792634704,45.800000000000004]]]}},{"type":"Feature","properties":{"_zoneType":"SI_BUILT","name":"Pozidano zemljišče","authority":"MKGP","dataSource":"raba-3000"},"geometry":{"type":"Polygon","coordinates":[[[13.881098435416677,45.84075524793611],[13.880454191049926,45.842440651965184],[13.882233374313271,45.84],[13.880318110665714,45.84],[13.88,45.84022716012494],[13.88,45.841587301015664],[13.881098435416677,45.84075524793611]]]}},{"type":"Feature","properties":{"_zoneType":"SI_BUILT","name":"Pozidano zemljišče","authority":"MKGP","dataSource":"raba-3000"},"geometry":{"type":"Polygon","coordinates":[[[13.883234980161895,45.84098146776236],[13.884285335308745,45.84223289687636],[13.884646736463397,45.84062185624007],[13.885793661999564,45.84218021314859],[13.886161384211654,45.84124557204627],[13.885219504119762,45.840396940432804],[13.885834536106424,45.84],[13.883919867307117,45.84],[13.883234980161895,45.84098146776236]]]}},{"type":"Feature","properties":{"_zoneType":"SI_BUILT","name":"Pozidano zemljišče","authority":"MKGP","dataSource":"raba-3000"},"geometry":{"type":"Polygon","coordinates":[[[13.887955384541362,45.84095516633118],[13.891015046625585,45.84038918221289],[13.888620602309734,45.84205354037129],[13.890551681013193,45.84199595380554],[13.891142228702721,45.842886755889964],[13.8884261910347,45.8435474500191],[13.891588939522489,45.8433310111551],[13.89071156826657,45.841422125098646],[13.891533536700345,45.8408502867281],[13.896088438491946,45.84171111737677],[13.901053799137241,45.8413131327485],[13.902068754901126,45.841874997086606],[13.896797666928713,45.84377999072768],[13.902867721767853,45.84430579331809],[13.903981151457039,45.84559247092051],[13.906581725033462,45.84617369573929],[13.910119275704261,45.84589262475594],[13.91109237387256,45.84886714205496],[13.9090404928464,45.847848403182894],[13.904766291275571,45.847905291705175],[13.907937366046879,45.84877307814329],[13.908158957925224,45.85017891577306],[13.906519546940634,45.85107873141182],[13.90847167851524,45.85382324910002],[13.904551779701835,45.85284312885572],[13.899520760144322,45.8530541819089],[13.901978474151418,45.85417259999618],[13.903458840390938,45.8536237444918],[13.90691430763579,45.85461963304515],[13.913058006652482,45.85467824499508],[13.914651835820774,45.85359837309066],[13.913144208326182,45.85301331501033],[13.912457378387453,45.84996651643024],[13.911416344256116,45.84921642898719],[13.913658665715623,45.848776501821035],[13.911187167441549,45.84722275880615],[13.913844503729415,45.844702532730864],[13.91505241214414,45.84541086741288],[13.914069702136517,45.843909152797906],[13.915191596745588,45.842719369325245],[13.91691746218717,45.843244970704475],[13.918310543649012,45.842067011764314],[13.92,45.84377298062526],[13.92,45.842339243995006],[13.918506032047812,45.84180066273127],[13.914625221763055,45.84215919826454],[13.91595961978354,45.840991257963154],[13.914535864158387,45.840015781343574],[13.914572442581996,45.84],[13.913794642632773,45.84],[13.914488590722174,45.84116649531834],[13.913172160304866,45.84153013411555],[13.91387857524475,45.842806515664535],[13.913308266751566,45.84490082524185],[13.910933367188013,45.846298174895566],[13.910918995883813,45.84355166630881],[13.909941369625413,45.84542277939325],[13.907851213378965,45.8458737419277],[13.904235285330463,45.84442481629236],[13.906119612457822,45.84248849916552],[13.903410723726218,45.84076641555565],[13.904002221471147,45.84],[13.903704906815841,45.84],[13.90281897337715,45.841259402978956],[13.898922366902237,45.840434531191356],[13.895853958586315,45.84129925289984],[13.892253017682131,45.8407718598194],[13.891265838976347,45.84],[13.886777061062682,45.84],[13.887955384541362,45.84095516633118]],[[13.912610890384837,45.853187660336125],[13.911524938180788,45.8536955225742],[13.909167725216296,45.85242203464218],[13.909122944652687,45.85057497572867],[13.910764344870515,45.850507807672344],[13.912610890384837,45.853187660336125]],[[13.91188767282654,45.850214950512516],[13.911614764448778,45.850558244079295],[13.911319015002398,45.849976867265674],[13.91188767282654,45.850214950512516]],[[13.908809368132346,45.850982263031],[13.908387959923568,45.851279709811806],[13.90830142482602,45.85050457968552],[13.908809368132346,45.850982263031]],[[13.904992900956167,45.84318465866835],[13.903505871246743,45.84399556587011],[13.90097009583314,45.84329720179494],[13.898381931311507,45.843828064643965],[13.903247648437674,45.841573268670054],[13.904992900956167,45.84318465866835]]]}},{"type":"Feature","properties":{"_zoneType":"SI_BUILT","name":"Pozidano zemljišče","authority":"MKGP","dataSource":"raba-3000"},"geometry":{"type":"Polygon","coordinates":[[[13.909986095533721,45.84026340316179],[13.912208817328269,45.84],[13.91046359067655,45.84],[13.909986095533721,45.84026340316179]]]}},{"type":"Feature","properties":{"_zoneType":"SI_BUILT","name":"Pozidano zemljišče","authority":"MKGP","dataSource":"raba-3000"},"geometry":{"type":"Polygon","coordinates":[[[13.958977190155831,45.802519870472295],[13.96,45.80244226825092],[13.96,45.80213646083297],[13.958977190155831,45.802519870472295]]]}},{"type":"Feature","properties":{"_zoneType":"SI_BUILT","name":"Pozidano zemljišče","authority":"MKGP","dataSource":"raba-3000"},"geometry":{"type":"Polygon","coordinates":[[[13.955534978233716,45.80613891267495],[13.954760423970752,45.80539893112386],[13.95224525205958,45.805591922417236],[13.953621117865305,45.80461664607879],[13.952990954808158,45.80404227107198],[13.950248645776805,45.80575310754659],[13.94710332334792,45.804547155220924],[13.942762491157936,45.805987799635936],[13.939435197183235,45.80478429884735],[13.942804115166858,45.80628135324232],[13.94267674621382,45.80722701428207],[13.945821780189332,45.80724494987833],[13.944520747728781,45.809491041581744],[13.94571645960048,45.80900912382225],[13.946619172799704,45.80983183987134],[13.943147142859912,45.811438242110775],[13.94177529995887,45.8110263724218],[13.941997070822831,45.81198618445093],[13.937965722156596,45.81193091293984],[13.938998017395726,45.81238563932158],[13.938041862829452,45.81308274752933],[13.939055268471474,45.81377027464579],[13.936474493745816,45.814794827435094],[13.939943393755568,45.81403535314982],[13.943702672983859,45.81174580945743],[13.944402999522262,45.81281111111502],[13.94181642902178,45.81459552651688],[13.942433070450425,45.81567967074046],[13.941075222322363,45.8167298355333],[13.93784249016139,45.815202202110896],[13.939275025689208,45.81686803010589],[13.938090354658026,45.81784565162568],[13.93258414388404,45.81617464007804],[13.933242924659247,45.81534661163808],[13.931549921960817,45.813873141338675],[13.930999780022509,45.81460252102047],[13.92830402741634,45.813630485995176],[13.92313137031196,45.81408740619731],[13.92298332148656,45.81124090192856],[13.921885473705288,45.814331515283364],[13.92,45.813294117590516],[13.92,45.81403363054232],[13.920056039832323,45.81409328291883],[13.92,45.8140770700754],[13.92,45.81447093359918],[13.9223591633995,45.8147437243262],[13.921910710956798,45.81681839427921],[13.92,45.81589655294661],[13.92,45.81608092619688],[13.922017033135777,45.81738284361073],[13.92,45.818200133285245],[13.92,45.81906252125939],[13.922907502045593,45.82027670152514],[13.92,45.82068079267869],[13.92,45.823174121540085],[13.921004660886677,45.82292808236718],[13.920970574830282,45.8247304454292],[13.92,45.82474646581934],[13.92,45.82789233420909],[13.920235261068111,45.82796558491712],[13.920871674684633,45.82650099483861],[13.922615249504156,45.82673353703901],[13.921090156152383,45.825302990958534],[13.922343857550226,45.824117968871384],[13.92412834746116,45.824144445299666],[13.923632263059652,45.82323067596038],[13.924589183154726,45.822382595929085],[13.927002989611067,45.821130736738375],[13.929654727798697,45.821643702610174],[13.928393815485059,45.819820275568205],[13.92648264739647,45.82085418964767],[13.926123072878998,45.819696517864855],[13.920757587828687,45.81886947079019],[13.920648800241572,45.81812808060814],[13.924615816858191,45.81744885747736],[13.923793475602626,45.81686557721103],[13.924856071578404,45.8162793961289],[13.925614969432424,45.817272716274516],[13.926536032942433,45.8166111303479],[13.92543080924923,45.8158981439217],[13.92303199097343,45.816325775271345],[13.923029475912763,45.814693393505195],[13.934849127364028,45.817155961546796],[13.935607865385853,45.818331695104895],[13.93410815606221,45.818318576372626],[13.935216116181724,45.81915346934576],[13.932891162117633,45.819846805443774],[13.934925068233612,45.81977177245841],[13.93411840276147,45.82127675436909],[13.935581544288965,45.81989382609536],[13.937440229717968,45.82051014106864],[13.937352397820169,45.82229675153318],[13.936201625298654,45.82183099792992],[13.935865914018997,45.822875141370986],[13.931839984549297,45.82142185867636],[13.929909393746135,45.821789696217124],[13.930166451920398,45.822991174167335],[13.931703765848074,45.82218377439254],[13.935718219129424,45.82329056215099],[13.93534661684881,45.82406879858696],[13.933213904503821,45.82408924621988],[13.935310017590275,45.82457233411142],[13.935118210098366,45.82631373760835],[13.935988902895348,45.826248595781564],[13.935634409165324,45.82405518011147],[13.93791676893988,45.8244096463655],[13.936426767359166,45.827324476889245],[13.93020212477934,45.824505345219805],[13.92747827237166,45.82517232029065],[13.929995049829484,45.824704017707674],[13.93132684532182,45.825334195176424],[13.930380606382137,45.82634286233624],[13.932063745348577,45.82553592401544],[13.935112706439174,45.827590785605565],[13.934048955937639,45.82982447100802],[13.931588971864842,45.83074710908099],[13.93198113818293,45.8333421507905],[13.934761112429676,45.83304411653251],[13.937540428800277,45.83408678318598],[13.935653577331054,45.83426450792309],[13.936464298014238,45.834873003850994],[13.935762414015764,45.83535782565872],[13.931692269660042,45.83400847542742],[13.933579908900855,45.83547764080689],[13.931710756923412,45.83634666192801],[13.93277002774564,45.83655411317024],[13.932856807370158,45.837833178552984],[13.931455051705107,45.83646785994991],[13.928202540519962,45.83558456734368],[13.931134147230336,45.837562938174905],[13.925108125632573,45.837220027497885],[13.921582838482788,45.83822165488349],[13.92,45.837286452490126],[13.92,45.83798597200346],[13.920104015847592,45.83802687761115],[13.92,45.83807968811748],[13.92,45.838644483723776],[13.924398226311386,45.83794244856482],[13.92611936613892,45.838818526045706],[13.925033657655012,45.83981115470168],[13.925139305757881,45.84],[13.92606354955834,45.84],[13.926658620465437,45.8392465311267],[13.93021763199601,45.84],[13.943917988061473,45.84],[13.942952899955147,45.839585703591574],[13.94761928810414,45.83750390300128],[13.950041528827933,45.83569853710654],[13.950635785685595,45.83631305857341],[13.94984998227989,45.837557067243374],[13.952722342777468,45.83764992459856],[13.951762107909481,45.84],[13.953777185645079,45.84],[13.953546716710148,45.83965465238527],[13.954113269748508,45.838235095168656],[13.956082158075967,45.83780060092246],[13.957720254145796,45.83930354964032],[13.956571629356075,45.84],[13.96,45.84],[13.96,45.83458129788581],[13.959862909730505,45.83455554455239],[13.96,45.83452781403474],[13.96,45.833829479870445],[13.959258528398678,45.833681215078826],[13.96,45.833544023461265],[13.96,45.8328401962771],[13.959468860688974,45.83329382247641],[13.957175086907284,45.83303643793964],[13.957973822067624,45.831052388619234],[13.96,45.82960245630687],[13.96,45.82837284314876],[13.959338715672416,45.828061064687965],[13.96,45.827353671044555],[13.96,45.82356451732095],[13.95919139501194,45.826414993510184],[13.957187016212776,45.82732000818249],[13.95808859584389,45.82490587720012],[13.96,45.82336440732733],[13.96,45.82093540486673],[13.957714224409006,45.8246642352044],[13.953044774235483,45.82470911194444],[13.952622012277013,45.82397001022809],[13.958320706135414,45.81939805945404],[13.959709915654278,45.81913933723438],[13.96,45.819517872568035],[13.96,45.81702836316729],[13.959936792729971,45.81679725142993],[13.958274463258125,45.8148187662194],[13.96,45.81438710821192],[13.96,45.814251143543466],[13.957704068952616,45.81436547745827],[13.955963799208483,45.8128611629752],[13.96,45.81286640954876],[13.96,45.80753246203933],[13.95657653174915,45.8062291187735],[13.96,45.80383778871713],[13.96,45.803309139449595],[13.955534978233716,45.80613891267495]],[[13.957651262680397,45.81098110346295],[13.95986723577542,45.809109791146824],[13.959721670179485,45.81252053523808],[13.956132308298967,45.81241782202559],[13.955356563862878,45.81146469798144],[13.957651262680397,45.81098110346295]],[[13.959387091331026,45.83488781246751],[13.956775420122613,45.83547675000285],[13.95866665228001,45.83375685840509],[13.959387091331026,45.83488781246751]],[[13.947980536308243,45.819699257968125],[13.946310908229806,45.81633425311977],[13.94880497755378,45.815223643933024],[13.951213133898898,45.81502271380882],[13.951199310823407,45.819445607087815],[13.951593523935765,45.81471332105648],[13.953386202160017,45.813907935676035],[13.954478992037085,45.8140290295303],[13.954373506667428,45.81902807325866],[13.955022536578081,45.814075646036684],[13.95733613049578,45.81448860824556],[13.95961649585931,45.816955800297954],[13.959453798403791,45.81879042722053],[13.958019933638395,45.81924806544202],[13.952273351265598,45.82357232020844],[13.952096952130532,45.82468376669495],[13.948026525370755,45.82480520528229],[13.949989638364508,45.82358532143633],[13.948448014389298,45.82285159258562],[13.94752698665386,45.824384286462994],[13.946201145322352,45.824244878657744],[13.944407806295121,45.82164069097592],[13.946507148525285,45.819151307498835],[13.947980536308243,45.819699257968125]],[[13.95950269541294,45.80776398148468],[13.957349872207761,45.81082110168575],[13.954577206059119,45.811093596193295],[13.952035250396017,45.80925433809769],[13.956018267440292,45.80643102625882],[13.95950269541294,45.80776398148468]],[[13.949327446145265,45.828253692641695],[13.949985885381372,45.82567469946805],[13.957501936468848,45.82516981572751],[13.95494309067911,45.83197985695899],[13.95208748507954,45.83479747878989],[13.95053754977271,45.83496008166613],[13.949530163805733,45.83344710755429],[13.949749087224843,45.830222248434175],[13.950856673558956,45.82883466654047],[13.949327446145265,45.828253692641695]],[[13.951097485390335,45.812156576507626],[13.949707748741174,45.81189437092707],[13.950897447037073,45.8099272199716],[13.954595705303438,45.81144317548525],[13.955594128205396,45.81300313489537],[13.946098109508917,45.8157490558494],[13.945654727834501,45.8149132920324],[13.947030387875184,45.81430869795886],[13.947884062554774,45.81244208677802],[13.951097485390335,45.812156576507626]],[[13.952765105162598,45.80787981686579],[13.951539151690733,45.80876741086083],[13.951056544414277,45.80737988488607],[13.951679603287884,45.80721680576183],[13.952765105162598,45.80787981686579]],[[13.948263900470588,45.80790738558487],[13.949228347792685,45.80918727645333],[13.949560960725433,45.807946601242875],[13.950954665642742,45.80923975657688],[13.948932629746785,45.81083156129549],[13.94691841292588,45.81044530176404],[13.946239456203136,45.80804297663529],[13.948263900470588,45.80790738558487]],[[13.94925547359477,45.83572464044973],[13.947814915059478,45.83703435684083],[13.944822538716158,45.83760635904405],[13.939789379030177,45.83491740413863],[13.942524966440018,45.832532983665885],[13.94925547359477,45.83572464044973]],[[13.944596949140063,45.82305932380034],[13.945605144870806,45.82432558607957],[13.949398642985761,45.82660340952368],[13.948253541807349,45.82861567318851],[13.946660298605709,45.82755348475143],[13.942071826664778,45.82736005091074],[13.941698648890679,45.825947032796584],[13.943114887177492,45.82316155004946],[13.944596949140063,45.82305932380034]],[[13.94771252020669,45.8295581334089],[13.948770102997502,45.82955612054586],[13.949002889320095,45.83244229012963],[13.942943294347861,45.82943477319242],[13.943084577343736,45.82864740165044],[13.941222102125868,45.82891144904694],[13.94170159516697,45.82772449375834],[13.94686491945468,45.82807192683834],[13.94771252020669,45.8295581334089]],[[13.940962042264868,45.829289189440516],[13.947727985478696,45.83187910428841],[13.948904452807103,45.83429694100202],[13.947320750725158,45.83475902642383],[13.93950610580303,45.830818610214415],[13.940962042264868,45.829289189440516]],[[13.944762559922607,45.81167260714501],[13.948582276701666,45.8110320227497],[13.946670157221044,45.814171174808635],[13.943515645676753,45.81454699447908],[13.945550198362751,45.81241248748208],[13.944762559922607,45.81167260714501]],[[13.942256695716717,45.8185660987378],[13.941379974486905,45.81696979427548],[13.94264360664976,45.81593212024041],[13.94493589967222,45.81500330237465],[13.9459684849812,45.816133921539034],[13.946584669562553,45.81864560200305],[13.944014564246514,45.82126363208266],[13.940819772830306,45.820844049362236],[13.939601412751342,45.81948840529404],[13.940744917746123,45.817270162296765],[13.942256695716717,45.8185660987378]],[[13.94469441844323,45.83801392938582],[13.942204587946787,45.83946789111875],[13.939383268998034,45.83807947928001],[13.93994282361508,45.83535158465276],[13.94469441844323,45.83801392938582]],[[13.939790065705392,45.82398733973742],[13.940269113149721,45.82112653772182],[13.943770445287523,45.821736654063415],[13.940862988663035,45.826070192391576],[13.938814431946017,45.82593229506641],[13.938646164454454,45.82462544627872],[13.940905309754054,45.82462443836061],[13.939790065705392,45.82398733973742]],[[13.941670150279023,45.839692329552406],[13.93567525256229,45.83923662790177],[13.933526244811873,45.837177559337334],[13.937991777649952,45.83761291005753],[13.941670150279023,45.839692329552406]],[[13.941524490183609,45.83199012411075],[13.9392459871218,45.83491119990396],[13.938033323619589,45.834283304998664],[13.93889279798819,45.831600833205556],[13.941524490183609,45.83199012411075]],[[13.94150217023061,45.82690654412228],[13.94086728344461,45.82734736818038],[13.939714094865739,45.82669952611993],[13.940291916675493,45.826325984523194],[13.94150217023061,45.82690654412228]],[[13.941621996283645,45.81251715296905],[13.93993747986993,45.8137690394708],[13.939183676547405,45.813217255605764],[13.9401785244262,45.81243221245951],[13.941621996283645,45.81251715296905]],[[13.940725709513137,45.828527396651914],[13.939432448497223,45.828505734894115],[13.939390235742621,45.82766188304172],[13.940706165421075,45.827608378913666],[13.940725709513137,45.828527396651914]],[[13.939540178572116,45.829612750363744],[13.939443826697898,45.8290306063642],[13.940315575359513,45.82959251453684],[13.939540178572116,45.829612750363744]],[[13.939958540550172,45.82188449774157],[13.93950709726201,45.82218914710335],[13.939340082882103,45.821205699547484],[13.939958540550172,45.82188449774157]],[[13.93902918820027,45.835478560275575],[13.939009811386242,45.83728555924765],[13.936284159575425,45.83583729975556],[13.937959771339171,45.83459419688347],[13.93902918820027,45.835478560275575]],[[13.93869729824644,45.82992199473878],[13.937293349055452,45.8301870015255],[13.937146912349444,45.82951047687142],[13.938143362869479,45.829419763889845],[13.93869729824644,45.82992199473878]],[[13.938635902688091,45.82399231640801],[13.93755579299342,45.823965767934226],[13.93867354386483,45.823399862903905],[13.938635902688091,45.82399231640801]],[[13.938010772857604,45.83330662626563],[13.935914150304905,45.83336320180839],[13.93506555471296,45.83278282849215],[13.93718986178707,45.83121348833306],[13.938010772857604,45.83330662626563]],[[13.937590519837151,45.82326178544751],[13.936673502602234,45.82333498350067],[13.937599442870718,45.82280995546543],[13.937590519837151,45.82326178544751]],[[13.936735560488213,45.836787089043725],[13.93556107193639,45.83668411080163],[13.936471848856591,45.83628316306533],[13.936735560488213,45.836787089043725]],[[13.936680880563442,45.830069114577675],[13.935216404320075,45.8301538687027],[13.936242480759553,45.82922012795713],[13.936680880563442,45.830069114577675]],[[13.93662741451778,45.82900468015153],[13.935976506328709,45.82914218407866],[13.936316528657585,45.82832513549788],[13.93662741451778,45.82900468015153]],[[13.935501127183704,45.830609910405876],[13.93424704860037,45.83286305692822],[13.931806270247607,45.83118845306777],[13.935501127183704,45.830609910405876]],[[13.932195700389356,45.839199360549124],[13.931640731812944,45.83944073079199],[13.929947871046922,45.83873407658991],[13.931022343243258,45.837997511531086],[13.932195700389356,45.839199360549124]],[[13.93219896905303,45.81559052795014],[13.931246075903346,45.81583964228515],[13.931456967876333,45.81500169489384],[13.93219896905303,45.81559052795014]],[[13.930862798858385,45.81507937738512],[13.927735876741068,45.815495164511596],[13.926844158979119,45.814559887798225],[13.93028741733398,45.81465887139907],[13.930862798858385,45.81507937738512]],[[13.928692533689137,45.838892090569956],[13.928033937909959,45.83922632031013],[13.92575101334719,45.83785815295903],[13.928692533689137,45.838892090569956]],[[13.92341064334607,45.82166999889641],[13.920230942466672,45.82246174992912],[13.920126811493931,45.821150143680896],[13.921976102100377,45.820760685786894],[13.92341064334607,45.82166999889641]]]}},{"type":"Feature","properties":{"_zoneType":"SI_BUILT","name":"Pozidano zemljišče","authority":"MKGP","dataSource":"raba-3000"},"geometry":{"type":"Polygon","coordinates":[[[13.920384512128626,45.81241201751504],[13.92,45.8120130470215],[13.92,45.81260112156179],[13.920384512128626,45.81241201751504]]]}},{"type":"Feature","properties":{"_zoneType":"SI_BUILT","name":"Pozidano zemljišče","authority":"MKGP","dataSource":"raba-3000"},"geometry":{"type":"Polygon","coordinates":[[[13.920504272009795,45.844282181319116],[13.923136254535507,45.843768660460334],[13.926706315260766,45.84461700446549],[13.928029936832507,45.84420809945519],[13.927321580435498,45.843566237893555],[13.928386078149689,45.8428066473683],[13.931897246412753,45.84409038960744],[13.92951950855826,45.84662795075003],[13.926070369757543,45.845776856455856],[13.927678315720062,45.84755111618179],[13.929068721867212,45.847349913311724],[13.932705324836608,45.84438099019491],[13.937837605866726,45.84658082567197],[13.935815028455204,45.84720001096747],[13.935022739751336,45.84916020076179],[13.932936951721764,45.84872392347475],[13.934080601115355,45.850242729722304],[13.932356413245778,45.85132420596929],[13.931010304823928,45.85136442891132],[13.931521437885735,45.85022705627275],[13.929929952369035,45.8488739162295],[13.927697442780211,45.84857333658491],[13.929860135302897,45.84912938460443],[13.930800475412374,45.85065199107405],[13.926375600197753,45.84926285932415],[13.93050132063238,45.851130522189266],[13.92883000470659,45.85180364254488],[13.92946589143603,45.8525521934895],[13.927192336830155,45.854811834350365],[13.932818412813617,45.85148445124977],[13.934964039698446,45.85314943123136],[13.932983938536433,45.85486606800803],[13.934729336903043,45.85389257516415],[13.937139335896033,45.85490479901095],[13.935148022396962,45.85348699185037],[13.938736393869775,45.8521375822342],[13.941017014489244,45.85362359359766],[13.939502809809897,45.85492676068287],[13.941495267688447,45.853911433305626],[13.943282790992704,45.8549617830557],[13.945788660725281,45.85498493155306],[13.946684777697522,45.85417573672629],[13.945627040335284,45.85373456044328],[13.946010776392248,45.85285189016969],[13.94880603102233,45.851494414754946],[13.952771885868179,45.85326999864535],[13.95199608231244,45.854134761783676],[13.949254573024211,45.853147302403336],[13.949147773384748,45.85380983788159],[13.951617841321069,45.85503856716015],[13.955466775763192,45.855073819024035],[13.953564007874586,45.853072795468535],[13.954889964603495,45.85135833837412],[13.956969615521869,45.85209505089349],[13.957130909617202,45.8550890204402],[13.96,45.855115152178946],[13.96,45.853365598809695],[13.95968282122354,45.853008990476724],[13.96,45.85296118813798],[13.96,45.84373462906064],[13.957730517782608,45.842972183636746],[13.96,45.84256921716283],[13.96,45.84],[13.956571629356075,45.84],[13.955672684529892,45.84054506088771],[13.957139182862372,45.84294729249658],[13.95586091070184,45.843534015887705],[13.958762369730083,45.8436945265026],[13.958238507779894,45.84486156777683],[13.955307222755756,45.84615923170921],[13.951558868477843,45.8449324121218],[13.953262362018009,45.840436986461704],[13.955031233211889,45.84235310698802],[13.954014141170621,45.84326070537024],[13.955635728819344,45.84278494562534],[13.953777185645079,45.84],[13.951762107909481,45.84],[13.949781593086806,45.84484710493457],[13.944004100964847,45.848804073405894],[13.943277943713197,45.850817630762734],[13.937682515027854,45.851743282016415],[13.937663197856384,45.850754506005245],[13.935527261856508,45.84932771148996],[13.938355819388354,45.84710057045661],[13.938099154498227,45.842982456936795],[13.940913106094975,45.84402475222178],[13.943015438145007,45.84288545325218],[13.94405628789964,45.8438736190685],[13.942978849018743,45.84490786759384],[13.944458219871976,45.84421963292665],[13.94556615824867,45.845177893336974],[13.940545952847819,45.84950897263771],[13.94181306560265,45.85049648581808],[13.941032604572575,45.8494767397818],[13.94276127133459,45.84768165773921],[13.945691722865828,45.84553134784828],[13.94690582829713,45.84585200894926],[13.944703049366426,45.843859894002016],[13.94693464173957,45.841294999675284],[13.943917988061473,45.84],[13.93021763199601,45.84],[13.931265507448263,45.84022184292734],[13.92850452128143,45.84222423875526],[13.925892124997835,45.84021705492391],[13.92606354955834,45.84],[13.925139305757881,45.84],[13.925818765759029,45.84121453034302],[13.922900656465073,45.84263822328202],[13.921633622268839,45.84187529622424],[13.920508379137159,45.842522516653396],[13.92,45.842339243995006],[13.92,45.84377298062526],[13.920504272009795,45.844282181319116]],[[13.959572510151602,45.85156676058627],[13.959266925042,45.8528889500347],[13.95999162712663,45.854326293066194],[13.957638277837889,45.854458842341366],[13.957758686750118,45.85136305537448],[13.959572510151602,45.85156676058627]],[[13.948756251031828,45.84891129473752],[13.95250007815534,45.846422727400125],[13.955894385914021,45.84685224835121],[13.95550172588483,45.847974260865996],[13.94856155652219,45.85102291928466],[13.94778444695727,45.85046209250594],[13.948756251031828,45.84891129473752]],[[13.954269001294973,45.85409612275],[13.953560496664341,45.85443016379626],[13.953366671605526,45.85346596774116],[13.954269001294973,45.85409612275]],[[13.95408942112204,45.84962263823005],[13.954224471998167,45.850799451998064],[13.95264805788179,45.85088911058392],[13.953772103143784,45.85162865216804],[13.953178003578369,45.85284399139061],[13.949700747617424,45.851042704064476],[13.95408942112204,45.84962263823005]],[[13.95202754382766,45.845646301662065],[13.951390770044174,45.84588719830924],[13.951736308208833,45.84529723299771],[13.95202754382766,45.845646301662065]],[[13.951612811256444,45.846523510964055],[13.95007130933828,45.84745960032454],[13.950895390503636,45.84604529161783],[13.951612811256444,45.846523510964055]],[[13.949367078070564,45.845637287204475],[13.947650306194534,45.849127934825525],[13.946321671009247,45.84964502200095],[13.944972961063998,45.848635050173776],[13.949367078070564,45.845637287204475]],[[13.947302808181853,45.85098761899721],[13.948045263727163,45.85113997323186],[13.94711686408088,45.851448929822375],[13.947302808181853,45.85098761899721]],[[13.944779773214957,45.84928199438331],[13.946524649122042,45.85057720875448],[13.943604863197915,45.85461066740324],[13.939414296676283,45.852201769034856],[13.94352187667599,45.85097552730388],[13.944779773214957,45.84928199438331]],[[13.939930144307937,45.8410966884035],[13.942039212083106,45.84005780353628],[13.94401868917405,45.84065753227375],[13.943166555355653,45.842023123789254],[13.944535688282821,45.840869709184304],[13.945820908920377,45.84142041258393],[13.944383384258298,45.84345004020596],[13.942997185781987,45.842453462620654],[13.940724651853285,45.84360376817666],[13.939104946389044,45.841964139652475],[13.941740747122527,45.841719069286],[13.939930144307937,45.8410966884035]],[[13.937752517756406,45.84539476438705],[13.937672364076219,45.846039766841685],[13.936605236958572,45.845467209277295],[13.937752517756406,45.84539476438705]],[[13.93625765253039,45.841056935079315],[13.937551365353828,45.84354918696863],[13.934445937216442,45.84431374964434],[13.932028099732724,45.843810111176126],[13.932423454191389,45.84281291867014],[13.930436793551586,45.84276186068362],[13.93625765253039,45.841056935079315]],[[13.935526030213461,45.84973072887717],[13.937313264971579,45.85097780229026],[13.9365503524554,45.852708518231594],[13.935083420652251,45.85281166126277],[13.933264550838613,45.851200028375345],[13.935526030213461,45.84973072887717]],[[13.930336600894805,45.84107070228534],[13.933391398415377,45.84058621182241],[13.930447075130726,45.84234382977332],[13.929605150039917,45.841862632314395],[13.930336600894805,45.84107070228534]],[[13.924001956237333,45.842612944373336],[13.926131685722966,45.841413411616415],[13.927946535527076,45.84229107699403],[13.9268010295312,45.84348543164269],[13.924001956237333,45.842612944373336]],[[13.925732933350291,45.843603213193205],[13.925358582171421,45.843932782065274],[13.924477908199592,45.84315250057919],[13.925732933350291,45.843603213193205]],[[13.923134949780144,45.843292676464735],[13.921105555458428,45.84373505136153],[13.920437833558292,45.84309657005736],[13.922162129983047,45.84284955019136],[13.923134949780144,45.843292676464735]]]}},{"type":"Feature","properties":{"_zoneType":"SI_BUILT","name":"Pozidano zemljišče","authority":"MKGP","dataSource":"raba-3000"},"geometry":{"type":"Polygon","coordinates":[[[13.964277093445553,45.83983743936341],[13.965647135928586,45.83995206917164],[13.966577393926867,45.83874300165478],[13.96580353287063,45.838065195749316],[13.967055870375383,45.83680027436854],[13.965994399357031,45.8358884319042],[13.967654200327674,45.835028109471516],[13.967671536613802,45.83760482425781],[13.968250625252926,45.834176845008564],[13.969912662653677,45.83394353040669],[13.969119105663484,45.83482498494835],[13.970205868263486,45.83493959541961],[13.969950075434909,45.82990605050965],[13.967952975605158,45.8312149608574],[13.967910461199805,45.82940837289771],[13.96896377639138,45.82836318472199],[13.966606716581223,45.829471138750556],[13.964743569422835,45.82922806842889],[13.966400880786155,45.82854763312242],[13.967568051924502,45.826236245021335],[13.967499583990275,45.821941205006674],[13.96731255087641,45.82593588594518],[13.966080102986567,45.828451904445856],[13.96350140773537,45.82845738751],[13.963853652805646,45.826957890473686],[13.962031058523705,45.82764717979176],[13.960334737969882,45.82680574748496],[13.96185717743781,45.821054088274295],[13.96297080688932,45.82099283710065],[13.9621115356458,45.82015579186227],[13.963295564873878,45.8176140364343],[13.966414874910965,45.81667178374542],[13.968945642210052,45.81840299423015],[13.967559237363629,45.820244143885596],[13.970513773567957,45.818240473451866],[13.970558825963138,45.81579583596113],[13.967888409538928,45.813906153622405],[13.970466617274889,45.81374481559011],[13.970626447182022,45.81212597279729],[13.969839676505622,45.81184927551218],[13.970669298776434,45.80980000986173],[13.96870675565049,45.81233662733776],[13.964897922902356,45.81196421914318],[13.968397117545724,45.80909819131966],[13.97069526505444,45.808390434016566],[13.968270553239918,45.808851138739875],[13.963957718863519,45.811459615215696],[13.968643697977756,45.80252717844661],[13.970824362403631,45.80138084028766],[13.970849784123425,45.800000000000004],[13.970475662191776,45.800000000000004],[13.970282739472575,45.80066306663483],[13.968520988780423,45.800000000000004],[13.967393102413624,45.800000000000004],[13.969515267305061,45.80094174008417],[13.967552239091681,45.803839185772894],[13.965853414495145,45.804581246195816],[13.96666373473025,45.80517455988261],[13.963357464594656,45.8118004291387],[13.96018996483762,45.81270369569273],[13.960243808257992,45.80870621066767],[13.96263206951154,45.805315392026216],[13.962881026355092,45.801808199543615],[13.966688491575725,45.800000000000004],[13.965654704766752,45.800000000000004],[13.965685690196707,45.800005127780125],[13.96,45.80213646083297],[13.96,45.80244226825092],[13.961553830269642,45.80232437665919],[13.96,45.803309139449595],[13.96,45.80383778871713],[13.961931742202298,45.80248844563841],[13.96261633233163,45.80260350678809],[13.962277381586608,45.80530900915336],[13.9604927894795,45.80772007115457],[13.96,45.80753246203933],[13.96,45.81286640954876],[13.962852299768597,45.812870117193974],[13.962344177729515,45.814914769177975],[13.961322631186475,45.815112094540034],[13.962204855057664,45.815871215913084],[13.96064886094153,45.81940086524546],[13.96,45.81702836316729],[13.96,45.819517872568035],[13.960482772211565,45.82014784913477],[13.96,45.82093540486673],[13.96,45.82336440732733],[13.960073604537138,45.823305048255556],[13.96,45.82356451732095],[13.96,45.827353671044555],[13.960107750187515,45.82723840776892],[13.962513967562145,45.82834114939603],[13.961511599542114,45.829085523245546],[13.96,45.82837284314876],[13.96,45.82960245630687],[13.960635944855644,45.82914737436153],[13.962516304538681,45.82933889037602],[13.962328582599818,45.83114416405507],[13.963343070084512,45.83092935910459],[13.964852561644365,45.832445963410635],[13.963941299402462,45.834093566385505],[13.96049874414262,45.83295115880695],[13.96113613530323,45.832050229629985],[13.962999276870793,45.83238007221493],[13.961388149001776,45.83165463018797],[13.96,45.8328401962771],[13.96,45.833544023461265],[13.961165829962159,45.833328314460374],[13.963492250616536,45.83440444731283],[13.96163515925517,45.83555012344931],[13.961151913689772,45.834059816734154],[13.96,45.833829479870445],[13.96,45.83452781403474],[13.960914736877957,45.834342781740105],[13.961017659888524,45.834772472172034],[13.96,45.83458129788581],[13.96,45.84],[13.964360852264404,45.84],[13.964277093445553,45.83983743936341]],[[13.966085004833683,45.83191259984799],[13.968521920641201,45.831994421118225],[13.966557285636192,45.83283689282227],[13.966085004833683,45.83191259984799]],[[13.966744608020264,45.81289696503997],[13.964444660515165,45.81411590918362],[13.96373103604794,45.81279796779376],[13.966277384616992,45.81248429335553],[13.966744608020264,45.81289696503997]],[[13.966380137226697,45.82991210320646],[13.966054524053707,45.831820038348255],[13.964668890436272,45.830924552700345],[13.964759124130735,45.82988253210939],[13.966380137226697,45.82991210320646]],[[13.964502806592396,45.83709947098493],[13.965398113224685,45.837954855839875],[13.964475251482845,45.83954627494552],[13.962962542936946,45.83937474987936],[13.96253767154303,45.837462667588085],[13.964502806592396,45.83709947098493]],[[13.963750295458718,45.82960448703452],[13.963070676435594,45.82955922986312],[13.963853409988594,45.82912185215465],[13.963750295458718,45.82960448703452]],[[13.963150430861486,45.81442118153562],[13.963847619055521,45.814685922508694],[13.962810264973738,45.81529285392602],[13.963150430861486,45.81442118153562]],[[13.962049126586294,45.83710757689684],[13.96196215016066,45.83676276356574],[13.96295567941746,45.83689234546088],[13.962049126586294,45.83710757689684]]]}},{"type":"Feature","properties":{"_zoneType":"SI_BUILT","name":"Pozidano zemljišče","authority":"MKGP","dataSource":"raba-3000"},"geometry":{"type":"Polygon","coordinates":[[[13.960678601211104,45.81421735022326],[13.96,45.814251143543466],[13.96,45.81438710821192],[13.960678601211104,45.81421735022326]]]}},{"type":"Feature","properties":{"_zoneType":"SI_BUILT","name":"Pozidano zemljišče","authority":"MKGP","dataSource":"raba-3000"},"geometry":{"type":"Polygon","coordinates":[[[13.961568817261087,45.85512944100131],[13.96,45.853365598809695],[13.96,45.855115152178946],[13.961568817261087,45.85512944100131]]]}},{"type":"Feature","properties":{"_zoneType":"SI_BUILT","name":"Pozidano zemljišče","authority":"MKGP","dataSource":"raba-3000"},"geometry":{"type":"Polygon","coordinates":[[[13.961445891511968,45.85274327634513],[13.961742613969127,45.849519135781485],[13.964613350182868,45.847530673653054],[13.96368487230698,45.845067342810594],[13.965058171832599,45.84441633714255],[13.96322817071478,45.842235409192675],[13.964823967359331,45.84089882218591],[13.964360852264404,45.84],[13.96,45.84],[13.96,45.84256921716283],[13.960820633724916,45.842423506446984],[13.96016204250712,45.84378906816004],[13.96,45.84373462906064],[13.96,45.85296118813798],[13.961445891511968,45.85274327634513]],[[13.961974898597543,45.84275241567711],[13.962186391742609,45.84398041859727],[13.960995651469931,45.84404283385661],[13.961275021730081,45.84281843749577],[13.961974898597543,45.84275241567711]]]}},{"type":"Feature","properties":{"_zoneType":"SI_BUILT","name":"Pozidano zemljišče","authority":"MKGP","dataSource":"raba-3000"},"geometry":{"type":"Polygon","coordinates":[[[13.873766272133059,45.85236780321878],[13.869599396947306,45.85425654384238],[13.872748909511452,45.85336515460414],[13.873766272133059,45.85236780321878]]]}},{"type":"Feature","properties":{"_zoneType":"SI_BUILT","name":"Pozidano zemljišče","authority":"MKGP","dataSource":"raba-3000"},"geometry":{"type":"Polygon","coordinates":[[[13.871972693692436,45.85054381140267],[13.867223854618269,45.852725028677256],[13.865719644482803,45.85139354474414],[13.865467852553572,45.85291632590095],[13.863370988322016,45.853399516837015],[13.863527502853868,45.85233434773142],[13.862119783502333,45.85311082463377],[13.862208481063943,45.85418318087525],[13.86871514401849,45.8542395640173],[13.868064050328668,45.85304783918676],[13.871972693692436,45.85054381140267]]]}},{"type":"Feature","properties":{"_zoneType":"SI_BUILT","name":"Pozidano zemljišče","authority":"MKGP","dataSource":"raba-3000"},"geometry":{"type":"Polygon","coordinates":[[[13.860767598872767,45.85416882282981],[13.861081062082238,45.85417194796252],[13.860939957801484,45.85412623536118],[13.860767598872767,45.85416882282981]]]}},{"type":"Feature","properties":{"_zoneType":"SI_BUILT","name":"Pozidano zemljišče","authority":"MKGP","dataSource":"raba-3000"},"geometry":{"type":"Polygon","coordinates":[[[13.899122719232164,45.85313304483834],[13.898271893849957,45.85162400268793],[13.895804896457564,45.852017926116474],[13.89779638383784,45.85274547633812],[13.896260396169524,45.85396546884657],[13.895067482152886,45.85368470340449],[13.895002310659406,45.852466092405976],[13.893834717419093,45.853587620753885],[13.889884610606027,45.85298634344342],[13.892863435893522,45.85359863102322],[13.893327241823656,45.854488836609214],[13.898683213551589,45.854539538408716],[13.897969685668318,45.853523713990924],[13.899122719232164,45.85313304483834]],[[13.894853602747792,45.85421293374701],[13.89437154252446,45.85448824725633],[13.894398399774019,45.85386418802732],[13.894853602747792,45.85421293374701]]]}},{"type":"Feature","properties":{"_zoneType":"SI_BUILT","name":"Pozidano zemljišče","authority":"MKGP","dataSource":"raba-3000"},"geometry":{"type":"Polygon","coordinates":[[[13.970761362084364,45.80480189109589],[13.970772924814195,45.80417405678508],[13.97066052046057,45.80470249494947],[13.970761362084364,45.80480189109589]]]}},{"type":"Feature","properties":{"_zoneType":"SI_BUILT","name":"Pozidano zemljišče","authority":"MKGP","dataSource":"raba-3000"},"geometry":{"type":"Polygon","coordinates":[[[13.964904241422321,45.82448245394019],[13.96367671196511,45.825501751461886],[13.963583995527165,45.826486176837534],[13.964671287645448,45.825259742735945],[13.964904241422321,45.82448245394019]]]}},{"type":"Feature","properties":{"_zoneType":"SI_BUILT","name":"Pozidano zemljišče","authority":"MKGP","dataSource":"raba-3000"},"geometry":{"type":"Polygon","coordinates":[[[13.928864018818912,45.8456708548275],[13.928639380987697,45.84579982485287],[13.928997061116318,45.84582251095713],[13.928864018818912,45.8456708548275]]]}},{"type":"Feature","properties":{"_zoneType":"SI_BUILT","name":"Pozidano zemljišče","authority":"MKGP","dataSource":"raba-3000"},"geometry":{"type":"Polygon","coordinates":[[[13.929293592965017,45.844990788077965],[13.9289363073178,45.84499174936733],[13.929296377386494,45.845105986440096],[13.929293592965017,45.844990788077965]]]}},{"type":"Feature","properties":{"_zoneType":"SI_BUILT","name":"Pozidano zemljišče","authority":"MKGP","dataSource":"raba-3000"},"geometry":{"type":"Polygon","coordinates":[[[13.916134281068096,45.84850710997808],[13.915266692037218,45.84845537168866],[13.914364910458115,45.849008219660305],[13.916134281068096,45.84850710997808]]]}},{"type":"Feature","properties":{"_zoneType":"SI_BUILT","name":"Pozidano zemljišče","authority":"MKGP","dataSource":"raba-3000"},"geometry":{"type":"Polygon","coordinates":[[[13.916553571610564,45.85262696770205],[13.918132632553377,45.85166925108461],[13.92,45.852036561899105],[13.92,45.85108192548458],[13.917995286259838,45.85122628944969],[13.915113981136638,45.85372557065119],[13.917061287276095,45.8538927008001],[13.916553571610564,45.85262696770205]]]}},{"type":"Feature","properties":{"_zoneType":"SI_BUILT","name":"Pozidano zemljišče","authority":"MKGP","dataSource":"raba-3000"},"geometry":{"type":"Polygon","coordinates":[[[13.92046377337724,45.85212778603244],[13.920184559649856,45.851068634927266],[13.92,45.85108192548458],[13.92,45.852036561899105],[13.92046377337724,45.85212778603244]]]}},{"type":"Feature","properties":{"_zoneType":"SI_BUILT","name":"Pozidano zemljišče","authority":"MKGP","dataSource":"raba-3000"},"geometry":{"type":"Polygon","coordinates":[[[13.824672478120304,45.84832604765379],[13.82647274478373,45.848570911347586],[13.82479993029262,45.84820117876367],[13.824672478120304,45.84832604765379]]]}},{"type":"Feature","properties":{"_zoneType":"SI_BUILT","name":"Pozidano zemljišče","authority":"MKGP","dataSource":"raba-3000"},"geometry":{"type":"Polygon","coordinates":[[[13.97030992410812,45.82612745703648],[13.969687255048942,45.826397027433444],[13.970318711542038,45.82624242489075],[13.97030992410812,45.82612745703648]]]}},{"type":"Feature","properties":{"_zoneType":"SI_BUILT","name":"Pozidano zemljišče","authority":"MKGP","dataSource":"raba-3000"},"geometry":{"type":"Polygon","coordinates":[[[13.917056095402339,45.812424088681716],[13.916669354740351,45.81240892221208],[13.917012021979819,45.812591633030266],[13.917056095402339,45.812424088681716]]]}},{"type":"Feature","properties":{"_zoneType":"SI_BUILT","name":"Pozidano zemljišče","authority":"MKGP","dataSource":"raba-3000"},"geometry":{"type":"Polygon","coordinates":[[[13.875657574890903,45.807024544695864],[13.876089757593906,45.80713872045162],[13.875691674722084,45.80690324891072],[13.875657574890903,45.807024544695864]]]}},{"type":"Feature","properties":{"_zoneType":"SI_BUILT","name":"Pozidano zemljišče","authority":"MKGP","dataSource":"raba-3000"},"geometry":{"type":"Polygon","coordinates":[[[13.966970454575979,45.85169745637745],[13.964254667474291,45.8497914020682],[13.964550458234331,45.8511412489665],[13.966970454575979,45.85169745637745]]]}},{"type":"Feature","properties":{"_zoneType":"SI_BUILT","name":"Pozidano zemljišče","authority":"MKGP","dataSource":"raba-3000"},"geometry":{"type":"Polygon","coordinates":[[[13.965570384439824,45.823289259327176],[13.965852707351557,45.82337397185109],[13.965679619574123,45.82313094326943],[13.965570384439824,45.823289259327176]]]}},{"type":"Feature","properties":{"_zoneType":"SI_BUILT","name":"Pozidano zemljišče","authority":"MKGP","dataSource":"raba-3000"},"geometry":{"type":"Polygon","coordinates":[[[13.96,45.80024389882016],[13.96,45.800000000000004],[13.95884969720259,45.800000000000004],[13.95866070427733,45.80029557964509],[13.96,45.80024389882016]]]}},{"type":"Feature","properties":{"_zoneType":"SI_BUILT","name":"Pozidano zemljišče","authority":"MKGP","dataSource":"raba-3000"},"geometry":{"type":"Polygon","coordinates":[[[13.961622634838362,45.80018128448818],[13.961206601088609,45.800000000000004],[13.96,45.800000000000004],[13.96,45.80024389882016],[13.961622634838362,45.80018128448818]]]}},{"type":"Feature","properties":{"_zoneType":"SI_BUILT","name":"Pozidano zemljišče","authority":"MKGP","dataSource":"raba-3000"},"geometry":{"type":"Polygon","coordinates":[[[13.95820134396071,45.801462635504954],[13.958065328460448,45.8013302620837],[13.957368011961712,45.80164097877944],[13.95820134396071,45.801462635504954]]]}},{"type":"Feature","properties":{"_zoneType":"SI_BUILT","name":"Pozidano zemljišče","authority":"MKGP","dataSource":"raba-3000"},"geometry":{"type":"Polygon","coordinates":[[[13.956201986544059,45.80316197144908],[13.955162378472062,45.80291888490531],[13.955530886766828,45.80338115215182],[13.956201986544059,45.80316197144908]]]}},{"type":"Feature","properties":{"_zoneType":"SI_BUILT","name":"Pozidano zemljišče","authority":"MKGP","dataSource":"raba-3000"},"geometry":{"type":"Polygon","coordinates":[[[13.95403748664904,45.802729665429894],[13.95408575973605,45.80182889024723],[13.953266259899904,45.80224382448258],[13.95403748664904,45.802729665429894]]]}},{"type":"Feature","properties":{"_zoneType":"SI_BUILT","name":"Pozidano zemljišče","authority":"MKGP","dataSource":"raba-3000"},"geometry":{"type":"Polygon","coordinates":[[[13.942757056735992,45.80885841318276],[13.94463963510115,45.80815852055296],[13.94084234102131,45.80941400773423],[13.94280120362558,45.809811908461214],[13.942757056735992,45.80885841318276]]]}},{"type":"Feature","properties":{"_zoneType":"SI_BUILT","name":"Pozidano zemljišče","authority":"MKGP","dataSource":"raba-3000"},"geometry":{"type":"Polygon","coordinates":[[[13.941278554326093,45.81025414099225],[13.941204796387302,45.81010708066408],[13.940970870844565,45.81031857671623],[13.941278554326093,45.81025414099225]]]}},{"type":"Feature","properties":{"_zoneType":"SI_BUILT","name":"Pozidano zemljišče","authority":"MKGP","dataSource":"raba-3000"},"geometry":{"type":"Polygon","coordinates":[[[13.9257950293658,45.81886872863284],[13.925768097832822,45.819034820923854],[13.926144316066598,45.8189175847161],[13.9257950293658,45.81886872863284]]]}},{"type":"Feature","properties":{"_zoneType":"SI_BUILT","name":"Pozidano zemljišče","authority":"MKGP","dataSource":"raba-3000"},"geometry":{"type":"Polygon","coordinates":[[[13.932895229156836,45.82114936537941],[13.933123215388974,45.82131367916587],[13.933104077665607,45.82101727980183],[13.932895229156836,45.82114936537941]]]}},{"type":"Feature","properties":{"_zoneType":"SI_BUILT","name":"Pozidano zemljišče","authority":"MKGP","dataSource":"raba-3000"},"geometry":{"type":"Polygon","coordinates":[[[13.931734216174556,45.8237944900318],[13.931586129506806,45.82363729395538],[13.930719745177297,45.823704123252625],[13.931734216174556,45.8237944900318]]]}},{"type":"Feature","properties":{"_zoneType":"SI_BUILT","name":"Pozidano zemljišče","authority":"MKGP","dataSource":"raba-3000"},"geometry":{"type":"Polygon","coordinates":[[[13.930031615608218,45.83362207429656],[13.931098888787965,45.833727986330075],[13.930145824725372,45.833489846397775],[13.930031615608218,45.83362207429656]]]}},{"type":"Feature","properties":{"_zoneType":"SI_BUILT","name":"Pozidano zemljišče","authority":"MKGP","dataSource":"raba-3000"},"geometry":{"type":"Polygon","coordinates":[[[13.92635795716402,45.83666896566381],[13.926098399188787,45.83677748928664],[13.926503832927157,45.83686642923295],[13.92635795716402,45.83666896566381]]]}},{"type":"Feature","properties":{"_zoneType":"SI_BUILT","name":"Pozidano zemljišče","authority":"MKGP","dataSource":"raba-3000"},"geometry":{"type":"Polygon","coordinates":[[[13.91072467815403,45.8431215932754],[13.910673212008437,45.843283271190145],[13.911014026787253,45.84315768052387],[13.91072467815403,45.8431215932754]]]}},{"type":"Feature","properties":{"_zoneType":"SI_BUILT","name":"Pozidano zemljišče","authority":"MKGP","dataSource":"raba-3000"},"geometry":{"type":"Polygon","coordinates":[[[13.907128123750102,45.83885611153055],[13.906875667546913,45.83878093282197],[13.905647026108863,45.839216280738796],[13.906323275556622,45.839546583584934],[13.907128123750102,45.83885611153055]]]}},{"type":"Feature","properties":{"_zoneType":"SI_BUILT","name":"Pozidano zemljišče","authority":"MKGP","dataSource":"raba-3000"},"geometry":{"type":"Polygon","coordinates":[[[13.93276208205095,45.81764975912367],[13.933736068018067,45.817636582916094],[13.932841457648745,45.817495890269655],[13.93276208205095,45.81764975912367]]]}},{"type":"Feature","properties":{"_zoneType":"SI_BUILT","name":"Pozidano zemljišče","authority":"MKGP","dataSource":"raba-3000"},"geometry":{"type":"Polygon","coordinates":[[[13.933448770325326,45.84231790781768],[13.933468319348156,45.84210103217069],[13.933151427701102,45.84228999625862],[13.933448770325326,45.84231790781768]]]}},{"type":"Feature","properties":{"_zoneType":"SI_BUILT","name":"Pozidano zemljišče","authority":"MKGP","dataSource":"raba-3000"},"geometry":{"type":"Polygon","coordinates":[[[13.936010389692008,45.81054141911073],[13.936298508487463,45.81063415979105],[13.936300948196243,45.810195352469044],[13.936010389692008,45.81054141911073]]]}},{"type":"Feature","properties":{"_zoneType":"SI_BUILT","name":"Pozidano zemljišče","authority":"MKGP","dataSource":"raba-3000"},"geometry":{"type":"Polygon","coordinates":[[[13.935121628794924,45.813582816657124],[13.934781741891886,45.81268679577707],[13.933010250482093,45.813141028702816],[13.934577261555809,45.81388872927315],[13.935121628794924,45.813582816657124]]]}},{"type":"Feature","properties":{"_zoneType":"SI_BUILT","name":"Pozidano zemljišče","authority":"MKGP","dataSource":"raba-3000"},"geometry":{"type":"Polygon","coordinates":[[[13.934810216153837,45.80996396164458],[13.93444179111976,45.80928920175022],[13.934246003728735,45.80990342303215],[13.934810216153837,45.80996396164458]]]}},{"type":"Feature","properties":{"_zoneType":"SI_BUILT","name":"Pozidano zemljišče","authority":"MKGP","dataSource":"raba-3000"},"geometry":{"type":"Polygon","coordinates":[[[13.930156770347507,45.81758200868043],[13.929817912521694,45.817432514598785],[13.93001381404403,45.81771198769488],[13.930156770347507,45.81758200868043]]]}},{"type":"Feature","properties":{"_zoneType":"SI_BUILT","name":"Pozidano zemljišče","authority":"MKGP","dataSource":"raba-3000"},"geometry":{"type":"Polygon","coordinates":[[[13.929076462912327,45.82794689190248],[13.92763315623099,45.82710506761697],[13.928575393110993,45.82632731855419],[13.927158903829977,45.827111830596955],[13.928272853827787,45.82790135606594],[13.929076462912327,45.82794689190248]]]}},{"type":"Feature","properties":{"_zoneType":"SI_BUILT","name":"Pozidano zemljišče","authority":"MKGP","dataSource":"raba-3000"},"geometry":{"type":"Polygon","coordinates":[[[13.928664766440066,45.81889850543391],[13.928399849637197,45.81869724604902],[13.92822590660666,45.81919711118369],[13.928664766440066,45.81889850543391]]]}},{"type":"Feature","properties":{"_zoneType":"SI_BUILT","name":"Pozidano zemljišče","authority":"MKGP","dataSource":"raba-3000"},"geometry":{"type":"Polygon","coordinates":[[[13.927093986523348,45.828175667052605],[13.926813804011214,45.82806947419168],[13.926888529354288,45.828415134296804],[13.927093986523348,45.828175667052605]]]}},{"type":"Feature","properties":{"_zoneType":"SI_BUILT","name":"Pozidano zemljišče","authority":"MKGP","dataSource":"raba-3000"},"geometry":{"type":"Polygon","coordinates":[[[13.925017261573739,45.85376949761715],[13.923236179499037,45.852964798999324],[13.92160659916564,45.852829299681105],[13.924380046152372,45.853897809219745],[13.925017261573739,45.85376949761715]]]}},{"type":"Feature","properties":{"_zoneType":"SI_BUILT","name":"Pozidano zemljišče","authority":"MKGP","dataSource":"raba-3000"},"geometry":{"type":"Polygon","coordinates":[[[13.9244527406949,45.811426690947705],[13.92436227887649,45.81158324967354],[13.924733163048534,45.81150408553088],[13.9244527406949,45.811426690947705]]]}},{"type":"Feature","properties":{"_zoneType":"SI_BUILT","name":"Pozidano zemljišče","authority":"MKGP","dataSource":"raba-3000"},"geometry":{"type":"Polygon","coordinates":[[[13.923649020793636,45.83995728514113],[13.923516144714274,45.84],[13.923577954031618,45.84],[13.923649020793636,45.83995728514113]]]}},{"type":"Feature","properties":{"_zoneType":"SI_BUILT","name":"Pozidano zemljišče","authority":"MKGP","dataSource":"raba-3000"},"geometry":{"type":"Polygon","coordinates":[[[13.92247411175702,45.84066346721924],[13.923577954031618,45.84],[13.923516144714274,45.84],[13.921200696513559,45.840744332942336],[13.92247411175702,45.84066346721924]]]}},{"type":"Feature","properties":{"_zoneType":"SI_BUILT","name":"Pozidano zemljišče","authority":"MKGP","dataSource":"raba-3000"},"geometry":{"type":"Polygon","coordinates":[[[13.92336520811868,45.83629451593671],[13.922691146526153,45.83643767802599],[13.923133632398246,45.836780801900424],[13.92336520811868,45.83629451593671]]]}},{"type":"Feature","properties":{"_zoneType":"SI_BUILT","name":"Pozidano zemljišče","authority":"MKGP","dataSource":"raba-3000"},"geometry":{"type":"Polygon","coordinates":[[[13.922634492061425,45.84155553930054],[13.922883213692558,45.84168676525294],[13.922711998256,45.841445123502716],[13.922634492061425,45.84155553930054]]]}},{"type":"Feature","properties":{"_zoneType":"SI_BUILT","name":"Pozidano zemljišče","authority":"MKGP","dataSource":"raba-3000"},"geometry":{"type":"Polygon","coordinates":[[[13.921752020338698,45.847402267130995],[13.921378068013848,45.8475256609501],[13.920287917119397,45.85023050763199],[13.922320178224021,45.84792091829205],[13.921752020338698,45.847402267130995]]]}},{"type":"Feature","properties":{"_zoneType":"SI_BUILT","name":"Pozidano zemljišče","authority":"MKGP","dataSource":"raba-3000"},"geometry":{"type":"Polygon","coordinates":[[[13.92124153514656,45.829189490164076],[13.920996183028866,45.82918222495042],[13.921175527638757,45.82968067612698],[13.92124153514656,45.829189490164076]]]}},{"type":"Feature","properties":{"_zoneType":"SI_BUILT","name":"Pozidano zemljišče","authority":"MKGP","dataSource":"raba-3000"},"geometry":{"type":"Polygon","coordinates":[[[13.92034353113616,45.84644401599499],[13.920417275956424,45.84659729697883],[13.92064789040755,45.84638934872893],[13.92034353113616,45.84644401599499]]]}},{"type":"Feature","properties":{"_zoneType":"SI_BUILT","name":"Pozidano zemljišče","authority":"MKGP","dataSource":"raba-3000"},"geometry":{"type":"Polygon","coordinates":[[[13.919306623978054,45.846539274410105],[13.919016931677769,45.84652887195395],[13.919317687736248,45.84665479854022],[13.919306623978054,45.846539274410105]]]}},{"type":"Feature","properties":{"_zoneType":"SI_BUILT","name":"Pozidano zemljišče","authority":"MKGP","dataSource":"raba-3000"},"geometry":{"type":"Polygon","coordinates":[[[13.918858071892462,45.840941455910745],[13.919024658355086,45.841065280785166],[13.919066520328492,45.840799555787925],[13.918858071892462,45.840941455910745]]]}},{"type":"Feature","properties":{"_zoneType":"SI_BUILT","name":"Pozidano zemljišče","authority":"MKGP","dataSource":"raba-3000"},"geometry":{"type":"Polygon","coordinates":[[[13.919300376208042,45.81976136785334],[13.918421538374826,45.81910582330925],[13.918633360670723,45.81969824245853],[13.919300376208042,45.81976136785334]]]}},{"type":"Feature","properties":{"_zoneType":"SI_BUILT","name":"Pozidano zemljišče","authority":"MKGP","dataSource":"raba-3000"},"geometry":{"type":"Polygon","coordinates":[[[13.918388677489979,45.84580178856798],[13.918235717285253,45.84567018804785],[13.918157576010508,45.845922957964845],[13.918388677489979,45.84580178856798]]]}},{"type":"Feature","properties":{"_zoneType":"SI_BUILT","name":"Pozidano zemljišče","authority":"MKGP","dataSource":"raba-3000"},"geometry":{"type":"Polygon","coordinates":[[[13.9178189320109,45.848614515786664],[13.91738665265652,45.8483417126331],[13.917520570682777,45.84869874724224],[13.9178189320109,45.848614515786664]]]}},{"type":"Feature","properties":{"_zoneType":"SI_BUILT","name":"Pozidano zemljišče","authority":"MKGP","dataSource":"raba-3000"},"geometry":{"type":"Polygon","coordinates":[[[13.917683296269555,45.84501970839434],[13.91746696028119,45.844913124800634],[13.917544577108579,45.84517285636274],[13.917683296269555,45.84501970839434]]]}},{"type":"Feature","properties":{"_zoneType":"SI_BUILT","name":"Pozidano zemljišče","authority":"MKGP","dataSource":"raba-3000"},"geometry":{"type":"Polygon","coordinates":[[[13.917457143855202,45.81612955603605],[13.91773958995398,45.81621571573694],[13.917565373283109,45.815971617441264],[13.917457143855202,45.81612955603605]]]}},{"type":"Feature","properties":{"_zoneType":"SI_BUILT","name":"Pozidano zemljišče","authority":"MKGP","dataSource":"raba-3000"},"geometry":{"type":"Polygon","coordinates":[[[13.916435828338619,45.83776547422871],[13.916139531751295,45.837724170008755],[13.916389810577712,45.838031976584034],[13.916435828338619,45.83776547422871]]]}},{"type":"Feature","properties":{"_zoneType":"SI_BUILT","name":"Pozidano zemljišče","authority":"MKGP","dataSource":"raba-3000"},"geometry":{"type":"Polygon","coordinates":[[[13.914949051896306,45.816915012498264],[13.913305073696598,45.815783465983195],[13.913520137293077,45.81470723851525],[13.912180222756371,45.81501520995976],[13.913669477020386,45.81652034239269],[13.914949051896306,45.816915012498264]]]}},{"type":"Feature","properties":{"_zoneType":"SI_BUILT","name":"Pozidano zemljišče","authority":"MKGP","dataSource":"raba-3000"},"geometry":{"type":"Polygon","coordinates":[[[13.912274858587478,45.84176380928271],[13.91205052482507,45.841649161999875],[13.912100621214035,45.841918556302915],[13.912274858587478,45.84176380928271]]]}},{"type":"Feature","properties":{"_zoneType":"SI_BUILT","name":"Pozidano zemljišče","authority":"MKGP","dataSource":"raba-3000"},"geometry":{"type":"Polygon","coordinates":[[[13.912046449559337,45.82957862774217],[13.912070563599144,45.82940546768765],[13.911670900681964,45.829547559861695],[13.912046449559337,45.82957862774217]]]}},{"type":"Feature","properties":{"_zoneType":"SI_BUILT","name":"Pozidano zemljišče","authority":"MKGP","dataSource":"raba-3000"},"geometry":{"type":"Polygon","coordinates":[[[13.90967608739238,45.81862511438935],[13.91134414476071,45.82028157737489],[13.910485535722508,45.819415512704694],[13.911272043610971,45.81869557074355],[13.90967608739238,45.81862511438935]]]}},{"type":"Feature","properties":{"_zoneType":"SI_BUILT","name":"Pozidano zemljišče","authority":"MKGP","dataSource":"raba-3000"},"geometry":{"type":"Polygon","coordinates":[[[13.909150382600817,45.84082283597456],[13.908958793030315,45.840745181665234],[13.908086321083948,45.84138763005635],[13.909150382600817,45.84082283597456]]]}},{"type":"Feature","properties":{"_zoneType":"SI_BUILT","name":"Pozidano zemljišče","authority":"MKGP","dataSource":"raba-3000"},"geometry":{"type":"Polygon","coordinates":[[[13.90839803506389,45.84223504076001],[13.9083655336093,45.84242410988122],[13.90870702553386,45.842280049494455],[13.90839803506389,45.84223504076001]]]}},{"type":"Feature","properties":{"_zoneType":"SI_BUILT","name":"Pozidano zemljišče","authority":"MKGP","dataSource":"raba-3000"},"geometry":{"type":"Polygon","coordinates":[[[13.90815736180077,45.81806463616508],[13.908151850633342,45.81792020368152],[13.90747664709334,45.817768791107696],[13.90815736180077,45.81806463616508]]]}},{"type":"Feature","properties":{"_zoneType":"SI_BUILT","name":"Pozidano zemljišče","authority":"MKGP","dataSource":"raba-3000"},"geometry":{"type":"Polygon","coordinates":[[[13.902893807300407,45.82171306337661],[13.902041221583383,45.82161320297296],[13.902367357203769,45.82218267420601],[13.902893807300407,45.82171306337661]]]}},{"type":"Feature","properties":{"_zoneType":"SI_BUILT","name":"Pozidano zemljišče","authority":"MKGP","dataSource":"raba-3000"},"geometry":{"type":"Polygon","coordinates":[[[13.898931573511955,45.82638944252996],[13.899060015070624,45.82648672908473],[13.899259728128659,45.8262284857821],[13.898931573511955,45.82638944252996]]]}},{"type":"Feature","properties":{"_zoneType":"SI_BUILT","name":"Pozidano zemljišče","authority":"MKGP","dataSource":"raba-3000"},"geometry":{"type":"Polygon","coordinates":[[[13.888577676004756,45.82471010662302],[13.888588463151226,45.82452713348392],[13.887871534310513,45.82366328192215],[13.887929935920123,45.82438291552596],[13.888577676004756,45.82471010662302]]]}},{"type":"Feature","properties":{"_zoneType":"SI_BUILT","name":"Pozidano zemljišče","authority":"MKGP","dataSource":"raba-3000"},"geometry":{"type":"Polygon","coordinates":[[[13.884562792857746,45.82481933623134],[13.888780592075653,45.826546050411544],[13.88930132179436,45.82771463390014],[13.88922415234864,45.82656172523245],[13.886664796097875,45.825230795883535],[13.886556210561118,45.82415476974948],[13.884562792857746,45.82481933623134]]]}},{"type":"Feature","properties":{"_zoneType":"SI_BUILT","name":"Pozidano zemljišče","authority":"MKGP","dataSource":"raba-3000"},"geometry":{"type":"Polygon","coordinates":[[[13.906287299721306,45.815860030936186],[13.90718774975194,45.815525486520464],[13.90585160325602,45.8156899711593],[13.906620165779081,45.81659766939453],[13.906287299721306,45.815860030936186]]]}},{"type":"Feature","properties":{"_zoneType":"SI_BUILT","name":"Pozidano zemljišče","authority":"MKGP","dataSource":"raba-3000"},"geometry":{"type":"Polygon","coordinates":[[[13.905355370244788,45.851079021104404],[13.905344400446511,45.85085286021093],[13.904955362876382,45.85109228483368],[13.905355370244788,45.851079021104404]]]}},{"type":"Feature","properties":{"_zoneType":"SI_BUILT","name":"Pozidano zemljišče","authority":"MKGP","dataSource":"raba-3000"},"geometry":{"type":"Polygon","coordinates":[[[13.901861466538637,45.82513140869073],[13.901157992282563,45.824259736715085],[13.901596914776013,45.82515109565968],[13.901861466538637,45.82513140869073]]]}},{"type":"Feature","properties":{"_zoneType":"SI_BUILT","name":"Pozidano zemljišče","authority":"MKGP","dataSource":"raba-3000"},"geometry":{"type":"Polygon","coordinates":[[[13.899855009294773,45.80057932525438],[13.900437499350632,45.800244821736555],[13.899828356300269,45.8004704330286],[13.899855009294773,45.80057932525438]]]}},{"type":"Feature","properties":{"_zoneType":"SI_BUILT","name":"Pozidano zemljišče","authority":"MKGP","dataSource":"raba-3000"},"geometry":{"type":"Polygon","coordinates":[[[13.897607918435096,45.83366277678244],[13.895755366972288,45.83205297026887],[13.8966261842802,45.83326519676903],[13.897607918435096,45.83366277678244]]]}},{"type":"Feature","properties":{"_zoneType":"SI_BUILT","name":"Pozidano zemljišče","authority":"MKGP","dataSource":"raba-3000"},"geometry":{"type":"Polygon","coordinates":[[[13.896007982993812,45.8426362586577],[13.895740723075662,45.84256153216314],[13.895920353842167,45.842799751489395],[13.896007982993812,45.8426362586577]]]}},{"type":"Feature","properties":{"_zoneType":"SI_BUILT","name":"Pozidano zemljišče","authority":"MKGP","dataSource":"raba-3000"},"geometry":{"type":"Polygon","coordinates":[[[13.893185152443365,45.838439242883055],[13.893874098418884,45.83803655888536],[13.893109147285175,45.838297146473],[13.893185152443365,45.838439242883055]]]}},{"type":"Feature","properties":{"_zoneType":"SI_BUILT","name":"Pozidano zemljišče","authority":"MKGP","dataSource":"raba-3000"},"geometry":{"type":"Polygon","coordinates":[[[13.890590134638055,45.84704916569191],[13.892687811240327,45.84627690653837],[13.890243127812894,45.84672901067676],[13.89073302424099,45.84900750428639],[13.890590134638055,45.84704916569191]]]}},{"type":"Feature","properties":{"_zoneType":"SI_BUILT","name":"Pozidano zemljišče","authority":"MKGP","dataSource":"raba-3000"},"geometry":{"type":"Polygon","coordinates":[[[13.891969319160214,45.85137200327728],[13.890772199060551,45.84985603382514],[13.889732810245453,45.850743973068575],[13.891969319160214,45.85137200327728]]]}},{"type":"Feature","properties":{"_zoneType":"SI_BUILT","name":"Pozidano zemljišče","authority":"MKGP","dataSource":"raba-3000"},"geometry":{"type":"Polygon","coordinates":[[[13.888888392870646,45.829329339906415],[13.889109089132385,45.8294550927038],[13.889073994260288,45.82919918840489],[13.888888392870646,45.829329339906415]]]}},{"type":"Feature","properties":{"_zoneType":"SI_BUILT","name":"Pozidano zemljišče","authority":"MKGP","dataSource":"raba-3000"},"geometry":{"type":"Polygon","coordinates":[[[13.887521418612154,45.85263286900907],[13.888066092336325,45.852908108871304],[13.888769544612416,45.85265232853489],[13.887690593551298,45.85251790118739],[13.887521418612154,45.85263286900907]]]}},{"type":"Feature","properties":{"_zoneType":"SI_BUILT","name":"Pozidano zemljišče","authority":"MKGP","dataSource":"raba-3000"},"geometry":{"type":"Polygon","coordinates":[[[13.88782615132773,45.85055877716114],[13.886877794699183,45.84930878421077],[13.884475813299593,45.84878572699004],[13.886620437547421,45.84945541835551],[13.88782615132773,45.85055877716114]]]}},{"type":"Feature","properties":{"_zoneType":"SI_BUILT","name":"Pozidano zemljišče","authority":"MKGP","dataSource":"raba-3000"},"geometry":{"type":"Polygon","coordinates":[[[13.885765404695423,45.83408952354735],[13.88395341328331,45.83338959137434],[13.885599436421488,45.83417559910966],[13.885765404695423,45.83408952354735]]]}},{"type":"Feature","properties":{"_zoneType":"SI_BUILT","name":"Pozidano zemljišče","authority":"MKGP","dataSource":"raba-3000"},"geometry":{"type":"Polygon","coordinates":[[[13.879989853945943,45.85133410901988],[13.88,45.85133984862402],[13.88,45.85133285841654],[13.879989853945943,45.85133410901988]]]}},{"type":"Feature","properties":{"_zoneType":"SI_BUILT","name":"Pozidano zemljišče","authority":"MKGP","dataSource":"raba-3000"},"geometry":{"type":"Polygon","coordinates":[[[13.88067476099183,45.853573267240854],[13.882773343166853,45.854202664561996],[13.881136785401626,45.85351750169461],[13.881774006769163,45.85218773870436],[13.881084773743435,45.8511991491282],[13.88,45.85133285841654],[13.88,45.85133984862402],[13.881305576078706,45.85207841061298],[13.88067476099183,45.853573267240854]]]}},{"type":"Feature","properties":{"_zoneType":"SI_BUILT","name":"Pozidano zemljišče","authority":"MKGP","dataSource":"raba-3000"},"geometry":{"type":"Polygon","coordinates":[[[13.877278961848582,45.83123115699981],[13.879508641188918,45.83014420299598],[13.878799885422307,45.82706840381961],[13.878909144144481,45.82989905256582],[13.876700579422705,45.83063191067456],[13.87535226669634,45.82988785891919],[13.88,45.833574102681446],[13.88,45.83305399337222],[13.877278961848582,45.83123115699981]]]}},{"type":"Feature","properties":{"_zoneType":"SI_BUILT","name":"Pozidano zemljišče","authority":"MKGP","dataSource":"raba-3000"},"geometry":{"type":"Polygon","coordinates":[[[13.882545090858954,45.83475896181831],[13.88,45.83305399337222],[13.88,45.833574102681446],[13.88130983250391,45.83461296648487],[13.882545090858954,45.83475896181831]]]}},{"type":"Feature","properties":{"_zoneType":"SI_BUILT","name":"Pozidano zemljišče","authority":"MKGP","dataSource":"raba-3000"},"geometry":{"type":"Polygon","coordinates":[[[13.87957738566208,45.84579456829398],[13.87958561309455,45.84590221041328],[13.88,45.84603738897505],[13.88,45.84598899844278],[13.87957738566208,45.84579456829398]]]}},{"type":"Feature","properties":{"_zoneType":"SI_BUILT","name":"Pozidano zemljišče","authority":"MKGP","dataSource":"raba-3000"},"geometry":{"type":"Polygon","coordinates":[[[13.88,45.84598899844278],[13.88,45.84603738897505],[13.880361523218864,45.846155322693825],[13.88,45.84598899844278]]]}},{"type":"Feature","properties":{"_zoneType":"SI_BUILT","name":"Pozidano zemljišče","authority":"MKGP","dataSource":"raba-3000"},"geometry":{"type":"Polygon","coordinates":[[[13.875093748866151,45.838463856057736],[13.875727633703276,45.83830659706665],[13.87679398517617,45.83687012707752],[13.875986836651201,45.83733752910143],[13.875093748866151,45.838463856057736]]]}},{"type":"Feature","properties":{"_zoneType":"SI_BUILT","name":"Pozidano zemljišče","authority":"MKGP","dataSource":"raba-3000"},"geometry":{"type":"Polygon","coordinates":[[[13.879773151339947,45.84330747576484],[13.879271893475988,45.84344141104644],[13.878259858333838,45.84446632313207],[13.879238569676906,45.84403170481322],[13.879773151339947,45.84330747576484]]]}},{"type":"Feature","properties":{"_zoneType":"SI_BUILT","name":"Pozidano zemljišče","authority":"MKGP","dataSource":"raba-3000"},"geometry":{"type":"Polygon","coordinates":[[[13.878941817257363,45.81428033383382],[13.877214524891036,45.8140709487878],[13.87609077645366,45.814716514845074],[13.878207624882686,45.81502731796626],[13.878941817257363,45.81428033383382]]]}},{"type":"Feature","properties":{"_zoneType":"SI_BUILT","name":"Pozidano zemljišče","authority":"MKGP","dataSource":"raba-3000"},"geometry":{"type":"Polygon","coordinates":[[[13.876223053306155,45.839403791640635],[13.875891585416088,45.839167087339376],[13.87604483618979,45.8394879157536],[13.876223053306155,45.839403791640635]]]}},{"type":"Feature","properties":{"_zoneType":"SI_BUILT","name":"Pozidano zemljišče","authority":"MKGP","dataSource":"raba-3000"},"geometry":{"type":"Polygon","coordinates":[[[13.874443515743376,45.83959744380512],[13.874433485368113,45.83941649605884],[13.873992491197574,45.83961043193102],[13.874443515743376,45.83959744380512]]]}},{"type":"Feature","properties":{"_zoneType":"SI_BUILT","name":"Pozidano zemljišče","authority":"MKGP","dataSource":"raba-3000"},"geometry":{"type":"Polygon","coordinates":[[[13.872721409248067,45.826343405836724],[13.872636280398421,45.826160653914656],[13.872375371570742,45.82641670338492],[13.872721409248067,45.826343405836724]]]}},{"type":"Feature","properties":{"_zoneType":"SI_BUILT","name":"Pozidano zemljišče","authority":"MKGP","dataSource":"raba-3000"},"geometry":{"type":"Polygon","coordinates":[[[13.872168455991444,45.831086376348196],[13.871912828896336,45.83091342735524],[13.871968320787015,45.831235034040176],[13.872168455991444,45.831086376348196]]]}},{"type":"Feature","properties":{"_zoneType":"SI_BUILT","name":"Pozidano zemljišče","authority":"MKGP","dataSource":"raba-3000"},"geometry":{"type":"Polygon","coordinates":[[[13.87056864739052,45.84202650620448],[13.870503318320415,45.842203784837245],[13.870891767102854,45.84208159110085],[13.87056864739052,45.84202650620448]]]}},{"type":"Feature","properties":{"_zoneType":"SI_BUILT","name":"Pozidano zemljišče","authority":"MKGP","dataSource":"raba-3000"},"geometry":{"type":"Polygon","coordinates":[[[13.871392897135847,45.814572534890225],[13.870964596920798,45.81433503218012],[13.869702232615674,45.815198563012736],[13.871392897135847,45.814572534890225]]]}},{"type":"Feature","properties":{"_zoneType":"SI_BUILT","name":"Pozidano zemljišče","authority":"MKGP","dataSource":"raba-3000"},"geometry":{"type":"Polygon","coordinates":[[[13.867896426943084,45.84171264267689],[13.867846474037504,45.84216932159564],[13.868945421931834,45.84267997350216],[13.867896426943084,45.84171264267689]]]}},{"type":"Feature","properties":{"_zoneType":"SI_BUILT","name":"Pozidano zemljišče","authority":"MKGP","dataSource":"raba-3000"},"geometry":{"type":"Polygon","coordinates":[[[13.867070470942435,45.850696256605204],[13.866963849152238,45.85052647065797],[13.866809221271314,45.85078304322628],[13.867070470942435,45.850696256605204]]]}},{"type":"Feature","properties":{"_zoneType":"SI_BUILT","name":"Pozidano zemljišče","authority":"MKGP","dataSource":"raba-3000"},"geometry":{"type":"Polygon","coordinates":[[[13.865576723287521,45.83137002384922],[13.86567715987842,45.82936132031036],[13.864232028732859,45.83008332502841],[13.865056140324214,45.83052213774399],[13.865576723287521,45.83137002384922]]]}},{"type":"Feature","properties":{"_zoneType":"SI_BUILT","name":"Pozidano zemljišče","authority":"MKGP","dataSource":"raba-3000"},"geometry":{"type":"Polygon","coordinates":[[[13.864256700347946,45.84],[13.864399595309722,45.84],[13.863276968570569,45.83881113972659],[13.861430503591613,45.83957333162676],[13.863412053266861,45.83921154933725],[13.864256700347946,45.84]]]}},{"type":"Feature","properties":{"_zoneType":"SI_BUILT","name":"Pozidano zemljišče","authority":"MKGP","dataSource":"raba-3000"},"geometry":{"type":"Polygon","coordinates":[[[13.865462182764297,45.841125278748244],[13.864399595309722,45.84],[13.864256700347946,45.84],[13.865462182764297,45.841125278748244]]]}},{"type":"Feature","properties":{"_zoneType":"SI_BUILT","name":"Pozidano zemljišče","authority":"MKGP","dataSource":"raba-3000"},"geometry":{"type":"Polygon","coordinates":[[[13.865522956055688,45.816337752298054],[13.86525575560968,45.816279873242415],[13.863936922190755,45.81715792394053],[13.865522956055688,45.816337752298054]]]}},{"type":"Feature","properties":{"_zoneType":"SI_BUILT","name":"Pozidano zemljišče","authority":"MKGP","dataSource":"raba-3000"},"geometry":{"type":"Polygon","coordinates":[[[13.864123659910664,45.82899853443991],[13.864283452184887,45.82879898462874],[13.863826732767366,45.828893848328754],[13.864123659910664,45.82899853443991]]]}},{"type":"Feature","properties":{"_zoneType":"SI_BUILT","name":"Pozidano zemljišče","authority":"MKGP","dataSource":"raba-3000"},"geometry":{"type":"Polygon","coordinates":[[[13.862119701650773,45.831224967885525],[13.861499693187824,45.82876994417809],[13.861170840664174,45.830268613945606],[13.862119701650773,45.831224967885525]]]}},{"type":"Feature","properties":{"_zoneType":"SI_BUILT","name":"Pozidano zemljišče","authority":"MKGP","dataSource":"raba-3000"},"geometry":{"type":"Polygon","coordinates":[[[13.857123953584079,45.80387651678969],[13.857172354636454,45.80399644909142],[13.85797075926906,45.80393982606886],[13.857123953584079,45.80387651678969]]]}},{"type":"Feature","properties":{"_zoneType":"SI_BUILT","name":"Pozidano zemljišče","authority":"MKGP","dataSource":"raba-3000"},"geometry":{"type":"Polygon","coordinates":[[[13.855814686329238,45.83825620264468],[13.856267102835554,45.83941794267503],[13.856091598596613,45.83822976235402],[13.855814686329238,45.83825620264468]]]}},{"type":"Feature","properties":{"_zoneType":"SI_BUILT","name":"Pozidano zemljišče","authority":"MKGP","dataSource":"raba-3000"},"geometry":{"type":"Polygon","coordinates":[[[13.85150741965877,45.80632833752872],[13.853317883464465,45.80569120545991],[13.850595221394972,45.80619527769711],[13.85150741965877,45.80632833752872]]]}},{"type":"Feature","properties":{"_zoneType":"SI_BUILT","name":"Pozidano zemljišče","authority":"MKGP","dataSource":"raba-3000"},"geometry":{"type":"Polygon","coordinates":[[[13.850113880390454,45.80825816477189],[13.849731464924874,45.80810640305788],[13.849403225396259,45.80848842542525],[13.850113880390454,45.80825816477189]]]}},{"type":"Feature","properties":{"_zoneType":"SI_BUILT","name":"Pozidano zemljišče","authority":"MKGP","dataSource":"raba-3000"},"geometry":{"type":"Polygon","coordinates":[[[13.845527783841474,45.81334213945764],[13.84586982503917,45.813401878655895],[13.845633926355108,45.81312235478626],[13.845527783841474,45.81334213945764]]]}},{"type":"Feature","properties":{"_zoneType":"SI_BUILT","name":"Pozidano zemljišče","authority":"MKGP","dataSource":"raba-3000"},"geometry":{"type":"Polygon","coordinates":[[[13.844397554164674,45.8137364119966],[13.844128049819568,45.81362438759281],[13.844330247568989,45.813851295250295],[13.844397554164674,45.8137364119966]]]}},{"type":"Feature","properties":{"_zoneType":"SI_BUILT","name":"Pozidano zemljišče","authority":"MKGP","dataSource":"raba-3000"},"geometry":{"type":"Polygon","coordinates":[[[13.841250245564432,45.8477987655397],[13.840317726083814,45.84733752441334],[13.84104739048946,45.847890392882896],[13.841250245564432,45.8477987655397]]]}},{"type":"Feature","properties":{"_zoneType":"SI_BUILT","name":"Pozidano zemljišče","authority":"MKGP","dataSource":"raba-3000"},"geometry":{"type":"Polygon","coordinates":[[[13.84,45.813927034518755],[13.84,45.813589978441584],[13.837170621420793,45.81347709952936],[13.839930282301319,45.81393432626057],[13.84,45.813927034518755]]]}},{"type":"Feature","properties":{"_zoneType":"SI_BUILT","name":"Pozidano zemljišče","authority":"MKGP","dataSource":"raba-3000"},"geometry":{"type":"Polygon","coordinates":[[[13.841456332332704,45.81377471739462],[13.841092758890724,45.81363357438729],[13.84,45.813589978441584],[13.84,45.813927034518755],[13.841456332332704,45.81377471739462]]]}},{"type":"Feature","properties":{"_zoneType":"SI_BUILT","name":"Pozidano zemljišče","authority":"MKGP","dataSource":"raba-3000"},"geometry":{"type":"Polygon","coordinates":[[[13.840794298910046,45.80867315305464],[13.840675567880066,45.80889422494664],[13.841079911786538,45.808748991106896],[13.840794298910046,45.80867315305464]]]}},{"type":"Feature","properties":{"_zoneType":"SI_BUILT","name":"Pozidano zemljišče","authority":"MKGP","dataSource":"raba-3000"},"geometry":{"type":"Polygon","coordinates":[[[13.839641199232261,45.841678916850064],[13.838949601668993,45.84085001464119],[13.837536117142196,45.84135729449563],[13.838860255896423,45.84113342198757],[13.839641199232261,45.841678916850064]]]}},{"type":"Feature","properties":{"_zoneType":"SI_BUILT","name":"Pozidano zemljišče","authority":"MKGP","dataSource":"raba-3000"},"geometry":{"type":"Polygon","coordinates":[[[13.834227053682778,45.84762059055325],[13.834395213529119,45.84773862041124],[13.835691420436913,45.84744489983245],[13.834227053682778,45.84762059055325]]]}},{"type":"Feature","properties":{"_zoneType":"SI_BUILT","name":"Pozidano zemljišče","authority":"MKGP","dataSource":"raba-3000"},"geometry":{"type":"Polygon","coordinates":[[[13.833929751191846,45.84117654646876],[13.833484488160263,45.84067453419027],[13.833171722266824,45.84111174129371],[13.833929751191846,45.84117654646876]]]}},{"type":"Feature","properties":{"_zoneType":"SI_BUILT","name":"Pozidano zemljišče","authority":"MKGP","dataSource":"raba-3000"},"geometry":{"type":"Polygon","coordinates":[[[13.833956603830948,45.800000000000004],[13.83364422522584,45.800000000000004],[13.833627213113587,45.80010471611761],[13.833956603830948,45.800000000000004]]]}},{"type":"Feature","properties":{"_zoneType":"SI_BUILT","name":"Pozidano zemljišče","authority":"MKGP","dataSource":"raba-3000"},"geometry":{"type":"Polygon","coordinates":[[[13.832828422479253,45.83097207629838],[13.832903718354837,45.83111786696314],[13.833102207290926,45.83088653850618],[13.832828422479253,45.83097207629838]]]}},{"type":"Feature","properties":{"_zoneType":"SI_BUILT","name":"Pozidano zemljišče","authority":"MKGP","dataSource":"raba-3000"},"geometry":{"type":"Polygon","coordinates":[[[13.801657863933912,45.81672979431362],[13.8014880986333,45.81692333867142],[13.801947659546963,45.816990302665005],[13.801657863933912,45.81672979431362]]]}},{"type":"Feature","properties":{"_zoneType":"SI_BUILT","name":"Pozidano zemljišče","authority":"MKGP","dataSource":"raba-3000"},"geometry":{"type":"Polygon","coordinates":[[[13.807026413188769,45.82210336004617],[13.80696526725462,45.8219434065515],[13.806731086257933,45.82216697462783],[13.807026413188769,45.82210336004617]]]}},{"type":"Feature","properties":{"_zoneType":"SI_BUILT","name":"Pozidano zemljišče","authority":"MKGP","dataSource":"raba-3000"},"geometry":{"type":"Polygon","coordinates":[[[13.832035855476471,45.84454604411988],[13.832004416025045,45.8444275642705],[13.83101900684883,45.844060435787995],[13.832035855476471,45.84454604411988]]]}},{"type":"Feature","properties":{"_zoneType":"SI_BUILT","name":"Pozidano zemljišče","authority":"MKGP","dataSource":"raba-3000"},"geometry":{"type":"Polygon","coordinates":[[[13.829890078642833,45.85002148542306],[13.830277967900795,45.85035880459255],[13.83011428309696,45.84991404908007],[13.829890078642833,45.85002148542306]]]}},{"type":"Feature","properties":{"_zoneType":"SI_BUILT","name":"Pozidano zemljišče","authority":"MKGP","dataSource":"raba-3000"},"geometry":{"type":"Polygon","coordinates":[[[13.83046465062108,45.845117901368106],[13.829850449197034,45.84455923156061],[13.830202946465493,45.845195113150154],[13.83046465062108,45.845117901368106]]]}},{"type":"Feature","properties":{"_zoneType":"SI_BUILT","name":"Pozidano zemljišče","authority":"MKGP","dataSource":"raba-3000"},"geometry":{"type":"Polygon","coordinates":[[[13.826123573063917,45.83556099483853],[13.82300203767951,45.83542896889657],[13.824875245324137,45.83568344183618],[13.826123573063917,45.83556099483853]]]}},{"type":"Feature","properties":{"_zoneType":"SI_BUILT","name":"Pozidano zemljišče","authority":"MKGP","dataSource":"raba-3000"},"geometry":{"type":"Polygon","coordinates":[[[13.82569993849936,45.84221675534621],[13.825540271490235,45.84210634661082],[13.825138186780507,45.842443048945256],[13.82569993849936,45.84221675534621]]]}},{"type":"Feature","properties":{"_zoneType":"SI_BUILT","name":"Pozidano zemljišče","authority":"MKGP","dataSource":"raba-3000"},"geometry":{"type":"Polygon","coordinates":[[[13.825394483336952,45.80261964312487],[13.825174936253365,45.802529916643145],[13.825258083733194,45.802778837136394],[13.825394483336952,45.80261964312487]]]}},{"type":"Feature","properties":{"_zoneType":"SI_BUILT","name":"Pozidano zemljišče","authority":"MKGP","dataSource":"raba-3000"},"geometry":{"type":"Polygon","coordinates":[[[13.820305312032099,45.812738171053304],[13.82064468323433,45.812866937551206],[13.820416750172873,45.81257470617612],[13.820305312032099,45.812738171053304]]]}},{"type":"Feature","properties":{"_zoneType":"SI_BUILT","name":"Pozidano zemljišče","authority":"MKGP","dataSource":"raba-3000"},"geometry":{"type":"Polygon","coordinates":[[[13.818805467251131,45.80525762717211],[13.818694512604894,45.8050997597214],[13.818495662291,45.80535398717104],[13.818805467251131,45.80525762717211]]]}},{"type":"Feature","properties":{"_zoneType":"SI_BUILT","name":"Pozidano zemljišče","authority":"MKGP","dataSource":"raba-3000"},"geometry":{"type":"Polygon","coordinates":[[[13.813463484686393,45.80870199137686],[13.812641212180184,45.811045658314846],[13.813461908992272,45.81037466931212],[13.813463484686393,45.80870199137686]]]}},{"type":"Feature","properties":{"_zoneType":"SI_BUILT","name":"Pozidano zemljišče","authority":"MKGP","dataSource":"raba-3000"},"geometry":{"type":"Polygon","coordinates":[[[13.814524683174556,45.82160477459972],[13.816938279659032,45.82060164662313],[13.814582532735804,45.82148297089593],[13.814524683174556,45.82160477459972]]]}},{"type":"Feature","properties":{"_zoneType":"SI_BUILT","name":"Pozidano zemljišče","authority":"MKGP","dataSource":"raba-3000"},"geometry":{"type":"Polygon","coordinates":[[[13.816310788540715,45.81752703005669],[13.815606947202099,45.81730473438567],[13.814242006298871,45.81760952830705],[13.816155229585206,45.81765063029567],[13.816310788540715,45.81752703005669]]]}},{"type":"Feature","properties":{"_zoneType":"SI_BUILT","name":"Pozidano zemljišče","authority":"MKGP","dataSource":"raba-3000"},"geometry":{"type":"Polygon","coordinates":[[[13.814803625234449,45.81906401998195],[13.81476197248129,45.81875978173196],[13.814486853136735,45.81895322368785],[13.814803625234449,45.81906401998195]]]}},{"type":"Feature","properties":{"_zoneType":"SI_BUILT","name":"Pozidano zemljišče","authority":"MKGP","dataSource":"raba-3000"},"geometry":{"type":"Polygon","coordinates":[[[13.815001804191414,45.819752160138194],[13.815293020499452,45.81936940758989],[13.814800345870463,45.819653694688405],[13.815001804191414,45.819752160138194]]]}},{"type":"Feature","properties":{"_zoneType":"SI_BUILT","name":"Pozidano zemljišče","authority":"MKGP","dataSource":"raba-3000"},"geometry":{"type":"Polygon","coordinates":[[[13.81499281430941,45.80668418859197],[13.814733849200156,45.80655200488203],[13.814848508854416,45.806821525266095],[13.81499281430941,45.80668418859197]]]}},{"type":"Feature","properties":{"_zoneType":"SI_BUILT","name":"Pozidano zemljišče","authority":"MKGP","dataSource":"raba-3000"},"geometry":{"type":"Polygon","coordinates":[[[13.811633183153063,45.80800596954553],[13.811517577071621,45.80784042171046],[13.811348210142063,45.80810051991042],[13.811633183153063,45.80800596954553]]]}},{"type":"Feature","properties":{"_zoneType":"SI_BUILT","name":"Pozidano zemljišče","authority":"MKGP","dataSource":"raba-3000"},"geometry":{"type":"Polygon","coordinates":[[[13.808625664619367,45.83741109383869],[13.805792517860972,45.837821703756454],[13.805666306274995,45.83867968000691],[13.806948663568267,45.83771376482366],[13.808625664619367,45.83741109383869]]]}},{"type":"Feature","properties":{"_zoneType":"SI_BUILT","name":"Pozidano zemljišče","authority":"MKGP","dataSource":"raba-3000"},"geometry":{"type":"Polygon","coordinates":[[[13.806712294017013,45.834923403661584],[13.806464166111688,45.83477558439851],[13.803789135686971,45.834691384174164],[13.806712294017013,45.834923403661584]]]}},{"type":"Feature","properties":{"_zoneType":"SI_BUILT","name":"Pozidano zemljišče","authority":"MKGP","dataSource":"raba-3000"},"geometry":{"type":"Polygon","coordinates":[[[13.804921257214465,45.812497740858966],[13.805200299302266,45.81263810608526],[13.805079406264248,45.812339733083974],[13.804921257214465,45.812497740858966]]]}},{"type":"Feature","properties":{"_zoneType":"SI_BUILT","name":"Pozidano zemljišče","authority":"MKGP","dataSource":"raba-3000"},"geometry":{"type":"Polygon","coordinates":[[[13.80465753100217,45.82985190815994],[13.804512043249934,45.829716134897865],[13.803664957189817,45.82970498749549],[13.804198830961774,45.830446381523466],[13.80465753100217,45.82985190815994]]]}},{"type":"Feature","properties":{"_zoneType":"SI_BUILT","name":"Pozidano zemljišče","authority":"MKGP","dataSource":"raba-3000"},"geometry":{"type":"Polygon","coordinates":[[[13.804322693490239,45.8078026294422],[13.804430277273605,45.80791769363918],[13.804709498550327,45.80763858964305],[13.804322693490239,45.8078026294422]]]}},{"type":"Feature","properties":{"_zoneType":"SI_BUILT","name":"Pozidano zemljišče","authority":"MKGP","dataSource":"raba-3000"},"geometry":{"type":"Polygon","coordinates":[[[13.801331100259356,45.8119373564808],[13.801027422462047,45.81184111013899],[13.801188391036478,45.81207765220744],[13.801331100259356,45.8119373564808]]]}},{"type":"Feature","properties":{"_zoneType":"SI_BUILT","name":"Pozidano zemljišče","authority":"MKGP","dataSource":"raba-3000"},"geometry":{"type":"Polygon","coordinates":[[[13.989410440001752,45.87466733134488],[13.985675958341437,45.87089558994656],[13.985472132658709,45.866576977329096],[13.984227220993494,45.86617628069261],[13.986787180265734,45.86312442142974],[13.985635119292017,45.86041864936462],[13.989330824076175,45.85703326264152],[13.98938906614182,45.85537890029709],[13.986466758404955,45.85953907121391],[13.984494469107963,45.859175629857575],[13.986399392194226,45.86317156170795],[13.98395475227021,45.865554841277635],[13.983919525995512,45.866296942540416],[13.984732255318248,45.86708211199213],[13.983577678260588,45.86848352842226],[13.984905966304137,45.868924530509666],[13.983398252021416,45.8727295259729],[13.977021183364016,45.87190244731411],[13.97345935823835,45.867590294230986],[13.969622175341328,45.86655547310489],[13.97119527961297,45.86798309702359],[13.972989708204988,45.867816006083025],[13.977078827923156,45.87223282682914],[13.983323604418128,45.8732748442178],[13.985740864781986,45.8713933563881],[13.98690270524708,45.87275503291407],[13.985462518826884,45.87545740687162],[13.984266958282031,45.87563098866997],[13.98431319370057,45.87702544574704],[13.981471714475502,45.8772771331452],[13.975193629735047,45.875017005709864],[13.97241074818716,45.87568714716621],[13.97361484658928,45.874890359881846],[13.97278602085397,45.87274431927316],[13.969532144666658,45.87142729804758],[13.972134641840857,45.87256831314612],[13.972366743701901,45.87349869753369],[13.971173879586713,45.87377677068104],[13.971585439908566,45.87525064057404],[13.969504997985448,45.87529428134186],[13.971157948151662,45.87765509500359],[13.969398174776408,45.878674476363265],[13.969379519262567,45.879683436425935],[13.973781563402113,45.87855588120901],[13.971801226238998,45.8760766495457],[13.980771658336433,45.87736943043148],[13.980654677820096,45.87812220652065],[13.982521788012852,45.879143241908665],[13.983697056035782,45.8778209408285],[13.986759702320198,45.87794797151463],[13.986977303829432,45.876384047669696],[13.995008882435744,45.875905428662904],[14.0,45.87484104408613],[14.0,45.87455960376195],[13.994401746089439,45.87542358817343],[13.989410440001752,45.87466733134488]],[[13.988117546009933,45.874924819068184],[13.98744835284211,45.87506049334289],[13.987940180548485,45.874444635272624],[13.988117546009933,45.874924819068184]],[[13.985031684447957,45.86969714436987],[13.985472643073779,45.87029569723128],[13.984356921992362,45.87078190037086],[13.985031684447957,45.86969714436987]],[[13.98200421874133,45.87808378728443],[13.981340419397622,45.87789285066237],[13.982211823240572,45.877742899451334],[13.98200421874133,45.87808378728443]]]}},{"type":"Feature","properties":{"_zoneType":"SI_BUILT","name":"Pozidano zemljišče","authority":"MKGP","dataSource":"raba-3000"},"geometry":{"type":"Polygon","coordinates":[[[13.986294458297195,45.88310888722921],[13.969367275749464,45.880345582157545],[13.974006332276932,45.88201659436866],[13.986229611533167,45.88337934267149],[13.989564493934894,45.88191164195633],[13.999965353151495,45.88151048103152],[13.997708793446682,45.88384293793311],[13.991249039630036,45.88584680225422],[13.983575968152124,45.88990338159708],[13.98298338967626,45.88880631877462],[13.985577156733237,45.8852083148659],[13.980577571301861,45.886840585454266],[13.984332174948248,45.88633927840502],[13.980793058034308,45.891672007265846],[13.972253390466975,45.89661962177304],[13.969056695872595,45.897134396799004],[13.972300420452788,45.89691168843727],[13.974388803048988,45.895777514010426],[13.973834821623578,45.89804427247331],[13.975669841463983,45.894881615724415],[13.986878539482849,45.88862488548159],[13.98938093589445,45.89073378073396],[13.990707538130264,45.89044404476973],[13.990642690778762,45.892477495766705],[13.986485965374882,45.896247898808866],[13.988822525313527,45.89670430519603],[13.988526432220361,45.89766062084705],[13.98387399500168,45.901062981343465],[13.985357730589742,45.90210036484438],[13.984722435486368,45.90084218754028],[13.988291030633732,45.898411874399095],[13.990506015588876,45.898689074729994],[13.992853815522102,45.90083318793042],[13.994169048776799,45.901090688596824],[13.994412126560896,45.902736507556355],[13.999561163237889,45.908380093603185],[13.998394241550391,45.91365837497745],[13.99418183023695,45.91432834520482],[13.993591026375983,45.91365914899581],[13.994322874709232,45.9121657735587],[13.992353762729635,45.91260590343688],[13.990458344014337,45.91097081468043],[13.989315227444033,45.91139914842699],[13.987871579431141,45.91053939191115],[13.990681484322126,45.9125728816259],[13.991731461902228,45.91480922497959],[13.990241912243608,45.915511775763655],[13.99117521084861,45.91646256279235],[13.993135524232654,45.91729459156227],[13.993141314078763,45.918909088154116],[13.991940799859227,45.91989584287129],[13.986475695825952,45.918847185005504],[13.983275348905206,45.91970103913959],[13.982976129934347,45.92],[13.983363489440125,45.92],[13.983363428627056,45.91999838143305],[13.986693482983947,45.91908439868501],[13.992022331857898,45.92],[13.992412124008213,45.92],[13.993807571280525,45.917954553338255],[13.993072618955404,45.916882594094915],[13.991317444428907,45.91622671263156],[13.991372689211842,45.91540872205487],[13.993913224316337,45.91485367025562],[13.994252052592905,45.9157299005337],[13.995738460576964,45.91457660805314],[13.99663271371922,45.91809610542968],[13.996194939960626,45.91465268592272],[13.999151581065092,45.91445442315303],[13.999520419443105,45.91164524593905],[14.0,45.91156161212208],[14.0,45.911189814942446],[13.999953483600331,45.91119681896513],[14.0,45.91096330549814],[14.0,45.906807093512995],[13.998222743850965,45.906125066072896],[13.997524478972743,45.90490030320852],[14.0,45.90388581173847],[14.0,45.903163372653786],[13.997053100069756,45.90260927772119],[13.996459889065015,45.90157487009012],[13.998115065261914,45.90074724815709],[13.999082296020848,45.899640620669494],[14.0,45.900416571396164],[14.0,45.89933366662888],[13.998162687157501,45.898601716884365],[13.997946571189292,45.90049563600744],[13.99589705188276,45.901174815889014],[13.994734694884045,45.89974301719075],[13.993090499813679,45.900650031352995],[13.991847258512545,45.89914562597868],[13.994659686673351,45.89673224324734],[13.99148846800571,45.89876646988946],[13.989535336906936,45.89651838103449],[13.986925062086517,45.896140729161594],[13.989283903878336,45.89400951509377],[13.990260118287612,45.89439628084839],[13.990752253237805,45.896344372600474],[13.990713356631389,45.8942593138666],[13.989607282686746,45.89360694857217],[13.99122891685028,45.892393291287505],[13.99109921917056,45.890145515387374],[13.995966767809508,45.889038767879605],[13.996711169654146,45.889380932762336],[13.996332285116445,45.8901597686255],[13.998123770811729,45.889908226246405],[13.997888976559533,45.88890555627771],[13.994742086107609,45.888484964779174],[13.996355595469522,45.88752821732598],[13.994805834343731,45.88753965889323],[13.994389702044186,45.88591034372682],[14.0,45.8827103141346],[14.0,45.880435937218905],[13.989042732568683,45.88157021699524],[13.986294458297195,45.88310888722921]],[[13.999394699472566,45.90316750929772],[13.99701807684228,45.90478620708506],[13.995533904861833,45.902496183212506],[13.999394699472566,45.90316750929772]],[[13.996150540987186,45.902168015722616],[13.995283668595643,45.90238691563838],[13.995930436983517,45.90174243911785],[13.996150540987186,45.902168015722616]],[[13.993077001816744,45.91295454421522],[13.993582540979943,45.91457285171245],[13.992007343214407,45.91449770980648],[13.991384542886209,45.91258721659593],[13.993077001816744,45.91295454421522]],[[13.991935003856002,45.88663469001347],[13.993071208008931,45.88835437608799],[13.988631006857055,45.88845636454459],[13.98921064423603,45.88739637857308],[13.991935003856002,45.88663469001347]],[[13.991077915316263,45.889307838459985],[13.990394472579277,45.889645996892206],[13.990686072809437,45.888951154240885],[13.991077915316263,45.889307838459985]],[[13.988830572431977,45.897783117731905],[13.989920394276655,45.89829812966037],[13.98873658846882,45.898227926426735],[13.988830572431977,45.897783117731905]]]}},{"type":"Feature","properties":{"_zoneType":"SI_BUILT","name":"Pozidano zemljišče","authority":"MKGP","dataSource":"raba-3000"},"geometry":{"type":"Polygon","coordinates":[[[13.977732059333912,45.91887856562101],[13.978896558142218,45.916822932755046],[13.975907405721957,45.91405416295306],[13.974197276871225,45.915673227080646],[13.972090822373165,45.914028039023556],[13.968764141492866,45.912935167996956],[13.971979077267632,45.914273821786644],[13.97444274225898,45.916658158734435],[13.97632033697515,45.91569867258238],[13.977781565600507,45.91656344889731],[13.978026398817285,45.918007458209175],[13.976627486651507,45.918773614442614],[13.980271013819307,45.92],[13.98091824177528,45.92],[13.977732059333912,45.91887856562101]]]}},{"type":"Feature","properties":{"_zoneType":"SI_BUILT","name":"Pozidano zemljišče","authority":"MKGP","dataSource":"raba-3000"},"geometry":{"type":"Polygon","coordinates":[[[13.996894755216491,45.91962183821294],[13.996359678671087,45.92],[13.996914435780196,45.92],[13.997145923924895,45.91985132465739],[13.997795741882879,45.92],[13.999341956268056,45.92],[13.998796085807548,45.919639592020644],[14.0,45.919405368750716],[14.0,45.91867361225441],[13.9998144752462,45.91901634534344],[13.996894755216491,45.91962183821294]]]}},{"type":"Feature","properties":{"_zoneType":"SI_BUILT","name":"Pozidano zemljišče","authority":"MKGP","dataSource":"raba-3000"},"geometry":{"type":"Polygon","coordinates":[[[14.0,45.883435833661544],[14.0,45.88286804499247],[13.999788305627597,45.88303012051022],[14.0,45.883435833661544]]]}},{"type":"Feature","properties":{"_zoneType":"SI_BUILT","name":"Pozidano zemljišče","authority":"MKGP","dataSource":"raba-3000"},"geometry":{"type":"Polygon","coordinates":[[[13.999115099206051,45.88453201339076],[13.999129843396595,45.88594566535697],[14.0,45.88645928790705],[14.0,45.88599177409275],[13.999465559855695,45.8858785409485],[13.999115099206051,45.88453201339076]]]}},{"type":"Feature","properties":{"_zoneType":"SI_BUILT","name":"Pozidano zemljišče","authority":"MKGP","dataSource":"raba-3000"},"geometry":{"type":"Polygon","coordinates":[[[14.0,45.88747430379109],[14.0,45.887007065339404],[13.999586188418366,45.887428636452846],[14.0,45.88747430379109]]]}},{"type":"Feature","properties":{"_zoneType":"SI_BUILT","name":"Pozidano zemljišče","authority":"MKGP","dataSource":"raba-3000"},"geometry":{"type":"Polygon","coordinates":[[[13.98244004234034,45.92053562515739],[13.98091824177528,45.92],[13.980271013819307,45.92],[13.982927315620666,45.9208940924591],[13.982477356362095,45.92259659514974],[13.983330870257666,45.92276308922023],[13.98368926402634,45.92441110147283],[13.98513072668982,45.92556896901786],[13.985556003864183,45.92461869170558],[13.984049141223409,45.92439087139547],[13.983521626422746,45.922324856692846],[13.984771234935906,45.921399023725456],[13.983398959522997,45.92094405207269],[13.983363489440125,45.92],[13.982976129934347,45.92],[13.98244004234034,45.92053562515739]]]}},{"type":"Feature","properties":{"_zoneType":"SI_BUILT","name":"Pozidano zemljišče","authority":"MKGP","dataSource":"raba-3000"},"geometry":{"type":"Polygon","coordinates":[[[13.992371226860103,45.92005994704117],[13.992412124008213,45.92],[13.992022331857898,45.92],[13.992371226860103,45.92005994704117]]]}},{"type":"Feature","properties":{"_zoneType":"SI_BUILT","name":"Pozidano zemljišče","authority":"MKGP","dataSource":"raba-3000"},"geometry":{"type":"Polygon","coordinates":[[[13.99501971105721,45.92094701319245],[13.99436206294015,45.92238535621267],[13.995122931782658,45.9239026253963],[13.993733335524988,45.926554501478066],[13.994113829114019,45.92812452020659],[13.991938034826362,45.92957289434148],[13.988221688944117,45.929540143976475],[13.98726150093257,45.9303218884108],[13.988290678916531,45.932225097597275],[13.986874690759562,45.93439151762902],[13.988691325769427,45.933528432403826],[13.988610312943656,45.93205162111036],[13.987580763804093,45.93045504503608],[13.992183185289338,45.92977117897133],[13.994408112357643,45.928285464290596],[13.99412396470849,45.92616435953716],[13.995461542218678,45.92400633719468],[13.994747174103566,45.922440683925764],[13.995444269260586,45.92094422766785],[13.996914435780196,45.92],[13.996359678671087,45.92],[13.99501971105721,45.92094701319245]]]}},{"type":"Feature","properties":{"_zoneType":"SI_BUILT","name":"Pozidano zemljišče","authority":"MKGP","dataSource":"raba-3000"},"geometry":{"type":"Polygon","coordinates":[[[13.999415861858974,45.920370675955574],[14.0,45.920696881374134],[14.0,45.920434469766946],[13.999341956268056,45.92],[13.997795741882879,45.92],[13.999415861858974,45.920370675955574]]]}},{"type":"Feature","properties":{"_zoneType":"SI_BUILT","name":"Pozidano zemljišče","authority":"MKGP","dataSource":"raba-3000"},"geometry":{"type":"Polygon","coordinates":[[[13.995817748323988,45.93975503523547],[13.993959507659438,45.94059784094707],[13.993116038386253,45.939324413241735],[13.991950495865353,45.93894775975948],[13.993537427443526,45.93680146445741],[13.988726271866645,45.940784744148836],[13.987368319620467,45.94077830069508],[13.987350313812456,45.93958613090351],[13.984955295856214,45.940135314203786],[13.982872934869986,45.93922210389712],[13.998165608726612,45.93229348150489],[14.0,45.93106184583887],[14.0,45.93038653249218],[13.998066419997476,45.9320306635856],[13.985492712491858,45.937780286595505],[13.975132780063907,45.9372651394959],[13.977861578833954,45.93679578338166],[13.979547339439513,45.93586141545915],[13.978851179695653,45.93456178125673],[13.980330224683033,45.93340019508286],[13.978632400928428,45.93430620509917],[13.978881259567057,45.93586375304165],[13.977678155617289,45.93658961352486],[13.971585027505842,45.93743212002676],[13.968318885457156,45.93695793775411],[13.971919517101481,45.9388108158878],[13.973190388187861,45.938520999187396],[13.973032149361346,45.93771765055279],[13.975148584498646,45.93777705920607],[13.9749462916753,45.94046430896977],[13.972740789541113,45.94021495940581],[13.972455562535643,45.941163938998514],[13.975208449487562,45.940659057939776],[13.97591450794748,45.93805510967644],[13.982150058580494,45.93811337191548],[13.979968546513891,45.94031200079222],[13.982660808767776,45.939580047333436],[13.985003070794903,45.94043897995174],[13.986990196777088,45.94012164387865],[13.98676635097828,45.94098188635594],[13.98457449455249,45.94146280305092],[13.984738181526069,45.942433386794185],[13.980336919878521,45.94347927431203],[13.983036643242908,45.94292026649694],[13.983945336698888,45.94367798391281],[13.984512516748552,45.94275227223244],[13.986601778530792,45.942545648432095],[13.984911226981383,45.94500221422242],[13.98278897402899,45.944847890382235],[13.985332323881705,45.94672794391658],[13.97757103444763,45.95090014268869],[13.979276839632071,45.95079114451778],[13.985332795177577,45.9471099163816],[13.988176593116838,45.947910764892306],[13.98957406234423,45.94552825377727],[13.991533292144036,45.94570475814081],[13.99048514582564,45.94718075152866],[13.99444321985756,45.94969051167544],[13.995960718821067,45.94986011687576],[13.992789576875305,45.948331831234135],[13.993221965357264,45.946856328130025],[13.999729707552161,45.946062053325655],[14.0,45.94578487220639],[14.0,45.945389569727936],[13.999588899094695,45.945842092398934],[13.987850812500675,45.94460855553678],[13.991167006479593,45.94149497975017],[13.992254569600014,45.94209743884279],[13.999336215818026,45.94066783546742],[13.99773305796843,45.942307479759165],[14.0,45.941149649762025],[14.0,45.9402415230351],[13.997007531751672,45.940544659238775],[13.995817748323988,45.93975503523547]],[[13.99326104558775,45.946202474244174],[13.993149300466955,45.946589899746776],[13.991521059280794,45.94653512921294],[13.99326104558775,45.946202474244174]],[[13.993384140563581,45.94052863013331],[13.991556641272364,45.940882721088656],[13.99117742994919,45.939764073300736],[13.992782504635034,45.939486023601916],[13.993384140563581,45.94052863013331]],[[13.99105440274264,45.94081647573364],[13.987551233901495,45.94219167289795],[13.986367969639517,45.941545025879556],[13.990440429780518,45.940288590888514],[13.99105440274264,45.94081647573364]],[[13.989427865387517,45.94223547468638],[13.98664460919732,45.9457949469152],[13.985831734968155,45.945449042405485],[13.987236743037274,45.942530132734255],[13.989427865387517,45.94223547468638]],[[13.987269636953744,45.94554750714573],[13.988872062997116,45.94545990618947],[13.986874360182279,45.9461592587419],[13.987269636953744,45.94554750714573]]]}},{"type":"Feature","properties":{"_zoneType":"SI_BUILT","name":"Pozidano zemljišče","authority":"MKGP","dataSource":"raba-3000"},"geometry":{"type":"Polygon","coordinates":[[[13.996777345713635,45.9535611694919],[13.998911600952447,45.95345816196081],[13.999476785480303,45.954328211281755],[13.999122306262157,45.955675909651525],[13.997339634965632,45.95590852535336],[13.998028251127685,45.95633411867524],[13.999451913775271,45.95582884687212],[14.0,45.954983254663915],[14.0,45.953399822554054],[13.998248396320768,45.953002468303225],[13.996777345713635,45.9535611694919]]]}},{"type":"Feature","properties":{"_zoneType":"SI_BUILT","name":"Pozidano zemljišče","authority":"MKGP","dataSource":"raba-3000"},"geometry":{"type":"Polygon","coordinates":[[[13.994984422898435,45.95938194230371],[13.995306101160635,45.96],[13.997503426781387,45.96],[13.994984422898435,45.95938194230371]]]}},{"type":"Feature","properties":{"_zoneType":"SI_BUILT","name":"Pozidano zemljišče","authority":"MKGP","dataSource":"raba-3000"},"geometry":{"type":"Polygon","coordinates":[[[13.97876675163339,45.957885005700625],[13.97787866742773,45.95693265430374],[13.980395551634416,45.95468275067913],[13.976808561929314,45.954384541793],[13.976789599062512,45.95529964612326],[13.978851686535478,45.955497331570186],[13.976840976512852,45.9562179196907],[13.97462776561116,45.9556069471652],[13.972276856592911,45.95312959978992],[13.972719819784311,45.95458019862654],[13.967934972266276,45.95764655721797],[13.973800097791095,45.95492819641472],[13.97353599467757,45.955952132465775],[13.977895599436257,45.95829578281144],[13.977217809234608,45.96],[13.978247083974894,45.96],[13.97876675163339,45.957885005700625]]]}},{"type":"Feature","properties":{"_zoneType":"SI_BUILT","name":"Pozidano zemljišče","authority":"MKGP","dataSource":"raba-3000"},"geometry":{"type":"Polygon","coordinates":[[[13.997155410328947,45.97045559332276],[13.99556705005066,45.96799386677831],[13.995189132254147,45.96521243543758],[13.99786136737622,45.96230225064718],[13.996552568364358,45.96197001230297],[13.997816859406763,45.96153824587841],[13.998027063567436,45.96012847846241],[13.997503426781387,45.96],[13.995306101160635,45.96],[13.996239395103593,45.961793187703776],[13.995738423991122,45.962479213054124],[13.994942735442782,45.96164660977004],[13.995940829291628,45.963173840455354],[13.994603114169484,45.966076309292134],[13.99511196160697,45.9674697477062],[13.993430298037925,45.96771342269436],[13.9929757657663,45.96603637144965],[13.99301646391978,45.96833559567477],[13.991734968598394,45.969846064220214],[13.989200343051234,45.968018306457736],[13.988104604235076,45.96583729881889],[13.988943939273396,45.964890517849916],[13.986919307259692,45.964294545645934],[13.985462311582841,45.96549781173169],[13.98322681626532,45.965081638804634],[13.977893435760306,45.96143931211729],[13.978247083974894,45.96],[13.977217809234608,45.96],[13.976870134649031,45.96087418349118],[13.979117858322411,45.962635934509365],[13.978951932609318,45.96395462127162],[13.980732660428318,45.96366235924421],[13.98340344819917,45.96591476912876],[13.986593161052143,45.966066941765604],[13.988551077547285,45.96923704322059],[13.991703926076081,45.97097433869099],[13.991737619230342,45.972655497425016],[13.994461062693663,45.9730602271557],[13.998013041189065,45.97254756494275],[14.0,45.97135583475649],[14.0,45.9710654404497],[13.99802849993557,45.97225863919725],[13.994846618688383,45.972803539430224],[13.993980653657431,45.971781038604604],[13.995961829604655,45.97048864496533],[13.99594875272585,45.97160529904398],[13.999683879810899,45.96861723816314],[14.0,45.968579120159156],[14.0,45.968255721933275],[13.999262627735343,45.96841789157774],[13.997155410328947,45.97045559332276]],[[13.994991730913672,45.96798825650286],[13.995896258115499,45.96885461318432],[13.994343787076874,45.97101373902746],[13.992852965691327,45.969876180938655],[13.993428147503113,45.96843088354168],[13.994991730913672,45.96798825650286]]]}},{"type":"Feature","properties":{"_zoneType":"SI_BUILT","name":"Pozidano zemljišče","authority":"MKGP","dataSource":"raba-3000"},"geometry":{"type":"Polygon","coordinates":[[[13.968947692649904,45.90302317378831],[13.970550416470989,45.901315122300765],[13.969055953396529,45.90165663944441],[13.968947692649904,45.90302317378831]]]}},{"type":"Feature","properties":{"_zoneType":"SI_BUILT","name":"Pozidano zemljišče","authority":"MKGP","dataSource":"raba-3000"},"geometry":{"type":"Polygon","coordinates":[[[13.994714286068596,45.85594465305895],[13.994098005440902,45.855420454059484],[13.994454347105398,45.856032277593336],[13.994714286068596,45.85594465305895]]]}},{"type":"Feature","properties":{"_zoneType":"SI_BUILT","name":"Pozidano zemljišče","authority":"MKGP","dataSource":"raba-3000"},"geometry":{"type":"Polygon","coordinates":[[[13.996207150059364,45.959135462486564],[13.997091455890592,45.95966945573824],[13.997065932168821,45.959091533397206],[13.996207150059364,45.959135462486564]]]}},{"type":"Feature","properties":{"_zoneType":"SI_BUILT","name":"Pozidano zemljišče","authority":"MKGP","dataSource":"raba-3000"},"geometry":{"type":"Polygon","coordinates":[[[13.975123755389545,45.954757126033016],[13.975533078496015,45.95519308477912],[13.975323203532305,45.95464651783361],[13.975123755389545,45.954757126033016]]]}},{"type":"Feature","properties":{"_zoneType":"SI_BUILT","name":"Pozidano zemljišče","authority":"MKGP","dataSource":"raba-3000"},"geometry":{"type":"Polygon","coordinates":[[[13.99915249889492,45.99736142150606],[13.99981764852404,45.99753285945961],[13.99925578335825,45.997203199358566],[13.99915249889492,45.99736142150606]]]}},{"type":"Feature","properties":{"_zoneType":"SI_BUILT","name":"Pozidano zemljišče","authority":"MKGP","dataSource":"raba-3000"},"geometry":{"type":"Polygon","coordinates":[[[13.999859615240322,45.92471486277092],[14.0,45.92468284126978],[14.0,45.92445265533451],[13.999786141095967,45.92408124650609],[13.999859615240322,45.92471486277092]]]}},{"type":"Feature","properties":{"_zoneType":"SI_BUILT","name":"Pozidano zemljišče","authority":"MKGP","dataSource":"raba-3000"},"geometry":{"type":"Polygon","coordinates":[[[13.979313999653334,45.878200002121226],[13.979564638033201,45.878388581832155],[13.979655287390846,45.87803965297061],[13.979313999653334,45.878200002121226]]]}},{"type":"Feature","properties":{"_zoneType":"SI_BUILT","name":"Pozidano zemljišče","authority":"MKGP","dataSource":"raba-3000"},"geometry":{"type":"Polygon","coordinates":[[[13.976920831412462,45.87787019440228],[13.977405917041292,45.87793674146229],[13.976909773859783,45.87758304446553],[13.976920831412462,45.87787019440228]]]}},{"type":"Feature","properties":{"_zoneType":"SI_BUILT","name":"Pozidano zemljišče","authority":"MKGP","dataSource":"raba-3000"},"geometry":{"type":"Polygon","coordinates":[[[13.99150970033264,45.896734742916614],[13.991423376489651,45.896604933474656],[13.990938548360933,45.89678279687357],[13.99150970033264,45.896734742916614]]]}},{"type":"Feature","properties":{"_zoneType":"SI_BUILT","name":"Pozidano zemljišče","authority":"MKGP","dataSource":"raba-3000"},"geometry":{"type":"Polygon","coordinates":[[[13.980198529314785,45.98217497542095],[13.984273840126871,45.98132976530954],[13.985127858499208,45.981986700941185],[13.984721826359436,45.981007250397674],[13.987239400846123,45.97983777974785],[13.988145733780092,45.9802467780166],[13.987217186591257,45.98149249868983],[13.988896421066624,45.982181049838125],[13.988328523266116,45.98150081479516],[13.989372896640525,45.980924750659334],[13.989097128701005,45.97994459959019],[13.993692832961484,45.97819337213127],[13.99571109360323,45.97834678376001],[13.996685782530655,45.979472068269054],[13.996732493497321,45.98132948031598],[13.99405723333162,45.98076274534551],[13.994659329371297,45.98184819503004],[13.996725947704295,45.98183018122499],[13.997221755719412,45.97945221322529],[14.0,45.97919795029703],[14.0,45.97887393399537],[13.9969840298902,45.97912453331885],[13.994042746749528,45.97709821516636],[13.991454055123642,45.978369084652286],[13.990679187649752,45.97672815237523],[13.989335148072298,45.977649797175594],[13.990692480591349,45.977583060628],[13.989938668693126,45.97940520371194],[13.988981582427794,45.97863153571836],[13.983801387628489,45.98115228916066],[13.980043981767157,45.98191104320701],[13.97823484069073,45.98128564211327],[13.974943580749459,45.981942076587174],[13.970328994350453,45.976414582695426],[13.974504585277005,45.97462003286023],[13.978383655156103,45.97102420884449],[13.97427573695922,45.974282277101445],[13.969725122960448,45.974685360992076],[13.969372444249883,45.97603320671838],[13.971925730024175,45.9784707452931],[13.97311309609773,45.98108710387382],[13.97209284181889,45.981663503227274],[13.971920251572197,45.98327558469912],[13.967421672379519,45.98528949101733],[13.977813355417918,45.98157919780578],[13.980198529314785,45.98217497542095]]]}},{"type":"Feature","properties":{"_zoneType":"SI_BUILT","name":"Pozidano zemljišče","authority":"MKGP","dataSource":"raba-3000"},"geometry":{"type":"Polygon","coordinates":[[[13.998734566928658,45.985848299834025],[14.0,45.98673435101473],[14.0,45.985769680839034],[13.999574359020865,45.98527775554885],[14.0,45.98519657076408],[14.0,45.98482572682948],[13.999265012721306,45.98509460022104],[13.998734566928658,45.985848299834025]]]}},{"type":"Feature","properties":{"_zoneType":"SI_BUILT","name":"Pozidano zemljišče","authority":"MKGP","dataSource":"raba-3000"},"geometry":{"type":"Polygon","coordinates":[[[13.997052356249636,45.986159807347704],[13.995392693685073,45.987385823057416],[13.995913482757317,45.98775789032682],[14.0,45.98750335920863],[14.0,45.98689423602523],[13.99737953488325,45.98749112735805],[13.997052356249636,45.986159807347704]]]}},{"type":"Feature","properties":{"_zoneType":"SI_BUILT","name":"Pozidano zemljišče","authority":"MKGP","dataSource":"raba-3000"},"geometry":{"type":"Polygon","coordinates":[[[14.0,45.876759043973195],[13.999173279250584,45.877171351989006],[14.0,45.877039247652824],[14.0,45.876759043973195]]]}},{"type":"Feature","properties":{"_zoneType":"SI_BUILT","name":"Pozidano zemljišče","authority":"MKGP","dataSource":"raba-3000"},"geometry":{"type":"Polygon","coordinates":[[[13.995818924205956,45.99721698008174],[13.995176070549286,45.99715110412884],[13.995725522202969,45.9973238247288],[13.995818924205956,45.99721698008174]]]}},{"type":"Feature","properties":{"_zoneType":"SI_BUILT","name":"Pozidano zemljišče","authority":"MKGP","dataSource":"raba-3000"},"geometry":{"type":"Polygon","coordinates":[[[13.996246621383744,45.89221165976961],[13.994588337117845,45.892612166920415],[13.993890902854831,45.89445648861537],[13.994818759359974,45.89278752988134],[13.996246621383744,45.89221165976961]]]}},{"type":"Feature","properties":{"_zoneType":"SI_BUILT","name":"Pozidano zemljišče","authority":"MKGP","dataSource":"raba-3000"},"geometry":{"type":"Polygon","coordinates":[[[13.994881818633093,45.95848570134649],[13.994275073166902,45.95801629602839],[13.9936661914129,45.95897589358473],[13.994881818633093,45.95848570134649]]]}},{"type":"Feature","properties":{"_zoneType":"SI_BUILT","name":"Pozidano zemljišče","authority":"MKGP","dataSource":"raba-3000"},"geometry":{"type":"Polygon","coordinates":[[[13.994363974146443,45.88428691165225],[13.993798194241885,45.88346649120016],[13.994100644075278,45.88431188517828],[13.994363974146443,45.88428691165225]]]}},{"type":"Feature","properties":{"_zoneType":"SI_BUILT","name":"Pozidano zemljišče","authority":"MKGP","dataSource":"raba-3000"},"geometry":{"type":"Polygon","coordinates":[[[13.990061087049844,45.98815385404864],[13.990772064514944,45.98892762406183],[13.990813807720395,45.98831289197072],[13.990061087049844,45.98815385404864]]]}},{"type":"Feature","properties":{"_zoneType":"SI_BUILT","name":"Pozidano zemljišče","authority":"MKGP","dataSource":"raba-3000"},"geometry":{"type":"Polygon","coordinates":[[[13.989040676293214,45.91762834987851],[13.988531165544817,45.91767453444042],[13.988910623383356,45.91794224148458],[13.989040676293214,45.91762834987851]]]}},{"type":"Feature","properties":{"_zoneType":"SI_BUILT","name":"Pozidano zemljišče","authority":"MKGP","dataSource":"raba-3000"},"geometry":{"type":"Polygon","coordinates":[[[13.989274564876741,45.916266836194005],[13.989612121751758,45.916952734833025],[13.989261791731929,45.91753614359218],[13.989961184652413,45.91691824999153],[13.989274564876741,45.916266836194005]]]}},{"type":"Feature","properties":{"_zoneType":"SI_BUILT","name":"Pozidano zemljišče","authority":"MKGP","dataSource":"raba-3000"},"geometry":{"type":"Polygon","coordinates":[[[13.973531312975457,45.99675962538914],[13.976057224491026,45.99700869380617],[13.97645035107018,45.9982902286371],[13.97556150906,45.998879197970965],[13.976226111902644,45.999438717942624],[13.97529464631076,46.0],[13.975935904781412,46.0],[13.976906971038,45.999684383529434],[13.977342033709586,46.0],[13.977962518106706,46.0],[13.976958374023075,45.99921144882339],[13.977918977116818,45.99823717667008],[13.976857060592897,45.99732480155911],[13.977374225775117,45.996693474697246],[13.975140265387363,45.99597595321384],[13.976933921865642,45.99510251997954],[13.980610525082927,45.995307797208895],[13.976545800215094,45.9943568458197],[13.980742112237191,45.99334226272069],[13.972534310963601,45.99410958929259],[13.975495797598251,45.99485984834396],[13.972878248883047,45.996607813318406],[13.972230979494213,45.99832567127804],[13.96720048186465,45.999462483059325],[13.972551883368823,45.99855010509523],[13.973531312975457,45.99675962538914]]]}},{"type":"Feature","properties":{"_zoneType":"SI_BUILT","name":"Pozidano zemljišče","authority":"MKGP","dataSource":"raba-3000"},"geometry":{"type":"Polygon","coordinates":[[[13.98736101498027,45.890408641105545],[13.986736657892996,45.89010725643717],[13.987047311273894,45.89048461456331],[13.98736101498027,45.890408641105545]]]}},{"type":"Feature","properties":{"_zoneType":"SI_BUILT","name":"Pozidano zemljišče","authority":"MKGP","dataSource":"raba-3000"},"geometry":{"type":"Polygon","coordinates":[[[13.982462020444984,45.91354806004928],[13.984769339212674,45.91372292756665],[13.982937190606188,45.913182526924516],[13.983313740241085,45.91240369988403],[13.98258401896752,45.90923803768353],[13.985564879078458,45.91019923593155],[13.982634942070684,45.90850359917792],[13.982923392370273,45.90781816152145],[13.981579796495518,45.90858538313746],[13.982921459261409,45.91236547127637],[13.982462020444984,45.91354806004928]]]}},{"type":"Feature","properties":{"_zoneType":"SI_BUILT","name":"Pozidano zemljišče","authority":"MKGP","dataSource":"raba-3000"},"geometry":{"type":"Polygon","coordinates":[[[13.983917480396993,45.98944810286096],[13.982641423287602,45.988984326667094],[13.982964342806405,45.98970114210105],[13.983917480396993,45.98944810286096]]]}},{"type":"Feature","properties":{"_zoneType":"SI_BUILT","name":"Pozidano zemljišče","authority":"MKGP","dataSource":"raba-3000"},"geometry":{"type":"Polygon","coordinates":[[[13.98211214404823,45.89645552789901],[13.985610873185678,45.895986272367615],[13.983791854088217,45.89593908194544],[13.98211214404823,45.89645552789901]]]}},{"type":"Feature","properties":{"_zoneType":"SI_BUILT","name":"Pozidano zemljišče","authority":"MKGP","dataSource":"raba-3000"},"geometry":{"type":"Polygon","coordinates":[[[13.985463738657394,45.89047310384753],[13.985394236989173,45.890339280024406],[13.984848135673374,45.89047739381811],[13.985463738657394,45.89047310384753]]]}},{"type":"Feature","properties":{"_zoneType":"SI_BUILT","name":"Pozidano zemljišče","authority":"MKGP","dataSource":"raba-3000"},"geometry":{"type":"Polygon","coordinates":[[[13.984345324708556,45.931301128313],[13.98146375485254,45.93227521420754],[13.980229311305012,45.931524590530714],[13.981513511758909,45.93261139525169],[13.984345324708556,45.931301128313]]]}},{"type":"Feature","properties":{"_zoneType":"SI_BUILT","name":"Pozidano zemljišče","authority":"MKGP","dataSource":"raba-3000"},"geometry":{"type":"Polygon","coordinates":[[[13.983987936535724,45.86380863356339],[13.981910754293475,45.86256016251032],[13.982100420417487,45.86348492144808],[13.983987936535724,45.86380863356339]]]}},{"type":"Feature","properties":{"_zoneType":"SI_BUILT","name":"Pozidano zemljišče","authority":"MKGP","dataSource":"raba-3000"},"geometry":{"type":"Polygon","coordinates":[[[13.981565984917385,45.923045759615015],[13.981234251728413,45.9231230716327],[13.980714981214497,45.9241122592549],[13.981565984917385,45.923045759615015]]]}},{"type":"Feature","properties":{"_zoneType":"SI_BUILT","name":"Pozidano zemljišče","authority":"MKGP","dataSource":"raba-3000"},"geometry":{"type":"Polygon","coordinates":[[[13.979519147151036,45.864127183684005],[13.979285884900047,45.863873538875154],[13.97922345773866,45.86426781216603],[13.979519147151036,45.864127183684005]]]}},{"type":"Feature","properties":{"_zoneType":"SI_BUILT","name":"Pozidano zemljišče","authority":"MKGP","dataSource":"raba-3000"},"geometry":{"type":"Polygon","coordinates":[[[13.97604412268242,45.943137319027784],[13.975860994589487,45.94294766042263],[13.975792590539958,45.94324228551846],[13.97604412268242,45.943137319027784]]]}},{"type":"Feature","properties":{"_zoneType":"SI_BUILT","name":"Pozidano zemljišče","authority":"MKGP","dataSource":"raba-3000"},"geometry":{"type":"Polygon","coordinates":[[[13.975289407113552,45.88893684211807],[13.975094513357769,45.88881408981822],[13.97445363346223,45.889202737601615],[13.975289407113552,45.88893684211807]]]}},{"type":"Feature","properties":{"_zoneType":"SI_BUILT","name":"Pozidano zemljišče","authority":"MKGP","dataSource":"raba-3000"},"geometry":{"type":"Polygon","coordinates":[[[13.97081566111181,45.87010580846013],[13.970136035658651,45.86969885344698],[13.970442553792688,45.87031033968428],[13.97081566111181,45.87010580846013]]]}},{"type":"Feature","properties":{"_zoneType":"SI_BUILT","name":"Pozidano zemljišče","authority":"MKGP","dataSource":"raba-3000"},"geometry":{"type":"Polygon","coordinates":[[[13.96808789403432,45.983504752359636],[13.968240105807554,45.98359694007266],[13.968505840558219,45.9831702094309],[13.96808789403432,45.983504752359636]]]}},{"type":"Feature","properties":{"_zoneType":"SI_BUILT","name":"Pozidano zemljišče","authority":"MKGP","dataSource":"raba-3000"},"geometry":{"type":"Polygon","coordinates":[[[13.972650972919826,45.800000000000004],[13.970849787095872,45.800000000000004],[13.970841729516607,45.80043766032029],[13.972650972919826,45.800000000000004]]]}},{"type":"Feature","properties":{"_zoneType":"SI_BUILT","name":"Pozidano zemljišče","authority":"MKGP","dataSource":"raba-3000"},"geometry":{"type":"Polygon","coordinates":[[[13.970834504060388,45.80083006894415],[13.971688668228799,45.802437773345034],[13.970761362084364,45.80480189109589],[13.972545905279434,45.80268578160023],[13.973737930933284,45.80281572152127],[13.973322451388484,45.80479195550962],[13.971188716099514,45.80568208479756],[13.972897503173208,45.80599823251077],[13.970873293689952,45.80747731969242],[13.970661035580594,45.81024855425494],[13.972365789995472,45.80818763779206],[13.974233339919033,45.80814163673213],[13.973728265968811,45.80672190722267],[13.975514241647536,45.806676356535014],[13.97633673361802,45.80550264517152],[13.97749217803765,45.80583733104364],[13.977573220701206,45.80728681433719],[13.975230995383363,45.810520679350674],[13.971889572996025,45.81027848867499],[13.97318200987395,45.81129255240361],[13.970626447182022,45.81212597279729],[13.970610569366183,45.81298773991665],[13.975889757720584,45.81129949007571],[13.978333803040016,45.80855556471836],[13.979366576905367,45.80906456348936],[13.980255564860459,45.80743247314698],[13.97946308963751,45.80454799473158],[13.980448161381473,45.80269436500305],[13.978304465908193,45.80173548826774],[13.97532058091736,45.80218678976916],[13.973894005716778,45.80123603452043],[13.973977613365445,45.800000000000004],[13.972681226297517,45.800000000000004],[13.971929948714438,45.80110790822536],[13.970834504060388,45.80083006894415]],[[13.979949095675027,45.80654193133709],[13.979247022230917,45.808179336213236],[13.978586134211453,45.80738215663036],[13.979273457290951,45.80645306571447],[13.979949095675027,45.80654193133709]],[[13.97752901077102,45.80385195430377],[13.976729663440961,45.80458737758109],[13.976114409975995,45.8043222887416],[13.976920740886998,45.80366706208389],[13.97752901077102,45.80385195430377]],[[13.975971993752129,45.8047347235862],[13.975404674404729,45.8051302989786],[13.974558296586915,45.804852972537105],[13.97535166854799,45.80419653668439],[13.975971993752129,45.8047347235862]],[[13.975395560229346,45.802529501252835],[13.975338253471334,45.80286182204983],[13.974609311041618,45.80243502954226],[13.975395560229346,45.802529501252835]],[[13.973290926278379,45.80578076768228],[13.973578591535292,45.80496822478884],[13.974318101289056,45.80505404742204],[13.973973422653488,45.805847274297804],[13.973290926278379,45.80578076768228]]]}},{"type":"Feature","properties":{"_zoneType":"SI_BUILT","name":"Pozidano zemljišče","authority":"MKGP","dataSource":"raba-3000"},"geometry":{"type":"Polygon","coordinates":[[[13.98541809408232,45.801983378615866],[13.990552038224344,45.80060881959248],[13.99101156276615,45.800000000000004],[13.989237998796538,45.800000000000004],[13.989164874101467,45.80036553158991],[13.98541809408232,45.801983378615866]]]}},{"type":"Feature","properties":{"_zoneType":"SI_BUILT","name":"Pozidano zemljišče","authority":"MKGP","dataSource":"raba-3000"},"geometry":{"type":"Polygon","coordinates":[[[13.989251178247605,45.80570594362689],[13.982453367376733,45.81902233597706],[13.981238817743519,45.819752844443194],[13.982735430662322,45.8191523593506],[13.989582462417824,45.80577120708109],[13.994363165853915,45.80265056000188],[13.996359637913173,45.8005443179771],[13.997404259830937,45.800000000000004],[13.996628043346272,45.800000000000004],[13.995391274413038,45.80136105126853],[13.989251178247605,45.80570594362689]]]}},{"type":"Feature","properties":{"_zoneType":"SI_BUILT","name":"Pozidano zemljišče","authority":"MKGP","dataSource":"raba-3000"},"geometry":{"type":"Polygon","coordinates":[[[14.0,45.80169337956629],[14.0,45.801391913737405],[13.998884413829831,45.80234694411686],[14.0,45.80169337956629]]]}},{"type":"Feature","properties":{"_zoneType":"SI_BUILT","name":"Pozidano zemljišče","authority":"MKGP","dataSource":"raba-3000"},"geometry":{"type":"Polygon","coordinates":[[[13.987632035538155,45.834759809961305],[13.989409789734461,45.83205578581854],[13.993991550010671,45.82901849171071],[13.989547058516083,45.83156241557288],[13.987433928531663,45.83445881059383],[13.986151572950101,45.83430067579446],[13.98475657237816,45.831866814355585],[13.984751969533175,45.82977807670641],[13.986302739703873,45.827457108717006],[13.985843666110146,45.826331955790074],[13.983904138607361,45.83213129600567],[13.985212227601247,45.832792763610385],[13.985632262225012,45.834291163580836],[13.987235066071266,45.83496912685204],[13.987436434474866,45.84],[13.987785470384926,45.84],[13.987632035538155,45.834759809961305]]]}},{"type":"Feature","properties":{"_zoneType":"SI_BUILT","name":"Pozidano zemljišče","authority":"MKGP","dataSource":"raba-3000"},"geometry":{"type":"Polygon","coordinates":[[[13.995087771452855,45.84878749385487],[13.995155035034397,45.85205206070568],[13.996389414776969,45.85397412401125],[13.992943486283838,45.85284532785904],[13.987924021239786,45.84473186388079],[13.987785470384926,45.84],[13.987436434474866,45.84],[13.987637469865195,45.845022553334665],[13.992829443636627,45.85321033513201],[13.989516239186326,45.853075500870396],[13.989012997805585,45.85537557333354],[13.990062366778902,45.853396330042564],[13.992551647256256,45.85414827009497],[13.992606806773018,45.855330709447436],[13.994098005440902,45.855420454059484],[13.993220830449905,45.85417646806842],[13.994289659132749,45.85390430848956],[14.0,45.855340126316804],[14.0,45.85513020390035],[13.995643191977459,45.85235489872199],[13.995547346104285,45.84893004863055],[13.99939318491341,45.847361305523584],[13.999929543513975,45.84915569898008],[14.0,45.84918309919291],[14.0,45.846905165940754],[13.997743373214673,45.84691217767183],[13.995087771452855,45.84878749385487]]]}},{"type":"Feature","properties":{"_zoneType":"SI_BUILT","name":"Pozidano zemljišče","authority":"MKGP","dataSource":"raba-3000"},"geometry":{"type":"Polygon","coordinates":[[[13.970921608815512,45.815731956844914],[13.970558825963138,45.81579583596113],[13.970683116304492,45.81810971344658],[13.97232215836846,45.81711175105241],[13.970921608815512,45.815731956844914]]]}},{"type":"Feature","properties":{"_zoneType":"SI_BUILT","name":"Pozidano zemljišče","authority":"MKGP","dataSource":"raba-3000"},"geometry":{"type":"Polygon","coordinates":[[[13.990940145752223,45.82385609097468],[13.997285111471372,45.81903666146192],[13.995299987196484,45.82465294896102],[13.998463743018187,45.81804403509261],[13.989542351777134,45.823541618300595],[13.990940145752223,45.82385609097468]]]}},{"type":"Feature","properties":{"_zoneType":"SI_BUILT","name":"Pozidano zemljišče","authority":"MKGP","dataSource":"raba-3000"},"geometry":{"type":"Polygon","coordinates":[[[13.992265152275793,45.82814349738343],[13.99111844423066,45.8299353874362],[13.992368250929061,45.82828356708444],[13.992265152275793,45.82814349738343]]]}},{"type":"Feature","properties":{"_zoneType":"SI_BUILT","name":"Pozidano zemljišče","authority":"MKGP","dataSource":"raba-3000"},"geometry":{"type":"Polygon","coordinates":[[[13.985341571665154,45.83949575566085],[13.985325467074398,45.84],[13.98552360482656,45.84],[13.985341571665154,45.83949575566085]]]}},{"type":"Feature","properties":{"_zoneType":"SI_BUILT","name":"Pozidano zemljišče","authority":"MKGP","dataSource":"raba-3000"},"geometry":{"type":"Polygon","coordinates":[[[13.985651445329216,45.840354126958424],[13.98552360482656,45.84],[13.985325467074398,45.84],[13.985316423700008,45.84028315344437],[13.985651445329216,45.840354126958424]]]}},{"type":"Feature","properties":{"_zoneType":"SI_BUILT","name":"Pozidano zemljišče","authority":"MKGP","dataSource":"raba-3000"},"geometry":{"type":"Polygon","coordinates":[[[13.972920454900684,45.83271364040157],[13.971633791467198,45.83235652108427],[13.971373893474869,45.831111766364344],[13.970271493418402,45.83138167916316],[13.97021531147949,45.8349367574563],[13.97150747308577,45.83283292013628],[13.972920454900684,45.83271364040157]]]}},{"type":"Feature","properties":{"_zoneType":"SI_BUILT","name":"Pozidano zemljišče","authority":"MKGP","dataSource":"raba-3000"},"geometry":{"type":"Polygon","coordinates":[[[13.970740475801446,45.829036286620145],[13.9709445367078,45.82914509708141],[13.971334311605279,45.828675640096684],[13.970740475801446,45.829036286620145]]]}}]}