{"type":"FeatureCollection","features":[{"type":"Feature","properties":{"_zoneType":"SI_BUILT","name":"Pozidano zemljišče","authority":"MKGP","dataSource":"raba-3000"},"geometry":{"type":"Polygon","coordinates":[[[14.802067920921111,46.296585258847195],[14.800590864766772,46.297720532710045],[14.800763617599644,46.29888693229806],[14.803042831307936,46.29796299299209],[14.803260524306403,46.29732537344229],[14.801973548868151,46.297294430859104],[14.803560065487678,46.2961374267952],[14.805515454710473,46.2980194840783],[14.801153856670332,46.30107963481771],[14.8,46.30352140878726],[14.8,46.30449547127777],[14.800735841626606,46.304249828300485],[14.800993440518493,46.30698831395277],[14.8,46.308235957096606],[14.8,46.30933244870565],[14.801263800698063,46.30801535379346],[14.80394464824471,46.30777733377383],[14.80805900969336,46.31001459447089],[14.80470219970208,46.31129577612812],[14.808970199268614,46.31109850761229],[14.812734911124343,46.31325445550214],[14.810381868829813,46.31329717831843],[14.807544571924723,46.31504577439578],[14.805231025748933,46.31351533370449],[14.80604015032321,46.31557605278184],[14.808467754920434,46.315765725704665],[14.810527442559472,46.318095510257336],[14.809549164387741,46.31934808446174],[14.807893148940837,46.31853064614207],[14.809675181574505,46.32],[14.810462813476441,46.32],[14.81088003492855,46.318130080479094],[14.809003160246538,46.31605159325188],[14.809747997569023,46.31544240943994],[14.809191870748078,46.314876418569725],[14.811594253291862,46.313855994991975],[14.811935518513772,46.31517397187975],[14.81308627389364,46.31312908308313],[14.809410412052562,46.31014207021323],[14.804593872282236,46.307754765767626],[14.80241424623871,46.30714606936275],[14.803252233446026,46.30581215730077],[14.806180070499785,46.30578268263776],[14.805725538039702,46.30429045128557],[14.804171031381808,46.30355553648706],[14.804912778531035,46.30226131145509],[14.807826798205188,46.30258795127288],[14.806250874792763,46.301228995797985],[14.808741885815547,46.300700276469406],[14.81027219714135,46.29932939466317],[14.811182699490695,46.2997547608826],[14.811749153344381,46.29857420707955],[14.815456304117317,46.29896334524298],[14.818119025622245,46.30063219732825],[14.818600754604418,46.30218165454826],[14.817258840542365,46.30368655478244],[14.814295430187167,46.30320901969894],[14.817064497779787,46.30443070370713],[14.81522641723606,46.30535037074862],[14.817261012243428,46.305977894150324],[14.817496817675785,46.30482460028305],[14.820580977384708,46.30492183937834],[14.821097796211657,46.305695419151],[14.819476418045525,46.30652352278754],[14.821353151335922,46.30638755986316],[14.82227909608592,46.307538995928745],[14.823476619903671,46.30736483320228],[14.823656376514796,46.306137476149075],[14.82529290956768,46.30708387788092],[14.825141435047103,46.30326354046574],[14.826287955441423,46.301606640760106],[14.831745582005977,46.302831518863684],[14.828334885560201,46.306465891042144],[14.830101976050573,46.306714377384715],[14.829747622782353,46.310078249661736],[14.83044761364424,46.30653250014488],[14.831836365133324,46.30613499757971],[14.831861547639138,46.30397791556],[14.83290782248568,46.30323170649086],[14.836509398514863,46.306614259858804],[14.83572055236695,46.30974065047944],[14.837208827944618,46.30948574068858],[14.837023772309275,46.30732097187632],[14.838906106837602,46.30768981823495],[14.839350141406229,46.30897200398012],[14.838380635407598,46.31090710606153],[14.84,46.31186345448889],[14.84,46.31131346464511],[14.83949427101071,46.311003331497446],[14.83990005476026,46.31026461238973],[14.84,46.310273905907025],[14.84,46.309775475983635],[14.839642231141285,46.30972401785055],[14.839446757742746,46.30775132172904],[14.834391541014933,46.30395597698668],[14.835696656151141,46.300763902200536],[14.8336705171441,46.302344229953725],[14.83158694211335,46.302086919567145],[14.833988076204518,46.30077042383296],[14.834937693136967,46.29870639085557],[14.833951813240109,46.29879227176323],[14.833534983158795,46.300795684711915],[14.829718404730876,46.30178130329409],[14.82632702592436,46.30002574023533],[14.820248360078157,46.29955933493703],[14.824219229889376,46.298115653620265],[14.819336927133861,46.29881283935595],[14.820271602193978,46.29765380763644],[14.824993492366106,46.295933597049036],[14.827212690113972,46.29803775734512],[14.825785130789866,46.29585818493986],[14.8279418915979,46.29422200372054],[14.832229006264894,46.29590429221542],[14.828659948633486,46.29414991101139],[14.828497400329477,46.29275810240819],[14.831106372541038,46.29116343157842],[14.835000177159081,46.2912355394944],[14.84,46.293392410928604],[14.84,46.293326634611745],[14.838618494795428,46.29227889891268],[14.838889956787625,46.29120443227009],[14.84,46.29097028765391],[14.84,46.28981241749442],[14.83819147303412,46.29082762240986],[14.831543708368626,46.290633114615396],[14.828465739302544,46.292307511688485],[14.826396444463613,46.29516473332803],[14.825293586217045,46.29385710236091],[14.825173998236918,46.29557670537201],[14.818807606112749,46.2982512504467],[14.815355739501719,46.29784945575918],[14.816320589217526,46.29674192774285],[14.812237548707733,46.29666108364982],[14.814615217003594,46.29537591444455],[14.808717460637238,46.29517479142262],[14.807676311280659,46.293485123032255],[14.805514654690441,46.29432520483672],[14.805668671123309,46.29276449863445],[14.80694623769917,46.2924182133181],[14.805193512148202,46.29152778289153],[14.800787732633452,46.2903130008653],[14.803370507602008,46.29200647175452],[14.801014524425838,46.29273967922242],[14.8,46.291689362296424],[14.8,46.29427513663104],[14.801759134500866,46.29517025506064],[14.802067920921111,46.296585258847195]],[[14.834522949660569,46.3030873177646],[14.833873113483934,46.30346229626266],[14.83417658392681,46.30268210742232],[14.834522949660569,46.3030873177646]],[[14.819957092589801,46.30127465878236],[14.820306338718156,46.300023664380056],[14.826110477213541,46.30097753777355],[14.824787703260274,46.30319273480804],[14.824701355058716,46.30443540679944],[14.822099055502145,46.306519435155266],[14.819413578255153,46.30366587942353],[14.818108554513227,46.29987868272116],[14.819434330318607,46.29967739900797],[14.819957092589801,46.30127465878236]],[[14.818877894395179,46.303144142588614],[14.819150039330502,46.304062145318824],[14.817647460942876,46.30371725168576],[14.818877894395179,46.303144142588614]],[[14.811586549701799,46.296934802978356],[14.809781882899046,46.296438663280966],[14.810218919407829,46.295727620057875],[14.811612565275816,46.29612227374742],[14.811586549701799,46.296934802978356]],[[14.80921941591197,46.310531572481274],[14.808767654505623,46.310855770733006],[14.80859297323875,46.31020790216932],[14.80921941591197,46.310531572481274]],[[14.805356871954059,46.29865554324498],[14.80804693489802,46.29948002165506],[14.808148650198614,46.30036958014189],[14.806299883145488,46.3005915666988],[14.806125079873802,46.30172026195951],[14.804897884418573,46.30176402854565],[14.80346179913222,46.30340127963756],[14.80538593999724,46.304435719237034],[14.805385766468858,46.30560402519362],[14.801555252170786,46.304991397219595],[14.802580208009726,46.304387115853025],[14.80231426684955,46.30072027969696],[14.805356871954059,46.29865554324498]],[[14.802559157017276,46.306113797739734],[14.802220930108739,46.306699157408865],[14.801635076641658,46.30597064061088],[14.802559157017276,46.306113797739734]],[[14.802597559200814,46.29432047450845],[14.80107667357666,46.294555208968845],[14.80065654497924,46.293893438379364],[14.80139812085128,46.29354198627144],[14.802597559200814,46.29432047450845]]]}},{"type":"Feature","properties":{"_zoneType":"SI_BUILT","name":"Pozidano zemljišče","authority":"MKGP","dataSource":"raba-3000"},"geometry":{"type":"Polygon","coordinates":[[[14.839844815511286,46.299272970138325],[14.838089750957197,46.297643036985754],[14.83740717692333,46.298017657133855],[14.838432616727538,46.29815186149143],[14.838209276657741,46.29904053605278],[14.836110110258645,46.30040294075715],[14.83805233853631,46.29944796730914],[14.84,46.29940330687006],[14.84,46.29918740191232],[14.839844815511286,46.299272970138325]]]}},{"type":"Feature","properties":{"_zoneType":"SI_BUILT","name":"Pozidano zemljišče","authority":"MKGP","dataSource":"raba-3000"},"geometry":{"type":"Polygon","coordinates":[[[14.815946969450517,46.318124269704946],[14.818082937739023,46.31788221779233],[14.820095349860985,46.31586560324526],[14.821572245717185,46.31588272223718],[14.821958321257931,46.31790011752455],[14.823335454610556,46.31863739755659],[14.822763977098862,46.31978243695709],[14.823288833934535,46.32],[14.824907448669277,46.32],[14.824798510830547,46.31970600326931],[14.825999822173168,46.318780315700266],[14.82262707866929,46.31772362388232],[14.821212602484952,46.31294689051342],[14.82459917718287,46.31571192535407],[14.82757941228916,46.31556885730875],[14.829454455009785,46.31418133582765],[14.834733608525019,46.317090410422274],[14.831991200390984,46.31162318711744],[14.831624885295064,46.31264537174043],[14.832695266049031,46.313673103821856],[14.832146015745666,46.314939853625134],[14.82855236385887,46.31350996196681],[14.824785457628048,46.31534920625124],[14.821154702694319,46.31209350903269],[14.820191073775547,46.31414038414189],[14.818894136554915,46.31394391187353],[14.817434023650534,46.31183605164243],[14.817585687388497,46.31005435047712],[14.814764856656685,46.309824838724765],[14.813459165196548,46.30831415170921],[14.815208034726759,46.31075898139431],[14.817174994665445,46.31117167479344],[14.818139025536087,46.314212975781714],[14.819642047046498,46.315691783210966],[14.817794180983144,46.31757978582866],[14.815658940701276,46.31784465576716],[14.815597641656257,46.319931775985765],[14.815022709267218,46.32],[14.816132645195147,46.32],[14.815946969450517,46.318124269704946]]]}},{"type":"Feature","properties":{"_zoneType":"SI_BUILT","name":"Pozidano zemljišče","authority":"MKGP","dataSource":"raba-3000"},"geometry":{"type":"Polygon","coordinates":[[[14.81235090962345,46.3190767468755],[14.812120574307073,46.32],[14.813095741460499,46.32],[14.81235090962345,46.3190767468755]]]}},{"type":"Feature","properties":{"_zoneType":"SI_BUILT","name":"Pozidano zemljišče","authority":"MKGP","dataSource":"raba-3000"},"geometry":{"type":"Polygon","coordinates":[[[14.837868175950776,46.31975751877302],[14.83974248278174,46.318951565172235],[14.839010874555127,46.31817934139275],[14.838150425091731,46.31804666692954],[14.83912801196106,46.318757907162215],[14.837868579628736,46.3192144566983],[14.837678864445635,46.32],[14.838049547446387,46.32],[14.837868175950776,46.31975751877302]]]}},{"type":"Feature","properties":{"_zoneType":"SI_BUILT","name":"Pozidano zemljišče","authority":"MKGP","dataSource":"raba-3000"},"geometry":{"type":"Polygon","coordinates":[[[14.801798380971423,46.31549490715245],[14.801502656870719,46.31683799995887],[14.8033412265325,46.315958052984726],[14.802250112563312,46.314363296209216],[14.800003906445836,46.313887348145684],[14.8,46.31389067553661],[14.8,46.31432860224408],[14.800133852087239,46.314232417494246],[14.8,46.3149287536335],[14.8,46.31523778751698],[14.800308652219325,46.315068183464234],[14.801798380971423,46.31549490715245]]]}},{"type":"Feature","properties":{"_zoneType":"SI_BUILT","name":"Pozidano zemljišče","authority":"MKGP","dataSource":"raba-3000"},"geometry":{"type":"Polygon","coordinates":[[[14.80992976906118,46.32020991709055],[14.806822907894317,46.32057723465141],[14.808976385828073,46.32134409927588],[14.806970457071753,46.32229971092915],[14.807167381680335,46.324209043854395],[14.801451915538104,46.32427805365228],[14.800295062238348,46.322356762279554],[14.802632572787374,46.326388937689714],[14.8,46.326530026121425],[14.8,46.328214005807524],[14.800034596714337,46.32858582609463],[14.8,46.328576940236424],[14.8,46.3291705821603],[14.800089307892241,46.329129583304336],[14.80282121379348,46.330698308349014],[14.803544282767588,46.33246270697552],[14.805013681320897,46.33254549398739],[14.80325921650066,46.33016788293017],[14.805698184717953,46.330790481819776],[14.808292680371888,46.33306382685977],[14.80973222172097,46.33334102671663],[14.811349304078893,46.335609739340214],[14.812803948984186,46.33992016639444],[14.812240091242288,46.341472438125244],[14.814600934758616,46.34480171046027],[14.812200779909952,46.34693835027079],[14.806567793822259,46.34531754098008],[14.803621960178925,46.343201801606284],[14.809228104288271,46.343679545608026],[14.810586119150875,46.343346117700115],[14.810080878468636,46.34283476291287],[14.8,46.34195309585088],[14.8,46.34215764144899],[14.806300856680224,46.3455109529673],[14.810753316362664,46.34718958721254],[14.81202996306243,46.347271914659025],[14.813404993879562,46.346667917215825],[14.813817139463692,46.34778456861251],[14.811428383389629,46.34917970335423],[14.80780740325263,46.348452663334946],[14.816278015028528,46.350716025704635],[14.811028230870143,46.35323116401396],[14.808373969788677,46.35771989052407],[14.805468416062766,46.35904707615194],[14.803267526884772,46.358635059649025],[14.803197994753404,46.36],[14.803661792372415,46.36],[14.804436971209093,46.35920176207851],[14.807195900136538,46.3589367281639],[14.806073676687781,46.36],[14.806696228010878,46.36],[14.807613394263539,46.35900242308726],[14.810142988275649,46.358160490634035],[14.810049844278238,46.35626338775569],[14.81179168999944,46.3535102862696],[14.814229722880121,46.35270130372873],[14.813040514076732,46.35742213902157],[14.811113502398058,46.357549650959655],[14.81233247915227,46.35837565124629],[14.808468391460337,46.36],[14.811128355900367,46.36],[14.812581027358021,46.358614306003716],[14.8155389412218,46.353502593314886],[14.817675812568352,46.35372657215658],[14.815145343066249,46.355835133578864],[14.81768748079454,46.35696623539955],[14.814089438022691,46.35892931148032],[14.81368711385351,46.36],[14.814051428536725,46.36],[14.814409166311712,46.35903393361411],[14.820689328899787,46.35633985512649],[14.816556644946697,46.35582242222409],[14.819822910318358,46.35401391984609],[14.821077020470451,46.352717361382126],[14.820639943291635,46.35175164437205],[14.822832227976141,46.351158131728226],[14.821216687956722,46.35124973797477],[14.821445696532566,46.349832848730685],[14.824907306273518,46.34984521601141],[14.824743314264316,46.34869035602287],[14.825736361657922,46.347908457690316],[14.826195940630633,46.349107412807065],[14.827719631952489,46.34883691430484],[14.826808869826879,46.34733322665791],[14.829681602487634,46.346657941937416],[14.831461199589963,46.348157680080234],[14.831753869095257,46.35012240918135],[14.830875991207334,46.35086918398394],[14.82634957119053,46.350767282437275],[14.829825525726225,46.351994720218784],[14.830800166406384,46.356048895457974],[14.829501127510872,46.357824367785526],[14.831278128598024,46.36],[14.831507028028707,46.36],[14.832270297311837,46.35877263634503],[14.830642794567582,46.357394899735624],[14.831904590856754,46.35565506949007],[14.830863406534062,46.355450613431074],[14.830208595682913,46.353556101126095],[14.831485795331481,46.35214162018489],[14.831140610101496,46.35109056331376],[14.832951274391425,46.35086469808022],[14.833165612255824,46.35748476392887],[14.835058131889499,46.36],[14.835266723327766,46.36],[14.835033023074256,46.359657640922244],[14.836199162427294,46.35842230109854],[14.834219722222091,46.35695709429413],[14.834662784659972,46.35526536151469],[14.833916666482999,46.35389698185037],[14.835985636296323,46.352649963616535],[14.837360862404086,46.34886726030479],[14.838441251247785,46.348839888375785],[14.839013938100694,46.350495663771305],[14.83740320143777,46.352584672174146],[14.839006124368654,46.35211231581074],[14.839738541060619,46.350702125044435],[14.838860510615884,46.34921027695007],[14.839149652450349,46.34697921460149],[14.836749718198302,46.34404091490887],[14.837933922056399,46.34308852552624],[14.839490909375861,46.34479448934021],[14.84,46.34492192137181],[14.84,46.344612381453686],[14.83965099566346,46.3445284922037],[14.83841702570509,46.34186700300358],[14.84,46.34189430325791],[14.84,46.34150668459163],[14.837940234340971,46.34160249065042],[14.8381858695612,46.340462381463986],[14.84,46.34019629188737],[14.84,46.34004969193767],[14.837447403746278,46.339747249989856],[14.84,46.3391173425289],[14.84,46.33640940152037],[14.83877232558081,46.33753028740451],[14.836787896200224,46.33647049524848],[14.83728980029867,46.334497008365155],[14.839248054394915,46.3337979964482],[14.83864668678369,46.332655630149155],[14.837957554120235,46.33345469710663],[14.836969138781006,46.332911058170886],[14.837392268195666,46.329227124384154],[14.8364619675852,46.329289455354655],[14.837193190081098,46.33004383153352],[14.836366390283251,46.33059509116258],[14.833571432690528,46.32891142313666],[14.829996905388553,46.32949685121853],[14.825817745408653,46.32622206802647],[14.825603257093364,46.327995735815634],[14.821302408046364,46.3270644134432],[14.823359588525904,46.32782452767424],[14.822707565615724,46.3299709003041],[14.824575150906501,46.32822544755786],[14.826314500738974,46.32795230055337],[14.826681232132563,46.327044367104925],[14.829010188707825,46.329795443527814],[14.832911586215085,46.32907230881659],[14.83470124454168,46.32965402299748],[14.835724989627266,46.33094585667406],[14.83503374753198,46.33324157402989],[14.831662050722986,46.33569738198874],[14.834026805111252,46.33595522785946],[14.833780044698845,46.33437576219156],[14.83507301719028,46.33381480602791],[14.836404266766166,46.33196755770122],[14.83708532494265,46.333577215832236],[14.835882120429945,46.33487793497301],[14.837007783453544,46.33759669669292],[14.833215838378784,46.338971196444575],[14.826536802484574,46.33878899370211],[14.826716423535178,46.34118339666225],[14.825430444703164,46.34169278740308],[14.827033551539209,46.34150462470289],[14.827260401764432,46.342935835706285],[14.819955188559506,46.34501737561991],[14.817625885791388,46.3437935818834],[14.81473084669109,46.34881928705431],[14.813435916497584,46.3484839526912],[14.814248787742924,46.347569133340095],[14.813842802906617,46.346331674329974],[14.815208145479016,46.34475095298191],[14.8133257517627,46.34289441054599],[14.814287640872397,46.342318327487725],[14.812444548985107,46.340999558064695],[14.81320855259155,46.34029638763155],[14.812941542731728,46.3369380481931],[14.811798834840518,46.33651735109565],[14.810155865391506,46.33304611670081],[14.808056845563693,46.33170694585377],[14.80927401917445,46.331123872168284],[14.810067985533447,46.3319182245067],[14.812698463985704,46.33303627237224],[14.813673340559577,46.3328269151843],[14.812640101162177,46.330952496396655],[14.813333748895134,46.33036678128222],[14.812808889564884,46.328614656080546],[14.810667183961975,46.32835058275023],[14.812431174485114,46.32910351208641],[14.812208703881723,46.33229185296555],[14.8102178785379,46.33169632560008],[14.809725085865178,46.33057528818961],[14.807110422063742,46.3319234640851],[14.80590323982159,46.33060124673683],[14.800868864283927,46.328811592657644],[14.8004108408473,46.327024011277324],[14.803360538221646,46.328193266903554],[14.8040996526253,46.32663452371381],[14.803484395429066,46.324786980953675],[14.807385150707765,46.324406241426665],[14.80919116395711,46.32196074187256],[14.812522571888545,46.32219232200302],[14.813052867285888,46.32062210649325],[14.816150732035613,46.32018271656683],[14.816132645195147,46.32],[14.815022709267218,46.32],[14.813264097221829,46.320208684665374],[14.813095741460499,46.32],[14.812120574307073,46.32],[14.811718440521918,46.32161187298349],[14.810181588670025,46.32126040440304],[14.810462813476441,46.32],[14.809675181574505,46.32],[14.80992976906118,46.32020991709055]],[[14.836888739448108,46.344562974851776],[14.83879763427091,46.3472445921412],[14.835895957753618,46.34813856353174],[14.836589757494856,46.34741814484067],[14.834562632796532,46.345343539502636],[14.835550940098402,46.34420481977956],[14.836888739448108,46.344562974851776]],[[14.836686306999423,46.34248300231787],[14.83569322473498,46.34291446341607],[14.834753252142342,46.34224867528621],[14.835474098099944,46.34147897581731],[14.836686306999423,46.34248300231787]],[[14.835626790149865,46.343021393602186],[14.836180361014637,46.34384626403139],[14.834881540124858,46.343380927465155],[14.835626790149865,46.343021393602186]],[[14.83208318228981,46.34673870258828],[14.83162631789742,46.34709931229337],[14.83138821493819,46.34630117927912],[14.83208318228981,46.34673870258828]],[[14.827757386129356,46.34277608951712],[14.831616019480844,46.3404432879241],[14.831910296823848,46.341787923226136],[14.829652082122543,46.342952318945045],[14.830153955785567,46.344287220127654],[14.827297124199397,46.34550908234971],[14.82642288439149,46.34475906172005],[14.82837480181536,46.3441807455795],[14.827757386129356,46.34277608951712]],[[14.830273085925668,46.34047543333481],[14.829197678454722,46.34105977143536],[14.829011300392406,46.34003194806306],[14.830060454857907,46.339845233077504],[14.830273085925668,46.34047543333481]],[[14.829329100479542,46.34592350038116],[14.829149939551186,46.34625449432921],[14.828191292906562,46.34646057191915],[14.82821588553301,46.34575166674865],[14.829329100479542,46.34592350038116]],[[14.828622666335264,46.33997047172461],[14.827916064884022,46.3397691423949],[14.828855771405507,46.339526227083134],[14.828622666335264,46.33997047172461]],[[14.827558070821675,46.341194514699964],[14.828253554271638,46.34114574861553],[14.827574858597718,46.34152966035974],[14.827558070821675,46.341194514699964]],[[14.825115943119899,46.3463205702162],[14.827175688765191,46.34663740586692],[14.823757413074942,46.34894438250862],[14.821808642285575,46.34912545635242],[14.821218366332973,46.34794339467303],[14.823813382103921,46.34778760567342],[14.825115943119899,46.3463205702162]],[[14.825957541751324,46.3449360812606],[14.824369477666746,46.346090586199786],[14.822528857710813,46.34589384322044],[14.825079920069832,46.344302189889305],[14.825957541751324,46.3449360812606]],[[14.81524215217175,46.34901452121613],[14.817920806574143,46.3450820098156],[14.821186537042179,46.34513904833733],[14.821563664135667,46.34649236925197],[14.823132504690875,46.34643928934576],[14.820385666137135,46.34769843349561],[14.820348014771854,46.34664078167896],[14.81904943580285,46.34638877798649],[14.818658166203198,46.34778834618357],[14.819904233384792,46.3495538978565],[14.819210673796368,46.35038066695753],[14.813058101992851,46.34954834529672],[14.812601310879078,46.348804289934805],[14.81524215217175,46.34901452121613]],[[14.821058154408222,46.348542380236516],[14.820569499876077,46.348825667336655],[14.819892757695088,46.34841577261435],[14.820542388725285,46.34795850467601],[14.821058154408222,46.348542380236516]],[[14.819016635558153,46.35120379139072],[14.818187650842942,46.35184463676129],[14.816799682475907,46.35131699769428],[14.817855016957076,46.350333363675425],[14.819016635558153,46.35120379139072]],[[14.817937224377458,46.352574401738046],[14.817997757393508,46.35224178351338],[14.818789221717516,46.35260187319687],[14.817937224377458,46.352574401738046]],[[14.818881653673044,46.353314555019516],[14.818574369019899,46.353805347203206],[14.818314594496732,46.35308755709133],[14.818881653673044,46.353314555019516]],[[14.815451507851916,46.3521541252396],[14.817655004580342,46.35246016694622],[14.815571413448682,46.35250221194243],[14.815451507851916,46.3521541252396]],[[14.80362429193504,46.34278356732205],[14.803227750207526,46.3430927449078],[14.802274164382247,46.34223057810012],[14.80362429193504,46.34278356732205]],[[14.803127050239256,46.32447483693356],[14.80291587806923,46.32493548900121],[14.802243706010463,46.32430959723521],[14.803127050239256,46.32447483693356]]]}},{"type":"Feature","properties":{"_zoneType":"SI_BUILT","name":"Pozidano zemljišče","authority":"MKGP","dataSource":"raba-3000"},"geometry":{"type":"Polygon","coordinates":[[[14.823604694814453,46.35930797101329],[14.825003433972789,46.35975509856486],[14.824528549736591,46.35727447122221],[14.822632384721075,46.35965035415749],[14.82095995849418,46.36],[14.82221063327063,46.36],[14.823604694814453,46.35930797101329]]]}},{"type":"Feature","properties":{"_zoneType":"SI_BUILT","name":"Pozidano zemljišče","authority":"MKGP","dataSource":"raba-3000"},"geometry":{"type":"Polygon","coordinates":[[[14.825201177390447,46.320792702377254],[14.824907448669277,46.32],[14.823288833934535,46.32],[14.825201177390447,46.320792702377254]]]}},{"type":"Feature","properties":{"_zoneType":"SI_BUILT","name":"Pozidano zemljišče","authority":"MKGP","dataSource":"raba-3000"},"geometry":{"type":"Polygon","coordinates":[[[14.838585179230423,46.32071610289019],[14.838049547446387,46.32],[14.837678864445635,46.32],[14.837552598259993,46.32052282350175],[14.836038691845886,46.3206176391147],[14.84,46.32178605159043],[14.84,46.321288108403486],[14.838585179230423,46.32071610289019]]]}},{"type":"Feature","properties":{"_zoneType":"SI_BUILT","name":"Pozidano zemljišče","authority":"MKGP","dataSource":"raba-3000"},"geometry":{"type":"Polygon","coordinates":[[[14.838986196086832,46.32718072764463],[14.84,46.32790534639637],[14.84,46.32719639636133],[14.838986196086832,46.32718072764463]]]}},{"type":"Feature","properties":{"_zoneType":"SI_BUILT","name":"Pozidano zemljišče","authority":"MKGP","dataSource":"raba-3000"},"geometry":{"type":"Polygon","coordinates":[[[14.8,46.33612597500172],[14.8,46.33678226620918],[14.800780935912064,46.336461201950904],[14.800951487605042,46.335500919857935],[14.8,46.33453553412969],[14.8,46.33560568990934],[14.800648940239357,46.3359471405337],[14.8,46.33612597500172]]]}},{"type":"Feature","properties":{"_zoneType":"SI_BUILT","name":"Pozidano zemljišče","authority":"MKGP","dataSource":"raba-3000"},"geometry":{"type":"Polygon","coordinates":[[[14.803172318488832,46.36050403416214],[14.803661792372415,46.36],[14.803197994753404,46.36],[14.803172318488832,46.36050403416214]]]}},{"type":"Feature","properties":{"_zoneType":"SI_BUILT","name":"Pozidano zemljišče","authority":"MKGP","dataSource":"raba-3000"},"geometry":{"type":"Polygon","coordinates":[[[14.800999813444628,46.36480732771415],[14.800685529988012,46.36660581663703],[14.801335055847959,46.364979933289014],[14.80308692830986,46.364452753771324],[14.80243522664989,46.367104714559986],[14.8,46.36715927852014],[14.8,46.36795565907697],[14.804272208071042,46.36788643341179],[14.803633387997879,46.36888370567979],[14.800981451141642,46.369118444836914],[14.801493967013819,46.36985376961902],[14.8,46.37056097425847],[14.8,46.37078359928805],[14.802824627442718,46.369122368907924],[14.8051077323523,46.3701394189857],[14.80460047479156,46.367310400916814],[14.80569540700313,46.36352173925163],[14.80830693363282,46.36034775953699],[14.810932767524513,46.360186570498605],[14.811128355900367,46.36],[14.808468391460337,46.36],[14.807948578626524,46.360218514018335],[14.805284221345158,46.36345844977085],[14.804424970797967,46.36624125360289],[14.803571630329023,46.36614508891063],[14.80407341159894,46.36285276643281],[14.806696228010878,46.36],[14.806073676687781,46.36],[14.800999813444628,46.36480732771415]]]}},{"type":"Feature","properties":{"_zoneType":"SI_BUILT","name":"Pozidano zemljišče","authority":"MKGP","dataSource":"raba-3000"},"geometry":{"type":"Polygon","coordinates":[[[14.812985764844266,46.36186647084617],[14.809013758432247,46.363492619914176],[14.811011600324367,46.36702226398909],[14.809838279462959,46.36817530669251],[14.812363804495527,46.369735407955545],[14.811834554202536,46.37031740504308],[14.812180132718877,46.371508474427884],[14.809956701892938,46.371685387962565],[14.813436617183449,46.372142505280394],[14.812192572714833,46.370441564840206],[14.813694075915047,46.369819460585134],[14.814362059101981,46.37174718504021],[14.816472974520677,46.373229552626206],[14.812687341937572,46.373824418470114],[14.817053332699176,46.37395039129387],[14.816733472698413,46.37278383862172],[14.814632537034438,46.37158824720964],[14.814713005682513,46.36994098332006],[14.812991083583249,46.368135400003524],[14.814619998240971,46.368177601306655],[14.813935444629617,46.36686424154942],[14.816094414601801,46.36587713878063],[14.817376707346478,46.37087236712256],[14.819220501618718,46.37302392277146],[14.821075328193253,46.37358092642974],[14.82017751624307,46.37469098274068],[14.821274459491596,46.37379507064238],[14.82249779320678,46.37446002970018],[14.820041749063686,46.376425816494304],[14.822895086163781,46.37564488414852],[14.825934340487908,46.37249957559455],[14.828845486343276,46.372520071560636],[14.829562269998092,46.374903288242],[14.828052446087229,46.377151275368554],[14.8267066791374,46.37751523187315],[14.825213191871391,46.38204606703861],[14.82852534292669,46.38336781328754],[14.831908958872413,46.38317880638041],[14.833392456732401,46.38415288125447],[14.831342273173062,46.38544164238994],[14.833072789081463,46.38487156732768],[14.833744002987366,46.38409195217735],[14.832962793274357,46.3822664802125],[14.828583815441927,46.38311334823239],[14.826601334930313,46.382544394026276],[14.826489541508764,46.38094924306861],[14.827978933649506,46.380493305721906],[14.827259924590592,46.37936300815158],[14.8284432369025,46.378621607880454],[14.827104445049226,46.37777814262226],[14.82841977894684,46.37724042328703],[14.83014550183204,46.37484234021066],[14.829408107522866,46.373918196415026],[14.829973379842725,46.372333173496955],[14.825091002905342,46.37176581760307],[14.824338211859715,46.37367954934633],[14.822886636520812,46.37430791134314],[14.818295244285599,46.3712226650364],[14.817255086705348,46.36665299812672],[14.815748147294904,46.36516300866996],[14.815898905864868,46.36398137309226],[14.81771194890395,46.36265822544031],[14.817842643236709,46.360907860527625],[14.821540125179306,46.36033284831439],[14.82221063327063,46.36],[14.82095995849418,46.36],[14.81752297096108,46.36071855390832],[14.817367863984447,46.361878431044694],[14.816111564559453,46.362017723959234],[14.816547809223842,46.363136452270375],[14.812642033433438,46.36789184993544],[14.812806251839385,46.36887888827982],[14.811095661391704,46.368506754596865],[14.811698321518762,46.36747797221079],[14.810690403564074,46.36554572997701],[14.811438303200653,46.36426848614427],[14.81122043216649,46.36276496388027],[14.81330352107533,46.36201971474284],[14.814051428536725,46.36],[14.81368711385351,46.36],[14.812985764844266,46.36186647084617]],[[14.810880908512944,46.36463978103457],[14.810187814764253,46.36460683528474],[14.810034641103146,46.36361426031975],[14.81084760017294,46.36338478887265],[14.810880908512944,46.36463978103457]]]}},{"type":"Feature","properties":{"_zoneType":"SI_BUILT","name":"Pozidano zemljišče","authority":"MKGP","dataSource":"raba-3000"},"geometry":{"type":"Polygon","coordinates":[[[14.832029017231573,46.36091933399053],[14.831491091057616,46.360025627205914],[14.831507028028707,46.36],[14.831278128598024,46.36],[14.832029017231573,46.36091933399053]]]}},{"type":"Feature","properties":{"_zoneType":"SI_BUILT","name":"Pozidano zemljišče","authority":"MKGP","dataSource":"raba-3000"},"geometry":{"type":"Polygon","coordinates":[[[14.8355788644043,46.36069207483047],[14.834503175333872,46.36140593187267],[14.835848788233868,46.36188314112601],[14.834588645210832,46.362397290729426],[14.834592799579685,46.36390404433733],[14.835714639986726,46.36528989055265],[14.83519855931774,46.36331658586868],[14.837275276947608,46.36314171357751],[14.839199886775429,46.366581543785365],[14.83874320620055,46.367106311158665],[14.839971108424587,46.36724892834462],[14.84,46.36731732412258],[14.84,46.36693887188186],[14.839075216515353,46.365608297376106],[14.84,46.365492366820824],[14.84,46.36514024771978],[14.838198361953278,46.364294702641835],[14.835266723327766,46.36],[14.835058131889499,46.36],[14.8355788644043,46.36069207483047]]]}},{"type":"Feature","properties":{"_zoneType":"SI_BUILT","name":"Pozidano zemljišče","authority":"MKGP","dataSource":"raba-3000"},"geometry":{"type":"Polygon","coordinates":[[[14.839750436768055,46.37019835487394],[14.84,46.37035800481914],[14.84,46.37016046660841],[14.839750436768055,46.37019835487394]]]}},{"type":"Feature","properties":{"_zoneType":"SI_BUILT","name":"Pozidano zemljišče","authority":"MKGP","dataSource":"raba-3000"},"geometry":{"type":"Polygon","coordinates":[[[14.834862877348758,46.39081978364845],[14.827041966193228,46.39828527988705],[14.827192879429143,46.39956388640927],[14.827958217123292,46.397901488962816],[14.83173181598264,46.39579223246755],[14.83493190768567,46.395933119301546],[14.836751816891857,46.39392346457782],[14.84,46.393185268211575],[14.84,46.3926607777483],[14.837769364398834,46.39283447017999],[14.834832851366771,46.395499231914464],[14.83098368204104,46.395161935068636],[14.83287229230593,46.39437337231532],[14.834961082620284,46.39112804396629],[14.84,46.38750799270144],[14.84,46.387141316373985],[14.834862877348758,46.39081978364845]]]}},{"type":"Feature","properties":{"_zoneType":"SI_BUILT","name":"Pozidano zemljišče","authority":"MKGP","dataSource":"raba-3000"},"geometry":{"type":"Polygon","coordinates":[[[14.838730886804784,46.395984463761906],[14.837009969747749,46.39957829925402],[14.84,46.398458357148726],[14.84,46.398368500710916],[14.83813596284348,46.39808806060808],[14.84,46.39667614070686],[14.84,46.3956863942787],[14.838730886804784,46.395984463761906]]]}},{"type":"Feature","properties":{"_zoneType":"SI_BUILT","name":"Pozidano zemljišče","authority":"MKGP","dataSource":"raba-3000"},"geometry":{"type":"Polygon","coordinates":[[[14.800671945139163,46.37317932854272],[14.802376554073557,46.371587137718066],[14.80003247291132,46.371492940820886],[14.8,46.37114736145485],[14.8,46.371722414250726],[14.801750338971575,46.37214878002464],[14.800671945139163,46.37317932854272]]]}},{"type":"Feature","properties":{"_zoneType":"SI_BUILT","name":"Pozidano zemljišče","authority":"MKGP","dataSource":"raba-3000"},"geometry":{"type":"Polygon","coordinates":[[[14.874598956416547,46.23991866313922],[14.871926675343248,46.23839424582302],[14.873972812725777,46.24],[14.87600846060441,46.24],[14.874598956416547,46.23991866313922]]]}},{"type":"Feature","properties":{"_zoneType":"SI_BUILT","name":"Pozidano zemljišče","authority":"MKGP","dataSource":"raba-3000"},"geometry":{"type":"Polygon","coordinates":[[[14.878743853882076,46.2572619312909],[14.879872872402476,46.25846191642378],[14.878271702179324,46.25989327230901],[14.877625924544253,46.25820099329583],[14.87557594604947,46.256572357529095],[14.878840090246538,46.25580820454722],[14.87717674695443,46.25499814597521],[14.878490199376737,46.25343064614966],[14.876841365121573,46.25349704086429],[14.879119792348277,46.246843997209666],[14.87937995361955,46.24466297336095],[14.878152068128822,46.243072273181426],[14.879583885777356,46.24215081455607],[14.877528055415386,46.24100771839684],[14.877654633688357,46.240094994078135],[14.87600846060441,46.24],[14.873972812725777,46.24],[14.874541102947466,46.240445979045695],[14.872635352690121,46.24102201010507],[14.873415044567086,46.24195756848921],[14.871980654463435,46.242110309206204],[14.871954921643024,46.24320033815773],[14.873998558882066,46.24274972925878],[14.87374060064721,46.241145830910476],[14.876676427692262,46.24079736973745],[14.878097727282777,46.24181501955454],[14.877112913681339,46.24274414051231],[14.878955523670367,46.24454384188177],[14.878445042301857,46.24522594594939],[14.877249219761419,46.244651235159715],[14.878233498391479,46.248719831587714],[14.876925329647522,46.24992056620931],[14.875867636894574,46.249202300133774],[14.877197888235221,46.25201459471971],[14.876276520835019,46.25535400874792],[14.875003313981438,46.25647882831134],[14.877226787927231,46.25827961333778],[14.878033358572159,46.26085801937465],[14.876847246990613,46.263485429910546],[14.878020189222758,46.26456536266115],[14.87780473955812,46.26248373335524],[14.88,46.258989908425725],[14.88,46.25750905068647],[14.8799175770974,46.25738684952474],[14.88,46.257351682781355],[14.88,46.25692732336902],[14.878743853882076,46.2572619312909]]]}},{"type":"Feature","properties":{"_zoneType":"SI_BUILT","name":"Pozidano zemljišče","authority":"MKGP","dataSource":"raba-3000"},"geometry":{"type":"Polygon","coordinates":[[[14.878909215616753,46.267748775393514],[14.88,46.26786876408238],[14.88,46.26739260681643],[14.878909215616753,46.267748775393514]]]}},{"type":"Feature","properties":{"_zoneType":"SI_BUILT","name":"Pozidano zemljišče","authority":"MKGP","dataSource":"raba-3000"},"geometry":{"type":"Polygon","coordinates":[[[14.879995209051195,46.26912294442739],[14.88,46.26912541636279],[14.88,46.26911772316756],[14.879995209051195,46.26912294442739]]]}},{"type":"Feature","properties":{"_zoneType":"SI_BUILT","name":"Pozidano zemljišče","authority":"MKGP","dataSource":"raba-3000"},"geometry":{"type":"Polygon","coordinates":[[[14.879306556121866,46.271037177545686],[14.88,46.27144014226329],[14.88,46.271387103811776],[14.879306556121866,46.271037177545686]]]}},{"type":"Feature","properties":{"_zoneType":"SI_BUILT","name":"Pozidano zemljišče","authority":"MKGP","dataSource":"raba-3000"},"geometry":{"type":"Polygon","coordinates":[[[14.875908947580546,46.27419048896629],[14.87621069716629,46.27254775074057],[14.875144269469029,46.27088753038011],[14.870164076936714,46.26910473635132],[14.867991135213925,46.270476187559936],[14.870685202022383,46.272782510531414],[14.86926071072742,46.273159555785405],[14.867274800632751,46.2709696561361],[14.864907903374784,46.273494262886544],[14.86474683776556,46.27213128356501],[14.865969301752921,46.27127395374246],[14.865190050635736,46.27086722136933],[14.863453186653581,46.27529280047911],[14.867177468792484,46.27162968818622],[14.870394402702996,46.2740141967866],[14.867413997874086,46.275493440731914],[14.870602382033278,46.274573563177604],[14.87110844872938,46.27249154752709],[14.86922758881482,46.27014186708739],[14.870525986933893,46.269401106271765],[14.87370128779678,46.2706152563512],[14.872376124606076,46.27175964402418],[14.874857043600615,46.27105975683949],[14.875606238076456,46.27433498211816],[14.88,46.275660177257926],[14.88,46.27541005294676],[14.875908947580546,46.27419048896629]]]}},{"type":"Feature","properties":{"_zoneType":"SI_BUILT","name":"Pozidano zemljišče","authority":"MKGP","dataSource":"raba-3000"},"geometry":{"type":"Polygon","coordinates":[[[14.872649424571918,46.27980863728619],[14.873424399706623,46.27606552390545],[14.872306952156293,46.27577713006178],[14.870936109155583,46.27655920483062],[14.872463283799721,46.27789038149766],[14.871490311934915,46.28],[14.872831227646618,46.28],[14.872649424571918,46.27980863728619]]]}},{"type":"Feature","properties":{"_zoneType":"SI_BUILT","name":"Pozidano zemljišče","authority":"MKGP","dataSource":"raba-3000"},"geometry":{"type":"Polygon","coordinates":[[[14.846516085774676,46.27984614148481],[14.846937124975288,46.2786577067655],[14.844395324353327,46.27685785562679],[14.844298962536168,46.277665329988416],[14.842192035114754,46.278348014393195],[14.842276630614354,46.27944449388158],[14.844487162827559,46.277971000283735],[14.845860337107,46.278898831822],[14.844638258747215,46.27993418512172],[14.844642703750555,46.28],[14.84670898151875,46.28],[14.846516085774676,46.27984614148481]]]}},{"type":"Feature","properties":{"_zoneType":"SI_BUILT","name":"Pozidano zemljišče","authority":"MKGP","dataSource":"raba-3000"},"geometry":{"type":"Polygon","coordinates":[[[14.877023212802712,46.31893341899596],[14.878662943539773,46.32],[14.88,46.32],[14.88,46.3199772235248],[14.877825331765713,46.31860691889702],[14.88,46.31770072767069],[14.88,46.317011660953966],[14.8778979206693,46.31779342714179],[14.875893275281802,46.31645697471673],[14.873855384838958,46.316710754153185],[14.877401729933455,46.31808796129419],[14.874035394828736,46.32],[14.875015391676474,46.32],[14.877023212802712,46.31893341899596]]]}},{"type":"Feature","properties":{"_zoneType":"SI_BUILT","name":"Pozidano zemljišče","authority":"MKGP","dataSource":"raba-3000"},"geometry":{"type":"Polygon","coordinates":[[[14.878583155333667,46.281381447107314],[14.87737622551033,46.28229012030864],[14.874952257755123,46.28223255892848],[14.872831227646618,46.28],[14.871490311934915,46.28],[14.871027304393408,46.28100390289958],[14.872207388824066,46.28140585920892],[14.872171791553388,46.28309134350367],[14.867623023303803,46.281737206825994],[14.870494026544433,46.28337964349207],[14.869688298964924,46.285185361469864],[14.85961823456557,46.28777580214472],[14.858448563272443,46.28836840395778],[14.85820719914277,46.289846693403604],[14.856872779738532,46.29005907542365],[14.856287509427014,46.288620829130146],[14.85787010697405,46.287532702518455],[14.856774559718472,46.28694390672096],[14.853091661402596,46.2878252683326],[14.851212162891763,46.28580225071616],[14.85164670238614,46.2830331866181],[14.850663948303811,46.28000423380784],[14.847496582922783,46.28062821076311],[14.84670898151875,46.28],[14.844642703750555,46.28],[14.844727849904894,46.28126071531466],[14.842559056373407,46.281587513425634],[14.842676350440428,46.28280489830983],[14.845191034788373,46.28137747568512],[14.845442991500894,46.28006801185442],[14.848952588913921,46.28137196414414],[14.85034113491521,46.28050920607978],[14.850951660298508,46.28125678621737],[14.850614181808714,46.285820652268136],[14.847793810968207,46.287824769640515],[14.850256627770618,46.28863290364038],[14.850222634860112,46.28990602449988],[14.846693603029546,46.289638612922396],[14.842599257829171,46.28786046974642],[14.841603282568007,46.28877399031935],[14.841892227675118,46.28980374161016],[14.84064779920099,46.28944877960266],[14.84,46.28981241749442],[14.84,46.29097028765391],[14.84519082976848,46.289875370960345],[14.850313063723169,46.290325139912284],[14.850783245490636,46.29135830004774],[14.849781882908177,46.29188446674863],[14.850862112624847,46.291966057740495],[14.850921833867778,46.293167962257655],[14.848270704519893,46.293417334911865],[14.850047580316444,46.29396947175377],[14.851281697754777,46.29313109370711],[14.851101879203915,46.29075844709521],[14.852586716082651,46.290689601400956],[14.853810178421755,46.29384876726405],[14.85277840381702,46.29723106020264],[14.85351557626209,46.297841900118044],[14.852031316801355,46.29809421120215],[14.849536789668013,46.29696436584013],[14.846771705408605,46.2967791406517],[14.84607882494061,46.29532486919641],[14.846055908252847,46.2967209598242],[14.844262387109643,46.2966159074649],[14.842913124709435,46.2944327580385],[14.843553126570072,46.293445087928205],[14.841366058530886,46.29307290510058],[14.84221564000791,46.291727572607776],[14.840002928456293,46.29332885555756],[14.84,46.293326634611745],[14.84,46.293392410928604],[14.841213752905169,46.29391601127458],[14.84222256058311,46.29557341162645],[14.841258487839054,46.29643104175464],[14.842502288388447,46.29780764817456],[14.84,46.29918740191232],[14.84,46.29940330687006],[14.842809525100437,46.29933888364923],[14.842157124335914,46.29862156109438],[14.843006862001884,46.29791375649386],[14.842861209180777,46.29684962982167],[14.84938514286612,46.29717066035138],[14.852691926032309,46.29934695843901],[14.851676666516925,46.300262019785386],[14.849536450547538,46.29979357950018],[14.847437059913467,46.30130726375552],[14.849768535188549,46.30008001675842],[14.851756916353446,46.30055753517549],[14.853253957252964,46.29986433649821],[14.851584216504873,46.30254810693424],[14.852608689434245,46.303301117474284],[14.852347730922837,46.301908247382485],[14.853278727593048,46.30086063917114],[14.857642546038948,46.29958287996091],[14.858580745322275,46.30179674253042],[14.85789549571455,46.3042070650155],[14.855167862610083,46.30620815695566],[14.857206923295482,46.305556336585035],[14.857245990827295,46.30738340557342],[14.860663214929165,46.30816188848138],[14.858979040123137,46.30703892725985],[14.863292047862625,46.30707204421949],[14.86337689183198,46.30802344462428],[14.865977997727999,46.30941849140593],[14.86501205790952,46.31036891945117],[14.86585410111129,46.311158315496236],[14.867440278724235,46.30947649723277],[14.865252822492517,46.30832229114906],[14.866378941163823,46.30667772547009],[14.869900720858992,46.30765631547236],[14.868342857576655,46.31005728983032],[14.86881849544384,46.31104590895899],[14.86992441612996,46.31082986768162],[14.868710910261619,46.31010926242969],[14.870014998737348,46.30815899837584],[14.87168330633623,46.30751528689481],[14.874102027442865,46.30843402381977],[14.874159693506147,46.30994238469791],[14.87316156580964,46.31044591936802],[14.87509005169653,46.309662026900014],[14.87597152814097,46.310557195216425],[14.876775487260636,46.309292576521685],[14.879210536111955,46.31025020437607],[14.878177478785295,46.31167688245881],[14.879990325876797,46.31028436693294],[14.88,46.31028608164316],[14.88,46.30974133360655],[14.879820754123374,46.31001918831268],[14.876259123724783,46.30884841228051],[14.87619529176872,46.307057811797804],[14.874897431103287,46.30731506377137],[14.874976070948131,46.30840562742256],[14.873548711874154,46.30768422746495],[14.874498356215314,46.30644994719627],[14.869915219093725,46.30724737622172],[14.865692001713121,46.30625809484305],[14.865791581122988,46.30417364986236],[14.868101405494789,46.30363609130842],[14.869213842770066,46.30230752777782],[14.867966747296025,46.302287866040196],[14.868722778247605,46.30077919771738],[14.865055593190116,46.304754900583255],[14.863457680932912,46.30477449289593],[14.865001792989919,46.30627608092565],[14.859870341373497,46.30627128194826],[14.858305965430663,46.304283754647614],[14.858969325850046,46.30184872710641],[14.85787913172866,46.29848519527788],[14.868824978945588,46.29683708352397],[14.854738117382464,46.29769245150115],[14.854127337880257,46.29322067925422],[14.855955451982483,46.29284082803532],[14.85407497167206,46.2928047735676],[14.853681184052872,46.29171876894621],[14.856280157127442,46.29130177741507],[14.861411443707647,46.295300476300135],[14.864050501764613,46.29564507452119],[14.860096651623772,46.29388378853256],[14.859661637164415,46.29251324772285],[14.86055165952618,46.29198546595468],[14.859608280265574,46.29169236766075],[14.859623367930705,46.290627225431614],[14.865215111131496,46.290498490013995],[14.868324175558005,46.289952195213196],[14.869365284923521,46.290663615102744],[14.868654689316925,46.291310676584885],[14.869218551369872,46.291977877121425],[14.871534366056279,46.291327243977925],[14.87291681424063,46.292016637009056],[14.872162683825485,46.295523737592255],[14.873338141735621,46.29384414276855],[14.874805032015463,46.293708983091086],[14.874193721069789,46.29309672832056],[14.875624242543703,46.291696495818755],[14.874562660996107,46.29158989717869],[14.873318479003567,46.29314140331062],[14.873132835622116,46.291793059024236],[14.86924097121317,46.28979859247721],[14.878119772934323,46.28563539520826],[14.879542295894348,46.28738641874247],[14.877981245685127,46.28872325095239],[14.87895425150339,46.28854363212992],[14.879873939554491,46.28798583440743],[14.879105644154995,46.28521626430818],[14.88,46.284588411761604],[14.88,46.28189283527201],[14.878583155333667,46.281381447107314]],[[14.874587890335375,46.28310594129371],[14.87757930711792,46.28283573715918],[14.87873609434803,46.284790740699655],[14.874529149395435,46.28652312677333],[14.874459989773712,46.28497725228962],[14.872591716523027,46.28272641494059],[14.873069357911481,46.28109712915849],[14.874061156252308,46.281410896594565],[14.874587890335375,46.28310594129371]],[[14.871185744721968,46.28341628326864],[14.873606944989136,46.28475844456715],[14.874428349751177,46.286904031668826],[14.86905103602123,46.28952086190579],[14.867648555508522,46.2873010424175],[14.868132598478123,46.28931653000834],[14.865101320195036,46.29025546159662],[14.858793770372491,46.290072554882514],[14.858521305479586,46.2889698425763],[14.87098672305671,46.28513696804465],[14.871185744721968,46.28341628326864]],[[14.865582846937762,46.3068078806009],[14.864795565010334,46.30812420912376],[14.863975226673555,46.30666593908389],[14.865582846937762,46.3068078806009]],[[14.859190979463222,46.29136023406499],[14.857657380940287,46.29170040117303],[14.857121342135608,46.29057107829144],[14.858229132929463,46.290303861268114],[14.859190979463222,46.29136023406499]],[[14.859078937147343,46.306199705609984],[14.858501484495962,46.30652489478169],[14.858590235680293,46.30582678008723],[14.859078937147343,46.306199705609984]],[[14.858179640049537,46.304718236476866],[14.858311029168659,46.30509045444463],[14.857264734949068,46.304964797798526],[14.858179640049537,46.304718236476866]],[[14.855685308640775,46.298781892563504],[14.85527714993308,46.29919793332549],[14.85500707548032,46.29852357884704],[14.855685308640775,46.298781892563504]],[[14.855556809094265,46.29093684225194],[14.854025096525692,46.29126316669647],[14.85492370779666,46.290389786616544],[14.855556809094265,46.29093684225194]]]}},{"type":"Feature","properties":{"_zoneType":"SI_BUILT","name":"Pozidano zemljišče","authority":"MKGP","dataSource":"raba-3000"},"geometry":{"type":"Polygon","coordinates":[[[14.877715489562082,46.31364934806711],[14.88,46.313019782994346],[14.88,46.31283497396902],[14.877715489562082,46.31364934806711]]]}},{"type":"Feature","properties":{"_zoneType":"SI_BUILT","name":"Pozidano zemljišče","authority":"MKGP","dataSource":"raba-3000"},"geometry":{"type":"Polygon","coordinates":[[[14.875624908452968,46.315230334686326],[14.877851731945205,46.315739757709515],[14.879867515228137,46.315005899639424],[14.878875772511337,46.31565664482059],[14.88,46.315944443541056],[14.88,46.314515825784156],[14.875624908452968,46.315230334686326]]]}},{"type":"Feature","properties":{"_zoneType":"SI_BUILT","name":"Pozidano zemljišče","authority":"MKGP","dataSource":"raba-3000"},"geometry":{"type":"Polygon","coordinates":[[[14.872711682781377,46.3183276419768],[14.870598940593819,46.32],[14.870938914660108,46.32],[14.872711682781377,46.3183276419768]]]}},{"type":"Feature","properties":{"_zoneType":"SI_BUILT","name":"Pozidano zemljišče","authority":"MKGP","dataSource":"raba-3000"},"geometry":{"type":"Polygon","coordinates":[[[14.849912452677897,46.318778193087354],[14.853194281738205,46.31799252870174],[14.84969391239826,46.318369364727296],[14.848946194535596,46.31734266880068],[14.850540625514794,46.31648374262958],[14.850443135062491,46.31497368443833],[14.849364516026911,46.31508445157574],[14.8494413506852,46.31661048293431],[14.847905937030037,46.31670145641555],[14.846550646638116,46.31533058192362],[14.84,46.31131346464511],[14.84,46.31186345448889],[14.846569710330156,46.31574332945464],[14.847292357929083,46.31709166715198],[14.845946300424561,46.31795761768513],[14.846310105061944,46.31937295523746],[14.84631351751961,46.31796060427022],[14.848070720043333,46.31733567301724],[14.849638610235154,46.31956331361365],[14.849529922879835,46.32],[14.849668190629547,46.32],[14.849912452677897,46.318778193087354]]]}},{"type":"Feature","properties":{"_zoneType":"SI_BUILT","name":"Pozidano zemljišče","authority":"MKGP","dataSource":"raba-3000"},"geometry":{"type":"Polygon","coordinates":[[[14.845300896179964,46.31076681552879],[14.844400228717188,46.308893561301986],[14.843775176545195,46.309139849004744],[14.84429502851878,46.310393232794326],[14.84,46.309775475983635],[14.84,46.310273905907025],[14.845300896179964,46.31076681552879]]]}},{"type":"Feature","properties":{"_zoneType":"SI_BUILT","name":"Pozidano zemljišče","authority":"MKGP","dataSource":"raba-3000"},"geometry":{"type":"Polygon","coordinates":[[[14.84302141340742,46.3456782206053],[14.843255709019221,46.347629835022495],[14.841254659278446,46.35004094130375],[14.842646862912808,46.35218194947746],[14.845245280803384,46.352304850580744],[14.84412595860552,46.35137563605241],[14.842962702108741,46.35189523703762],[14.8417007391665,46.350170550395106],[14.843978055557491,46.34847322279825],[14.848419737073236,46.352497088665864],[14.848059290125546,46.353446972135096],[14.851985184784356,46.354669221359416],[14.851266708448405,46.356948857387],[14.84889532845548,46.356631694520985],[14.850885357517503,46.35745630095198],[14.852659013871373,46.355371425709805],[14.855173989171458,46.357195072828716],[14.858475822593306,46.356453157383086],[14.856850054868364,46.355887874810804],[14.856101132181681,46.35220143777107],[14.857843056881093,46.35062606531439],[14.858579488084864,46.35173058052824],[14.860455226289606,46.35134908791524],[14.861995895069134,46.35231143039238],[14.864816467388406,46.351794091995636],[14.864625107024333,46.35293729405812],[14.861618449983037,46.35456128887922],[14.863378142508099,46.35449003181087],[14.863223105009778,46.357322991153495],[14.863992349815247,46.35386510172003],[14.869353587059289,46.35275657123879],[14.870545691983297,46.351354977299074],[14.870282635469891,46.349795965873476],[14.873395962747013,46.35053561116119],[14.875444539044535,46.350122684659276],[14.875632147034803,46.352877716146914],[14.877226441583739,46.35515147655119],[14.873842888908813,46.353812600467585],[14.87204684818015,46.3549465460663],[14.87483614743639,46.3544198250926],[14.877213566493594,46.35601487840128],[14.879571530332859,46.355601785152224],[14.876843061494693,46.354165736522845],[14.8755526847502,46.34967856717875],[14.873383731891362,46.35029271283909],[14.870540489514934,46.34957072792759],[14.869152629992964,46.349751461596696],[14.868065108638717,46.34882926664801],[14.869238200655214,46.3472825899659],[14.870883165848038,46.347854355913015],[14.8711327841006,46.34555998641724],[14.873048609675564,46.34363401117784],[14.875191482404409,46.344653475290364],[14.874637412920956,46.34378212481106],[14.876087808497653,46.34352835089621],[14.874465596173248,46.33995879269474],[14.874835130840081,46.338555373198616],[14.87151585584888,46.337274915427216],[14.870548323431548,46.33559405238877],[14.866077986103006,46.333563197179664],[14.862321773941034,46.33023956409962],[14.870477604066686,46.32948834657387],[14.866360163242867,46.32899979697485],[14.86537530491337,46.329957127010935],[14.863252792497567,46.328995968027236],[14.870543068914497,46.327078810856634],[14.870037323881679,46.32609288708133],[14.871901557275423,46.32466141053619],[14.875455727125596,46.324820811263876],[14.871118290069736,46.32387076567449],[14.874905210379653,46.32168666265918],[14.87072067340664,46.32353490140363],[14.86989401217213,46.32272054418714],[14.875015391676474,46.32],[14.874035394828736,46.32],[14.870982344361158,46.321734096720384],[14.86979106760715,46.32108283266457],[14.870938914660108,46.32],[14.870598940593819,46.32],[14.869448411640294,46.32091071042065],[14.867424244736714,46.3211139676031],[14.866517911158327,46.32181239775198],[14.867893240380718,46.32180026443121],[14.866650390163377,46.32418551740189],[14.86204282440908,46.32445926522856],[14.867134591789032,46.32493578797657],[14.862161958764382,46.326685689526414],[14.861142581516456,46.32646731867119],[14.859968609837953,46.323712910436576],[14.859557794082548,46.32771712656447],[14.857778026143095,46.326947961939794],[14.859145153391605,46.32918106583305],[14.858647073888319,46.330229220788055],[14.852575603450545,46.33271391501401],[14.851255376326302,46.33075975242285],[14.853933381724158,46.32827755110953],[14.856147119774084,46.32856816717115],[14.856430629062192,46.32781901800218],[14.852517882215418,46.328015540685655],[14.852166426397492,46.32885900458218],[14.85098483803676,46.328457342150564],[14.850112416574252,46.326438876109805],[14.852604158443869,46.32541090368057],[14.854403619387368,46.32737757224184],[14.856856930152752,46.325373480351104],[14.854873310523764,46.32675700792387],[14.852934249717634,46.325240586815205],[14.853563423035672,46.32440541692198],[14.850699657106206,46.325821928675595],[14.84840055331235,46.32576211419697],[14.849842953243122,46.322712678060384],[14.853446237180156,46.323437281933195],[14.853918177161699,46.32202144909059],[14.849233103451438,46.32217632057623],[14.849668190629547,46.32],[14.849529922879835,46.32],[14.848629569793324,46.32361745793367],[14.84677265337709,46.324070382072556],[14.843742427923477,46.32315148211463],[14.84384936524478,46.32152498632038],[14.84228723862259,46.32221282843197],[14.84,46.321288108403486],[14.84,46.32178605159043],[14.841915940777838,46.32235117023823],[14.84357816300162,46.32442418646112],[14.843267237450506,46.325225547075135],[14.845941929659682,46.325579144550034],[14.841627866267515,46.32722155564019],[14.84,46.32719639636133],[14.84,46.32790534639637],[14.840510580713127,46.32827028517221],[14.84402797675993,46.32784040734109],[14.843801561993052,46.32920545788614],[14.844736999119402,46.329769196725344],[14.843436366701996,46.330204935365586],[14.843651061399013,46.331074838375976],[14.842033837581495,46.32999443257372],[14.841832193230523,46.33084524285808],[14.843641172857982,46.33175304888828],[14.848204730724213,46.32962784040769],[14.849794473883257,46.33058268714829],[14.847369418485291,46.33119586522114],[14.847158266534912,46.33267638656081],[14.845433539173984,46.33403594733863],[14.843513730940886,46.3345732822477],[14.84327432037879,46.333419895967936],[14.84,46.33640940152037],[14.84,46.3391173425289],[14.84042518155029,46.339012419930825],[14.844167025972778,46.340760890380125],[14.847140523224995,46.33926691214769],[14.846431443402345,46.3379805139496],[14.84974566480747,46.337374095323845],[14.850995073482755,46.33595062428973],[14.855783416438735,46.33485014895157],[14.85714899265017,46.33589779523628],[14.852231129473752,46.33639939612955],[14.854587905349145,46.33649693674707],[14.855150520357972,46.33766661984304],[14.849914165069677,46.33802742885319],[14.848342864602138,46.33908815364802],[14.849012258229731,46.34022399104179],[14.847773606413535,46.34114511016212],[14.84,46.34150668459163],[14.84,46.34189430325791],[14.843852125353477,46.34196073769226],[14.847933538764622,46.34138657544337],[14.848778174671644,46.340892118369474],[14.850333740431983,46.34190292398443],[14.8515933907046,46.34047769262095],[14.853117340183712,46.340400574007354],[14.853297468818601,46.338592068954426],[14.855007142638623,46.338905498683104],[14.856816811204931,46.34237459171679],[14.856368701015384,46.34835585025655],[14.85509501354579,46.34880665509248],[14.856468063960778,46.356580249526516],[14.854101762021335,46.35586724597113],[14.852499606866344,46.354201357163674],[14.853298899151573,46.353285866581274],[14.853162249690312,46.35164193770277],[14.851378572677435,46.34991394456731],[14.849662341195149,46.349636185365284],[14.85214902464622,46.35108514270966],[14.852830129407947,46.353172694912516],[14.85218663912871,46.35371978957668],[14.849668685309089,46.35329794298431],[14.850901617551695,46.35229657009829],[14.84847264194998,46.35211087920195],[14.843671490558075,46.34778030352415],[14.84319702771814,46.3453808425568],[14.84,46.344612381453686],[14.84,46.34492192137181],[14.84302141340742,46.3456782206053]],[[14.873725472719917,46.34059055641559],[14.873079268559726,46.34124125775951],[14.873267270130071,46.34031975220965],[14.873725472719917,46.34059055641559]],[[14.856481804594894,46.34924558432888],[14.857300535979416,46.34427876751761],[14.861242881175531,46.34397962821162],[14.86144421279153,46.345006680261825],[14.863483904003735,46.34370707766725],[14.861563647451025,46.34323595826778],[14.858378652772144,46.34417927147958],[14.857044964745796,46.34179194501247],[14.857773900583867,46.33847117733761],[14.858733382500345,46.33805367600686],[14.857029228589449,46.33668219386349],[14.858282600259399,46.335495477279075],[14.857839277219455,46.33383241360939],[14.85944735198872,46.333401130393355],[14.859347406963305,46.331950332472665],[14.861490932293703,46.33009315764003],[14.86583553592303,46.33375149502444],[14.870312129683494,46.33582900849246],[14.871157496619256,46.33740365390973],[14.87266289316589,46.33803908385894],[14.871817982572718,46.33906187737561],[14.873283238621218,46.33892030172485],[14.87341388128269,46.33991995299154],[14.870938951314347,46.340872899845905],[14.871471424595777,46.34363654451715],[14.872425151477163,46.34409100416122],[14.870913944449134,46.34532849129586],[14.870052572927747,46.34711164423202],[14.869341147932442,46.34679190857961],[14.869506699666422,46.34440616176728],[14.868991740570634,46.34697298216022],[14.866672283254793,46.34891934223087],[14.869547485746327,46.35104695797359],[14.868734430820982,46.35266390484707],[14.865290531682193,46.35298767625297],[14.865799420196849,46.351801992041004],[14.864388364321078,46.35032062357776],[14.862267564627603,46.35167947015477],[14.857488257775744,46.34991618034748],[14.856267214988254,46.35108219458715],[14.855461785829071,46.35075380793943],[14.856481804594894,46.34924558432888]],[[14.870052750616248,46.323846170771546],[14.869208202633214,46.324138446918575],[14.869678453574892,46.3233269834527],[14.870052750616248,46.323846170771546]],[[14.868614976750308,46.323506545884996],[14.868043438299045,46.324520054554185],[14.867175021093106,46.32424159655697],[14.867755654996929,46.32336884884966],[14.868614976750308,46.323506545884996]],[[14.86280263742072,46.326673573336905],[14.867968506857368,46.32545937041326],[14.866842842984271,46.32606168581502],[14.86659308348196,46.32761001903856],[14.861211623652583,46.32820436176896],[14.86280263742072,46.326673573336905]],[[14.862934489664312,46.32928132417475],[14.862244226126132,46.3297267869401],[14.862600683385317,46.328954377256295],[14.862934489664312,46.32928132417475]],[[14.862828389800125,46.34408443940767],[14.862058385368858,46.34429367598194],[14.86261527746233,46.343737975761705],[14.862828389800125,46.34408443940767]],[[14.861534127965738,46.32704709466282],[14.861081261977157,46.32766890386072],[14.860437632982636,46.326965763264596],[14.861534127965738,46.32704709466282]],[[14.859292513979785,46.330964876639186],[14.856846480633237,46.33323818041548],[14.85520250997712,46.33329247897005],[14.855054353430718,46.332048497667344],[14.857136521862085,46.33095516931795],[14.859292513979785,46.330964876639186]],[[14.846378331909776,46.33379124550799],[14.848257799462688,46.33118244029851],[14.850372253597882,46.331082158046044],[14.851556517292185,46.33308065738958],[14.846669883487365,46.3354622406326],[14.852114616948628,46.33326299792759],[14.85362188049545,46.334717797812374],[14.849152270546007,46.33602615059579],[14.8419632704172,46.33617256097218],[14.841632628762556,46.33539807387498],[14.846378331909776,46.33379124550799]],[[14.85263072357061,46.338295440309736],[14.85298062948059,46.339685765083374],[14.851419640353562,46.340244241222294],[14.850911487337916,46.33847314754142],[14.85263072357061,46.338295440309736]],[[14.850665585784947,46.339085891066546],[14.850275212468881,46.340011623091044],[14.84937109926399,46.33908999661264],[14.850665585784947,46.339085891066546]],[[14.850061005767381,46.33667810542344],[14.849178664467052,46.33731000060072],[14.847807806537213,46.3364017685756],[14.850061005767381,46.33667810542344]],[[14.847784656328802,46.32919970170367],[14.846153391481696,46.32971953200157],[14.845877975169177,46.32827630511568],[14.847784656328802,46.32919970170367]],[[14.84739922000689,46.337408737478974],[14.846219518845167,46.33760340222816],[14.84603687039454,46.336627262898716],[14.84726816921892,46.33646665947026],[14.84739922000689,46.337408737478974]],[[14.846342330514569,46.32713397673952],[14.845592153113873,46.327448020561135],[14.844773158938642,46.32658128480958],[14.846110646499845,46.326792907129516],[14.846342330514569,46.32713397673952]]]}},{"type":"Feature","properties":{"_zoneType":"SI_BUILT","name":"Pozidano zemljišče","authority":"MKGP","dataSource":"raba-3000"},"geometry":{"type":"Polygon","coordinates":[[[14.88,46.32086970317112],[14.88,46.32],[14.878662943539773,46.32],[14.88,46.32086970317112]]]}},{"type":"Feature","properties":{"_zoneType":"SI_BUILT","name":"Pozidano zemljišče","authority":"MKGP","dataSource":"raba-3000"},"geometry":{"type":"Polygon","coordinates":[[[14.840552873230715,46.34011519859841],[14.84,46.34004969193767],[14.84,46.34019629188737],[14.840552873230715,46.34011519859841]]]}},{"type":"Feature","properties":{"_zoneType":"SI_BUILT","name":"Pozidano zemljišče","authority":"MKGP","dataSource":"raba-3000"},"geometry":{"type":"Polygon","coordinates":[[[14.841128614376847,46.369989122292736],[14.84,46.37016046660841],[14.84,46.37035800481914],[14.842990613233114,46.37227115218084],[14.842302176804377,46.37370549008376],[14.844983136584291,46.37626861316412],[14.845985419423474,46.38106301450428],[14.844839890763188,46.38260346657417],[14.845013573532409,46.383833640057574],[14.845842169541648,46.38468809718243],[14.844542775233396,46.38598171792014],[14.840136044998195,46.38704390054266],[14.84,46.387141316373985],[14.84,46.38750799270144],[14.84041585270836,46.38720923643904],[14.84532635756451,46.38596998192232],[14.850310769566581,46.38862768922802],[14.853063247258644,46.388410554825334],[14.85396833164376,46.39008462386585],[14.857006100396095,46.390604154116794],[14.858006188394954,46.39152796080654],[14.863233798079438,46.39420815495572],[14.86764962435207,46.39526134012361],[14.867193206269587,46.39614722140422],[14.869043826845294,46.39615441670057],[14.869957371766352,46.398110849859215],[14.871788950827007,46.39910658375922],[14.867672130400612,46.398420630009745],[14.868603037283412,46.399161664634754],[14.874409089919814,46.39962548584566],[14.874759747558745,46.398878204380985],[14.872694028204299,46.39921815719502],[14.870370969299303,46.39803634968761],[14.869433752672474,46.39595559791346],[14.863869885864158,46.393196055901186],[14.86378522730255,46.392483739179646],[14.865445794300888,46.39275818324772],[14.866023076779898,46.39199700253002],[14.86154540897166,46.389863528527584],[14.862245692377755,46.387458810805335],[14.85911294146196,46.38688924179881],[14.858387911027057,46.38445300664505],[14.857071421273844,46.38430558435846],[14.856100815064543,46.38274330396994],[14.860757762721578,46.38313733984667],[14.861602521101386,46.383640083112134],[14.861527429079874,46.38529914507446],[14.865137541241277,46.38476885659589],[14.868864471365217,46.386653675718975],[14.874623960559072,46.383678635399555],[14.875318108757947,46.38714552204226],[14.876045610033394,46.38473573057374],[14.877182203126493,46.38686309228175],[14.878950890710215,46.38673208108177],[14.879109322227876,46.38931031941182],[14.878011965152439,46.39201189144596],[14.88,46.39287529149914],[14.88,46.39220896027575],[14.879425378806923,46.392519443925735],[14.878692661193877,46.39112282138395],[14.879452552977677,46.389346887286166],[14.879666678713361,46.38651567452518],[14.877477698455381,46.386264195993654],[14.875178954581461,46.382792921361926],[14.86944244122593,46.38529602164421],[14.870535489340263,46.38238294696475],[14.867961892812701,46.38211435506675],[14.873332787176825,46.377329478575724],[14.875936735931337,46.37724191961727],[14.874464041210105,46.37676521827034],[14.871837154645942,46.3774695863737],[14.872194658257818,46.37826471445909],[14.868200196861464,46.38151925349839],[14.863125631085534,46.37971185512142],[14.864825096216284,46.379089581996745],[14.866615304102702,46.376746969529805],[14.865229237324654,46.37664845729803],[14.864588577062122,46.37881325861647],[14.860966838377973,46.37994802019624],[14.861212834115682,46.381878944933504],[14.863258662159517,46.382812360140555],[14.862755422940275,46.38459671917126],[14.860970387172948,46.38287341486738],[14.859106807257191,46.382971421023605],[14.85562825380759,46.379738497861666],[14.853806859193405,46.380121161293886],[14.856352520680307,46.38181733573179],[14.854482725366866,46.38353747015005],[14.854681952742103,46.38448669492968],[14.855449552296793,46.38498632568831],[14.855019754411,46.38409455897758],[14.85632199266734,46.38386476856943],[14.857065350375319,46.384779043426214],[14.858153393438775,46.38477657152612],[14.858875929782824,46.3870665597669],[14.86185097706921,46.38760360846965],[14.86082596652441,46.38955719104294],[14.864428876807668,46.39175554987509],[14.862795346249536,46.39201343331146],[14.86324139890736,46.39354293696221],[14.858256569744881,46.39134939889015],[14.856294727586848,46.388550956570896],[14.854780423913532,46.38911629117249],[14.854254682213671,46.38797356206249],[14.849531920942901,46.3879838775681],[14.845347879278014,46.38370220114457],[14.846352020244494,46.38086228577036],[14.845299328112368,46.376044493720514],[14.843772332635249,46.37279331824186],[14.849752487932463,46.37109819041026],[14.854010722860956,46.37143777563527],[14.858987554499201,46.37350294853744],[14.857451466802061,46.37319215252746],[14.856006392746343,46.37439810447509],[14.854137826444344,46.37301893167286],[14.850820501416017,46.3725450617778],[14.848707953570319,46.374575848420974],[14.849507626464533,46.375105011799],[14.849759344169994,46.37380157215489],[14.851324423842321,46.37294085618353],[14.85390481919165,46.373234325577194],[14.8565473930185,46.37518427505302],[14.857093584177884,46.37360816150463],[14.859390458937549,46.37425369049457],[14.862853458175197,46.37059212196546],[14.859767487853055,46.37332630626118],[14.858723575858598,46.37158729223026],[14.856743279132468,46.372293585910015],[14.854979869654398,46.37090358439583],[14.846835852570553,46.37085593579159],[14.843250254084833,46.371615323499206],[14.84,46.36693887188186],[14.84,46.36731732412258],[14.841128614376847,46.369989122292736]],[[14.869969723553165,46.38245020941012],[14.869942528186252,46.38326146085694],[14.868700560341827,46.3849499636264],[14.866928227765927,46.38541924918316],[14.865239273787124,46.38454171712944],[14.86401886096686,46.38462444128502],[14.86359950760579,46.38351917041082],[14.865596953806397,46.3835133561396],[14.863163452084015,46.381538058554284],[14.862650413704177,46.382341097390274],[14.861467544720027,46.38158217598212],[14.861414664378753,46.38008179795274],[14.862943702931302,46.37999363428664],[14.868121309806195,46.38261626261664],[14.869969723553165,46.38245020941012]],[[14.845154007547158,46.37200044203297],[14.845053736054567,46.37165317660729],[14.84608574838415,46.371801622898445],[14.845154007547158,46.37200044203297]]]}},{"type":"Feature","properties":{"_zoneType":"SI_BUILT","name":"Pozidano zemljišče","authority":"MKGP","dataSource":"raba-3000"},"geometry":{"type":"Polygon","coordinates":[[[14.841842464822086,46.39276654155999],[14.843883413892483,46.3932109026938],[14.841007349139536,46.39435024876331],[14.84301143142418,46.39396608077574],[14.84325932687108,46.39492089449529],[14.84,46.3956863942787],[14.84,46.39667614070686],[14.84171366110287,46.39537812354736],[14.843729408126935,46.39684687513162],[14.844076984974821,46.398235595979344],[14.846036618538575,46.39696554429005],[14.846551740482578,46.3955214293278],[14.843830532905004,46.39450116143511],[14.846127033955359,46.39388622950511],[14.847150967821342,46.39220365562373],[14.845515419473507,46.39300485198639],[14.842112981699609,46.392496246648136],[14.84,46.3926607777483],[14.84,46.393185268211575],[14.841842464822086,46.39276654155999]],[[14.845572017434655,46.39684367410821],[14.844410249517836,46.39708900230581],[14.843345044216209,46.39642903424599],[14.843903176888523,46.395874532674505],[14.845572017434655,46.39684367410821]]]}},{"type":"Feature","properties":{"_zoneType":"SI_BUILT","name":"Pozidano zemljišče","authority":"MKGP","dataSource":"raba-3000"},"geometry":{"type":"Polygon","coordinates":[[[14.84017115300475,46.39839425028682],[14.84,46.398368500710916],[14.84,46.398458357148726],[14.84017115300475,46.39839425028682]]]}},{"type":"Feature","properties":{"_zoneType":"SI_BUILT","name":"Pozidano zemljišče","authority":"MKGP","dataSource":"raba-3000"},"geometry":{"type":"Polygon","coordinates":[[[14.842822402071105,46.36513855141995],[14.84562883697806,46.3664672922752],[14.844970800832566,46.365151293738826],[14.84592144770726,46.3642710308137],[14.840030842991535,46.36515472295787],[14.84,46.36514024771978],[14.84,46.365492366820824],[14.842822402071105,46.36513855141995]]]}},{"type":"Feature","properties":{"_zoneType":"SI_BUILT","name":"Pozidano zemljišče","authority":"MKGP","dataSource":"raba-3000"},"geometry":{"type":"Polygon","coordinates":[[[14.917654175646566,46.22378159346127],[14.913479914438025,46.221489744927965],[14.913092510927168,46.21971832600973],[14.910030536596633,46.21971595738813],[14.915406208490397,46.2228041026089],[14.915757012822946,46.223852862364936],[14.92,46.22414132377982],[14.92,46.2237524745234],[14.917654175646566,46.22378159346127]]]}},{"type":"Feature","properties":{"_zoneType":"SI_BUILT","name":"Pozidano zemljišče","authority":"MKGP","dataSource":"raba-3000"},"geometry":{"type":"Polygon","coordinates":[[[14.910261325146731,46.237634842042006],[14.908105602030144,46.23823164829086],[14.903735508501713,46.2358311092368],[14.908327794274735,46.23607734335321],[14.908677704173472,46.235405943416815],[14.907025695535049,46.23390344663166],[14.90988337909722,46.23175538293709],[14.911585742417698,46.23267158975867],[14.910684479828646,46.231687580452835],[14.909607033211785,46.231423543953774],[14.906609480872225,46.23352552612882],[14.904313404826485,46.23347496432967],[14.906542041141163,46.23433323682353],[14.904554272448127,46.23520896400263],[14.901737133497972,46.23510737470803],[14.899895580473611,46.232765105211705],[14.899637988752183,46.233417354502855],[14.90304904788232,46.236860762814786],[14.903985974330261,46.23648323169976],[14.906699132390422,46.238040787888934],[14.910268212067228,46.238900664274865],[14.91013778211397,46.23979796129048],[14.908209380542607,46.23986000160134],[14.908622276494796,46.24],[14.91070612753563,46.24],[14.910261325146731,46.237634842042006]],[[14.908328862393319,46.23559321652475],[14.907269994398556,46.23596264779291],[14.906196453726555,46.23517820684364],[14.906861488085132,46.234934945363],[14.908328862393319,46.23559321652475]]]}},{"type":"Feature","properties":{"_zoneType":"SI_BUILT","name":"Pozidano zemljišče","authority":"MKGP","dataSource":"raba-3000"},"geometry":{"type":"Polygon","coordinates":[[[14.892087286450964,46.2795153915031],[14.890788984009433,46.27944011597228],[14.891457158000255,46.27796209629352],[14.89072980827357,46.27719505493263],[14.887913977563551,46.27675915434765],[14.890143160560719,46.27881748750738],[14.889270294934082,46.28],[14.891026301910944,46.28],[14.892087286450964,46.2795153915031]]]}},{"type":"Feature","properties":{"_zoneType":"SI_BUILT","name":"Pozidano zemljišče","authority":"MKGP","dataSource":"raba-3000"},"geometry":{"type":"Polygon","coordinates":[[[14.888225101043306,46.2787891453022],[14.887247055906816,46.27989050869936],[14.885626913466004,46.27932364915552],[14.885147609880033,46.27771954759697],[14.88185920422714,46.27728915281423],[14.884592726073583,46.275825398172515],[14.88340997044372,46.27254719610305],[14.88720973261369,46.27169702978706],[14.885843853675606,46.27014066004085],[14.886478476845943,46.2694128616036],[14.885445049684927,46.266534367886145],[14.886993406357096,46.266366675238906],[14.887177447955935,46.26793025561321],[14.889609276712042,46.26821598669095],[14.891190836922254,46.27160010767993],[14.891301076223424,46.270046539202134],[14.889496213469865,46.26711322206895],[14.88526479017508,46.26531700208702],[14.887886176837574,46.26307627169527],[14.8869269100353,46.26255391560828],[14.887246779189923,46.26140882287857],[14.892050737700421,46.26201413463664],[14.897112863624235,46.26098954435531],[14.901974944488112,46.25746102668163],[14.913336250915115,46.25390165888338],[14.912137144086321,46.25287468031948],[14.913315970370235,46.25192422065623],[14.92,46.25111171198307],[14.92,46.2509493761531],[14.916677403661984,46.25095928030752],[14.916303839216505,46.25000815448902],[14.918564845358347,46.24840270933635],[14.92,46.248584252248754],[14.92,46.24829259887132],[14.918814415707942,46.24755413226847],[14.915428678861403,46.2499129686948],[14.914115723824384,46.2493382316665],[14.91472866532048,46.25086008236196],[14.91326649002398,46.25166625594164],[14.908960632042422,46.25157441278486],[14.908795089063277,46.25056775938104],[14.907749480646359,46.25212766503057],[14.90669065085701,46.25035510211217],[14.90706309366268,46.24806398875468],[14.905278722481864,46.245924704364384],[14.90173655416161,46.24442597828585],[14.90156122612958,46.245465034825536],[14.904827651423858,46.2459822693057],[14.906721478967887,46.24814532280668],[14.906349562437123,46.250412257182724],[14.906832236112544,46.25186920527528],[14.909256009585913,46.25262087727727],[14.909798656138932,46.25462425024817],[14.903965733481213,46.256202294588455],[14.900324030683626,46.257991942079855],[14.897282434580651,46.26060431206706],[14.89478986463363,46.26106419783404],[14.89413045449357,46.257719495775675],[14.898194757628428,46.25488062569481],[14.899342496792345,46.252083216588844],[14.898914750017866,46.25133527063765],[14.894887561900788,46.25082599296679],[14.896855838259988,46.24909563869264],[14.89637498683555,46.24557987827782],[14.894583680067653,46.243254026232044],[14.891433418921586,46.242880020865826],[14.894415580160022,46.243487799557634],[14.896022319835849,46.24563943272685],[14.896241784343102,46.24895260351826],[14.892992961958685,46.250488952362815],[14.898704454393576,46.251552319868196],[14.898886648182476,46.25317436387589],[14.896714962643236,46.25590717240633],[14.89263624316039,46.25836051635452],[14.89404329273472,46.26033138740626],[14.89338258912203,46.26140305116611],[14.88763779184828,46.26055365499058],[14.885657974269437,46.26202245995274],[14.883845818552963,46.26078239456427],[14.884592670990466,46.25850767455849],[14.882280664622238,46.254912453178854],[14.881286443609294,46.25658464490465],[14.88,46.25692732336902],[14.88,46.257351682781355],[14.882546978996073,46.256264982920705],[14.884021575215511,46.2584063534977],[14.88352935643908,46.260901951829574],[14.885805615302083,46.26335401849051],[14.884396367651432,46.26397279701932],[14.883393123394892,46.262110308929685],[14.882121657327827,46.26198396650439],[14.881448570906596,46.26691961192713],[14.88,46.26739260681643],[14.88,46.26786876408238],[14.881040955640007,46.267983271499546],[14.88,46.26911772316756],[14.88,46.26912541636279],[14.881464299960326,46.269880935792074],[14.881467884600761,46.26818928727769],[14.882980771778042,46.26663517990528],[14.882039629247611,46.26538170967724],[14.882108738687196,46.26317375437244],[14.882932811322958,46.26295763652642],[14.884879118936727,46.26542591319444],[14.88351145494809,46.265871094037905],[14.885958234926658,46.26934836528349],[14.884147506551141,46.27093275743993],[14.88643031581594,46.27170873564014],[14.882184956993317,46.27248967875165],[14.88,46.271387103811776],[14.88,46.27144014226329],[14.881484148005127,46.27230259025745],[14.883222126483737,46.27524267541055],[14.881675931834911,46.27590965693371],[14.88,46.27541005294676],[14.88,46.275660177257926],[14.88032097499882,46.27575698598717],[14.881406231620465,46.27758535296207],[14.884539626001244,46.278054594519865],[14.885617833293015,46.27973786036969],[14.886166888138726,46.28],[14.888808618492343,46.28],[14.888225101043306,46.2787891453022]],[[14.912356885107789,46.252237750306136],[14.911638747164869,46.252762751372615],[14.911318998013643,46.25193271864904],[14.912356885107789,46.252237750306136]],[[14.910363680720685,46.25208203236903],[14.909918486370541,46.25249791178982],[14.90967650522385,46.25167264726854],[14.910363680720685,46.25208203236903]],[[14.88273696540149,46.27430887807294],[14.883338662451724,46.27410723005009],[14.882951127035337,46.27465763000448],[14.88273696540149,46.27430887807294]]]}},{"type":"Feature","properties":{"_zoneType":"SI_BUILT","name":"Pozidano zemljišče","authority":"MKGP","dataSource":"raba-3000"},"geometry":{"type":"Polygon","coordinates":[[[14.919322472694496,46.24398274917789],[14.918553555652656,46.24254710786829],[14.917678972872858,46.243584826386716],[14.911877293565963,46.24185591420995],[14.910896457781572,46.24101204738795],[14.91070612753563,46.24],[14.908622276494796,46.24],[14.910435388225086,46.240614761993875],[14.910524635625531,46.24164697966148],[14.905422636225778,46.24014599876631],[14.905411396241012,46.24095414100947],[14.90427775397886,46.24111156386372],[14.908260174607133,46.241419638481],[14.909918978575824,46.243411723097964],[14.909204638435488,46.24443906267163],[14.911071022874317,46.246833916781696],[14.911929004259251,46.246393278645954],[14.91022237135022,46.245204448618395],[14.910298376366342,46.24369410827529],[14.911781832851533,46.243631853518],[14.911339830642557,46.244841156745636],[14.912026314112518,46.24488660425325],[14.912284990016472,46.243688496316395],[14.910659890082231,46.24282749601291],[14.912587323838867,46.24209524443989],[14.913790535021548,46.242810637094344],[14.914200438600156,46.24523642369812],[14.91699011692739,46.24532902822216],[14.914123732614847,46.24376920512899],[14.91452366554381,46.24324541673367],[14.916569726133893,46.24370024260822],[14.917360915056104,46.24495282740189],[14.92,46.24457591822264],[14.92,46.24405069256311],[14.919322472694496,46.24398274917789]]]}},{"type":"Feature","properties":{"_zoneType":"SI_BUILT","name":"Pozidano zemljišče","authority":"MKGP","dataSource":"raba-3000"},"geometry":{"type":"Polygon","coordinates":[[[14.919228920750577,46.24524221225477],[14.92,46.24587887676578],[14.92,46.24496302801925],[14.919228920750577,46.24524221225477]]]}},{"type":"Feature","properties":{"_zoneType":"SI_BUILT","name":"Pozidano zemljišče","authority":"MKGP","dataSource":"raba-3000"},"geometry":{"type":"Polygon","coordinates":[[[14.88048171405747,46.25822324559576],[14.88,46.25750905068647],[14.88,46.258989908425725],[14.88048171405747,46.25822324559576]]]}},{"type":"Feature","properties":{"_zoneType":"SI_BUILT","name":"Pozidano zemljišče","authority":"MKGP","dataSource":"raba-3000"},"geometry":{"type":"Polygon","coordinates":[[[14.919272515862364,46.29204875967028],[14.918571664699947,46.291275010501856],[14.92,46.290420062268566],[14.92,46.28996847764946],[14.919537006916997,46.28968845390387],[14.919637751091683,46.28807858617096],[14.917963951230309,46.290950004960465],[14.913843840551072,46.28649453010163],[14.910840217951943,46.2859854973204],[14.905563304433986,46.28158229088432],[14.901528496211323,46.2820422909008],[14.901602294329107,46.283480630006665],[14.900637750911647,46.28407236498491],[14.897381532102186,46.28331740688292],[14.895522648299695,46.28446864231487],[14.893894633044408,46.28368751179657],[14.891906979757334,46.28363459626731],[14.89177375087067,46.282814322703196],[14.893190141709498,46.28237030995519],[14.889339442919008,46.28234481015114],[14.889179832558863,46.2808433815042],[14.891026301910944,46.28],[14.889270294934082,46.28],[14.88899097521009,46.28037840768725],[14.888808618492343,46.28],[14.886166888138726,46.28],[14.887348563095165,46.28056417649101],[14.886073242013932,46.281152722646254],[14.884248552686696,46.28003173011223],[14.883658595499336,46.28220140269285],[14.881865845026471,46.282566283170965],[14.88,46.28189283527201],[14.88,46.284588411761604],[14.88268527577929,46.28270330389799],[14.886308427620367,46.28241620805985],[14.88852448761764,46.285056255509026],[14.886848148617945,46.28634285709382],[14.88655342397212,46.28452649873672],[14.885658664247662,46.284436186098795],[14.884304335151088,46.286203999526315],[14.88596200279515,46.28605691408261],[14.886035455707924,46.287226465732765],[14.884481561996193,46.28710824633175],[14.88509884431141,46.28747787423363],[14.887611114005175,46.287596911938415],[14.886985996545164,46.28880399082456],[14.888177806671093,46.29099586451097],[14.886290764468479,46.292070839851114],[14.887615877499636,46.29246070884403],[14.887626138335824,46.2951899870138],[14.885780395705453,46.29409721608093],[14.886452790160778,46.295538462241204],[14.882835578615211,46.29654524332772],[14.884419207458523,46.297289054243016],[14.882666127640023,46.29810421979126],[14.880570710311899,46.297553308121614],[14.881283441867751,46.29875787458691],[14.880540735931326,46.29942382446615],[14.88280701916056,46.2990767095962],[14.883058518384756,46.298227788536074],[14.886927395404674,46.29829825224806],[14.888020194363211,46.29929417308389],[14.887096410411031,46.30008570593609],[14.88726083580309,46.30236964945292],[14.890005909313182,46.30182230313589],[14.8930913321839,46.30340014850828],[14.892349299073997,46.30498261341109],[14.889178788891002,46.30574839939038],[14.887697439552904,46.30513482736104],[14.889287865675264,46.30791759218707],[14.885101987517682,46.31018420924898],[14.883053972143419,46.30518690138725],[14.881807727248495,46.30681011309266],[14.883401016445879,46.307394984016014],[14.881283758253689,46.3077513393092],[14.88,46.30974133360655],[14.88,46.31028608164316],[14.883049658606973,46.31082662476825],[14.881297183185078,46.31195670266909],[14.880472217539596,46.3113129594015],[14.880446971486561,46.312675639174486],[14.88,46.31283497396902],[14.88,46.313019782994346],[14.881559563181588,46.31258999878693],[14.882109809813807,46.31417126661833],[14.88,46.314515825784156],[14.88,46.315944443541056],[14.880321015683226,46.31602662255181],[14.88006224681133,46.31698851127941],[14.88,46.317011660953966],[14.88,46.31770072767069],[14.883541370948796,46.31622502704087],[14.889576744340475,46.31772469463172],[14.887611867591945,46.31942308824011],[14.887409035369995,46.32],[14.887861922178985,46.32],[14.887970527911344,46.31953727274562],[14.890255463885847,46.31815388381214],[14.890229636559498,46.32],[14.890842089235681,46.32],[14.891473490795091,46.318092383374825],[14.895318544338721,46.319797112337],[14.897241594497537,46.31961709684136],[14.897559351990317,46.31829154440645],[14.900032713395232,46.31842834985102],[14.899280254086692,46.32],[14.89998348298568,46.32],[14.900748770793593,46.318415968663096],[14.90344939628756,46.31827471247547],[14.902793899710401,46.32],[14.903790745485336,46.32],[14.904259978211996,46.317235543350336],[14.907379136866783,46.31705631960177],[14.907893146717152,46.32],[14.90870236746103,46.32],[14.908671657192363,46.319871146324694],[14.909504109281626,46.32],[14.911687378275186,46.32],[14.908417498367713,46.31951828564648],[14.90850578938977,46.31702426809874],[14.913791090882523,46.315829020730696],[14.914867022272242,46.31692208691592],[14.917370735565763,46.31705295264106],[14.918993771032351,46.315964879134164],[14.92,46.31600552785772],[14.92,46.314495178147354],[14.916592068552086,46.31294830691064],[14.916943442401672,46.31207123248802],[14.913429905393274,46.31217312598202],[14.909760112169831,46.310634218969135],[14.904581895575316,46.311974360354796],[14.898404190284058,46.311300338428836],[14.897813931602206,46.310399026588826],[14.897141304761956,46.31159418489115],[14.888344487546169,46.31086952341233],[14.887626713681081,46.30927157669634],[14.89097668652172,46.3082944793662],[14.890034931913275,46.30592410375658],[14.895723032044815,46.30465565067737],[14.899654411861992,46.306344546270324],[14.897487368008733,46.30720803317786],[14.910228395986392,46.30800435565526],[14.911449062578777,46.30937811152061],[14.92,46.309767761322135],[14.92,46.30905843844223],[14.919691746781528,46.30936456068797],[14.916370804188295,46.3081445260866],[14.916625533774535,46.307083552495925],[14.92,46.30832691072029],[14.92,46.307558989230365],[14.916395447761438,46.3068060888899],[14.915326101285526,46.308446656872796],[14.91465525621394,46.30772114456247],[14.91564485082108,46.30472189406026],[14.91749742800386,46.304756517155504],[14.916236456559801,46.30429722691264],[14.916617345361283,46.302990821330006],[14.914989709416085,46.3014750948572],[14.915084643177167,46.29802069098996],[14.916304841479194,46.297833987997386],[14.91645820420978,46.29654100721866],[14.917564244152375,46.2968750474458],[14.918418978823926,46.29582101532251],[14.92,46.296331856907614],[14.92,46.29593427881599],[14.913815410774786,46.294346078694716],[14.911542321595938,46.294153134324084],[14.90966353863533,46.29481926303327],[14.912859873540274,46.297287274883764],[14.91215994081671,46.29867046135055],[14.912984225846456,46.29932691039664],[14.914842849138573,46.29833781755615],[14.914726255551606,46.3027715696487],[14.91625093967043,46.30327322246273],[14.914669199535204,46.30560045022307],[14.913009441663458,46.3042516433695],[14.907329539634636,46.303869171562155],[14.908637778213437,46.30174535429487],[14.911348210421904,46.30042712777956],[14.90579775102101,46.30134995916545],[14.904982039855827,46.29976706150963],[14.905832678541142,46.29881518375903],[14.904952259098616,46.29775344625644],[14.904623123851628,46.29981144871416],[14.903669085184204,46.30018245708623],[14.90521153901394,46.30129158702021],[14.903953580786549,46.302009940440264],[14.905883903666076,46.301642578423056],[14.90657239744182,46.30292960943619],[14.905824322606046,46.30404800311784],[14.902181957862094,46.30431113759256],[14.906435222451886,46.30448692445314],[14.905974328733281,46.30665515617933],[14.904678616313547,46.30565629286925],[14.903799832642784,46.30658191316129],[14.900758875169874,46.305874196783705],[14.899949279692477,46.30226794956607],[14.898069188909728,46.302613457753274],[14.899906537051333,46.30312217724774],[14.900054318216597,46.30557692715253],[14.895834609376719,46.30441382258094],[14.893130852285067,46.305000256436905],[14.894774804246719,46.30072964885393],[14.893613066337085,46.300344650348215],[14.893878238112467,46.3017491842413],[14.891971625438668,46.3025419231375],[14.887802393454157,46.300262637317246],[14.888223184768446,46.298903898053084],[14.885979861548085,46.29717936806109],[14.888036058189279,46.29564288876334],[14.889951330085582,46.29596021377605],[14.888001735499964,46.29513471778768],[14.88811073560389,46.29346088023224],[14.889299487891908,46.29288461743649],[14.898762283878288,46.29283183523984],[14.900848186222532,46.291268821098825],[14.898503488047009,46.292102569527906],[14.896803488861,46.290856457779874],[14.90238833658301,46.29009086647667],[14.9042216029818,46.28920523350312],[14.905819086279697,46.290204534220656],[14.908363419167866,46.28952362461167],[14.908169327007998,46.28828232356648],[14.906141146558646,46.288448314328726],[14.90758305821323,46.286935963688634],[14.910509452723973,46.28768738634828],[14.907719220334004,46.28640813881368],[14.908484235128716,46.28514279003613],[14.91247504253956,46.287558088662685],[14.914047092347184,46.28759178398634],[14.915204003267231,46.28895114036139],[14.913842760189869,46.29002471048516],[14.915539143900697,46.28933407169627],[14.917242023699231,46.29074081970648],[14.916699730444307,46.29225011624907],[14.915325737845606,46.291895154323576],[14.917784635566216,46.294627436794286],[14.919766662139995,46.29335849798109],[14.92,46.29348341308986],[14.92,46.29164117852209],[14.919272515862364,46.29204875967028]],[[14.918461299836446,46.31438548082711],[14.918121597339642,46.3148534854562],[14.91732065697739,46.31403963301423],[14.918461299836446,46.31438548082711]],[[14.916681126225129,46.295868067107584],[14.914656307304126,46.297073215708075],[14.911038600444087,46.295343804088894],[14.911773566939113,46.29440098675508],[14.916681126225129,46.295868067107584]],[[14.91546126255751,46.31275938002613],[14.915482689456674,46.31311335450681],[14.914679843809061,46.31277593530135],[14.91546126255751,46.31275938002613]],[[14.914666512842137,46.30610705615114],[14.91411852734372,46.30725258336386],[14.911647716288249,46.307081625501425],[14.912419272773194,46.30447764497776],[14.914666512842137,46.30610705615114]],[[14.911869122033844,46.30448640023572],[14.910241067484682,46.30758528403843],[14.906894060721557,46.306809489543426],[14.907217255850089,46.30416643763599],[14.911869122033844,46.30448640023572]],[[14.9112110777967,46.3157020867012],[14.909876289378067,46.31590272095648],[14.910965292909959,46.31524769329151],[14.9112110777967,46.3157020867012]],[[14.908204608230584,46.31541051674729],[14.908283590966235,46.3150390189186],[14.908989060779447,46.31554656275253],[14.908204608230584,46.31541051674729]],[[14.907889171434814,46.3147682543337],[14.90663820502655,46.315301950406685],[14.90437829693176,46.31450572173242],[14.90392477592573,46.312666701432626],[14.906773370077557,46.312801916506125],[14.907889171434814,46.3147682543337]],[[14.907002638585706,46.28338291254412],[14.906369943756761,46.28441162794178],[14.90712282133914,46.285183926363025],[14.906210787119695,46.28590019738846],[14.904003178900785,46.283186557450165],[14.90543540670887,46.285803438798276],[14.902832851110283,46.28638136900149],[14.901091809185129,46.28559426421037],[14.900808529321914,46.28438481158907],[14.905306728651334,46.281795344574796],[14.907002638585706,46.28338291254412]],[[14.906238061722876,46.28813835344745],[14.90587456541038,46.28845089422018],[14.905466866926327,46.287643525421124],[14.906238061722876,46.28813835344745]],[[14.905947044178447,46.31666080531496],[14.904495899431751,46.316767490428674],[14.905898370014148,46.31603936485651],[14.905947044178447,46.31666080531496]],[[14.893546487622263,46.28597603827567],[14.891016563164396,46.284366829120046],[14.893478713174815,46.283960069069515],[14.898232929914519,46.28618059834083],[14.899722874591273,46.28539176110058],[14.900283205750297,46.28673145031689],[14.901046427822262,46.28598045507923],[14.902845787724328,46.28662439140295],[14.904949768460687,46.28680896686882],[14.904277816384257,46.2876829302583],[14.902502502712164,46.28744618424394],[14.90405942048759,46.28871451537006],[14.902305381473516,46.28984474711515],[14.898170581279938,46.29062808242886],[14.894614944431563,46.28945352083469],[14.893762089178436,46.289609283399024],[14.895052470028991,46.28979184554374],[14.897555321655828,46.29252944540737],[14.893024670636393,46.291625000828304],[14.891869292069554,46.29224647958297],[14.89129712899862,46.29148866379298],[14.888810166194846,46.29276719705953],[14.888739019337693,46.29087010468785],[14.889471885726548,46.290532103521784],[14.8874542075034,46.28882487733347],[14.888503167177927,46.28802551870494],[14.887930145086102,46.286406801687164],[14.889805702708799,46.28539309699305],[14.893546487622263,46.28597603827567]],[[14.90224421513069,46.313997785459065],[14.899985338811968,46.31463886726542],[14.903493921179615,46.314905052914376],[14.904087263336365,46.31589266479168],[14.902829004046682,46.31676761075731],[14.897445085863444,46.31689814231269],[14.897556690269646,46.313911686320445],[14.902077481364689,46.31319541209637],[14.90224421513069,46.313997785459065]],[[14.89970100238343,46.31781494413431],[14.900044226443773,46.31715060051009],[14.903479097369567,46.31707309539557],[14.9033730171592,46.31800609120405],[14.89970100238343,46.31781494413431]],[[14.900713231890162,46.31183082712374],[14.901920938828331,46.31264889594357],[14.893969911039491,46.31281674219368],[14.894016387907547,46.312133256725716],[14.900713231890162,46.31183082712374]],[[14.89939871078178,46.31740936536616],[14.899095689649444,46.31802227314107],[14.89726335889541,46.31803431648954],[14.89719235107068,46.317202312997374],[14.89939871078178,46.31740936536616]],[[14.896771068301868,46.31676800326271],[14.89544259694474,46.31677281235402],[14.894354983700014,46.31505898048754],[14.897031712097084,46.31485425474199],[14.896771068301868,46.31676800326271]],[[14.896362065197614,46.31434529928828],[14.895610697466003,46.314258636355994],[14.896423872930832,46.3139826123729],[14.896362065197614,46.31434529928828]],[[14.89601582444312,46.31796923893679],[14.893992336943592,46.31852829187821],[14.892381994805328,46.317518333584395],[14.894505706270468,46.317219790583245],[14.89601582444312,46.31796923893679]],[[14.895165950763058,46.314549726698516],[14.894522695038082,46.314735758653576],[14.89500455395787,46.314211842132764],[14.895165950763058,46.314549726698516]],[[14.894897671643935,46.313596513988266],[14.89428316197596,46.31393721593592],[14.89433230355728,46.31321418775777],[14.894897671643935,46.313596513988266]],[[14.893775551873455,46.314548564574984],[14.88844871422845,46.314931478213985],[14.88667622981146,46.31411986627972],[14.893166381219213,46.313159665966744],[14.893775551873455,46.314548564574984]],[[14.893222690464528,46.312577663511334],[14.89205792260085,46.31313065234138],[14.890204625521267,46.31293522645507],[14.892738168371382,46.312297022465046],[14.893222690464528,46.312577663511334]],[[14.891723339049829,46.31685829462176],[14.891859583153702,46.31648327980927],[14.892943398099614,46.31692357344497],[14.891723339049829,46.31685829462176]],[[14.883919511435318,46.313913207216125],[14.885811651906007,46.31358114107939],[14.888066982154928,46.315634290750054],[14.891434504848725,46.31548261732625],[14.89047307927522,46.31703297534851],[14.883618899515112,46.315543587812876],[14.88438371471836,46.31492626756296],[14.883919511435318,46.313913207216125]],[[14.887999609008594,46.31011843111743],[14.887262958246433,46.312786687131684],[14.882882794456464,46.31379147304832],[14.882441875607775,46.31207310712281],[14.886846950619745,46.309797331774],[14.887999609008594,46.31011843111743]],[[14.882940164542422,46.307848058024604],[14.884363118633615,46.308968802049215],[14.884153000028853,46.310548184470434],[14.88101043700722,46.309495674109066],[14.882940164542422,46.307848058024604]]]}},{"type":"Feature","properties":{"_zoneType":"SI_BUILT","name":"Pozidano zemljišče","authority":"MKGP","dataSource":"raba-3000"},"geometry":{"type":"Polygon","coordinates":[[[14.882611490933945,46.319024536952554],[14.881315698130946,46.32],[14.881877429183856,46.32],[14.882611490933945,46.319024536952554]]]}},{"type":"Feature","properties":{"_zoneType":"SI_BUILT","name":"Pozidano zemljišče","authority":"MKGP","dataSource":"raba-3000"},"geometry":{"type":"Polygon","coordinates":[[[14.88,46.3199772235248],[14.88,46.32],[14.88003614617954,46.32],[14.88,46.3199772235248]]]}},{"type":"Feature","properties":{"_zoneType":"SI_BUILT","name":"Pozidano zemljišče","authority":"MKGP","dataSource":"raba-3000"},"geometry":{"type":"Polygon","coordinates":[[[14.88172866360446,46.32199413154294],[14.882361463731971,46.32326081686107],[14.8813884712786,46.32488844645426],[14.884377397735724,46.32517022506145],[14.88623286738684,46.326773654648925],[14.88761606779284,46.327032224241016],[14.886751361075005,46.3281804830475],[14.887881865876333,46.32834442439091],[14.889077965828925,46.32538755507954],[14.891227695808558,46.327308649723804],[14.89087890429256,46.329880310296],[14.88940686917314,46.33091219162424],[14.890825022099348,46.33345134492497],[14.889012343742785,46.334649089874894],[14.890117388004658,46.3355089689091],[14.887527779196052,46.336137373121495],[14.88389877325759,46.33389931268998],[14.883028997169284,46.33476453899685],[14.885924300940744,46.33587820177012],[14.884697744010612,46.33661922982474],[14.885138188257503,46.33751162780655],[14.88062065526859,46.337939711660354],[14.887915114016984,46.34020327908669],[14.885267650124854,46.33852951577299],[14.885306160824646,46.33679060669483],[14.886458873724834,46.336293103594755],[14.888096368032278,46.33742463382669],[14.88920773942824,46.33683786220295],[14.889987722226138,46.3399825643765],[14.891791004425883,46.340227481459515],[14.893006351159425,46.34180576796664],[14.896161101497102,46.343501627766784],[14.899282222526725,46.34302338771901],[14.903173804602917,46.34393681736296],[14.904532752486826,46.34549675447431],[14.904111207657758,46.34596600940955],[14.902623271683163,46.34501902915842],[14.900617702267704,46.34541965325539],[14.901372532728375,46.34603028546442],[14.900339589762774,46.34672848245586],[14.901583398178843,46.34811093185008],[14.90110046327887,46.34862424795953],[14.892674650167109,46.34629305531182],[14.888139553092168,46.347807053886115],[14.894147785790315,46.3500712766817],[14.893185737061982,46.350862424858214],[14.894322646697313,46.353004549021016],[14.890027384177795,46.35414344080635],[14.890236149135548,46.35552871139605],[14.89101663032921,46.35618325821352],[14.896836926118882,46.35734988922758],[14.898898973376896,46.36],[14.89937157902794,46.36],[14.897107675165643,46.35713944632497],[14.891170662988113,46.35591992894944],[14.890364074713876,46.35452470391542],[14.895257179370518,46.353253455900344],[14.894038305417999,46.35133919800041],[14.896173018713917,46.35101511188336],[14.889771791853994,46.347502292130905],[14.892786168257341,46.3465501486994],[14.901988621524076,46.349547444020764],[14.902186776663637,46.345332063791865],[14.90400500098113,46.346619032129794],[14.906554278797282,46.34663372697109],[14.903354629367964,46.343738135296235],[14.899347322570474,46.34277174725254],[14.896304549017708,46.34321113527726],[14.891451936944202,46.339718260033735],[14.890475619169548,46.33970865844066],[14.890118420268934,46.338467543082864],[14.902493090289932,46.33955910986838],[14.905937367934197,46.340364586478785],[14.908800360934029,46.342232540383534],[14.90807552102238,46.34028294577381],[14.901391461377301,46.33887164224408],[14.905003401082288,46.33848065573946],[14.909008661004089,46.33975540949563],[14.910418758116604,46.33842975778507],[14.914558005766136,46.34048656710028],[14.914722904695665,46.33881357683924],[14.909836717866186,46.33769499083831],[14.91313308942863,46.336029078206394],[14.914240522877206,46.33265740736242],[14.917905821514374,46.33078856809801],[14.918560333851238,46.33547799361813],[14.916202235694492,46.340793367557644],[14.918167262929943,46.3401589009322],[14.919033717018037,46.34148677709653],[14.91440100846402,46.3443252228914],[14.918934316007604,46.34505568150978],[14.916487314912896,46.347533153366975],[14.918737074135594,46.346371082195866],[14.91957140163942,46.34475998297995],[14.92,46.344803054749136],[14.92,46.33751266978779],[14.919686505944338,46.33752225850827],[14.92,46.337328494744696],[14.92,46.335456616512275],[14.918609954027534,46.33363730581901],[14.92,46.33396876475741],[14.92,46.33317787859281],[14.918949156734985,46.33305100213558],[14.919096892778459,46.33094091647783],[14.92,46.331338478211606],[14.92,46.33065520480366],[14.919171354227327,46.33039219258445],[14.92,46.32970260991594],[14.92,46.328690909664175],[14.917417313747766,46.33067679130283],[14.916385440685549,46.32944214148504],[14.91307982084053,46.33072373303645],[14.91240277742054,46.32892866479634],[14.917488182876737,46.3283438640267],[14.92,46.32735263382949],[14.92,46.321224604362705],[14.911687378275186,46.32],[14.909504109281626,46.32],[14.917665791130183,46.321263331207206],[14.917267417929247,46.32308489300069],[14.918492909384797,46.32360622527984],[14.916720226812439,46.324778288806876],[14.919651659380168,46.326399933857616],[14.917164760491618,46.328117502468054],[14.91048477455747,46.32745085416473],[14.910107448459012,46.326392045747916],[14.911280310908735,46.3254618620108],[14.908773640672129,46.326218521444105],[14.909444942626859,46.32311568551695],[14.90870236746103,46.32],[14.907893146717152,46.32],[14.907925383495618,46.32018461664267],[14.906036500423399,46.3201494774604],[14.907591392319675,46.320747970064616],[14.907461941948554,46.32207172270061],[14.90872735657744,46.32225753717499],[14.90779732379275,46.32303905669602],[14.908313248407335,46.32657773630334],[14.906828296074519,46.32663233571591],[14.90617235204811,46.3252114244663],[14.903882531903452,46.32429101167507],[14.904134119993486,46.32301552025608],[14.901839688312654,46.323832522151726],[14.905736236939955,46.32522133485813],[14.90652521211805,46.32687086045322],[14.910122898659457,46.32823197697976],[14.909334606589612,46.329058078935475],[14.908102287472383,46.32824118015193],[14.905302420077746,46.32844573299732],[14.90616902168596,46.329217776097714],[14.908275860924745,46.32994776207356],[14.910565890108039,46.32904779936571],[14.914282788882206,46.33216988544333],[14.907893916677638,46.33329834466613],[14.900542794955914,46.33272443026762],[14.897447227543754,46.334640148352086],[14.892307156525415,46.33369387901937],[14.8949392954261,46.33472357336952],[14.897541298144011,46.33486097303346],[14.899377023529608,46.33437043380123],[14.900346687350352,46.33595668705408],[14.902382862896577,46.336124006943734],[14.907435518412143,46.335052028334445],[14.90890592097359,46.33336864757438],[14.913640636803672,46.33333372730829],[14.912460871698304,46.33613130787481],[14.910757769056033,46.33661329465621],[14.910857657070194,46.33545810974722],[14.909384503843558,46.33522458144547],[14.909153526067117,46.33747024978282],[14.907549535125156,46.33816306225639],[14.897097805573424,46.337515028620096],[14.893478719243388,46.33874035496318],[14.89200389611966,46.33815485735123],[14.89327555403471,46.33714333124167],[14.890954728578928,46.337592863193514],[14.89053955137484,46.33423347891205],[14.891229660561475,46.33359505288264],[14.890191707208436,46.33102609275154],[14.891565928542995,46.32917497566934],[14.895076099828557,46.32756542474992],[14.897506370571522,46.325062475024524],[14.896051678414416,46.324641573247966],[14.895302441767987,46.3268367625642],[14.893444884391501,46.32658407184566],[14.892207299915338,46.324651703642786],[14.893881007650215,46.32387479614523],[14.89334611071675,46.32288981149321],[14.894225706515789,46.3221865760126],[14.890543833007477,46.32090110410879],[14.890842089235681,46.32],[14.890229636559498,46.32],[14.890216132666252,46.320965247257334],[14.892694923670335,46.32212215963361],[14.893388959946378,46.3236644328819],[14.891834209371595,46.32460733971556],[14.892828162987737,46.327614940321574],[14.89164960477645,46.32771743545602],[14.889695501331632,46.32518629537108],[14.888633647295638,46.32522363172158],[14.888204725477195,46.32639117589274],[14.886592478367936,46.3266657555131],[14.884485048619533,46.324862857050384],[14.88506506007924,46.32410072264643],[14.882478662960567,46.32452686910532],[14.882677062161072,46.32304355792925],[14.882101787024782,46.32130283301984],[14.887198199032422,46.32282786905079],[14.887861922178985,46.32],[14.887409035369995,46.32],[14.887100147487027,46.320878563822156],[14.885548741466,46.32149668097184],[14.881192189516643,46.32091058548403],[14.881877429183856,46.32],[14.881315698130946,46.32],[14.880732673420932,46.320438896603726],[14.88003614617954,46.32],[14.88,46.32],[14.88,46.32086970317112],[14.88172866360446,46.32199413154294]],[[14.91952927678588,46.34099900714917],[14.9187984229123,46.340832494866774],[14.918845071806814,46.33977700187602],[14.919914344914156,46.339655435788686],[14.91952927678588,46.34099900714917]],[[14.919909273003583,46.34187733441432],[14.919598931248293,46.343038254149505],[14.918419687294486,46.34263278005224],[14.919248284256867,46.34173871957624],[14.919909273003583,46.34187733441432]],[[14.918422107351448,46.32150594868309],[14.91971199812688,46.321958502579854],[14.918816212511611,46.32312339093321],[14.917977318229827,46.322338028996974],[14.918422107351448,46.32150594868309]],[[14.918793827520673,46.3382321977447],[14.919537059326046,46.33820278832546],[14.918830045690534,46.33862734625392],[14.918793827520673,46.3382321977447]],[[14.918403339180816,46.33706475112713],[14.919227722310785,46.336704777030114],[14.918605349688908,46.33741050272462],[14.918403339180816,46.33706475112713]],[[14.916162291038,46.33120649355562],[14.915746904027126,46.33155801051964],[14.914252278781172,46.33148319510801],[14.91518439446603,46.330592780171365],[14.916162291038,46.33120649355562]],[[14.902919536432004,46.334306831667256],[14.903763440269627,46.33343621945821],[14.907852812007095,46.333821169872934],[14.905878561812234,46.335339113828596],[14.901618000024074,46.33587972554127],[14.900625643743595,46.3356817949353],[14.89968920510888,46.33348298824407],[14.90078462274979,46.333108233810094],[14.902919536432004,46.334306831667256]],[[14.899141536778647,46.33829561221598],[14.89803666984494,46.33892672759822],[14.89746841960038,46.33864621028275],[14.898219731350164,46.337912367266114],[14.899141536778647,46.33829561221598]],[[14.894709218202866,46.32722784485277],[14.894434274775195,46.327643515425635],[14.893989486468259,46.327026674085424],[14.894709218202866,46.32722784485277]],[[14.886410940773006,46.32176462649122],[14.88628339569359,46.32141832054238],[14.887095594624991,46.32163249074676],[14.886410940773006,46.32176462649122]]]}},{"type":"Feature","properties":{"_zoneType":"SI_BUILT","name":"Pozidano zemljišče","authority":"MKGP","dataSource":"raba-3000"},"geometry":{"type":"Polygon","coordinates":[[[14.903503013111273,46.35938204015573],[14.909266183461218,46.359026846334984],[14.90332925563728,46.35912620638142],[14.902013829358832,46.36],[14.902483220397528,46.36],[14.903503013111273,46.35938204015573]]]}},{"type":"Feature","properties":{"_zoneType":"SI_BUILT","name":"Pozidano zemljišče","authority":"MKGP","dataSource":"raba-3000"},"geometry":{"type":"Polygon","coordinates":[[[14.919084324721693,46.348022203339625],[14.92,46.3485054425028],[14.92,46.34825503218336],[14.919084324721693,46.348022203339625]]]}},{"type":"Feature","properties":{"_zoneType":"SI_BUILT","name":"Pozidano zemljišče","authority":"MKGP","dataSource":"raba-3000"},"geometry":{"type":"Polygon","coordinates":[[[14.8989845205604,46.32061769405386],[14.899597094808597,46.321384333204136],[14.900650932065243,46.32104543361314],[14.89977796344204,46.32042539472615],[14.89998348298568,46.32],[14.899280254086692,46.32],[14.8989845205604,46.32061769405386]]]}},{"type":"Feature","properties":{"_zoneType":"SI_BUILT","name":"Pozidano zemljišče","authority":"MKGP","dataSource":"raba-3000"},"geometry":{"type":"Polygon","coordinates":[[[14.902060513198755,46.32193029627201],[14.90258533020722,46.32243052362092],[14.903442371157183,46.32205242659626],[14.903790745485336,46.32],[14.902793899710401,46.32],[14.902060513198755,46.32193029627201]]]}},{"type":"Feature","properties":{"_zoneType":"SI_BUILT","name":"Pozidano zemljišče","authority":"MKGP","dataSource":"raba-3000"},"geometry":{"type":"Polygon","coordinates":[[[14.880455948638557,46.393073309194484],[14.88257443392513,46.39047674705638],[14.880016513000838,46.39011591221605],[14.882045426047892,46.39110376027136],[14.88,46.39220896027575],[14.88,46.39287529149914],[14.880455948638557,46.393073309194484]]]}},{"type":"Feature","properties":{"_zoneType":"SI_BUILT","name":"Pozidano zemljišče","authority":"MKGP","dataSource":"raba-3000"},"geometry":{"type":"Polygon","coordinates":[[[14.900047444834273,46.3614759974919],[14.902483220397528,46.36],[14.902013829358832,46.36],[14.900282017970246,46.36115038430106],[14.89937157902794,46.36],[14.898898973376896,46.36],[14.900047444834273,46.3614759974919]]]}},{"type":"Feature","properties":{"_zoneType":"SI_BUILT","name":"Pozidano zemljišče","authority":"MKGP","dataSource":"raba-3000"},"geometry":{"type":"Polygon","coordinates":[[[14.915386284870635,46.37070304923034],[14.910672238024436,46.368505084124656],[14.903984763703583,46.369369671411214],[14.899537475643337,46.36738233256273],[14.899159922130519,46.36522800828054],[14.897923416367268,46.36731924166115],[14.898193397148333,46.36952802588357],[14.895456862821792,46.36839621837383],[14.89558448412229,46.36744494242729],[14.894557947303674,46.36703241824209],[14.89390374440706,46.36863479760198],[14.891385917233205,46.36919043222508],[14.891049975018522,46.36733518912535],[14.892900477593818,46.36640854442708],[14.89091227951583,46.36705377319929],[14.887564820220831,46.36979571728491],[14.889336134125235,46.37210013198134],[14.888924590685603,46.37105177638332],[14.889752294087208,46.37070638191615],[14.888822842186887,46.36942454633457],[14.889790371521702,46.368519237179456],[14.890896332357906,46.36852226251557],[14.890894982023529,46.36972351326733],[14.893393061342715,46.36992545812575],[14.89355499720804,46.3715010233732],[14.893890981748298,46.37013768251822],[14.89655712792233,46.36909478395782],[14.898748657286246,46.371675131159186],[14.90054425738037,46.371826121643956],[14.899042087923513,46.37468030637098],[14.895568679549994,46.375107548423614],[14.897984400089738,46.37520341969305],[14.89969066694194,46.37470270362933],[14.900868563736408,46.37209577004836],[14.901974515689865,46.37244622604067],[14.901278182930291,46.373595433347525],[14.902147007238373,46.37411490401773],[14.905309465721633,46.37134204005072],[14.901543900051921,46.37188055635124],[14.898910414953841,46.36944340279185],[14.898944907045227,46.36756671115845],[14.903836500840407,46.369684030604546],[14.90890437809155,46.36930234160632],[14.915367187236988,46.37099589068769],[14.919907164770615,46.37103883210378],[14.92,46.371119604012236],[14.92,46.37074329266892],[14.915386284870635,46.37070304923034]],[[14.902230415408004,46.37288665061637],[14.902192154943446,46.37255875441149],[14.903158354432009,46.37282331516689],[14.902230415408004,46.37288665061637]]]}},{"type":"Feature","properties":{"_zoneType":"SI_BUILT","name":"Pozidano zemljišče","authority":"MKGP","dataSource":"raba-3000"},"geometry":{"type":"Polygon","coordinates":[[[14.955930684354625,46.23928863873579],[14.951474046329569,46.23892088344392],[14.948245065479965,46.23482726025621],[14.949522101645217,46.22814962777296],[14.953575456320582,46.22744038109769],[14.956375826607744,46.228704581187884],[14.957062699276898,46.23003546586757],[14.958692122972945,46.22880671339608],[14.957275109210906,46.22907101571968],[14.956183178270615,46.22720384209156],[14.949796024359916,46.2275065075013],[14.949629551535367,46.2251617879136],[14.946810467991984,46.22609296844424],[14.942569011607777,46.220859468257295],[14.944654747067155,46.220159606145934],[14.944874946884598,46.22184537056511],[14.947695272065992,46.224128338595285],[14.950828776897486,46.22304211882639],[14.954231446432797,46.223475418706265],[14.96,46.225940875966245],[14.96,46.2255876755037],[14.957935315799453,46.22414199568448],[14.956549635150989,46.22446414992091],[14.954214306994515,46.223219038991765],[14.950767938731452,46.22280864378749],[14.94764586024671,46.22364812446548],[14.945263909396868,46.22176934896025],[14.944884757305516,46.21973807304265],[14.940768720206455,46.219736014665656],[14.941823145543015,46.22005477936218],[14.941388726541849,46.220785499720286],[14.936507285404543,46.21973372744518],[14.942610983280593,46.221905366995166],[14.942615249391435,46.22757157798734],[14.924469973546524,46.223696988322246],[14.92,46.2237524745234],[14.92,46.22414132377982],[14.927404825230816,46.22464474419423],[14.928063017156951,46.22515504477543],[14.926398125460494,46.22575348305675],[14.929524391132164,46.225285512514354],[14.938167542960533,46.22779311190619],[14.942202716463088,46.22774152999095],[14.944018873193302,46.22962262226476],[14.942042414956463,46.2310950617543],[14.944853911205753,46.23173871650194],[14.94425116149669,46.23267495640931],[14.946006209563585,46.23419190496673],[14.946246690432275,46.239128605099914],[14.94750240119713,46.23940292985657],[14.947742900510363,46.24],[14.950294799712081,46.24],[14.948414451513587,46.238479669182325],[14.949001986791604,46.23812353540176],[14.95322679908624,46.24],[14.955736212095312,46.24],[14.955088035713004,46.239423787789974],[14.95616864320845,46.23977975175436],[14.955965699780611,46.24],[14.957291586195295,46.24],[14.955930684354625,46.23928863873579]],[[14.944791365628255,46.227178018875215],[14.947886167999387,46.22741543755242],[14.946850755926667,46.233720377773665],[14.944330687283554,46.229234565531684],[14.945301046441337,46.22867382544174],[14.944791365628255,46.227178018875215]],[[14.947642667236304,46.23769595384679],[14.947625919643913,46.23810421894877],[14.946941787200775,46.23763466490163],[14.947642667236304,46.23769595384679]],[[14.943880064106445,46.22330115021493],[14.945730325103918,46.225510833897694],[14.943817566476683,46.22629031351503],[14.943272459387721,46.2252404575628],[14.943880064106445,46.22330115021493]]]}},{"type":"Feature","properties":{"_zoneType":"SI_BUILT","name":"Pozidano zemljišče","authority":"MKGP","dataSource":"raba-3000"},"geometry":{"type":"Polygon","coordinates":[[[14.955485836908881,46.23129374047884],[14.952178357943845,46.23001159911082],[14.95479561739156,46.232184987110266],[14.96,46.23293204983262],[14.96,46.232248714070685],[14.957776522947782,46.23184430264042],[14.96,46.23168307596235],[14.96,46.23142740152161],[14.955485836908881,46.23129374047884]]]}},{"type":"Feature","properties":{"_zoneType":"SI_BUILT","name":"Pozidano zemljišče","authority":"MKGP","dataSource":"raba-3000"},"geometry":{"type":"Polygon","coordinates":[[[14.955624165965046,46.221299645609065],[14.954985584543586,46.221576534805074],[14.958345982206293,46.22262777983522],[14.96,46.224154620282036],[14.96,46.22317107863378],[14.955624165965046,46.221299645609065]]]}},{"type":"Feature","properties":{"_zoneType":"SI_BUILT","name":"Pozidano zemljišče","authority":"MKGP","dataSource":"raba-3000"},"geometry":{"type":"Polygon","coordinates":[[[14.94097941684744,46.23974775601733],[14.941110671195897,46.24],[14.941398525876748,46.24],[14.94097941684744,46.23974775601733]]]}},{"type":"Feature","properties":{"_zoneType":"SI_BUILT","name":"Pozidano zemljišče","authority":"MKGP","dataSource":"raba-3000"},"geometry":{"type":"Polygon","coordinates":[[[14.937387280214871,46.2389333583999],[14.93615911441269,46.24],[14.938111517210444,46.24],[14.937387280214871,46.2389333583999]]]}},{"type":"Feature","properties":{"_zoneType":"SI_BUILT","name":"Pozidano zemljišče","authority":"MKGP","dataSource":"raba-3000"},"geometry":{"type":"Polygon","coordinates":[[[14.930149076236475,46.23937303843609],[14.929825183365388,46.239960448460465],[14.93266192547217,46.239889180791714],[14.932640256001363,46.24],[14.934700441856062,46.24],[14.930149076236475,46.23937303843609]]]}},{"type":"Feature","properties":{"_zoneType":"SI_BUILT","name":"Pozidano zemljišče","authority":"MKGP","dataSource":"raba-3000"},"geometry":{"type":"Polygon","coordinates":[[[14.921369011587137,46.25094529533775],[14.92,46.2509493761531],[14.92,46.25111171198307],[14.921369011587137,46.25094529533775]]]}},{"type":"Feature","properties":{"_zoneType":"SI_BUILT","name":"Pozidano zemljišče","authority":"MKGP","dataSource":"raba-3000"},"geometry":{"type":"Polygon","coordinates":[[[14.920185482265634,46.24860771521903],[14.924575603296345,46.24687625171899],[14.928261622304426,46.246765072766934],[14.926917680780642,46.246330796350385],[14.927111512611367,46.24564125252473],[14.93317002298931,46.244975166366615],[14.932428335096025,46.24613826086147],[14.933825146154755,46.24659713217246],[14.935111046701802,46.24499641308662],[14.937105978222354,46.246335876229],[14.940052713764686,46.24627566007207],[14.939988533986439,46.24827455823035],[14.940911478133218,46.24637340940319],[14.942486490586912,46.24663657815043],[14.943652869138614,46.246004782470244],[14.944841251737868,46.24906048645139],[14.944315735050818,46.25062642065768],[14.942072846347655,46.25091622278919],[14.938353580964575,46.249660963832675],[14.935324096612575,46.25147478148877],[14.940582337531275,46.25635344279423],[14.93491969985326,46.25610034748461],[14.93290364671074,46.255046159948776],[14.929279581414828,46.255173421948804],[14.931282839852832,46.25388800406534],[14.92971578837016,46.25303959707642],[14.929817098422145,46.254015001917004],[14.92833912986304,46.25500869635563],[14.925994866536277,46.25469196629838],[14.934897362522806,46.258554014824966],[14.931713972880104,46.256576811586825],[14.932262088322696,46.25535782457274],[14.934708612365286,46.25631207889728],[14.942747756366133,46.25697257819482],[14.935834897288217,46.25158894620664],[14.939169433613655,46.250287566443426],[14.939997100456226,46.25213382418673],[14.94747290276671,46.25434368403131],[14.945579234597094,46.25546530459462],[14.94780319506259,46.256595787307305],[14.94599098735245,46.259863661855796],[14.947506701720986,46.25885345973865],[14.948686681569825,46.25957854065703],[14.95402164444496,46.25865377645344],[14.95504600530693,46.25925952491211],[14.951894152007817,46.262563365913124],[14.949148404454862,46.261909420821766],[14.949281822646183,46.26300569526679],[14.950499423070072,46.26290665075551],[14.950391137684054,46.26393111402455],[14.946811531621819,46.263473368567],[14.949554139985521,46.265104369627075],[14.946273375574691,46.26583420124863],[14.943092178812075,46.265183959983624],[14.941327270265152,46.26611661259487],[14.939535212891181,46.2646041237111],[14.939989501872676,46.26364438234671],[14.938371109220904,46.263958538908156],[14.938813743247565,46.26462816005697],[14.937991305777164,46.26494165427541],[14.93563297730358,46.2642009618484],[14.939261455830492,46.26075615916459],[14.938695119853804,46.2602485653352],[14.928270165855317,46.25926374798824],[14.929299474000814,46.26039223767875],[14.925639560160269,46.260422057318394],[14.927603789896628,46.261701105304105],[14.928076572463159,46.26332328710177],[14.926033888963943,46.265961521844496],[14.924696584231668,46.26558667852609],[14.925090760096321,46.26395003690495],[14.923750868388101,46.26468020051238],[14.921183505500949,46.26360438293351],[14.924220394093734,46.265160445364664],[14.9239656759949,46.266318052896814],[14.92615845130736,46.266463960926814],[14.927879588015887,46.265903611340754],[14.9284157466495,46.263377778202155],[14.927294275063288,46.260786143741186],[14.931584710618907,46.260068501886124],[14.936908385643473,46.26060535916965],[14.936093033668218,46.26334768665445],[14.93349155518516,46.26401486235114],[14.935635251346028,46.267108977440664],[14.933217138122112,46.26549943350223],[14.932554265565802,46.26617859279264],[14.93767488705522,46.268287827167605],[14.935347535336176,46.26865597359154],[14.936243281086053,46.269083540252225],[14.93877504293015,46.26817496112976],[14.936112310781674,46.267182072021804],[14.934628976622614,46.26440614241763],[14.937754978390497,46.265186323235405],[14.939587445600887,46.26504186109298],[14.941394346973373,46.26651185717661],[14.944827254179357,46.2656956849608],[14.947863924503222,46.267163630014636],[14.951804271849115,46.266687631348766],[14.953623394353551,46.264510730190516],[14.955411364721224,46.26395138809101],[14.956379976915702,46.26513006961461],[14.953327836344847,46.269053313112714],[14.953821616562944,46.270748766735984],[14.952754596344857,46.273820040510856],[14.950818562260112,46.274622321621294],[14.952459345169906,46.27664579394028],[14.950460109478815,46.278518097849435],[14.951845246424838,46.27751501673867],[14.956829035713701,46.27856742495072],[14.95671282597504,46.28],[14.958503046119533,46.28],[14.957246475194152,46.27826975573391],[14.953479359987048,46.27758940857992],[14.95814453271475,46.27609740449098],[14.959637744849273,46.2775650006286],[14.96,46.27757871964196],[14.96,46.276292622407404],[14.957919832742881,46.27569973435583],[14.955257994649573,46.276922518846554],[14.95352844626352,46.276889054009146],[14.953569503987593,46.27612094155957],[14.952075008413074,46.275655476176624],[14.951768738486916,46.27458494359579],[14.953120314149633,46.27397515491606],[14.954175954461308,46.27090323603455],[14.953648228272217,46.26917302175869],[14.956769817008377,46.26512317648199],[14.955803660982378,46.26345875532425],[14.95336521039242,46.264353687836184],[14.951404943842926,46.2665381412282],[14.94903121170098,46.266836959213585],[14.947998299727356,46.26583693986039],[14.950075103211763,46.265472069430004],[14.949956853786254,46.26435892229718],[14.955252495097316,46.25981512006984],[14.959524269055803,46.261915405851255],[14.96,46.26280967967309],[14.96,46.26187487631733],[14.954377934210346,46.257956311863204],[14.95287841955613,46.25739002400415],[14.951267115385031,46.258960933430295],[14.948704079598032,46.25915850540812],[14.947487262156232,46.257966557650036],[14.950318178632966,46.25472550363292],[14.952500238359,46.25501339882931],[14.952299330379443,46.254313990199336],[14.95510244553718,46.25272069265556],[14.95502592231287,46.254251240215105],[14.956751906903799,46.25468452941959],[14.955979859523092,46.25588313761128],[14.958539430476591,46.257217043883344],[14.959737379113887,46.25724198558605],[14.958856738732122,46.256356881774764],[14.96,46.25579105729349],[14.96,46.25528312247876],[14.95770512554563,46.25568497775099],[14.955887179989638,46.25372030387521],[14.956882275664114,46.25176621970392],[14.96,46.25129246130078],[14.96,46.251016508964],[14.957703047031034,46.25088233595019],[14.954026716208055,46.25295709382418],[14.95297413450415,46.251711009011146],[14.953213229270341,46.25034136163694],[14.957353854564147,46.25010814454019],[14.958211577893218,46.24886693540238],[14.956158917578607,46.24871603853599],[14.954372728964433,46.24726130252351],[14.955327448449603,46.24601283387357],[14.956956880363268,46.24680622696342],[14.95719884170505,46.245983964252986],[14.95902376094251,46.246339222375305],[14.958645092405062,46.24790778163738],[14.96,46.24786164589003],[14.96,46.24554333302054],[14.958336906421726,46.244793614162575],[14.959084174617143,46.24337349809251],[14.957584816977663,46.244439656865595],[14.954502186973373,46.2429741098],[14.95617000043633,46.24145392170441],[14.96,46.242375991033505],[14.96,46.24141572346406],[14.957291586195295,46.24],[14.955965699780611,46.24],[14.95586236467026,46.24011214640952],[14.955736212095312,46.24],[14.95322679908624,46.24],[14.955591790499362,46.24105041889494],[14.953283176448542,46.242416212726404],[14.950294799712081,46.24],[14.947742900510363,46.24],[14.948033974211828,46.24072262749672],[14.94334287544446,46.241170221695],[14.941398525876748,46.24],[14.941110671195897,46.24],[14.941666470229682,46.241068131939976],[14.944237459302391,46.24214737188101],[14.943432526824413,46.2430575995646],[14.938988847504069,46.24129211431332],[14.938111517210444,46.24],[14.93615911441269,46.24],[14.935959423987539,46.24017342781751],[14.934700441856062,46.24],[14.932640256001363,46.24],[14.932411582141839,46.24116945431185],[14.933870828620519,46.24205977662284],[14.928946277875037,46.24168342586067],[14.928919016900329,46.24350784309948],[14.927052722847131,46.24475794946825],[14.92,46.24405069256311],[14.92,46.24457591822264],[14.921765598528896,46.244323758740634],[14.92,46.24496302801925],[14.92,46.24587887676578],[14.920437096821047,46.246239778753534],[14.922405241565425,46.244727784496426],[14.925330095078573,46.246057851401495],[14.920111652990773,46.24836214433118],[14.92,46.24829259887132],[14.92,46.248584252248754],[14.920185482265634,46.24860771521903]],[[14.956354587259838,46.24541462565479],[14.956823750255408,46.24469456081453],[14.957582576361986,46.24480399572687],[14.957221053726304,46.24558717377171],[14.956354587259838,46.24541462565479]],[[14.948240541177208,46.24757679699088],[14.950626404240303,46.246966204805666],[14.953419975968579,46.24876997410653],[14.954832649116321,46.2479006864112],[14.956383166219263,46.2493128520258],[14.952333320152439,46.24977355810361],[14.952808395403277,46.25136686196274],[14.951710176352687,46.25114052025448],[14.951528822873508,46.25220564769944],[14.949013763769281,46.25378833381636],[14.947180831325223,46.250902566431776],[14.950533874388219,46.250730208092335],[14.945910834170952,46.250286780565055],[14.944785652767955,46.24774668020352],[14.946020309882686,46.24680326438725],[14.948240541177208,46.24757679699088]],[[14.954127232731711,46.24333636358243],[14.953239683818765,46.24392565638555],[14.95336603988276,46.24289232949254],[14.954127232731711,46.24333636358243]],[[14.953557762315313,46.253270214985896],[14.952558110846045,46.25395375576398],[14.951085982819887,46.25353208186207],[14.952256005306737,46.252807190018984],[14.953557762315313,46.253270214985896]],[[14.952833000996472,46.24278950325017],[14.951737392107493,46.24303458040182],[14.951789116199121,46.24204101835176],[14.952833000996472,46.24278950325017]],[[14.9504723377633,46.24148601737347],[14.949435784593968,46.24206619325299],[14.949736466783337,46.24078557300238],[14.9504723377633,46.24148601737347]],[[14.945148094817958,46.243522639436776],[14.948343822266361,46.24502499101075],[14.943625032651445,46.244735236647635],[14.945148094817958,46.243522639436776]],[[14.947739097227268,46.2537992864866],[14.944110088115293,46.25329752253931],[14.944012339171579,46.25152408993548],[14.946646612943264,46.25065636660954],[14.947739097227268,46.2537992864866]],[[14.946009183084632,46.246167595278955],[14.94489718043402,46.2467266855902],[14.944309563297265,46.24585171094021],[14.945479444379004,46.24550951672541],[14.946009183084632,46.246167595278955]],[[14.943191405475796,46.2448955829359],[14.942247359025183,46.246207527370245],[14.941883574554286,46.2444041655162],[14.943191405475796,46.2448955829359]],[[14.934979181980784,46.242164901639036],[14.939684474423057,46.24221473987889],[14.940945440916776,46.24261803211281],[14.940787784332107,46.24345888385047],[14.942849970793574,46.24335733936709],[14.940648306851049,46.24497166140205],[14.934899537920227,46.24474840209594],[14.934111110976088,46.24400737346165],[14.929790233386813,46.24498381616887],[14.929391620790366,46.24419965610149],[14.930358425169995,46.243064744508686],[14.934979181980784,46.242164901639036]],[[14.94059218494663,46.25121266725762],[14.941016338083326,46.250789942089945],[14.94156777786677,46.25180575059546],[14.94059218494663,46.25121266725762]],[[14.936994384536497,46.24058364512411],[14.935339140209427,46.24151064224546],[14.934461233074144,46.241252662522626],[14.935315776671652,46.240483563283014],[14.936994384536497,46.24058364512411]]]}},{"type":"Feature","properties":{"_zoneType":"SI_BUILT","name":"Pozidano zemljišče","authority":"MKGP","dataSource":"raba-3000"},"geometry":{"type":"Polygon","coordinates":[[[14.955375162976251,46.31898267046884],[14.957208265194495,46.31701294775141],[14.957165879360181,46.315204340925995],[14.958970020634204,46.31493313821007],[14.959298116403755,46.3170487056102],[14.96,46.31676213280203],[14.96,46.312950463970246],[14.956239638367476,46.312916771483856],[14.9555970764747,46.31096998194684],[14.957731790336053,46.309710316294314],[14.96,46.30987316598776],[14.96,46.309476251853674],[14.959064517391617,46.309231042553],[14.959419393118763,46.308823897324025],[14.96,46.309265936675004],[14.96,46.30796053942983],[14.957516590085321,46.309361892732575],[14.957504586543422,46.30672376815985],[14.96,46.30566943133545],[14.96,46.30496512159385],[14.957232469528359,46.30652268423617],[14.956065189600741,46.30869471553036],[14.95672116802715,46.309438430232404],[14.954579897297757,46.310569919270705],[14.955800937915862,46.312938084567385],[14.95701097409663,46.31378194316151],[14.956962048652095,46.3158994873504],[14.956048738589093,46.31617238540278],[14.95451373580909,46.314412618764045],[14.950067554570662,46.31400457230196],[14.951486302908885,46.31336851516074],[14.949626723785517,46.31040547729863],[14.948527246319525,46.310025566894154],[14.949890754047688,46.30683497487459],[14.951363561462395,46.30652302217941],[14.949493052799479,46.305900432592644],[14.94921178898096,46.30421923397794],[14.950562707234258,46.30329297374531],[14.944119266115202,46.30262007736186],[14.943067865495166,46.301236618199844],[14.942108877276834,46.30222474103503],[14.940745155337519,46.29995372275241],[14.939319891176025,46.30078147374282],[14.93790545872798,46.29821866045365],[14.938699503326005,46.29733087111644],[14.934418373946613,46.29611419367851],[14.93424853501444,46.29425766139545],[14.932434708313757,46.29250855795931],[14.933555723315113,46.29151581557434],[14.941425878967149,46.29186308069984],[14.943321186792753,46.290631316571385],[14.939738463913063,46.291591438989634],[14.933443523345153,46.291280234183176],[14.93064381587446,46.292768378027],[14.930144635517744,46.29126279677265],[14.929688122496144,46.29296976344762],[14.927738026827369,46.29368236205963],[14.921896783539259,46.29119582652699],[14.923602892270127,46.28885325618976],[14.923151362810877,46.28805177315346],[14.92194406462265,46.28830614861541],[14.922749689098369,46.28926666584918],[14.921853882475213,46.290602520070635],[14.92,46.29164117852209],[14.92,46.29348341308986],[14.922258398355007,46.29469242424711],[14.922007911267789,46.29584861011089],[14.924066869734236,46.29601366873713],[14.92255623368059,46.29729096334602],[14.920934643969458,46.29617429502589],[14.92,46.29593427881599],[14.92,46.296331856907614],[14.920977101448216,46.296647566817235],[14.92252231296133,46.297663459183326],[14.922228789920773,46.2982905280217],[14.92726875033585,46.30063800846682],[14.927169495848702,46.301711246863285],[14.925959325620664,46.30193654492559],[14.926512014113479,46.30270532622607],[14.925062575826205,46.30448556175496],[14.924127128696902,46.30842104265487],[14.92,46.307558989230365],[14.92,46.30832691072029],[14.920537276621207,46.30852487604609],[14.92,46.30905843844223],[14.92,46.309767761322135],[14.920109993628671,46.30977277352062],[14.92422067367534,46.31139170369195],[14.923588353485332,46.31369271079095],[14.921468269337819,46.31342966678496],[14.920153586803902,46.31456489170026],[14.92,46.314495178147354],[14.92,46.31600552785772],[14.922545363251425,46.31610835312957],[14.922581359057201,46.318717609062936],[14.92164628968895,46.31902415138201],[14.921857663972292,46.32],[14.922786826176546,46.32],[14.923505272717433,46.3160125956423],[14.926175502689686,46.31527223572075],[14.929297700372508,46.31620076269473],[14.929132380160198,46.319448846348834],[14.928723656629145,46.32],[14.928884651152146,46.32],[14.930724405519129,46.31692052167761],[14.935248961353006,46.316734279117654],[14.934341437418599,46.318826275099724],[14.932825582921183,46.32],[14.933224425541269,46.32],[14.934635369469113,46.31894772373204],[14.936098450215884,46.31662964088954],[14.937526754137968,46.31704542511968],[14.939409347411823,46.32],[14.956385461605947,46.32],[14.955375162976251,46.31898267046884]],[[14.954781238109902,46.317818994795246],[14.954025905932285,46.31799718856894],[14.954620639587041,46.317203984839395],[14.954781238109902,46.317818994795246]],[[14.950164876721987,46.3149683885173],[14.951459973590225,46.31489168688414],[14.951528949058874,46.31601343882709],[14.953022146809069,46.31509511788121],[14.954410368802046,46.31578458834263],[14.952610483593455,46.31688327945772],[14.948379465904159,46.3165840861302],[14.945870751509524,46.31427373224331],[14.948189838071226,46.313241265720784],[14.950164876721987,46.3149683885173]],[[14.953874357504064,46.318470328306724],[14.952954412497688,46.3188902527388],[14.951891261843405,46.31805025751692],[14.95317789819134,46.31731745436979],[14.953874357504064,46.318470328306724]],[[14.94983593792663,46.311289635972024],[14.949489811110151,46.31283067741598],[14.948374967825565,46.31132867887963],[14.94983593792663,46.311289635972024]],[[14.949157477154614,46.30588093502719],[14.946817086325497,46.30581964942563],[14.947638085533942,46.304656699052416],[14.947034240556672,46.304045562963715],[14.94377328735344,46.304771020200846],[14.942082374921712,46.30336200943532],[14.94793347992791,46.303358695753104],[14.949157477154614,46.30588093502719]],[[14.941748170563914,46.30347293219598],[14.944614332771055,46.30540140756004],[14.946083066043222,46.304713400460486],[14.946530649101621,46.30608781825842],[14.94790668395197,46.30639843969547],[14.948523379775457,46.30787194188241],[14.94784040693558,46.31189062013445],[14.946860768564854,46.312206853688565],[14.945741769353878,46.31018089582899],[14.946452406517752,46.30841535487313],[14.9452632054619,46.30908080918721],[14.946206597779124,46.3128986610816],[14.94419773182859,46.31290254939209],[14.942186763423129,46.309619646961366],[14.942637802487692,46.308151952127375],[14.941615739450308,46.308795969301244],[14.940751391881976,46.30745712690297],[14.936285100793866,46.305300441491795],[14.937032011981952,46.3046347832269],[14.938171041830694,46.30556243044499],[14.937097180581837,46.30376419847439],[14.938664458772193,46.302767199880876],[14.941748170563914,46.30347293219598]],[[14.927625983823733,46.30238708863907],[14.929067849179242,46.30274281999698],[14.930516533953938,46.3017939668064],[14.93140695054631,46.30283663692444],[14.933431463531235,46.30283374720084],[14.932929391707379,46.30404019550372],[14.93478593944484,46.30346297057801],[14.935590199518677,46.30513186463693],[14.9373025445154,46.306361353445396],[14.9369938741958,46.30700790996369],[14.939503786208792,46.308173362867656],[14.938926810658662,46.310478671945106],[14.939890006911094,46.311139943897665],[14.939901635601329,46.312885666692964],[14.941501010548343,46.31144711132165],[14.943122815901798,46.312683172949335],[14.94240761098007,46.31404924116489],[14.944088874631298,46.31407207615565],[14.944408529067106,46.31486236012891],[14.942265199649132,46.31495316496618],[14.941363409193894,46.31642027508042],[14.938276452557423,46.31596552235173],[14.934454879768124,46.31377822267778],[14.932673311615577,46.31085669469899],[14.924599071043486,46.30888740689103],[14.925733138636893,46.305012167726765],[14.928275200891612,46.30322656175],[14.927625983823733,46.30238708863907]],[[14.940953152441377,46.30890876366085],[14.942424480931544,46.31070914327252],[14.939947737028934,46.30986080200685],[14.940953152441377,46.30890876366085]],[[14.941471077403762,46.30122716187918],[14.940724700172908,46.301662716108716],[14.941115910196226,46.300922287928984],[14.941471077403762,46.30122716187918]],[[14.938133000910227,46.300536778478396],[14.934477959297004,46.298929395505624],[14.935088601123834,46.298066499138656],[14.937647194612396,46.29845547133767],[14.938133000910227,46.300536778478396]],[[14.931900656709761,46.299227632375086],[14.933954828000568,46.29897083135866],[14.937685425427723,46.30103321367798],[14.93700297996763,46.30177410017031],[14.937866637297013,46.30248347506822],[14.935656399024966,46.30377656575563],[14.929498093807798,46.3001264016961],[14.926550958155682,46.29986552026604],[14.924236312745448,46.297058481631915],[14.926047167868566,46.29620231918639],[14.931900656709761,46.299227632375086]],[[14.931424713584683,46.29375381899613],[14.933160688415382,46.2936489438322],[14.933487872555931,46.295049622523685],[14.932437182927982,46.29629093306695],[14.935087643126735,46.297091893195066],[14.93399653527523,46.29846392432883],[14.931147972925071,46.298450251270296],[14.929572275268319,46.29651777631085],[14.930565633988646,46.296315567691515],[14.931424713584683,46.29375381899613]],[[14.92939388415047,46.31031128867126],[14.931700914092435,46.31137871412231],[14.93288944419546,46.31435856621674],[14.934847180918231,46.315386184458056],[14.933475898053558,46.31544288329637],[14.932919545675375,46.316501089122944],[14.932051199847036,46.31475637706307],[14.929486128897503,46.313479703340455],[14.924346801763559,46.31423759126878],[14.924880912187367,46.31112550574253],[14.928255275849965,46.31169363689207],[14.92939388415047,46.31031128867126]],[[14.929311327959667,46.29459859256481],[14.925614986575761,46.29593315140552],[14.92457064711628,46.295277254899524],[14.925519059025593,46.29454223841077],[14.923141589284647,46.29452804223253],[14.925492268715395,46.29340003888509],[14.929311327959667,46.29459859256481]],[[14.928417683878962,46.31471924067849],[14.92767773227459,46.31533587332633],[14.926491334398015,46.31477288319517],[14.927128422508487,46.314106378739254],[14.928417683878962,46.31471924067849]],[[14.928405911822688,46.30993321430757],[14.927974766576515,46.31066654697654],[14.927051192275764,46.30957674922457],[14.928405911822688,46.30993321430757]],[[14.924630644233686,46.29314551730962],[14.922360585076666,46.294372148460994],[14.92018966510217,46.29300867439643],[14.920977608642955,46.2914108668798],[14.924630644233686,46.29314551730962]],[[14.924219886737923,46.297912146675685],[14.923681887178065,46.29817292667987],[14.922998820844029,46.29772339793343],[14.923666322429844,46.29730655201096],[14.924219886737923,46.297912146675685]],[[14.923839039180047,46.30890984883574],[14.923286714397024,46.30990471483173],[14.922390012190787,46.309737428431504],[14.922548643399606,46.308658304445004],[14.923839039180047,46.30890984883574]],[[14.921719916388327,46.30936688106226],[14.920993009370527,46.30935968141983],[14.921864851127799,46.3087138320785],[14.921719916388327,46.30936688106226]]]}},{"type":"Feature","properties":{"_zoneType":"SI_BUILT","name":"Pozidano zemljišče","authority":"MKGP","dataSource":"raba-3000"},"geometry":{"type":"Polygon","coordinates":[[[14.95721024020026,46.300165095596874],[14.952535013642601,46.299085246802115],[14.952242663742899,46.297336137114456],[14.954901136643736,46.29485711845032],[14.958307725727643,46.29469288900727],[14.958671075176508,46.293426345383914],[14.96,46.29324203073582],[14.96,46.29306186068594],[14.959939949214919,46.29309121045405],[14.95708587368628,46.292952931178554],[14.957983154345802,46.29446145141128],[14.95443686002554,46.29451940389092],[14.953845689907476,46.29349719495824],[14.95190044290898,46.296535435152855],[14.952124983692741,46.299115357183595],[14.956974788371822,46.3003366663155],[14.96,46.30420966267865],[14.96,46.30305636669087],[14.95721024020026,46.300165095596874]]]}},{"type":"Feature","properties":{"_zoneType":"SI_BUILT","name":"Pozidano zemljišče","authority":"MKGP","dataSource":"raba-3000"},"geometry":{"type":"Polygon","coordinates":[[[14.95986517276161,46.28581885055042],[14.957151860681307,46.2836537241104],[14.95710304363173,46.28640448192514],[14.958375642723635,46.28570615309962],[14.958438615651053,46.28694122288608],[14.96,46.28652352083657],[14.96,46.28579954137418],[14.95986517276161,46.28581885055042]]]}},{"type":"Feature","properties":{"_zoneType":"SI_BUILT","name":"Pozidano zemljišče","authority":"MKGP","dataSource":"raba-3000"},"geometry":{"type":"Polygon","coordinates":[[[14.92037526519466,46.29019544252054],[14.92,46.28996847764946],[14.92,46.290420062268566],[14.92037526519466,46.29019544252054]]]}},{"type":"Feature","properties":{"_zoneType":"SI_BUILT","name":"Pozidano zemljišče","authority":"MKGP","dataSource":"raba-3000"},"geometry":{"type":"Polygon","coordinates":[[[14.956702936626394,46.28012191090256],[14.96,46.28126771111608],[14.96,46.28102480801529],[14.958932692094544,46.280591604078765],[14.958503046119533,46.28],[14.95671282597504,46.28],[14.956702936626394,46.28012191090256]]]}},{"type":"Feature","properties":{"_zoneType":"SI_BUILT","name":"Pozidano zemljišče","authority":"MKGP","dataSource":"raba-3000"},"geometry":{"type":"Polygon","coordinates":[[[14.959027348279852,46.31202401993179],[14.96,46.312066275772025],[14.96,46.311162795260145],[14.959027348279852,46.31202401993179]]]}},{"type":"Feature","properties":{"_zoneType":"SI_BUILT","name":"Pozidano zemljišče","authority":"MKGP","dataSource":"raba-3000"},"geometry":{"type":"Polygon","coordinates":[[[14.922929297948206,46.34509743302192],[14.923127095836287,46.34678902894409],[14.92410442159906,46.34828957136694],[14.922189283748363,46.348681135768636],[14.921613438957236,46.34753016627035],[14.920879170315057,46.34847857890647],[14.92,46.34825503218336],[14.92,46.3485054425028],[14.922416741352254,46.34978085540991],[14.922358216163477,46.35304544572789],[14.923784526040517,46.353955190368474],[14.925752634541324,46.35306961105348],[14.929546025435245,46.35391199815002],[14.93125333343901,46.35190038218085],[14.932201374520785,46.35407974075863],[14.930178542819899,46.356243167513846],[14.928745342642637,46.35591216823756],[14.928598419102002,46.357333601059246],[14.931275592688007,46.35703932601454],[14.93176014027241,46.35783826608634],[14.937780820133714,46.35905586537712],[14.943756727392344,46.35854194587568],[14.94459912559534,46.35542191846512],[14.941843002365626,46.35836642827427],[14.938594900643428,46.35856594899316],[14.939262166941864,46.35488005622943],[14.94070055857852,46.35398502077546],[14.93853048477576,46.35440328129971],[14.937904422144575,46.35734261269768],[14.93441029295006,46.35672207630262],[14.934463820059403,46.35594269633451],[14.937469218976306,46.354814467056784],[14.935412944246302,46.35520134199182],[14.93357982500068,46.35347367664106],[14.937743269717936,46.35186539483627],[14.94531316037074,46.352505608405735],[14.945478058676764,46.35476072958684],[14.94717366565897,46.358863632803484],[14.948749325488444,46.35831833564003],[14.949633840625177,46.36],[14.950263371754872,46.36],[14.945844150552125,46.35457266697835],[14.9461280952842,46.35301677184375],[14.947583629672842,46.35241595792106],[14.949195246271595,46.35387985275726],[14.9492859064623,46.355758129279884],[14.950261727790677,46.35597765949723],[14.950947147367623,46.35506586805861],[14.950100890082922,46.354138186702116],[14.951986678420779,46.35329005599395],[14.951271546996422,46.352532176353705],[14.949510831103952,46.352956801937694],[14.949233931499569,46.35129005226988],[14.951354032459077,46.35183267561058],[14.951095364223292,46.349198041620454],[14.958662611137914,46.34429589574938],[14.959689873627893,46.34738857142664],[14.95614785648166,46.352645270915154],[14.957775842759679,46.353755687378104],[14.956163158044172,46.3572756611111],[14.957515711200964,46.35676996873855],[14.958151544594466,46.35379854032595],[14.959938927775797,46.353321034975274],[14.957736237991657,46.351777901016405],[14.96,46.347645981741216],[14.96,46.346690786994344],[14.959742656510128,46.34522226566705],[14.96,46.3452305336864],[14.96,46.34278818232841],[14.959850686461328,46.34308554217735],[14.95855550808502,46.34291506280954],[14.959436076866151,46.342072853556175],[14.96,46.34219569559001],[14.96,46.33324545383468],[14.958975470702551,46.33282973379084],[14.958040767834632,46.330969603152056],[14.95678020190861,46.32661187329362],[14.957424323382474,46.32535691174296],[14.95558964454789,46.32173057712338],[14.95675987453329,46.32156136138893],[14.957276597201108,46.32442684436698],[14.958045037950296,46.3247226164506],[14.96,46.32314951434236],[14.96,46.322773181344125],[14.957873848287313,46.324353326825175],[14.957137508629035,46.320757280691986],[14.956385461605947,46.32],[14.939409347411823,46.32],[14.940030215089482,46.320974400615306],[14.939438613230367,46.322220388186956],[14.932214184769977,46.3207534334764],[14.933224425541269,46.32],[14.932825582921183,46.32],[14.931232146819003,46.32123379627353],[14.92859805109627,46.32047972635647],[14.928884651152146,46.32],[14.928723656629145,46.32],[14.927246029511236,46.32199254390615],[14.926009477663996,46.321996316454126],[14.926631689995347,46.320981964232026],[14.922776429823033,46.320057700139046],[14.922786826176546,46.32],[14.921857663972292,46.32],[14.922192895551104,46.32154765881505],[14.92,46.321224604362705],[14.92,46.32735263382949],[14.92049134498399,46.32715873596134],[14.921348305562692,46.32765416923241],[14.92,46.328690909664175],[14.92,46.32970260991594],[14.921928632331808,46.32809764012812],[14.92316107938686,46.33002606763896],[14.921622462334549,46.33117017444844],[14.92,46.33065520480366],[14.92,46.331338478211606],[14.921236321728566,46.33188272611284],[14.92601137046301,46.330524929092604],[14.924078976701026,46.32812168805154],[14.924196336892178,46.32678957274979],[14.924876898841228,46.32502002536598],[14.926266470503785,46.32464549343864],[14.926771212354621,46.32565000271926],[14.928178178186588,46.32422528080609],[14.925964038688564,46.32392791656157],[14.92746351408364,46.32262313658636],[14.928953361008691,46.323462534389684],[14.928905617542577,46.32208896595945],[14.930721141613244,46.32201512465256],[14.930626962239725,46.324355268401895],[14.931508032018176,46.325177343747114],[14.936807337846052,46.322748225253555],[14.936018155806712,46.321658555891894],[14.937999157392637,46.321986196283255],[14.939751990957879,46.322798803635614],[14.939406101985805,46.32431238566449],[14.944563301072876,46.323700358035055],[14.946404745059263,46.324649476278005],[14.946891914295021,46.32624981727446],[14.948810387625805,46.32645118854648],[14.945826883663894,46.32877722598474],[14.94910176008182,46.32689203247979],[14.95021811398676,46.32528900916692],[14.95499625597349,46.32674085700989],[14.955971745558612,46.33061122413453],[14.953470138610559,46.330020103238745],[14.953610345382776,46.328680569123286],[14.952713656235519,46.33053574104088],[14.955899425941903,46.33109514859706],[14.95663852302083,46.33276664778481],[14.953013235540853,46.335411361931854],[14.951532924981747,46.33549182546539],[14.952367474271357,46.33617455352819],[14.94845439695908,46.33665602948506],[14.947848910100008,46.338716331878686],[14.945613185956526,46.3388918197061],[14.945038092626623,46.340226088262625],[14.948192044375245,46.33891424460269],[14.948596756854986,46.33704036841688],[14.949411550908872,46.3368840576774],[14.950366163966498,46.33720005903935],[14.949730352545489,46.3386164188156],[14.953358684441392,46.338315620432965],[14.956669473661869,46.34117119793201],[14.951019283281676,46.34427878037486],[14.949842941298082,46.34306488610853],[14.951934954248326,46.340814831631775],[14.948805896461133,46.34316702946252],[14.94528762555559,46.34318141860359],[14.947377611930753,46.34361321725376],[14.947432453412663,46.345104051534705],[14.946249675597878,46.345287226917314],[14.94568882703806,46.34723567959439],[14.94322679373544,46.348297899352254],[14.93865753720103,46.34690976925268],[14.939732303939662,46.3435260111996],[14.94269784769474,46.340664166421185],[14.941526028853366,46.34053289493608],[14.940805682615244,46.34193952796548],[14.93800403410196,46.34250169889765],[14.940371595053385,46.34240107153828],[14.93892982119847,46.34464943517854],[14.937462776272747,46.344450419816035],[14.936979779939715,46.34687804680474],[14.93925820083945,46.3489003373658],[14.944521301055392,46.349013770225405],[14.94407202109944,46.3479885555576],[14.946062254982012,46.34739966813453],[14.949157988016035,46.34351853884066],[14.952308240347786,46.345125573913194],[14.952345697496478,46.34413225596819],[14.953995078686338,46.34455366513118],[14.953873953122427,46.34355515007538],[14.955025582692722,46.34300085548439],[14.955540622043838,46.34454776276651],[14.951920787471236,46.346351577552795],[14.950645374571952,46.34820276191512],[14.949556441152376,46.34754439182515],[14.949994593157502,46.34632924605486],[14.949145772708562,46.34655701969333],[14.949247864098673,46.34857828382264],[14.950660775354747,46.34915882759172],[14.950082817895535,46.35076844210383],[14.945588828083075,46.352164384112605],[14.94283931981149,46.351393573529144],[14.936379059146057,46.35178538227035],[14.934195875219135,46.35115768739651],[14.93479127708091,46.349756904650455],[14.936684959019962,46.349208981925216],[14.934850719325095,46.34880768634934],[14.933684768441031,46.351233344797386],[14.934133933607203,46.35197433033937],[14.932868859470963,46.352414015707524],[14.93079542515567,46.350444329981656],[14.930977010323764,46.34936242158511],[14.93022127852457,46.35020547107155],[14.92892932645825,46.349861969090334],[14.92960463607031,46.34734420004226],[14.930686539088615,46.347141111941696],[14.929230037257017,46.345692106369064],[14.928523041966855,46.349749279581886],[14.926463442555695,46.34971680680423],[14.924993781624863,46.34830454989426],[14.926062940347624,46.34742385204086],[14.924445040882752,46.347695177461574],[14.923509426524156,46.346741786059845],[14.925253012402292,46.34639995770497],[14.92569355027535,46.343962606005746],[14.924036780045089,46.34599540778791],[14.922860997695905,46.34464227069749],[14.9208065978023,46.34395041372657],[14.921461648398067,46.34285499525951],[14.923172401187927,46.34259215977642],[14.923496497468866,46.34100567920864],[14.920184309616664,46.34293391941564],[14.92114657421323,46.34066769573087],[14.920278262571683,46.339646129584864],[14.92087934994293,46.33660752143627],[14.92,46.335456616512275],[14.92,46.337328494744696],[14.920375626753621,46.33709632813048],[14.920432197777359,46.337499450322845],[14.92,46.33751266978779],[14.92,46.344803054749136],[14.922929297948206,46.34509743302192]],[[14.955251076650992,46.32421160978878],[14.956602302586408,46.32546696686369],[14.95666072065963,46.328602927701674],[14.957923283859339,46.332433118768165],[14.957080041646327,46.33201352325502],[14.95499614497882,46.32466690813315],[14.955251076650992,46.32421160978878]],[[14.957428980324384,46.34314272916297],[14.958029032481326,46.343412112547725],[14.957121851086232,46.343511308095316],[14.957428980324384,46.34314272916297]],[[14.957744195068134,46.34218677917091],[14.956618499879186,46.34325356126895],[14.955320699646185,46.34264290515633],[14.955885979441172,46.34211571192452],[14.957744195068134,46.34218677917091]],[[14.953466530542368,46.32218811216292],[14.954307069574137,46.321978448624805],[14.954343666358364,46.322847495850816],[14.953466530542368,46.32218811216292]],[[14.954684168254579,46.32149770633165],[14.953529931124589,46.32157599383727],[14.954418140096218,46.32099714732898],[14.954684168254579,46.32149770633165]],[[14.953261968287965,46.34682261894753],[14.952961671690993,46.347763317344686],[14.952179987530537,46.34793012432791],[14.952161315136088,46.347165511232184],[14.953261968287965,46.34682261894753]],[[14.952313859677876,46.32462017562338],[14.950635260601166,46.325068364937785],[14.94881725268597,46.323939557161786],[14.951408548824281,46.32354566381508],[14.952313859677876,46.32462017562338]],[[14.949648559766842,46.32521826028108],[14.948588026311848,46.32596811564751],[14.948056824955973,46.324901199157665],[14.949648559766842,46.32521826028108]],[[14.947479127658013,46.35784484528064],[14.947888469238663,46.35753277269971],[14.948052896210426,46.35825132103234],[14.947479127658013,46.35784484528064]],[[14.948312083261747,46.32286118521864],[14.94800849677298,46.323258945400234],[14.947574381180308,46.32265931439308],[14.948312083261747,46.32286118521864]],[[14.943868954859063,46.32329743434506],[14.941883291735499,46.32325495379688],[14.940234331695505,46.32206408460062],[14.94085332760851,46.3217710037977],[14.943868954859063,46.32329743434506]],[[14.937945192829728,46.34571892041167],[14.93852683738581,46.34594999477071],[14.93831021643042,46.34696009454692],[14.93731675334359,46.34681074637805],[14.937945192829728,46.34571892041167]],[[14.937707156600212,46.357770210259865],[14.936044672095292,46.35838689931845],[14.9343284975672,46.358165174386116],[14.935697292339126,46.35714131911984],[14.937707156600212,46.357770210259865]],[[14.935399920340076,46.32222254571168],[14.931583880897588,46.32488268137129],[14.931111573796356,46.32435121139097],[14.932066028844229,46.32352063522134],[14.931371337780977,46.32296329748195],[14.933111227816623,46.32186252973463],[14.935399920340076,46.32222254571168]],[[14.925179367149145,46.34913444517091],[14.925609183088364,46.34980930342999],[14.923749576263443,46.35040563047441],[14.927620870263901,46.35007103595554],[14.92893018806199,46.351614341917724],[14.926735143972595,46.35138081811774],[14.926886885045638,46.35250787336751],[14.923709774405612,46.35361580552524],[14.922474461089795,46.352414049612904],[14.922916617827356,46.34990941903884],[14.925179367149145,46.34913444517091]],[[14.92835992828316,46.35248257581195],[14.928259144733051,46.352855680520285],[14.927578024959448,46.35238703662467],[14.92835992828316,46.35248257581195]],[[14.92590460197795,46.32193306362612],[14.922786218044143,46.32196310853004],[14.922670872001442,46.32093546911077],[14.925549384331347,46.32112305938245],[14.92590460197795,46.32193306362612]],[[14.924420355164619,46.324441843548044],[14.923145559958222,46.32779933039824],[14.921969288844736,46.32726808502031],[14.92366339085786,46.32443993096313],[14.924420355164619,46.324441843548044]],[[14.921420247937814,46.32661554459017],[14.921523714755589,46.32696339494759],[14.920686866709955,46.326715673120965],[14.921420247937814,46.32661554459017]]]}},{"type":"Feature","properties":{"_zoneType":"SI_BUILT","name":"Pozidano zemljišče","authority":"MKGP","dataSource":"raba-3000"},"geometry":{"type":"Polygon","coordinates":[[[14.920638677078664,46.33412105844457],[14.921104278636731,46.33331120671687],[14.92,46.33317787859281],[14.92,46.33396876475741],[14.920638677078664,46.33412105844457]]]}},{"type":"Feature","properties":{"_zoneType":"SI_BUILT","name":"Pozidano zemljišče","authority":"MKGP","dataSource":"raba-3000"},"geometry":{"type":"Polygon","coordinates":[[[14.949751285416498,46.36022328924812],[14.94708391893984,46.361686779001275],[14.947782765206588,46.362409692020194],[14.950008367654672,46.3608135812516],[14.951512974711685,46.362329265096434],[14.947717314416499,46.36325853553102],[14.94566146318068,46.3655514625171],[14.944887996760864,46.365271640525236],[14.945468108898938,46.36419536427616],[14.944728322060117,46.36266557950825],[14.944589791689625,46.364449506751754],[14.943182445729354,46.36478228550462],[14.943257843930475,46.36582641982136],[14.945602366977225,46.365943237767844],[14.944022209787265,46.36806540934767],[14.945292973561497,46.368408889044524],[14.945620816508503,46.36990597732432],[14.949474207490475,46.370967069734355],[14.948805578991596,46.37369164948566],[14.946955669134779,46.373711510082224],[14.946828210552765,46.37282002536269],[14.948106610117287,46.37285717301229],[14.94620421423335,46.37166820657061],[14.945268612954942,46.372341538927756],[14.946550746510177,46.37404295614465],[14.949014635934793,46.37437758769588],[14.949968262394771,46.37121529003928],[14.953412945661169,46.37225522305276],[14.956147059271682,46.36971433713456],[14.955333861886597,46.37477096426512],[14.952326993742185,46.374798250429166],[14.954615599349452,46.37582896653938],[14.953606446357242,46.37681980798546],[14.950449681808477,46.37698177198837],[14.948842033263192,46.37815429442521],[14.943233016699244,46.37694343483253],[14.942076235830124,46.37606898007762],[14.942585874544626,46.37431240412757],[14.940935047771124,46.372600485974765],[14.93783290281731,46.37201745971606],[14.938285264688231,46.37051131017588],[14.937136472882193,46.370560037619605],[14.935182729744396,46.36878679827207],[14.933705910293932,46.36634088093604],[14.932321017072923,46.36543101210235],[14.9339414913764,46.36472908908734],[14.93178472546204,46.36446294873814],[14.931657174904153,46.36329271028195],[14.934653437889597,46.362269236018584],[14.936374700469473,46.362940102705174],[14.939156527594388,46.3627960815623],[14.939900990399645,46.36187306696169],[14.938263449615993,46.36199916467644],[14.939085706245212,46.360803413322536],[14.936177809184096,46.362600377825956],[14.93407935623057,46.361342605727955],[14.931354518890869,46.36116678084509],[14.932193785758507,46.36226932332165],[14.9304317266959,46.36499022442491],[14.93213814296339,46.3673500651213],[14.930336677948095,46.36864961667282],[14.927263142705593,46.36819697475596],[14.925674174961888,46.364649121417315],[14.924815620944086,46.364445381797296],[14.92535183493118,46.36580958376062],[14.923964887072977,46.3661510899049],[14.926645536102015,46.367381147649596],[14.927301408858181,46.368859921072186],[14.923381108698047,46.36829927593458],[14.925886512826354,46.37074256995373],[14.929462532974865,46.37055769788844],[14.930342074566557,46.371555708491364],[14.929302331867367,46.37209212906902],[14.928145327285408,46.37138519573759],[14.925442208462455,46.37240187459396],[14.92175522739967,46.3721420363858],[14.92078396190606,46.37075013082904],[14.92,46.37074329266892],[14.92,46.371119604012236],[14.921394999613211,46.37233333269909],[14.92317626706267,46.3726658361987],[14.932146394235003,46.37323203622238],[14.932851160066093,46.371949577063134],[14.927594186487775,46.36977918908202],[14.934229861942205,46.36765920500245],[14.93486647141868,46.36895806633008],[14.937380157646654,46.371143134778265],[14.937317003002324,46.372745030404836],[14.940617319732835,46.37273168066369],[14.941424828000557,46.37378339947926],[14.940193728436945,46.37458100011805],[14.940327135011284,46.375514965112615],[14.94161400696347,46.37529096096758],[14.941893596482666,46.37697348527793],[14.944243872210789,46.37733059668888],[14.944650937728591,46.37852523142852],[14.941037988821394,46.37852140530252],[14.935401925564415,46.37533972290087],[14.936758894943997,46.3767148036513],[14.935813994459801,46.378639272907684],[14.934213770601405,46.378410673059534],[14.935561762162868,46.37912555442335],[14.93512941290564,46.38074721438778],[14.934148429143617,46.38103264038882],[14.933349647168553,46.379927323614574],[14.931873704406092,46.38100636615132],[14.9295285882818,46.37894157630902],[14.930920223072336,46.38139650393796],[14.930991488915108,46.38843558875308],[14.935226948696178,46.392241192800284],[14.934850460584512,46.39334774536949],[14.93285444948234,46.3932302131008],[14.930348458919457,46.3899085178261],[14.92559904194463,46.38898101463354],[14.925170254156667,46.389542052916646],[14.927457496065056,46.38938611471772],[14.931203332565472,46.392293761838324],[14.930803300976317,46.39433890638815],[14.929056943541346,46.39478009621734],[14.929205106346663,46.39591137538421],[14.928082021146572,46.39621643349378],[14.929350156784711,46.396256148180704],[14.930701430083628,46.395221542443736],[14.93283494441263,46.39597110335039],[14.93099475496371,46.394762320160524],[14.931458450792531,46.39281448585085],[14.934000505272554,46.396336532317214],[14.934006121357907,46.39502220296375],[14.935708913474572,46.395092226750805],[14.933409141590744,46.39402900730982],[14.935211854128957,46.39345582364764],[14.935620716518475,46.392029730935384],[14.931345331011995,46.38841679096619],[14.931490840608625,46.381697035304505],[14.935156723513023,46.386320370609646],[14.937785456265168,46.3848756407278],[14.941406388399926,46.385888040325284],[14.940010944092993,46.388386389599674],[14.944153759440074,46.38868938500033],[14.942881596839163,46.39047659620899],[14.945337380227322,46.3926842295428],[14.944695555111663,46.39389373999094],[14.950070094509272,46.392339377389206],[14.951447177493934,46.3912007188104],[14.949443484991095,46.38993329125926],[14.95084784880484,46.38730445773185],[14.94887981402687,46.38983242592622],[14.949712890168742,46.39207804762118],[14.946641645451814,46.39262215373773],[14.94437644358859,46.39119117265563],[14.944459990936101,46.388266463981836],[14.945942041927102,46.38710432007258],[14.945918575138354,46.38852691810105],[14.946822469240583,46.38886028390654],[14.946177284187755,46.386565961374735],[14.94713470911102,46.3844514855286],[14.948305264034346,46.384190688244395],[14.946620309586681,46.38323296597095],[14.94652758778404,46.38161219068719],[14.951447564332561,46.384442155621535],[14.952591976856947,46.38643925648053],[14.956733779825187,46.38617712700672],[14.958562611706997,46.3850213872389],[14.958989424970373,46.383721586007375],[14.95622875247542,46.38600363791129],[14.952910208207427,46.38624342516667],[14.95187293640689,46.38425369256634],[14.954105945186248,46.38373898542204],[14.95270508288985,46.383203932467836],[14.950963101214425,46.3840352426033],[14.948726980434348,46.38112644413053],[14.947840958811138,46.38164428434049],[14.94645432696362,46.38046596899706],[14.95050785350973,46.37724524955398],[14.954126943517727,46.37787554624801],[14.95562439245005,46.37692190166224],[14.95593007880286,46.37456485806958],[14.95721571968782,46.37426440982556],[14.957677423363926,46.37260909127242],[14.956097408186272,46.37300312249793],[14.956341269724744,46.37059349559455],[14.96,46.36673479810941],[14.96,46.36529670965333],[14.959769821570726,46.36521131137174],[14.958960822102423,46.367508784395014],[14.954618007005747,46.36992317661219],[14.953449770704362,46.37174961269073],[14.951840947499567,46.37035521393424],[14.946373495809464,46.36935042022775],[14.945355113586036,46.36751145418253],[14.945998593704147,46.36652844528905],[14.947998371843415,46.36715544133262],[14.94610823844774,46.36602592718879],[14.947391410819971,46.36416442416105],[14.951703166349732,46.36316075549448],[14.953280132215255,46.36618497564961],[14.951025885174518,46.36783673683893],[14.953174651152102,46.36807022229252],[14.951392556268175,46.36775447265772],[14.953731332217753,46.36696124553779],[14.951814543255233,46.36190502441944],[14.950263371754872,46.36],[14.949633840625177,46.36],[14.949751285416498,46.36022328924812]],[[14.937318654127843,46.38112008970401],[14.939941760302524,46.378736850436304],[14.941603592076012,46.38094698367503],[14.941522220777335,46.378775760324515],[14.943660496319982,46.379252713894154],[14.94709381911187,46.377838866209565],[14.948535561032479,46.378462184328],[14.946319803186782,46.37944948084029],[14.945492974503562,46.38220411101425],[14.943595046648667,46.381964716524365],[14.943605374961617,46.385210110436624],[14.939837335396346,46.385313373727136],[14.938747942916697,46.384794450365575],[14.938753588272041,46.383555377663164],[14.934654748087729,46.38545687006303],[14.935757125552644,46.37957206650022],[14.937318654127843,46.38112008970401]],[[14.944387637872472,46.3828398872444],[14.94687335296043,46.384985638293465],[14.943965708559796,46.38827202954296],[14.941612804660181,46.38644469408461],[14.943972216749005,46.38604358807171],[14.944387637872472,46.3828398872444]],[[14.940929909985373,46.38745184594742],[14.941085785286411,46.387113360078146],[14.941631156707244,46.38765624975502],[14.940929909985373,46.38745184594742]],[[14.939642267461515,46.37832988627398],[14.938444808669063,46.3798252699657],[14.937054914758809,46.37999381037988],[14.937908119406181,46.3772450856739],[14.939642267461515,46.37832988627398]],[[14.932447045316156,46.38134363635876],[14.934818765848028,46.38186058971772],[14.93353790930402,46.38365388576948],[14.932447045316156,46.38134363635876]],[[14.93330602156487,46.3619251089148],[14.933489425280571,46.361595482504114],[14.934065168582896,46.36209741226896],[14.93330602156487,46.3619251089148]],[[14.926699445821557,46.37011549288422],[14.926595440980952,46.370459492435145],[14.92592018331971,46.370013414561555],[14.926699445821557,46.37011549288422]]]}},{"type":"Feature","properties":{"_zoneType":"SI_BUILT","name":"Pozidano zemljišče","authority":"MKGP","dataSource":"raba-3000"},"geometry":{"type":"Polygon","coordinates":[[[14.959352091486075,46.38881621620612],[14.958007844008796,46.39107969437717],[14.955967089322607,46.392103669872434],[14.95066223475923,46.39337992282803],[14.949401629356856,46.39411994329094],[14.943640904170493,46.39968055986936],[14.949172065513439,46.39601312480323],[14.955029629119522,46.39637075046078],[14.955549367116998,46.39796989742463],[14.957927051291763,46.39817789616539],[14.955605563471574,46.39930775227527],[14.956877674428478,46.399686317087706],[14.958142731708785,46.39868134672126],[14.96,46.39861113893836],[14.96,46.39798583422158],[14.95635897610694,46.39769365025129],[14.955226247621868,46.39646920946456],[14.959106604515192,46.396209926866064],[14.96,46.39675682079259],[14.96,46.39585339585695],[14.957766859683993,46.395522331924134],[14.958701236812121,46.39391716747679],[14.957700609039772,46.39364962593218],[14.957026815950936,46.39586831624524],[14.9528267757851,46.39502463798896],[14.952134949716642,46.39590813808281],[14.94864640059393,46.39552775530002],[14.950660243926023,46.39366101313688],[14.956239665032735,46.392344148025494],[14.958482944661213,46.391278390113044],[14.959567369072174,46.38909429270638],[14.96,46.38890725941668],[14.96,46.38857693835459],[14.959352091486075,46.38881621620612]]]}},{"type":"Feature","properties":{"_zoneType":"SI_BUILT","name":"Pozidano zemljišče","authority":"MKGP","dataSource":"raba-3000"},"geometry":{"type":"Polygon","coordinates":[[[14.959684687731862,46.3939739659496],[14.96,46.39477723114467],[14.96,46.394165825347066],[14.959684687731862,46.3939739659496]]]}},{"type":"Feature","properties":{"_zoneType":"SI_BUILT","name":"Pozidano zemljišče","authority":"MKGP","dataSource":"raba-3000"},"geometry":{"type":"Polygon","coordinates":[[[14.988559624345383,46.23711122215539],[14.992864608382432,46.237671012302044],[14.990325161260575,46.23651135297061],[14.991985880365004,46.23515764474216],[14.991589897067135,46.234588059584],[14.993920351940623,46.234309821295774],[14.996160643564473,46.23255199629087],[14.999999999999998,46.23248537758884],[14.99553607267874,46.232180916529636],[14.993148980432437,46.233630671993204],[14.99185583651108,46.23282285097988],[14.991248061180887,46.234216152179606],[14.989801234788802,46.23366213639518],[14.988110334402283,46.234484109009095],[14.988115825875772,46.235756949744044],[14.985131935062443,46.234553067885386],[14.98506382435573,46.23537148073314],[14.987632613782075,46.23597597438226],[14.985958335878607,46.238121387675385],[14.987658884932015,46.23911910240438],[14.987819860632401,46.24],[14.989152724655636,46.24],[14.988559624345383,46.23711122215539]],[[14.990096764632533,46.235471558125944],[14.988973408221032,46.23663553945124],[14.989388392597524,46.235222898857515],[14.990096764632533,46.235471558125944]],[[14.988060350346059,46.23809267490034],[14.986482046795745,46.2382585903485],[14.987852138172936,46.23762938176539],[14.988060350346059,46.23809267490034]]]}},{"type":"Feature","properties":{"_zoneType":"SI_BUILT","name":"Pozidano zemljišče","authority":"MKGP","dataSource":"raba-3000"},"geometry":{"type":"Polygon","coordinates":[[[14.973968994110868,46.23937180980785],[14.97181935912257,46.23965214170761],[14.971829249969053,46.24],[14.97402222340319,46.24],[14.973968994110868,46.23937180980785]]]}},{"type":"Feature","properties":{"_zoneType":"SI_BUILT","name":"Pozidano zemljišče","authority":"MKGP","dataSource":"raba-3000"},"geometry":{"type":"Polygon","coordinates":[[[14.9681872033265,46.23920175879994],[14.969830421719118,46.23868834050098],[14.971224844568084,46.236595702421255],[14.973554000448047,46.23733528678731],[14.975270501183791,46.23603391720502],[14.978284383721569,46.236623080517944],[14.977954976703575,46.23570371598052],[14.97497630057532,46.235779813942784],[14.973149575569686,46.237047963596446],[14.971690246772019,46.23628164651766],[14.97081084506033,46.236508501497056],[14.969179807545807,46.23841997489547],[14.967185462446311,46.23902484199333],[14.968379091593127,46.24],[14.968916526221902,46.24],[14.9681872033265,46.23920175879994]]]}},{"type":"Feature","properties":{"_zoneType":"SI_BUILT","name":"Pozidano zemljišče","authority":"MKGP","dataSource":"raba-3000"},"geometry":{"type":"Polygon","coordinates":[[[14.963661795685795,46.22750591313768],[14.964931871027455,46.229393608099535],[14.961642007081807,46.22997690410747],[14.960034283632298,46.2314284166347],[14.96,46.23142740152161],[14.96,46.23168307596235],[14.960244546370472,46.231665343645794],[14.961856101189458,46.230184568443754],[14.96418009800502,46.22985437684612],[14.965357147260605,46.2309666518098],[14.969536697647893,46.2321189316338],[14.968607415090519,46.2329236802891],[14.971681430329962,46.23206466952645],[14.974616887570182,46.23246608585854],[14.974989334507532,46.23155588138464],[14.970196013555814,46.23214197253697],[14.965447927584616,46.230571505872796],[14.964884807278027,46.229892675634574],[14.966146898654166,46.22924921105687],[14.965664406656812,46.22747187997492],[14.962772588324732,46.2257545301203],[14.963817700570802,46.2233263592612],[14.961721088860939,46.22288756533118],[14.961887186675849,46.22225465518606],[14.968019604652294,46.22189082113541],[14.973739177569813,46.22686171624322],[14.973193896967384,46.227676092238305],[14.974176732374778,46.228625114360085],[14.975983819223023,46.22910716276699],[14.974755449140517,46.227269509356496],[14.977732167851794,46.22763390090783],[14.97958279724627,46.22847219967324],[14.97853023984494,46.22959156459006],[14.980122116037753,46.22879315302003],[14.983241865896748,46.229085770898834],[14.979858557520139,46.22740858370013],[14.985395775424642,46.22730243094145],[14.986211956395262,46.22819429430644],[14.988564696724222,46.226157614855026],[14.99078707546303,46.22659534200503],[14.990572850107137,46.22583933197488],[14.991677301320594,46.22562731659097],[14.998684924584296,46.227423609390655],[14.998887418911343,46.22961677438667],[14.999999999999998,46.22829377797738],[14.998127400374083,46.22670386612219],[14.998935971595277,46.22568085052851],[14.99802014743175,46.22508055001033],[14.989652643801932,46.225590077209866],[14.988910114514766,46.224466668620984],[14.988406885782485,46.22593049044015],[14.98658759235226,46.22684891444102],[14.976829644122883,46.22738714664327],[14.973571885692996,46.226458542128164],[14.9690001085514,46.22213294195076],[14.976286762528554,46.22444958221741],[14.977932192169483,46.22402524892684],[14.972606495033258,46.221982850359986],[14.971161213411513,46.22260758675695],[14.968351115921331,46.220178358259375],[14.968270465430479,46.22163477663531],[14.960463173851055,46.22159700462164],[14.961021110909225,46.22360778182274],[14.96,46.22317107863378],[14.96,46.224154620282036],[14.960550769879825,46.22466304149286],[14.961836942411894,46.22409667344176],[14.962222988835487,46.22605480682619],[14.960848480592027,46.226181776659004],[14.96,46.2255876755037],[14.96,46.225940875966245],[14.963661795685795,46.22750591313768]],[[14.963125283729276,46.22341127046373],[14.962571225397577,46.223983645434785],[14.961679306719391,46.22351724273586],[14.962384816296929,46.22313892294554],[14.963125283729276,46.22341127046373]]]}},{"type":"Feature","properties":{"_zoneType":"SI_BUILT","name":"Pozidano zemljišče","authority":"MKGP","dataSource":"raba-3000"},"geometry":{"type":"Polygon","coordinates":[[[14.960701594018216,46.23303276009485],[14.961201641796281,46.23246727161191],[14.96,46.232248714070685],[14.96,46.23293204983262],[14.960701594018216,46.23303276009485]]]}},{"type":"Feature","properties":{"_zoneType":"SI_BUILT","name":"Pozidano zemljišče","authority":"MKGP","dataSource":"raba-3000"},"geometry":{"type":"Polygon","coordinates":[[[14.982487054123041,46.279685254044],[14.982580703816325,46.277181116357866],[14.984498382397707,46.276616153861944],[14.985973891818702,46.27898627503178],[14.991683191241764,46.277352745264686],[14.990269279115191,46.27663899710616],[14.992127500121592,46.2759281946627],[14.986988686509081,46.277635880188306],[14.986027165225645,46.27867814124654],[14.984754746723441,46.276141638202006],[14.981622379297104,46.276058556507074],[14.980914455334204,46.27754258536111],[14.98193106722135,46.27767049698947],[14.982150447117746,46.279436569987254],[14.980544755249554,46.27999526970412],[14.980543927597967,46.28],[14.981447772325101,46.28],[14.982487054123041,46.279685254044]]]}},{"type":"Feature","properties":{"_zoneType":"SI_BUILT","name":"Pozidano zemljišče","authority":"MKGP","dataSource":"raba-3000"},"geometry":{"type":"Polygon","coordinates":[[[14.96305351166078,46.277694359591266],[14.961046519877451,46.27543267453571],[14.960034133617171,46.276302351150946],[14.96,46.276292622407404],[14.96,46.27757871964196],[14.96305351166078,46.277694359591266]]]}},{"type":"Feature","properties":{"_zoneType":"SI_BUILT","name":"Pozidano zemljišče","authority":"MKGP","dataSource":"raba-3000"},"geometry":{"type":"Polygon","coordinates":[[[14.961188158071199,46.26504316621045],[14.962732135945208,46.264657672859585],[14.961216420561,46.262722718116045],[14.96,46.26187487631733],[14.96,46.26280967967309],[14.961188158071199,46.26504316621045]]]}},{"type":"Feature","properties":{"_zoneType":"SI_BUILT","name":"Pozidano zemljišče","authority":"MKGP","dataSource":"raba-3000"},"geometry":{"type":"Polygon","coordinates":[[[14.960207349506007,46.25568843558315],[14.962409016350254,46.25668570807692],[14.964294291463222,46.25637125668764],[14.964573635803301,46.258580851653306],[14.962855898942127,46.25888247741718],[14.965436424725679,46.260898922401495],[14.965235307243722,46.26404232782155],[14.966819925317173,46.26491566798778],[14.966414493625395,46.26646714770752],[14.968760050479393,46.266820040241456],[14.967069917592735,46.26550276154642],[14.966631469606456,46.26246781944682],[14.96729514216827,46.26200864052014],[14.966201468600174,46.2619159974467],[14.965382594125526,46.26031892063573],[14.964115361817138,46.25550708144896],[14.966483002617425,46.25570919495694],[14.964810047740906,46.25406050154574],[14.966134616251356,46.2530264470424],[14.964841816509008,46.25184748533945],[14.965196385149644,46.250415360197806],[14.968632928622885,46.251857444322994],[14.968852809385405,46.25256653064421],[14.967013516053587,46.25381106014004],[14.969539929174191,46.252946806376364],[14.969589089152336,46.25144012048403],[14.971540170068122,46.25224651368393],[14.971380239039751,46.25417494250472],[14.968996582275151,46.254170002738746],[14.966997077947084,46.25790452905742],[14.969192520306068,46.25727395083162],[14.972046463662553,46.258638369987835],[14.968632625484101,46.25557623705335],[14.971176055109144,46.25514620055236],[14.97365817011396,46.253387593510794],[14.974898603184636,46.25371819191107],[14.974420122675877,46.255668772658744],[14.971813384072416,46.25660462952092],[14.975706001138663,46.25584710041893],[14.977048791980565,46.25813165601339],[14.97457435631661,46.25768564814878],[14.973552447094987,46.2593756976818],[14.971621461861924,46.25941932780978],[14.973055876500192,46.260588411692744],[14.970527315084208,46.260347781262546],[14.971718916835833,46.261778492233546],[14.974529205368833,46.26118970460535],[14.973701150500005,46.25978846907956],[14.974598722640767,46.25868122374358],[14.977412768467744,46.258497831419895],[14.976784925985115,46.25715245062318],[14.977480984548627,46.25668706311419],[14.979894275979934,46.257588955348396],[14.977645599120518,46.25968144665065],[14.977514113758732,46.26147845401661],[14.977952176403404,46.25974396105132],[14.979260708584595,46.258944255460364],[14.982829139721503,46.26040242908029],[14.983100891376482,46.26173147250468],[14.98443480826657,46.26243480430021],[14.985230307965221,46.261124673939435],[14.983149175090324,46.259692380589506],[14.985754641092738,46.25998716269835],[14.983096791148286,46.25869192203692],[14.983064418658424,46.256804646175226],[14.984499712529454,46.2559372215087],[14.990257295424007,46.25649454416075],[14.990690990410334,46.2575415231213],[14.988222689974117,46.260105391728544],[14.989380487545418,46.26001264338544],[14.989788390035486,46.261153723837516],[14.987771149837352,46.261094939558205],[14.986780508942276,46.26003575955113],[14.987039311520068,46.26158179039935],[14.985557170478,46.26215899641854],[14.987326642155232,46.26292115782489],[14.984632814033297,46.265681985125156],[14.986201320373969,46.26547910144604],[14.985943610129555,46.2666116935454],[14.983480439095704,46.2683579161494],[14.980374441943496,46.272380118443095],[14.977232303697255,46.27356550427213],[14.97593222392894,46.27587490372705],[14.978910185259593,46.27569378388539],[14.98100789846624,46.27417858750671],[14.982553239933475,46.27450666744222],[14.98369962938363,46.273570589986484],[14.980930603549194,46.27387333169214],[14.978589567695767,46.27524224636476],[14.976540456217982,46.27525860438896],[14.980566804798743,46.27263793656448],[14.982102522417748,46.27070382782129],[14.985249507344209,46.27161409528683],[14.98560392706833,46.27076002181555],[14.983478658292553,46.270916583990676],[14.984008170130206,46.268385373516395],[14.986216155513382,46.26677958157823],[14.987402340253112,46.26473667551428],[14.990916940440554,46.264592048340525],[14.99195681127384,46.2616200900917],[14.990935950795507,46.261938942460816],[14.99104059613852,46.26298810624517],[14.98831378839617,46.26299609476219],[14.990626186315195,46.26018113618875],[14.991312138689553,46.25660945776899],[14.993658137047488,46.25672436579626],[14.993434190175392,46.25886667689304],[14.995777107725797,46.25775884878031],[14.99424820357658,46.25784596037338],[14.994465682614669,46.256826526259914],[14.999999999999998,46.25839772023554],[14.999709838255662,46.25670854750644],[14.99382108017102,46.25597626739084],[14.991751307033327,46.25160108835093],[14.991954672672207,46.250532567191264],[14.99296132737998,46.25039956950395],[14.993372307051255,46.25215444045693],[14.995229423355308,46.25381030749138],[14.994478601324035,46.251999224008614],[14.995073378202878,46.25129536292137],[14.996895405218858,46.25034355584274],[14.999999999999998,46.25085500425349],[14.999999999999998,46.25002625255927],[14.99670403200503,46.25012835605688],[14.99479029246728,46.25067329576637],[14.991499386721975,46.24916173533594],[14.999999999999998,46.24834477594092],[14.999999999999998,46.247454220456355],[14.997641704525014,46.24801611678571],[14.997151851659265,46.244295788848326],[14.999999999999998,46.244379442482064],[14.999999999999998,46.24334692475028],[14.991817666093855,46.244113723510985],[14.991751984247355,46.24558294033802],[14.990736019799016,46.24608298968992],[14.988645153066745,46.24515546746771],[14.98881857627901,46.24352842386276],[14.992700783816975,46.24319528019417],[14.994029164027713,46.24163475092682],[14.999999999999998,46.2412548566071],[14.994329959055046,46.24042945631832],[14.992546370388213,46.2423964540019],[14.98897603849677,46.24318626538772],[14.988302865875074,46.24105794771476],[14.9892110547006,46.24028410462557],[14.989152724655636,46.24],[14.987819860632401,46.24],[14.988112235773105,46.24159994681092],[14.985261887173765,46.24236014088885],[14.987912129016287,46.242130610787996],[14.988195629450438,46.242847572264985],[14.985769407514777,46.244694400567575],[14.982265506965994,46.245074847874335],[14.981838427378934,46.24462314453307],[14.983571408838023,46.243727120748474],[14.981021140356228,46.2444827298156],[14.979098462742929,46.242948176800226],[14.979047046922922,46.244578298397144],[14.977178903182542,46.243757772674556],[14.979289825996617,46.245153686075085],[14.979868421012231,46.24763699770139],[14.978678040446587,46.248275266196686],[14.975570841748649,46.24674651992482],[14.975969404465117,46.24408517819301],[14.974281666650807,46.243061842389025],[14.97402222340319,46.24],[14.971829249969053,46.24],[14.97191925722937,46.24316553006133],[14.969532065407876,46.24354743128453],[14.968937368877194,46.242751736997086],[14.969776594758878,46.242149383184504],[14.969899447681048,46.241075803886126],[14.968916526221902,46.24],[14.968379091593127,46.24],[14.96936880464674,46.240808564880574],[14.96946825460614,46.24203868656266],[14.968252213423378,46.242832482791066],[14.965450963757487,46.24234202732323],[14.964537091288856,46.243787320664254],[14.96,46.24141572346406],[14.96,46.242375991033505],[14.960753266469796,46.24255733933313],[14.96446833754615,46.24546720784515],[14.964680849007664,46.24738094159328],[14.96194543061682,46.246445136396176],[14.962197621309802,46.24543058263816],[14.961098687907791,46.24603861906713],[14.96,46.24554333302054],[14.96,46.24786164589003],[14.961540247296192,46.24780919916941],[14.960022605863848,46.25101782945115],[14.96,46.251016508964],[14.96,46.25129246130078],[14.96008905475059,46.25127892885471],[14.961469146989174,46.250264800257646],[14.962321159334817,46.25133476867707],[14.963217769316806,46.25129551600612],[14.963255245123536,46.25004176150989],[14.964648415427977,46.250474886185266],[14.964235736238805,46.25268736122413],[14.961869787225252,46.25303854446275],[14.9604687365282,46.255201042064826],[14.96,46.25528312247876],[14.96,46.25579105729349],[14.960207349506007,46.25568843558315]],[[14.997254058249894,46.24807057347553],[14.992592872353404,46.248400038889024],[14.992006308978779,46.24460091027213],[14.996725906781375,46.24416353303394],[14.997254058249894,46.24807057347553]],[[14.993148646043371,46.255814204657824],[14.991533502486597,46.25563811260495],[14.99134948741877,46.25414408566013],[14.989666123188234,46.252747478280014],[14.989987869594223,46.25190421985672],[14.991834645247245,46.25290075980698],[14.993148646043371,46.255814204657824]],[[14.991957943850482,46.24702405300648],[14.991966827678171,46.24849243165422],[14.989551902589543,46.24828244705098],[14.98957008468863,46.246322383818104],[14.991957943850482,46.24702405300648]],[[14.987643994790426,46.25364911101211],[14.989430919818009,46.2530496111948],[14.990878964564322,46.25520377727427],[14.983732326913769,46.25504621450852],[14.986930454627851,46.25259637847642],[14.987643994790426,46.25364911101211]],[[14.98109007667478,46.2465231011336],[14.981373228352044,46.24557071384863],[14.985609252558296,46.24500389040576],[14.987415911927618,46.24434110172455],[14.989091846370233,46.24661677611012],[14.988446112811227,46.24866540437819],[14.985255612167023,46.24868717615221],[14.984526474300521,46.245927032040306],[14.984266718881566,46.24866079842366],[14.98208112112274,46.248760429000725],[14.981015903260122,46.247316660726426],[14.981959478224981,46.24710329595337],[14.98109007667478,46.2465231011336]],[[14.987707667530488,46.251490122729116],[14.988928922942744,46.25252936277015],[14.98684048613074,46.25206751974222],[14.987707667530488,46.251490122729116]],[[14.988127836744178,46.24989906659884],[14.987524492088117,46.25124928110504],[14.98459002847022,46.252192265339694],[14.98162387710692,46.25087355858945],[14.9814245747525,46.24951578045051],[14.985677563038587,46.2490504092021],[14.988127836744178,46.24989906659884]],[[14.980794364536498,46.25002594917008],[14.982847274093439,46.25283217698442],[14.984186119408884,46.25321605056567],[14.982756349159462,46.25486629859759],[14.980712411269266,46.254789871488214],[14.97947957445469,46.25404796081942],[14.980779141791075,46.25280155537655],[14.976150926141942,46.251075287768224],[14.980794364536498,46.25002594917008]],[[14.974632942304238,46.2548637167888],[14.975814164581744,46.253794673943275],[14.981440201738309,46.25579193313076],[14.980421315200108,46.25709396384923],[14.974876231244744,46.25526059094977],[14.974632942304238,46.2548637167888]],[[14.981169146889549,46.2588581508855],[14.980586329193073,46.259116387137034],[14.980465983011113,46.25792493143747],[14.981169146889549,46.2588581508855]],[[14.977607386635597,46.25366056991023],[14.97590830507566,46.25283540056375],[14.978360581544733,46.25302531759406],[14.977607386635597,46.25366056991023]],[[14.978277034670079,46.24896755186302],[14.976015382515023,46.24946502262555],[14.975573390600843,46.24848309201872],[14.977740451721308,46.24784159362455],[14.978277034670079,46.24896755186302]],[[14.975026646128988,46.24693693130823],[14.97529892118616,46.249301032215634],[14.972564554676637,46.2478817562653],[14.97238073981351,46.246666519971626],[14.975026646128988,46.24693693130823]],[[14.972056192725534,46.2520775564631],[14.973693969520422,46.25282799783656],[14.97287515890849,46.25384677954466],[14.971725460979108,46.25333172251291],[14.972056192725534,46.2520775564631]],[[14.971685321184829,46.2434957930497],[14.971577619346588,46.24512956315786],[14.973683169704124,46.24606315726046],[14.967121380316941,46.24579706290709],[14.968747457084788,46.244029864804574],[14.971685321184829,46.2434957930497]],[[14.970412656732583,46.24826890923321],[14.972843111436836,46.24917059987985],[14.970916604316868,46.24948959345429],[14.967450120785132,46.24673539642215],[14.971405138030772,46.246644817092196],[14.970412656732583,46.24826890923321]],[[14.968955819657774,46.25079839854833],[14.965496651584617,46.24994029348821],[14.969008625282124,46.24999658881491],[14.968955819657774,46.25079839854833]],[[14.968358804456456,46.24869383429423],[14.967451865013015,46.24890813276769],[14.965796223858892,46.248094517478634],[14.967287866231674,46.24760929269305],[14.968358804456456,46.24869383429423]],[[14.967924966120014,46.244232204905074],[14.966100469527804,46.24520854512705],[14.965421981170522,46.24420937255111],[14.967126930419875,46.243281887536675],[14.967924966120014,46.244232204905074]],[[14.965996486138721,46.24739133334725],[14.96632077015202,46.24700157850501],[14.966682063940215,46.247625322288506],[14.965996486138721,46.24739133334725]],[[14.964405134629594,46.2530598567996],[14.965170734695196,46.252916234189016],[14.964571497940288,46.253480552373],[14.964405134629594,46.2530598567996]],[[14.964546282825086,46.254326262725876],[14.964207422170189,46.25467739238692],[14.963975138016062,46.25407687254426],[14.964546282825086,46.254326262725876]],[[14.960899864130775,46.2553701086261],[14.962607868102584,46.25387976467121],[14.96377081556454,46.255618671184294],[14.962538366192357,46.25606628386247],[14.960899864130775,46.2553701086261]]]}},{"type":"Feature","properties":{"_zoneType":"SI_BUILT","name":"Pozidano zemljišče","authority":"MKGP","dataSource":"raba-3000"},"geometry":{"type":"Polygon","coordinates":[[[14.965456968973372,46.31905052705762],[14.966195099925773,46.31921263402464],[14.965510065712776,46.32],[14.966625297906608,46.32],[14.966458632678876,46.319778812238575],[14.96704487882356,46.318922657475845],[14.965317493480178,46.318821246379606],[14.96373143127332,46.32],[14.964151361434299,46.32],[14.965456968973372,46.31905052705762]]]}},{"type":"Feature","properties":{"_zoneType":"SI_BUILT","name":"Pozidano zemljišče","authority":"MKGP","dataSource":"raba-3000"},"geometry":{"type":"Polygon","coordinates":[[[14.960819518431432,46.31642753074053],[14.963093753361836,46.3176597724296],[14.96309482950958,46.31642066114436],[14.965437249629916,46.31628935518299],[14.96422099534506,46.314769984312186],[14.964954680421158,46.31325315153158],[14.96388162997385,46.311520029119585],[14.9695393005927,46.30705664598599],[14.968976131904197,46.30545288572451],[14.970594163084346,46.30513961074511],[14.968402580118394,46.304640451670394],[14.96743936523815,46.30679700268548],[14.96641549349338,46.305790951448046],[14.965854794650955,46.30709091658206],[14.962885445206064,46.30861911959801],[14.964395229523024,46.309449331219035],[14.96351240520151,46.31013451448045],[14.960625259931174,46.309784684671065],[14.961400862923872,46.30876003082574],[14.9605216923755,46.308178170348356],[14.963116703539812,46.3072095226478],[14.961135594485155,46.3073197394262],[14.96,46.30796053942983],[14.96,46.309265936675004],[14.960421287949622,46.309586680120944],[14.96,46.309476251853674],[14.96,46.30987316598776],[14.960102415932242,46.30988051910129],[14.96071305255405,46.31053143005613],[14.96,46.311162795260145],[14.96,46.312066275772025],[14.960654165234718,46.312094695298846],[14.960924229616625,46.31295874498064],[14.96,46.312950463970246],[14.96,46.31676213280203],[14.960819518431432,46.31642753074053]],[[14.96705639500758,46.30726193135374],[14.965635330112859,46.309096765573734],[14.964983329399207,46.30861639593555],[14.965636252796633,46.30750765111553],[14.96705639500758,46.30726193135374]],[[14.960460899603127,46.31378403946135],[14.961995206156208,46.3112920478507],[14.964069524058443,46.310530979859045],[14.962996875504318,46.31286554046145],[14.963449988328648,46.315593528919365],[14.961722408123643,46.316349730739276],[14.960110155808488,46.315557349296505],[14.961739399518413,46.31471608898306],[14.960460899603127,46.31378403946135]],[[14.961686744253111,46.310927151365796],[14.961373468994083,46.311731338320435],[14.960196393248962,46.31178791576647],[14.96092898471839,46.310782954363546],[14.961686744253111,46.310927151365796]]]}},{"type":"Feature","properties":{"_zoneType":"SI_BUILT","name":"Pozidano zemljišče","authority":"MKGP","dataSource":"raba-3000"},"geometry":{"type":"Polygon","coordinates":[[[14.960618431903372,46.30540813775006],[14.96024273386665,46.30330793294121],[14.96,46.30305636669087],[14.96,46.30420966267865],[14.960409898598027,46.304734431182325],[14.96,46.30496512159385],[14.96,46.30566943133545],[14.960618431903372,46.30540813775006]]]}},{"type":"Feature","properties":{"_zoneType":"SI_BUILT","name":"Pozidano zemljišče","authority":"MKGP","dataSource":"raba-3000"},"geometry":{"type":"Polygon","coordinates":[[[14.960511851613647,46.29317103969977],[14.964415751981088,46.29110762177728],[14.965392428433491,46.2929269549215],[14.966516448260586,46.29139563854195],[14.96777442427762,46.29165622012472],[14.966813093058708,46.290636719057545],[14.96742137646368,46.28900115135871],[14.965459393177287,46.290686740467386],[14.965480995622139,46.28656838875541],[14.963664551058669,46.28527472559453],[14.96,46.28579954137418],[14.96,46.28652352083657],[14.96364683417406,46.285547918570686],[14.96509533056913,46.28683542570142],[14.964925826588441,46.288956673344366],[14.963788463232353,46.29121025263097],[14.96,46.29306186068594],[14.96,46.29324203073582],[14.960511851613647,46.29317103969977]]]}},{"type":"Feature","properties":{"_zoneType":"SI_BUILT","name":"Pozidano zemljišče","authority":"MKGP","dataSource":"raba-3000"},"geometry":{"type":"Polygon","coordinates":[[[14.96238608827612,46.28209692795132],[14.960773387218394,46.2828386693028],[14.96328790508319,46.28273573291267],[14.963833760332351,46.283616401080174],[14.966050079394337,46.283037722550674],[14.96637543658428,46.28465735632511],[14.96964338954871,46.28555826325822],[14.971808967111713,46.28508699321654],[14.970110593030466,46.28458062428019],[14.972013108213458,46.282712377476656],[14.978581882906127,46.28200234536336],[14.980282107152432,46.282871534131395],[14.978860929997136,46.28422945648289],[14.980688528160291,46.28790618887792],[14.977966320807614,46.289188757644645],[14.976874972146147,46.28640997620237],[14.976212006708423,46.28781982566068],[14.977369237799715,46.28880388874454],[14.977221732420334,46.2912567857902],[14.980286160796277,46.289170753040686],[14.98082811655768,46.293662987130254],[14.979289708622979,46.29375198998467],[14.977602413303625,46.29199754798051],[14.977091716488475,46.293843849216955],[14.978388173271806,46.29552203279986],[14.97893370072353,46.294404932336285],[14.98089101625903,46.29445449988184],[14.979556634069246,46.29709694074606],[14.98103124887111,46.29957166396705],[14.981786833992338,46.29897127280831],[14.981237350065769,46.298162991217495],[14.982065719872972,46.297994909913946],[14.984859668190381,46.29852368326915],[14.9871963135576,46.30051188848538],[14.985053490683297,46.300395987595955],[14.985807466883555,46.30109033720233],[14.984179572287141,46.30386014131214],[14.982745222458384,46.30416955327889],[14.983219916021334,46.30549257783917],[14.984163877576178,46.30556583892112],[14.984561236838475,46.303261459108214],[14.98548399791117,46.30211613096684],[14.986810567359491,46.30237841061318],[14.986828321374794,46.30145593078515],[14.988471800439408,46.30352663461707],[14.987027951479027,46.304449919627096],[14.988667529072618,46.30510667716739],[14.989230845237662,46.30322943062679],[14.99107352181715,46.30405541271278],[14.993831734057178,46.30247705798875],[14.99516004484784,46.30087293056952],[14.996014086905115,46.30178469719978],[14.997863640849607,46.30025736159511],[14.999999999999998,46.30020857670218],[14.994839871691294,46.30023132138995],[14.996009589817511,46.29795553558773],[14.9953708629795,46.2961707221341],[14.993217104160166,46.29838715268012],[14.995451767793181,46.298198276844865],[14.994526392426634,46.29963036308812],[14.993371103212294,46.29966309507484],[14.993670118551458,46.30054978432269],[14.991168965502384,46.300465468946705],[14.988565872520303,46.30304891180918],[14.987452212390934,46.30116963464689],[14.988400651524456,46.29799039138649],[14.987350312895341,46.299690883380414],[14.984828360026953,46.297970509349305],[14.982722817996597,46.297993893988405],[14.98486934396781,46.29728624646577],[14.984019471334284,46.296503241351736],[14.981885923831062,46.29775751566053],[14.98067295335376,46.296451027795555],[14.981308853297218,46.294509002077326],[14.981021762020637,46.286269504120014],[14.982993915258437,46.28678201487622],[14.982493731132555,46.28846654344741],[14.98344194538541,46.28652375127443],[14.98653026226038,46.28528791791474],[14.986990834884987,46.28377106380926],[14.989435065684784,46.28499802334473],[14.990720587874055,46.283987687078906],[14.98711054247238,46.28313530393943],[14.985458161104315,46.2855078139934],[14.982096462995122,46.28619973832263],[14.980694453170246,46.28173074618933],[14.980944127421038,46.2801525285992],[14.981447772325101,46.28],[14.980543927597967,46.28],[14.980179806057873,46.28208107209377],[14.975906718710487,46.2817496316282],[14.971737324331258,46.28243299529632],[14.969105147867296,46.28496022138255],[14.967075978631838,46.28473357988138],[14.966801978131656,46.28228960397597],[14.962919397159025,46.282209746621184],[14.96,46.28102480801529],[14.96,46.28126771111608],[14.96238608827612,46.28209692795132]],[[14.994085300930246,46.30178045759931],[14.991417491243494,46.30269725731933],[14.990461169021412,46.301394572921026],[14.991476377944082,46.30080044516347],[14.994085300930246,46.30178045759931]],[[14.98137530218599,46.285301422254],[14.98041111510191,46.285584125790336],[14.979314348050433,46.284530907361564],[14.980084217029518,46.2837125338961],[14.981256841243445,46.284561834447786],[14.98137530218599,46.285301422254]],[[14.978572451458348,46.294001604839316],[14.978099919428283,46.29363297974976],[14.979116579679381,46.29364201879659],[14.978572451458348,46.294001604839316]]]}},{"type":"Feature","properties":{"_zoneType":"SI_BUILT","name":"Pozidano zemljišče","authority":"MKGP","dataSource":"raba-3000"},"geometry":{"type":"Polygon","coordinates":[[[14.960126823118095,46.34741449853571],[14.96,46.346690786994344],[14.96,46.347645981741216],[14.960126823118095,46.34741449853571]]]}},{"type":"Feature","properties":{"_zoneType":"SI_BUILT","name":"Pozidano zemljišče","authority":"MKGP","dataSource":"raba-3000"},"geometry":{"type":"Polygon","coordinates":[[[14.962460231696365,46.345309576848805],[14.961718363034498,46.34470581661072],[14.962232621198824,46.343237710154234],[14.963812068475525,46.3458237571106],[14.966863552571283,46.34629825448786],[14.967214160369625,46.34517238288329],[14.970304526656152,46.34367650936241],[14.968843101661637,46.342542001797625],[14.966926019542198,46.344709527667376],[14.965456249897791,46.34370132737083],[14.963923249088653,46.344436248250844],[14.964508551108729,46.343101692171984],[14.96347688978006,46.342245174698796],[14.96469915790839,46.34208255235181],[14.96388685458203,46.34140222867815],[14.964481323599674,46.34101967004917],[14.966247455999211,46.341702079371295],[14.966351849485108,46.34302171261379],[14.96825760264658,46.341832393652915],[14.971868354801241,46.34238302282781],[14.973753340547441,46.34495700370996],[14.972165301485912,46.34868068233107],[14.970525153583782,46.34958763706614],[14.970694791667608,46.35322275969953],[14.96736649436471,46.35358091601164],[14.966698517626666,46.35548490351686],[14.967754870315954,46.356008523321066],[14.967410393391315,46.354489145400585],[14.96849145147151,46.35383120552039],[14.970086979202675,46.35530030969397],[14.972275028434488,46.355543262795784],[14.97124621657833,46.357233208616165],[14.971978345334266,46.35804505320218],[14.971477290662351,46.35906082051506],[14.972653411941735,46.36],[14.97358531844092,46.36],[14.972430303901415,46.358905678114354],[14.972669762588012,46.35774164861703],[14.977245974833055,46.35823854177941],[14.977262151634166,46.35916973540997],[14.9780820910659,46.36],[14.979756287556906,46.36],[14.979513390161587,46.35846128724281],[14.981119462487573,46.35857381275057],[14.981958685456464,46.35763784628219],[14.980758636599951,46.35566857427303],[14.98190876161713,46.35420692154074],[14.982390695296054,46.35143885571773],[14.984798864660634,46.351909271333774],[14.987359759042997,46.35098395181208],[14.98668367482281,46.34948848859598],[14.98786079233799,46.34696297192292],[14.99085082017125,46.34504585206834],[14.991814924420442,46.341455621264515],[14.99310898601106,46.3409255146987],[14.992866033738894,46.33947012402074],[14.996052862176846,46.33931115288588],[14.998632063574677,46.34138717819337],[14.997729968155694,46.34230738201969],[14.995445315364977,46.3416069237508],[14.99726795755177,46.342530881958346],[14.996749617364232,46.34442075161326],[14.994967561954207,46.344940923107686],[14.995404712929096,46.34689843639283],[14.99324784716333,46.348192135688464],[14.996007313819554,46.34803284301863],[14.995476963453084,46.34983767984706],[14.993709878792048,46.3507123665666],[14.994108927929032,46.35279797891234],[14.99272601701666,46.35417965377694],[14.993128523161426,46.35619541861294],[14.994060499323021,46.357172050210934],[14.992678642273212,46.36],[14.994975292683499,46.36],[14.995499699798188,46.35944694580172],[14.993391034700238,46.35583280757874],[14.994593586774142,46.35284705511582],[14.994141829385493,46.350785678104394],[14.99714239296767,46.350666815081986],[14.995883426274645,46.34970811605233],[14.996530719851826,46.34725324424164],[14.999176216763132,46.34731666429912],[14.999999999999998,46.34829858742866],[14.999999999999998,46.34568746876223],[14.998286358698218,46.34663305604086],[14.995803659352585,46.34565603026163],[14.999268789976798,46.34367165282712],[14.999999999999998,46.34126754982488],[14.998277384605192,46.34096411945621],[14.997637949324012,46.33977770703154],[14.999999999999998,46.339180221178864],[14.995029597707983,46.33870674757903],[14.994532770462998,46.337202715363446],[14.996365900838809,46.335041151931044],[14.995867195663438,46.33409315316136],[14.996701130849662,46.332981577911845],[14.998852599776576,46.331789551793264],[14.997104684227308,46.330920870306194],[14.999148011891943,46.33072265866985],[14.999999999999998,46.32977506261363],[14.998481337090269,46.330593000476085],[14.995728276514049,46.33020735709683],[14.992372605365057,46.333026489513905],[14.99354902793869,46.33399868060348],[14.992889256712992,46.33497724350782],[14.986574576810991,46.33817346872108],[14.982569337015944,46.3391069158097],[14.980404335041785,46.33822049966314],[14.978091727264331,46.339094825248516],[14.974561233012812,46.33818493951743],[14.974561186284316,46.33738664833163],[14.975949774963352,46.33708410635625],[14.980480912574741,46.33808774243711],[14.984667761358072,46.336907754899904],[14.980899668790709,46.33708522159623],[14.980943037174134,46.33576502112736],[14.979007015650243,46.33632197344083],[14.978730416414459,46.33519383103457],[14.976111548669582,46.335780936796844],[14.975702754934433,46.33428799451871],[14.98112969733961,46.33441591262269],[14.977503282042482,46.3334360940152],[14.981795802539795,46.33183374117496],[14.983627395818568,46.33244133787069],[14.984668448046223,46.334433850819515],[14.985795615913442,46.333638709510474],[14.987189445036606,46.33414641493912],[14.987740396293804,46.335387183063276],[14.990535437443317,46.33297474800995],[14.988016731229795,46.33422468089342],[14.985115241962736,46.33337442953446],[14.984528920704015,46.33269892508712],[14.985958675644204,46.33194201851122],[14.985287915941893,46.33106786750386],[14.988227816166942,46.330031773674584],[14.991836235954466,46.331826431776285],[14.993058815352203,46.3303985288088],[14.99543687591272,46.32973166005626],[14.990569899906644,46.330467076843085],[14.989541232024445,46.32927420384423],[14.990134413016113,46.32816875103819],[14.984254102539936,46.330917123224864],[14.983481316067998,46.32999938722875],[14.984253096309734,46.32932823426337],[14.983483292875865,46.329096658674],[14.98275206635715,46.329334367311816],[14.983392400514251,46.331037789746674],[14.981279103374264,46.33124374096205],[14.980190149387148,46.32984686164846],[14.980795323018153,46.331499976854325],[14.978327865140736,46.332047215525286],[14.977484765606851,46.33046926733385],[14.970202741148613,46.33311597549213],[14.96916173877062,46.33299597343474],[14.968799787651362,46.33161711177188],[14.968759796417281,46.33331612734444],[14.967266021170651,46.33405617919558],[14.960535375046485,46.33346269129031],[14.96,46.33324545383468],[14.96,46.34219569559001],[14.960268172702252,46.342254112913544],[14.96,46.34278818232841],[14.96,46.3452305336864],[14.962460231696365,46.345309576848805]],[[14.99660737977649,46.33120498595968],[14.99560698513185,46.331476512674904],[14.99638087782742,46.33086276717314],[14.99660737977649,46.33120498595968]],[[14.995387658034707,46.33187380998026],[14.994903580831389,46.3323657843878],[14.994954836832825,46.33158810056804],[14.995387658034707,46.33187380998026]],[[14.990775416976371,46.33655435952521],[14.994132429371554,46.33495485057595],[14.99364665953939,46.33801208995667],[14.991715460700092,46.33797539908139],[14.990775416976371,46.33655435952521]],[[14.994239941486585,46.33847987629916],[14.993997187470299,46.33886388490206],[14.993652468999857,46.338261261990816],[14.994239941486585,46.33847987629916]],[[14.987826765309803,46.34176284036964],[14.988997891585345,46.34341813034144],[14.988362288229949,46.34148953255933],[14.98902838243273,46.34099655679042],[14.99142594664415,46.341429967463576],[14.990153446722188,46.34449945616397],[14.98782208033339,46.346520401315985],[14.985702099078196,46.344667205893074],[14.987496536136948,46.343546532509876],[14.987826765309803,46.34176284036964]],[[14.990309597900023,46.337147448253035],[14.990798775460155,46.33924400779248],[14.988699892757108,46.339944416955774],[14.987120364747495,46.33830062170864],[14.990309597900023,46.337147448253035]],[[14.987311345197854,46.34166712080652],[14.98601356146491,46.3411033232074],[14.987190001132563,46.34061950904566],[14.987311345197854,46.34166712080652]],[[14.97974264158793,46.34431472928713],[14.985291805882783,46.34380103933699],[14.985387248637293,46.34478402852472],[14.98685664522998,46.34593392617123],[14.98639059181349,46.350806838336666],[14.984255806367857,46.351269369408236],[14.984860294810689,46.34869632098281],[14.9836598413585,46.34859184089804],[14.983139654023878,46.347375432180336],[14.977105048125244,46.347817745558395],[14.97591407804982,46.3474315307133],[14.975545671293057,46.34563020803227],[14.978114593261099,46.34334785108842],[14.97974264158793,46.34431472928713]],[[14.986175878189751,46.34328714587518],[14.985152019380859,46.34345466745471],[14.985430300613181,46.34251523327724],[14.984385225781677,46.34228486754767],[14.985244353255558,46.34160897129226],[14.986175878189751,46.34328714587518]],[[14.985876314057235,46.3402600397944],[14.984865161816845,46.341443396254654],[14.982977189127533,46.34063642659649],[14.985876314057235,46.3402600397944]],[[14.98097872374217,46.340645733996716],[14.97735985153313,46.34071190456498],[14.976928822465188,46.33952844432905],[14.984119872081523,46.339449660146215],[14.981393993054146,46.34147557831776],[14.978286363827296,46.34204785140382],[14.975773208375367,46.34436317049481],[14.97492529145291,46.34374566018052],[14.977544086192013,46.34126913147963],[14.98097872374217,46.340645733996716]],[[14.983725624805212,46.34215246770803],[14.982918493530606,46.342544664504345],[14.981855520085263,46.34183244829219],[14.983270458142542,46.341754989290585],[14.983725624805212,46.34215246770803]],[[14.978113958253576,46.34822834728559],[14.98282910865902,46.347907893488404],[14.982349515057773,46.349871046748525],[14.980526615467692,46.35051451874979],[14.980138492459474,46.35263208084296],[14.982025996045472,46.35252037552515],[14.980424240237639,46.355630765705804],[14.980670843558102,46.35770285851498],[14.978335302269437,46.356911836827976],[14.977396783117305,46.35766668426534],[14.977376499147626,46.3562580188835],[14.975989835571292,46.35572614882668],[14.97517909252701,46.353319843886894],[14.972981056562556,46.350972391013954],[14.977133326605657,46.35022795143063],[14.978638116492112,46.351529385349046],[14.979172138634057,46.35029614032919],[14.977115673210047,46.349985230927004],[14.974344508767727,46.35049324825671],[14.972826485604667,46.34940173437607],[14.973413618374247,46.3473206471521],[14.978113958253576,46.34822834728559]],[[14.977744242416685,46.33606222627386],[14.978558626057099,46.33645175757009],[14.977652217051418,46.33663684651934],[14.977744242416685,46.33606222627386]],[[14.978236874988198,46.3325988136384],[14.977153017632743,46.33314183104036],[14.977089569316922,46.33239190975425],[14.978236874988198,46.3325988136384]],[[14.973165381813004,46.35215123182505],[14.976992114276914,46.357056114791824],[14.976650750710412,46.357814110294775],[14.974307411680284,46.357768139655995],[14.97331135478023,46.35690889205098],[14.97263984181281,46.35295953083748],[14.973165381813004,46.35215123182505]],[[14.973488512231555,46.33391887806319],[14.97375600718353,46.333493434981555],[14.974377433551643,46.334157675042675],[14.973488512231555,46.33391887806319]],[[14.97138170101068,46.34134615880073],[14.972172528027125,46.339804310728674],[14.974295279014216,46.339826367493615],[14.973987470473173,46.34091665746665],[14.97138170101068,46.34134615880073]],[[14.974189080429761,46.33495135885447],[14.973481803771325,46.33616435655878],[14.97186402984981,46.33488076375163],[14.973569321744721,46.33457458964996],[14.974189080429761,46.33495135885447]],[[14.972735701225291,46.33314189108581],[14.972787889274349,46.33277054927563],[14.973497679028796,46.33318562471638],[14.972735701225291,46.33314189108581]],[[14.972333022472236,46.35385590201202],[14.971213535121946,46.35379228419405],[14.972349966026478,46.35335376653343],[14.972333022472236,46.35385590201202]],[[14.971549698291502,46.34942576670184],[14.972375158221904,46.35248903838985],[14.971377252805935,46.352761902659665],[14.970622891646395,46.35074054759991],[14.971549698291502,46.34942576670184]],[[14.97194784193175,46.338860114844984],[14.971177509248959,46.33968419681448],[14.969628556011473,46.339129414624885],[14.971001542619396,46.3384455751126],[14.97194784193175,46.338860114844984]],[[14.97167964376377,46.35436103866735],[14.97115378210515,46.35479775808676],[14.971186209702903,46.35398518258988],[14.97167964376377,46.35436103866735]],[[14.97137781330098,46.33455148634817],[14.97141991762252,46.33524220626561],[14.970641733089485,46.334574641532626],[14.97137781330098,46.33455148634817]],[[14.969277682049938,46.33958911265551],[14.96745047438584,46.34003792812472],[14.965610176797496,46.33924745504509],[14.967613318246265,46.33847133641357],[14.969277682049938,46.33958911265551]],[[14.969080176219009,46.33453800316261],[14.968152491781616,46.33538849485777],[14.967807896412634,46.33426966414618],[14.969080176219009,46.33453800316261]],[[14.96562738507229,46.34497864053198],[14.964955565076766,46.345294564364366],[14.964473562251653,46.34468215624175],[14.965319162114453,46.344276241175926],[14.96562738507229,46.34497864053198]],[[14.964965949374974,46.33678671509047],[14.963551993476203,46.336808763840175],[14.964432257167333,46.336034616296295],[14.964965949374974,46.33678671509047]],[[14.9650073826325,46.33926069374124],[14.964312402383912,46.33954727998651],[14.964587173144164,46.33870183400243],[14.9650073826325,46.33926069374124]],[[14.964496583274423,46.33427021513294],[14.962844413107675,46.334750901079055],[14.962380754403831,46.33390319187875],[14.964496583274423,46.33427021513294]],[[14.963501999833005,46.33790842502138],[14.963061880326157,46.33822672489483],[14.962874795950682,46.337471613761316],[14.963501999833005,46.33790842502138]],[[14.961224606153705,46.342952493478016],[14.960990651591217,46.34219193497293],[14.962545299126264,46.34279775295778],[14.961224606153705,46.342952493478016]],[[14.961420538479805,46.33668406591523],[14.960729842919095,46.33703741748775],[14.9604590361171,46.336138809520975],[14.961420538479805,46.33668406591523]],[[14.961300592087488,46.34470582076617],[14.960211550076394,46.34475441846483],[14.961277139272132,46.34411390112736],[14.961300592087488,46.34470582076617]]]}},{"type":"Feature","properties":{"_zoneType":"SI_BUILT","name":"Pozidano zemljišče","authority":"MKGP","dataSource":"raba-3000"},"geometry":{"type":"Polygon","coordinates":[[[14.960708583380999,46.32257933753986],[14.963378684868244,46.32201254413132],[14.963324719488977,46.320601156271415],[14.964151361434299,46.32],[14.96373143127332,46.32],[14.96,46.322773181344125],[14.96,46.32314951434236],[14.960708583380999,46.32257933753986]]]}},{"type":"Feature","properties":{"_zoneType":"SI_BUILT","name":"Pozidano zemljišče","authority":"MKGP","dataSource":"raba-3000"},"geometry":{"type":"Polygon","coordinates":[[[14.965407053558653,46.32011840031296],[14.966453424741866,46.32122518001084],[14.96271651732389,46.32370231357363],[14.963859105069982,46.32368584647094],[14.963980982466746,46.324486682757865],[14.965013867243975,46.32252717739632],[14.967807030316262,46.32156832201805],[14.966625297906608,46.32],[14.965510065712776,46.32],[14.965407053558653,46.32011840031296]]]}},{"type":"Feature","properties":{"_zoneType":"SI_BUILT","name":"Pozidano zemljišče","authority":"MKGP","dataSource":"raba-3000"},"geometry":{"type":"Polygon","coordinates":[[[14.987856909650485,46.35846927188379],[14.987188880924444,46.35801265196114],[14.985659636333722,46.36],[14.986452750388944,46.36],[14.987856909650485,46.35846927188379]]]}},{"type":"Feature","properties":{"_zoneType":"SI_BUILT","name":"Pozidano zemljišče","authority":"MKGP","dataSource":"raba-3000"},"geometry":{"type":"Polygon","coordinates":[[[14.961008714950708,46.36567095203422],[14.96,46.36529670965333],[14.96,46.36673479810941],[14.961008714950708,46.36567095203422]]]}},{"type":"Feature","properties":{"_zoneType":"SI_BUILT","name":"Pozidano zemljišče","authority":"MKGP","dataSource":"raba-3000"},"geometry":{"type":"Polygon","coordinates":[[[14.973898663810772,46.3609943830024],[14.973086764108087,46.3616457519114],[14.973983538993567,46.36226038992822],[14.973822608874483,46.36420627017622],[14.974589363857104,46.36375894725488],[14.97431701985794,46.362512170952016],[14.97611057848401,46.36232913853376],[14.977707525009341,46.36330682012198],[14.977779584595238,46.36450030066858],[14.975765921548513,46.36622089021477],[14.975122166684638,46.36767973301815],[14.973975636841507,46.3671834271412],[14.974503330673585,46.36606651274626],[14.972852110536389,46.36596243830339],[14.972349204516966,46.36652868117718],[14.973453331430019,46.3667728828061],[14.97378518565564,46.36800442473419],[14.971080268584805,46.36843233378095],[14.971302680808584,46.369226533065415],[14.97218415339676,46.36839255227299],[14.975416321899331,46.36830588974176],[14.97380327967836,46.37009007873461],[14.973661630293803,46.373074742225086],[14.972499820836257,46.37379884583285],[14.970524480758767,46.37286210403557],[14.970992977022972,46.37185948858961],[14.972514560435577,46.37200378100931],[14.972380242219627,46.37090266392303],[14.970714522067848,46.37146352262461],[14.96998393875678,46.37272760804279],[14.964530295731963,46.370602364344],[14.96158553954788,46.37224285089337],[14.961813050604697,46.37406986346331],[14.962508379469675,46.3723336005365],[14.963892081970874,46.372369018100876],[14.965173119300966,46.37108723508416],[14.967505533180809,46.37252999503862],[14.96621695765717,46.37368574012862],[14.968230847413468,46.37361215551615],[14.968381121239677,46.372479482408735],[14.973394576898599,46.37417202712398],[14.972843548641983,46.37748616886924],[14.968046053691806,46.37782682048241],[14.967734908040986,46.37722564368953],[14.969462389790495,46.37629795725555],[14.968426184259222,46.37594886552637],[14.96676399684006,46.37768543686189],[14.964261268738172,46.37717754055918],[14.96451659842251,46.378017728722575],[14.96028047868848,46.37938620264468],[14.964310412272285,46.3784697323981],[14.962718594604755,46.37973561854849],[14.963612527558327,46.38127869647613],[14.96618343164679,46.37906980237593],[14.965075057001009,46.37876165930805],[14.965962903449268,46.3779750241757],[14.969565118392444,46.379204163473744],[14.971977031237891,46.37817693839628],[14.971094281070586,46.380077417170725],[14.9694384899999,46.38004356310605],[14.970016095722231,46.381230271727254],[14.968799973331683,46.38157375934328],[14.96824141125514,46.382491060173926],[14.969104680771425,46.38315839083993],[14.967323890004,46.38504515302924],[14.96656323305222,46.38490321741545],[14.966376755187058,46.38264831983792],[14.965013891402492,46.382287512834395],[14.966254505448003,46.38460276876944],[14.965759268994775,46.388346602361274],[14.961630639060521,46.38797473016833],[14.96,46.38857693835459],[14.96,46.38890725941668],[14.961436932130747,46.38828605060751],[14.9660291359652,46.388571036824615],[14.967362614676318,46.387095408457284],[14.966793206582425,46.38593152433551],[14.96961494620165,46.383019482562446],[14.971011051493381,46.38324383902764],[14.969925532038225,46.382412252885246],[14.971527557451518,46.38132241587822],[14.974949782556408,46.38340427102842],[14.974893938339129,46.384331567663125],[14.97595687209325,46.3839867408527],[14.97344942753178,46.38203690840961],[14.97507694556566,46.381238742432444],[14.977033805659168,46.38187739353491],[14.977140089589566,46.38472981305829],[14.978443659993872,46.38508691914679],[14.978923414536538,46.38668382768466],[14.981101434937262,46.386505703092084],[14.98151860594156,46.38748384703324],[14.980772091168395,46.38808198958244],[14.981828117115837,46.389568725877346],[14.980692507721896,46.39001656998244],[14.97915105979891,46.38869816675584],[14.975622450909555,46.38827546181754],[14.974868734659122,46.389319041928395],[14.971645824638475,46.387918529060315],[14.97083975872862,46.3884960966591],[14.974605136313482,46.38955229251623],[14.978297454630079,46.389088478043725],[14.978967294642336,46.39145401532235],[14.981854569553212,46.39380186277465],[14.980414346094623,46.39471855283685],[14.983340777841613,46.39423604423186],[14.979261004745627,46.39119449600952],[14.979520469526816,46.39032600298693],[14.981822534689982,46.39072452643812],[14.983826843176777,46.38843371630129],[14.986198396155528,46.39079729442154],[14.985459591199032,46.39142702743409],[14.988233337045852,46.39192887425091],[14.987422050764321,46.39349622544142],[14.989472109190393,46.393247876295135],[14.987927332095056,46.396655782477474],[14.985727969528359,46.398141798133565],[14.98637914669185,46.39876249862225],[14.985151825327309,46.39969348322687],[14.986999013139119,46.399693708138415],[14.989442446849228,46.396736616149184],[14.990937257189943,46.39656333034355],[14.99324154564364,46.3951789149176],[14.994381424350186,46.39595071641191],[14.996131685262773,46.39538919429028],[14.99411250178261,46.39750652328632],[14.995418382421182,46.39866785428316],[14.994471015903747,46.39752684731365],[14.996624744192493,46.395403297110484],[14.999999999999998,46.39486367772343],[14.994089726689976,46.394279368206966],[14.991605322619126,46.395903721345306],[14.989199789335812,46.395987626777405],[14.995198284842754,46.39257480174986],[14.996131725347185,46.39294626365403],[14.99581313834492,46.39405819616125],[14.99933912309856,46.393525100593074],[14.999999999999998,46.39247121500647],[14.998944081183298,46.393388906923406],[14.997757610665673,46.39257335746891],[14.999812842867737,46.39165356952876],[14.999999999999998,46.38971484125447],[14.992683640665769,46.393261685439235],[14.991505990247685,46.39242619786329],[14.990132546651258,46.392992627881654],[14.991560786007085,46.39133637476217],[14.990513305198425,46.390227421227415],[14.990393479611352,46.38743658720528],[14.991911143301996,46.387016145622255],[14.99291601771198,46.38802057640889],[14.993426362601973,46.38685119903432],[14.99280936059905,46.38623550072527],[14.987777058083354,46.387221936965695],[14.986030642197743,46.383224728404976],[14.984564024581642,46.38320936740282],[14.984886257634583,46.38080988684332],[14.986889799246338,46.380831842609425],[14.989938212056813,46.38246943488701],[14.987337555577973,46.38029960599365],[14.988410987372045,46.37862042888185],[14.991214360653926,46.37980107947439],[14.995161717114406,46.378868273554716],[14.99295881489923,46.3789417327675],[14.991049386481448,46.376934698720575],[14.99023070958854,46.3787448127202],[14.988795607518112,46.37750904388058],[14.987156702219659,46.37987114668176],[14.985656377607562,46.380339105682005],[14.986905905832959,46.378287304585676],[14.98547216058464,46.377536612692744],[14.985879591725189,46.37494013137008],[14.982611482265602,46.369814770658934],[14.982451268159114,46.36572524512234],[14.9839983619145,46.36433345894397],[14.983332969670114,46.36384541687421],[14.982488175448099,46.3646992703206],[14.981922425602423,46.36393678845626],[14.984299660746982,46.36243207707175],[14.984755698721873,46.361477400082315],[14.9862717102748,46.361902806254],[14.988032614786135,46.36099890759634],[14.987252178882253,46.36277903607083],[14.987865466528845,46.36365451606927],[14.986343789325069,46.36496837879974],[14.987059220939628,46.36556691515448],[14.989405734333701,46.36463535505163],[14.989138177593812,46.36668184351659],[14.984516749849044,46.367346697087015],[14.9879981988046,46.36690008245725],[14.989407862058188,46.36813032088999],[14.991937090338809,46.36821292056066],[14.989690190398447,46.36701566135123],[14.99027732651318,46.36508074406887],[14.98934558479313,46.36334176440119],[14.992639774764971,46.36333578366416],[14.992500265279359,46.36115841887314],[14.994219316549538,46.360032091293135],[14.997060911719583,46.36111513240571],[14.996166549644967,46.36302313130504],[14.996232821337095,46.365041881200895],[14.99773650371851,46.36606254789115],[14.996265120455513,46.367878093080165],[14.997679842470655,46.36792529035248],[14.998182696191424,46.36620184158363],[14.999142011260535,46.366980470193674],[14.999999999999998,46.36633704519271],[14.997822039405234,46.365518370608655],[14.999999999999998,46.36467316106789],[14.999999999999998,46.363755364261785],[14.9965866574623,46.363141961670344],[14.997577253670626,46.36090914467265],[14.994841138744748,46.36014148244172],[14.994975292683499,46.36],[14.992678642273212,46.36],[14.99214530899175,46.3610914585854],[14.99221581920797,46.36250012916802],[14.990402013493854,46.36306072414647],[14.988945664210041,46.36042070020284],[14.986207616052,46.36026723038624],[14.986452750388944,46.36],[14.985659636333722,46.36],[14.98375491840157,46.362475298895944],[14.982590051866781,46.360187239529765],[14.981499050149674,46.36062295957521],[14.982375773505455,46.361869801779235],[14.981803992869184,46.36282503978735],[14.980071640401231,46.36199770542596],[14.979756287556906,46.36],[14.9780820910659,46.36],[14.980927198857621,46.36288093505795],[14.979795160045738,46.36519437323452],[14.982070961234744,46.365537732518064],[14.982350353950707,46.370313843634555],[14.985512537668814,46.37500349141922],[14.984987854088384,46.377478701214145],[14.983478023023517,46.3772286572692],[14.981443835354602,46.37337782343081],[14.983090846833395,46.37701715096059],[14.982210166813202,46.37807248184175],[14.979476788766332,46.37760696672274],[14.975679459580327,46.37516106773002],[14.97372561893357,46.376262926085445],[14.974017850248847,46.37330036914288],[14.974886452757902,46.372986856512256],[14.974085478934354,46.37255880551912],[14.97412150347039,46.37017858046665],[14.976724131631084,46.3676911798651],[14.975975707659522,46.3664996785007],[14.97814704625465,46.365260529186145],[14.978204236977541,46.36411269994243],[14.977867741168444,46.3628339650046],[14.976170633472751,46.3618788057146],[14.977601213977028,46.36103169070488],[14.97501484034713,46.36135440468883],[14.97358531844092,46.36],[14.972653411941735,46.36],[14.973898663810772,46.3609943830024]],[[14.997910244221126,46.36450207990818],[14.997528537723367,46.36486288700187],[14.997393673617236,46.364201323092516],[14.997910244221126,46.36450207990818]],[[14.990376128785883,46.37895550170129],[14.990733892176074,46.37864508853603],[14.99093074534348,46.379254482406715],[14.990376128785883,46.37895550170129]],[[14.990381037328515,46.3907254177907],[14.989196003472145,46.392285723509374],[14.988364073092336,46.39068926777847],[14.989012261752823,46.38964679457539],[14.990381037328515,46.3907254177907]],[[14.987920547623713,46.387712694685035],[14.990176964339744,46.38900138706771],[14.988094208988171,46.38960681451672],[14.987233626740217,46.38898272066241],[14.987920547623713,46.387712694685035]],[[14.989112366299489,46.363883442613805],[14.988436285045157,46.36417647700267],[14.988802627757167,46.363406394182824],[14.989112366299489,46.363883442613805]],[[14.988709731783809,46.36210201447361],[14.988944751003668,46.362504074911776],[14.988074439785233,46.36230183258933],[14.988709731783809,46.36210201447361]],[[14.977069919062144,46.379305684220945],[14.977045166278943,46.378366646094605],[14.974941367813987,46.37806703506923],[14.97561195019232,46.37576514780314],[14.978978457708603,46.37764326715778],[14.978955985753196,46.37890801218772],[14.980654803395467,46.378028063186505],[14.982696811648681,46.37909469242004],[14.984169732019103,46.37877038595015],[14.984484546605682,46.38106148771874],[14.983376745675598,46.38170343286072],[14.986352909086948,46.3861276211658],[14.987250675898807,46.386326485373885],[14.986569810309396,46.38845889589245],[14.987459966505076,46.39035804330118],[14.98626307191278,46.390465743408534],[14.985976815705852,46.38923945180521],[14.982927601504153,46.38789707007495],[14.98358357227611,46.38576899794605],[14.98517602929857,46.38569279617576],[14.983774203148178,46.384465454407],[14.982763230044695,46.386566670489266],[14.979782204961843,46.386263068177094],[14.978745526746662,46.38486262773027],[14.977489615704927,46.38451813396927],[14.97811868009602,46.3831731469618],[14.977243268340859,46.38158206239978],[14.975092483703653,46.381005181061056],[14.972663995080932,46.38169452841423],[14.971897533981556,46.38003029527001],[14.973453974247507,46.37748776561182],[14.977069919062144,46.379305684220945]],[[14.985736449795738,46.378159938847666],[14.985795695744432,46.3787032526813],[14.985046841192364,46.37815913060035],[14.985736449795738,46.378159938847666]],[[14.984493256664152,46.379453094176625],[14.985168129645183,46.37934023412283],[14.98464366510084,46.380084791253246],[14.984493256664152,46.379453094176625]],[[14.982674408704897,46.38856023469158],[14.981966190001557,46.3886494338244],[14.982427189723914,46.387740766401066],[14.982674408704897,46.38856023469158]],[[14.981526846713987,46.363708224918916],[14.981522721389153,46.36435851344984],[14.980797801369285,46.36362460235719],[14.981526846713987,46.363708224918916]],[[14.964398220657632,46.37995112679734],[14.96361662275431,46.380205278662494],[14.964183710648824,46.37960815738067],[14.964398220657632,46.37995112679734]]]}},{"type":"Feature","properties":{"_zoneType":"SI_BUILT","name":"Pozidano zemljišče","authority":"MKGP","dataSource":"raba-3000"},"geometry":{"type":"Polygon","coordinates":[[[14.964070180568134,46.39845727944747],[14.962209678370886,46.39731525078042],[14.965525205900716,46.39773882069188],[14.963715383229337,46.39650402912628],[14.966032391931892,46.39547998247737],[14.97348783513033,46.39567771152785],[14.975910572261496,46.39480682466055],[14.97659428835697,46.393743484003465],[14.976066391125453,46.39237848814116],[14.97520997029598,46.39430013305966],[14.973377451254429,46.395379436341436],[14.967172252950686,46.39462575775619],[14.9625018108375,46.39671600089705],[14.960605618249458,46.39660681995077],[14.966275416507987,46.39089995924062],[14.964178602216935,46.39148648157432],[14.963457223493961,46.393585144727346],[14.961402431189136,46.395019168620145],[14.96,46.394165825347066],[14.96,46.39477723114467],[14.960448537942478,46.395919891783876],[14.96,46.39585339585695],[14.96,46.39675682079259],[14.962310591020064,46.39817125394905],[14.96,46.39798583422158],[14.96,46.39861113893836],[14.964070180568134,46.39845727944747]]]}},{"type":"Feature","properties":{"_zoneType":"SI_BUILT","name":"Pozidano zemljišče","authority":"MKGP","dataSource":"raba-3000"},"geometry":{"type":"Polygon","coordinates":[[[14.832001001155799,46.39957105069326],[14.833927878873515,46.3992227928578],[14.835460176624073,46.399573357424785],[14.834123269828535,46.398980956206586],[14.832001001155799,46.39957105069326]]]}},{"type":"Feature","properties":{"_zoneType":"SI_BUILT","name":"Pozidano zemljišče","authority":"MKGP","dataSource":"raba-3000"},"geometry":{"type":"Polygon","coordinates":[[[14.97589234836095,46.3989178859122],[14.974072227922328,46.39953719004677],[14.97584993819955,46.39903050670755],[14.97589234836095,46.3989178859122]]]}},{"type":"Feature","properties":{"_zoneType":"SI_BUILT","name":"Pozidano zemljišče","authority":"MKGP","dataSource":"raba-3000"},"geometry":{"type":"Polygon","coordinates":[[[14.999999999999998,46.39848807717808],[14.997839672304083,46.39834027901971],[14.996387670334547,46.39910938788041],[14.998825737889758,46.39968341574832],[14.997475362442827,46.39884186926241],[14.999999999999998,46.39848807717808]]]}},{"type":"Feature","properties":{"_zoneType":"SI_BUILT","name":"Pozidano zemljišče","authority":"MKGP","dataSource":"raba-3000"},"geometry":{"type":"Polygon","coordinates":[[[14.997497670860465,46.35075236711697],[14.997525345060504,46.35220161941271],[14.999999999999998,46.351837831571466],[14.999999999999998,46.35036538182796],[14.997497670860465,46.35075236711697]]]}},{"type":"Feature","properties":{"_zoneType":"SI_BUILT","name":"Pozidano zemljišče","authority":"MKGP","dataSource":"raba-3000"},"geometry":{"type":"Polygon","coordinates":[[[14.998449379026654,46.35338348618776],[14.999061737579522,46.353452408535425],[14.99996501558789,46.35270138153138],[14.998870628613377,46.35270990995846],[14.998449379026654,46.35338348618776]]]}},{"type":"Feature","properties":{"_zoneType":"SI_BUILT","name":"Pozidano zemljišče","authority":"MKGP","dataSource":"raba-3000"},"geometry":{"type":"Polygon","coordinates":[[[14.999999999999998,46.35816985283703],[14.999999999999998,46.35455167004738],[14.999571860610574,46.357025077147796],[14.999999999999998,46.35816985283703]]]}},{"type":"Feature","properties":{"_zoneType":"SI_BUILT","name":"Pozidano zemljišče","authority":"MKGP","dataSource":"raba-3000"},"geometry":{"type":"Polygon","coordinates":[[[14.999999999999998,46.3632177617526],[14.999999999999998,46.362543351304744],[14.999883036993273,46.36305180872373],[14.999999999999998,46.3632177617526]]]}},{"type":"Feature","properties":{"_zoneType":"SI_BUILT","name":"Pozidano zemljišče","authority":"MKGP","dataSource":"raba-3000"},"geometry":{"type":"Polygon","coordinates":[[[14.998350600392634,46.29460333637923],[14.991136168615723,46.296476388815265],[14.99642726857215,46.295252833374654],[14.99851845020575,46.29650726599777],[14.996827294440285,46.29801588201596],[14.998453335017473,46.2978434997282],[14.999999999999998,46.29924728821246],[14.997877991772349,46.295316051498645],[14.998350600392634,46.29460333637923]]]}},{"type":"Feature","properties":{"_zoneType":"SI_BUILT","name":"Pozidano zemljišče","authority":"MKGP","dataSource":"raba-3000"},"geometry":{"type":"Polygon","coordinates":[[[14.994394099374755,46.26623365803831],[14.991676017831514,46.26767718503599],[14.993024728062817,46.26851729735434],[14.992512835832795,46.26739695720733],[14.994066710369976,46.26731009628068],[14.992604301552683,46.27005612888261],[14.98858899787744,46.27110880771708],[14.988902373195234,46.271765695999015],[14.99284198400515,46.270263406948075],[14.994618810272907,46.267967817477555],[14.997676876925029,46.27021106066607],[14.997885990101102,46.26930499625424],[14.996384613119185,46.26834266324791],[14.996162908122663,46.26670812639995],[14.99695082151681,46.266031583302215],[14.996262944948933,46.26439863061545],[14.997407223354632,46.261736440221135],[14.999973971380824,46.26065642587139],[14.997338644638923,46.26141653066275],[14.994394099374755,46.26623365803831]],[[14.996243725213244,46.265174478732476],[14.996525625075332,46.26589718127145],[14.995170665113783,46.26574670045395],[14.996243725213244,46.265174478732476]],[[14.995545647789628,46.266633977212756],[14.996087847629019,46.26763497695306],[14.994965783692777,46.26771673141448],[14.994771898080398,46.266920200501026],[14.995545647789628,46.266633977212756]]]}},{"type":"Feature","properties":{"_zoneType":"SI_BUILT","name":"Pozidano zemljišče","authority":"MKGP","dataSource":"raba-3000"},"geometry":{"type":"Polygon","coordinates":[[[14.903894541035443,46.22066041709142],[14.905366124664809,46.22199253491891],[14.90689657518005,46.22172175455934],[14.905189225003765,46.221500910752134],[14.903857708242871,46.21971093302595],[14.901717226977805,46.21971179229734],[14.901846547976334,46.22052082042317],[14.903894541035443,46.22066041709142]]]}},{"type":"Feature","properties":{"_zoneType":"SI_BUILT","name":"Pozidano zemljišče","authority":"MKGP","dataSource":"raba-3000"},"geometry":{"type":"Polygon","coordinates":[[[14.932218156115635,46.221253561508355],[14.926229902765758,46.21972755782876],[14.921298647455071,46.21975744786176],[14.920085235999975,46.22068813804992],[14.932218156115635,46.221253561508355]],[[14.925613122898485,46.22010032848171],[14.925209611393813,46.220493477357735],[14.924065548901623,46.220012556904855],[14.925613122898485,46.22010032848171]]]}},{"type":"Feature","properties":{"_zoneType":"SI_BUILT","name":"Pozidano zemljišče","authority":"MKGP","dataSource":"raba-3000"},"geometry":{"type":"Polygon","coordinates":[[[14.819544420781222,46.29671474435222],[14.819526606443791,46.296823616632004],[14.819878895781377,46.29672791206369],[14.819544420781222,46.29671474435222]]]}},{"type":"Feature","properties":{"_zoneType":"SI_BUILT","name":"Pozidano zemljišče","authority":"MKGP","dataSource":"raba-3000"},"geometry":{"type":"Polygon","coordinates":[[[14.993358431388776,46.235272297265126],[14.992669898668472,46.234908556368374],[14.99315174773449,46.235365834402415],[14.993358431388776,46.235272297265126]]]}},{"type":"Feature","properties":{"_zoneType":"SI_BUILT","name":"Pozidano zemljišče","authority":"MKGP","dataSource":"raba-3000"},"geometry":{"type":"Polygon","coordinates":[[[14.968764575055669,46.258184052796096],[14.968465698976587,46.25804027326473],[14.968213862339391,46.25846171559526],[14.968764575055669,46.258184052796096]]]}},{"type":"Feature","properties":{"_zoneType":"SI_BUILT","name":"Pozidano zemljišče","authority":"MKGP","dataSource":"raba-3000"},"geometry":{"type":"Polygon","coordinates":[[[14.999999999999998,46.29418282229972],[14.999547340074606,46.295144867657086],[14.999887569315586,46.297029190962476],[14.999999999999998,46.29418282229972]]]}},{"type":"Feature","properties":{"_zoneType":"SI_BUILT","name":"Pozidano zemljišče","authority":"MKGP","dataSource":"raba-3000"},"geometry":{"type":"Polygon","coordinates":[[[14.997974400181395,46.30125766240131],[14.997808384915,46.3011322165867],[14.997755720683552,46.30140955239535],[14.997974400181395,46.30125766240131]]]}},{"type":"Feature","properties":{"_zoneType":"SI_BUILT","name":"Pozidano zemljišče","authority":"MKGP","dataSource":"raba-3000"},"geometry":{"type":"Polygon","coordinates":[[[14.939589962823032,46.2597052496087],[14.939162664138227,46.25955563208416],[14.93945081241593,46.25988246612266],[14.939589962823032,46.2597052496087]]]}},{"type":"Feature","properties":{"_zoneType":"SI_BUILT","name":"Pozidano zemljišče","authority":"MKGP","dataSource":"raba-3000"},"geometry":{"type":"Polygon","coordinates":[[[14.924657666291345,46.28776712421994],[14.924023783565499,46.287483341485455],[14.924429325561457,46.28809794868215],[14.924657666291345,46.28776712421994]]]}},{"type":"Feature","properties":{"_zoneType":"SI_BUILT","name":"Pozidano zemljišče","authority":"MKGP","dataSource":"raba-3000"},"geometry":{"type":"Polygon","coordinates":[[[14.986497045134708,46.366086143419366],[14.985395116020035,46.36587589400668],[14.9864697549974,46.36619365206644],[14.986497045134708,46.366086143419366]]]}},{"type":"Feature","properties":{"_zoneType":"SI_BUILT","name":"Pozidano zemljišče","authority":"MKGP","dataSource":"raba-3000"},"geometry":{"type":"Polygon","coordinates":[[[14.96539335750166,46.342957770211996],[14.965027343340147,46.3428859003622],[14.965156748087168,46.34315336347982],[14.96539335750166,46.342957770211996]]]}},{"type":"Feature","properties":{"_zoneType":"SI_BUILT","name":"Pozidano zemljišče","authority":"MKGP","dataSource":"raba-3000"},"geometry":{"type":"Polygon","coordinates":[[[14.89238627793814,46.36556972547497],[14.89233084180974,46.3658740841562],[14.89285227586196,46.36562459590047],[14.89238627793814,46.36556972547497]]]}},{"type":"Feature","properties":{"_zoneType":"SI_BUILT","name":"Pozidano zemljišče","authority":"MKGP","dataSource":"raba-3000"},"geometry":{"type":"Polygon","coordinates":[[[14.916588492437414,46.34588212063747],[14.916635233361978,46.345993715279214],[14.9169293930865,46.34583040912175],[14.916588492437414,46.34588212063747]]]}},{"type":"Feature","properties":{"_zoneType":"SI_BUILT","name":"Pozidano zemljišče","authority":"MKGP","dataSource":"raba-3000"},"geometry":{"type":"Polygon","coordinates":[[[14.915527840356736,46.34113901486796],[14.91545629798739,46.34092860480263],[14.915115149042323,46.34119651280664],[14.915527840356736,46.34113901486796]]]}},{"type":"Feature","properties":{"_zoneType":"SI_BUILT","name":"Pozidano zemljišče","authority":"MKGP","dataSource":"raba-3000"},"geometry":{"type":"Polygon","coordinates":[[[14.871914915546448,46.32681410139458],[14.87166418430751,46.32670593609561],[14.8717120665955,46.327206482393564],[14.871914915546448,46.32681410139458]]]}},{"type":"Feature","properties":{"_zoneType":"SI_BUILT","name":"Pozidano zemljišče","authority":"MKGP","dataSource":"raba-3000"},"geometry":{"type":"Polygon","coordinates":[[[14.84706518551995,46.38325325803756],[14.846660831207641,46.38326108811013],[14.847014287657846,46.38367038146895],[14.84706518551995,46.38325325803756]]]}},{"type":"Feature","properties":{"_zoneType":"SI_BUILT","name":"Pozidano zemljišče","authority":"MKGP","dataSource":"raba-3000"},"geometry":{"type":"Polygon","coordinates":[[[14.824801951389645,46.37899223425311],[14.825361811267125,46.37991613518591],[14.825195016878109,46.379065228790964],[14.824801951389645,46.37899223425311]]]}},{"type":"Feature","properties":{"_zoneType":"SI_BUILT","name":"Pozidano zemljišče","authority":"MKGP","dataSource":"raba-3000"},"geometry":{"type":"Polygon","coordinates":[[[14.825344125762426,46.3607216364375],[14.825212131460606,46.36046509247444],[14.824544454975587,46.36042204981489],[14.825344125762426,46.3607216364375]]]}},{"type":"Feature","properties":{"_zoneType":"SI_BUILT","name":"Pozidano zemljišče","authority":"MKGP","dataSource":"raba-3000"},"geometry":{"type":"Polygon","coordinates":[[[14.823450967834836,46.35270485643821],[14.8240578800528,46.352697088333855],[14.825850159155808,46.3509165985232],[14.824271061515015,46.35139159506516],[14.823450967834836,46.35270485643821]]]}},{"type":"Feature","properties":{"_zoneType":"SI_BUILT","name":"Pozidano zemljišče","authority":"MKGP","dataSource":"raba-3000"},"geometry":{"type":"Polygon","coordinates":[[[14.915752599214894,46.33650312526606],[14.915837653119775,46.33664018803272],[14.916870143283976,46.336853188462456],[14.916384361694956,46.33649710982872],[14.915752599214894,46.33650312526606]]]}},{"type":"Feature","properties":{"_zoneType":"SI_BUILT","name":"Pozidano zemljišče","authority":"MKGP","dataSource":"raba-3000"},"geometry":{"type":"Polygon","coordinates":[[[14.892071325087768,46.377819382641555],[14.892802491314226,46.37608786088841],[14.895211911105491,46.37552904266597],[14.892605608593119,46.375885311053516],[14.892071325087768,46.377819382641555]]]}},{"type":"Feature","properties":{"_zoneType":"SI_BUILT","name":"Pozidano zemljišče","authority":"MKGP","dataSource":"raba-3000"},"geometry":{"type":"Polygon","coordinates":[[[14.949431610128146,46.36769899437811],[14.94966211586604,46.36782680610995],[14.950040839256689,46.367220144969544],[14.949431610128146,46.36769899437811]]]}},{"type":"Feature","properties":{"_zoneType":"SI_BUILT","name":"Pozidano zemljišče","authority":"MKGP","dataSource":"raba-3000"},"geometry":{"type":"Polygon","coordinates":[[[14.990434362017188,46.39869030919702],[14.992429692284944,46.3976064114273],[14.991127691369607,46.39685821940011],[14.991254937950998,46.39759361657182],[14.990434362017188,46.39869030919702]]]}},{"type":"Feature","properties":{"_zoneType":"SI_BUILT","name":"Pozidano zemljišče","authority":"MKGP","dataSource":"raba-3000"},"geometry":{"type":"Polygon","coordinates":[[[14.982687224904115,46.33409248774691],[14.98347706524146,46.334409115077676],[14.982878965521042,46.33398245933199],[14.982687224904115,46.33409248774691]]]}},{"type":"Feature","properties":{"_zoneType":"SI_BUILT","name":"Pozidano zemljišče","authority":"MKGP","dataSource":"raba-3000"},"geometry":{"type":"Polygon","coordinates":[[[14.942980960499717,46.25751984241008],[14.943057657463289,46.257350219276475],[14.94266583397828,46.25745342186647],[14.942980960499717,46.25751984241008]]]}},{"type":"Feature","properties":{"_zoneType":"SI_BUILT","name":"Pozidano zemljišče","authority":"MKGP","dataSource":"raba-3000"},"geometry":{"type":"Polygon","coordinates":[[[14.946577018481637,46.25657919665791],[14.946790593273588,46.25623491500775],[14.946242489407126,46.2564566801353],[14.946577018481637,46.25657919665791]]]}},{"type":"Feature","properties":{"_zoneType":"SI_BUILT","name":"Pozidano zemljišče","authority":"MKGP","dataSource":"raba-3000"},"geometry":{"type":"Polygon","coordinates":[[[14.980649237263759,46.26920770554005],[14.981709973451117,46.269546415852346],[14.983789950326596,46.26672641003853],[14.980649237263759,46.26920770554005]]]}},{"type":"Feature","properties":{"_zoneType":"SI_BUILT","name":"Pozidano zemljišče","authority":"MKGP","dataSource":"raba-3000"},"geometry":{"type":"Polygon","coordinates":[[[14.982387500225638,46.23467259181344],[14.983803405051965,46.23618524060467],[14.984601397982473,46.23558030241226],[14.982723308299999,46.23450124538109],[14.982387500225638,46.23467259181344]]]}},{"type":"Feature","properties":{"_zoneType":"SI_BUILT","name":"Pozidano zemljišče","authority":"MKGP","dataSource":"raba-3000"},"geometry":{"type":"Polygon","coordinates":[[[14.978839802434758,46.23702782326418],[14.978788592531608,46.23685897094235],[14.978552965686866,46.23706337116516],[14.978839802434758,46.23702782326418]]]}},{"type":"Feature","properties":{"_zoneType":"SI_BUILT","name":"Pozidano zemljišče","authority":"MKGP","dataSource":"raba-3000"},"geometry":{"type":"Polygon","coordinates":[[[14.866860421682082,46.277981826670505],[14.869542092863236,46.27756321917675],[14.870448447843186,46.27671759321854],[14.868556704645087,46.27657742835648],[14.866860421682082,46.277981826670505]]]}},{"type":"Feature","properties":{"_zoneType":"SI_BUILT","name":"Pozidano zemljišče","authority":"MKGP","dataSource":"raba-3000"},"geometry":{"type":"Polygon","coordinates":[[[14.993894102814155,46.22041151341227],[14.992075265980267,46.21975108352202],[14.990472771208978,46.22049940647434],[14.993333607829172,46.22074047663983],[14.993894102814155,46.22041151341227]]]}},{"type":"Feature","properties":{"_zoneType":"SI_BUILT","name":"Pozidano zemljišče","authority":"MKGP","dataSource":"raba-3000"},"geometry":{"type":"Polygon","coordinates":[[[14.999999999999998,46.219993710325575],[14.999999999999998,46.21976052001564],[14.998101143494502,46.219753969282024],[14.998751514840496,46.220036642789346],[14.999999999999998,46.219993710325575]]]}},{"type":"Feature","properties":{"_zoneType":"SI_BUILT","name":"Pozidano zemljišče","authority":"MKGP","dataSource":"raba-3000"},"geometry":{"type":"Polygon","coordinates":[[[14.999999999999998,46.236235945127866],[14.99793747025067,46.236245476350746],[14.995996318216601,46.23684345004033],[14.999999999999998,46.23650283301558],[14.999999999999998,46.236235945127866]]]}},{"type":"Feature","properties":{"_zoneType":"SI_BUILT","name":"Pozidano zemljišče","authority":"MKGP","dataSource":"raba-3000"},"geometry":{"type":"Polygon","coordinates":[[[14.970632803586714,46.31495029193955],[14.973438909231284,46.31400317271841],[14.976132156766488,46.31513619708371],[14.976900149398684,46.31596668004701],[14.976148073055274,46.31687752315079],[14.97947555596063,46.31847505996535],[14.977960189984703,46.32],[14.979393485390489,46.32],[14.97908017526204,46.31966747832611],[14.980631921725244,46.31807764415398],[14.977170621988389,46.31639133017768],[14.981762246253394,46.31616511679441],[14.98514682394498,46.314804374768116],[14.986868151773814,46.315268112475394],[14.986283878501874,46.31435753254505],[14.988058487294063,46.3140016910038],[14.98855974800503,46.31535641654435],[14.989230744749491,46.31470406787913],[14.990628573542468,46.31529334612421],[14.991800166534109,46.31313880846341],[14.993926512296385,46.312281978299254],[14.995135435874449,46.31117384987017],[14.995783399243342,46.315228154397445],[14.993388338328355,46.31552413382986],[14.992574393201826,46.31700662952965],[14.994660123715231,46.31577101849744],[14.996349175400077,46.31739150708302],[14.99613280732766,46.314850142809576],[14.998155050274697,46.31342975692732],[14.995672801344575,46.31336875554116],[14.999999999999998,46.31256541028446],[14.999999999999998,46.31057834335952],[14.999510258949956,46.31182624206809],[14.99609851731156,46.31250214187563],[14.995193974893125,46.30959158335391],[14.993736161689519,46.31208794425144],[14.992887466514238,46.310519500552154],[14.992380726725667,46.31262655942357],[14.9905509093407,46.31418619286094],[14.986334421828273,46.31381700465889],[14.985288564500493,46.31321093593624],[14.985706550075609,46.31230715596977],[14.984216223042441,46.31315275683915],[14.981449568973893,46.31288103762736],[14.985849005831046,46.31394241251533],[14.981454812355691,46.315982353069636],[14.975570955712534,46.31463455714587],[14.975953312739744,46.312415266622004],[14.97422670075634,46.31372848319942],[14.971876547215583,46.31380547401177],[14.970673250101976,46.312948273759496],[14.970983170431433,46.31194400391722],[14.970280801471509,46.312887417445026],[14.971310559688737,46.31417754312276],[14.969712086262957,46.3152103902558],[14.971851681329746,46.31590231286907],[14.970632803586714,46.31495029193955]]]}},{"type":"Feature","properties":{"_zoneType":"SI_BUILT","name":"Pozidano zemljišče","authority":"MKGP","dataSource":"raba-3000"},"geometry":{"type":"Polygon","coordinates":[[[14.981437099651576,46.31997773321553],[14.981398037634019,46.32],[14.981412640033799,46.32],[14.981437099651576,46.31997773321553]]]}},{"type":"Feature","properties":{"_zoneType":"SI_BUILT","name":"Pozidano zemljišče","authority":"MKGP","dataSource":"raba-3000"},"geometry":{"type":"Polygon","coordinates":[[[14.97739006382931,46.3205737282036],[14.980419011035075,46.32292737740638],[14.979863062186983,46.3214106563827],[14.981412640033799,46.32],[14.981398037634019,46.32],[14.98009392680074,46.320743391065434],[14.979393485390489,46.32],[14.977960189984703,46.32],[14.97739006382931,46.3205737282036]]]}},{"type":"Feature","properties":{"_zoneType":"SI_BUILT","name":"Pozidano zemljišče","authority":"MKGP","dataSource":"raba-3000"},"geometry":{"type":"Polygon","coordinates":[[[14.999999999999998,46.38409704905575],[14.999999999999998,46.38332191120947],[14.997066342433593,46.38256911831389],[14.99649079026818,46.38340052975123],[14.99884324425966,46.384773287183464],[14.999999999999998,46.38409704905575]]]}},{"type":"Feature","properties":{"_zoneType":"SI_BUILT","name":"Pozidano zemljišče","authority":"MKGP","dataSource":"raba-3000"},"geometry":{"type":"Polygon","coordinates":[[[14.999999999999998,46.27759069593254],[14.999793104455758,46.27784149115046],[14.999999999999998,46.27798422288368],[14.999999999999998,46.27759069593254]]]}},{"type":"Feature","properties":{"_zoneType":"SI_BUILT","name":"Pozidano zemljišče","authority":"MKGP","dataSource":"raba-3000"},"geometry":{"type":"Polygon","coordinates":[[[14.99993447999769,46.32696592090866],[14.9988287235999,46.32624697486892],[14.999134141870474,46.32716106519926],[14.997200364356162,46.32762641916682],[14.996302664623784,46.32679488207815],[14.996484553628983,46.3249621156008],[14.998123440933918,46.32428870360764],[14.996197330237425,46.32461649749031],[14.995613266706316,46.32388503308369],[14.994247453476794,46.32464334104798],[14.995803328812288,46.326469822452914],[14.993707390776285,46.326949512288564],[14.997147064156364,46.32803228482957],[14.99993447999769,46.32696592090866]]]}},{"type":"Feature","properties":{"_zoneType":"SI_BUILT","name":"Pozidano zemljišče","authority":"MKGP","dataSource":"raba-3000"},"geometry":{"type":"Polygon","coordinates":[[[14.998326834715247,46.27883710105733],[14.998703038551339,46.27983070248182],[14.998658999873658,46.28],[14.999085812652046,46.28],[14.999116423234687,46.279933827872796],[14.998326834715247,46.27883710105733]]]}},{"type":"Feature","properties":{"_zoneType":"SI_BUILT","name":"Pozidano zemljišče","authority":"MKGP","dataSource":"raba-3000"},"geometry":{"type":"Polygon","coordinates":[[[14.998110631275603,46.282108088789],[14.999085812652046,46.28],[14.998658999873658,46.28],[14.998110631275603,46.282108088789]]]}},{"type":"Feature","properties":{"_zoneType":"SI_BUILT","name":"Pozidano zemljišče","authority":"MKGP","dataSource":"raba-3000"},"geometry":{"type":"Polygon","coordinates":[[[14.982576325270237,46.35567876351284],[14.981666998137557,46.35593630112647],[14.982408620098775,46.35612878998137],[14.982576325270237,46.35567876351284]]]}},{"type":"Feature","properties":{"_zoneType":"SI_BUILT","name":"Pozidano zemljišče","authority":"MKGP","dataSource":"raba-3000"},"geometry":{"type":"Polygon","coordinates":[[[14.991807280652976,46.34563518840669],[14.99176888420539,46.34545203632199],[14.991482634717864,46.345664568353385],[14.991807280652976,46.34563518840669]]]}},{"type":"Feature","properties":{"_zoneType":"SI_BUILT","name":"Pozidano zemljišče","authority":"MKGP","dataSource":"raba-3000"},"geometry":{"type":"Polygon","coordinates":[[[14.989186331307959,46.35782502012272],[14.988224143217455,46.35780828704511],[14.98884073694701,46.35802383661607],[14.989186331307959,46.35782502012272]]]}},{"type":"Feature","properties":{"_zoneType":"SI_BUILT","name":"Pozidano zemljišče","authority":"MKGP","dataSource":"raba-3000"},"geometry":{"type":"Polygon","coordinates":[[[14.997300536051663,46.27773856214817],[14.996460263736422,46.27734366825207],[14.997113773791193,46.277854335519955],[14.997300536051663,46.27773856214817]]]}},{"type":"Feature","properties":{"_zoneType":"SI_BUILT","name":"Pozidano zemljišče","authority":"MKGP","dataSource":"raba-3000"},"geometry":{"type":"Polygon","coordinates":[[[14.996958621825582,46.27334964019519],[14.996235894335872,46.27322122727477],[14.99681579968911,46.27353177956506],[14.996958621825582,46.27334964019519]]]}},{"type":"Feature","properties":{"_zoneType":"SI_BUILT","name":"Pozidano zemljišče","authority":"MKGP","dataSource":"raba-3000"},"geometry":{"type":"Polygon","coordinates":[[[14.99628998800447,46.22998402664642],[14.995230936163923,46.22966399107489],[14.991990708077594,46.23099842933672],[14.992910623287306,46.23136203226019],[14.99628998800447,46.22998402664642]]]}},{"type":"Feature","properties":{"_zoneType":"SI_BUILT","name":"Pozidano zemljišče","authority":"MKGP","dataSource":"raba-3000"},"geometry":{"type":"Polygon","coordinates":[[[14.995486321223988,46.274897181292964],[14.994754223306613,46.27448716416442],[14.995335464138332,46.27392221903777],[14.99320996945238,46.27491743193248],[14.99421069030913,46.2759326230687],[14.995486321223988,46.274897181292964]]]}},{"type":"Feature","properties":{"_zoneType":"SI_BUILT","name":"Pozidano zemljišče","authority":"MKGP","dataSource":"raba-3000"},"geometry":{"type":"Polygon","coordinates":[[[14.994776266105845,46.34284332915308],[14.994572949495877,46.342689952048126],[14.994555493076827,46.34298502053431],[14.994776266105845,46.34284332915308]]]}},{"type":"Feature","properties":{"_zoneType":"SI_BUILT","name":"Pozidano zemljišče","authority":"MKGP","dataSource":"raba-3000"},"geometry":{"type":"Polygon","coordinates":[[[14.992963191378026,46.39127498163436],[14.99261118402467,46.391109474950085],[14.99275382235296,46.39142876788644],[14.992963191378026,46.39127498163436]]]}},{"type":"Feature","properties":{"_zoneType":"SI_BUILT","name":"Pozidano zemljišče","authority":"MKGP","dataSource":"raba-3000"},"geometry":{"type":"Polygon","coordinates":[[[14.992030627097888,46.283840199551236],[14.992123456033344,46.284535168818486],[14.991605441737626,46.28499818737789],[14.992441126053105,46.28459387004579],[14.992030627097888,46.283840199551236]]]}},{"type":"Feature","properties":{"_zoneType":"SI_BUILT","name":"Pozidano zemljišče","authority":"MKGP","dataSource":"raba-3000"},"geometry":{"type":"Polygon","coordinates":[[[14.99053609432919,46.37365789457662],[14.991433615608512,46.37314553359672],[14.99053279833592,46.37355098165131],[14.99053609432919,46.37365789457662]]]}},{"type":"Feature","properties":{"_zoneType":"SI_BUILT","name":"Pozidano zemljišče","authority":"MKGP","dataSource":"raba-3000"},"geometry":{"type":"Polygon","coordinates":[[[14.981183210588698,46.22221564139751],[14.979996091790891,46.220629327019445],[14.980615759914901,46.21974971486756],[14.979177017557683,46.21977626707479],[14.980549075124548,46.22234455940608],[14.981183210588698,46.22221564139751]]]}},{"type":"Feature","properties":{"_zoneType":"SI_BUILT","name":"Pozidano zemljišče","authority":"MKGP","dataSource":"raba-3000"},"geometry":{"type":"Polygon","coordinates":[[[14.988444425966197,46.369754825880264],[14.98772969445065,46.36871278671584],[14.986824814564308,46.36852165846354],[14.988125024495872,46.369722440490165],[14.988444425966197,46.369754825880264]]]}},{"type":"Feature","properties":{"_zoneType":"SI_BUILT","name":"Pozidano zemljišče","authority":"MKGP","dataSource":"raba-3000"},"geometry":{"type":"Polygon","coordinates":[[[14.987938257986674,46.35533712420471],[14.987627311700916,46.35526196508236],[14.987644950082641,46.355819564639575],[14.987938257986674,46.35533712420471]]]}},{"type":"Feature","properties":{"_zoneType":"SI_BUILT","name":"Pozidano zemljišče","authority":"MKGP","dataSource":"raba-3000"},"geometry":{"type":"Polygon","coordinates":[[[14.987751421460453,46.33124288912087],[14.987421569414533,46.33110054200424],[14.987581267683957,46.331432355825086],[14.987751421460453,46.33124288912087]]]}},{"type":"Feature","properties":{"_zoneType":"SI_BUILT","name":"Pozidano zemljišče","authority":"MKGP","dataSource":"raba-3000"},"geometry":{"type":"Polygon","coordinates":[[[14.986219658135562,46.31987023777857],[14.985237762598588,46.31895830811323],[14.985305229679788,46.32],[14.985830311003566,46.32],[14.986219658135562,46.31987023777857]]]}},{"type":"Feature","properties":{"_zoneType":"SI_BUILT","name":"Pozidano zemljišče","authority":"MKGP","dataSource":"raba-3000"},"geometry":{"type":"Polygon","coordinates":[[[14.985350621781837,46.320159871574475],[14.985830311003566,46.32],[14.985305229679788,46.32],[14.985389843621903,46.32130643945819],[14.985350621781837,46.320159871574475]]]}},{"type":"Feature","properties":{"_zoneType":"SI_BUILT","name":"Pozidano zemljišče","authority":"MKGP","dataSource":"raba-3000"},"geometry":{"type":"Polygon","coordinates":[[[14.979400690112143,46.363284719572746],[14.979078597748329,46.363148317266614],[14.979245672539323,46.363468440060345],[14.979400690112143,46.363284719572746]]]}},{"type":"Feature","properties":{"_zoneType":"SI_BUILT","name":"Pozidano zemljišče","authority":"MKGP","dataSource":"raba-3000"},"geometry":{"type":"Polygon","coordinates":[[[14.98536899802567,46.23205724815216],[14.984400240943547,46.23168959197119],[14.984186109356472,46.232931150911234],[14.98536899802567,46.23205724815216]]]}},{"type":"Feature","properties":{"_zoneType":"SI_BUILT","name":"Pozidano zemljišče","authority":"MKGP","dataSource":"raba-3000"},"geometry":{"type":"Polygon","coordinates":[[[14.985231554909522,46.283621198568085],[14.98502447122816,46.283478231089354],[14.984775163914456,46.28385536400516],[14.985231554909522,46.283621198568085]]]}},{"type":"Feature","properties":{"_zoneType":"SI_BUILT","name":"Pozidano zemljišče","authority":"MKGP","dataSource":"raba-3000"},"geometry":{"type":"Polygon","coordinates":[[[14.985068046077563,46.34645923012973],[14.983161774427833,46.34480115376359],[14.983626801842526,46.34661260149191],[14.985068046077563,46.34645923012973]]]}},{"type":"Feature","properties":{"_zoneType":"SI_BUILT","name":"Pozidano zemljišče","authority":"MKGP","dataSource":"raba-3000"},"geometry":{"type":"Polygon","coordinates":[[[14.984726715995984,46.28819347819334],[14.984686432214595,46.28805385602591],[14.984233241750404,46.28817226304675],[14.984726715995984,46.28819347819334]]]}},{"type":"Feature","properties":{"_zoneType":"SI_BUILT","name":"Pozidano zemljišče","authority":"MKGP","dataSource":"raba-3000"},"geometry":{"type":"Polygon","coordinates":[[[14.98420612670743,46.258107881499576],[14.984527465700799,46.258172273082415],[14.984304292789771,46.2579218564281],[14.98420612670743,46.258107881499576]]]}},{"type":"Feature","properties":{"_zoneType":"SI_BUILT","name":"Pozidano zemljišče","authority":"MKGP","dataSource":"raba-3000"},"geometry":{"type":"Polygon","coordinates":[[[14.983893783573782,46.23914325872276],[14.983612840475692,46.238628848124094],[14.98224825612203,46.23885596424903],[14.983638916471389,46.23930451382828],[14.983893783573782,46.23914325872276]]]}},{"type":"Feature","properties":{"_zoneType":"SI_BUILT","name":"Pozidano zemljišče","authority":"MKGP","dataSource":"raba-3000"},"geometry":{"type":"Polygon","coordinates":[[[14.982741633272573,46.31872221266823],[14.982567781338899,46.31863230162202],[14.981434593362865,46.319231696279026],[14.982741633272573,46.31872221266823]]]}},{"type":"Feature","properties":{"_zoneType":"SI_BUILT","name":"Pozidano zemljišče","authority":"MKGP","dataSource":"raba-3000"},"geometry":{"type":"Polygon","coordinates":[[[14.981988274233553,46.359390528812085],[14.981499972939245,46.35919838694527],[14.981467798167238,46.359806901070876],[14.981988274233553,46.359390528812085]]]}},{"type":"Feature","properties":{"_zoneType":"SI_BUILT","name":"Pozidano zemljišče","authority":"MKGP","dataSource":"raba-3000"},"geometry":{"type":"Polygon","coordinates":[[[14.98061723996142,46.23594424332789],[14.980759771872584,46.23614091042414],[14.980903101700582,46.235857150990405],[14.98061723996142,46.23594424332789]]]}},{"type":"Feature","properties":{"_zoneType":"SI_BUILT","name":"Pozidano zemljišče","authority":"MKGP","dataSource":"raba-3000"},"geometry":{"type":"Polygon","coordinates":[[[14.978554415738987,46.3983358027166],[14.98040369720937,46.398589340408364],[14.980784771700478,46.397096240978605],[14.978593413011055,46.39822295566385],[14.978554415738987,46.3983358027166]]]}},{"type":"Feature","properties":{"_zoneType":"SI_BUILT","name":"Pozidano zemljišče","authority":"MKGP","dataSource":"raba-3000"},"geometry":{"type":"Polygon","coordinates":[[[14.9796188403586,46.298406829865215],[14.979217880683548,46.29805043475169],[14.97939737740821,46.29848868385738],[14.9796188403586,46.298406829865215]]]}},{"type":"Feature","properties":{"_zoneType":"SI_BUILT","name":"Pozidano zemljišče","authority":"MKGP","dataSource":"raba-3000"},"geometry":{"type":"Polygon","coordinates":[[[14.976240055869972,46.29650415212597],[14.976307543393082,46.295790202205545],[14.976003833050555,46.29644522755777],[14.976240055869972,46.29650415212597]]]}},{"type":"Feature","properties":{"_zoneType":"SI_BUILT","name":"Pozidano zemljišče","authority":"MKGP","dataSource":"raba-3000"},"geometry":{"type":"Polygon","coordinates":[[[14.976105848202605,46.2600418983522],[14.975814865408777,46.25987705515887],[14.975882834358098,46.260199543841225],[14.976105848202605,46.2600418983522]]]}},{"type":"Feature","properties":{"_zoneType":"SI_BUILT","name":"Pozidano zemljišče","authority":"MKGP","dataSource":"raba-3000"},"geometry":{"type":"Polygon","coordinates":[[[14.972858235733067,46.3208760639182],[14.971601106844506,46.32080516025612],[14.971310998236783,46.321297653412955],[14.972858235733067,46.3208760639182]]]}},{"type":"Feature","properties":{"_zoneType":"SI_BUILT","name":"Pozidano zemljišče","authority":"MKGP","dataSource":"raba-3000"},"geometry":{"type":"Polygon","coordinates":[[[14.972794697302652,46.34506751866756],[14.97260868940159,46.344936518696336],[14.972602087958151,46.345213309564926],[14.972794697302652,46.34506751866756]]]}},{"type":"Feature","properties":{"_zoneType":"SI_BUILT","name":"Pozidano zemljišče","authority":"MKGP","dataSource":"raba-3000"},"geometry":{"type":"Polygon","coordinates":[[[14.971423966032534,46.29373488392637],[14.971144201906336,46.29369509774985],[14.970359691486484,46.295558402807636],[14.971423966032534,46.29373488392637]]]}},{"type":"Feature","properties":{"_zoneType":"SI_BUILT","name":"Pozidano zemljišče","authority":"MKGP","dataSource":"raba-3000"},"geometry":{"type":"Polygon","coordinates":[[[14.971314203130625,46.36279756731309],[14.969098191642487,46.361953665113994],[14.96947648333698,46.360876024265686],[14.967771104527744,46.36183424579011],[14.968535443783669,46.36263264897602],[14.971314203130625,46.36279756731309]]]}},{"type":"Feature","properties":{"_zoneType":"SI_BUILT","name":"Pozidano zemljišče","authority":"MKGP","dataSource":"raba-3000"},"geometry":{"type":"Polygon","coordinates":[[[14.970165262885285,46.392506146906086],[14.970774995005371,46.392529385016445],[14.971039480396952,46.39084312208067],[14.970175186568357,46.39075674593377],[14.970809278409387,46.39169095717891],[14.970165262885285,46.392506146906086]]]}},{"type":"Feature","properties":{"_zoneType":"SI_BUILT","name":"Pozidano zemljišče","authority":"MKGP","dataSource":"raba-3000"},"geometry":{"type":"Polygon","coordinates":[[[14.9692787035785,46.365437511856065],[14.969089936998456,46.3642290863489],[14.968600079992447,46.36566567569128],[14.966508893081722,46.36675804270583],[14.9692787035785,46.365437511856065]]]}},{"type":"Feature","properties":{"_zoneType":"SI_BUILT","name":"Pozidano zemljišče","authority":"MKGP","dataSource":"raba-3000"},"geometry":{"type":"Polygon","coordinates":[[[14.970647830516414,46.36515608389538],[14.970349096291885,46.36516038753048],[14.969857291666473,46.36584836934978],[14.970519578948469,46.36585009722077],[14.970647830516414,46.36515608389538]]]}},{"type":"Feature","properties":{"_zoneType":"SI_BUILT","name":"Pozidano zemljišče","authority":"MKGP","dataSource":"raba-3000"},"geometry":{"type":"Polygon","coordinates":[[[14.96852031917011,46.271172988900425],[14.968301327508662,46.271022933016866],[14.96831569345458,46.27130938837891],[14.96852031917011,46.271172988900425]]]}},{"type":"Feature","properties":{"_zoneType":"SI_BUILT","name":"Pozidano zemljišče","authority":"MKGP","dataSource":"raba-3000"},"geometry":{"type":"Polygon","coordinates":[[[14.969899091285722,46.27133485384291],[14.969696634246537,46.27113173129978],[14.969492939271932,46.271471413361944],[14.969899091285722,46.27133485384291]]]}},{"type":"Feature","properties":{"_zoneType":"SI_BUILT","name":"Pozidano zemljišče","authority":"MKGP","dataSource":"raba-3000"},"geometry":{"type":"Polygon","coordinates":[[[14.969606057653696,46.33051797682731],[14.96933900212597,46.3304252825532],[14.96947936229765,46.330723374670804],[14.969606057653696,46.33051797682731]]]}},{"type":"Feature","properties":{"_zoneType":"SI_BUILT","name":"Pozidano zemljišče","authority":"MKGP","dataSource":"raba-3000"},"geometry":{"type":"Polygon","coordinates":[[[14.968204224310325,46.39741773499189],[14.967262012255674,46.39773353681835],[14.967939959820988,46.3983693236361],[14.968204224310325,46.39741773499189]]]}},{"type":"Feature","properties":{"_zoneType":"SI_BUILT","name":"Pozidano zemljišče","authority":"MKGP","dataSource":"raba-3000"},"geometry":{"type":"Polygon","coordinates":[[[14.968239817632256,46.35891032018752],[14.967367860808432,46.35859073058103],[14.96796940376548,46.35909465933281],[14.968239817632256,46.35891032018752]]]}},{"type":"Feature","properties":{"_zoneType":"SI_BUILT","name":"Pozidano zemljišče","authority":"MKGP","dataSource":"raba-3000"},"geometry":{"type":"Polygon","coordinates":[[[14.967952207666215,46.297585233059],[14.967980280985575,46.29677164503608],[14.966554603944855,46.29507356848026],[14.966956104726387,46.29739025453471],[14.967952207666215,46.297585233059]]]}},{"type":"Feature","properties":{"_zoneType":"SI_BUILT","name":"Pozidano zemljišče","authority":"MKGP","dataSource":"raba-3000"},"geometry":{"type":"Polygon","coordinates":[[[14.966755945323197,46.31575462490006],[14.96644508531775,46.31568266781904],[14.966670704972271,46.31595491374792],[14.966755945323197,46.31575462490006]]]}},{"type":"Feature","properties":{"_zoneType":"SI_BUILT","name":"Pozidano zemljišče","authority":"MKGP","dataSource":"raba-3000"},"geometry":{"type":"Polygon","coordinates":[[[14.965801190926417,46.22496976092573],[14.9656026924916,46.22486201392652],[14.964633350615006,46.22551566645849],[14.965801190926417,46.22496976092573]]]}},{"type":"Feature","properties":{"_zoneType":"SI_BUILT","name":"Pozidano zemljišče","authority":"MKGP","dataSource":"raba-3000"},"geometry":{"type":"Polygon","coordinates":[[[14.965196808954403,46.34714645651272],[14.964424112983103,46.34780685167314],[14.963696404533312,46.347965372147485],[14.964492690089198,46.34840908688587],[14.965196808954403,46.34714645651272]]]}},{"type":"Feature","properties":{"_zoneType":"SI_BUILT","name":"Pozidano zemljišče","authority":"MKGP","dataSource":"raba-3000"},"geometry":{"type":"Polygon","coordinates":[[[14.96,46.3582119142072],[14.96,46.35663188291515],[14.959965185499518,46.356158576668115],[14.959626029251966,46.357490476232456],[14.96,46.3582119142072]]]}},{"type":"Feature","properties":{"_zoneType":"SI_BUILT","name":"Pozidano zemljišče","authority":"MKGP","dataSource":"raba-3000"},"geometry":{"type":"Polygon","coordinates":[[[14.960918954961276,46.35998469726479],[14.961017186680383,46.36],[14.962924696371513,46.36],[14.962494724257166,46.359873516677226],[14.963743594120588,46.359094689568835],[14.962176568514279,46.35855993110888],[14.96240660191064,46.356184304853514],[14.961207742510926,46.358134672493485],[14.960076709791169,46.35767475938517],[14.96,46.35663188291515],[14.96,46.3582119142072],[14.960918954961276,46.35998469726479]]]}},{"type":"Feature","properties":{"_zoneType":"SI_BUILT","name":"Pozidano zemljišče","authority":"MKGP","dataSource":"raba-3000"},"geometry":{"type":"Polygon","coordinates":[[[14.9650720183903,46.36063166985704],[14.962924696371513,46.36],[14.961017186680383,46.36],[14.9650720183903,46.36063166985704]]]}},{"type":"Feature","properties":{"_zoneType":"SI_BUILT","name":"Pozidano zemljišče","authority":"MKGP","dataSource":"raba-3000"},"geometry":{"type":"Polygon","coordinates":[[[14.964057004573577,46.29317312549365],[14.963868268358286,46.292991069568465],[14.963807225366516,46.293292565622146],[14.964057004573577,46.29317312549365]]]}},{"type":"Feature","properties":{"_zoneType":"SI_BUILT","name":"Pozidano zemljišče","authority":"MKGP","dataSource":"raba-3000"},"geometry":{"type":"Polygon","coordinates":[[[14.963852108114065,46.27221831493265],[14.961632490360937,46.27169675706805],[14.961399081667258,46.27230451839002],[14.963852108114065,46.27221831493265]]]}},{"type":"Feature","properties":{"_zoneType":"SI_BUILT","name":"Pozidano zemljišče","authority":"MKGP","dataSource":"raba-3000"},"geometry":{"type":"Polygon","coordinates":[[[14.96299513155382,46.28048386042021],[14.96277672924639,46.28009022893071],[14.961696530745126,46.280007415746056],[14.96299513155382,46.28048386042021]]]}},{"type":"Feature","properties":{"_zoneType":"SI_BUILT","name":"Pozidano zemljišče","authority":"MKGP","dataSource":"raba-3000"},"geometry":{"type":"Polygon","coordinates":[[[14.961388021635846,46.36460624741104],[14.961465695704412,46.36505158415589],[14.961654814484818,46.36460052880627],[14.961388021635846,46.36460624741104]]]}},{"type":"Feature","properties":{"_zoneType":"SI_BUILT","name":"Pozidano zemljišče","authority":"MKGP","dataSource":"raba-3000"},"geometry":{"type":"Polygon","coordinates":[[[14.95991773355511,46.278967779020995],[14.96,46.2789793065531],[14.96,46.27891049915019],[14.95991773355511,46.278967779020995]]]}},{"type":"Feature","properties":{"_zoneType":"SI_BUILT","name":"Pozidano zemljišče","authority":"MKGP","dataSource":"raba-3000"},"geometry":{"type":"Polygon","coordinates":[[[14.96,46.27891049915019],[14.96,46.2789793065531],[14.961327713077612,46.279165351484856],[14.960206149711796,46.27876696275605],[14.96,46.27891049915019]]]}},{"type":"Feature","properties":{"_zoneType":"SI_BUILT","name":"Pozidano zemljišče","authority":"MKGP","dataSource":"raba-3000"},"geometry":{"type":"Polygon","coordinates":[[[14.960900388770819,46.39173304351362],[14.96073331731606,46.391608739506296],[14.960280874177373,46.391992396201324],[14.960900388770819,46.39173304351362]]]}},{"type":"Feature","properties":{"_zoneType":"SI_BUILT","name":"Pozidano zemljišče","authority":"MKGP","dataSource":"raba-3000"},"geometry":{"type":"Polygon","coordinates":[[[14.959195824719892,46.25326178317844],[14.958956642642882,46.25316116796961],[14.959047401272661,46.2534194907001],[14.959195824719892,46.25326178317844]]]}},{"type":"Feature","properties":{"_zoneType":"SI_BUILT","name":"Pozidano zemljišče","authority":"MKGP","dataSource":"raba-3000"},"geometry":{"type":"Polygon","coordinates":[[[14.956523857812336,46.21974309162465],[14.956067671122712,46.21974291723579],[14.955833152905567,46.22002227135904],[14.956523857812336,46.21974309162465]]]}},{"type":"Feature","properties":{"_zoneType":"SI_BUILT","name":"Pozidano zemljišče","authority":"MKGP","dataSource":"raba-3000"},"geometry":{"type":"Polygon","coordinates":[[[14.953564203433015,46.35815614894981],[14.95278781868354,46.35850443661754],[14.954171966240368,46.36],[14.955188269303589,46.36],[14.953564203433015,46.35815614894981]]]}},{"type":"Feature","properties":{"_zoneType":"SI_BUILT","name":"Pozidano zemljišče","authority":"MKGP","dataSource":"raba-3000"},"geometry":{"type":"Polygon","coordinates":[[[14.956330868426923,46.36129722730566],[14.955188269303589,46.36],[14.954171966240368,46.36],[14.955423524308756,46.36135230121158],[14.956330868426923,46.36129722730566]]]}},{"type":"Feature","properties":{"_zoneType":"SI_BUILT","name":"Pozidano zemljišče","authority":"MKGP","dataSource":"raba-3000"},"geometry":{"type":"Polygon","coordinates":[[[14.9528894523401,46.23247012785115],[14.953211651627564,46.23241045172441],[14.95281846010661,46.23227368308585],[14.9528894523401,46.23247012785115]]]}},{"type":"Feature","properties":{"_zoneType":"SI_BUILT","name":"Pozidano zemljišče","authority":"MKGP","dataSource":"raba-3000"},"geometry":{"type":"Polygon","coordinates":[[[14.944495877939191,46.33640775713589],[14.94740065567777,46.336479344085284],[14.943801878043775,46.335688384715276],[14.942307912783864,46.334348989557476],[14.942025917663113,46.33567699546415],[14.938967908593463,46.335661842557556],[14.943276739528384,46.33652178196377],[14.938962473457533,46.33855412326862],[14.944655386030082,46.33802786351211],[14.944495877939191,46.33640775713589]],[[14.943713674721186,46.337688367513465],[14.943304105248378,46.338066473698575],[14.942067757138794,46.337950779989825],[14.942400264673696,46.337151948626136],[14.943713674721186,46.337688367513465]]]}},{"type":"Feature","properties":{"_zoneType":"SI_BUILT","name":"Pozidano zemljišče","authority":"MKGP","dataSource":"raba-3000"},"geometry":{"type":"Polygon","coordinates":[[[14.944133139879211,46.39661920529721],[14.943945074845434,46.39612621791968],[14.943403202028106,46.39681113266572],[14.944133139879211,46.39661920529721]]]}},{"type":"Feature","properties":{"_zoneType":"SI_BUILT","name":"Pozidano zemljišče","authority":"MKGP","dataSource":"raba-3000"},"geometry":{"type":"Polygon","coordinates":[[[14.942957736633902,46.25496420220464],[14.943343250083792,46.25554033699104],[14.94408727788952,46.25568090975084],[14.943225792492983,46.254927960615944],[14.942957736633902,46.25496420220464]]]}},{"type":"Feature","properties":{"_zoneType":"SI_BUILT","name":"Pozidano zemljišče","authority":"MKGP","dataSource":"raba-3000"},"geometry":{"type":"Polygon","coordinates":[[[14.943772564180511,46.23929362871601],[14.943499935610278,46.23918494992374],[14.943694283304023,46.23940485468173],[14.943772564180511,46.23929362871601]]]}},{"type":"Feature","properties":{"_zoneType":"SI_BUILT","name":"Pozidano zemljišče","authority":"MKGP","dataSource":"raba-3000"},"geometry":{"type":"Polygon","coordinates":[[[14.943332882041116,46.33241602152079],[14.942071130953956,46.3327444391491],[14.943280687197348,46.332535816341945],[14.943332882041116,46.33241602152079]]]}},{"type":"Feature","properties":{"_zoneType":"SI_BUILT","name":"Pozidano zemljišče","authority":"MKGP","dataSource":"raba-3000"},"geometry":{"type":"Polygon","coordinates":[[[14.94277087514248,46.293173444780265],[14.942514349530706,46.29279251662789],[14.942406133108376,46.293307856233874],[14.94277087514248,46.293173444780265]]]}},{"type":"Feature","properties":{"_zoneType":"SI_BUILT","name":"Pozidano zemljišče","authority":"MKGP","dataSource":"raba-3000"},"geometry":{"type":"Polygon","coordinates":[[[14.939862944262625,46.28392420934064],[14.938918041487597,46.28378826260104],[14.938261651562655,46.284157024953366],[14.93946226768712,46.28443235078561],[14.939862944262625,46.28392420934064]]]}},{"type":"Feature","properties":{"_zoneType":"SI_BUILT","name":"Pozidano zemljišče","authority":"MKGP","dataSource":"raba-3000"},"geometry":{"type":"Polygon","coordinates":[[[14.936954908814808,46.22955614841823],[14.938273390653798,46.23088907089738],[14.938145342758983,46.230120327206635],[14.93944219526589,46.229606717914855],[14.939288065580905,46.22861744072581],[14.935615695958004,46.22932177700428],[14.934179175985397,46.22850706189164],[14.933341072454757,46.22934936991464],[14.92946189688251,46.22821024913071],[14.93490080345877,46.229951080465675],[14.936954908814808,46.22955614841823]]]}},{"type":"Feature","properties":{"_zoneType":"SI_BUILT","name":"Pozidano zemljišče","authority":"MKGP","dataSource":"raba-3000"},"geometry":{"type":"Polygon","coordinates":[[[14.939178260108475,46.22211837355378],[14.93646957543562,46.221857909975],[14.93551842677281,46.222417340089365],[14.937852657195998,46.22263911437864],[14.939178260108475,46.22211837355378]]]}},{"type":"Feature","properties":{"_zoneType":"SI_BUILT","name":"Pozidano zemljišče","authority":"MKGP","dataSource":"raba-3000"},"geometry":{"type":"Polygon","coordinates":[[[14.937627670192981,46.32734273302808],[14.937112857630474,46.326816210499864],[14.93643175756826,46.326814830695014],[14.937282573365444,46.32740485425945],[14.937627670192981,46.32734273302808]]]}},{"type":"Feature","properties":{"_zoneType":"SI_BUILT","name":"Pozidano zemljišče","authority":"MKGP","dataSource":"raba-3000"},"geometry":{"type":"Polygon","coordinates":[[[14.933657649361205,46.32272108463432],[14.93368112938418,46.32283743723445],[14.93402649525958,46.322680931455984],[14.933657649361205,46.32272108463432]]]}},{"type":"Feature","properties":{"_zoneType":"SI_BUILT","name":"Pozidano zemljišče","authority":"MKGP","dataSource":"raba-3000"},"geometry":{"type":"Polygon","coordinates":[[[14.93045593490927,46.22996870055228],[14.929582058150958,46.22935613684894],[14.930132038719462,46.23007805153145],[14.93045593490927,46.22996870055228]]]}},{"type":"Feature","properties":{"_zoneType":"SI_BUILT","name":"Pozidano zemljišče","authority":"MKGP","dataSource":"raba-3000"},"geometry":{"type":"Polygon","coordinates":[[[14.928558783477595,46.34404638561733],[14.928256616701741,46.34369538061891],[14.9282830658937,46.34416651006537],[14.928558783477595,46.34404638561733]]]}},{"type":"Feature","properties":{"_zoneType":"SI_BUILT","name":"Pozidano zemljišče","authority":"MKGP","dataSource":"raba-3000"},"geometry":{"type":"Polygon","coordinates":[[[14.928185398013502,46.227513228795345],[14.928397339596662,46.227706220093054],[14.928544163118678,46.227433268073675],[14.928185398013502,46.227513228795345]]]}},{"type":"Feature","properties":{"_zoneType":"SI_BUILT","name":"Pozidano zemljišče","authority":"MKGP","dataSource":"raba-3000"},"geometry":{"type":"Polygon","coordinates":[[[14.925503722335728,46.39430088970901],[14.926829796962533,46.39385063772835],[14.926054966005022,46.39398918601084],[14.925503722335728,46.39430088970901]]]}},{"type":"Feature","properties":{"_zoneType":"SI_BUILT","name":"Pozidano zemljišče","authority":"MKGP","dataSource":"raba-3000"},"geometry":{"type":"Polygon","coordinates":[[[14.924902329441078,46.38524734397851],[14.923898309647058,46.385318703519495],[14.924060930163355,46.38594113765196],[14.924902329441078,46.38524734397851]]]}},{"type":"Feature","properties":{"_zoneType":"SI_BUILT","name":"Pozidano zemljišče","authority":"MKGP","dataSource":"raba-3000"},"geometry":{"type":"Polygon","coordinates":[[[14.89653489662856,46.310590708958415],[14.896233134828062,46.310675593996436],[14.896602253516761,46.31074719353379],[14.89653489662856,46.310590708958415]]]}},{"type":"Feature","properties":{"_zoneType":"SI_BUILT","name":"Pozidano zemljišče","authority":"MKGP","dataSource":"raba-3000"},"geometry":{"type":"Polygon","coordinates":[[[14.92338701363588,46.38265287225671],[14.922935110955732,46.38225248303288],[14.92318324772208,46.38277964450477],[14.92338701363588,46.38265287225671]]]}},{"type":"Feature","properties":{"_zoneType":"SI_BUILT","name":"Pozidano zemljišče","authority":"MKGP","dataSource":"raba-3000"},"geometry":{"type":"Polygon","coordinates":[[[14.922868545271516,46.33368308609378],[14.922607205380846,46.333598943240915],[14.922759412037253,46.33387669833919],[14.922868545271516,46.33368308609378]]]}},{"type":"Feature","properties":{"_zoneType":"SI_BUILT","name":"Pozidano zemljišče","authority":"MKGP","dataSource":"raba-3000"},"geometry":{"type":"Polygon","coordinates":[[[14.919924207918552,46.23311203746798],[14.917549995629518,46.233222812548206],[14.92,46.23333694119374],[14.92,46.23260123744225],[14.919781810345423,46.232441415429676],[14.92,46.23146596360363],[14.92,46.23091866467806],[14.91826264556301,46.23027983326575],[14.92,46.2296039220083],[14.92,46.229574929680375],[14.919388194854546,46.229806959898276],[14.92,46.22803089193661],[14.92,46.227997444786276],[14.91861541991674,46.228639563237174],[14.917262221673267,46.227696004664914],[14.917741140672556,46.229398442308415],[14.91566675667412,46.23005367468804],[14.917263502117512,46.23092535117741],[14.914929536268332,46.23115139139097],[14.91916641529903,46.231820509361825],[14.919924207918552,46.23311203746798]]]}},{"type":"Feature","properties":{"_zoneType":"SI_BUILT","name":"Pozidano zemljišče","authority":"MKGP","dataSource":"raba-3000"},"geometry":{"type":"Polygon","coordinates":[[[14.921072597964686,46.23338690606498],[14.92,46.23260123744225],[14.92,46.23333694119374],[14.921072597964686,46.23338690606498]]]}},{"type":"Feature","properties":{"_zoneType":"SI_BUILT","name":"Pozidano zemljišče","authority":"MKGP","dataSource":"raba-3000"},"geometry":{"type":"Polygon","coordinates":[[[14.920113116528983,46.23096025802852],[14.92,46.23091866467806],[14.92,46.23146596360363],[14.920113116528983,46.23096025802852]]]}},{"type":"Feature","properties":{"_zoneType":"SI_BUILT","name":"Pozidano zemljišče","authority":"MKGP","dataSource":"raba-3000"},"geometry":{"type":"Polygon","coordinates":[[[14.922961067989077,46.228451929562056],[14.92,46.229574929680375],[14.92,46.2296039220083],[14.922961067989077,46.228451929562056]]]}},{"type":"Feature","properties":{"_zoneType":"SI_BUILT","name":"Pozidano zemljišče","authority":"MKGP","dataSource":"raba-3000"},"geometry":{"type":"Polygon","coordinates":[[[14.920013712164014,46.22799108557772],[14.92,46.227997444786276],[14.92,46.22803089193661],[14.920013712164014,46.22799108557772]]]}},{"type":"Feature","properties":{"_zoneType":"SI_BUILT","name":"Pozidano zemljišče","authority":"MKGP","dataSource":"raba-3000"},"geometry":{"type":"Polygon","coordinates":[[[14.921315690669974,46.32979688961738],[14.92131431210583,46.330022409823215],[14.921806544427813,46.32979797778707],[14.921315690669974,46.32979688961738]]]}},{"type":"Feature","properties":{"_zoneType":"SI_BUILT","name":"Pozidano zemljišče","authority":"MKGP","dataSource":"raba-3000"},"geometry":{"type":"Polygon","coordinates":[[[14.913146630799831,46.37992303481739],[14.914732281961806,46.38015904224732],[14.916111660583528,46.37859094743955],[14.917780157104596,46.37940340889061],[14.916398476344888,46.38013128867317],[14.917509621849483,46.380964218298026],[14.915327256981751,46.38149189526412],[14.91732324606861,46.381423490900595],[14.918649992126298,46.3800659701478],[14.92,46.38057404817293],[14.92,46.38017550104903],[14.918462161501125,46.379420519675215],[14.918885023077332,46.37747778291878],[14.917792951318368,46.37870340702116],[14.916073653882945,46.37832269754911],[14.914055065351917,46.37879415138883],[14.916408423424302,46.375235161279754],[14.913188471593166,46.37735266666936],[14.914075229926624,46.37929554006137],[14.913146630799831,46.37992303481739]]]}},{"type":"Feature","properties":{"_zoneType":"SI_BUILT","name":"Pozidano zemljišče","authority":"MKGP","dataSource":"raba-3000"},"geometry":{"type":"Polygon","coordinates":[[[14.919510739021698,46.383123345985986],[14.92,46.38289580027512],[14.92,46.381464375002686],[14.919510739021698,46.383123345985986]]]}},{"type":"Feature","properties":{"_zoneType":"SI_BUILT","name":"Pozidano zemljišče","authority":"MKGP","dataSource":"raba-3000"},"geometry":{"type":"Polygon","coordinates":[[[14.920236341450616,46.38066299572637],[14.92,46.381464375002686],[14.92,46.38289580027512],[14.921388434307794,46.38225006663692],[14.92047863044352,46.38041047830448],[14.92,46.38017550104903],[14.92,46.38057404817293],[14.920236341450616,46.38066299572637]]]}},{"type":"Feature","properties":{"_zoneType":"SI_BUILT","name":"Pozidano zemljišče","authority":"MKGP","dataSource":"raba-3000"},"geometry":{"type":"Polygon","coordinates":[[[14.92,46.389540094499985],[14.92,46.38944869123408],[14.918986263964333,46.38983323808362],[14.92,46.389540094499985]]]}},{"type":"Feature","properties":{"_zoneType":"SI_BUILT","name":"Pozidano zemljišče","authority":"MKGP","dataSource":"raba-3000"},"geometry":{"type":"Polygon","coordinates":[[[14.921047624914754,46.3892371512179],[14.920817106483533,46.389138733106],[14.92,46.38944869123408],[14.92,46.389540094499985],[14.921047624914754,46.3892371512179]]]}},{"type":"Feature","properties":{"_zoneType":"SI_BUILT","name":"Pozidano zemljišče","authority":"MKGP","dataSource":"raba-3000"},"geometry":{"type":"Polygon","coordinates":[[[14.919109328829334,46.358589732982274],[14.92,46.358128705603654],[14.92,46.35767769554913],[14.919236985852539,46.357577181249056],[14.916931378575924,46.35269594538722],[14.915047216838612,46.352756607292584],[14.917434613476981,46.35386296440597],[14.919109328829334,46.358589732982274]]]}},{"type":"Feature","properties":{"_zoneType":"SI_BUILT","name":"Pozidano zemljišče","authority":"MKGP","dataSource":"raba-3000"},"geometry":{"type":"Polygon","coordinates":[[[14.920694554950003,46.35776919149962],[14.92,46.35767769554913],[14.92,46.358128705603654],[14.920694554950003,46.35776919149962]]]}},{"type":"Feature","properties":{"_zoneType":"SI_BUILT","name":"Pozidano zemljišče","authority":"MKGP","dataSource":"raba-3000"},"geometry":{"type":"Polygon","coordinates":[[[14.919906793273121,46.31677032676879],[14.92,46.31690210641839],[14.92,46.316789408953156],[14.919906793273121,46.31677032676879]]]}},{"type":"Feature","properties":{"_zoneType":"SI_BUILT","name":"Pozidano zemljišče","authority":"MKGP","dataSource":"raba-3000"},"geometry":{"type":"Polygon","coordinates":[[[14.920187421538898,46.316827779706855],[14.92,46.316789408953156],[14.92,46.31690210641839],[14.9201061068632,46.31705212483144],[14.920187421538898,46.316827779706855]]]}},{"type":"Feature","properties":{"_zoneType":"SI_BUILT","name":"Pozidano zemljišče","authority":"MKGP","dataSource":"raba-3000"},"geometry":{"type":"Polygon","coordinates":[[[14.916636419609997,46.399664063377486],[14.913952154354785,46.39757996087893],[14.912957946517391,46.39812452988234],[14.916636419609997,46.399664063377486]]]}},{"type":"Feature","properties":{"_zoneType":"SI_BUILT","name":"Pozidano zemljišče","authority":"MKGP","dataSource":"raba-3000"},"geometry":{"type":"Polygon","coordinates":[[[14.919643826224767,46.31884765141371],[14.919399114361552,46.318759540018256],[14.91952960360053,46.319021133531656],[14.919643826224767,46.31884765141371]]]}},{"type":"Feature","properties":{"_zoneType":"SI_BUILT","name":"Pozidano zemljišče","authority":"MKGP","dataSource":"raba-3000"},"geometry":{"type":"Polygon","coordinates":[[[14.913293697440084,46.260595241528094],[14.91865469447386,46.26060495563234],[14.917772118501174,46.25975062159027],[14.90703253476117,46.26088364301034],[14.915638791994605,46.26204280072628],[14.913293697440084,46.260595241528094]]]}},{"type":"Feature","properties":{"_zoneType":"SI_BUILT","name":"Pozidano zemljišče","authority":"MKGP","dataSource":"raba-3000"},"geometry":{"type":"Polygon","coordinates":[[[14.908181167627424,46.26174033626455],[14.908482766400187,46.26154515169637],[14.907965065888204,46.26155787822858],[14.908181167627424,46.26174033626455]]]}},{"type":"Feature","properties":{"_zoneType":"SI_BUILT","name":"Pozidano zemljišče","authority":"MKGP","dataSource":"raba-3000"},"geometry":{"type":"Polygon","coordinates":[[[14.913463750009887,46.375314513508435],[14.913139152624167,46.37523353184378],[14.913378201381574,46.37552373824149],[14.913463750009887,46.375314513508435]]]}},{"type":"Feature","properties":{"_zoneType":"SI_BUILT","name":"Pozidano zemljišče","authority":"MKGP","dataSource":"raba-3000"},"geometry":{"type":"Polygon","coordinates":[[[14.913180183265258,46.376439324463625],[14.913386387801301,46.37629665168207],[14.912946435726477,46.376230442019526],[14.913180183265258,46.376439324463625]]]}},{"type":"Feature","properties":{"_zoneType":"SI_BUILT","name":"Pozidano zemljišče","authority":"MKGP","dataSource":"raba-3000"},"geometry":{"type":"Polygon","coordinates":[[[14.913309538516058,46.390916036280345],[14.912302166470385,46.38996989800725],[14.910786063589436,46.39011525886058],[14.912031931520735,46.390219902024185],[14.913309538516058,46.390916036280345]]]}},{"type":"Feature","properties":{"_zoneType":"SI_BUILT","name":"Pozidano zemljišče","authority":"MKGP","dataSource":"raba-3000"},"geometry":{"type":"Polygon","coordinates":[[[14.913324344219626,46.23025479628249],[14.912940039225315,46.22957774015651],[14.912371942510445,46.22966116093027],[14.913324344219626,46.23025479628249]]]}},{"type":"Feature","properties":{"_zoneType":"SI_BUILT","name":"Pozidano zemljišče","authority":"MKGP","dataSource":"raba-3000"},"geometry":{"type":"Polygon","coordinates":[[[14.911272927692059,46.378908941366085],[14.910884961790815,46.37863114861797],[14.909970520056284,46.37884348946885],[14.911272927692059,46.378908941366085]]]}},{"type":"Feature","properties":{"_zoneType":"SI_BUILT","name":"Pozidano zemljišče","authority":"MKGP","dataSource":"raba-3000"},"geometry":{"type":"Polygon","coordinates":[[[14.910327386585891,46.35986678293255],[14.910232395367991,46.36],[14.91073536200854,46.36],[14.910327386585891,46.35986678293255]]]}},{"type":"Feature","properties":{"_zoneType":"SI_BUILT","name":"Pozidano zemljišče","authority":"MKGP","dataSource":"raba-3000"},"geometry":{"type":"Polygon","coordinates":[[[14.91073536200854,46.36],[14.910232395367991,46.36],[14.910197744725012,46.36004859456637],[14.910780421537442,46.36001471338215],[14.91073536200854,46.36]]]}},{"type":"Feature","properties":{"_zoneType":"SI_BUILT","name":"Pozidano zemljišče","authority":"MKGP","dataSource":"raba-3000"},"geometry":{"type":"Polygon","coordinates":[[[14.910766746343242,46.324034065694065],[14.910274442960695,46.32388803929989],[14.910581816468376,46.324314719601766],[14.910766746343242,46.324034065694065]]]}},{"type":"Feature","properties":{"_zoneType":"SI_BUILT","name":"Pozidano zemljišče","authority":"MKGP","dataSource":"raba-3000"},"geometry":{"type":"Polygon","coordinates":[[[14.910003780888756,46.399659036206415],[14.907337067976474,46.397756814828256],[14.9095424347187,46.39965867222277],[14.910003780888756,46.399659036206415]]]}},{"type":"Feature","properties":{"_zoneType":"SI_BUILT","name":"Pozidano zemljišče","authority":"MKGP","dataSource":"raba-3000"},"geometry":{"type":"Polygon","coordinates":[[[14.90853759941491,46.29646018122163],[14.908668388909271,46.29703907035858],[14.909132476041545,46.296727749441196],[14.90853759941491,46.29646018122163]]]}},{"type":"Feature","properties":{"_zoneType":"SI_BUILT","name":"Pozidano zemljišče","authority":"MKGP","dataSource":"raba-3000"},"geometry":{"type":"Polygon","coordinates":[[[14.908193732427113,46.38907569499845],[14.908461233858791,46.38927270714286],[14.908493960256187,46.38888170753626],[14.908193732427113,46.38907569499845]]]}},{"type":"Feature","properties":{"_zoneType":"SI_BUILT","name":"Pozidano zemljišče","authority":"MKGP","dataSource":"raba-3000"},"geometry":{"type":"Polygon","coordinates":[[[14.908901796663951,46.21976320612545],[14.908612281053317,46.21971483249269],[14.908839165075133,46.219916271197796],[14.908901796663951,46.21976320612545]]]}},{"type":"Feature","properties":{"_zoneType":"SI_BUILT","name":"Pozidano zemljišče","authority":"MKGP","dataSource":"raba-3000"},"geometry":{"type":"Polygon","coordinates":[[[14.908710427271386,46.22238571390078],[14.908406645343424,46.22234899415889],[14.908652897600817,46.22262200857205],[14.908710427271386,46.22238571390078]]]}},{"type":"Feature","properties":{"_zoneType":"SI_BUILT","name":"Pozidano zemljišče","authority":"MKGP","dataSource":"raba-3000"},"geometry":{"type":"Polygon","coordinates":[[[14.908026789933354,46.3595999818306],[14.907071872208492,46.36],[14.90742089406501,46.36],[14.908026789933354,46.3595999818306]]]}},{"type":"Feature","properties":{"_zoneType":"SI_BUILT","name":"Pozidano zemljišče","authority":"MKGP","dataSource":"raba-3000"},"geometry":{"type":"Polygon","coordinates":[[[14.90742089406501,46.36],[14.907071872208492,46.36],[14.906122951819853,46.36039750586557],[14.905339697991465,46.361374025285535],[14.90742089406501,46.36]]]}},{"type":"Feature","properties":{"_zoneType":"SI_BUILT","name":"Pozidano zemljišče","authority":"MKGP","dataSource":"raba-3000"},"geometry":{"type":"Polygon","coordinates":[[[14.907010130496499,46.29924066429902],[14.906661761891828,46.299274166369734],[14.906996176189056,46.29989322443646],[14.907010130496499,46.29924066429902]]]}},{"type":"Feature","properties":{"_zoneType":"SI_BUILT","name":"Pozidano zemljišče","authority":"MKGP","dataSource":"raba-3000"},"geometry":{"type":"Polygon","coordinates":[[[14.90317060128813,46.29145308031175],[14.902478567444307,46.29157704328177],[14.902917430637887,46.29169535941514],[14.90317060128813,46.29145308031175]]]}},{"type":"Feature","properties":{"_zoneType":"SI_BUILT","name":"Pozidano zemljišče","authority":"MKGP","dataSource":"raba-3000"},"geometry":{"type":"Polygon","coordinates":[[[14.903641741658783,46.293675310664455],[14.906740539019411,46.29303250739522],[14.904070107483435,46.29301488728557],[14.903747395332518,46.29199215157079],[14.903005502143792,46.2930630764261],[14.903641741658783,46.293675310664455]]]}},{"type":"Feature","properties":{"_zoneType":"SI_BUILT","name":"Pozidano zemljišče","authority":"MKGP","dataSource":"raba-3000"},"geometry":{"type":"Polygon","coordinates":[[[14.906692565193033,46.32274272128724],[14.90646436998727,46.32261462939352],[14.9064943283256,46.32290179583575],[14.906692565193033,46.32274272128724]]]}},{"type":"Feature","properties":{"_zoneType":"SI_BUILT","name":"Pozidano zemljišče","authority":"MKGP","dataSource":"raba-3000"},"geometry":{"type":"Polygon","coordinates":[[[14.904787939022825,46.38214536447264],[14.904018183244972,46.38257837045048],[14.904620361453743,46.38386366602975],[14.903421699223934,46.38428583553392],[14.905310848218035,46.38429381405369],[14.903982806949402,46.37880079166946],[14.901871931424559,46.379017489036556],[14.901962690664137,46.37607332764793],[14.901436327504765,46.37995205145148],[14.903267884973197,46.379562935940996],[14.904787939022825,46.38214536447264]]]}},{"type":"Feature","properties":{"_zoneType":"SI_BUILT","name":"Pozidano zemljišče","authority":"MKGP","dataSource":"raba-3000"},"geometry":{"type":"Polygon","coordinates":[[[14.894486988448095,46.285165897935286],[14.894181325151669,46.285111067512844],[14.894415587991855,46.28535679815734],[14.894486988448095,46.285165897935286]]]}},{"type":"Feature","properties":{"_zoneType":"SI_BUILT","name":"Pozidano zemljišče","authority":"MKGP","dataSource":"raba-3000"},"geometry":{"type":"Polygon","coordinates":[[[14.903732455457577,46.26971301779378],[14.902963703495024,46.269650198083085],[14.903230150402964,46.2700602166919],[14.903732455457577,46.26971301779378]]]}},{"type":"Feature","properties":{"_zoneType":"SI_BUILT","name":"Pozidano zemljišče","authority":"MKGP","dataSource":"raba-3000"},"geometry":{"type":"Polygon","coordinates":[[[14.902695307500622,46.38820052093406],[14.903376643866888,46.38830342328848],[14.90284676223117,46.388076494052825],[14.902695307500622,46.38820052093406]]]}},{"type":"Feature","properties":{"_zoneType":"SI_BUILT","name":"Pozidano zemljišče","authority":"MKGP","dataSource":"raba-3000"},"geometry":{"type":"Polygon","coordinates":[[[14.903282532991271,46.38989914544569],[14.90306708381458,46.38984559719364],[14.901678856324304,46.39058548580336],[14.902284425748274,46.39173702827159],[14.903282532991271,46.38989914544569]]]}},{"type":"Feature","properties":{"_zoneType":"SI_BUILT","name":"Pozidano zemljišče","authority":"MKGP","dataSource":"raba-3000"},"geometry":{"type":"Polygon","coordinates":[[[14.899811374410465,46.27979292522765],[14.899985215458058,46.27989874782727],[14.89997365567937,46.27962972093602],[14.899811374410465,46.27979292522765]]]}},{"type":"Feature","properties":{"_zoneType":"SI_BUILT","name":"Pozidano zemljišče","authority":"MKGP","dataSource":"raba-3000"},"geometry":{"type":"Polygon","coordinates":[[[14.867523099180797,46.23014877285845],[14.866277501027579,46.23076398355381],[14.865682414529882,46.2298058595151],[14.866431668559946,46.228036593390975],[14.870045454904604,46.22836046504318],[14.871719570674134,46.22922035345047],[14.870824548472967,46.230667462247276],[14.872558377871519,46.23245519617423],[14.878111133211071,46.23324703791788],[14.878538132191872,46.23448653756649],[14.87962373848694,46.234058050059765],[14.875082174060527,46.23037471394733],[14.877564673573374,46.2291022358999],[14.878516924587212,46.22790696243524],[14.88,46.22897605310572],[14.88,46.228280313146726],[14.879845568243352,46.22804762677049],[14.88,46.22790477684078],[14.88,46.226252207193546],[14.879620623583271,46.226029587439164],[14.879550617335221,46.22763264317327],[14.876648515461033,46.22791308526081],[14.877693763915238,46.22851210483793],[14.874652216450135,46.23018238009859],[14.877137692100177,46.23206537457644],[14.876760115564457,46.232900803646636],[14.873355059821211,46.2318206960649],[14.872012229515624,46.22907067586458],[14.869951893159737,46.22778365897607],[14.870622339673986,46.22631829596384],[14.870429192860238,46.22435419457627],[14.872015111845156,46.22261011992953],[14.87186594659443,46.21967955361728],[14.871637274993342,46.22264436346795],[14.870087010208945,46.22435409385647],[14.87022262707965,46.22636788391918],[14.868648440605424,46.22793101664919],[14.865232171959398,46.22750089221396],[14.865826724934982,46.2289727057],[14.864638368468103,46.23035127016147],[14.867139603623798,46.23117868622776],[14.867523099180797,46.23014877285845]]]}},{"type":"Feature","properties":{"_zoneType":"SI_BUILT","name":"Pozidano zemljišče","authority":"MKGP","dataSource":"raba-3000"},"geometry":{"type":"Polygon","coordinates":[[[14.88101947982943,46.229710955973765],[14.884206175868409,46.230632493609335],[14.893178466733243,46.22889099619259],[14.894918878021457,46.231542268706896],[14.895405126706697,46.230625834458735],[14.894006222524547,46.229084928480695],[14.896194922339886,46.2277472916538],[14.898335663551606,46.22812088318076],[14.895133451828663,46.22627624108904],[14.900112204794636,46.22501557368459],[14.900052403821782,46.223236997133796],[14.89883567122819,46.22274758777899],[14.897903764585717,46.2236391194233],[14.898843475001632,46.22459770615649],[14.895264617102544,46.22551758404845],[14.894790155832567,46.22664111807136],[14.895804448921627,46.22753368297355],[14.894878609401735,46.22850779546119],[14.88463508775187,46.230400807139304],[14.880487593195134,46.2290149825963],[14.88,46.228280313146726],[14.88,46.22897605310572],[14.88101947982943,46.229710955973765]]]}},{"type":"Feature","properties":{"_zoneType":"SI_BUILT","name":"Pozidano zemljišče","authority":"MKGP","dataSource":"raba-3000"},"geometry":{"type":"Polygon","coordinates":[[[14.881093108148935,46.226893647875926],[14.88,46.226252207193546],[14.88,46.22790477684078],[14.881093108148935,46.226893647875926]]]}},{"type":"Feature","properties":{"_zoneType":"SI_BUILT","name":"Pozidano zemljišče","authority":"MKGP","dataSource":"raba-3000"},"geometry":{"type":"Polygon","coordinates":[[[14.88,46.22130826257314],[14.88,46.22120694549196],[14.877147580766136,46.22026261217595],[14.879138555888112,46.21968747324938],[14.87556507478944,46.219990226359066],[14.88,46.22130826257314]]]}},{"type":"Feature","properties":{"_zoneType":"SI_BUILT","name":"Pozidano zemljišče","authority":"MKGP","dataSource":"raba-3000"},"geometry":{"type":"Polygon","coordinates":[[[14.882991412596668,46.222197294506365],[14.88,46.22120694549196],[14.88,46.22130826257314],[14.882991412596668,46.222197294506365]]]}},{"type":"Feature","properties":{"_zoneType":"SI_BUILT","name":"Pozidano zemljišče","authority":"MKGP","dataSource":"raba-3000"},"geometry":{"type":"Polygon","coordinates":[[[14.892581002202466,46.22048393678161],[14.892063028956963,46.219722039985925],[14.88895384050098,46.21975570006442],[14.886549931923222,46.22213422309216],[14.892581002202466,46.22048393678161]],[[14.889169891737952,46.22012313197266],[14.889969390060502,46.22007910057104],[14.889228504893019,46.22052796436649],[14.889169891737952,46.22012313197266]]]}},{"type":"Feature","properties":{"_zoneType":"SI_BUILT","name":"Pozidano zemljišče","authority":"MKGP","dataSource":"raba-3000"},"geometry":{"type":"Polygon","coordinates":[[[14.897956434792068,46.28932010676644],[14.897311198033117,46.28866557938873],[14.897172480673374,46.28929162901133],[14.897956434792068,46.28932010676644]]]}},{"type":"Feature","properties":{"_zoneType":"SI_BUILT","name":"Pozidano zemljišče","authority":"MKGP","dataSource":"raba-3000"},"geometry":{"type":"Polygon","coordinates":[[[14.895729306313992,46.323874232732244],[14.89560258064038,46.3236777268314],[14.895468815839656,46.32396104502125],[14.895729306313992,46.323874232732244]]]}},{"type":"Feature","properties":{"_zoneType":"SI_BUILT","name":"Pozidano zemljišče","authority":"MKGP","dataSource":"raba-3000"},"geometry":{"type":"Polygon","coordinates":[[[14.893450049152829,46.31081049805591],[14.893110100296953,46.31034524724462],[14.893196253806938,46.31088036153895],[14.893450049152829,46.31081049805591]]]}},{"type":"Feature","properties":{"_zoneType":"SI_BUILT","name":"Pozidano zemljišče","authority":"MKGP","dataSource":"raba-3000"},"geometry":{"type":"Polygon","coordinates":[[[14.884624549960241,46.28330592829177],[14.885011514998457,46.28423930437556],[14.884928371478477,46.283329478083125],[14.884624549960241,46.28330592829177]]]}},{"type":"Feature","properties":{"_zoneType":"SI_BUILT","name":"Pozidano zemljišče","authority":"MKGP","dataSource":"raba-3000"},"geometry":{"type":"Polygon","coordinates":[[[14.881864409985916,46.29730223022058],[14.882175539301858,46.297341810182246],[14.881907558181322,46.29710648541125],[14.881864409985916,46.29730223022058]]]}},{"type":"Feature","properties":{"_zoneType":"SI_BUILT","name":"Pozidano zemljišče","authority":"MKGP","dataSource":"raba-3000"},"geometry":{"type":"Polygon","coordinates":[[[14.892475486170818,46.37949953733408],[14.892157900523955,46.379473900070785],[14.892453670549271,46.38030275756661],[14.892475486170818,46.37949953733408]]]}},{"type":"Feature","properties":{"_zoneType":"SI_BUILT","name":"Pozidano zemljišče","authority":"MKGP","dataSource":"raba-3000"},"geometry":{"type":"Polygon","coordinates":[[[14.887328850573656,46.37891396055113],[14.88886860167406,46.37858861058038],[14.887796555293725,46.37815926404307],[14.88859564070779,46.37721359082805],[14.887750219882456,46.375243263883334],[14.890997886879475,46.37172003490508],[14.887460085382191,46.37512926786178],[14.88686249644345,46.37900778541058],[14.887357856788132,46.37971514235125],[14.887328850573656,46.37891396055113]]]}},{"type":"Feature","properties":{"_zoneType":"SI_BUILT","name":"Pozidano zemljišče","authority":"MKGP","dataSource":"raba-3000"},"geometry":{"type":"Polygon","coordinates":[[[14.889449599958057,46.36633934105679],[14.8889232703759,46.36602875251442],[14.889251213540815,46.36646770571379],[14.889449599958057,46.36633934105679]]]}},{"type":"Feature","properties":{"_zoneType":"SI_BUILT","name":"Pozidano zemljišče","authority":"MKGP","dataSource":"raba-3000"},"geometry":{"type":"Polygon","coordinates":[[[14.88949571454691,46.227408248328835],[14.888651453697817,46.22705731439706],[14.886855927843833,46.227528529297345],[14.88949571454691,46.227408248328835]]]}},{"type":"Feature","properties":{"_zoneType":"SI_BUILT","name":"Pozidano zemljišče","authority":"MKGP","dataSource":"raba-3000"},"geometry":{"type":"Polygon","coordinates":[[[14.888793703012789,46.36235247135335],[14.887954428182391,46.36224235305841],[14.884957911666008,46.36620389630832],[14.885936900358246,46.3659474658717],[14.888793703012789,46.36235247135335]]]}},{"type":"Feature","properties":{"_zoneType":"SI_BUILT","name":"Pozidano zemljišče","authority":"MKGP","dataSource":"raba-3000"},"geometry":{"type":"Polygon","coordinates":[[[14.88595399317239,46.3767060686738],[14.88555108872767,46.3756155254242],[14.883482084644266,46.37474181281962],[14.884135584256727,46.37602841466318],[14.88595399317239,46.3767060686738]]]}},{"type":"Feature","properties":{"_zoneType":"SI_BUILT","name":"Pozidano zemljišče","authority":"MKGP","dataSource":"raba-3000"},"geometry":{"type":"Polygon","coordinates":[[[14.88,46.399409901856856],[14.88,46.39838288388487],[14.879843112685322,46.39766455670535],[14.87904211110664,46.398982865809444],[14.88,46.399409901856856]]]}},{"type":"Feature","properties":{"_zoneType":"SI_BUILT","name":"Pozidano zemljišče","authority":"MKGP","dataSource":"raba-3000"},"geometry":{"type":"Polygon","coordinates":[[[14.880498214725945,46.39963201075571],[14.883271095491898,46.39953446719342],[14.88475369503728,46.398820351634285],[14.883053314427865,46.39922900085182],[14.880010554781686,46.39843121020478],[14.88,46.39838288388487],[14.88,46.399409901856856],[14.880498214725945,46.39963201075571]]]}},{"type":"Feature","properties":{"_zoneType":"SI_BUILT","name":"Pozidano zemljišče","authority":"MKGP","dataSource":"raba-3000"},"geometry":{"type":"Polygon","coordinates":[[[14.883513899888396,46.33932105445156],[14.883280129592281,46.33922748398501],[14.882641857391729,46.33980280831232],[14.883513899888396,46.33932105445156]]]}},{"type":"Feature","properties":{"_zoneType":"SI_BUILT","name":"Pozidano zemljišče","authority":"MKGP","dataSource":"raba-3000"},"geometry":{"type":"Polygon","coordinates":[[[14.882736390739057,46.39723096771575],[14.882859656601024,46.3974100168802],[14.883005919843981,46.39713663965373],[14.882736390739057,46.39723096771575]]]}},{"type":"Feature","properties":{"_zoneType":"SI_BUILT","name":"Pozidano zemljišče","authority":"MKGP","dataSource":"raba-3000"},"geometry":{"type":"Polygon","coordinates":[[[14.879276010327379,46.3280289819224],[14.88,46.32912396506057],[14.88,46.32843020056038],[14.879407909473667,46.327813400413135],[14.875751592023203,46.326607069618994],[14.873178323016406,46.32769961900795],[14.875646351733472,46.326939250338754],[14.879276010327379,46.3280289819224]]]}},{"type":"Feature","properties":{"_zoneType":"SI_BUILT","name":"Pozidano zemljišče","authority":"MKGP","dataSource":"raba-3000"},"geometry":{"type":"Polygon","coordinates":[[[14.877506483344622,46.32868920014379],[14.874111030597298,46.32841736696152],[14.877372438532472,46.328897549020546],[14.88,46.33013663602233],[14.88,46.32980938399583],[14.877506483344622,46.32868920014379]]]}},{"type":"Feature","properties":{"_zoneType":"SI_BUILT","name":"Pozidano zemljišče","authority":"MKGP","dataSource":"raba-3000"},"geometry":{"type":"Polygon","coordinates":[[[14.880644681113436,46.330098999616176],[14.88,46.32980938399583],[14.88,46.33013663602233],[14.882992907050916,46.331548010131044],[14.88,46.32843020056038],[14.88,46.32912396506057],[14.880644681113436,46.330098999616176]]]}},{"type":"Feature","properties":{"_zoneType":"SI_BUILT","name":"Pozidano zemljišče","authority":"MKGP","dataSource":"raba-3000"},"geometry":{"type":"Polygon","coordinates":[[[14.882697184552026,46.238719277690365],[14.883020827885154,46.23741483667089],[14.882511572607138,46.23852619963518],[14.882697184552026,46.238719277690365]]]}},{"type":"Feature","properties":{"_zoneType":"SI_BUILT","name":"Pozidano zemljišče","authority":"MKGP","dataSource":"raba-3000"},"geometry":{"type":"Polygon","coordinates":[[[14.882106818518738,46.24148827396778],[14.882504044623111,46.24144033402325],[14.882051251746367,46.24115589615449],[14.882106818518738,46.24148827396778]]]}},{"type":"Feature","properties":{"_zoneType":"SI_BUILT","name":"Pozidano zemljišče","authority":"MKGP","dataSource":"raba-3000"},"geometry":{"type":"Polygon","coordinates":[[[14.876945320745506,46.38172926075536],[14.877708750657733,46.38004456588618],[14.88,46.38138216839672],[14.88,46.38066587527655],[14.878221943109605,46.37964089654518],[14.876072993212778,46.380887370515666],[14.876945320745506,46.38172926075536]]]}},{"type":"Feature","properties":{"_zoneType":"SI_BUILT","name":"Pozidano zemljišče","authority":"MKGP","dataSource":"raba-3000"},"geometry":{"type":"Polygon","coordinates":[[[14.880657304767917,46.381765894642285],[14.882220442846306,46.37892341861167],[14.880882164597475,46.381174407908354],[14.88,46.38066587527655],[14.88,46.38138216839672],[14.880657304767917,46.381765894642285]]]}},{"type":"Feature","properties":{"_zoneType":"SI_BUILT","name":"Pozidano zemljišče","authority":"MKGP","dataSource":"raba-3000"},"geometry":{"type":"Polygon","coordinates":[[[14.881599549571892,46.274895954912836],[14.881302007564122,46.274823779606166],[14.88146339271933,46.275122725678536],[14.881599549571892,46.274895954912836]]]}},{"type":"Feature","properties":{"_zoneType":"SI_BUILT","name":"Pozidano zemljišče","authority":"MKGP","dataSource":"raba-3000"},"geometry":{"type":"Polygon","coordinates":[[[14.881053306888045,46.3054703139436],[14.88094261034229,46.30534188714937],[14.88032398334905,46.30552256674302],[14.881053306888045,46.3054703139436]]]}},{"type":"Feature","properties":{"_zoneType":"SI_BUILT","name":"Pozidano zemljišče","authority":"MKGP","dataSource":"raba-3000"},"geometry":{"type":"Polygon","coordinates":[[[14.879878805385303,46.33317716613722],[14.87993210534008,46.33385231724836],[14.88,46.33390487486177],[14.88,46.33342122953828],[14.879878805385303,46.33317716613722]]]}},{"type":"Feature","properties":{"_zoneType":"SI_BUILT","name":"Pozidano zemljišče","authority":"MKGP","dataSource":"raba-3000"},"geometry":{"type":"Polygon","coordinates":[[[14.88,46.33342122953828],[14.88,46.33390487486177],[14.880390128215375,46.334206875165634],[14.88,46.33342122953828]]]}},{"type":"Feature","properties":{"_zoneType":"SI_BUILT","name":"Pozidano zemljišče","authority":"MKGP","dataSource":"raba-3000"},"geometry":{"type":"Polygon","coordinates":[[[14.878698090748316,46.36894409776284],[14.877726933624315,46.369684453735495],[14.878436923400132,46.371217691664306],[14.878698090748316,46.36894409776284]]]}},{"type":"Feature","properties":{"_zoneType":"SI_BUILT","name":"Pozidano zemljišče","authority":"MKGP","dataSource":"raba-3000"},"geometry":{"type":"Polygon","coordinates":[[[14.878371680340301,46.28062051342377],[14.878071797519315,46.28047150192182],[14.878190585876537,46.280741058155854],[14.878371680340301,46.28062051342377]]]}},{"type":"Feature","properties":{"_zoneType":"SI_BUILT","name":"Pozidano zemljišče","authority":"MKGP","dataSource":"raba-3000"},"geometry":{"type":"Polygon","coordinates":[[[14.878065521005636,46.26541850327839],[14.87750850759066,46.26532771348762],[14.877925296618187,46.26556518902573],[14.878065521005636,46.26541850327839]]]}},{"type":"Feature","properties":{"_zoneType":"SI_BUILT","name":"Pozidano zemljišče","authority":"MKGP","dataSource":"raba-3000"},"geometry":{"type":"Polygon","coordinates":[[[14.875849759947707,46.393867468508354],[14.875864891582125,46.39403950513873],[14.876187296173999,46.393849769849005],[14.875849759947707,46.393867468508354]]]}},{"type":"Feature","properties":{"_zoneType":"SI_BUILT","name":"Pozidano zemljišče","authority":"MKGP","dataSource":"raba-3000"},"geometry":{"type":"Polygon","coordinates":[[[14.876029735725487,46.33508776101274],[14.875382366156774,46.33471479938607],[14.875835854196076,46.33529609835806],[14.876029735725487,46.33508776101274]]]}},{"type":"Feature","properties":{"_zoneType":"SI_BUILT","name":"Pozidano zemljišče","authority":"MKGP","dataSource":"raba-3000"},"geometry":{"type":"Polygon","coordinates":[[[14.874926345457245,46.39572794998431],[14.874584161189008,46.394812220943145],[14.873832418124472,46.39567954929995],[14.874926345457245,46.39572794998431]]]}},{"type":"Feature","properties":{"_zoneType":"SI_BUILT","name":"Pozidano zemljišče","authority":"MKGP","dataSource":"raba-3000"},"geometry":{"type":"Polygon","coordinates":[[[14.87405912520194,46.27490294396444],[14.874163780267303,46.27508690956379],[14.874389461922572,46.27482296753687],[14.87405912520194,46.27490294396444]]]}},{"type":"Feature","properties":{"_zoneType":"SI_BUILT","name":"Pozidano zemljišče","authority":"MKGP","dataSource":"raba-3000"},"geometry":{"type":"Polygon","coordinates":[[[14.859574762840014,46.335612857310174],[14.85935035596111,46.335572343253595],[14.859152292460438,46.33612972512874],[14.859574762840014,46.335612857310174]]]}},{"type":"Feature","properties":{"_zoneType":"SI_BUILT","name":"Pozidano zemljišče","authority":"MKGP","dataSource":"raba-3000"},"geometry":{"type":"Polygon","coordinates":[[[14.873535418150093,46.27328685832532],[14.873359682188008,46.27313444453186],[14.873145105670767,46.27357381339943],[14.873535418150093,46.27328685832532]]]}},{"type":"Feature","properties":{"_zoneType":"SI_BUILT","name":"Pozidano zemljišče","authority":"MKGP","dataSource":"raba-3000"},"geometry":{"type":"Polygon","coordinates":[[[14.863394969303563,46.3188325036497],[14.866990296437761,46.32],[14.867228131418441,46.32],[14.864159373411132,46.31829097887086],[14.867799591188728,46.31572424953816],[14.871224548327527,46.314647216708984],[14.858464674807339,46.31862640547949],[14.8580872667877,46.32],[14.859817647128144,46.32],[14.858944301455407,46.31962538218875],[14.8589256252346,46.318868534544734],[14.862300910847818,46.317802352950295],[14.8632966767219,46.31832077976279],[14.86208563418951,46.32],[14.862571692808649,46.32],[14.863394969303563,46.3188325036497]]]}},{"type":"Feature","properties":{"_zoneType":"SI_BUILT","name":"Pozidano zemljišče","authority":"MKGP","dataSource":"raba-3000"},"geometry":{"type":"Polygon","coordinates":[[[14.860090571052291,46.32175412242446],[14.859950329710902,46.32289697879623],[14.864902762104744,46.322523090667026],[14.863356679925133,46.32160973914095],[14.861862085778663,46.32257010798274],[14.861166355845123,46.32201779691678],[14.862854918418174,46.32109974049864],[14.862370669070126,46.32028507370549],[14.862571692808649,46.32],[14.86208563418951,46.32],[14.861549790781098,46.32074299545335],[14.859817647128144,46.32],[14.8580872667877,46.32],[14.857585229122204,46.32182719007157],[14.860090571052291,46.32175412242446]]]}},{"type":"Feature","properties":{"_zoneType":"SI_BUILT","name":"Pozidano zemljišče","authority":"MKGP","dataSource":"raba-3000"},"geometry":{"type":"Polygon","coordinates":[[[14.86756076124095,46.32018524477769],[14.867228131418441,46.32],[14.866990296437761,46.32],[14.86756076124095,46.32018524477769]]]}},{"type":"Feature","properties":{"_zoneType":"SI_BUILT","name":"Pozidano zemljišče","authority":"MKGP","dataSource":"raba-3000"},"geometry":{"type":"Polygon","coordinates":[[[14.858734146921028,46.32290563172674],[14.858995149632046,46.323239720329696],[14.858883418519982,46.32279982845086],[14.858734146921028,46.32290563172674]]]}},{"type":"Feature","properties":{"_zoneType":"SI_BUILT","name":"Pozidano zemljišče","authority":"MKGP","dataSource":"raba-3000"},"geometry":{"type":"Polygon","coordinates":[[[14.869183115148246,46.33809285486669],[14.868956990675887,46.33783220760778],[14.868909575440002,46.33816680070941],[14.869183115148246,46.33809285486669]]]}},{"type":"Feature","properties":{"_zoneType":"SI_BUILT","name":"Pozidano zemljišče","authority":"MKGP","dataSource":"raba-3000"},"geometry":{"type":"Polygon","coordinates":[[[14.867460231066831,46.34620199323878],[14.86725261483813,46.34531848249295],[14.866239040389592,46.345366765509766],[14.867460231066831,46.34620199323878]]]}},{"type":"Feature","properties":{"_zoneType":"SI_BUILT","name":"Pozidano zemljišče","authority":"MKGP","dataSource":"raba-3000"},"geometry":{"type":"Polygon","coordinates":[[[14.86086050788111,46.3591605431727],[14.859825126890973,46.36],[14.86046128282869,46.36],[14.86086050788111,46.3591605431727]]]}},{"type":"Feature","properties":{"_zoneType":"SI_BUILT","name":"Pozidano zemljišče","authority":"MKGP","dataSource":"raba-3000"},"geometry":{"type":"Polygon","coordinates":[[[14.845529283446375,46.35830666125181],[14.844291095631437,46.35855939109145],[14.841922917247583,46.356691327974545],[14.843526037140329,46.36],[14.844007828029547,46.36],[14.843694512564758,46.359416113501595],[14.844766839864409,46.35914750270827],[14.845426101879267,46.36],[14.846285144709826,46.36],[14.845529283446375,46.35830666125181]]]}},{"type":"Feature","properties":{"_zoneType":"SI_BUILT","name":"Pozidano zemljišče","authority":"MKGP","dataSource":"raba-3000"},"geometry":{"type":"Polygon","coordinates":[[[14.844849016953695,46.36096657476168],[14.850242825074549,46.36233923624191],[14.859937028761768,46.36050728818901],[14.862300334991113,46.36256780010323],[14.862370759319772,46.36317683290736],[14.86113319316557,46.36331554186882],[14.860356888521858,46.364892488242134],[14.85784381988089,46.36489364052383],[14.85689741864147,46.366161772931896],[14.853995038825333,46.36605759027432],[14.859117243581972,46.36767678197239],[14.858033982037336,46.366565674711836],[14.858991435895176,46.36581882861764],[14.867429370825477,46.36600322591159],[14.865867011365333,46.36455648539903],[14.860813551899797,46.3652408024753],[14.861345121600435,46.36363815781056],[14.863072865536884,46.36375457553257],[14.862559134029546,46.36237947102196],[14.86036079578986,46.3602112956847],[14.86046128282869,46.36],[14.859825126890973,46.36],[14.859115514376771,46.360575333211116],[14.850238237746813,46.36208214325867],[14.846697162472104,46.360923033995185],[14.846285144709826,46.36],[14.845426101879267,46.36],[14.845786831319511,46.36046646229257],[14.844361710090412,46.360659485344925],[14.844007828029547,46.36],[14.843526037140329,46.36],[14.844538388487956,46.36208938744942],[14.844849016953695,46.36096657476168]],[[14.857744855372301,46.36573587304717],[14.857883185221413,46.36529374155953],[14.858564780203674,46.36573444859008],[14.857744855372301,46.36573587304717]]]}},{"type":"Feature","properties":{"_zoneType":"SI_BUILT","name":"Pozidano zemljišče","authority":"MKGP","dataSource":"raba-3000"},"geometry":{"type":"Polygon","coordinates":[[[14.867396054856327,46.33847173982186],[14.86498174169857,46.339332134469814],[14.863590719658196,46.338985730216564],[14.865095600079657,46.340960557946545],[14.867396054856327,46.33847173982186]]]}},{"type":"Feature","properties":{"_zoneType":"SI_BUILT","name":"Pozidano zemljišče","authority":"MKGP","dataSource":"raba-3000"},"geometry":{"type":"Polygon","coordinates":[[[14.833293316925909,46.22456733016316],[14.83651476087028,46.22340608658684],[14.838877796372643,46.22423869899091],[14.83681327038308,46.2227208493683],[14.837562888025266,46.221611901952535],[14.839863206670893,46.2215948829166],[14.84,46.2208277374672],[14.84,46.220185819917106],[14.838783719703867,46.219637689470005],[14.839574287980767,46.221390390175486],[14.837199161573045,46.22134610614127],[14.83510348533837,46.22347414315529],[14.829264043884345,46.224161499418024],[14.832985873860443,46.22381860738405],[14.833293316925909,46.22456733016316]]]}},{"type":"Feature","properties":{"_zoneType":"SI_BUILT","name":"Pozidano zemljišče","authority":"MKGP","dataSource":"raba-3000"},"geometry":{"type":"Polygon","coordinates":[[[14.840105949312415,46.2202335671709],[14.84,46.220185819917106],[14.84,46.2208277374672],[14.840105949312415,46.2202335671709]]]}},{"type":"Feature","properties":{"_zoneType":"SI_BUILT","name":"Pozidano zemljišče","authority":"MKGP","dataSource":"raba-3000"},"geometry":{"type":"Polygon","coordinates":[[[14.844234663044478,46.22276132474013],[14.843484722945773,46.224586241107474],[14.84643466369767,46.224301307258365],[14.84494870969457,46.22349805073518],[14.846162899776612,46.22215723103633],[14.846771130208532,46.22030022067999],[14.84927958069305,46.22318272633939],[14.85614665229386,46.22513728342129],[14.850737865556692,46.22530121714054],[14.856091315766477,46.22614715274843],[14.857240832103427,46.225529322552454],[14.856728742564375,46.22457156792597],[14.858264323813787,46.22487792855483],[14.85746989457282,46.22731294148857],[14.85971480488636,46.22753495133253],[14.860237678466335,46.229506036595446],[14.858588409860792,46.22869035638914],[14.853536049110138,46.22856535506161],[14.852548484351015,46.229358947714005],[14.854898242550469,46.23118923325428],[14.856277001136831,46.231184155388476],[14.855643785122439,46.23232587708222],[14.857453707910476,46.230670088420304],[14.85502845460919,46.23087821983422],[14.85328239297368,46.22892745178023],[14.858372692695099,46.22897195810276],[14.862924346239863,46.23116904846203],[14.861018872507914,46.229823310051174],[14.858611590668966,46.224403891808606],[14.862560341653712,46.2232438850861],[14.864874129172176,46.22467513178559],[14.864235629305444,46.22360175396361],[14.864849231834812,46.222237938083666],[14.866989869663303,46.22221588188919],[14.86643053678736,46.22086382274908],[14.864664504291355,46.221759788386585],[14.864113864366848,46.22288446289172],[14.862112884961823,46.22217436859248],[14.862112435337748,46.223004038959786],[14.859840961885457,46.22367031217634],[14.859406663549255,46.221978097447376],[14.858722648477414,46.22223952088021],[14.858988893532937,46.22393383141073],[14.854794137824376,46.2225922637505],[14.85444711586282,46.2238584818297],[14.849603466236887,46.22303852505729],[14.847083168741703,46.219649091617896],[14.84555415110276,46.2196832666847],[14.845840868195788,46.22204429366783],[14.844234663044478,46.22276132474013]]]}},{"type":"Feature","properties":{"_zoneType":"SI_BUILT","name":"Pozidano zemljišče","authority":"MKGP","dataSource":"raba-3000"},"geometry":{"type":"Polygon","coordinates":[[[14.865963061624553,46.260333488655434],[14.865476327077726,46.2600635966893],[14.86513395589985,46.26036437942073],[14.865963061624553,46.260333488655434]]]}},{"type":"Feature","properties":{"_zoneType":"SI_BUILT","name":"Pozidano zemljišče","authority":"MKGP","dataSource":"raba-3000"},"geometry":{"type":"Polygon","coordinates":[[[14.864053283145639,46.303849829161834],[14.863822186461016,46.30372275696682],[14.86386993236558,46.304009992292656],[14.864053283145639,46.303849829161834]]]}},{"type":"Feature","properties":{"_zoneType":"SI_BUILT","name":"Pozidano zemljišče","authority":"MKGP","dataSource":"raba-3000"},"geometry":{"type":"Polygon","coordinates":[[[14.86335267247426,46.24785089948531],[14.863628922929752,46.24791573359632],[14.863442058736169,46.24766708796623],[14.86335267247426,46.24785089948531]]]}},{"type":"Feature","properties":{"_zoneType":"SI_BUILT","name":"Pozidano zemljišče","authority":"MKGP","dataSource":"raba-3000"},"geometry":{"type":"Polygon","coordinates":[[[14.863136451304943,46.34845804248124],[14.86278573005563,46.34832472023314],[14.862918609097653,46.34873642279864],[14.863136451304943,46.34845804248124]]]}},{"type":"Feature","properties":{"_zoneType":"SI_BUILT","name":"Pozidano zemljišče","authority":"MKGP","dataSource":"raba-3000"},"geometry":{"type":"Polygon","coordinates":[[[14.811245182396824,46.26999518038738],[14.807110352302553,46.26872520365862],[14.807350200027077,46.267655851710906],[14.815445967828198,46.26599050369884],[14.819593336373408,46.26248508314747],[14.821024104009618,46.26291802187602],[14.823024176889547,46.26087914840001],[14.822399653627057,46.25943015086658],[14.824205488798867,46.25733748228075],[14.825961261983318,46.25758380233309],[14.827642499995038,46.25560489015253],[14.83025265954082,46.25671126914147],[14.833783684563999,46.254723316781075],[14.837725161079659,46.25487625139308],[14.834512561284651,46.254308060596166],[14.833965526150712,46.25193813551103],[14.835332280191494,46.24900815406017],[14.834221101215018,46.24903873932076],[14.833340342921948,46.2476639288742],[14.83728027209467,46.244032360014025],[14.839549051321956,46.24302782324507],[14.84,46.243704396804205],[14.84,46.24278955107416],[14.839422616663061,46.24273549529168],[14.836535995034811,46.243975078640716],[14.833044611609091,46.24232609911956],[14.834783942403499,46.2433763982252],[14.832250728020112,46.244357681644395],[14.834943911331212,46.243758621634456],[14.835592469850875,46.244707296594015],[14.832941042935271,46.24713364626543],[14.83434512886252,46.25062960441761],[14.833638715484504,46.25192237630588],[14.834031707591734,46.254329436867735],[14.830516166923886,46.2563796664463],[14.827659340486987,46.255343018629354],[14.825747605887724,46.257386369552684],[14.82403902758226,46.257102791896074],[14.822038648547773,46.25938067253267],[14.822608381042375,46.26089038938025],[14.820685667490396,46.26215088530782],[14.818007495913758,46.261598991839975],[14.817198428730084,46.262441995364604],[14.818166417448554,46.26347243235483],[14.81522602626385,46.265757866156164],[14.809968691597152,46.26661764533916],[14.808236481414509,46.26483636559811],[14.80888071553465,46.26692105333442],[14.802549889135095,46.268880845208066],[14.80764590927102,46.268900349032776],[14.811245182396824,46.26999518038738]]]}},{"type":"Feature","properties":{"_zoneType":"SI_BUILT","name":"Pozidano zemljišče","authority":"MKGP","dataSource":"raba-3000"},"geometry":{"type":"Polygon","coordinates":[[[14.854408774513615,46.23957065262021],[14.856742591550207,46.24],[14.858668601313212,46.24],[14.858183492447573,46.23956570389654],[14.860162291465544,46.23838963196395],[14.86034415201809,46.23765344252064],[14.857137263626633,46.236143209696536],[14.859845140955452,46.23813848149373],[14.857682716511446,46.23937354120412],[14.85454701915915,46.2381418883652],[14.85297940942644,46.23848449351665],[14.851679368725387,46.23722034721829],[14.85113998663145,46.23787440389684],[14.852395214784902,46.23891101424902],[14.854450247554249,46.23841012924834],[14.855199084512213,46.239160975528534],[14.8535572537639,46.23961885643951],[14.852943919348153,46.24],[14.85364239163113,46.24],[14.854408774513615,46.23957065262021]]]}},{"type":"Feature","properties":{"_zoneType":"SI_BUILT","name":"Pozidano zemljišče","authority":"MKGP","dataSource":"raba-3000"},"geometry":{"type":"Polygon","coordinates":[[[14.84046586050391,46.244403343080215],[14.841903835786956,46.24307717218065],[14.844391136246339,46.24342640152325],[14.84715317470412,46.24160052382927],[14.849930317057781,46.242575307980886],[14.851137272197795,46.24470574333288],[14.850399674922057,46.24200727384173],[14.852327514672531,46.241635689091346],[14.855077122976358,46.24284629388126],[14.851913045494362,46.240968824134185],[14.85364239163113,46.24],[14.852943919348153,46.24],[14.849287986444805,46.24227190134439],[14.846820460356481,46.24139016738758],[14.844312575067159,46.2431933029749],[14.84,46.24278955107416],[14.84,46.243704396804205],[14.84046586050391,46.244403343080215]]]}},{"type":"Feature","properties":{"_zoneType":"SI_BUILT","name":"Pozidano zemljišče","authority":"MKGP","dataSource":"raba-3000"},"geometry":{"type":"Polygon","coordinates":[[[14.859166746106643,46.24044596658209],[14.858668601313212,46.24],[14.856742591550207,46.24],[14.859166746106643,46.24044596658209]]]}},{"type":"Feature","properties":{"_zoneType":"SI_BUILT","name":"Pozidano zemljišče","authority":"MKGP","dataSource":"raba-3000"},"geometry":{"type":"Polygon","coordinates":[[[14.859562979785833,46.3994371117326],[14.859314577927616,46.3992954194911],[14.859531498067287,46.39960817968692],[14.859562979785833,46.3994371117326]]]}},{"type":"Feature","properties":{"_zoneType":"SI_BUILT","name":"Pozidano zemljišče","authority":"MKGP","dataSource":"raba-3000"},"geometry":{"type":"Polygon","coordinates":[[[14.859679264726049,46.22117627587415],[14.859463178345468,46.2210574599952],[14.859574766289006,46.2212907995843],[14.859679264726049,46.22117627587415]]]}},{"type":"Feature","properties":{"_zoneType":"SI_BUILT","name":"Pozidano zemljišče","authority":"MKGP","dataSource":"raba-3000"},"geometry":{"type":"Polygon","coordinates":[[[14.852938569145216,46.39589981705521],[14.854733866861848,46.3950483693595],[14.852781878039284,46.39561289209863],[14.852795834621924,46.39710265655747],[14.850796080051044,46.39802953322946],[14.85339573382481,46.39714747879152],[14.852938569145216,46.39589981705521]]]}},{"type":"Feature","properties":{"_zoneType":"SI_BUILT","name":"Pozidano zemljišče","authority":"MKGP","dataSource":"raba-3000"},"geometry":{"type":"Polygon","coordinates":[[[14.85373511838264,46.39881007969272],[14.853919755841988,46.399405694444894],[14.852041157920045,46.3995987341308],[14.854103321900318,46.39960138352541],[14.858462572919152,46.39763927494509],[14.856246351455464,46.396801411133644],[14.856336283401662,46.39588131971335],[14.855161727093968,46.39657765633542],[14.855248380739528,46.39794714082847],[14.85108986045328,46.39911973542792],[14.85373511838264,46.39881007969272]]]}},{"type":"Feature","properties":{"_zoneType":"SI_BUILT","name":"Pozidano zemljišče","authority":"MKGP","dataSource":"raba-3000"},"geometry":{"type":"Polygon","coordinates":[[[14.85224657002951,46.34192357847136],[14.852152601523752,46.34169060778381],[14.851828735951111,46.34198681121028],[14.85224657002951,46.34192357847136]]]}},{"type":"Feature","properties":{"_zoneType":"SI_BUILT","name":"Pozidano zemljišče","authority":"MKGP","dataSource":"raba-3000"},"geometry":{"type":"Polygon","coordinates":[[[14.856065394840943,46.393305364007084],[14.85569891050586,46.39326093191425],[14.856048257946256,46.39346784692918],[14.856065394840943,46.393305364007084]]]}},{"type":"Feature","properties":{"_zoneType":"SI_BUILT","name":"Pozidano zemljišče","authority":"MKGP","dataSource":"raba-3000"},"geometry":{"type":"Polygon","coordinates":[[[14.8538577532219,46.257030295081336],[14.854046276790648,46.25718534576664],[14.85405142023049,46.25688061336636],[14.8538577532219,46.257030295081336]]]}},{"type":"Feature","properties":{"_zoneType":"SI_BUILT","name":"Pozidano zemljišče","authority":"MKGP","dataSource":"raba-3000"},"geometry":{"type":"Polygon","coordinates":[[[14.853860671256493,46.38229916354638],[14.853261949934739,46.381647100568685],[14.852042548585777,46.38264410001384],[14.85319891000212,46.38265447439266],[14.853860671256493,46.38229916354638]]]}},{"type":"Feature","properties":{"_zoneType":"SI_BUILT","name":"Pozidano zemljišče","authority":"MKGP","dataSource":"raba-3000"},"geometry":{"type":"Polygon","coordinates":[[[14.852701771379325,46.385788526135826],[14.853748721010593,46.38552958367614],[14.852086281400297,46.38545657060515],[14.852701771379325,46.385788526135826]]]}},{"type":"Feature","properties":{"_zoneType":"SI_BUILT","name":"Pozidano zemljišče","authority":"MKGP","dataSource":"raba-3000"},"geometry":{"type":"Polygon","coordinates":[[[14.816568892017363,46.314957961593514],[14.818009905481963,46.31549523469707],[14.816752977834335,46.314851536527335],[14.816568892017363,46.314957961593514]]]}},{"type":"Feature","properties":{"_zoneType":"SI_BUILT","name":"Pozidano zemljišče","authority":"MKGP","dataSource":"raba-3000"},"geometry":{"type":"Polygon","coordinates":[[[14.849283084871585,46.25056150441939],[14.849107483090155,46.25046999945921],[14.847979831407883,46.250818476592606],[14.849283084871585,46.25056150441939]]]}},{"type":"Feature","properties":{"_zoneType":"SI_BUILT","name":"Pozidano zemljišče","authority":"MKGP","dataSource":"raba-3000"},"geometry":{"type":"Polygon","coordinates":[[[14.848785592685966,46.39297367074755],[14.848475423560007,46.3928268004321],[14.848623097285765,46.393135023790215],[14.848785592685966,46.39297367074755]]]}},{"type":"Feature","properties":{"_zoneType":"SI_BUILT","name":"Pozidano zemljišče","authority":"MKGP","dataSource":"raba-3000"},"geometry":{"type":"Polygon","coordinates":[[[14.848832704253619,46.24329336922327],[14.848618101458674,46.24338106121621],[14.849039260712898,46.24367831693729],[14.848832704253619,46.24329336922327]]]}},{"type":"Feature","properties":{"_zoneType":"SI_BUILT","name":"Pozidano zemljišče","authority":"MKGP","dataSource":"raba-3000"},"geometry":{"type":"Polygon","coordinates":[[[14.847466351716832,46.238256661447686],[14.847196497499697,46.238203813496014],[14.846748810024652,46.23889746326223],[14.847466351716832,46.238256661447686]]]}},{"type":"Feature","properties":{"_zoneType":"SI_BUILT","name":"Pozidano zemljišče","authority":"MKGP","dataSource":"raba-3000"},"geometry":{"type":"Polygon","coordinates":[[[14.846196802955175,46.37030390831124],[14.845537163320886,46.36871781881295],[14.844375608998872,46.36970977160339],[14.84331268068519,46.36940535755852],[14.843915981059771,46.370589969676],[14.846196802955175,46.37030390831124]]]}},{"type":"Feature","properties":{"_zoneType":"SI_BUILT","name":"Pozidano zemljišče","authority":"MKGP","dataSource":"raba-3000"},"geometry":{"type":"Polygon","coordinates":[[[14.84636653606857,46.30095599653281],[14.845784441988428,46.30071438624196],[14.846047260835125,46.301321846805514],[14.84636653606857,46.30095599653281]]]}},{"type":"Feature","properties":{"_zoneType":"SI_BUILT","name":"Pozidano zemljišče","authority":"MKGP","dataSource":"raba-3000"},"geometry":{"type":"Polygon","coordinates":[[[14.84557992587338,46.39131212602244],[14.845070983739179,46.391143788854556],[14.845467847516309,46.39150811857302],[14.84557992587338,46.39131212602244]]]}},{"type":"Feature","properties":{"_zoneType":"SI_BUILT","name":"Pozidano zemljišče","authority":"MKGP","dataSource":"raba-3000"},"geometry":{"type":"Polygon","coordinates":[[[14.844838534749044,46.238072250372454],[14.844013364641443,46.23803148203758],[14.843747941137593,46.23883184314648],[14.844838534749044,46.238072250372454]]]}},{"type":"Feature","properties":{"_zoneType":"SI_BUILT","name":"Pozidano zemljišče","authority":"MKGP","dataSource":"raba-3000"},"geometry":{"type":"Polygon","coordinates":[[[14.845577791282713,46.23929537393704],[14.844370363962044,46.239367063917264],[14.843763381719972,46.23885429763427],[14.843321605981728,46.23972691504007],[14.845577791282713,46.23929537393704]]]}},{"type":"Feature","properties":{"_zoneType":"SI_BUILT","name":"Pozidano zemljišče","authority":"MKGP","dataSource":"raba-3000"},"geometry":{"type":"Polygon","coordinates":[[[14.844855895402311,46.25195779780195],[14.844080356941843,46.25214647035716],[14.8436739807049,46.25284627259158],[14.844455822716135,46.25308997598678],[14.844855895402311,46.25195779780195]]]}},{"type":"Feature","properties":{"_zoneType":"SI_BUILT","name":"Pozidano zemljišče","authority":"MKGP","dataSource":"raba-3000"},"geometry":{"type":"Polygon","coordinates":[[[14.84,46.25559913831307],[14.84,46.25548465653056],[14.839204951175285,46.25558381264908],[14.84,46.25559913831307]]]}},{"type":"Feature","properties":{"_zoneType":"SI_BUILT","name":"Pozidano zemljišče","authority":"MKGP","dataSource":"raba-3000"},"geometry":{"type":"Polygon","coordinates":[[[14.841400858492554,46.255626141795],[14.842808172027324,46.254551460736145],[14.841911082940381,46.25346426669928],[14.841398300193632,46.255310264700256],[14.84,46.25548465653056],[14.84,46.25559913831307],[14.841400858492554,46.255626141795]]]}},{"type":"Feature","properties":{"_zoneType":"SI_BUILT","name":"Pozidano zemljišče","authority":"MKGP","dataSource":"raba-3000"},"geometry":{"type":"Polygon","coordinates":[[[14.844720503763714,46.25419832063806],[14.843931794845721,46.25412426097823],[14.844457086056861,46.25432503929011],[14.844720503763714,46.25419832063806]]]}},{"type":"Feature","properties":{"_zoneType":"SI_BUILT","name":"Pozidano zemljišče","authority":"MKGP","dataSource":"raba-3000"},"geometry":{"type":"Polygon","coordinates":[[[14.84408429944619,46.3779469682783],[14.843483789207294,46.37769733925438],[14.84389695753368,46.37813760775251],[14.84408429944619,46.3779469682783]]]}},{"type":"Feature","properties":{"_zoneType":"SI_BUILT","name":"Pozidano zemljišče","authority":"MKGP","dataSource":"raba-3000"},"geometry":{"type":"Polygon","coordinates":[[[14.843618907558907,46.36698986787107],[14.843293728815015,46.36693141959906],[14.843545834671168,46.36718608329026],[14.843618907558907,46.36698986787107]]]}},{"type":"Feature","properties":{"_zoneType":"SI_BUILT","name":"Pozidano zemljišče","authority":"MKGP","dataSource":"raba-3000"},"geometry":{"type":"Polygon","coordinates":[[[14.801341560702433,46.22455052981237],[14.825924882142797,46.226493804055906],[14.831404290615819,46.22767553790702],[14.829518942723649,46.2286551582773],[14.834100546981528,46.228165000939335],[14.835056796394097,46.229012798431114],[14.837153614127118,46.22944205002272],[14.8392664569427,46.22873890006676],[14.838652843576543,46.2294711564269],[14.84,46.22997821528347],[14.84,46.22873516782903],[14.837489303814204,46.228464089538384],[14.837488709213726,46.22708447295324],[14.834288347027325,46.227231320873486],[14.833937127331058,46.22598992825816],[14.832127567620315,46.22697153615102],[14.83178738943736,46.22572529002261],[14.830701630733863,46.22510996332462],[14.831575187049728,46.226219826829144],[14.830749093938582,46.22712635812659],[14.820292458291394,46.225558133401236],[14.823570868320916,46.22340420626728],[14.82272774440773,46.22269982157645],[14.823440569329271,46.22183081795592],[14.822324824588007,46.22234762409755],[14.82141347649119,46.22467859564282],[14.819754783511447,46.22460946463568],[14.819891582628324,46.223388731795744],[14.818992320855692,46.22476035333175],[14.817928357271345,46.22475351917315],[14.815738302486032,46.22377878935156],[14.815677053199108,46.22256332446449],[14.813871116994799,46.22402837593602],[14.811237106330797,46.22278766241743],[14.810440532391226,46.22384173393954],[14.813229852155073,46.22469268997649],[14.809367241645388,46.225096487589525],[14.807245874082327,46.22335803342595],[14.80736067191879,46.224468777623564],[14.80401162635455,46.224182680287626],[14.803428025554279,46.223099086534255],[14.812679850046736,46.22180122047754],[14.810016656744995,46.221671492974835],[14.80972788291973,46.22074857697463],[14.809202114858339,46.22181543749403],[14.80387724729189,46.222549617471095],[14.802632727093936,46.223421587214496],[14.8,46.22227846868588],[14.8,46.22367193440604],[14.801721003339978,46.22344374893674],[14.801341560702433,46.22455052981237]],[[14.837225625230698,46.22884885588018],[14.836729069780906,46.22912767659417],[14.834972541946783,46.22856476825991],[14.83609480381981,46.22815372879104],[14.837225625230698,46.22884885588018]]]}},{"type":"Feature","properties":{"_zoneType":"SI_BUILT","name":"Pozidano zemljišče","authority":"MKGP","dataSource":"raba-3000"},"geometry":{"type":"Polygon","coordinates":[[[14.838583118932794,46.23062376600576],[14.828547302945603,46.23142560613063],[14.828874492809462,46.23216467403333],[14.83012904176547,46.23154766164248],[14.830984099394781,46.232850753754626],[14.832867086087079,46.23223583920902],[14.837292129747304,46.233312247904855],[14.834920889609759,46.23429306222326],[14.837868786351317,46.2332346675945],[14.832724268043906,46.2315015527215],[14.839022287548694,46.23088518808989],[14.84,46.23149529585829],[14.84,46.23103179416671],[14.838583118932794,46.23062376600576]],[[14.832287978732536,46.231994027701155],[14.83175797414493,46.232362452190934],[14.831852335378802,46.231698554836406],[14.832287978732536,46.231994027701155]]]}},{"type":"Feature","properties":{"_zoneType":"SI_BUILT","name":"Pozidano zemljišče","authority":"MKGP","dataSource":"raba-3000"},"geometry":{"type":"Polygon","coordinates":[[[14.841564657381372,46.23056713975349],[14.840969399825775,46.23131095833743],[14.84,46.23103179416671],[14.84,46.23149529585829],[14.841185233490469,46.232234899981094],[14.841988213262395,46.23083965984249],[14.84399659924799,46.23028093683419],[14.841391545988802,46.229841932968135],[14.841348184437493,46.22888073045618],[14.84,46.22873516782903],[14.84,46.22997821528347],[14.841564657381372,46.23056713975349]]]}},{"type":"Feature","properties":{"_zoneType":"SI_BUILT","name":"Pozidano zemljišče","authority":"MKGP","dataSource":"raba-3000"},"geometry":{"type":"Polygon","coordinates":[[[14.824098958126815,46.22566916743173],[14.824097234547587,46.22581597372705],[14.824420422984016,46.225675709011604],[14.824098958126815,46.22566916743173]]]}},{"type":"Feature","properties":{"_zoneType":"SI_BUILT","name":"Pozidano zemljišče","authority":"MKGP","dataSource":"raba-3000"},"geometry":{"type":"Polygon","coordinates":[[[14.832966499759582,46.233277235565076],[14.832824125453012,46.23295636269114],[14.832609147431512,46.23330244390473],[14.832966499759582,46.233277235565076]]]}},{"type":"Feature","properties":{"_zoneType":"SI_BUILT","name":"Pozidano zemljišče","authority":"MKGP","dataSource":"raba-3000"},"geometry":{"type":"Polygon","coordinates":[[[14.838611922181117,46.3905409620769],[14.84,46.390404432054744],[14.84,46.3899587707584],[14.838611922181117,46.3905409620769]]]}},{"type":"Feature","properties":{"_zoneType":"SI_BUILT","name":"Pozidano zemljišče","authority":"MKGP","dataSource":"raba-3000"},"geometry":{"type":"Polygon","coordinates":[[[14.842841052700104,46.38929625777984],[14.842188852925888,46.389040716198636],[14.84,46.3899587707584],[14.84,46.390404432054744],[14.84188594682946,46.390218932107324],[14.842841052700104,46.38929625777984]]]}},{"type":"Feature","properties":{"_zoneType":"SI_BUILT","name":"Pozidano zemljišče","authority":"MKGP","dataSource":"raba-3000"},"geometry":{"type":"Polygon","coordinates":[[[14.841740133441329,46.23768300835084],[14.84042696557703,46.23670624697353],[14.840536194270737,46.23825571934649],[14.841740133441329,46.23768300835084]]]}},{"type":"Feature","properties":{"_zoneType":"SI_BUILT","name":"Pozidano zemljišče","authority":"MKGP","dataSource":"raba-3000"},"geometry":{"type":"Polygon","coordinates":[[[14.837674760514542,46.381941753412285],[14.839990893093576,46.379946973652956],[14.837768533154653,46.380145405573565],[14.837471670170386,46.38253245276459],[14.836015003746674,46.38334220702457],[14.838912544629027,46.38411207554687],[14.837674760514542,46.381941753412285]]]}},{"type":"Feature","properties":{"_zoneType":"SI_BUILT","name":"Pozidano zemljišče","authority":"MKGP","dataSource":"raba-3000"},"geometry":{"type":"Polygon","coordinates":[[[14.83990417174623,46.3261470416435],[14.836113190742367,46.32616861512881],[14.837843350794767,46.32687236879766],[14.83990417174623,46.3261470416435]]]}},{"type":"Feature","properties":{"_zoneType":"SI_BUILT","name":"Pozidano zemljišče","authority":"MKGP","dataSource":"raba-3000"},"geometry":{"type":"Polygon","coordinates":[[[14.838917999841648,46.37796482038706],[14.838969535071838,46.37758308955967],[14.838604041373587,46.37798567314361],[14.838917999841648,46.37796482038706]]]}},{"type":"Feature","properties":{"_zoneType":"SI_BUILT","name":"Pozidano zemljišče","authority":"MKGP","dataSource":"raba-3000"},"geometry":{"type":"Polygon","coordinates":[[[14.838973105233826,46.2415241509987],[14.838724353413493,46.241368521281515],[14.838505737161675,46.241795613547694],[14.838973105233826,46.2415241509987]]]}},{"type":"Feature","properties":{"_zoneType":"SI_BUILT","name":"Pozidano zemljišče","authority":"MKGP","dataSource":"raba-3000"},"geometry":{"type":"Polygon","coordinates":[[[14.838074210175561,46.386631456248345],[14.837888908066228,46.386348485491624],[14.837333255419901,46.386826069545414],[14.838074210175561,46.386631456248345]]]}},{"type":"Feature","properties":{"_zoneType":"SI_BUILT","name":"Pozidano zemljišče","authority":"MKGP","dataSource":"raba-3000"},"geometry":{"type":"Polygon","coordinates":[[[14.837339009575793,46.23699251554922],[14.835794989293404,46.23653282202529],[14.836743568023882,46.23720581000844],[14.837339009575793,46.23699251554922]]]}},{"type":"Feature","properties":{"_zoneType":"SI_BUILT","name":"Pozidano zemljišče","authority":"MKGP","dataSource":"raba-3000"},"geometry":{"type":"Polygon","coordinates":[[[14.83568688605886,46.377678299690785],[14.835445434992266,46.37748186252973],[14.835408604868897,46.37783627394421],[14.83568688605886,46.377678299690785]]]}},{"type":"Feature","properties":{"_zoneType":"SI_BUILT","name":"Pozidano zemljišče","authority":"MKGP","dataSource":"raba-3000"},"geometry":{"type":"Polygon","coordinates":[[[14.834633373377848,46.32763533731674],[14.83425769110983,46.32758265237918],[14.834571108862265,46.327804535808475],[14.834633373377848,46.32763533731674]]]}},{"type":"Feature","properties":{"_zoneType":"SI_BUILT","name":"Pozidano zemljišče","authority":"MKGP","dataSource":"raba-3000"},"geometry":{"type":"Polygon","coordinates":[[[14.83316111345241,46.37911027808281],[14.832825240282652,46.3789621804376],[14.832544889748355,46.3793723596456],[14.83316111345241,46.37911027808281]]]}},{"type":"Feature","properties":{"_zoneType":"SI_BUILT","name":"Pozidano zemljišče","authority":"MKGP","dataSource":"raba-3000"},"geometry":{"type":"Polygon","coordinates":[[[14.832592796183503,46.249336550058686],[14.832191705508928,46.249264094937494],[14.832503353117733,46.249546757921756],[14.832592796183503,46.249336550058686]]]}},{"type":"Feature","properties":{"_zoneType":"SI_BUILT","name":"Pozidano zemljišče","authority":"MKGP","dataSource":"raba-3000"},"geometry":{"type":"Polygon","coordinates":[[[14.831908804377854,46.317270544672574],[14.828930376421791,46.31611203980603],[14.831132101457433,46.31697982717731],[14.82940281261014,46.317501493981325],[14.830345914512034,46.3179952623983],[14.829446425409374,46.31866122634863],[14.83193236293461,46.318168935267806],[14.831908804377854,46.317270544672574]]]}},{"type":"Feature","properties":{"_zoneType":"SI_BUILT","name":"Pozidano zemljišče","authority":"MKGP","dataSource":"raba-3000"},"geometry":{"type":"Polygon","coordinates":[[[14.832044978148405,46.24677198617256],[14.831667552491677,46.246657659519755],[14.83119374229532,46.247121297169436],[14.832044978148405,46.24677198617256]]]}},{"type":"Feature","properties":{"_zoneType":"SI_BUILT","name":"Pozidano zemljišče","authority":"MKGP","dataSource":"raba-3000"},"geometry":{"type":"Polygon","coordinates":[[[14.830034795603028,46.29927980434118],[14.829439465688218,46.29853063631637],[14.828006012491361,46.298302082212714],[14.829439336666466,46.29936295880327],[14.830034795603028,46.29927980434118]]]}},{"type":"Feature","properties":{"_zoneType":"SI_BUILT","name":"Pozidano zemljišče","authority":"MKGP","dataSource":"raba-3000"},"geometry":{"type":"Polygon","coordinates":[[[14.831493931161411,46.29940161473381],[14.83105772975978,46.29912169910924],[14.831213906084267,46.299509747239796],[14.831493931161411,46.29940161473381]]]}},{"type":"Feature","properties":{"_zoneType":"SI_BUILT","name":"Pozidano zemljišče","authority":"MKGP","dataSource":"raba-3000"},"geometry":{"type":"Polygon","coordinates":[[[14.828305454543777,46.2454006120225],[14.828041384272217,46.24528263805386],[14.827443842195622,46.24562926220452],[14.828305454543777,46.2454006120225]]]}},{"type":"Feature","properties":{"_zoneType":"SI_BUILT","name":"Pozidano zemljišče","authority":"MKGP","dataSource":"raba-3000"},"geometry":{"type":"Polygon","coordinates":[[[14.831453148200637,46.245085765312275],[14.830414666403776,46.244865420927816],[14.829230065796859,46.24551703148799],[14.831453148200637,46.245085765312275]]]}},{"type":"Feature","properties":{"_zoneType":"SI_BUILT","name":"Pozidano zemljišče","authority":"MKGP","dataSource":"raba-3000"},"geometry":{"type":"Polygon","coordinates":[[[14.830340131251418,46.3118662449962],[14.82980708620876,46.31182150325687],[14.830172371951484,46.31204261622407],[14.830340131251418,46.3118662449962]]]}},{"type":"Feature","properties":{"_zoneType":"SI_BUILT","name":"Pozidano zemljišče","authority":"MKGP","dataSource":"raba-3000"},"geometry":{"type":"Polygon","coordinates":[[[14.829124319895262,46.247191624185405],[14.82984643628094,46.24626690776129],[14.829073602076093,46.2470354249204],[14.829124319895262,46.247191624185405]]]}},{"type":"Feature","properties":{"_zoneType":"SI_BUILT","name":"Pozidano zemljišče","authority":"MKGP","dataSource":"raba-3000"},"geometry":{"type":"Polygon","coordinates":[[[14.82844051084304,46.35979278866919],[14.828339476792879,46.36],[14.828503770999308,46.36],[14.82844051084304,46.35979278866919]]]}},{"type":"Feature","properties":{"_zoneType":"SI_BUILT","name":"Pozidano zemljišče","authority":"MKGP","dataSource":"raba-3000"},"geometry":{"type":"Polygon","coordinates":[[[14.828701511298407,46.3606477067549],[14.828503770999308,46.36],[14.828339476792879,46.36],[14.827988149322044,46.36072053958706],[14.828701511298407,46.3606477067549]]]}},{"type":"Feature","properties":{"_zoneType":"SI_BUILT","name":"Pozidano zemljišče","authority":"MKGP","dataSource":"raba-3000"},"geometry":{"type":"Polygon","coordinates":[[[14.828936014699973,46.237412623143626],[14.827619391081795,46.23743826105478],[14.82881529058363,46.237542489025884],[14.828936014699973,46.237412623143626]]]}},{"type":"Feature","properties":{"_zoneType":"SI_BUILT","name":"Pozidano zemljišče","authority":"MKGP","dataSource":"raba-3000"},"geometry":{"type":"Polygon","coordinates":[[[14.827536916406826,46.27401510015236],[14.827245676360459,46.27388647227897],[14.8273365114026,46.27413961456244],[14.827536916406826,46.27401510015236]]]}},{"type":"Feature","properties":{"_zoneType":"SI_BUILT","name":"Pozidano zemljišče","authority":"MKGP","dataSource":"raba-3000"},"geometry":{"type":"Polygon","coordinates":[[[14.826727643910496,46.394252993448056],[14.825637498695775,46.39385629927403],[14.825539066232501,46.395044785831914],[14.826727643910496,46.394252993448056]]]}},{"type":"Feature","properties":{"_zoneType":"SI_BUILT","name":"Pozidano zemljišče","authority":"MKGP","dataSource":"raba-3000"},"geometry":{"type":"Polygon","coordinates":[[[14.826507408188286,46.23863015427109],[14.826312332659164,46.23849748896347],[14.826326091246742,46.23876486468504],[14.826507408188286,46.23863015427109]]]}},{"type":"Feature","properties":{"_zoneType":"SI_BUILT","name":"Pozidano zemljišče","authority":"MKGP","dataSource":"raba-3000"},"geometry":{"type":"Polygon","coordinates":[[[14.824442792446172,46.385759645350184],[14.825627863632432,46.38511297663928],[14.824590801325904,46.385504741638485],[14.824442792446172,46.385759645350184]]]}},{"type":"Feature","properties":{"_zoneType":"SI_BUILT","name":"Pozidano zemljišče","authority":"MKGP","dataSource":"raba-3000"},"geometry":{"type":"Polygon","coordinates":[[[14.825392063791568,46.36889825527867],[14.825367228640271,46.36663092548423],[14.824468027910266,46.3664800370163],[14.823070901672205,46.36959228180409],[14.824408969941478,46.36819976784789],[14.825392063791568,46.36889825527867]]]}},{"type":"Feature","properties":{"_zoneType":"SI_BUILT","name":"Pozidano zemljišče","authority":"MKGP","dataSource":"raba-3000"},"geometry":{"type":"Polygon","coordinates":[[[14.824566934884269,46.35561385019481],[14.824702913504414,46.35575222922075],[14.825602026101366,46.35547125528784],[14.824566934884269,46.35561385019481]]]}},{"type":"Feature","properties":{"_zoneType":"SI_BUILT","name":"Pozidano zemljišče","authority":"MKGP","dataSource":"raba-3000"},"geometry":{"type":"Polygon","coordinates":[[[14.824812361082445,46.23168094254691],[14.824041229953798,46.23181102583041],[14.82276890868489,46.23255275378989],[14.823885891077472,46.2323741966542],[14.824812361082445,46.23168094254691]]]}},{"type":"Feature","properties":{"_zoneType":"SI_BUILT","name":"Pozidano zemljišče","authority":"MKGP","dataSource":"raba-3000"},"geometry":{"type":"Polygon","coordinates":[[[14.82496907495829,46.23355892456592],[14.825267985115886,46.23279819027743],[14.824478827389083,46.23317960296468],[14.82496907495829,46.23355892456592]]]}},{"type":"Feature","properties":{"_zoneType":"SI_BUILT","name":"Pozidano zemljišče","authority":"MKGP","dataSource":"raba-3000"},"geometry":{"type":"Polygon","coordinates":[[[14.818759164403225,46.28921428517545],[14.820670040579282,46.28990095748678],[14.821578679056076,46.289802837350386],[14.824729007183246,46.28802176025677],[14.820798465604664,46.28966707023412],[14.820226710241947,46.289174423398286],[14.821995738554937,46.28728925985232],[14.818581227295265,46.28745659915769],[14.818253073893185,46.29017993246405],[14.818759164403225,46.28921428517545]]]}},{"type":"Feature","properties":{"_zoneType":"SI_BUILT","name":"Pozidano zemljišče","authority":"MKGP","dataSource":"raba-3000"},"geometry":{"type":"Polygon","coordinates":[[[14.824290594642548,46.39933148868937],[14.823984768932648,46.39928425926844],[14.82422415577449,46.399495667272],[14.824290594642548,46.39933148868937]]]}},{"type":"Feature","properties":{"_zoneType":"SI_BUILT","name":"Pozidano zemljišče","authority":"MKGP","dataSource":"raba-3000"},"geometry":{"type":"Polygon","coordinates":[[[14.822781716202089,46.242281466519145],[14.822570954227137,46.242015704840895],[14.82233230576028,46.242296728464794],[14.822781716202089,46.242281466519145]]]}},{"type":"Feature","properties":{"_zoneType":"SI_BUILT","name":"Pozidano zemljišče","authority":"MKGP","dataSource":"raba-3000"},"geometry":{"type":"Polygon","coordinates":[[[14.824082984632142,46.242532756081154],[14.823912364206638,46.24239647396563],[14.823240313118294,46.242582674494095],[14.824082984632142,46.242532756081154]]]}},{"type":"Feature","properties":{"_zoneType":"SI_BUILT","name":"Pozidano zemljišče","authority":"MKGP","dataSource":"raba-3000"},"geometry":{"type":"Polygon","coordinates":[[[14.82369159867663,46.236421607931376],[14.823874487962678,46.234951242505176],[14.822462515528631,46.23543201273576],[14.823447824686177,46.23618643285261],[14.821303356839824,46.23764366664516],[14.82369159867663,46.236421607931376]]]}},{"type":"Feature","properties":{"_zoneType":"SI_BUILT","name":"Pozidano zemljišče","authority":"MKGP","dataSource":"raba-3000"},"geometry":{"type":"Polygon","coordinates":[[[14.823069687562972,46.303913981547005],[14.822783335674064,46.30386045480752],[14.822988784008913,46.3040776782526],[14.823069687562972,46.303913981547005]]]}},{"type":"Feature","properties":{"_zoneType":"SI_BUILT","name":"Pozidano zemljišče","authority":"MKGP","dataSource":"raba-3000"},"geometry":{"type":"Polygon","coordinates":[[[14.823267326011656,46.22097478473326],[14.823269594045936,46.21981404412429],[14.821608545721482,46.21963683485353],[14.822040885604759,46.22031803362867],[14.823267326011656,46.22097478473326]]]}},{"type":"Feature","properties":{"_zoneType":"SI_BUILT","name":"Pozidano zemljišče","authority":"MKGP","dataSource":"raba-3000"},"geometry":{"type":"Polygon","coordinates":[[[14.822466081413497,46.33137836143243],[14.822756799353979,46.3314023042811],[14.822555142330794,46.33102968193551],[14.822466081413497,46.33137836143243]]]}},{"type":"Feature","properties":{"_zoneType":"SI_BUILT","name":"Pozidano zemljišče","authority":"MKGP","dataSource":"raba-3000"},"geometry":{"type":"Polygon","coordinates":[[[14.82271975000745,46.348325177045155],[14.822335682371063,46.348318111284925],[14.82267302230837,46.34853429305005],[14.82271975000745,46.348325177045155]]]}},{"type":"Feature","properties":{"_zoneType":"SI_BUILT","name":"Pozidano zemljišče","authority":"MKGP","dataSource":"raba-3000"},"geometry":{"type":"Polygon","coordinates":[[[14.82232458444215,46.33814072652317],[14.82201212950417,46.33803877059978],[14.821671191925507,46.33861193345794],[14.82232458444215,46.33814072652317]]]}},{"type":"Feature","properties":{"_zoneType":"SI_BUILT","name":"Pozidano zemljišče","authority":"MKGP","dataSource":"raba-3000"},"geometry":{"type":"Polygon","coordinates":[[[14.822427987264955,46.28142443821476],[14.822179078484446,46.2813082143049],[14.822264179808204,46.281630099767625],[14.822427987264955,46.28142443821476]]]}},{"type":"Feature","properties":{"_zoneType":"SI_BUILT","name":"Pozidano zemljišče","authority":"MKGP","dataSource":"raba-3000"},"geometry":{"type":"Polygon","coordinates":[[[14.8225144828331,46.23373878720795],[14.822267128852697,46.23361243929757],[14.822295562129137,46.23389407133184],[14.8225144828331,46.23373878720795]]]}},{"type":"Feature","properties":{"_zoneType":"SI_BUILT","name":"Pozidano zemljišče","authority":"MKGP","dataSource":"raba-3000"},"geometry":{"type":"Polygon","coordinates":[[[14.821218730395179,46.36284563276018],[14.820855479533765,46.36303208007931],[14.821457270572164,46.36383579937157],[14.821218730395179,46.36284563276018]]]}},{"type":"Feature","properties":{"_zoneType":"SI_BUILT","name":"Pozidano zemljišče","authority":"MKGP","dataSource":"raba-3000"},"geometry":{"type":"Polygon","coordinates":[[[14.821457536532389,46.25638311688225],[14.820860667871177,46.256268140364256],[14.819984217311209,46.256735106449],[14.821457536532389,46.25638311688225]]]}},{"type":"Feature","properties":{"_zoneType":"SI_BUILT","name":"Pozidano zemljišče","authority":"MKGP","dataSource":"raba-3000"},"geometry":{"type":"Polygon","coordinates":[[[14.82121259527832,46.264019370666425],[14.820961714384135,46.26386108020153],[14.820964609381786,46.264191700543314],[14.82121259527832,46.264019370666425]]]}},{"type":"Feature","properties":{"_zoneType":"SI_BUILT","name":"Pozidano zemljišče","authority":"MKGP","dataSource":"raba-3000"},"geometry":{"type":"Polygon","coordinates":[[[14.821218678962232,46.24545969324096],[14.820923429233474,46.24534756521992],[14.8210423408056,46.24570768182433],[14.821218678962232,46.24545969324096]]]}},{"type":"Feature","properties":{"_zoneType":"SI_BUILT","name":"Pozidano zemljišče","authority":"MKGP","dataSource":"raba-3000"},"geometry":{"type":"Polygon","coordinates":[[[14.821038468948519,46.25376201606138],[14.820868502876385,46.25357633803091],[14.820765653136526,46.25388065347223],[14.821038468948519,46.25376201606138]]]}},{"type":"Feature","properties":{"_zoneType":"SI_BUILT","name":"Pozidano zemljišče","authority":"MKGP","dataSource":"raba-3000"},"geometry":{"type":"Polygon","coordinates":[[[14.820545076313255,46.24797500587123],[14.820390669362148,46.24751071444561],[14.820292191934179,46.248000473469794],[14.820545076313255,46.24797500587123]]]}},{"type":"Feature","properties":{"_zoneType":"SI_BUILT","name":"Pozidano zemljišče","authority":"MKGP","dataSource":"raba-3000"},"geometry":{"type":"Polygon","coordinates":[[[14.819753385893456,46.2432548650494],[14.819904634957187,46.243420945050026],[14.820047075458083,46.24310530560962],[14.819753385893456,46.2432548650494]]]}},{"type":"Feature","properties":{"_zoneType":"SI_BUILT","name":"Pozidano zemljišče","authority":"MKGP","dataSource":"raba-3000"},"geometry":{"type":"Polygon","coordinates":[[[14.816790095973646,46.23964354008896],[14.817296924468563,46.24],[14.818349858531908,46.24],[14.816337417215571,46.2394391396421],[14.81797381130365,46.23845005333705],[14.815235698857757,46.237850141749654],[14.816091762048078,46.24],[14.81667170695264,46.24],[14.816790095973646,46.23964354008896]]]}},{"type":"Feature","properties":{"_zoneType":"SI_BUILT","name":"Pozidano zemljišče","authority":"MKGP","dataSource":"raba-3000"},"geometry":{"type":"Polygon","coordinates":[[[14.81667170695264,46.24],[14.816091762048078,46.24],[14.816407967834225,46.24079409747533],[14.81667170695264,46.24]]]}},{"type":"Feature","properties":{"_zoneType":"SI_BUILT","name":"Pozidano zemljišče","authority":"MKGP","dataSource":"raba-3000"},"geometry":{"type":"Polygon","coordinates":[[[14.818728783330151,46.2410070473297],[14.819480542905133,46.24031511778112],[14.818349858531908,46.24],[14.817296924468563,46.24],[14.818728783330151,46.2410070473297]]]}},{"type":"Feature","properties":{"_zoneType":"SI_BUILT","name":"Pozidano zemljišče","authority":"MKGP","dataSource":"raba-3000"},"geometry":{"type":"Polygon","coordinates":[[[14.820080701351033,46.241304910836305],[14.819956691244453,46.241204195055964],[14.819381159033318,46.2419033077609],[14.820080701351033,46.241304910836305]]]}},{"type":"Feature","properties":{"_zoneType":"SI_BUILT","name":"Pozidano zemljišče","authority":"MKGP","dataSource":"raba-3000"},"geometry":{"type":"Polygon","coordinates":[[[14.819628046475774,46.24576413133583],[14.818742489895412,46.24271188600485],[14.816758220501628,46.242902972644124],[14.819052192463563,46.24396899379398],[14.819628046475774,46.24576413133583]]]}},{"type":"Feature","properties":{"_zoneType":"SI_BUILT","name":"Pozidano zemljišče","authority":"MKGP","dataSource":"raba-3000"},"geometry":{"type":"Polygon","coordinates":[[[14.815066531952233,46.23376053262341],[14.815270439101466,46.23502196076345],[14.819442161442701,46.23432411835629],[14.815838199753417,46.23463630337626],[14.815442869606523,46.23344919498198],[14.812493868567563,46.2331395991972],[14.813811146025506,46.232405141956924],[14.81225182960266,46.23267596982938],[14.812311261748498,46.234089725672575],[14.815066531952233,46.23376053262341]]]}},{"type":"Feature","properties":{"_zoneType":"SI_BUILT","name":"Pozidano zemljišče","authority":"MKGP","dataSource":"raba-3000"},"geometry":{"type":"Polygon","coordinates":[[[14.81886533059402,46.37783202204572],[14.815520695399446,46.37651431173991],[14.81352625253073,46.37721453755136],[14.815418899166726,46.37788726684557],[14.81886533059402,46.37783202204572]]]}},{"type":"Feature","properties":{"_zoneType":"SI_BUILT","name":"Pozidano zemljišče","authority":"MKGP","dataSource":"raba-3000"},"geometry":{"type":"Polygon","coordinates":[[[14.818802431117126,46.2914525929567],[14.818383559999731,46.29082307749244],[14.81832076769665,46.29158008690634],[14.818802431117126,46.2914525929567]]]}},{"type":"Feature","properties":{"_zoneType":"SI_BUILT","name":"Pozidano zemljišče","authority":"MKGP","dataSource":"raba-3000"},"geometry":{"type":"Polygon","coordinates":[[[14.817187426028125,46.30730261582599],[14.816973078843501,46.306682646597324],[14.81554886289762,46.30670730062017],[14.816337573322654,46.30720881436064],[14.817187426028125,46.30730261582599]]]}},{"type":"Feature","properties":{"_zoneType":"SI_BUILT","name":"Pozidano zemljišče","authority":"MKGP","dataSource":"raba-3000"},"geometry":{"type":"Polygon","coordinates":[[[14.815548129393264,46.24250302338016],[14.81476758933452,46.24152683686589],[14.814424601403697,46.242192158310424],[14.815317218165818,46.242579417641885],[14.815548129393264,46.24250302338016]]]}},{"type":"Feature","properties":{"_zoneType":"SI_BUILT","name":"Pozidano zemljišče","authority":"MKGP","dataSource":"raba-3000"},"geometry":{"type":"Polygon","coordinates":[[[14.815425835832922,46.245243007260946],[14.813250700874235,46.24501676210728],[14.812040962907881,46.24537144134318],[14.812643287301302,46.245626266872854],[14.815425835832922,46.245243007260946]]]}},{"type":"Feature","properties":{"_zoneType":"SI_BUILT","name":"Pozidano zemljišče","authority":"MKGP","dataSource":"raba-3000"},"geometry":{"type":"Polygon","coordinates":[[[14.814043333974483,46.3044946742492],[14.812006688532003,46.30307349992104],[14.810511684457888,46.30349361753393],[14.813765340391873,46.30464130928874],[14.814043333974483,46.3044946742492]]]}},{"type":"Feature","properties":{"_zoneType":"SI_BUILT","name":"Pozidano zemljišče","authority":"MKGP","dataSource":"raba-3000"},"geometry":{"type":"Polygon","coordinates":[[[14.810098191822377,46.39796904404859],[14.813610910967324,46.39753974403157],[14.809271824606688,46.39702237664434],[14.810098191822377,46.39796904404859]]]}},{"type":"Feature","properties":{"_zoneType":"SI_BUILT","name":"Pozidano zemljišče","authority":"MKGP","dataSource":"raba-3000"},"geometry":{"type":"Polygon","coordinates":[[[14.812820231750344,46.38733534342467],[14.811992302765526,46.387750240946055],[14.81127716597645,46.3887850458289],[14.812431250224003,46.38989620872769],[14.812820231750344,46.38733534342467]]]}},{"type":"Feature","properties":{"_zoneType":"SI_BUILT","name":"Pozidano zemljišče","authority":"MKGP","dataSource":"raba-3000"},"geometry":{"type":"Polygon","coordinates":[[[14.812472096703539,46.38338798059416],[14.811704485366205,46.3835874742469],[14.811147179602912,46.384398683675165],[14.81195449989771,46.38510199117634],[14.812472096703539,46.38338798059416]]]}},{"type":"Feature","properties":{"_zoneType":"SI_BUILT","name":"Pozidano zemljišče","authority":"MKGP","dataSource":"raba-3000"},"geometry":{"type":"Polygon","coordinates":[[[14.812282200766342,46.356536844900894],[14.8116876441087,46.356214369584734],[14.812083709026714,46.35663045987998],[14.812282200766342,46.356536844900894]]]}},{"type":"Feature","properties":{"_zoneType":"SI_BUILT","name":"Pozidano zemljišče","authority":"MKGP","dataSource":"raba-3000"},"geometry":{"type":"Polygon","coordinates":[[[14.811767942003756,46.23752574200086],[14.811435259271652,46.23761192833436],[14.811797010327203,46.23775547744367],[14.811767942003756,46.23752574200086]]]}},{"type":"Feature","properties":{"_zoneType":"SI_BUILT","name":"Pozidano zemljišče","authority":"MKGP","dataSource":"raba-3000"},"geometry":{"type":"Polygon","coordinates":[[[14.812612836657706,46.23630894866934],[14.812329104755044,46.2363845094741],[14.812553176626883,46.236879639625634],[14.812612836657706,46.23630894866934]]]}},{"type":"Feature","properties":{"_zoneType":"SI_BUILT","name":"Pozidano zemljišče","authority":"MKGP","dataSource":"raba-3000"},"geometry":{"type":"Polygon","coordinates":[[[14.812064169498715,46.26208185694854],[14.811820321926556,46.26177535992896],[14.810574043977889,46.26147414757104],[14.812064169498715,46.26208185694854]]]}},{"type":"Feature","properties":{"_zoneType":"SI_BUILT","name":"Pozidano zemljišče","authority":"MKGP","dataSource":"raba-3000"},"geometry":{"type":"Polygon","coordinates":[[[14.811508348855215,46.25189770810136],[14.81077202698125,46.252435660116355],[14.811531424695872,46.25201889496434],[14.811508348855215,46.25189770810136]]]}},{"type":"Feature","properties":{"_zoneType":"SI_BUILT","name":"Pozidano zemljišče","authority":"MKGP","dataSource":"raba-3000"},"geometry":{"type":"Polygon","coordinates":[[[14.810455444847198,46.375829748077294],[14.810035733435518,46.37598813141309],[14.810383190578042,46.376759670008],[14.810455444847198,46.375829748077294]]]}},{"type":"Feature","properties":{"_zoneType":"SI_BUILT","name":"Pozidano zemljišče","authority":"MKGP","dataSource":"raba-3000"},"geometry":{"type":"Polygon","coordinates":[[[14.802655340410254,46.39184971731421],[14.806003720521641,46.39037560169687],[14.809686931933589,46.39213101698581],[14.80634847168648,46.38975858080377],[14.806409672638866,46.38891583173869],[14.81045234805542,46.38989639214122],[14.803440471226192,46.38442917963305],[14.80193300845557,46.3849847166774],[14.804406096907,46.385657569862126],[14.802567515932042,46.38823030790078],[14.800693117388084,46.38795236536148],[14.8,46.38825777637007],[14.8,46.388515368792554],[14.800706847873878,46.38829178737195],[14.802109996523402,46.389213326063505],[14.804340110906072,46.38618397742103],[14.80608515952697,46.38849084477092],[14.805714198166047,46.389807973325226],[14.802742083181887,46.391225489945526],[14.800274440700974,46.38957384087093],[14.8,46.389711891360406],[14.8,46.38986916760489],[14.800011633340835,46.38985688846006],[14.802655340410254,46.39184971731421]],[[14.806970454288658,46.38768852531197],[14.806799014482243,46.388184648770476],[14.80612238269677,46.38759253879415],[14.806970454288658,46.38768852531197]]]}},{"type":"Feature","properties":{"_zoneType":"SI_BUILT","name":"Pozidano zemljišče","authority":"MKGP","dataSource":"raba-3000"},"geometry":{"type":"Polygon","coordinates":[[[14.808245006222092,46.24548364363513],[14.810835961033233,46.24484909496425],[14.806312350667252,46.24526643087759],[14.808245006222092,46.24548364363513]]]}},{"type":"Feature","properties":{"_zoneType":"SI_BUILT","name":"Pozidano zemljišče","authority":"MKGP","dataSource":"raba-3000"},"geometry":{"type":"Polygon","coordinates":[[[14.810636297982606,46.23552974412165],[14.810745003741289,46.23492876659079],[14.810381925995765,46.23547419711761],[14.810636297982606,46.23552974412165]]]}},{"type":"Feature","properties":{"_zoneType":"SI_BUILT","name":"Pozidano zemljišče","authority":"MKGP","dataSource":"raba-3000"},"geometry":{"type":"Polygon","coordinates":[[[14.8099504513652,46.37838620931363],[14.80960918277855,46.37833734792252],[14.80984396004685,46.378780633875195],[14.8099504513652,46.37838620931363]]]}},{"type":"Feature","properties":{"_zoneType":"SI_BUILT","name":"Pozidano zemljišče","authority":"MKGP","dataSource":"raba-3000"},"geometry":{"type":"Polygon","coordinates":[[[14.80872010427473,46.34218788807141],[14.808603654683848,46.34206231514813],[14.80764461205224,46.34214225706319],[14.80872010427473,46.34218788807141]]]}},{"type":"Feature","properties":{"_zoneType":"SI_BUILT","name":"Pozidano zemljišče","authority":"MKGP","dataSource":"raba-3000"},"geometry":{"type":"Polygon","coordinates":[[[14.808129761011752,46.23917619600855],[14.8076111263761,46.23914804195762],[14.807757979033765,46.23951569662434],[14.808129761011752,46.23917619600855]]]}},{"type":"Feature","properties":{"_zoneType":"SI_BUILT","name":"Pozidano zemljišče","authority":"MKGP","dataSource":"raba-3000"},"geometry":{"type":"Polygon","coordinates":[[[14.807456274750068,46.376254109508594],[14.807321334632459,46.375694892123256],[14.805383901657255,46.375764833884205],[14.806364358279394,46.37624161418819],[14.807456274750068,46.376254109508594]]]}},{"type":"Feature","properties":{"_zoneType":"SI_BUILT","name":"Pozidano zemljišče","authority":"MKGP","dataSource":"raba-3000"},"geometry":{"type":"Polygon","coordinates":[[[14.806820581686218,46.3358371240943],[14.80668801293145,46.33460857249628],[14.804637525970097,46.334444675952135],[14.80480480147283,46.3351094652674],[14.806820581686218,46.3358371240943]]]}},{"type":"Feature","properties":{"_zoneType":"SI_BUILT","name":"Pozidano zemljišče","authority":"MKGP","dataSource":"raba-3000"},"geometry":{"type":"Polygon","coordinates":[[[14.806589459240078,46.37918325091825],[14.805824248168046,46.37883717203306],[14.806411438781266,46.379322858710964],[14.806589459240078,46.37918325091825]]]}},{"type":"Feature","properties":{"_zoneType":"SI_BUILT","name":"Pozidano zemljišče","authority":"MKGP","dataSource":"raba-3000"},"geometry":{"type":"Polygon","coordinates":[[[14.8058055151964,46.39201234382316],[14.806196414606557,46.392159223542734],[14.80601778130348,46.391732735234676],[14.8058055151964,46.39201234382316]]]}},{"type":"Feature","properties":{"_zoneType":"SI_BUILT","name":"Pozidano zemljišče","authority":"MKGP","dataSource":"raba-3000"},"geometry":{"type":"Polygon","coordinates":[[[14.80623043197901,46.22017277671961],[14.805981491329295,46.219586727892015],[14.805922354486828,46.2202321290487],[14.80623043197901,46.22017277671961]]]}},{"type":"Feature","properties":{"_zoneType":"SI_BUILT","name":"Pozidano zemljišče","authority":"MKGP","dataSource":"raba-3000"},"geometry":{"type":"Polygon","coordinates":[[[14.805259285319789,46.241612144975306],[14.805478910354225,46.24171842502818],[14.80541209263721,46.241450127675066],[14.805259285319789,46.241612144975306]]]}},{"type":"Feature","properties":{"_zoneType":"SI_BUILT","name":"Pozidano zemljišče","authority":"MKGP","dataSource":"raba-3000"},"geometry":{"type":"Polygon","coordinates":[[[14.8047806895311,46.257817299474794],[14.8041589180138,46.25638857996891],[14.801773002900681,46.2556273506313],[14.801767198227022,46.25635400177267],[14.8047806895311,46.257817299474794]]]}},{"type":"Feature","properties":{"_zoneType":"SI_BUILT","name":"Pozidano zemljišče","authority":"MKGP","dataSource":"raba-3000"},"geometry":{"type":"Polygon","coordinates":[[[14.804355140764429,46.25996712622515],[14.803982264580776,46.25995501768084],[14.804313058611116,46.26014417781508],[14.804355140764429,46.25996712622515]]]}},{"type":"Feature","properties":{"_zoneType":"SI_BUILT","name":"Pozidano zemljišče","authority":"MKGP","dataSource":"raba-3000"},"geometry":{"type":"Polygon","coordinates":[[[14.803910504361768,46.246366634994],[14.803925373783214,46.246547639473434],[14.804274783036748,46.24634150718337],[14.803910504361768,46.246366634994]]]}},{"type":"Feature","properties":{"_zoneType":"SI_BUILT","name":"Pozidano zemljišče","authority":"MKGP","dataSource":"raba-3000"},"geometry":{"type":"Polygon","coordinates":[[[14.803598392268455,46.37538520065235],[14.803358744144758,46.37509433744025],[14.803355384696019,46.375469602627994],[14.803598392268455,46.37538520065235]]]}},{"type":"Feature","properties":{"_zoneType":"SI_BUILT","name":"Pozidano zemljišče","authority":"MKGP","dataSource":"raba-3000"},"geometry":{"type":"Polygon","coordinates":[[[14.803068773840215,46.38234926419314],[14.802267455996459,46.381879307315245],[14.80226081481553,46.38244848596812],[14.803068773840215,46.38234926419314]]]}},{"type":"Feature","properties":{"_zoneType":"SI_BUILT","name":"Pozidano zemljišče","authority":"MKGP","dataSource":"raba-3000"},"geometry":{"type":"Polygon","coordinates":[[[14.800102651571274,46.35746883153199],[14.802279414769368,46.354539476977756],[14.800259667812929,46.35483261522609],[14.801420436721992,46.355250348198716],[14.8,46.35735662347125],[14.8,46.35793215796512],[14.801661213901703,46.359926016873175],[14.800102651571274,46.35746883153199]]]}},{"type":"Feature","properties":{"_zoneType":"SI_BUILT","name":"Pozidano zemljišče","authority":"MKGP","dataSource":"raba-3000"},"geometry":{"type":"Polygon","coordinates":[[[14.802687776493864,46.24532229845155],[14.802529132163766,46.24470020174659],[14.801395408087215,46.24433227574572],[14.802401084548759,46.245349738298955],[14.802687776493864,46.24532229845155]]]}},{"type":"Feature","properties":{"_zoneType":"SI_BUILT","name":"Pozidano zemljišče","authority":"MKGP","dataSource":"raba-3000"},"geometry":{"type":"Polygon","coordinates":[[[14.802205341089785,46.247336055205096],[14.801129405527455,46.24873636236311],[14.80052447770966,46.249026941911694],[14.801409968450011,46.24887334359993],[14.802205341089785,46.247336055205096]]]}},{"type":"Feature","properties":{"_zoneType":"SI_BUILT","name":"Pozidano zemljišče","authority":"MKGP","dataSource":"raba-3000"},"geometry":{"type":"Polygon","coordinates":[[[14.800694612892446,46.344398046972735],[14.8,46.344139239641365],[14.8,46.34475039837491],[14.801754649537136,46.34600732962549],[14.800694612892446,46.344398046972735]]]}},{"type":"Feature","properties":{"_zoneType":"SI_BUILT","name":"Pozidano zemljišče","authority":"MKGP","dataSource":"raba-3000"},"geometry":{"type":"Polygon","coordinates":[[[14.800486008214431,46.37969991254247],[14.8,46.37940682385927],[14.8,46.38133535023541],[14.80152797454203,46.38140210470365],[14.800486008214431,46.37969991254247]]]}},{"type":"Feature","properties":{"_zoneType":"SI_BUILT","name":"Pozidano zemljišče","authority":"MKGP","dataSource":"raba-3000"},"geometry":{"type":"Polygon","coordinates":[[[14.8,46.37844724563085],[14.800484586297843,46.378720394943514],[14.801067188541882,46.377810744706935],[14.8,46.37807322078044],[14.8,46.37844724563085]]]}},{"type":"Feature","properties":{"_zoneType":"SI_BUILT","name":"Pozidano zemljišče","authority":"MKGP","dataSource":"raba-3000"},"geometry":{"type":"Polygon","coordinates":[[[14.8,46.396912890563584],[14.8,46.39699134779334],[14.800828603562753,46.39691063082279],[14.8,46.396912890563584]]]}},{"type":"Feature","properties":{"_zoneType":"SI_BUILT","name":"Pozidano zemljišče","authority":"MKGP","dataSource":"raba-3000"},"geometry":{"type":"Polygon","coordinates":[[[14.800536711876685,46.23460202572229],[14.800536086722813,46.234774577305295],[14.800870495765265,46.23459662747167],[14.800536711876685,46.23460202572229]]]}},{"type":"Feature","properties":{"_zoneType":"SI_BUILT","name":"Pozidano zemljišče","authority":"MKGP","dataSource":"raba-3000"},"geometry":{"type":"Polygon","coordinates":[[[14.8,46.37617090006228],[14.8,46.376425105982],[14.800265163316734,46.37621106246017],[14.8,46.37617090006228]]]}},{"type":"Feature","properties":{"_zoneType":"SI_BUILT","name":"Pozidano zemljišče","authority":"MKGP","dataSource":"raba-3000"},"geometry":{"type":"Polygon","coordinates":[[[14.8,46.31212248581073],[14.80046481320759,46.31189791002573],[14.80001080728621,46.31176280554869],[14.8,46.31177973887749],[14.8,46.31212248581073]]]}},{"type":"Feature","properties":{"_zoneType":"SI_BUILT","name":"Pozidano zemljišče","authority":"MKGP","dataSource":"raba-3000"},"geometry":{"type":"Polygon","coordinates":[[[14.80024658394535,46.32539095836765],[14.8,46.32529136678106],[14.8,46.32549033898694],[14.800031817853798,46.325515598954155],[14.80024658394535,46.32539095836765]]]}},{"type":"Feature","properties":{"_zoneType":"SI_BUILT","name":"Pozidano zemljišče","authority":"MKGP","dataSource":"raba-3000"},"geometry":{"type":"Polygon","coordinates":[[[14.800541749459118,46.226126728571174],[14.800281633586145,46.226041574232724],[14.800441055749713,46.22627557086021],[14.800541749459118,46.226126728571174]]]}},{"type":"Feature","properties":{"_zoneType":"SI_BUILT","name":"Pozidano zemljišče","authority":"MKGP","dataSource":"raba-3000"},"geometry":{"type":"Polygon","coordinates":[[[14.999999999999998,46.22829377797738],[14.999999999999998,46.229111346943434],[15.0,46.229111346943434],[15.0,46.22829377797738],[14.999999999999998,46.22829377797738]]]}},{"type":"Feature","properties":{"_zoneType":"SI_BUILT","name":"Pozidano zemljišče","authority":"MKGP","dataSource":"raba-3000"},"geometry":{"type":"Polygon","coordinates":[[[15.0,46.243346924750284],[15.0,46.24334692475028],[14.999999999999998,46.24334692475028],[15.0,46.243346924750284]]]}},{"type":"Feature","properties":{"_zoneType":"SI_BUILT","name":"Pozidano zemljišče","authority":"MKGP","dataSource":"raba-3000"},"geometry":{"type":"Polygon","coordinates":[[[15.0,46.24745422045636],[15.0,46.247454220456355],[14.999999999999998,46.247454220456355],[15.0,46.24745422045636]]]}},{"type":"Feature","properties":{"_zoneType":"SI_BUILT","name":"Pozidano zemljišče","authority":"MKGP","dataSource":"raba-3000"},"geometry":{"type":"Polygon","coordinates":[[[14.999999999999998,46.25085500425349],[15.0,46.25085500425349],[15.0,46.25085500425348],[14.999999999999998,46.25085500425349]]]}},{"type":"Feature","properties":{"_zoneType":"SI_BUILT","name":"Pozidano zemljišče","authority":"MKGP","dataSource":"raba-3000"},"geometry":{"type":"Polygon","coordinates":[[[15.0,46.25694169077236],[14.999999999999998,46.25694169077236],[14.999999999999998,46.25839772023554],[15.0,46.25839772023554],[15.0,46.25694169077236]]]}},{"type":"Feature","properties":{"_zoneType":"SI_BUILT","name":"Pozidano zemljišče","authority":"MKGP","dataSource":"raba-3000"},"geometry":{"type":"Polygon","coordinates":[[[15.0,46.29842682024452],[14.999999999999998,46.298426820244515],[15.0,46.298426820244536],[15.0,46.29842682024452]]]}},{"type":"Feature","properties":{"_zoneType":"SI_BUILT","name":"Pozidano zemljišče","authority":"MKGP","dataSource":"raba-3000"},"geometry":{"type":"Polygon","coordinates":[[[15.0,46.34187635386883],[14.999999999999998,46.341876353868834],[15.0,46.341876353868834],[15.0,46.34187635386883]]]}},{"type":"Feature","properties":{"_zoneType":"SI_BUILT","name":"Pozidano zemljišče","authority":"MKGP","dataSource":"raba-3000"},"geometry":{"type":"Polygon","coordinates":[[[15.0,46.35300811456799],[15.0,46.35105752836521],[14.999999999999998,46.35105752836521],[14.999999999999998,46.35300811456799],[15.0,46.35300811456799]]]}},{"type":"Feature","properties":{"_zoneType":"SI_BUILT","name":"Pozidano zemljišče","authority":"MKGP","dataSource":"raba-3000"},"geometry":{"type":"Polygon","coordinates":[[[15.0,46.35455167004745],[15.0,46.35455167004738],[14.999999999999998,46.35455167004738],[15.0,46.35455167004745]]]}},{"type":"Feature","properties":{"_zoneType":"SI_BUILT","name":"Pozidano zemljišče","authority":"MKGP","dataSource":"raba-3000"},"geometry":{"type":"Polygon","coordinates":[[[14.999999999999998,46.36467316106789],[15.0,46.36467316106789],[15.0,46.36467316106788],[14.999999999999998,46.36467316106789]]]}},{"type":"Feature","properties":{"_zoneType":"SI_BUILT","name":"Pozidano zemljišče","authority":"MKGP","dataSource":"raba-3000"},"geometry":{"type":"Polygon","coordinates":[[[15.0,46.38971484125447],[14.999999999999998,46.38971484125447],[15.0,46.389714841254474],[15.0,46.38971484125447]]]}},{"type":"Feature","properties":{"_zoneType":"SI_BUILT","name":"Pozidano zemljišče","authority":"MKGP","dataSource":"raba-3000"},"geometry":{"type":"Polygon","coordinates":[[[15.0,46.31147510741235],[14.999999999999998,46.31147510741235],[15.0,46.311475107412356],[15.0,46.31147510741235]]]}},{"type":"Feature","properties":{"_zoneType":"SI_BUILT","name":"Pozidano zemljišče","authority":"MKGP","dataSource":"raba-3000"},"geometry":{"type":"Polygon","coordinates":[[[15.0,46.346558451484526],[14.999999999999998,46.346558451484526],[14.999999999999998,46.3469372974391],[15.0,46.3469372974391],[15.0,46.346558451484526]]]}},{"type":"Feature","properties":{"_zoneType":"SI_BUILT","name":"Pozidano zemljišče","authority":"MKGP","dataSource":"raba-3000"},"geometry":{"type":"Polygon","coordinates":[[[15.0,46.34568746876223],[14.999999999999998,46.34568746876223],[14.999999999999998,46.34587033658897],[15.0,46.34587033658897],[15.0,46.34568746876223]]]}},{"type":"Feature","properties":{"_zoneType":"SI_BUILT","name":"Pozidano zemljišče","authority":"MKGP","dataSource":"raba-3000"},"geometry":{"type":"Polygon","coordinates":[[[15.0,46.295151886416825],[15.0,46.29515188641678],[14.999999999999998,46.29515188641678],[15.0,46.295151886416825]]]}},{"type":"Feature","properties":{"_zoneType":"SI_BUILT","name":"Pozidano zemljišče","authority":"MKGP","dataSource":"raba-3000"},"geometry":{"type":"Polygon","coordinates":[[[14.916088956227231,46.399678351439725],[14.916408868316966,46.4],[14.917421980012026,46.4],[14.916088956227231,46.399678351439725]]]}},{"type":"Feature","properties":{"_zoneType":"SI_BUILT","name":"Pozidano zemljišče","authority":"MKGP","dataSource":"raba-3000"},"geometry":{"type":"Polygon","coordinates":[[[14.917421980012056,46.400000000000006],[14.917421980012026,46.4],[14.916408868316966,46.4],[14.916408868316973,46.400000000000006],[14.917421980012056,46.400000000000006]]]}},{"type":"Feature","properties":{"_zoneType":"SI_BUILT","name":"Pozidano zemljišče","authority":"MKGP","dataSource":"raba-3000"},"geometry":{"type":"Polygon","coordinates":[[[14.956476549265924,46.4],[14.956485800186597,46.4],[14.956405669453302,46.39968613813522],[14.956476549265924,46.4]]]}},{"type":"Feature","properties":{"_zoneType":"SI_BUILT","name":"Pozidano zemljišče","authority":"MKGP","dataSource":"raba-3000"},"geometry":{"type":"Polygon","coordinates":[[[14.943304062913397,46.4],[14.943394543071577,46.4],[14.943640904170493,46.39968055986936],[14.943304062913397,46.4]]]}},{"type":"Feature","properties":{"_zoneType":"SI_BUILT","name":"Pozidano zemljišče","authority":"MKGP","dataSource":"raba-3000"},"geometry":{"type":"Polygon","coordinates":[[[14.956476549265926,46.400000000000006],[14.956485800186599,46.400000000000006],[14.956485800186597,46.4],[14.956476549265924,46.4],[14.956476549265926,46.400000000000006]]]}},{"type":"Feature","properties":{"_zoneType":"SI_BUILT","name":"Pozidano zemljišče","authority":"MKGP","dataSource":"raba-3000"},"geometry":{"type":"Polygon","coordinates":[[[14.94330406291339,46.400000000000006],[14.943394543071571,46.400000000000006],[14.943394543071577,46.4],[14.943304062913397,46.4],[14.94330406291339,46.400000000000006]]]}},{"type":"Feature","properties":{"_zoneType":"SI_BUILT","name":"Pozidano zemljišče","authority":"MKGP","dataSource":"raba-3000"},"geometry":{"type":"Polygon","coordinates":[[[14.996569164806827,46.4],[14.997943707874434,46.4],[14.998815113370854,46.39969444099471],[14.996569164806827,46.4]]]}},{"type":"Feature","properties":{"_zoneType":"SI_BUILT","name":"Pozidano zemljišče","authority":"MKGP","dataSource":"raba-3000"},"geometry":{"type":"Polygon","coordinates":[[[14.985591841985617,46.4],[14.98689444353559,46.4],[14.986999013139119,46.399693708138415],[14.985591841985617,46.4]]]}},{"type":"Feature","properties":{"_zoneType":"SI_BUILT","name":"Pozidano zemljišče","authority":"MKGP","dataSource":"raba-3000"},"geometry":{"type":"Polygon","coordinates":[[[14.973695861701618,46.4],[14.975444518791692,46.4],[14.974166810460538,46.399691529405985],[14.973695861701618,46.4]]]}},{"type":"Feature","properties":{"_zoneType":"SI_BUILT","name":"Pozidano zemljišče","authority":"MKGP","dataSource":"raba-3000"},"geometry":{"type":"Polygon","coordinates":[[[14.996569164806775,46.400000000000006],[14.997943707874414,46.400000000000006],[14.997943707874434,46.4],[14.996569164806827,46.4],[14.996569164806775,46.400000000000006]]]}},{"type":"Feature","properties":{"_zoneType":"SI_BUILT","name":"Pozidano zemljišče","authority":"MKGP","dataSource":"raba-3000"},"geometry":{"type":"Polygon","coordinates":[[[14.985591841985585,46.400000000000006],[14.986894443535588,46.400000000000006],[14.98689444353559,46.4],[14.985591841985617,46.4],[14.985591841985585,46.400000000000006]]]}},{"type":"Feature","properties":{"_zoneType":"SI_BUILT","name":"Pozidano zemljišče","authority":"MKGP","dataSource":"raba-3000"},"geometry":{"type":"Polygon","coordinates":[[[14.973695861701607,46.400000000000006],[14.975444518791722,46.400000000000006],[14.975444518791692,46.4],[14.973695861701618,46.4],[14.973695861701607,46.400000000000006]]]}},{"type":"Feature","properties":{"_zoneType":"SI_BUILT","name":"Pozidano zemljišče","authority":"MKGP","dataSource":"raba-3000"},"geometry":{"type":"Polygon","coordinates":[[[14.910003780888756,46.399659036206415],[14.90949519940374,46.4],[14.909662956471765,46.4],[14.910003780888756,46.399659036206415]]]}},{"type":"Feature","properties":{"_zoneType":"SI_BUILT","name":"Pozidano zemljišče","authority":"MKGP","dataSource":"raba-3000"},"geometry":{"type":"Polygon","coordinates":[[[14.909662956471758,46.400000000000006],[14.909662956471765,46.4],[14.90949519940374,46.4],[14.909495199403729,46.400000000000006],[14.909662956471758,46.400000000000006]]]}},{"type":"Feature","properties":{"_zoneType":"SI_BUILT","name":"Pozidano zemljišče","authority":"MKGP","dataSource":"raba-3000"},"geometry":{"type":"Polygon","coordinates":[[[14.874409089919814,46.39962548584566],[14.870497728869308,46.399641748647845],[14.871327070774544,46.4],[14.874380859904084,46.4],[14.874409089919814,46.39962548584566]]]}},{"type":"Feature","properties":{"_zoneType":"SI_BUILT","name":"Pozidano zemljišče","authority":"MKGP","dataSource":"raba-3000"},"geometry":{"type":"Polygon","coordinates":[[[14.874380859904084,46.400000000000006],[14.874380859904084,46.4],[14.871327070774544,46.4],[14.87132707077456,46.400000000000006],[14.874380859904084,46.400000000000006]]]}},{"type":"Feature","properties":{"_zoneType":"SI_BUILT","name":"Pozidano zemljišče","authority":"MKGP","dataSource":"raba-3000"},"geometry":{"type":"Polygon","coordinates":[[[14.880498214725945,46.39963201075571],[14.880951164934883,46.4],[14.881889652590647,46.4],[14.88226120393479,46.399633839394276],[14.880498214725945,46.39963201075571]]]}},{"type":"Feature","properties":{"_zoneType":"SI_BUILT","name":"Pozidano zemljišče","authority":"MKGP","dataSource":"raba-3000"},"geometry":{"type":"Polygon","coordinates":[[[14.880951164934892,46.400000000000006],[14.88188965259064,46.400000000000006],[14.881889652590647,46.4],[14.880951164934883,46.4],[14.880951164934892,46.400000000000006]]]}},{"type":"Feature","properties":{"_zoneType":"SI_BUILT","name":"Pozidano zemljišče","authority":"MKGP","dataSource":"raba-3000"},"geometry":{"type":"Polygon","coordinates":[[[14.859531498067287,46.39960817968692],[14.859093398990327,46.39960764073811],[14.859303202882401,46.39973349873899],[14.859531498067287,46.39960817968692]]]}},{"type":"Feature","properties":{"_zoneType":"SI_BUILT","name":"Pozidano zemljišče","authority":"MKGP","dataSource":"raba-3000"},"geometry":{"type":"Polygon","coordinates":[[[14.854103321900318,46.39960138352541],[14.852041157920045,46.3995987341308],[14.852692653184066,46.39998089465458],[14.854103321900318,46.39960138352541]]]}},{"type":"Feature","properties":{"_zoneType":"SI_BUILT","name":"Pozidano zemljišče","authority":"MKGP","dataSource":"raba-3000"},"geometry":{"type":"Polygon","coordinates":[[[14.833098758148713,46.399637455344404],[14.833099726427816,46.399572659460546],[14.83223079729979,46.4],[14.832237798821893,46.4],[14.833098758148713,46.399637455344404]]]}},{"type":"Feature","properties":{"_zoneType":"SI_BUILT","name":"Pozidano zemljišče","authority":"MKGP","dataSource":"raba-3000"},"geometry":{"type":"Polygon","coordinates":[[[14.832237798821877,46.400000000000006],[14.832237798821893,46.4],[14.83223079729979,46.4],[14.832230797299776,46.400000000000006],[14.832237798821877,46.400000000000006]]]}},{"type":"Feature","properties":{"_zoneType":"SI_BUILT","name":"Pozidano zemljišče","authority":"MKGP","dataSource":"raba-3000"},"geometry":{"type":"Polygon","coordinates":[[[14.837503412495165,46.39957900145228],[14.83663826411632,46.39974496802517],[14.83474630570204,46.39963987724099],[14.8358537296073,46.4],[14.836980459623382,46.4],[14.837503412495165,46.39957900145228]]]}},{"type":"Feature","properties":{"_zoneType":"SI_BUILT","name":"Pozidano zemljišče","authority":"MKGP","dataSource":"raba-3000"},"geometry":{"type":"Polygon","coordinates":[[[14.836980459623373,46.400000000000006],[14.836980459623382,46.4],[14.8358537296073,46.4],[14.83585372960732,46.400000000000006],[14.836980459623373,46.400000000000006]]]}},{"type":"Feature","properties":{"_zoneType":"SI_BUILT","name":"Pozidano zemljišče","authority":"MKGP","dataSource":"raba-3000"},"geometry":{"type":"Polygon","coordinates":[[[14.82757032302428,46.39956445612621],[14.827192879429143,46.39956388640927],[14.827198760232601,46.4],[14.827399554569656,46.4],[14.82757032302428,46.39956445612621]]]}},{"type":"Feature","properties":{"_zoneType":"SI_BUILT","name":"Pozidano zemljišče","authority":"MKGP","dataSource":"raba-3000"},"geometry":{"type":"Polygon","coordinates":[[[14.827399554569652,46.400000000000006],[14.827399554569656,46.4],[14.827198760232601,46.4],[14.827198760232601,46.400000000000006],[14.827399554569652,46.400000000000006]]]}},{"type":"Feature","properties":{"_zoneType":"SI_BUILT","name":"Pozidano zemljišče","authority":"MKGP","dataSource":"raba-3000"},"geometry":{"type":"Polygon","coordinates":[[[15.0,46.21273934071792],[14.999999999999998,46.21273934071792],[14.999999999999998,46.21286791603624],[15.0,46.21286791603624],[15.0,46.21273934071792]]]}},{"type":"Feature","properties":{"_zoneType":"SI_BUILT","name":"Pozidano zemljišče","authority":"MKGP","dataSource":"raba-3000"},"geometry":{"type":"Polygon","coordinates":[[[15.0,46.209957604893624],[14.999999999999998,46.209957604893624],[15.0,46.209957604893646],[15.0,46.209957604893624]]]}},{"type":"Feature","properties":{"_zoneType":"SI_BUILT","name":"Pozidano zemljišče","authority":"MKGP","dataSource":"raba-3000"},"geometry":{"type":"Polygon","coordinates":[[[14.81276666064794,46.20269151375826],[14.81432427104592,46.200931979924995],[14.81707685339682,46.201733350784956],[14.81612294740455,46.200610310205214],[14.813676694099923,46.20013639445001],[14.813643580696239,46.2],[14.813387916027361,46.2],[14.813712424317451,46.20107466956597],[14.81276666064794,46.20269151375826]]]}},{"type":"Feature","properties":{"_zoneType":"SI_BUILT","name":"Pozidano zemljišče","authority":"MKGP","dataSource":"raba-3000"},"geometry":{"type":"Polygon","coordinates":[[[14.839629210471939,46.215563035144314],[14.83901314161969,46.21485106355054],[14.84,46.21406698869269],[14.84,46.21371680911761],[14.838836370079619,46.214578039771645],[14.838166121815895,46.215697919948745],[14.835975654140531,46.21464162201332],[14.834907319872507,46.21527952558625],[14.833563332049454,46.214420482487164],[14.833831640226798,46.21312114248777],[14.837107024016,46.21385743239119],[14.837745767982243,46.21268905884821],[14.83678702123451,46.21302295523305],[14.83409739371762,46.21147393900328],[14.836619536989085,46.20912833879049],[14.83544906569113,46.211009521000115],[14.837363615413755,46.21227704055988],[14.837965053128627,46.211335853897246],[14.836534556990452,46.21029958710871],[14.837939650797775,46.20888599419991],[14.837607158721942,46.20817388924801],[14.831424744234472,46.20940060961607],[14.830052126122363,46.211304886995734],[14.834596524323846,46.20959084629663],[14.833124190915845,46.21435566999064],[14.830907646028045,46.214777863169076],[14.82906465331333,46.21428359467935],[14.830351303132204,46.21351728068585],[14.828404279606007,46.21372493057038],[14.82667349552435,46.212520568249346],[14.824691399082926,46.209819245692316],[14.82229681987707,46.212376153259044],[14.823326358870395,46.21281321247086],[14.824948465650968,46.2109831930287],[14.827128531326833,46.214420846092736],[14.822274680440666,46.215121239295264],[14.816170168277031,46.21448241203746],[14.816120405976637,46.21324691706081],[14.820922716186086,46.2127967602872],[14.82194321066743,46.21165891197292],[14.8182178976703,46.21229031054536],[14.81688678197013,46.21040623156139],[14.814025537630558,46.20949892776984],[14.811026101523804,46.20982013427585],[14.809474305552252,46.20820239965247],[14.810411547439731,46.21026820338928],[14.814731370798112,46.209906935349494],[14.816948661901472,46.21076652895797],[14.818310445119868,46.21289996006162],[14.809509590315693,46.21394235430066],[14.806633295508416,46.21314725922711],[14.804721166987447,46.21358163238693],[14.807010585992723,46.21372125302747],[14.80700403036673,46.214602911569926],[14.805557120307776,46.21513304778214],[14.801197661798007,46.21492833703479],[14.8,46.21512100477908],[14.8,46.215562577907114],[14.801784640371157,46.21525762621949],[14.806585818140725,46.21620317536092],[14.801033243806513,46.21858528137451],[14.8,46.218427873060804],[14.8,46.21953725583566],[14.804180705946093,46.218060978304614],[14.805981491329295,46.219586727892015],[14.80467262912969,46.2177539234368],[14.807662557614254,46.2167209830486],[14.806330753221303,46.21537159064632],[14.807914732693137,46.2138437959962],[14.819992738407766,46.21530702729904],[14.830947719935256,46.21507133542753],[14.834706070134501,46.21654508456369],[14.84,46.21578043338469],[14.84,46.215477547531705],[14.839629210471939,46.215563035144314]],[[14.815600330028056,46.213974848426],[14.812568075445071,46.2138214830162],[14.815326131171188,46.21336829273523],[14.815600330028056,46.213974848426]]]}},{"type":"Feature","properties":{"_zoneType":"SI_BUILT","name":"Pozidano zemljišče","authority":"MKGP","dataSource":"raba-3000"},"geometry":{"type":"Polygon","coordinates":[[[14.839227581847243,46.21734581690815],[14.836467274551424,46.21859961368347],[14.838783719703867,46.219637689470005],[14.839362816094225,46.21897464260513],[14.838640477691149,46.21826861862111],[14.84,46.21787009527268],[14.84,46.21742251690888],[14.839227581847243,46.21734581690815]]]}},{"type":"Feature","properties":{"_zoneType":"SI_BUILT","name":"Pozidano zemljišče","authority":"MKGP","dataSource":"raba-3000"},"geometry":{"type":"Polygon","coordinates":[[[14.801729153843443,46.21109503627145],[14.801415159444316,46.21221026201848],[14.80282605447955,46.21328718165715],[14.801688374571054,46.21181515535528],[14.803057814398821,46.21043237622887],[14.804655226305732,46.210379712007104],[14.80262014807459,46.20975090479335],[14.80312272529063,46.208089137005025],[14.802214636119405,46.20740740184782],[14.802193294056465,46.2094976488169],[14.8,46.21038721790884],[14.8,46.21093497499725],[14.800513158006806,46.210781918062274],[14.801729153843443,46.21109503627145]]]}},{"type":"Feature","properties":{"_zoneType":"SI_BUILT","name":"Pozidano zemljišče","authority":"MKGP","dataSource":"raba-3000"},"geometry":{"type":"Polygon","coordinates":[[[14.851173807359153,46.20174081195152],[14.846831143013192,46.20466541199545],[14.847503787519049,46.20581463372851],[14.846092447253092,46.206587719581],[14.847873237371358,46.206554111598635],[14.848028363441943,46.204845268816804],[14.851495329940212,46.20193744674554],[14.85515677631381,46.20240962265717],[14.855341931764032,46.20166773727896],[14.859231790844357,46.20160185056801],[14.862056903266577,46.200231577300116],[14.865601114968387,46.20033220113768],[14.866120388492027,46.2],[14.861927022464315,46.2],[14.85898468420628,46.20139152837264],[14.851173807359153,46.20174081195152]]]}},{"type":"Feature","properties":{"_zoneType":"SI_BUILT","name":"Pozidano zemljišče","authority":"MKGP","dataSource":"raba-3000"},"geometry":{"type":"Polygon","coordinates":[[[14.876693038474617,46.20632291455507],[14.873652221497604,46.20796534204749],[14.871163187185022,46.2069228342473],[14.869890127957476,46.20772414032313],[14.867577142547779,46.20700044971959],[14.872787770388246,46.20540222823189],[14.868557895003331,46.20590889859212],[14.866818752182422,46.20681488431718],[14.86740525490261,46.20784407792212],[14.865754808944509,46.207419010503784],[14.866919841445263,46.208069457467175],[14.871724504880813,46.208675111412376],[14.88,46.2065898442039],[14.88,46.206091402544544],[14.876693038474617,46.20632291455507]]]}},{"type":"Feature","properties":{"_zoneType":"SI_BUILT","name":"Pozidano zemljišče","authority":"MKGP","dataSource":"raba-3000"},"geometry":{"type":"Polygon","coordinates":[[[14.877906746196759,46.2142426800419],[14.87832258948323,46.21570674655467],[14.876194560070395,46.214484277277265],[14.873847407078047,46.21575934885329],[14.871584382509347,46.21488661264619],[14.871626612158298,46.21412132419202],[14.870511989764859,46.214730691626045],[14.86555135654845,46.21358224046012],[14.860823230261111,46.2137962281301],[14.862048817003274,46.21259652698759],[14.861436726630428,46.21058950286621],[14.861016011711886,46.21278277546732],[14.859832100474751,46.21240014995974],[14.853367831882611,46.21444471806918],[14.847725177638335,46.21394074873227],[14.843615212915967,46.216216230671606],[14.84219205366389,46.215901012967976],[14.84339655711393,46.21469445217225],[14.84,46.215477547531705],[14.84,46.21578043338469],[14.840590428832831,46.21569515229585],[14.843486397254427,46.2167013450239],[14.84316000750999,46.217736301065145],[14.84,46.21742251690888],[14.84,46.21787009527268],[14.840734619956754,46.21765475257247],[14.842028040497025,46.218015301303296],[14.842027922399577,46.21942182396281],[14.84411694162478,46.218368806123],[14.845530162500085,46.219647003851655],[14.847083168741703,46.219649091617896],[14.845569565742908,46.21794028548247],[14.847253465983007,46.21684688692852],[14.849876089868696,46.2169972528434],[14.849866617878032,46.21809089112436],[14.851900702142418,46.21917945575213],[14.850169955003121,46.21680432382946],[14.847225333390613,46.216131731911894],[14.845364820285358,46.21672205475834],[14.8473644767327,46.21469783586302],[14.8551610714662,46.21476651517845],[14.857551772606705,46.21576109085856],[14.857442195898491,46.214798580279684],[14.855229059693857,46.21412694095002],[14.858622906393876,46.213865507031365],[14.859101773040859,46.21458021664765],[14.865169938745993,46.214300711606086],[14.863691178257467,46.215826610015874],[14.866201738430131,46.21423959015417],[14.87202869811277,46.21529574094658],[14.872470731868203,46.21662321500682],[14.870992401253275,46.21846125139416],[14.87186594659443,46.21967955361728],[14.874287092240655,46.21774232195823],[14.877805477300534,46.21791865330491],[14.877327710668185,46.21968554455382],[14.879138555888112,46.21968747324938],[14.879630719036719,46.218807571444245],[14.88,46.21890407584013],[14.88,46.217000431388946],[14.879887575282531,46.21667492439465],[14.878885442621755,46.2175864915574],[14.87668186904658,46.216952158060906],[14.872016725628706,46.21839181762709],[14.873525132103898,46.21614816013331],[14.88,46.21606568276231],[14.88,46.21492642259339],[14.877906746196759,46.2142426800419]]]}},{"type":"Feature","properties":{"_zoneType":"SI_BUILT","name":"Pozidano zemljišče","authority":"MKGP","dataSource":"raba-3000"},"geometry":{"type":"Polygon","coordinates":[[[14.841380085332998,46.212970488695454],[14.84958071168536,46.213587345734005],[14.850603402366678,46.213339887919304],[14.849625492513196,46.212773076408986],[14.851932101833611,46.21217946096839],[14.841337812869487,46.21272666144919],[14.84,46.21371680911761],[14.84,46.21406698869269],[14.841380085332998,46.212970488695454]]]}},{"type":"Feature","properties":{"_zoneType":"SI_BUILT","name":"Pozidano zemljišče","authority":"MKGP","dataSource":"raba-3000"},"geometry":{"type":"Polygon","coordinates":[[[14.893329888703606,46.200684247438566],[14.89378776920208,46.20250214747922],[14.894544831590903,46.20168438126603],[14.894122211181351,46.20072143734196],[14.892518321105808,46.20010345898851],[14.892491249486902,46.2],[14.891426176634528,46.2],[14.891470855259827,46.20005565087012],[14.893329888703606,46.200684247438566]]]}},{"type":"Feature","properties":{"_zoneType":"SI_BUILT","name":"Pozidano zemljišče","authority":"MKGP","dataSource":"raba-3000"},"geometry":{"type":"Polygon","coordinates":[[[14.899595513245254,46.205049534753265],[14.89307419888622,46.20825419599637],[14.881479501878157,46.20598782636086],[14.88,46.206091402544544],[14.88,46.2065898442039],[14.881376668351683,46.2062429499904],[14.885564350879807,46.20685061883454],[14.892453959620834,46.21018117037144],[14.898355843647792,46.20902721404639],[14.89318932779422,46.20954274099119],[14.890730377982685,46.20850841243571],[14.897636721026915,46.20807869349068],[14.901165226087198,46.20688410481268],[14.901782841609204,46.207409310715526],[14.900689231094066,46.20787046480835],[14.90153803153808,46.20824642047566],[14.901045776376819,46.20893808019575],[14.903079708538284,46.20895023633272],[14.90263109248702,46.20803542821328],[14.905052536142188,46.20764654317689],[14.9072264018889,46.20905986239149],[14.906449020134753,46.20762848931999],[14.907219298801326,46.20736602604989],[14.92,46.21318751368196],[14.92,46.21294511271184],[14.913302737008895,46.20959974457786],[14.914075806192248,46.20636525002382],[14.915047701423784,46.20602140109027],[14.915970777665791,46.20672821869135],[14.91523446208801,46.20798038919164],[14.919424029248349,46.20968741367438],[14.92,46.209682251632195],[14.92,46.20920412387676],[14.918184445868404,46.208885667087735],[14.916247936535676,46.20773687970122],[14.91732671159226,46.20587818509964],[14.916558322796547,46.20674898472299],[14.914823199981779,46.20550859897168],[14.913736825086772,46.20622194944142],[14.9135950157188,46.20765109872831],[14.912208740047097,46.20876474346477],[14.906297136624788,46.20638052697497],[14.90183292073485,46.20609558066528],[14.900993196757659,46.20431973054775],[14.905806237329093,46.20344187122617],[14.904269634153621,46.20331990569271],[14.905267297868722,46.202503629941695],[14.903463204566572,46.203100335070445],[14.902963005913195,46.20213730604614],[14.90146068923239,46.201763398151],[14.902033028690143,46.2],[14.898973637107202,46.2],[14.899759841768324,46.20132104651138],[14.899595513245254,46.205049534753265]],[[14.904510108033378,46.20701184422453],[14.904335894718173,46.20734519514444],[14.903789286446578,46.20680679891636],[14.904510108033378,46.20701184422453]],[[14.902794557627091,46.202632894246015],[14.9014675251788,46.2037988630642],[14.901943863452574,46.20224138002308],[14.902794557627091,46.202632894246015]],[[14.899118250115599,46.20561688828007],[14.900185977753326,46.20644664218769],[14.897880769368847,46.207336062639534],[14.897444038517062,46.20655630796882],[14.899118250115599,46.20561688828007]]]}},{"type":"Feature","properties":{"_zoneType":"SI_BUILT","name":"Pozidano zemljišče","authority":"MKGP","dataSource":"raba-3000"},"geometry":{"type":"Polygon","coordinates":[[[14.917042731387648,46.21669195207298],[14.916049194585494,46.21734971985279],[14.916825948578351,46.218308314613914],[14.913182587273845,46.21899181490813],[14.9015511550083,46.216006092641315],[14.891244478905,46.216269410008195],[14.88986576584411,46.21574944465782],[14.889561721216438,46.21388398031558],[14.88410974298799,46.213169576072524],[14.880416520927067,46.21506247541269],[14.88,46.21492642259339],[14.88,46.21606568276231],[14.88016322752286,46.21606360355743],[14.882653284338755,46.21683765671909],[14.8815609022183,46.2178866078072],[14.880231854333756,46.21767172689222],[14.88,46.217000431388946],[14.88,46.21890407584013],[14.881240198470644,46.219228177584014],[14.880261528504676,46.21824408377261],[14.882048106158726,46.21800995705774],[14.883170975762196,46.216890551388154],[14.88679635759421,46.217553576733195],[14.888520204030671,46.216785218654344],[14.889363917999738,46.218576967984596],[14.888322019132708,46.21899249034284],[14.890633293170088,46.219699047173386],[14.89292815847324,46.21832177034233],[14.892732198890485,46.217247422600366],[14.894857983119607,46.21771230637227],[14.896685431607382,46.21741116749861],[14.89623975212431,46.21641147572911],[14.899914949891853,46.2161839150385],[14.906375209388083,46.21731323886586],[14.901719854529937,46.21970911522077],[14.904682044684733,46.21956876403548],[14.906767403109662,46.21789703239162],[14.909396630830702,46.218457029609155],[14.910030536596633,46.21971595738813],[14.911457679744212,46.21971707157318],[14.911735039899423,46.21884411535535],[14.913092510927168,46.21971832600973],[14.91805359094092,46.218534346286866],[14.92,46.21880515177793],[14.92,46.21719120622766],[14.917042731387648,46.21669195207298]],[[14.891076776099652,46.21708292444233],[14.891897270127325,46.21723703826666],[14.890778735608228,46.21795411875568],[14.891076776099652,46.21708292444233]],[[14.891185683737834,46.21860229076307],[14.890207888138008,46.21899209734641],[14.89022295256492,46.218286316836014],[14.891185683737834,46.21860229076307]],[[14.888944324556535,46.215749714488716],[14.888136970499518,46.216165175405834],[14.888337048551401,46.21523718145813],[14.888944324556535,46.215749714488716]],[[14.88205840117378,46.21608252244278],[14.882007127365414,46.21574934597229],[14.882844552323812,46.21605507809034],[14.88205840117378,46.21608252244278]]]}},{"type":"Feature","properties":{"_zoneType":"SI_BUILT","name":"Pozidano zemljišče","authority":"MKGP","dataSource":"raba-3000"},"geometry":{"type":"Polygon","coordinates":[[[14.905419511726329,46.20110575019651],[14.908824850859789,46.201292804544536],[14.909202730639866,46.20233166530732],[14.909749107087498,46.2],[14.908670830257291,46.2],[14.908514022712453,46.201029963395335],[14.905419511726329,46.20110575019651]]]}},{"type":"Feature","properties":{"_zoneType":"SI_BUILT","name":"Pozidano zemljišče","authority":"MKGP","dataSource":"raba-3000"},"geometry":{"type":"Polygon","coordinates":[[[14.927974785988864,46.21681995272274],[14.922591924034371,46.217628781914016],[14.92,46.21719120622766],[14.92,46.21880515177793],[14.921435624539926,46.219004891399315],[14.921330560575537,46.21972429151281],[14.926229902765758,46.21972755782876],[14.926608834060305,46.21884902399688],[14.924335318899207,46.219695981086815],[14.923090951390803,46.218854913647846],[14.92522634508798,46.21817268475898],[14.928284550315617,46.21908768638751],[14.929517749822594,46.21790318047885],[14.936507285404543,46.21973372744518],[14.937325714937929,46.21973417904086],[14.935591930819182,46.21858190782205],[14.937545556842341,46.21851703299011],[14.93819184946584,46.21973465057825],[14.939035893500533,46.21907050920258],[14.944884757305516,46.21973807304265],[14.945533625609086,46.21804488400099],[14.946702120394557,46.218737652336024],[14.947322444651762,46.21773205159028],[14.949130134083546,46.217626432357456],[14.95151818539088,46.21656436195446],[14.951127053095117,46.21523319885614],[14.953671451117946,46.214879692311065],[14.955553148492458,46.21516734025752],[14.954094502461682,46.21596266990173],[14.958422093596342,46.215205043464756],[14.957942919973819,46.21615058465207],[14.96,46.21625871669956],[14.96,46.214606541696696],[14.95971153227435,46.21452528625417],[14.96,46.214391128392045],[14.96,46.21426948695822],[14.958480059110862,46.21492601362544],[14.953592392301584,46.21464106938314],[14.947798559320566,46.215083999734794],[14.951006721466904,46.216333611041655],[14.94882413307851,46.21744240501795],[14.946311508338349,46.21697128609774],[14.944620934194319,46.21846380858266],[14.94338538787055,46.21694125544057],[14.939997933695645,46.21818136307678],[14.938071806420666,46.21763287706037],[14.939251658721798,46.21493382952852],[14.938308581860626,46.21160362961057],[14.939268528981556,46.211205133245834],[14.94041983568725,46.21237400191017],[14.939541419735276,46.21081637492944],[14.941747455844796,46.2090692140774],[14.942497205562182,46.20569610296393],[14.944578824248582,46.2069836391147],[14.945118232027207,46.20488550361136],[14.951606281791777,46.20277884799988],[14.95579549479509,46.20284070298273],[14.958474058358453,46.20126027470361],[14.96,46.20121836179826],[14.96,46.20116029064811],[14.9566472147896,46.20112187221319],[14.956144033585225,46.200229202527176],[14.955440308314968,46.20042510951772],[14.956463059629979,46.20201505287118],[14.955922325281433,46.202555653534795],[14.950550188646943,46.20257344399032],[14.94874555256493,46.202015389104425],[14.950560935270433,46.20081888193266],[14.949393591104654,46.20011384021167],[14.947592702966784,46.20384530318659],[14.943033914602946,46.20515913953215],[14.94284084545285,46.20169485951998],[14.940573371669538,46.20176121140661],[14.939375571081907,46.2004543444602],[14.937510391378716,46.2],[14.937129654579293,46.2],[14.9384445135026,46.20126397973495],[14.937815264725687,46.20195382757024],[14.938919653799957,46.20329776950674],[14.93823524913424,46.203690193330154],[14.934085215805322,46.201400260365034],[14.934599940673259,46.204242627304104],[14.93583634424221,46.20264045322807],[14.93742533374165,46.203278394845576],[14.937528904392142,46.204491937743384],[14.939218707433138,46.20344434188739],[14.938348432695804,46.20200721650196],[14.939449434473635,46.200865099906544],[14.939972733664394,46.20178560854272],[14.942396503637273,46.20289968239188],[14.942247558308237,46.20544410003531],[14.941095789071365,46.208453494697025],[14.93796604662677,46.2115203762873],[14.937469193033284,46.2130329860437],[14.93856604987257,46.21426368903716],[14.937644393264126,46.2177652979153],[14.93036668887318,46.21746251799893],[14.923218262202427,46.21431158244791],[14.924750212799449,46.213640583363414],[14.925679026135548,46.21073722752055],[14.927223337922184,46.21061433092579],[14.92527437249052,46.209550985239055],[14.922254007922929,46.210530509720336],[14.921258484962248,46.20942486809647],[14.92,46.20920412387676],[14.92,46.209682251632195],[14.921160969337135,46.20967184663737],[14.922447221691096,46.21098151099396],[14.923833583567522,46.21029494845672],[14.925247279123523,46.21097662930765],[14.924254787251407,46.21272303535822],[14.92116157929791,46.21352533636044],[14.92,46.21294511271184],[14.92,46.21318751368196],[14.927974785988864,46.21681995272274]],[[14.944170859593543,46.21944782976457],[14.943299944321351,46.219408445906055],[14.942579554775282,46.218150668618016],[14.94341456148485,46.217486175404865],[14.944170859593543,46.21944782976457]],[[14.941881586077784,46.21830478301448],[14.941068777316383,46.21845910125179],[14.941634271543482,46.21766026040494],[14.941881586077784,46.21830478301448]],[[14.935174159779761,46.218462674793656],[14.93487138654951,46.218781417983955],[14.934094008325015,46.218132515800924],[14.935174159779761,46.218462674793656]]]}},{"type":"Feature","properties":{"_zoneType":"SI_BUILT","name":"Pozidano zemljišče","authority":"MKGP","dataSource":"raba-3000"},"geometry":{"type":"Polygon","coordinates":[[[14.960997215303546,46.21631113611504],[14.963468333144931,46.21939521707878],[14.964486509196096,46.2194238302361],[14.961320311094912,46.21576552138777],[14.962054152787323,46.21518515441107],[14.96,46.214606541696696],[14.96,46.21625871669956],[14.960997215303546,46.21631113611504]]]}},{"type":"Feature","properties":{"_zoneType":"SI_BUILT","name":"Pozidano zemljišče","authority":"MKGP","dataSource":"raba-3000"},"geometry":{"type":"Polygon","coordinates":[[[14.963671819919346,46.212683472849726],[14.96,46.21426948695822],[14.96,46.214391128392045],[14.963671819919346,46.212683472849726]]]}},{"type":"Feature","properties":{"_zoneType":"SI_BUILT","name":"Pozidano zemljišče","authority":"MKGP","dataSource":"raba-3000"},"geometry":{"type":"Polygon","coordinates":[[[14.961491850794882,46.20117738526321],[14.96,46.20116029064811],[14.96,46.20121836179826],[14.961491850794882,46.20117738526321]]]}},{"type":"Feature","properties":{"_zoneType":"SI_BUILT","name":"Pozidano zemljišče","authority":"MKGP","dataSource":"raba-3000"},"geometry":{"type":"Polygon","coordinates":[[[14.891676916342762,46.21970004075799],[14.891895991729491,46.21970024811958],[14.891761657783315,46.21965749257164],[14.891676916342762,46.21970004075799]]]}},{"type":"Feature","properties":{"_zoneType":"SI_BUILT","name":"Pozidano zemljišče","authority":"MKGP","dataSource":"raba-3000"},"geometry":{"type":"Polygon","coordinates":[[[14.951879310496695,46.2015566710923],[14.951501707234353,46.20156732660582],[14.951842591164962,46.20176842491485],[14.951879310496695,46.2015566710923]]]}},{"type":"Feature","properties":{"_zoneType":"SI_BUILT","name":"Pozidano zemljišče","authority":"MKGP","dataSource":"raba-3000"},"geometry":{"type":"Polygon","coordinates":[[[14.908960647678711,46.20915307594591],[14.90896090302801,46.208998517361614],[14.90860780957301,46.20915279442824],[14.908960647678711,46.20915307594591]]]}},{"type":"Feature","properties":{"_zoneType":"SI_BUILT","name":"Pozidano zemljišče","authority":"MKGP","dataSource":"raba-3000"},"geometry":{"type":"Polygon","coordinates":[[[14.84,46.212008920548854],[14.84,46.21193102310227],[14.83932089295854,46.21178464066375],[14.838485807597635,46.212087500596674],[14.84,46.212008920548854]]]}},{"type":"Feature","properties":{"_zoneType":"SI_BUILT","name":"Pozidano zemljišče","authority":"MKGP","dataSource":"raba-3000"},"geometry":{"type":"Polygon","coordinates":[[[14.840291263082563,46.21199380525246],[14.84,46.21193102310227],[14.84,46.212008920548854],[14.840291263082563,46.21199380525246]]]}},{"type":"Feature","properties":{"_zoneType":"SI_BUILT","name":"Pozidano zemljišče","authority":"MKGP","dataSource":"raba-3000"},"geometry":{"type":"Polygon","coordinates":[[[14.821258022983855,46.213462574534596],[14.821274503804371,46.21329332873405],[14.82094538790624,46.213463536849936],[14.821258022983855,46.213462574534596]]]}},{"type":"Feature","properties":{"_zoneType":"SI_BUILT","name":"Pozidano zemljišče","authority":"MKGP","dataSource":"raba-3000"},"geometry":{"type":"Polygon","coordinates":[[[14.807630959546614,46.208784417259],[14.807930062271883,46.20889882278749],[14.808162450336043,46.20808720522701],[14.807630959546614,46.208784417259]]]}},{"type":"Feature","properties":{"_zoneType":"SI_BUILT","name":"Pozidano zemljišče","authority":"MKGP","dataSource":"raba-3000"},"geometry":{"type":"Polygon","coordinates":[[[14.963546300541482,46.20209382816944],[14.962461349311319,46.20159980242007],[14.962755774573411,46.20201312649544],[14.963546300541482,46.20209382816944]]]}},{"type":"Feature","properties":{"_zoneType":"SI_BUILT","name":"Pozidano zemljišče","authority":"MKGP","dataSource":"raba-3000"},"geometry":{"type":"Polygon","coordinates":[[[14.969827758833341,46.20576955227083],[14.96812644412476,46.2035310534901],[14.97007669984975,46.203240502919655],[14.969990638423225,46.20413583066547],[14.971737274299413,46.205710025460796],[14.970598309406153,46.2041081373709],[14.972529953127586,46.20295379938787],[14.979622892882132,46.204449048851764],[14.982009765689817,46.20586362570928],[14.981188385481751,46.20471280034125],[14.976929550557148,46.203323323388204],[14.9808287950886,46.20312671610773],[14.982227197638528,46.20241333138918],[14.98258252820739,46.2],[14.982266695193099,46.2],[14.98198329319613,46.20214429122771],[14.980791945070669,46.202875906041776],[14.972206263565353,46.20268966918798],[14.968990181198468,46.202953447234876],[14.967214479825778,46.2037539854293],[14.962072858606895,46.2],[14.96201591104773,46.2],[14.964987715735077,46.20301563136716],[14.969827758833341,46.20576955227083]]]}},{"type":"Feature","properties":{"_zoneType":"SI_BUILT","name":"Pozidano zemljišče","authority":"MKGP","dataSource":"raba-3000"},"geometry":{"type":"Polygon","coordinates":[[[14.973448463057496,46.21867222147826],[14.979005501941383,46.21863715063975],[14.979181854831301,46.219749462754834],[14.982808471417012,46.219101338124],[14.984140969665603,46.219727433693095],[14.98558509806284,46.218780017938776],[14.98764517507768,46.21967499736665],[14.986773005053873,46.217166625981484],[14.990123014499435,46.21637598235111],[14.98690351078266,46.216486441085635],[14.98726795286565,46.21455616769448],[14.988874014988008,46.21409635881018],[14.991643945849065,46.21518652571476],[14.991218042827038,46.214149840523696],[14.993514106914983,46.21273675929494],[14.994151722695,46.213581143130625],[14.993503666594345,46.21497306829717],[14.99561310199293,46.217167733528505],[14.99288333114421,46.217005347743076],[14.992952029647098,46.21784139170598],[14.995962187322288,46.21787935441198],[14.99538815103773,46.215562375555535],[14.999999999999998,46.21707976030061],[14.996417292053028,46.21396936955969],[14.997380907640212,46.21089727147128],[14.995786966788193,46.21027784202603],[14.996038339930204,46.21386478918118],[14.997104845594654,46.21567620943273],[14.994654931351388,46.21435489425009],[14.992932464769703,46.210547294118584],[14.99273720056223,46.2128220496519],[14.990803780670678,46.21347543947309],[14.986556723518401,46.213330969355745],[14.986671004402798,46.21242869320638],[14.983546829773967,46.21180656944575],[14.98608815509184,46.21346120788352],[14.984687914978691,46.21512605294411],[14.986875781700169,46.21451919610658],[14.986107086998489,46.216939998029034],[14.98398539592466,46.21858135627031],[14.979620559872544,46.21867239947279],[14.981439789639207,46.217176846670135],[14.98219225343563,46.217877834843556],[14.98358439826126,46.21732902724915],[14.982222684809278,46.216652120450746],[14.982972968411332,46.2155239080043],[14.977566839139794,46.21627689358969],[14.981392253110174,46.21656401015791],[14.979786549031974,46.21773422008328],[14.975636306188544,46.217090144435254],[14.974811929182035,46.21548166677434],[14.975341700450887,46.21405991596114],[14.9726635891773,46.21343023177835],[14.973557826301825,46.214071658838236],[14.973362477227983,46.21576496834336],[14.971197563674549,46.21664414968128],[14.973448463057496,46.21867222147826]],[[14.97631415029917,46.21775530884363],[14.974791925520568,46.21788005188804],[14.974958960540327,46.216991753416025],[14.97631415029917,46.21775530884363]]]}},{"type":"Feature","properties":{"_zoneType":"SI_BUILT","name":"Pozidano zemljišče","authority":"MKGP","dataSource":"raba-3000"},"geometry":{"type":"Polygon","coordinates":[[[14.992075265980267,46.21975108352202],[14.99861714978818,46.21974842585989],[14.994333566370686,46.218824496122416],[14.992075265980267,46.21975108352202]]]}},{"type":"Feature","properties":{"_zoneType":"SI_BUILT","name":"Pozidano zemljišče","authority":"MKGP","dataSource":"raba-3000"},"geometry":{"type":"Polygon","coordinates":[[[14.999999999999998,46.21286791603624],[14.999894542565594,46.21263220257413],[14.999649753996234,46.21298714489498],[14.999999999999998,46.21286791603624]]]}},{"type":"Feature","properties":{"_zoneType":"SI_BUILT","name":"Pozidano zemljišče","authority":"MKGP","dataSource":"raba-3000"},"geometry":{"type":"Polygon","coordinates":[[[14.999999999999998,46.21026127504354],[14.999999999999998,46.209957604893624],[14.99961375027947,46.20995189665831],[14.999999999999998,46.21026127504354]]]}},{"type":"Feature","properties":{"_zoneType":"SI_BUILT","name":"Pozidano zemljišče","authority":"MKGP","dataSource":"raba-3000"},"geometry":{"type":"Polygon","coordinates":[[[14.993350381592027,46.215934497640404],[14.992961114404517,46.21578368959796],[14.993055271243119,46.21616122474581],[14.993350381592027,46.215934497640404]]]}},{"type":"Feature","properties":{"_zoneType":"SI_BUILT","name":"Pozidano zemljišče","authority":"MKGP","dataSource":"raba-3000"},"geometry":{"type":"Polygon","coordinates":[[[14.986847902896795,46.2039029194845],[14.986504979467503,46.20380675152226],[14.986690912089696,46.20409963525753],[14.986847902896795,46.2039029194845]]]}},{"type":"Feature","properties":{"_zoneType":"SI_BUILT","name":"Pozidano zemljišče","authority":"MKGP","dataSource":"raba-3000"},"geometry":{"type":"Polygon","coordinates":[[[14.980355941591792,46.20958314952986],[14.980532539042416,46.20974915891611],[14.98063881089999,46.20946410663878],[14.980355941591792,46.20958314952986]]]}},{"type":"Feature","properties":{"_zoneType":"SI_BUILT","name":"Pozidano zemljišče","authority":"MKGP","dataSource":"raba-3000"},"geometry":{"type":"Polygon","coordinates":[[[14.97835408635128,46.21300232815147],[14.979221422317192,46.21242458187329],[14.97717596842065,46.213111558078495],[14.978686270425236,46.21382005741609],[14.97835408635128,46.21300232815147]]]}},{"type":"Feature","properties":{"_zoneType":"SI_BUILT","name":"Pozidano zemljišče","authority":"MKGP","dataSource":"raba-3000"},"geometry":{"type":"Polygon","coordinates":[[[14.977844401275231,46.215364744209374],[14.97805551170244,46.21526258685935],[14.97801224558893,46.21405428495013],[14.977319230610634,46.21458076003878],[14.977844401275231,46.215364744209374]]]}},{"type":"Feature","properties":{"_zoneType":"SI_BUILT","name":"Pozidano zemljišče","authority":"MKGP","dataSource":"raba-3000"},"geometry":{"type":"Polygon","coordinates":[[[14.978075138863835,46.20753190451992],[14.978004733080262,46.207363023934484],[14.97775994353807,46.20758749201197],[14.978075138863835,46.20753190451992]]]}},{"type":"Feature","properties":{"_zoneType":"SI_BUILT","name":"Pozidano zemljišče","authority":"MKGP","dataSource":"raba-3000"},"geometry":{"type":"Polygon","coordinates":[[[14.975055480172244,46.20548023306241],[14.975003736967508,46.2048565248173],[14.974288137544887,46.20541615067385],[14.975055480172244,46.20548023306241]]]}},{"type":"Feature","properties":{"_zoneType":"SI_BUILT","name":"Pozidano zemljišče","authority":"MKGP","dataSource":"raba-3000"},"geometry":{"type":"Polygon","coordinates":[[[14.970485080630754,46.21380260672316],[14.969104446388622,46.21299321451126],[14.969873048000977,46.21417807570428],[14.970485080630754,46.21380260672316]]]}},{"type":"Feature","properties":{"_zoneType":"SI_BUILT","name":"Pozidano zemljišče","authority":"MKGP","dataSource":"raba-3000"},"geometry":{"type":"Polygon","coordinates":[[[14.956687869668512,46.21928028426177],[14.956433968202942,46.21925354825591],[14.956523857812336,46.21974309162465],[14.956687869668512,46.21928028426177]]]}},{"type":"Feature","properties":{"_zoneType":"SI_BUILT","name":"Pozidano zemljišče","authority":"MKGP","dataSource":"raba-3000"},"geometry":{"type":"Polygon","coordinates":[[[14.946370078538648,46.20851578721543],[14.948098333230158,46.207753315353735],[14.946078202603232,46.20818066007248],[14.945632232384497,46.20713361849933],[14.944299671175964,46.20829585736632],[14.946370078538648,46.20851578721543]]]}},{"type":"Feature","properties":{"_zoneType":"SI_BUILT","name":"Pozidano zemljišče","authority":"MKGP","dataSource":"raba-3000"},"geometry":{"type":"Polygon","coordinates":[[[14.942670860068862,46.21105425250993],[14.94171830636378,46.21131115706107],[14.941733828253204,46.21247156963591],[14.942550964862196,46.212457808036504],[14.942670860068862,46.21105425250993]]]}},{"type":"Feature","properties":{"_zoneType":"SI_BUILT","name":"Pozidano zemljišče","authority":"MKGP","dataSource":"raba-3000"},"geometry":{"type":"Polygon","coordinates":[[[14.931135003500527,46.20925176182035],[14.930876768079447,46.209355325248666],[14.931379992169296,46.20992525452811],[14.931135003500527,46.20925176182035]]]}},{"type":"Feature","properties":{"_zoneType":"SI_BUILT","name":"Pozidano zemljišče","authority":"MKGP","dataSource":"raba-3000"},"geometry":{"type":"Polygon","coordinates":[[[14.925072670595936,46.20598371990193],[14.927868432737846,46.20632160321109],[14.926302763067744,46.204337797540546],[14.927452835598658,46.203902729727524],[14.925410737646622,46.2032642498791],[14.925197836386278,46.20419957846486],[14.926719564650483,46.20542554171715],[14.925072670595936,46.20598371990193]]]}},{"type":"Feature","properties":{"_zoneType":"SI_BUILT","name":"Pozidano zemljišče","authority":"MKGP","dataSource":"raba-3000"},"geometry":{"type":"Polygon","coordinates":[[[14.913039884400051,46.21101972001971],[14.91359133090969,46.21115957890832],[14.913163416283638,46.210888163599364],[14.913039884400051,46.21101972001971]]]}},{"type":"Feature","properties":{"_zoneType":"SI_BUILT","name":"Pozidano zemljišče","authority":"MKGP","dataSource":"raba-3000"},"geometry":{"type":"Polygon","coordinates":[[[14.908612281053317,46.21971483249269],[14.908838031184406,46.219715012724734],[14.908714935840315,46.219679388648416],[14.908612281053317,46.21971483249269]]]}},{"type":"Feature","properties":{"_zoneType":"SI_BUILT","name":"Pozidano zemljišče","authority":"MKGP","dataSource":"raba-3000"},"geometry":{"type":"Polygon","coordinates":[[[14.884193502319192,46.21838882259227],[14.884170606485839,46.21854909272361],[14.88451739355977,46.218420073069375],[14.884193502319192,46.21838882259227]]]}},{"type":"Feature","properties":{"_zoneType":"SI_BUILT","name":"Pozidano zemljišče","authority":"MKGP","dataSource":"raba-3000"},"geometry":{"type":"Polygon","coordinates":[[[14.885961996815047,46.21853326594116],[14.88553031265092,46.218308968168564],[14.885576932822087,46.21862368406597],[14.885961996815047,46.21853326594116]]]}},{"type":"Feature","properties":{"_zoneType":"SI_BUILT","name":"Pozidano zemljišče","authority":"MKGP","dataSource":"raba-3000"},"geometry":{"type":"Polygon","coordinates":[[[14.884912550069888,46.203586555157244],[14.884715387511577,46.20200377577146],[14.882038047520348,46.20418055594862],[14.884912550069888,46.203586555157244]]]}},{"type":"Feature","properties":{"_zoneType":"SI_BUILT","name":"Pozidano zemljišče","authority":"MKGP","dataSource":"raba-3000"},"geometry":{"type":"Polygon","coordinates":[[[14.87519287520179,46.20114977596925],[14.876872576861933,46.20203072767056],[14.87589977776336,46.20096886293352],[14.87745460282619,46.20093440621274],[14.876554786931449,46.20027237022246],[14.87712589504823,46.2],[14.875942257491317,46.2],[14.875771984357625,46.200630446838254],[14.869891557602505,46.20187997260113],[14.87353415947954,46.202302739436774],[14.87519287520179,46.20114977596925]]]}},{"type":"Feature","properties":{"_zoneType":"SI_BUILT","name":"Pozidano zemljišče","authority":"MKGP","dataSource":"raba-3000"},"geometry":{"type":"Polygon","coordinates":[[[14.87060393348301,46.21704866714612],[14.870519524700413,46.21643787220579],[14.867691913162435,46.21649173748402],[14.87060393348301,46.21704866714612]]]}},{"type":"Feature","properties":{"_zoneType":"SI_BUILT","name":"Pozidano zemljišče","authority":"MKGP","dataSource":"raba-3000"},"geometry":{"type":"Polygon","coordinates":[[[14.869392288772811,46.21006613311073],[14.86912312074063,46.21007045437826],[14.868712081074701,46.21068502489096],[14.869285753424494,46.210475490286],[14.869392288772811,46.21006613311073]]]}},{"type":"Feature","properties":{"_zoneType":"SI_BUILT","name":"Pozidano zemljišče","authority":"MKGP","dataSource":"raba-3000"},"geometry":{"type":"Polygon","coordinates":[[[14.859684417407747,46.21756626964802],[14.859215696939758,46.217579545122376],[14.859609418442536,46.21768558543076],[14.859684417407747,46.21756626964802]]]}},{"type":"Feature","properties":{"_zoneType":"SI_BUILT","name":"Pozidano zemljišče","authority":"MKGP","dataSource":"raba-3000"},"geometry":{"type":"Polygon","coordinates":[[[14.859121915720689,46.208455150562955],[14.8578367728881,46.20875407450236],[14.8578080166662,46.21017004388358],[14.859121915720689,46.208455150562955]]]}},{"type":"Feature","properties":{"_zoneType":"SI_BUILT","name":"Pozidano zemljišče","authority":"MKGP","dataSource":"raba-3000"},"geometry":{"type":"Polygon","coordinates":[[[14.858429674568725,46.21888044544793],[14.857281712454526,46.21858251427315],[14.856495898425727,46.21908323636966],[14.858235540667291,46.2191561987093],[14.858429674568725,46.21888044544793]]]}},{"type":"Feature","properties":{"_zoneType":"SI_BUILT","name":"Pozidano zemljišče","authority":"MKGP","dataSource":"raba-3000"},"geometry":{"type":"Polygon","coordinates":[[[14.830820142009074,46.21599428594678],[14.83078387375257,46.21615579418515],[14.83112376130086,46.21602508691302],[14.830820142009074,46.21599428594678]]]}},{"type":"Feature","properties":{"_zoneType":"SI_BUILT","name":"Pozidano zemljišče","authority":"MKGP","dataSource":"raba-3000"},"geometry":{"type":"Polygon","coordinates":[[[14.820851070794921,46.21900956043854],[14.821943699982494,46.219612702405065],[14.820949229142773,46.218434888343204],[14.819604870564895,46.219298123525675],[14.817116210478014,46.2189722178713],[14.819449170181011,46.21953681171915],[14.820851070794921,46.21900956043854]]]}},{"type":"Feature","properties":{"_zoneType":"SI_BUILT","name":"Pozidano zemljišče","authority":"MKGP","dataSource":"raba-3000"},"geometry":{"type":"Polygon","coordinates":[[[14.813888112335075,46.20844051877552],[14.812537092796688,46.208167164456164],[14.813848171511822,46.2073908820142],[14.81117630668819,46.20611248415608],[14.811777109408945,46.207728686840404],[14.809718791624936,46.206887483098036],[14.811954238107615,46.20866302295124],[14.813888112335075,46.20844051877552]]]}},{"type":"Feature","properties":{"_zoneType":"SI_BUILT","name":"Pozidano zemljišče","authority":"MKGP","dataSource":"raba-3000"},"geometry":{"type":"Polygon","coordinates":[[[14.803361464126935,46.21386036163943],[14.803568408385365,46.214012919771726],[14.803619849268214,46.21368081858431],[14.803361464126935,46.21386036163943]]]}}]}