{"type":"FeatureCollection","features":[{"type":"Feature","properties":{"_zoneType":"SI_BUILT","name":"Pozidano zemljišče","authority":"MKGP","dataSource":"raba-3000"},"geometry":{"type":"Polygon","coordinates":[[[15.21977714239504,45.63992080893873],[15.21924997994367,45.64],[15.21991280986295,45.64],[15.21977714239504,45.63992080893873]]]}},{"type":"Feature","properties":{"_zoneType":"SI_BUILT","name":"Pozidano zemljišče","authority":"MKGP","dataSource":"raba-3000"},"geometry":{"type":"Polygon","coordinates":[[[15.217125809308138,45.639239491252816],[15.218201282625943,45.637206541701],[15.220150498971053,45.636539876735064],[15.222575742441693,45.63725850139497],[15.22390882504261,45.64],[15.224195184941053,45.64],[15.224142406677313,45.63824242330678],[15.221181040659614,45.63587161130552],[15.225879920736961,45.63508206460098],[15.22829501611259,45.637256669194926],[15.2290288693403,45.63959605085764],[15.230806363135397,45.6397640295448],[15.229248898335083,45.639347961425955],[15.227983797084683,45.63466046394687],[15.226287306289112,45.63497182284504],[15.220493716733937,45.632390908135854],[15.217165526446829,45.633935893867054],[15.216755565625961,45.636456431469334],[15.215715630064,45.636886726299785],[15.213454445626134,45.63624236413153],[15.213615086491135,45.634534397428965],[15.21275027208965,45.634002844107364],[15.214092937875844,45.63314071668914],[15.216667231916928,45.63366028419551],[15.21674507786194,45.63251901090171],[15.21973583637555,45.631709389535665],[15.22546796195105,45.63308108482522],[15.230142675928665,45.626940301745165],[15.23282852223741,45.62539907285965],[15.236160933065504,45.625259937119964],[15.234855020864448,45.62483048008442],[15.236868018017045,45.623743599835706],[15.238625489541503,45.62612048916998],[15.24,45.62660057257548],[15.24,45.626259429800015],[15.238750849184008,45.62583108475796],[15.237734357117933,45.62411257664971],[15.238950836139418,45.6234350979605],[15.238368401277274,45.622704051862584],[15.24,45.61983733341401],[15.24,45.61615139214137],[15.237285729773344,45.615309120502964],[15.238490211860826,45.61614267614286],[15.237487706541893,45.617370740010834],[15.238177898102016,45.618155545356],[15.236830848401636,45.61868778582115],[15.234368928182151,45.617096015916594],[15.237876352251531,45.62098316146867],[15.237810509943222,45.622567007719894],[15.231685377634514,45.62551442240394],[15.22640749973921,45.629249114693586],[15.220396807255966,45.6313355351229],[15.21957294354246,45.630478943354724],[15.220330598292476,45.627940034638186],[15.21873442034209,45.62382654565645],[15.216845698074303,45.6214254927713],[15.21186490268171,45.618272224034094],[15.211858972058826,45.61478660150568],[15.20919322896726,45.613077575953795],[15.207520681734758,45.61041239062339],[15.207366237405605,45.607792142311744],[15.203865511665915,45.60154248481969],[15.206834550945532,45.600449449455255],[15.206128455781469,45.6],[15.201626720940624,45.6],[15.201921914528052,45.60060278778596],[15.203048984785362,45.60063724405967],[15.207061150117015,45.60798284856422],[15.207217915059738,45.610594266227174],[15.208862371766182,45.61316927107146],[15.21153542124339,45.61489789353016],[15.211508936557397,45.61832509150895],[15.216607968132573,45.6216138718452],[15.218391210766107,45.623877329234354],[15.219832117089975,45.62896749610755],[15.218426176247679,45.63032967268193],[15.217587539097156,45.62974426849632],[15.217981639940827,45.62882578669069],[15.21695378188801,45.6296867350605],[15.215951343294053,45.62905574128183],[15.2175801276532,45.63200359843968],[15.214277814853796,45.63160853918484],[15.214833695583787,45.63273928863084],[15.212375626923647,45.633432922858155],[15.210450448259776,45.63248561834043],[15.208456328032064,45.628865529983365],[15.209249382737966,45.62837450162213],[15.208484328204042,45.627966755530466],[15.20892324809503,45.62731112293628],[15.212434205202456,45.62677043252816],[15.209315147037135,45.626920874524856],[15.208280534316359,45.62489974973691],[15.208651118806028,45.627045936167654],[15.20709234008733,45.62836274142533],[15.204896934797388,45.62863172398574],[15.205094257716713,45.62749208958034],[15.20279956201583,45.62737239446515],[15.204027960672125,45.62859854416988],[15.200000000000001,45.63025310488154],[15.200000000000001,45.630966593446985],[15.204537270394283,45.629212802562314],[15.205314290427577,45.62986829266211],[15.203608739682691,45.63049762513117],[15.205311706364146,45.63157634251529],[15.20691427091594,45.630971817684056],[15.205670789772276,45.62997512527315],[15.208702524281527,45.62999253453223],[15.210133120393166,45.63257344055892],[15.21250866689146,45.63455714693743],[15.210773368344597,45.63537708641235],[15.211547447615029,45.6365303469826],[15.211163759471782,45.63844575620484],[15.209048305207178,45.63932851084205],[15.208454641982986,45.63853903723814],[15.207372726760168,45.64],[15.208241209533886,45.64],[15.208212362701346,45.63993610508259],[15.21154236466953,45.63871956176402],[15.212742773067584,45.64],[15.213457931543804,45.64],[15.213127224457427,45.639363157794065],[15.213994590520484,45.6387808417852],[15.21637586538355,45.639457592790684],[15.216181435429442,45.64],[15.217689506226002,45.64],[15.217125809308138,45.639239491252816]],[[15.239097248671975,45.618639532366686],[15.238555594001012,45.6201078722729],[15.236668494720144,45.61900786244009],[15.239097248671975,45.618639532366686]],[[15.227746784558441,45.62929402170401],[15.224566864592445,45.632497511050104],[15.222186377367699,45.63129175853799],[15.227144858193318,45.62910445660775],[15.227746784558441,45.62929402170401]],[[15.224894237682319,45.6346482123516],[15.22284140808919,45.63504110962003],[15.222902282246459,45.63370706660328],[15.224894237682319,45.6346482123516]],[[15.222244013047325,45.63502905982232],[15.21997637887632,45.63530390761888],[15.220646063443107,45.63403323077712],[15.222244013047325,45.63502905982232]],[[15.219116386633651,45.634233143972196],[15.219202765021471,45.63520654920997],[15.218054339266047,45.634987267406345],[15.218349940997406,45.63419407102994],[15.219116386633651,45.634233143972196]],[[15.216956770318134,45.638182320181365],[15.215858032786805,45.637472410320505],[15.217560394823995,45.637216391438805],[15.216956770318134,45.638182320181365]],[[15.216284608191835,45.63880908487219],[15.215042862185944,45.639029275428705],[15.213949229906344,45.63794252364629],[15.215053148566824,45.63730313717695],[15.216284608191835,45.63880908487219]],[[15.212492291561402,45.63735091979687],[15.211800155747165,45.63714819839425],[15.212130219439599,45.63619690288246],[15.213090489497983,45.636405383056875],[15.212492291561402,45.63735091979687]]]}},{"type":"Feature","properties":{"_zoneType":"SI_BUILT","name":"Pozidano zemljišče","authority":"MKGP","dataSource":"raba-3000"},"geometry":{"type":"Polygon","coordinates":[[[15.237934582903312,45.603748725438145],[15.23576257434475,45.60303242061147],[15.235990346224934,45.601854501005135],[15.23229021826697,45.6],[15.230249008791192,45.6],[15.230882633809003,45.60147264527732],[15.233024326521562,45.60268147989345],[15.231316566304848,45.60425217126611],[15.23269102990456,45.605991150402005],[15.233653352481355,45.60578618727722],[15.23193185941974,45.604099630987854],[15.233333931770957,45.6033143593955],[15.2347673974805,45.60459720389301],[15.235518158108837,45.60428424925489],[15.234617491467521,45.60399517490641],[15.235171700890323,45.6033348736952],[15.237718182432104,45.60437054581035],[15.24,45.60695191902302],[15.24,45.60575157167591],[15.237934582903312,45.603748725438145]]]}},{"type":"Feature","properties":{"_zoneType":"SI_BUILT","name":"Pozidano zemljišče","authority":"MKGP","dataSource":"raba-3000"},"geometry":{"type":"Polygon","coordinates":[[[15.235424683928505,45.611950164844224],[15.24,45.61238982614356],[15.24,45.611158515898154],[15.235424683928505,45.611950164844224]]]}},{"type":"Feature","properties":{"_zoneType":"SI_BUILT","name":"Pozidano zemljišče","authority":"MKGP","dataSource":"raba-3000"},"geometry":{"type":"Polygon","coordinates":[[[15.239723570293272,45.61553482919655],[15.24,45.61579785116755],[15.24,45.61539458738213],[15.239723570293272,45.61553482919655]]]}},{"type":"Feature","properties":{"_zoneType":"SI_BUILT","name":"Pozidano zemljišče","authority":"MKGP","dataSource":"raba-3000"},"geometry":{"type":"Polygon","coordinates":[[[15.200000000000001,45.62888361707634],[15.200000000000001,45.62892778951742],[15.200176188827319,45.62879996741727],[15.200000000000001,45.62888361707634]]]}},{"type":"Feature","properties":{"_zoneType":"SI_BUILT","name":"Pozidano zemljišče","authority":"MKGP","dataSource":"raba-3000"},"geometry":{"type":"Polygon","coordinates":[[[15.200000000000001,45.66704269092925],[15.200000000000001,45.66806825143113],[15.201729694660635,45.66954477707795],[15.203176282043358,45.66926595286431],[15.203494422537789,45.67144606422358],[15.207587398764037,45.674528278030095],[15.208954686351758,45.67692086871482],[15.208664289412361,45.678747525197075],[15.210768708646235,45.67969352977745],[15.213971851383578,45.67968757557555],[15.215326482239014,45.67911520681124],[15.21537757711893,45.6781257748747],[15.216693060495246,45.6792661850883],[15.215765868871156,45.679684201508366],[15.220516560397252,45.67918764291881],[15.217358097850639,45.67880604088959],[15.217839648010727,45.67803420240264],[15.216066403829137,45.67763761424396],[15.21677706609868,45.6764148241836],[15.21434877404072,45.67742676832511],[15.215039185611786,45.67575564461742],[15.21448243366946,45.67396697689629],[15.215911462524346,45.67322303975106],[15.216973517776804,45.673919667812974],[15.217866952920986,45.67236085600891],[15.220169674675331,45.672534170825216],[15.21987127621189,45.67156897772439],[15.221824020119032,45.67144882451504],[15.218107783611767,45.669807765805146],[15.21934254636762,45.66891329808539],[15.2204075534128,45.66710910261763],[15.218748098227646,45.66906237271782],[15.217605619857434,45.66897196905831],[15.21797876331361,45.66647497416455],[15.219494813236192,45.66535499916638],[15.217698902911863,45.6663490743015],[15.21728526509082,45.66924817847595],[15.215817176466945,45.67038432920866],[15.214853812995106,45.66938768098479],[15.215295301141285,45.668377360179996],[15.21391990644648,45.669485917611055],[15.211851189513853,45.668821035319745],[15.211659491247275,45.667316482219725],[15.213618285661733,45.66607958352115],[15.213424816051385,45.662546103334975],[15.220378720979733,45.66307319802337],[15.221489798912438,45.66472520011761],[15.222760845269748,45.66365057090122],[15.231903330251683,45.66849807600503],[15.234642820150405,45.67185118973791],[15.233114971406062,45.6727218236505],[15.231170220450728,45.67210541795688],[15.232764386937477,45.67316735721562],[15.235148393154903,45.672223168989724],[15.236244150545165,45.67307886969351],[15.22976419968108,45.67682149887697],[15.234585294542729,45.675506160794484],[15.232024025132471,45.67965233977894],[15.23777129856915,45.675465067958555],[15.24,45.675586504985795],[15.24,45.674310200523855],[15.236573604448745,45.67340871997326],[15.238110919243308,45.67272801301557],[15.239743890969024,45.67356123238844],[15.24,45.67309677007064],[15.24,45.672116423175154],[15.237759497686012,45.671194088866905],[15.23827951906857,45.671959633219025],[15.236482401325159,45.672709256178514],[15.231995111400723,45.66820593005837],[15.222766984527492,45.663268192041805],[15.223295945585413,45.662544923923086],[15.226276010617399,45.66297870839114],[15.223226426443912,45.661988663051645],[15.226105237361978,45.65997510572357],[15.223529481671246,45.66095238196456],[15.222441877940192,45.65918557365937],[15.219019723062358,45.66268023225677],[15.213157935792363,45.662214382167036],[15.214687416429694,45.66109706710344],[15.212728310177116,45.65668014689504],[15.214335279079535,45.65626734083353],[15.213292734078971,45.655367166915106],[15.2129609526368,45.652373354382995],[15.213760894560027,45.64846306915053],[15.223911472824259,45.65068969330449],[15.226357472799231,45.652095735189555],[15.22940508565093,45.65219582686337],[15.228031171322614,45.65420824561684],[15.223008431556293,45.653395939779365],[15.221108605759659,45.65421828857953],[15.223655543958662,45.653812741167464],[15.223696422952566,45.65513904618551],[15.224429041454533,45.65422215783113],[15.22672177814077,45.65458374699114],[15.227348431793764,45.65569076424167],[15.225876770349585,45.65646144952024],[15.227733309121973,45.65618755044436],[15.229007332838329,45.65466207921573],[15.231206839899956,45.65509979400397],[15.232395694036756,45.65394754675802],[15.234669789747464,45.65507395934732],[15.235135708749068,45.65648938283399],[15.234707255000503,45.654473298053304],[15.236390559556462,45.6539742060932],[15.24,45.65432770226923],[15.24,45.65398483019491],[15.234164161410936,45.65340022565685],[15.238688604856522,45.65150885381088],[15.24,45.65188883991063],[15.24,45.6515731550014],[15.239390404729315,45.651255464321906],[15.24,45.65098091209417],[15.24,45.650657913461686],[15.239465456235372,45.65088858526468],[15.236642630726287,45.64939354636082],[15.234110775331457,45.65107595807962],[15.232829094206831,45.65069932151832],[15.232082191949791,45.65197306712509],[15.229042492018063,45.64747654499419],[15.229365220417765,45.6462996185763],[15.23091556557767,45.64586004287561],[15.23016854514711,45.64518041717353],[15.228747584288739,45.646953186458575],[15.229050969525478,45.64862288199151],[15.22812566725038,45.64885047907349],[15.230260072220634,45.649666641049905],[15.229557008936247,45.650621762828884],[15.230397264542715,45.651537591132914],[15.226522234814807,45.651861215349086],[15.224205098432522,45.650499710301794],[15.221962488126888,45.64985183923744],[15.214614491598018,45.6485494598245],[15.213890090519818,45.64788058171158],[15.216674239173095,45.640101761004054],[15.218566163110513,45.640713220923374],[15.219508079116164,45.64244545605315],[15.222241802214624,45.64135946648709],[15.21991280986295,45.64],[15.21924997994367,45.64],[15.217845849951635,45.64021093031937],[15.217689506226002,45.64],[15.216181435429442,45.64],[15.21334028016519,45.64792605802529],[15.206566421994308,45.64797040205473],[15.205404823422661,45.64646402874517],[15.20417877361729,45.64668255940827],[15.20447172137947,45.64813805784111],[15.200000000000001,45.64811793335607],[15.200000000000001,45.64874150175501],[15.212843120279627,45.648395669899735],[15.212589272697445,45.65233669425768],[15.213114791613753,45.655938396939234],[15.210186578359947,45.65829858118909],[15.212434971135998,45.6569264853933],[15.213017934609786,45.65892829080381],[15.211117439375943,45.658727081650085],[15.213733053280835,45.66071434907922],[15.212274321473398,45.66317243147093],[15.209903486853564,45.663575909442216],[15.209069565174339,45.66286083006313],[15.20950752578145,45.66440039571441],[15.207475998100385,45.66506899264259],[15.20910971251868,45.66553827696839],[15.210928637918414,45.664487853319464],[15.210908499041215,45.66351964001137],[15.21287365115824,45.6637644344139],[15.212693592400148,45.66567373057149],[15.21103005728232,45.6676358594721],[15.211518819386894,45.66895793624674],[15.213110714634887,45.670269710406444],[15.208972396610998,45.6693300536618],[15.209226269251413,45.667887054162165],[15.208218543626899,45.66921163745078],[15.206495067423262,45.66863414872111],[15.204966719438557,45.668700844414126],[15.206441784041852,45.666373043619515],[15.20466472036919,45.665607602370876],[15.206673535050152,45.664799719460184],[15.20341977581295,45.6655118757619],[15.200000000000001,45.66374158682235],[15.200000000000001,45.66699327856728],[15.200037440881454,45.667001190643],[15.200000000000001,45.66704269092925]],[[15.238164230014123,45.65103346478264],[15.23516479285194,45.65253460970347],[15.234034656912353,45.652061723571784],[15.236455731091608,45.65012937915219],[15.238164230014123,45.65103346478264]],[[15.23689653590232,45.67555449276033],[15.235478343341196,45.67620214911544],[15.234974487998576,45.675016245476144],[15.236090535395123,45.67468177789891],[15.23689653590232,45.67555449276033]],[[15.230759408367142,45.65184334800802],[15.230542823577295,45.65223528496752],[15.230134108319632,45.65166473729729],[15.230759408367142,45.65184334800802]],[[15.222191223264675,45.662818283943096],[15.220463216430648,45.66269921320566],[15.221762721398235,45.662175798273175],[15.222191223264675,45.662818283943096]],[[15.216648046059127,45.67239747486881],[15.21604811635444,45.67265999204741],[15.216413726932931,45.67206223613691],[15.216648046059127,45.67239747486881]],[[15.214135054661527,45.671741781965245],[15.21490104804635,45.67242924951254],[15.214108727849293,45.673865946891176],[15.214424939010257,45.676030257086644],[15.211474976974932,45.67574319434804],[15.211691434001986,45.67424359773949],[15.20981672577512,45.6745410029631],[15.212192133021212,45.672204008362],[15.214135054661527,45.671741781965245]],[[15.213664612537286,45.67732278975323],[15.21216084842025,45.67799557229483],[15.211554178759576,45.677501268479695],[15.212563940812219,45.67706056739088],[15.213664612537286,45.67732278975323]],[[15.212148266833506,45.67173583505198],[15.21064816705669,45.67322848172441],[15.208897812606345,45.67343054176679],[15.208265461719913,45.67267148102202],[15.209492170484559,45.67211876010741],[15.208478506027934,45.67106060155299],[15.209244398557503,45.66977026614072],[15.212148266833506,45.67173583505198]],[[15.210299615594792,45.678510213828524],[15.210398636090705,45.67799748349353],[15.21160310343641,45.67820997241467],[15.210299615594792,45.678510213828524]],[[15.211478540311331,45.67693736117964],[15.210035213605265,45.677728841358295],[15.209303350380292,45.67718145789536],[15.210296808423964,45.67592488721776],[15.211478540311331,45.67693736117964]],[[15.21074349575188,45.675207699478776],[15.210720590723964,45.67555770334404],[15.20983104507612,45.67522663022202],[15.21074349575188,45.675207699478776]],[[15.208437586661775,45.66982378993138],[15.207571998215963,45.67177177208853],[15.20501029541148,45.67138415263302],[15.204353479301027,45.66969742256994],[15.206379780047406,45.66890649676167],[15.208437586661775,45.66982378993138]],[[15.208186800496762,45.67344135877734],[15.208026408496693,45.67378677759813],[15.207525897283977,45.67328947714583],[15.208186800496762,45.67344135877734]],[[15.202251443690422,45.668501946747305],[15.201420852030422,45.66833864518556],[15.202348870393113,45.668038754764154],[15.202251443690422,45.668501946747305]],[[15.201417386020799,45.66602758358671],[15.20097495021077,45.66657083187208],[15.200045554244422,45.66612463884395],[15.200343318634387,45.66537363521954],[15.201417386020799,45.66602758358671]]]}},{"type":"Feature","properties":{"_zoneType":"SI_BUILT","name":"Pozidano zemljišče","authority":"MKGP","dataSource":"raba-3000"},"geometry":{"type":"Polygon","coordinates":[[[15.23946433222969,45.67690254588425],[15.237581342089147,45.67643261620661],[15.238408571875862,45.677057025354856],[15.237973877752573,45.67778864155569],[15.24,45.6769343601632],[15.24,45.67664215979478],[15.23946433222969,45.67690254588425]]]}},{"type":"Feature","properties":{"_zoneType":"SI_BUILT","name":"Pozidano zemljišče","authority":"MKGP","dataSource":"raba-3000"},"geometry":{"type":"Polygon","coordinates":[[[15.22421403304645,45.640627663519275],[15.224195184941053,45.64],[15.22390882504261,45.64],[15.22421403304645,45.640627663519275]]]}},{"type":"Feature","properties":{"_zoneType":"SI_BUILT","name":"Pozidano zemljišče","authority":"MKGP","dataSource":"raba-3000"},"geometry":{"type":"Polygon","coordinates":[[[15.207166091776106,45.64027902927202],[15.204234139053426,45.64069339897507],[15.200000000000001,45.64501948744009],[15.200000000000001,45.64549295365047],[15.200089305159619,45.64547279582088],[15.204569863172871,45.640857835204095],[15.207725610294139,45.64042299162118],[15.208866234978343,45.6413844136647],[15.208241209533886,45.64],[15.207372726760168,45.64],[15.207166091776106,45.64027902927202]]]}},{"type":"Feature","properties":{"_zoneType":"SI_BUILT","name":"Pozidano zemljišče","authority":"MKGP","dataSource":"raba-3000"},"geometry":{"type":"Polygon","coordinates":[[[15.212993926856617,45.64026789792133],[15.21118252117462,45.64127684115406],[15.212377804354393,45.64158942288662],[15.213232810044646,45.64071538208968],[15.214581121940665,45.64216292628579],[15.213457931543804,45.64],[15.212742773067584,45.64],[15.212993926856617,45.64026789792133]]]}},{"type":"Feature","properties":{"_zoneType":"SI_BUILT","name":"Pozidano zemljišče","authority":"MKGP","dataSource":"raba-3000"},"geometry":{"type":"Polygon","coordinates":[[[15.239172122125497,45.658409169383596],[15.24,45.658435763649784],[15.24,45.65789549680938],[15.239172122125497,45.658409169383596]]]}},{"type":"Feature","properties":{"_zoneType":"SI_BUILT","name":"Pozidano zemljišče","authority":"MKGP","dataSource":"raba-3000"},"geometry":{"type":"Polygon","coordinates":[[[15.238480784933055,45.667207353770735],[15.24,45.66823457148556],[15.24,45.667917556879274],[15.238480784933055,45.667207353770735]]]}},{"type":"Feature","properties":{"_zoneType":"SI_BUILT","name":"Pozidano zemljišče","authority":"MKGP","dataSource":"raba-3000"},"geometry":{"type":"Polygon","coordinates":[[[15.239493344111557,45.67014834814687],[15.24,45.67067577190166],[15.24,45.67036604195122],[15.239493344111557,45.67014834814687]]]}},{"type":"Feature","properties":{"_zoneType":"SI_BUILT","name":"Pozidano zemljišče","authority":"MKGP","dataSource":"raba-3000"},"geometry":{"type":"Polygon","coordinates":[[[15.205361488065217,45.66250140346768],[15.207025685966771,45.66265698365699],[15.20587658135324,45.66401818509168],[15.207371475215014,45.663540269380434],[15.206795921058685,45.66124071136942],[15.203703184620625,45.660678352553596],[15.207038889025812,45.660167080777946],[15.205762303888559,45.65911482140989],[15.207089759244205,45.65813289010182],[15.206178323624403,45.65731920766485],[15.200000000000001,45.657958988942596],[15.200000000000001,45.6584884634403],[15.201025015754855,45.657892679918824],[15.204497143277107,45.65795697222258],[15.202172682381718,45.661037127259625],[15.201072234204585,45.66078983825231],[15.200000000000001,45.66152605943857],[15.200000000000001,45.66296733326108],[15.205125004827758,45.661609002042475],[15.205361488065217,45.66250140346768]],[[15.205569503967887,45.65857064675406],[15.204916652820172,45.658840070941714],[15.205321337317399,45.65823320757996],[15.205569503967887,45.65857064675406]],[[15.204621217739023,45.6598330234591],[15.203525356648315,45.65993319641122],[15.204475705567248,45.65920854290223],[15.204621217739023,45.6598330234591]]]}},{"type":"Feature","properties":{"_zoneType":"SI_BUILT","name":"Pozidano zemljišče","authority":"MKGP","dataSource":"raba-3000"},"geometry":{"type":"Polygon","coordinates":[[[15.202930596709363,45.654675149898864],[15.203679517600207,45.65394188679453],[15.200000000000001,45.65634025056206],[15.200000000000001,45.65730272409825],[15.20353312987884,45.65517784897092],[15.202930596709363,45.654675149898864]]]}},{"type":"Feature","properties":{"_zoneType":"SI_BUILT","name":"Pozidano zemljišče","authority":"MKGP","dataSource":"raba-3000"},"geometry":{"type":"Polygon","coordinates":[[[15.240743591580857,45.62686029120929],[15.253834800457923,45.62517651326973],[15.2564887280826,45.62571581419648],[15.253870108087865,45.624906439880895],[15.241064238241218,45.6266243666582],[15.24,45.626259429800015],[15.24,45.62660057257548],[15.240743591580857,45.62686029120929]]]}},{"type":"Feature","properties":{"_zoneType":"SI_BUILT","name":"Pozidano zemljišče","authority":"MKGP","dataSource":"raba-3000"},"geometry":{"type":"Polygon","coordinates":[[[15.241591573259104,45.617040939692586],[15.244176636083473,45.615715747513555],[15.245024119184727,45.616984781339816],[15.24408476033082,45.61913173347413],[15.245569944544492,45.62083861601123],[15.246098481860315,45.62358669640466],[15.25025197507078,45.62117198303027],[15.256464759354774,45.62045928110681],[15.25008009536747,45.620958660021856],[15.246332479162612,45.623355179657885],[15.245933336291031,45.62075973566463],[15.244358634345648,45.61874964355734],[15.245895224940396,45.61557868288123],[15.250262968664554,45.6163384807513],[15.253631905434593,45.61569885087779],[15.25072358173518,45.61542039934762],[15.250485041484279,45.61369113980682],[15.256423692061276,45.61144950305425],[15.25641686860271,45.60995208503968],[15.253675159736487,45.60965131824405],[15.251995963197805,45.60568013056831],[15.253412141544809,45.61001722039721],[15.252451817203665,45.611969804167764],[15.250952867002697,45.61172127977376],[15.251117556593616,45.60995529642024],[15.248375267022341,45.60905273875584],[15.247008184238378,45.607772945149335],[15.24771420091111,45.607055451089764],[15.246250161945941,45.60741356797594],[15.241903441119003,45.604909159301734],[15.242036885061193,45.60279516329569],[15.244090530836191,45.60223364784648],[15.240246666700195,45.601152210906655],[15.241405685284589,45.60436690784532],[15.240689612473272,45.60491733706227],[15.243962279664066,45.606319025662266],[15.242888283253022,45.60727338222263],[15.244354619133881,45.60676059412507],[15.246528342526661,45.60779634244496],[15.248904609156526,45.60967411399469],[15.24833501537198,45.61056503391781],[15.25022892633215,45.610208283253],[15.250896488266719,45.612296264054514],[15.248352458938673,45.614586517972924],[15.245542149055902,45.61192437002093],[15.245152672629501,45.61309219725344],[15.24398643783504,45.612786840154115],[15.243678941997135,45.61169603391207],[15.246241531717978,45.610784795199216],[15.242441777312758,45.61025037366482],[15.241277507818278,45.606990377983685],[15.24,45.60575157167591],[15.24,45.60695191902302],[15.24051972843797,45.6075398770993],[15.240856803536458,45.61101026655187],[15.24,45.611158515898154],[15.24,45.61238982614356],[15.240071517653163,45.61239669857463],[15.240945612195645,45.61491484744524],[15.24,45.61539458738213],[15.24,45.61579785116755],[15.24055138737049,45.61632249446544],[15.24,45.61615139214137],[15.24,45.61983733341401],[15.241591573259104,45.617040939692586]],[[15.242863538631147,45.61178799660558],[15.24166833811652,45.61183727854377],[15.241275984011923,45.61048261533159],[15.242030933676611,45.61032305920919],[15.242863538631147,45.61178799660558]],[[15.24210727159039,45.61434928369375],[15.24140528609048,45.61344756219431],[15.242622183214422,45.61401677451582],[15.24210727159039,45.61434928369375]]]}},{"type":"Feature","properties":{"_zoneType":"SI_BUILT","name":"Pozidano zemljišče","authority":"MKGP","dataSource":"raba-3000"},"geometry":{"type":"Polygon","coordinates":[[[15.241952804260897,45.67569290898452],[15.24,45.67664215979478],[15.24,45.6769343601632],[15.242828354927154,45.67574183044853],[15.243222331691738,45.677102922182854],[15.245610127709043,45.67358065240852],[15.245135989257975,45.672293221307775],[15.249938102022439,45.67385285080284],[15.255086749417531,45.67347570160589],[15.25671062913628,45.67431130520257],[15.255351754508041,45.67321683008574],[15.248992480458488,45.6733048900841],[15.247997156842521,45.67273426807224],[15.24864089238495,45.67172833203637],[15.24659861360085,45.67272074411031],[15.243353335851006,45.670916910064584],[15.244601591599537,45.66965362297747],[15.242138628510373,45.6700533986925],[15.242496786791747,45.66888505845411],[15.24833191724594,45.66820007924448],[15.250120218701793,45.666629073392286],[15.251607751988644,45.66225204394762],[15.252549376588973,45.66180522721971],[15.253401533655369,45.660388449191124],[15.255664276932933,45.660112554758754],[15.253629506891206,45.65882010266873],[15.2554553159699,45.658381542806055],[15.255627399566842,45.65749245422203],[15.256638020561933,45.658424030694384],[15.256620834080703,45.654661553141004],[15.25567323266291,45.65425325993666],[15.255825361341792,45.65595965729875],[15.254674961737372,45.656335869376335],[15.254166237264286,45.65780836557579],[15.252782002106454,45.657095649058306],[15.251365063090242,45.65792080559507],[15.24849429960581,45.657201721861156],[15.245796305853151,45.65500260830112],[15.246661114344002,45.653139337775904],[15.244956260420775,45.654365100227636],[15.242935783395486,45.65415879749558],[15.243235424311168,45.65286062021934],[15.241103555591181,45.65409537876419],[15.24,45.65398483019491],[15.24,45.65432770226923],[15.240564527341743,45.654382990134394],[15.240010046888578,45.65539229804387],[15.240841477318638,45.656014903170735],[15.241398376785677,45.65491219576907],[15.243386450968764,45.655794308892474],[15.24,45.65789549680938],[15.24,45.658435763649784],[15.240307754474562,45.6584456497751],[15.242288463179577,45.656502194491296],[15.244222624320157,45.656898895580326],[15.242585233467384,45.657731775429056],[15.242922632937491,45.65862721235648],[15.240190387573604,45.65943377216464],[15.240706876740074,45.66041518830986],[15.242144705367402,45.66012604507422],[15.244690549634726,45.66207668012435],[15.242869132071098,45.659082159166935],[15.245075194669885,45.6578131087713],[15.246560544215932,45.658094860420746],[15.248007658240072,45.659865594616825],[15.245906957015388,45.662368257146696],[15.246616488307417,45.66423552143144],[15.244957711810196,45.664045140761324],[15.244211224322585,45.66288217306628],[15.241201061157298,45.663697986808934],[15.243052413470869,45.664131135429855],[15.242322253151942,45.66496974809932],[15.2434811354087,45.665680135632876],[15.246164092961125,45.666171295870065],[15.245107260108655,45.66505424776884],[15.247063837110229,45.664240586793795],[15.246446070710064,45.66296139481056],[15.247068803319962,45.66219618491966],[15.251028445027098,45.66260789648663],[15.249882235079205,45.66637049772523],[15.248245886341925,45.667942327057524],[15.241748218113214,45.66873481439957],[15.24,45.667917556879274],[15.24,45.66823457148556],[15.241894583065797,45.669515594383334],[15.241017724311167,45.67080332548455],[15.24,45.67036604195122],[15.24,45.67067577190166],[15.240607014725018,45.67130766820995],[15.240079657917342,45.67214921547786],[15.24,45.672116423175154],[15.24,45.67309677007064],[15.240323330901202,45.67251039863651],[15.24170739651348,45.6730191762526],[15.240361035734804,45.67440518859167],[15.24,45.674310200523855],[15.24,45.675586504985795],[15.241952804260897,45.67569290898452]],[[15.252856115361778,45.65941190369628],[15.251005717240469,45.658549839524326],[15.253423034883681,45.65849029232778],[15.252856115361778,45.65941190369628]],[[15.252170694519615,45.659507878159545],[15.252263195474228,45.66163455904557],[15.24739471336341,45.66171864512281],[15.248546159522537,45.659821991232796],[15.247133155123,45.658729770531544],[15.24822519405941,45.65738389710758],[15.252170694519615,45.659507878159545]],[[15.247048426606387,45.65632954074079],[15.246021220645323,45.65677798841275],[15.244256636068368,45.655392704245735],[15.245333182924517,45.655037468175905],[15.247048426606387,45.65632954074079]],[[15.242909706411373,45.655209959005724],[15.243009560610028,45.65486048885826],[15.243742829891051,45.65538194828441],[15.242909706411373,45.655209959005724]]]}},{"type":"Feature","properties":{"_zoneType":"SI_BUILT","name":"Pozidano zemljišče","authority":"MKGP","dataSource":"raba-3000"},"geometry":{"type":"Polygon","coordinates":[[[15.241364280079305,45.652284149797886],[15.24,45.6515731550014],[15.24,45.65188883991063],[15.241364280079305,45.652284149797886]]]}},{"type":"Feature","properties":{"_zoneType":"SI_BUILT","name":"Pozidano zemljišče","authority":"MKGP","dataSource":"raba-3000"},"geometry":{"type":"Polygon","coordinates":[[[15.245167853290562,45.648653391357406],[15.246805332464046,45.64660871195111],[15.244742377785045,45.64861143400285],[15.24,45.650657913461686],[15.24,45.65098091209417],[15.245167853290562,45.648653391357406]]]}},{"type":"Feature","properties":{"_zoneType":"SI_BUILT","name":"Pozidano zemljišče","authority":"MKGP","dataSource":"raba-3000"},"geometry":{"type":"Polygon","coordinates":[[[15.255990567976335,45.61415503423516],[15.256435132630516,45.61395988714865],[15.255965299742831,45.61403888171353],[15.255990567976335,45.61415503423516]]]}},{"type":"Feature","properties":{"_zoneType":"SI_BUILT","name":"Pozidano zemljišče","authority":"MKGP","dataSource":"raba-3000"},"geometry":{"type":"Polygon","coordinates":[[[15.255536631790365,45.60815382111865],[15.254155563577134,45.60850640270513],[15.255303717342095,45.608691374623255],[15.255536631790365,45.60815382111865]]]}},{"type":"Feature","properties":{"_zoneType":"SI_BUILT","name":"Pozidano zemljišče","authority":"MKGP","dataSource":"raba-3000"},"geometry":{"type":"Polygon","coordinates":[[[15.255711937758617,45.65190604202304],[15.256031156439175,45.653060378765076],[15.255788550380734,45.65366752239302],[15.256613585157769,45.65307438913681],[15.255711937758617,45.65190604202304]]]}},{"type":"Feature","properties":{"_zoneType":"SI_BUILT","name":"Pozidano zemljišče","authority":"MKGP","dataSource":"raba-3000"},"geometry":{"type":"Polygon","coordinates":[[[15.214936744000726,45.66590746309974],[15.214357966648167,45.665776570883324],[15.214679041080851,45.66601693974334],[15.214936744000726,45.66590746309974]]]}},{"type":"Feature","properties":{"_zoneType":"SI_BUILT","name":"Pozidano zemljišče","authority":"MKGP","dataSource":"raba-3000"},"geometry":{"type":"Polygon","coordinates":[[[15.220201824241514,45.665007096742244],[15.21984923696012,45.66497483464823],[15.220138004968573,45.66513930428481],[15.220201824241514,45.665007096742244]]]}},{"type":"Feature","properties":{"_zoneType":"SI_BUILT","name":"Pozidano zemljišče","authority":"MKGP","dataSource":"raba-3000"},"geometry":{"type":"Polygon","coordinates":[[[15.253801413282469,45.652706748528736],[15.25262006434307,45.652221794850185],[15.25441553874085,45.65377083183426],[15.253801413282469,45.652706748528736]]]}},{"type":"Feature","properties":{"_zoneType":"SI_BUILT","name":"Pozidano zemljišče","authority":"MKGP","dataSource":"raba-3000"},"geometry":{"type":"Polygon","coordinates":[[[15.253623947031503,45.61352269405305],[15.253360778804566,45.613446369788264],[15.253515660099808,45.61368308221138],[15.253623947031503,45.61352269405305]]]}},{"type":"Feature","properties":{"_zoneType":"SI_BUILT","name":"Pozidano zemljišče","authority":"MKGP","dataSource":"raba-3000"},"geometry":{"type":"Polygon","coordinates":[[[15.250908653249112,45.65976207139004],[15.251100305771255,45.65990518352608],[15.251288141762274,45.65959077075556],[15.250908653249112,45.65976207139004]]]}},{"type":"Feature","properties":{"_zoneType":"SI_BUILT","name":"Pozidano zemljišče","authority":"MKGP","dataSource":"raba-3000"},"geometry":{"type":"Polygon","coordinates":[[[15.25197097160488,45.61668274908614],[15.251782412469293,45.61657271803404],[15.250484915677196,45.61715896946083],[15.25197097160488,45.61668274908614]]]}},{"type":"Feature","properties":{"_zoneType":"SI_BUILT","name":"Pozidano zemljišče","authority":"MKGP","dataSource":"raba-3000"},"geometry":{"type":"Polygon","coordinates":[[[15.23025629126691,45.655823037120456],[15.230546024168179,45.655778699725204],[15.230199639730737,45.65566240535158],[15.23025629126691,45.655823037120456]]]}},{"type":"Feature","properties":{"_zoneType":"SI_BUILT","name":"Pozidano zemljišče","authority":"MKGP","dataSource":"raba-3000"},"geometry":{"type":"Polygon","coordinates":[[[15.245841545100511,45.66078331513997],[15.245592227651308,45.66069498435897],[15.245723816956533,45.66096734384719],[15.245841545100511,45.66078331513997]]]}},{"type":"Feature","properties":{"_zoneType":"SI_BUILT","name":"Pozidano zemljišče","authority":"MKGP","dataSource":"raba-3000"},"geometry":{"type":"Polygon","coordinates":[[[15.241118379866977,45.661456814772166],[15.240055768019609,45.6616473970015],[15.240681357897913,45.66181418798127],[15.241118379866977,45.661456814772166]]]}},{"type":"Feature","properties":{"_zoneType":"SI_BUILT","name":"Pozidano zemljišče","authority":"MKGP","dataSource":"raba-3000"},"geometry":{"type":"Polygon","coordinates":[[[15.241179739750018,45.677563254752386],[15.240985838462384,45.67743891663948],[15.240978239383242,45.67769857177431],[15.241179739750018,45.677563254752386]]]}},{"type":"Feature","properties":{"_zoneType":"SI_BUILT","name":"Pozidano zemljišče","authority":"MKGP","dataSource":"raba-3000"},"geometry":{"type":"Polygon","coordinates":[[[15.238366986711565,45.669473538304736],[15.23792278271106,45.66899396233951],[15.238120538256183,45.669546828701186],[15.238366986711565,45.669473538304736]]]}},{"type":"Feature","properties":{"_zoneType":"SI_BUILT","name":"Pozidano zemljišče","authority":"MKGP","dataSource":"raba-3000"},"geometry":{"type":"Polygon","coordinates":[[[15.235391553315923,45.607679514262905],[15.235179922184212,45.60756724257362],[15.234300458475392,45.608134958875716],[15.235391553315923,45.607679514262905]]]}},{"type":"Feature","properties":{"_zoneType":"SI_BUILT","name":"Pozidano zemljišče","authority":"MKGP","dataSource":"raba-3000"},"geometry":{"type":"Polygon","coordinates":[[[15.232513926933608,45.66494527460605],[15.232476259190001,45.66509475123234],[15.233324449056859,45.66585675069683],[15.232513926933608,45.66494527460605]]]}},{"type":"Feature","properties":{"_zoneType":"SI_BUILT","name":"Pozidano zemljišče","authority":"MKGP","dataSource":"raba-3000"},"geometry":{"type":"Polygon","coordinates":[[[15.232780865888218,45.666763165508385],[15.231627325000018,45.66713558837782],[15.232732396634114,45.66690036708193],[15.232780865888218,45.666763165508385]]]}},{"type":"Feature","properties":{"_zoneType":"SI_BUILT","name":"Pozidano zemljišče","authority":"MKGP","dataSource":"raba-3000"},"geometry":{"type":"Polygon","coordinates":[[[15.208570339080543,45.63107299534676],[15.207570866597264,45.63068714154517],[15.208349735917322,45.63121466758246],[15.208570339080543,45.63107299534676]]]}},{"type":"Feature","properties":{"_zoneType":"SI_BUILT","name":"Pozidano zemljišče","authority":"MKGP","dataSource":"raba-3000"},"geometry":{"type":"Polygon","coordinates":[[[15.211539922375488,45.630578018377456],[15.211252612023896,45.6305290685876],[15.211429118434076,45.63077410266783],[15.211539922375488,45.630578018377456]]]}},{"type":"Feature","properties":{"_zoneType":"SI_BUILT","name":"Pozidano zemljišče","authority":"MKGP","dataSource":"raba-3000"},"geometry":{"type":"Polygon","coordinates":[[[15.23235960941472,45.67965165775054],[15.232398852748119,45.68],[15.232428171388532,45.68],[15.23235960941472,45.67965165775054]]]}},{"type":"Feature","properties":{"_zoneType":"SI_BUILT","name":"Pozidano zemljišče","authority":"MKGP","dataSource":"raba-3000"},"geometry":{"type":"Polygon","coordinates":[[[15.217174653414528,45.679681532214275],[15.209473046162918,45.68],[15.215603614645303,45.68],[15.216602889305513,45.6797074379962],[15.216959471991657,45.68],[15.217521055260601,45.68],[15.217174653414528,45.679681532214275]]]}},{"type":"Feature","properties":{"_zoneType":"SI_BUILT","name":"Pozidano zemljišče","authority":"MKGP","dataSource":"raba-3000"},"geometry":{"type":"Polygon","coordinates":[[[15.23523230678192,45.71792787134351],[15.235261051029518,45.7161849183642],[15.236794731991122,45.715063620827635],[15.24,45.71548514770576],[15.24,45.7153102570801],[15.236508176825707,45.714879977520575],[15.234936914660656,45.71604769203473],[15.233303501742483,45.72],[15.233538707164506,45.72],[15.23523230678192,45.71792787134351]]]}},{"type":"Feature","properties":{"_zoneType":"SI_BUILT","name":"Pozidano zemljišče","authority":"MKGP","dataSource":"raba-3000"},"geometry":{"type":"Polygon","coordinates":[[[15.231038530876708,45.71966849203085],[15.230176097392508,45.71727875880449],[15.233074842915883,45.713075324069024],[15.236569642536237,45.712162881399685],[15.237465247819172,45.71027467686641],[15.238600215000075,45.71069057903446],[15.237797798015302,45.71196044341665],[15.238364364845518,45.712397520223185],[15.24,45.71192758522875],[15.24,45.70977181741374],[15.237491931889242,45.70952162489083],[15.238105251179755,45.70829623018119],[15.24,45.70793668729831],[15.24,45.70688483786724],[15.239731956886073,45.70712363307946],[15.238508514787288,45.70719985214851],[15.23953848174897,45.70497157430573],[15.238747382754065,45.70404182031518],[15.235354092157056,45.704898389827626],[15.2385681426435,45.7056557844251],[15.237731441302541,45.707885787653524],[15.231999093396544,45.70717160387045],[15.23556370748371,45.70819841889323],[15.235479255115632,45.70963804892853],[15.233579876711577,45.70981644598649],[15.23062166074802,45.70795589619636],[15.231055833580495,45.70719698728705],[15.230089005450427,45.70708114689492],[15.22561280870004,45.700525650490164],[15.227932325296397,45.69802041779908],[15.22745210507972,45.6967255016022],[15.228582768321736,45.695430406835364],[15.22959354481188,45.69123091258954],[15.228915596081832,45.68947754682009],[15.226203453654785,45.68756504611163],[15.226007432517862,45.686091981379356],[15.228026577597591,45.685014015386244],[15.231514581012764,45.68486270939434],[15.233184906643464,45.68384473850867],[15.232428171388532,45.68],[15.232398852748119,45.68],[15.23282038474281,45.68374171586687],[15.23133065049542,45.684644838074206],[15.22810712948497,45.68475429993707],[15.226058251021563,45.68557969724054],[15.22485058358451,45.684492310812246],[15.227094534340914,45.683052454115206],[15.225243769202594,45.68363389771478],[15.225693008754419,45.68226375446672],[15.224341120592634,45.68435463068206],[15.220570434278804,45.682870952801125],[15.223003596031175,45.68223430449106],[15.222203971088954,45.68159471831457],[15.223186926911598,45.68083382279423],[15.22015976834569,45.682425925620485],[15.217521055260601,45.68],[15.216959471991657,45.68],[15.222205297760878,45.68430399275753],[15.219207255979564,45.685120861771566],[15.217369479335284,45.68298240824212],[15.215149950808234,45.68338652744391],[15.215531743416832,45.680021042053255],[15.215603614645303,45.68],[15.209473046162918,45.68],[15.209344898923321,45.68000529899361],[15.210980716617025,45.680390753492794],[15.210578519475712,45.682369026677975],[15.212906910358914,45.6855079599402],[15.211052904961619,45.68674444134284],[15.212878003638986,45.68919865602807],[15.212073497496498,45.69066667760002],[15.21110866102153,45.69075470615847],[15.21127786789148,45.68993286590106],[15.209553031124065,45.69075417274617],[15.21380753724806,45.691999018650804],[15.217175858629762,45.69490858474633],[15.22101431943484,45.69705243940966],[15.218176825489424,45.69687931603932],[15.222684388706446,45.69797492350376],[15.216851790307658,45.698328423537156],[15.218125107087907,45.69965232067191],[15.217746149694584,45.70040969101107],[15.214644626803198,45.69986342840978],[15.218081473523045,45.701074763496045],[15.22008910843787,45.698959473129904],[15.223144116940784,45.70267610454389],[15.222106875473491,45.70096518729102],[15.223085928647492,45.69998041930026],[15.221894917721844,45.69955146598385],[15.222372510360625,45.698672765813285],[15.223495558170612,45.697852703978576],[15.226757116730324,45.69792803514554],[15.225281990107963,45.69987454807948],[15.225464383893287,45.70163497965757],[15.229657216818126,45.70713475850819],[15.226581481408632,45.70799634434108],[15.225600010357585,45.7093152843568],[15.227110422360154,45.70940128928425],[15.22953251904041,45.71407111806512],[15.22932604710961,45.71638981072604],[15.230459361298813,45.71937068618456],[15.230860841520006,45.72],[15.231432216660055,45.72],[15.231038530876708,45.71966849203085]],[[15.23281025130985,45.709559159265375],[15.23155889642853,45.71044377624182],[15.232136169306077,45.71090310691211],[15.234830745835978,45.71064498702151],[15.236149724556874,45.70955708979439],[15.236806272815562,45.71023579970291],[15.236381113626038,45.711903030322794],[15.23303852390856,45.712674909767344],[15.230850326681953,45.71580427739952],[15.229690040530627,45.71532117505555],[15.229932889041907,45.714203780512115],[15.227857964153474,45.710034587055596],[15.23033619369439,45.70825101549509],[15.23281025130985,45.709559159265375]],[[15.229400547438027,45.70822870952546],[15.228502392827084,45.708831373001686],[15.228020649817363,45.70824024359618],[15.228974478239508,45.70792800397698],[15.229400547438027,45.70822870952546]],[[15.213184801784935,45.68595569689243],[15.213354634379096,45.684505016218],[15.217082922673127,45.685423863336005],[15.216614101031556,45.68361814384859],[15.218331423149186,45.68412547168751],[15.219633631027392,45.68665667763184],[15.221084353738934,45.68621693008271],[15.219867100641334,45.68596370579897],[15.21999575359902,45.68528121244238],[15.224747808906102,45.68501901877486],[15.225610263569346,45.68619945423897],[15.22402737563983,45.68861244962395],[15.226032263232327,45.68791317324958],[15.229178990890333,45.69090321549277],[15.228174333114012,45.695340636104355],[15.226474070238606,45.697421264311814],[15.22191369013301,45.69706783702405],[15.217034215374229,45.69414643017729],[15.219924036454271,45.69415000135659],[15.21449779507317,45.69254493120593],[15.215292499237533,45.69173283016388],[15.214578187139626,45.690304875511806],[15.21665350163625,45.69101841335574],[15.222918353077805,45.69117771897584],[15.219786403759443,45.690362318263794],[15.219901725995047,45.6891879377391],[15.218961939821783,45.689941588071896],[15.219288502165808,45.69081740817961],[15.213326305541974,45.689218396010496],[15.211538398244667,45.68668044526878],[15.213184801784935,45.68595569689243]],[[15.214176767457394,45.68111790853358],[15.214510550966489,45.68333369599967],[15.215756656682233,45.6844850328496],[15.213613029988254,45.68417172349341],[15.213639829938323,45.68197126452475],[15.212682272102297,45.68125489474178],[15.214176767457394,45.68111790853358]]]}},{"type":"Feature","properties":{"_zoneType":"SI_BUILT","name":"Pozidano zemljišče","authority":"MKGP","dataSource":"raba-3000"},"geometry":{"type":"Polygon","coordinates":[[[15.238663187247408,45.740807961029006],[15.24,45.739833593037964],[15.24,45.739594577098586],[15.237833490201094,45.740406505941344],[15.235258338530892,45.73851227729189],[15.22656775460602,45.73696516320409],[15.225432256448554,45.73618755090556],[15.226416892240858,45.73470026098025],[15.220614994148985,45.73360457688996],[15.21923826892087,45.73246394618641],[15.223730705891038,45.7331267330764],[15.227321291720529,45.73197153534516],[15.228240002863854,45.73297286546009],[15.229402190837739,45.73263184431236],[15.2293988400716,45.73115662676734],[15.230537171048734,45.73065392418868],[15.230192503486663,45.728191715802765],[15.233283202442504,45.727799634761155],[15.23508080452538,45.72566169069761],[15.24,45.72835498533675],[15.24,45.728067976813115],[15.235678503870822,45.72573824752976],[15.233338834816713,45.72024454494158],[15.233538707164506,45.72],[15.233303501742483,45.72],[15.232820401919962,45.72116893851844],[15.231432216660055,45.72],[15.230860841520006,45.72],[15.233830835203522,45.7246554175228],[15.23364142261395,45.727069412707685],[15.230085144077405,45.72787779166375],[15.228974297622445,45.731096783940934],[15.224016342740624,45.73281017537381],[15.220933440904886,45.73235832473335],[15.21821581141355,45.73016558136326],[15.219109635537627,45.733070630236114],[15.223062441172088,45.73515732920119],[15.217865021185277,45.73526925946333],[15.217740195014382,45.733824313472844],[15.216869009055735,45.73512810658595],[15.214461428232037,45.73520689281202],[15.213210335053514,45.737022153789745],[15.207747364599971,45.737331870532344],[15.207010352028023,45.73596780865975],[15.207689204883023,45.73335966363422],[15.209357178730626,45.73411555652901],[15.209811081865963,45.73321400388464],[15.20768636829202,45.732804122672064],[15.207260779849822,45.73141697476646],[15.20996502576291,45.730238982626965],[15.211236133577902,45.730584388478476],[15.211312463470236,45.73154707298667],[15.211660823736597,45.73027167106942],[15.214116107213714,45.730757401779385],[15.210442446522757,45.72979319458538],[15.212083986901762,45.72844188545428],[15.213887122929522,45.72868067725486],[15.213674025215925,45.727571732463566],[15.21652012221931,45.72640880744356],[15.215461324798001,45.72614513292771],[15.211481787421091,45.72842398419232],[15.210665748396575,45.726896637756916],[15.209555665672507,45.72692584833338],[15.210516904144292,45.72806396032137],[15.20915894796195,45.72905854546604],[15.210539608569004,45.72928804053545],[15.206663670748211,45.730628234088655],[15.207276522483884,45.726288200532885],[15.209584752579444,45.72529636041137],[15.208433573755432,45.72495019630133],[15.206615584184169,45.726084073014164],[15.2045281450103,45.723238998693496],[15.200567583030457,45.72200320379804],[15.200000000000001,45.72084177906859],[15.200000000000001,45.721563019213],[15.200122333727363,45.72180921169337],[15.200000000000001,45.72197594594444],[15.200000000000001,45.72277900157682],[15.200538541845063,45.722335214522815],[15.20450106662486,45.72370085029036],[15.206926089168268,45.72673304112848],[15.206613917121011,45.727623373487184],[15.205503677613272,45.72725010441726],[15.206173744807785,45.72867376527164],[15.203899973747149,45.728551324037234],[15.202943867492623,45.72939241520979],[15.201027843398064,45.729152155199],[15.200000000000001,45.729670677269155],[15.200000000000001,45.730413307685915],[15.20283953924174,45.73093799518952],[15.201751110065402,45.73254353076954],[15.200000000000001,45.731809727932536],[15.200000000000001,45.732704249956114],[15.200457819783644,45.73294054344272],[15.200000000000001,45.73338052186075],[15.200000000000001,45.73584750819813],[15.205186773968851,45.73600513003184],[15.207452766053846,45.73803845093493],[15.209245116197208,45.73814376806923],[15.208749556799203,45.74041318880585],[15.210289797672903,45.73921211292598],[15.213223737851761,45.739413368172116],[15.215701660350703,45.74178863200885],[15.210258427570704,45.743200316145646],[15.20772209959221,45.74748013861979],[15.205373339704026,45.74898479360771],[15.200584752398239,45.74905771291617],[15.200000000000001,45.748784065867525],[15.200000000000001,45.74924205962782],[15.200129687124518,45.74930904629046],[15.200451317056693,45.75154952840329],[15.200000000000001,45.752258230994656],[15.200000000000001,45.754049393773],[15.200031325512528,45.75403932957151],[15.200000000000001,45.754126983813826],[15.200000000000001,45.7560589481529],[15.200392615091083,45.75649343249565],[15.200000000000001,45.756632426243826],[15.200000000000001,45.75749831472082],[15.200109792300914,45.75763188124905],[15.200000000000001,45.75931585491794],[15.200000000000001,45.76],[15.202602267575214,45.76],[15.202499064242101,45.75994122861433],[15.205296955862428,45.7572956268536],[15.207490206341415,45.75744398137414],[15.206358589011082,45.75674850374658],[15.212850015322868,45.7511243481928],[15.210218605182009,45.75265593486498],[15.207282106862358,45.75088859280527],[15.209878659557583,45.75358962014683],[15.208501706031672,45.754187104979174],[15.207735590626845,45.753510363368015],[15.207368290741512,45.75561952176251],[15.202335059288371,45.759479343857166],[15.200474822426383,45.758927464874446],[15.200456549690339,45.75502012926157],[15.202741262819616,45.753580684318024],[15.201930169041052,45.75275148846012],[15.201639200299608,45.75363210394191],[15.20025321055882,45.753092753781836],[15.20189814509612,45.75144792249257],[15.202737999912095,45.75224980746208],[15.203310748896069,45.751350223715995],[15.206452874620206,45.75109187908522],[15.20324507184521,45.75000261840865],[15.208222336629209,45.748573469018595],[15.208844001534123,45.74563495740401],[15.210709981397102,45.743279135060476],[15.213693517038697,45.74276646715594],[15.214567199864304,45.74356190817921],[15.21528352424794,45.742704189461016],[15.215070246622336,45.74449970337007],[15.216915415192926,45.74451524368695],[15.215367893180291,45.74745562035377],[15.216804002864325,45.74748019156],[15.216219054829516,45.746925455495315],[15.21719727574632,45.7448251460867],[15.218582455586722,45.74499706912799],[15.219045815362959,45.747206741234365],[15.226264122550997,45.751435588227636],[15.224215937711215,45.751528145722645],[15.224508187027476,45.75276026049387],[15.227878545957793,45.75192437094622],[15.226536440239816,45.751239716693455],[15.2260675784758,45.7474755292746],[15.223812864221486,45.7469854112787],[15.225483262519175,45.7483685023766],[15.225005785126285,45.749445066775536],[15.223551381960254,45.74952586588534],[15.219267310151396,45.74697840543293],[15.219036524756186,45.74491687069581],[15.21755958023685,45.74430558180889],[15.218478790562406,45.7429553438672],[15.217202699050693,45.74397183143137],[15.215847179962251,45.74335277865506],[15.216695484600239,45.74203016987375],[15.223125061461307,45.74043743010959],[15.224645896293572,45.742534095719265],[15.226604730412033,45.740412408945915],[15.231260129283102,45.74179077340298],[15.231068773016792,45.74308265804034],[15.22790024643069,45.743218800227766],[15.230654598546293,45.74472375069903],[15.232946286030414,45.74415486905201],[15.235288653478518,45.745229879619075],[15.23514931670914,45.746802097507306],[15.233885780381863,45.74717008859108],[15.2356172553219,45.748945671626345],[15.238383896128877,45.74869895011528],[15.23692532482476,45.74786120383347],[15.23787865624768,45.74740855190297],[15.24,45.7481652971781],[15.24,45.74708122162637],[15.23726560614084,45.74658802883665],[15.235513320717127,45.747483309710915],[15.236750699839318,45.74487770358635],[15.234867031593186,45.74452927548244],[15.238012549912703,45.740841631812735],[15.24,45.742761418221],[15.24,45.74222770924407],[15.238663187247408,45.740807961029006]],[[15.223274750936465,45.73545199298315],[15.226480443855895,45.737217323297045],[15.234979780862483,45.738795266098904],[15.237328063773383,45.740595277751375],[15.236470669193096,45.74254699144164],[15.234063255591213,45.743218955771844],[15.233667199301946,45.74141013292465],[15.230030843616804,45.740171346669364],[15.223781301842784,45.74020530235542],[15.223274096963765,45.73886592502979],[15.220645689398363,45.737285820299725],[15.221756114907466,45.73570141395625],[15.223274750936465,45.73545199298315]],[[15.23622207848826,45.74825937824241],[15.236032750888395,45.74859156952401],[15.235524659845398,45.74808298256542],[15.23622207848826,45.74825937824241]],[[15.225602257069294,45.735242892153764],[15.225295956359705,45.73557745592529],[15.224539952584133,45.73490111717191],[15.225602257069294,45.735242892153764]],[[15.217776647462484,45.73549756496442],[15.22019828745914,45.735963491200266],[15.218924379124136,45.73763674478666],[15.221210378416055,45.737885368291956],[15.222525108979504,45.73939703586641],[15.221913939366795,45.7404618726061],[15.217363521301131,45.74149106541128],[15.215456854253183,45.74113849739347],[15.213941147581632,45.73920986018261],[15.215728280858638,45.737255487244084],[15.214046454798158,45.73800137145659],[15.214849033295053,45.73613215202889],[15.217776647462484,45.73549756496442]],[[15.20639204367637,45.72923245376806],[15.205405537348568,45.72983629487406],[15.206559217159565,45.73597874892147],[15.20292321613117,45.73509144570008],[15.203576107890688,45.73253354652127],[15.20264923191199,45.73217472833373],[15.203881819357555,45.72883057857894],[15.20639204367637,45.72923245376806]],[[15.202828271859806,45.7329395925822],[15.202864945488857,45.73385375740479],[15.20169091421897,45.73364682250067],[15.202094765434675,45.7328775465874],[15.202828271859806,45.7329395925822]]]}},{"type":"Feature","properties":{"_zoneType":"SI_BUILT","name":"Pozidano zemljišče","authority":"MKGP","dataSource":"raba-3000"},"geometry":{"type":"Polygon","coordinates":[[[15.209023698510423,45.75774581450061],[15.205515072614133,45.758819911574555],[15.206288734709823,45.75971214862031],[15.209533796746049,45.75866975206975],[15.209366341921623,45.76],[15.211312397364988,45.76],[15.209023698510423,45.75774581450061]]]}},{"type":"Feature","properties":{"_zoneType":"SI_BUILT","name":"Pozidano zemljišče","authority":"MKGP","dataSource":"raba-3000"},"geometry":{"type":"Polygon","coordinates":[[[15.238679558738157,45.75942306213953],[15.238969744797743,45.76],[15.239330747699261,45.76],[15.238679558738157,45.75942306213953]]]}},{"type":"Feature","properties":{"_zoneType":"SI_BUILT","name":"Pozidano zemljišče","authority":"MKGP","dataSource":"raba-3000"},"geometry":{"type":"Polygon","coordinates":[[[15.2349691893636,45.799344161586326],[15.234887860638134,45.79728587643392],[15.238042669566207,45.79725681501765],[15.237396237702669,45.79909119480425],[15.23851609500967,45.79952873632335],[15.239493025298465,45.797510437779195],[15.24,45.797459206816534],[15.24,45.79614358571084],[15.238142455121237,45.79684740830666],[15.237411713152104,45.795852655549304],[15.239040042286526,45.794506337749766],[15.236446069523438,45.793389679468625],[15.2309721786083,45.79233600923244],[15.232135660233356,45.79118004564618],[15.236112686488882,45.79206325981691],[15.23747710905401,45.7907876532889],[15.24,45.79130386455621],[15.24,45.790875353551094],[15.23903189346061,45.79064972580607],[15.238554514139677,45.78947877360754],[15.24,45.78967378924527],[15.24,45.789056086039814],[15.23906496384068,45.788618333561296],[15.236254357024276,45.78888060625924],[15.23253953386023,45.79001184980422],[15.230522096153136,45.791835727413414],[15.229416843085586,45.79024191221074],[15.231482111327198,45.787625887807756],[15.234144971551277,45.78761016867433],[15.23590170431302,45.784814194678184],[15.24,45.784119114606895],[15.24,45.783626683820984],[15.23648047498778,45.7842277355982],[15.23556262644509,45.78377141895277],[15.238747202026147,45.782448400040565],[15.235678125323345,45.7830383676685],[15.233720211961517,45.7812071518555],[15.230401803645515,45.77986707759406],[15.23112499446931,45.781245371082434],[15.232907305951162,45.7813284814577],[15.23113133716272,45.78242982526254],[15.229304993830564,45.78074044317369],[15.227879747355399,45.78085279361693],[15.228623242839568,45.78002325381695],[15.226216697608281,45.780192579399824],[15.227179774852832,45.779345658937935],[15.222813540620521,45.779381052522965],[15.224239929914914,45.78040570552522],[15.220901950091651,45.78218900424998],[15.222275637063337,45.784149482658655],[15.219851583633305,45.78460148223953],[15.219718399592535,45.785781838630555],[15.216650652697359,45.78606314957487],[15.211120224060913,45.78557977222552],[15.210732395255613,45.784540569469414],[15.212033895970912,45.7843041119079],[15.211340239949344,45.783252064834286],[15.213288483157353,45.78203116847458],[15.207161516337987,45.779338884520484],[15.207687147564286,45.77821724880956],[15.20955314957937,45.77888012408405],[15.210358338898885,45.77790090555772],[15.208602995827407,45.775879859791225],[15.209039326974327,45.77417554671328],[15.212034532887593,45.775325473756716],[15.212436386409614,45.77644930050972],[15.211429914663738,45.77743337798932],[15.213885107168254,45.777744687858366],[15.214163803247624,45.77870635759604],[15.215414123114021,45.77907719264066],[15.217232391110128,45.77836672870466],[15.218518969432056,45.7759148570236],[15.221092484853862,45.77523435546032],[15.221792472357567,45.776115221089334],[15.221116641207956,45.776886995168596],[15.22228118363588,45.775661962264294],[15.223861101918589,45.775779230584526],[15.22347859908138,45.77714115870405],[15.225767367255878,45.77662418771618],[15.227212656026563,45.77834353787346],[15.228124298115098,45.77813082275158],[15.227083300063013,45.7764653544327],[15.228526812702237,45.77710711129248],[15.229715607365874,45.77624114897267],[15.231714567099267,45.777532897100755],[15.236515927646286,45.77558905784914],[15.236839507390874,45.77647269855749],[15.2355563644605,45.777527527069395],[15.238428909661284,45.77632871007083],[15.238120564512073,45.775398726639295],[15.23990310145146,45.774774073464094],[15.24,45.774401550704596],[15.24,45.769940601130614],[15.239061078415459,45.76965478198122],[15.239350943423021,45.76881779163323],[15.237707743572475,45.766226451776994],[15.238063799173249,45.76550637132146],[15.237286677056892,45.765648328432675],[15.239010376966087,45.76891233909486],[15.237204028118043,45.769567727132205],[15.237050035185394,45.77077621614416],[15.239649966777712,45.77138215280627],[15.236840463258284,45.77218887855333],[15.238542432258692,45.77287856791983],[15.238277063359776,45.77416400996148],[15.23641653248575,45.77505991172144],[15.23561994519561,45.77287589191465],[15.23390973025501,45.77273961190801],[15.234908254047074,45.77073761906485],[15.234104771839412,45.769641508630215],[15.23000912855237,45.768604930431444],[15.230594196497329,45.76707205682357],[15.229442591838275,45.76847388922804],[15.227004701473788,45.76818313595425],[15.226513570307782,45.766234363987735],[15.224327792418293,45.765991751217726],[15.223355402964314,45.76855750046847],[15.219431620004077,45.76947283309913],[15.221945271571638,45.76973314844956],[15.223641405206925,45.77162898162421],[15.226496425606472,45.772557035187916],[15.227266267811721,45.77374413585444],[15.226625782499676,45.774133065218976],[15.219841261177688,45.77149046623927],[15.219969381217444,45.77059138651279],[15.216347059894408,45.77143150766085],[15.214874260736373,45.77039770637907],[15.213392172381077,45.77141361574958],[15.211768382986996,45.77055620560528],[15.212881695546496,45.77010618346952],[15.212734666059168,45.76916890543109],[15.210943188466143,45.76978777503915],[15.211209172285093,45.76732641942208],[15.214648939815639,45.766643729112204],[15.215722164989048,45.766023905151414],[15.214205394233913,45.76647583766917],[15.211882456600252,45.765498497345014],[15.208739225535266,45.76725891446309],[15.207574834163852,45.76659969116899],[15.207106181792277,45.76754790338063],[15.202647226691225,45.7667016931034],[15.200000000000001,45.76744770726374],[15.200000000000001,45.767515131543846],[15.2025415256346,45.766923556269944],[15.205750850233501,45.76800708080018],[15.201572584681994,45.768896822715334],[15.203520024743016,45.77003904555158],[15.200355955586272,45.77136387811564],[15.200000000000001,45.77128416744007],[15.200000000000001,45.77221641399001],[15.202872744940946,45.7707429506469],[15.203508930238948,45.77124754479657],[15.202780011654667,45.77234497610194],[15.2052476699664,45.77237808100903],[15.208484278023239,45.77413333494783],[15.208251166402812,45.775416440497914],[15.206914688453567,45.77581393391923],[15.20435296424951,45.774982090818],[15.206793467368273,45.77618173658965],[15.206728232071189,45.77867914024911],[15.202776129975883,45.776152598618836],[15.200000000000001,45.77574778528938],[15.200000000000001,45.77629802283976],[15.203212991497105,45.77659101505758],[15.20669214661624,45.77924900940263],[15.205669885384369,45.78061113385667],[15.203281969935848,45.77968334724151],[15.205862344436243,45.78119796197801],[15.205276943480051,45.78237956326786],[15.203107175775719,45.78207730026192],[15.204429685404701,45.7826687485426],[15.208175576708472,45.782408109029646],[15.208572646500814,45.78357807166324],[15.207163867680217,45.78474216858533],[15.207789622886658,45.78649480341529],[15.209980933496057,45.7863233009186],[15.207840293144656,45.78587423869768],[15.209289065492705,45.78443708033484],[15.211124493163469,45.78621086924963],[15.219686759658883,45.78607776554318],[15.220959195816045,45.78534927654375],[15.222320108427802,45.786595503044225],[15.220740688181522,45.78884985304918],[15.222915981702801,45.789706360288875],[15.222640722752326,45.790650346427974],[15.223620456686193,45.79102170691176],[15.224290711127836,45.78974216527524],[15.221817544656384,45.78888508830794],[15.222403664936607,45.787047406973684],[15.22449458704834,45.78627916571492],[15.224625488336743,45.785440260503954],[15.227035717318364,45.785127139015515],[15.22900079747599,45.787004994980784],[15.229729117506789,45.78587272689988],[15.228619922636343,45.78613882586096],[15.227686162939058,45.784697943469574],[15.234055238369066,45.78536882068382],[15.229708749673396,45.78889436100186],[15.22903635803289,45.79031797336881],[15.22967331876619,45.79330884739304],[15.226679088496823,45.79347752243684],[15.22511890737958,45.79626974298533],[15.221789709247776,45.797843896886974],[15.217614316711277,45.797392085527164],[15.221659303961985,45.798104526859476],[15.226157425288294,45.79658515020743],[15.225936264311704,45.799003211999064],[15.223886614607853,45.79918898735464],[15.224835045209717,45.799672756156994],[15.224604301543266,45.800000000000004],[15.225793365054056,45.800000000000004],[15.226180955665834,45.799527362372025],[15.2269301577959,45.800000000000004],[15.229285107748133,45.800000000000004],[15.229784442961387,45.79971107402692],[15.23017276774373,45.800000000000004],[15.232492414624684,45.800000000000004],[15.232817942422018,45.79934278982436],[15.2349691893636,45.799344161586326]],[[15.238348124550356,45.79008490426251],[15.237420048393197,45.79035739582731],[15.237857741784389,45.78948333882116],[15.238348124550356,45.79008490426251]],[[15.238358532032915,45.7948234490288],[15.237786042572505,45.795183944620945],[15.237299100589063,45.79420442296145],[15.238358532032915,45.7948234490288]],[[15.23652506185913,45.79366534242115],[15.236754482860507,45.79621474660409],[15.234201371048972,45.79645639208139],[15.233622562261141,45.79474939724742],[15.230937679752572,45.79456039670855],[15.230149649534752,45.79324574683237],[15.23652506185913,45.79366534242115]],[[15.23582240128643,45.789837225076724],[15.234470296835731,45.79168925010951],[15.23290595918626,45.790591893125764],[15.23435980161062,45.789829901370766],[15.23582240128643,45.789837225076724]],[[15.232630578224065,45.773253001460866],[15.235785550703177,45.77388222489655],[15.23239398826071,45.77509944136176],[15.231654274461167,45.774128646541946],[15.230415983176384,45.77514223438908],[15.227848081380671,45.77375209570826],[15.23128585922254,45.77136398868603],[15.232630578224065,45.773253001460866]],[[15.233707025127293,45.78302728704752],[15.234614728219327,45.782412184482006],[15.23514037283538,45.78323826600527],[15.23418486183097,45.783707778451976],[15.23497835625307,45.7844437652548],[15.232492654803423,45.78331868653188],[15.232618971658399,45.78235802483337],[15.233707025127293,45.78302728704752]],[[15.234686813840172,45.77598500037767],[15.2337871232321,45.776189534064876],[15.2343435860893,45.775556926783246],[15.234686813840172,45.77598500037767]],[[15.231555547731885,45.79644179252806],[15.233486204252253,45.79674235836479],[15.233913966398458,45.79824694617278],[15.231169142606824,45.799098492226726],[15.230015340874933,45.79867365086963],[15.230195528365126,45.79752473980288],[15.228840088072769,45.79800259734707],[15.227070831777763,45.79636207832483],[15.2318327254795,45.79501560520402],[15.231555547731885,45.79644179252806]],[[15.232917278140192,45.77286668057895],[15.232522259268807,45.77257376615686],[15.232970769017749,45.77184885957511],[15.23353763840072,45.772428643652034],[15.232917278140192,45.77286668057895]],[[15.233449589985263,45.77129116679028],[15.232241141637346,45.771641848288844],[15.233181625461459,45.770867651307945],[15.233449589985263,45.77129116679028]],[[15.22533245511947,45.767972913738085],[15.229914560477512,45.76895685389259],[15.2321717980909,45.770513015424115],[15.227643784383554,45.773021466711285],[15.222536470487299,45.7699871786751],[15.222825225955594,45.768986906507344],[15.22533245511947,45.767972913738085]],[[15.23199071499848,45.78347740313256],[15.23164198179726,45.78441117927994],[15.230199404895197,45.783978214287245],[15.231125944060459,45.78325796043502],[15.23199071499848,45.78347740313256]],[[15.230822413607692,45.77596507537659],[15.229965820215355,45.776176149027336],[15.230508606258764,45.77541565910517],[15.230822413607692,45.77596507537659]],[[15.22937947104964,45.7754251373711],[15.22862912444444,45.77600869915289],[15.227891669871653,45.77552443430836],[15.228773331036198,45.7750826625778],[15.22937947104964,45.7754251373711]],[[15.229254227487592,45.783062192391256],[15.229130188505591,45.78368987172439],[15.228306182050222,45.78329302972629],[15.229254227487592,45.783062192391256]],[[15.228828377300475,45.78191078434136],[15.228203540994947,45.78214939795146],[15.228358096398598,45.78136492475499],[15.228828377300475,45.78191078434136]],[[15.227502540032434,45.7974726191642],[15.228005702409671,45.79885927637116],[15.226620879844475,45.799012473515916],[15.226483589985909,45.797540945502334],[15.227502540032434,45.7974726191642]],[[15.223806915499772,45.7813677138528],[15.227188468472209,45.78400124058872],[15.225474558846622,45.7846600796706],[15.22255163545999,45.78310247679427],[15.222575221871855,45.781860370751126],[15.223806915499772,45.7813677138528]],[[15.226434887130027,45.78194173581873],[15.225454077777503,45.78153997220454],[15.226484729092148,45.78087597382392],[15.226434887130027,45.78194173581873]],[[15.224805584019894,45.76649395919832],[15.225759943395675,45.766950065868016],[15.224408034966899,45.76727961715156],[15.224805584019894,45.76649395919832]],[[15.218166036652882,45.773900836211645],[15.218818924296572,45.771653237384335],[15.218983112460727,45.772416784876924],[15.220174727133344,45.77195155605639],[15.224116414661996,45.77416871670497],[15.218073674080635,45.77527086960666],[15.216222487143137,45.77456644415748],[15.21568580139668,45.773177696566385],[15.216844601780394,45.77242014021694],[15.218166036652882,45.773900836211645]],[[15.217218435386854,45.7766154082909],[15.215668498690519,45.778484020569266],[15.214404374059198,45.778287299994844],[15.215374849109278,45.77560876236223],[15.217218435386854,45.7766154082909]],[[15.21511726583809,45.77232857229019],[15.214834399040447,45.77175408552809],[15.215892555328363,45.77214223656228],[15.21511726583809,45.77232857229019]],[[15.21177395072595,45.77361960150452],[15.214566453577339,45.77392985167539],[15.212831066643062,45.77526581578125],[15.208707429226195,45.77380373381832],[15.208746915324802,45.77245943620246],[15.210365161728625,45.772325943542796],[15.21177395072595,45.77361960150452]],[[15.214351969065673,45.7774747086781],[15.213152253387966,45.777308483040365],[15.21301030017165,45.77618470819796],[15.214177139940626,45.7760734786932],[15.214351969065673,45.7774747086781]],[[15.212185075207364,45.78172420889814],[15.21098174046875,45.78302745947915],[15.209778644038249,45.78185232433309],[15.210332289825642,45.78099206307642],[15.212185075207364,45.78172420889814]],[[15.209559550976905,45.76838540632196],[15.208754188872117,45.76904784455312],[15.207566040640847,45.768273425916284],[15.208643832900005,45.76756909084588],[15.209559550976905,45.76838540632196]],[[15.208575138956313,45.77079416373027],[15.207208793154537,45.772719757054645],[15.205454781838405,45.771499482053954],[15.20622928015141,45.770153526976515],[15.208575138956313,45.77079416373027]],[[15.207354048461527,45.781706526283216],[15.206622402716736,45.781812980150214],[15.207217462230602,45.781294357789726],[15.207354048461527,45.781706526283216]],[[15.205112498954442,45.771382572983306],[15.204355638303294,45.77184867018504],[15.20380338742584,45.77122434259933],[15.20466499055307,45.77070258330491],[15.205112498954442,45.771382572983306]]]}},{"type":"Feature","properties":{"_zoneType":"SI_BUILT","name":"Pozidano zemljišče","authority":"MKGP","dataSource":"raba-3000"},"geometry":{"type":"Polygon","coordinates":[[[15.239491221936326,45.79494544501403],[15.24,45.795747205750004],[15.24,45.794664404306914],[15.239491221936326,45.79494544501403]]]}},{"type":"Feature","properties":{"_zoneType":"SI_BUILT","name":"Pozidano zemljišče","authority":"MKGP","dataSource":"raba-3000"},"geometry":{"type":"Polygon","coordinates":[[[15.200000000000001,45.76118974902048],[15.200300129340262,45.76140759308468],[15.200000000000001,45.76150709691453],[15.200000000000001,45.76239352124987],[15.200432377733224,45.761797985223204],[15.203441938892377,45.76173214199736],[15.20571889388603,45.76324149237384],[15.203138405930291,45.764657723324696],[15.204520741605021,45.764463011686544],[15.205677160748436,45.76549753344252],[15.206483208602707,45.76437727353669],[15.212158208089015,45.762405153947064],[15.21017858670462,45.76292681193791],[15.209082442949343,45.762083300667996],[15.209371258740713,45.76078909401766],[15.211686878438691,45.760368833935686],[15.211312397364988,45.76],[15.209366341921623,45.76],[15.209300486061935,45.760523153760104],[15.207375221087739,45.760527872283674],[15.208443348566385,45.76151879106695],[15.207540516243723,45.762812193252536],[15.202602267575214,45.76],[15.200000000000001,45.76],[15.200000000000001,45.76118974902048]]]}},{"type":"Feature","properties":{"_zoneType":"SI_BUILT","name":"Pozidano zemljišče","authority":"MKGP","dataSource":"raba-3000"},"geometry":{"type":"Polygon","coordinates":[[[15.239330747699261,45.76],[15.238969744797743,45.76],[15.239456139964656,45.76096703400343],[15.23609291061282,45.761004190173175],[15.24,45.76108309608682],[15.24,45.760592941547785],[15.239330747699261,45.76]]]}},{"type":"Feature","properties":{"_zoneType":"SI_BUILT","name":"Pozidano zemljišče","authority":"MKGP","dataSource":"raba-3000"},"geometry":{"type":"Polygon","coordinates":[[[15.200000000000001,45.799415247795814],[15.200000000000001,45.800000000000004],[15.20175169574657,45.800000000000004],[15.200585645163825,45.79938264859897],[15.200000000000001,45.799415247795814]]]}},{"type":"Feature","properties":{"_zoneType":"SI_BUILT","name":"Pozidano zemljišče","authority":"MKGP","dataSource":"raba-3000"},"geometry":{"type":"Polygon","coordinates":[[[15.245427807431001,45.71619896218715],[15.25298647906491,45.71425381039768],[15.253912509845689,45.712076710475046],[15.256874745781097,45.710172124725226],[15.253549621937529,45.7119223298832],[15.252684678923675,45.71404369404463],[15.245292554196558,45.71596243153876],[15.24,45.7153102570801],[15.24,45.71548514770576],[15.245427807431001,45.71619896218715]]]}},{"type":"Feature","properties":{"_zoneType":"SI_BUILT","name":"Pozidano zemljišče","authority":"MKGP","dataSource":"raba-3000"},"geometry":{"type":"Polygon","coordinates":[[[15.240134269321704,45.7118890082559],[15.240085111893404,45.71097658803651],[15.242722859233176,45.71134857511782],[15.242509589337798,45.71060631229533],[15.240556611718022,45.710593300815646],[15.240515800096015,45.70982327109109],[15.24,45.70977181741374],[15.24,45.71192758522875],[15.240134269321704,45.7118890082559]]]}},{"type":"Feature","properties":{"_zoneType":"SI_BUILT","name":"Pozidano zemljišče","authority":"MKGP","dataSource":"raba-3000"},"geometry":{"type":"Polygon","coordinates":[[[15.240217004188882,45.707895509116355],[15.240627014690904,45.708724241949476],[15.240706209708785,45.70744178015194],[15.241750602709962,45.70802569629575],[15.24284907883511,45.70680810519492],[15.244521265654091,45.706683008507305],[15.244087539956352,45.70563811306208],[15.244913444475811,45.704886797494275],[15.250717313530656,45.7020407452685],[15.256285634800829,45.70258615322853],[15.256833987369669,45.70127242339871],[15.255457234412544,45.70066960010445],[15.25682106175152,45.69844920759133],[15.255058850115368,45.696922233978306],[15.253059375625618,45.69659866754412],[15.25479207791435,45.694426548016835],[15.256083140615115,45.69525011956381],[15.255708815372541,45.693841514192755],[15.256797958951882,45.69340204024613],[15.256792021827232,45.69210476514796],[15.256209399420182,45.69281730323545],[15.253873036109729,45.69247364382424],[15.255653762139392,45.69343472231512],[15.252184511193681,45.696875085366415],[15.24968150739587,45.696964028952294],[15.251536966129212,45.697400927162086],[15.251466684886264,45.698157678540774],[15.246320655652541,45.70147815140941],[15.244409009233376,45.70129617921126],[15.245095779884329,45.700194062249864],[15.241871315615134,45.7001336486144],[15.243103406002609,45.70194127488254],[15.241578580789977,45.70351050093117],[15.24190122795282,45.70519106507893],[15.24,45.70688483786724],[15.24,45.70793668729831],[15.240217004188882,45.707895509116355]],[[15.251636867198426,45.698391428577864],[15.252471446410915,45.69715628006114],[15.25474857515956,45.69716793126517],[15.256261694144658,45.69835281089298],[15.254942454676941,45.70034625505805],[15.252583540547326,45.701633531847484],[15.25044734248399,45.701812615777975],[15.242510158919549,45.705361527981495],[15.242830375828168,45.703049604295714],[15.246456099691661,45.70182681077885],[15.251636867198426,45.698391428577864]],[[15.242447351335088,45.70581714334708],[15.24259616262208,45.706159632699396],[15.241732447677718,45.705947259994225],[15.242447351335088,45.70581714334708]],[[15.241677490169609,45.706700645433635],[15.241536255307862,45.70703297390982],[15.240760758846273,45.70637246305509],[15.241677490169609,45.706700645433635]]]}},{"type":"Feature","properties":{"_zoneType":"SI_BUILT","name":"Pozidano zemljišče","authority":"MKGP","dataSource":"raba-3000"},"geometry":{"type":"Polygon","coordinates":[[[15.253430074206001,45.757968238807436],[15.255313067703227,45.757414344222624],[15.254048850015751,45.75633805250799],[15.25609553983843,45.75603216461835],[15.257080326525045,45.75499747168548],[15.255300479817393,45.75409417127019],[15.255983689219724,45.752091800904424],[15.254919893455906,45.75329884077571],[15.25311160086507,45.75257378757075],[15.248855452073709,45.74910881162695],[15.249802352989004,45.74776512644165],[15.248465656496084,45.748631068148384],[15.245565979714252,45.748052793828236],[15.243344762641039,45.74520507178361],[15.244428293405301,45.74439079653576],[15.245545356399594,45.74544659212484],[15.246856199949333,45.74501470576488],[15.246666266506564,45.74372114039956],[15.249342253422217,45.743008591728376],[15.248587988756505,45.741601197671464],[15.248735846439116,45.74304852329077],[15.245504610998223,45.74302472643163],[15.245197716271031,45.74407193307427],[15.242550014320358,45.74493592568851],[15.24,45.74222770924407],[15.24,45.742761418221],[15.244871169441705,45.747466746393165],[15.243296103488124,45.74930761089647],[15.241772427588902,45.74912915877371],[15.240197124959266,45.747116776346566],[15.24,45.74708122162637],[15.24,45.7481652971781],[15.240555022122937,45.74836328978004],[15.240802737428874,45.75013050881757],[15.241546603667103,45.750140661114344],[15.242213867083006,45.7512134626269],[15.24468661264275,45.75223324011007],[15.245205597395836,45.75338898145724],[15.24223271494457,45.7543819647194],[15.240205449242836,45.75589638543235],[15.243727951450651,45.75833309143486],[15.247205113284425,45.75802297726617],[15.247656264516666,45.75894676212411],[15.246778808451662,45.76],[15.251251120855487,45.76],[15.250240366891296,45.75924463675034],[15.250989131981822,45.75875026198692],[15.25397172655679,45.76],[15.25658262797555,45.76],[15.253430074206001,45.757968238807436]],[[15.256082660274515,45.75528117608539],[15.25536242500879,45.755788456869205],[15.254514890643245,45.75577008423347],[15.254529196431134,45.75417430577533],[15.256082660274515,45.75528117608539]],[[15.247543119382161,45.75204727581705],[15.247833974269135,45.75116164004367],[15.25101412756071,45.75089446283655],[15.254403841062043,45.75361459287648],[15.253654739342812,45.757223386101614],[15.248780772570724,45.75904450396901],[15.24964200846358,45.756782168925604],[15.251982003264555,45.7563790095788],[15.248834480105169,45.75550053793689],[15.24740837827733,45.752938088236604],[15.24868504898302,45.75246711119512],[15.247543119382161,45.75204727581705]],[[15.249600092911162,45.750514717369796],[15.247510519397494,45.75085053661401],[15.24657872058565,45.74891847014576],[15.247956278101372,45.74875065304084],[15.249600092911162,45.750514717369796]],[[15.243892451162033,45.75399469241049],[15.244270915297884,45.75487310393278],[15.24498157525649,45.75390546584958],[15.248763322522684,45.756997753840935],[15.244166504791924,45.75798513334867],[15.241170628974116,45.75531253568324],[15.243892451162033,45.75399469241049]],[[15.2454023539777,45.74833203483912],[15.24722540786861,45.7513794046021],[15.246805802368485,45.75307921032738],[15.242339838365579,45.75097052459444],[15.242023205017617,45.74966318236228],[15.244563293745854,45.749372550479855],[15.2454023539777,45.74833203483912]]]}},{"type":"Feature","properties":{"_zoneType":"SI_BUILT","name":"Pozidano zemljišče","authority":"MKGP","dataSource":"raba-3000"},"geometry":{"type":"Polygon","coordinates":[[[15.240674975715702,45.73934162082208],[15.24,45.739594577098586],[15.24,45.739833593037964],[15.240674975715702,45.73934162082208]]]}},{"type":"Feature","properties":{"_zoneType":"SI_BUILT","name":"Pozidano zemljišče","authority":"MKGP","dataSource":"raba-3000"},"geometry":{"type":"Polygon","coordinates":[[[15.243885269388,45.73048219806255],[15.244565883028493,45.73263127229578],[15.24629336911264,45.73495413980022],[15.25032238965361,45.738397019546106],[15.253058660405653,45.738151140803765],[15.25702839583475,45.74368439921172],[15.25392203500664,45.73783149937232],[15.250005770359284,45.73789269788815],[15.245300449248845,45.73325342924255],[15.244213368654517,45.73033941430665],[15.24,45.728067976813115],[15.24,45.72835498533675],[15.243885269388,45.73048219806255]]]}},{"type":"Feature","properties":{"_zoneType":"SI_BUILT","name":"Pozidano zemljišče","authority":"MKGP","dataSource":"raba-3000"},"geometry":{"type":"Polygon","coordinates":[[[15.243633467931435,45.75950472310856],[15.243317527146077,45.76],[15.244933253567922,45.76],[15.243633467931435,45.75950472310856]]]}},{"type":"Feature","properties":{"_zoneType":"SI_BUILT","name":"Pozidano zemljišče","authority":"MKGP","dataSource":"raba-3000"},"geometry":{"type":"Polygon","coordinates":[[[15.240598146521613,45.797398762731206],[15.241574758356705,45.800000000000004],[15.24194952222876,45.800000000000004],[15.242270717291767,45.79976467291381],[15.241244205456995,45.7983677379731],[15.242205284996716,45.797322271402074],[15.244756989389385,45.799718247669055],[15.245791520246158,45.79921618409384],[15.245547706277033,45.800000000000004],[15.246569430432768,45.800000000000004],[15.246150777012208,45.798563429001135],[15.24337446932016,45.79734788135043],[15.24403301946189,45.79647404345961],[15.242697558856593,45.79576037513905],[15.24276769492623,45.79470543154079],[15.240939709817763,45.79518673722093],[15.240310220331784,45.79449304365356],[15.24,45.794664404306914],[15.24,45.795747205750004],[15.240202777317647,45.796066753511674],[15.24,45.79614358571084],[15.24,45.797459206816534],[15.240598146521613,45.797398762731206]],[[15.242078484641002,45.795784859226714],[15.241728091963955,45.796836804228136],[15.240589211512894,45.796855868533726],[15.240971727740332,45.79560994995999],[15.242078484641002,45.795784859226714]]]}},{"type":"Feature","properties":{"_zoneType":"SI_BUILT","name":"Pozidano zemljišče","authority":"MKGP","dataSource":"raba-3000"},"geometry":{"type":"Polygon","coordinates":[[[15.241795480159906,45.79167123956711],[15.242718915641923,45.79296281896756],[15.242421970881656,45.791439820173636],[15.24,45.790875353551094],[15.24,45.79130386455621],[15.241795480159906,45.79167123956711]]]}},{"type":"Feature","properties":{"_zoneType":"SI_BUILT","name":"Pozidano zemljišče","authority":"MKGP","dataSource":"raba-3000"},"geometry":{"type":"Polygon","coordinates":[[[15.241853557394357,45.7899238592648],[15.24,45.789056086039814],[15.24,45.78967378924527],[15.241853557394357,45.7899238592648]]]}},{"type":"Feature","properties":{"_zoneType":"SI_BUILT","name":"Pozidano zemljišče","authority":"MKGP","dataSource":"raba-3000"},"geometry":{"type":"Polygon","coordinates":[[[15.240567618851335,45.78402284518619],[15.241312645238578,45.78465275445966],[15.24050216594651,45.785111023765396],[15.241111089981814,45.78560632822958],[15.240435534993809,45.78776705420497],[15.242654080592585,45.7859067402535],[15.24403270254149,45.7862473917851],[15.243275228754548,45.7855166330737],[15.244219617113487,45.785177301689],[15.247535570186166,45.787128351146244],[15.247858438183723,45.789455236647434],[15.246498336004198,45.790698568322156],[15.248600810070355,45.789568007432926],[15.249797659193101,45.790390710465374],[15.249030541441112,45.78910180654043],[15.25068907987061,45.7886363806002],[15.250554290670843,45.791594280063904],[15.25440076848045,45.789894066279295],[15.251842531920891,45.789507197784935],[15.252772289402525,45.78897120299321],[15.251552969172883,45.7886191487042],[15.252556278127791,45.78730965116925],[15.25229363639248,45.78602452722625],[15.25721177731583,45.783603731393065],[15.253343530805646,45.784730113782054],[15.252482622655258,45.78341139996186],[15.252616656407092,45.7850172917651],[15.25141199271105,45.785721916323446],[15.249526272923688,45.78517422784606],[15.249414633130398,45.78421399812852],[15.24689591780704,45.783857336099075],[15.251460669537261,45.78055617721961],[15.25316649120599,45.780872016351324],[15.252585062113562,45.779970390077146],[15.25490902259567,45.778383912658256],[15.255305246761175,45.776072578672526],[15.257177083440144,45.77605787090732],[15.257172145817911,45.77498370130456],[15.255037157982615,45.775902230937795],[15.25446808890022,45.7775564000997],[15.250878410239206,45.77864714785602],[15.248948428905775,45.77768924574568],[15.250068316479602,45.77693761496457],[15.250206477390293,45.77487071374841],[15.251571651682015,45.77472951618407],[15.249252813951594,45.774100388745964],[15.250872205123645,45.77267561051463],[15.249580342592845,45.77290446607593],[15.249348505166477,45.771937299498575],[15.248504277363576,45.77286364300798],[15.246824536502373,45.771573934564294],[15.246183008773388,45.77241736874148],[15.243574346952153,45.77208475350836],[15.243093849123166,45.77127865368806],[15.244253658195001,45.76982125682727],[15.243205759927037,45.77080339701164],[15.242209491105143,45.76966695018883],[15.243493983097412,45.76763996524711],[15.242627945665602,45.76718720764543],[15.243198866771046,45.76633498463947],[15.244961373667023,45.76732553995967],[15.246421849738129,45.76697640711961],[15.24530305425871,45.76678301468058],[15.245114766480917,45.76564084203551],[15.247200801934358,45.76370316171544],[15.24815105424521,45.76431422135733],[15.24795905409717,45.76561029725373],[15.246964037403872,45.765701828648204],[15.24743373703218,45.766640013563],[15.24955050640653,45.76595731283501],[15.252062646741852,45.76749193580399],[15.250322405523953,45.76870878829195],[15.250139739204563,45.76994875293836],[15.253221195250525,45.767839438763275],[15.25391774108533,45.77039599528442],[15.255922896028371,45.769672839744445],[15.2571552457702,45.77130666840241],[15.255844725867064,45.767614852041525],[15.254793024152121,45.7697861353666],[15.253834328536529,45.76780859790512],[15.256790575307098,45.76659403067652],[15.257130937494642,45.76601653338227],[15.255358600758544,45.76606853508603],[15.256843957419104,45.76516846501542],[15.25222747559042,45.764606146297055],[15.25043628292464,45.7656518001188],[15.248767462038304,45.76231773074478],[15.249898903238448,45.76146891522914],[15.25477514360207,45.76260143018021],[15.255355610690334,45.76193530088033],[15.25662680360563,45.763160684172746],[15.255911603833788,45.76180137537805],[15.254347266872687,45.761195717886466],[15.256070647631963,45.76038811203634],[15.257108542316358,45.76114142911267],[15.257104845473318,45.76033655928609],[15.25658262797555,45.76],[15.25397172655679,45.76],[15.255158658287087,45.76049733668623],[15.252457966519104,45.760901907778354],[15.251251120855487,45.76],[15.246778808451662,45.76],[15.246334107470412,45.76053378845457],[15.244933253567922,45.76],[15.243317527146077,45.76],[15.242833537174874,45.76075871511224],[15.240224225016563,45.76079159955498],[15.24,45.760592941547785],[15.24,45.76108309608682],[15.240517412522296,45.76109354552981],[15.241347855183378,45.76206410891461],[15.242430115846131,45.76182950989955],[15.241287934689762,45.76165328991352],[15.241409659882544,45.76086574733721],[15.244438387857738,45.76118883474847],[15.246324925774022,45.762468044154566],[15.24333077673307,45.764889238477544],[15.241998484483881,45.763737981265315],[15.241939188283041,45.765271047657485],[15.243100375997123,45.76591481151023],[15.241389467013791,45.766883279268605],[15.241919764020096,45.769110869000045],[15.240750196368369,45.76912322536603],[15.241300076886036,45.7683681371268],[15.240378014740054,45.76761576230404],[15.240092391280795,45.76996872616014],[15.24,45.769940601130614],[15.24,45.774401550704596],[15.240415493079597,45.77280420346981],[15.24194571990429,45.772412530647856],[15.245535996346224,45.77293482106388],[15.240833162862257,45.77445436752702],[15.24579324473051,45.77336742486966],[15.24727092622739,45.77422863434305],[15.244870605131737,45.77676156050379],[15.245058380126439,45.778004500631106],[15.248030407027182,45.77554839068157],[15.249765844449426,45.77676248089362],[15.247957687876747,45.77741893560275],[15.248007511847591,45.77829568038552],[15.250139610371594,45.77839140531171],[15.252149327245727,45.7797998124702],[15.247576560306138,45.781694180213506],[15.247004801462882,45.78306512457925],[15.245422768996026,45.78308698232321],[15.243219609977428,45.78095850901681],[15.240135792258261,45.783603493709286],[15.24,45.783626683820984],[15.24,45.784119114606895],[15.240567618851335,45.78402284518619]],[[15.255034500675952,45.76625211322404],[15.253181158418386,45.76734196262774],[15.251863027585927,45.76573281663893],[15.254429920679444,45.765665170548566],[15.255034500675952,45.76625211322404]],[[15.2545147467551,45.77819504752972],[15.253583828294405,45.77891424851774],[15.252559676757423,45.77874667680269],[15.253900753904052,45.77798632226213],[15.2545147467551,45.77819504752972]],[[15.253065488750968,45.76137417008079],[15.252037142404172,45.76160306379781],[15.252557708880566,45.760939280678784],[15.253065488750968,45.76137417008079]],[[15.251726881064458,45.787380546078296],[15.249135267704318,45.78833452872199],[15.247073999624606,45.78641330896133],[15.24886201041853,45.786078164643605],[15.251726881064458,45.787380546078296]],[[15.249022490515953,45.78531616862487],[15.247631987032124,45.78573348904161],[15.247863595413405,45.784601057889176],[15.249022490515953,45.78531616862487]],[[15.244973726981394,45.783369693280974],[15.244261245698256,45.78353288660657],[15.241935048664768,45.78243937135706],[15.242827871739825,45.78170962902476],[15.244973726981394,45.783369693280974]],[[15.243652038298888,45.78377025475278],[15.242916121008022,45.78517541891232],[15.241681371353062,45.78476943112114],[15.242260202191085,45.783477706025856],[15.243652038298888,45.78377025475278]]]}},{"type":"Feature","properties":{"_zoneType":"SI_BUILT","name":"Pozidano zemljišče","authority":"MKGP","dataSource":"raba-3000"},"geometry":{"type":"Polygon","coordinates":[[[15.255334369557703,45.79492353212915],[15.257235519485734,45.78876587809939],[15.255934606700547,45.789496930146505],[15.25465308656386,45.788621978086866],[15.255805125118748,45.79145291594012],[15.254986100932328,45.79476061044949],[15.255278917159421,45.796370227030216],[15.25604933551087,45.797486637263916],[15.257255744256561,45.797760346810996],[15.255899826032076,45.796952955677746],[15.255334369557703,45.79492353212915]]]}},{"type":"Feature","properties":{"_zoneType":"SI_BUILT","name":"Pozidano zemljišče","authority":"MKGP","dataSource":"raba-3000"},"geometry":{"type":"Polygon","coordinates":[[[15.257210829194797,45.78339755667783],[15.25720936126981,45.78307834297808],[15.257082019110566,45.78323229597889],[15.257210829194797,45.78339755667783]]]}},{"type":"Feature","properties":{"_zoneType":"SI_BUILT","name":"Pozidano zemljišče","authority":"MKGP","dataSource":"raba-3000"},"geometry":{"type":"Polygon","coordinates":[[[15.224383848841274,45.700208361613285],[15.224268944425884,45.699973212972715],[15.22400613067061,45.700392644327636],[15.224383848841274,45.700208361613285]]]}},{"type":"Feature","properties":{"_zoneType":"SI_BUILT","name":"Pozidano zemljišče","authority":"MKGP","dataSource":"raba-3000"},"geometry":{"type":"Polygon","coordinates":[[[15.2429925155908,45.74399969978177],[15.242714374307019,45.743878204904185],[15.242933921659972,45.74417832072469],[15.2429925155908,45.74399969978177]]]}},{"type":"Feature","properties":{"_zoneType":"SI_BUILT","name":"Pozidano zemljišče","authority":"MKGP","dataSource":"raba-3000"},"geometry":{"type":"Polygon","coordinates":[[[15.225787538530003,45.707597340042994],[15.225873607253057,45.70774583898643],[15.22606491919077,45.70751579265365],[15.225787538530003,45.707597340042994]]]}},{"type":"Feature","properties":{"_zoneType":"SI_BUILT","name":"Pozidano zemljišče","authority":"MKGP","dataSource":"raba-3000"},"geometry":{"type":"Polygon","coordinates":[[[15.25545459941079,45.69138159054481],[15.255701155396375,45.691465492968696],[15.25556926481014,45.69119295474887],[15.25545459941079,45.69138159054481]]]}},{"type":"Feature","properties":{"_zoneType":"SI_BUILT","name":"Pozidano zemljišče","authority":"MKGP","dataSource":"raba-3000"},"geometry":{"type":"Polygon","coordinates":[[[15.254294808565945,45.77518990083946],[15.254608864135248,45.775217140346186],[15.25430975444624,45.77489521886223],[15.254294808565945,45.77518990083946]]]}},{"type":"Feature","properties":{"_zoneType":"SI_BUILT","name":"Pozidano zemljišče","authority":"MKGP","dataSource":"raba-3000"},"geometry":{"type":"Polygon","coordinates":[[[15.252365561856482,45.75556888521363],[15.252056896467106,45.75556956656951],[15.252381781894385,45.75575056916952],[15.252365561856482,45.75556888521363]]]}},{"type":"Feature","properties":{"_zoneType":"SI_BUILT","name":"Pozidano zemljišče","authority":"MKGP","dataSource":"raba-3000"},"geometry":{"type":"Polygon","coordinates":[[[15.24974875969977,45.75405417105356],[15.249500753220474,45.75390414863546],[15.249572994240197,45.754190584051514],[15.24974875969977,45.75405417105356]]]}},{"type":"Feature","properties":{"_zoneType":"SI_BUILT","name":"Pozidano zemljišče","authority":"MKGP","dataSource":"raba-3000"},"geometry":{"type":"Polygon","coordinates":[[[15.252883161937646,45.78210102743314],[15.25262916045533,45.781971090840095],[15.252699420674627,45.7822580817493],[15.252883161937646,45.78210102743314]]]}},{"type":"Feature","properties":{"_zoneType":"SI_BUILT","name":"Pozidano zemljišče","authority":"MKGP","dataSource":"raba-3000"},"geometry":{"type":"Polygon","coordinates":[[[15.244826037090018,45.77436437830242],[15.246112604815558,45.77464948906932],[15.24585096925985,45.77409644511893],[15.244826037090018,45.77436437830242]]]}},{"type":"Feature","properties":{"_zoneType":"SI_BUILT","name":"Pozidano zemljišče","authority":"MKGP","dataSource":"raba-3000"},"geometry":{"type":"Polygon","coordinates":[[[15.251008258941072,45.753699527532994],[15.250711852634415,45.753636050047895],[15.250904018008718,45.753869375727724],[15.251008258941072,45.753699527532994]]]}},{"type":"Feature","properties":{"_zoneType":"SI_BUILT","name":"Pozidano zemljišče","authority":"MKGP","dataSource":"raba-3000"},"geometry":{"type":"Polygon","coordinates":[[[15.239655817988107,45.74955988966001],[15.23972682118531,45.74975033267914],[15.239998486321067,45.74950399873055],[15.239655817988107,45.74955988966001]]]}},{"type":"Feature","properties":{"_zoneType":"SI_BUILT","name":"Pozidano zemljišče","authority":"MKGP","dataSource":"raba-3000"},"geometry":{"type":"Polygon","coordinates":[[[15.239658412394613,45.75086104686326],[15.239932943710631,45.75092009524833],[15.24,45.75071910186565],[15.24,45.75054822012814],[15.239658412394613,45.75086104686326]]]}},{"type":"Feature","properties":{"_zoneType":"SI_BUILT","name":"Pozidano zemljišče","authority":"MKGP","dataSource":"raba-3000"},"geometry":{"type":"Polygon","coordinates":[[[15.24,45.75054822012814],[15.24,45.75071910186565],[15.24008209229714,45.75047303980869],[15.24,45.75054822012814]]]}},{"type":"Feature","properties":{"_zoneType":"SI_BUILT","name":"Pozidano zemljišče","authority":"MKGP","dataSource":"raba-3000"},"geometry":{"type":"Polygon","coordinates":[[[15.23636585160578,45.758771685648576],[15.236455893653712,45.75890993148355],[15.238424383327937,45.75907352314234],[15.23636585160578,45.758771685648576]]]}},{"type":"Feature","properties":{"_zoneType":"SI_BUILT","name":"Pozidano zemljišče","authority":"MKGP","dataSource":"raba-3000"},"geometry":{"type":"Polygon","coordinates":[[[15.235808170920107,45.76587360211307],[15.235866779643798,45.76749763858602],[15.237034965117571,45.767249828677365],[15.236170127257626,45.76708361343051],[15.235808170920107,45.76587360211307]]]}},{"type":"Feature","properties":{"_zoneType":"SI_BUILT","name":"Pozidano zemljišče","authority":"MKGP","dataSource":"raba-3000"},"geometry":{"type":"Polygon","coordinates":[[[15.235901961229336,45.76995977343703],[15.234984985297318,45.76918076261644],[15.235648255197443,45.77003953839628],[15.235901961229336,45.76995977343703]]]}},{"type":"Feature","properties":{"_zoneType":"SI_BUILT","name":"Pozidano zemljišče","authority":"MKGP","dataSource":"raba-3000"},"geometry":{"type":"Polygon","coordinates":[[[15.213530978194926,45.76769766364846],[15.213143559259422,45.7680145979503],[15.213515900405751,45.76865250644122],[15.213530978194926,45.76769766364846]]]}},{"type":"Feature","properties":{"_zoneType":"SI_BUILT","name":"Pozidano zemljišče","authority":"MKGP","dataSource":"raba-3000"},"geometry":{"type":"Polygon","coordinates":[[[15.23650114151089,45.75104118208743],[15.23841240314884,45.75012076984441],[15.238566657979398,45.74919474613077],[15.238155901482687,45.749985469746036],[15.23650114151089,45.75104118208743]]]}},{"type":"Feature","properties":{"_zoneType":"SI_BUILT","name":"Pozidano zemljišče","authority":"MKGP","dataSource":"raba-3000"},"geometry":{"type":"Polygon","coordinates":[[[15.243564297375293,45.756253190308065],[15.243279505338775,45.756181232015365],[15.243474824852706,45.75641269346047],[15.243564297375293,45.756253190308065]]]}},{"type":"Feature","properties":{"_zoneType":"SI_BUILT","name":"Pozidano zemljišče","authority":"MKGP","dataSource":"raba-3000"},"geometry":{"type":"Polygon","coordinates":[[[15.240467925802204,45.69934041519456],[15.240442581575213,45.698702053095786],[15.240214562493268,45.699349203736574],[15.240467925802204,45.69934041519456]]]}},{"type":"Feature","properties":{"_zoneType":"SI_BUILT","name":"Pozidano zemljišče","authority":"MKGP","dataSource":"raba-3000"},"geometry":{"type":"Polygon","coordinates":[[[15.239945207816017,45.75770820962528],[15.24,45.75782579986774],[15.24,45.75771629967251],[15.239945207816017,45.75770820962528]]]}},{"type":"Feature","properties":{"_zoneType":"SI_BUILT","name":"Pozidano zemljišče","authority":"MKGP","dataSource":"raba-3000"},"geometry":{"type":"Polygon","coordinates":[[[15.24018958674479,45.757744292090564],[15.24,45.75771629967251],[15.24,45.75782579986774],[15.240141153177133,45.7581287305983],[15.24018958674479,45.757744292090564]]]}},{"type":"Feature","properties":{"_zoneType":"SI_BUILT","name":"Pozidano zemljišče","authority":"MKGP","dataSource":"raba-3000"},"geometry":{"type":"Polygon","coordinates":[[[15.237022038999303,45.778004062396796],[15.236786274378114,45.7778661141023],[15.236828224634888,45.778162040866256],[15.237022038999303,45.778004062396796]]]}},{"type":"Feature","properties":{"_zoneType":"SI_BUILT","name":"Pozidano zemljišče","authority":"MKGP","dataSource":"raba-3000"},"geometry":{"type":"Polygon","coordinates":[[[15.23685081813381,45.78171289591916],[15.23654434367756,45.78157395542489],[15.236708468403886,45.78187859134038],[15.23685081813381,45.78171289591916]]]}},{"type":"Feature","properties":{"_zoneType":"SI_BUILT","name":"Pozidano zemljišče","authority":"MKGP","dataSource":"raba-3000"},"geometry":{"type":"Polygon","coordinates":[[[15.231386332256674,45.7972391331498],[15.231083655003486,45.79717114494082],[15.23131842089704,45.79742636586247],[15.231386332256674,45.7972391331498]]]}},{"type":"Feature","properties":{"_zoneType":"SI_BUILT","name":"Pozidano zemljišče","authority":"MKGP","dataSource":"raba-3000"},"geometry":{"type":"Polygon","coordinates":[[[15.233111507008665,45.74535790360515],[15.2327932092928,45.74530872308063],[15.233070787047115,45.74552768304004],[15.233111507008665,45.74535790360515]]]}},{"type":"Feature","properties":{"_zoneType":"SI_BUILT","name":"Pozidano zemljišče","authority":"MKGP","dataSource":"raba-3000"},"geometry":{"type":"Polygon","coordinates":[[[15.23225131836054,45.74927882753751],[15.232414435017985,45.74942735091429],[15.23250790193239,45.749157419205815],[15.23225131836054,45.74927882753751]]]}},{"type":"Feature","properties":{"_zoneType":"SI_BUILT","name":"Pozidano zemljišče","authority":"MKGP","dataSource":"raba-3000"},"geometry":{"type":"Polygon","coordinates":[[[15.228977520432764,45.744974945901674],[15.228999374646861,45.74513725079062],[15.229258718633037,45.74496997772806],[15.228977520432764,45.744974945901674]]]}},{"type":"Feature","properties":{"_zoneType":"SI_BUILT","name":"Pozidano zemljišče","authority":"MKGP","dataSource":"raba-3000"},"geometry":{"type":"Polygon","coordinates":[[[15.226115184440921,45.79163732961734],[15.226901607454506,45.7915550532784],[15.22617313137258,45.791526234231334],[15.226115184440921,45.79163732961734]]]}},{"type":"Feature","properties":{"_zoneType":"SI_BUILT","name":"Pozidano zemljišče","authority":"MKGP","dataSource":"raba-3000"},"geometry":{"type":"Polygon","coordinates":[[[15.22517183408772,45.70473106642302],[15.225438834052184,45.704785548999],[15.22522719672823,45.70455840300671],[15.22517183408772,45.70473106642302]]]}},{"type":"Feature","properties":{"_zoneType":"SI_BUILT","name":"Pozidano zemljišče","authority":"MKGP","dataSource":"raba-3000"},"geometry":{"type":"Polygon","coordinates":[[[15.224778048299923,45.76403588256858],[15.224538563886178,45.76412169477344],[15.224735771611973,45.7648941877772],[15.224778048299923,45.76403588256858]]]}},{"type":"Feature","properties":{"_zoneType":"SI_BUILT","name":"Pozidano zemljišče","authority":"MKGP","dataSource":"raba-3000"},"geometry":{"type":"Polygon","coordinates":[[[15.224054431105035,45.769792749940926],[15.224206151592355,45.76993216191766],[15.22431191907091,45.76966208951769],[15.224054431105035,45.769792749940926]]]}},{"type":"Feature","properties":{"_zoneType":"SI_BUILT","name":"Pozidano zemljišče","authority":"MKGP","dataSource":"raba-3000"},"geometry":{"type":"Polygon","coordinates":[[[15.223649949149063,45.78742523883946],[15.2237987745606,45.7876045084536],[15.223979769371969,45.787280003228915],[15.223649949149063,45.78742523883946]]]}},{"type":"Feature","properties":{"_zoneType":"SI_BUILT","name":"Pozidano zemljišče","authority":"MKGP","dataSource":"raba-3000"},"geometry":{"type":"Polygon","coordinates":[[[15.215823188713198,45.739556028770835],[15.215563767053592,45.73921671717592],[15.2156146517014,45.73968347860538],[15.215823188713198,45.739556028770835]]]}},{"type":"Feature","properties":{"_zoneType":"SI_BUILT","name":"Pozidano zemljišče","authority":"MKGP","dataSource":"raba-3000"},"geometry":{"type":"Polygon","coordinates":[[[15.221080274516327,45.763633616903405],[15.220774931926183,45.76357808884983],[15.221049167129257,45.76375537730118],[15.221080274516327,45.763633616903405]]]}},{"type":"Feature","properties":{"_zoneType":"SI_BUILT","name":"Pozidano zemljišče","authority":"MKGP","dataSource":"raba-3000"},"geometry":{"type":"Polygon","coordinates":[[[15.220105876281318,45.76082287306864],[15.218195608431916,45.76004844265954],[15.219105864174775,45.760950054304125],[15.220105876281318,45.76082287306864]]]}},{"type":"Feature","properties":{"_zoneType":"SI_BUILT","name":"Pozidano zemljišče","authority":"MKGP","dataSource":"raba-3000"},"geometry":{"type":"Polygon","coordinates":[[[15.217154039677723,45.73623509962014],[15.217146575363996,45.73643345126774],[15.217496636651475,45.73624324744714],[15.217154039677723,45.73623509962014]]]}},{"type":"Feature","properties":{"_zoneType":"SI_BUILT","name":"Pozidano zemljišče","authority":"MKGP","dataSource":"raba-3000"},"geometry":{"type":"Polygon","coordinates":[[[15.216904719939063,45.696955223712635],[15.216104777986304,45.696385019883],[15.216104194900613,45.696845617006765],[15.216904719939063,45.696955223712635]]]}},{"type":"Feature","properties":{"_zoneType":"SI_BUILT","name":"Pozidano zemljišče","authority":"MKGP","dataSource":"raba-3000"},"geometry":{"type":"Polygon","coordinates":[[[15.213814655076469,45.756970829440085],[15.212416187079889,45.757236871635605],[15.211843748041801,45.75793182150086],[15.213681717269658,45.75720406847795],[15.213814655076469,45.756970829440085]]]}},{"type":"Feature","properties":{"_zoneType":"SI_BUILT","name":"Pozidano zemljišče","authority":"MKGP","dataSource":"raba-3000"},"geometry":{"type":"Polygon","coordinates":[[[15.21456597106997,45.75608964316988],[15.214306161446192,45.75608759820229],[15.214401619630827,45.75642455580472],[15.21456597106997,45.75608964316988]]]}},{"type":"Feature","properties":{"_zoneType":"SI_BUILT","name":"Pozidano zemljišče","authority":"MKGP","dataSource":"raba-3000"},"geometry":{"type":"Polygon","coordinates":[[[15.211890861277595,45.74139521978031],[15.211811588975014,45.74126022834919],[15.210767144874938,45.741137955210355],[15.211890861277595,45.74139521978031]]]}},{"type":"Feature","properties":{"_zoneType":"SI_BUILT","name":"Pozidano zemljišče","authority":"MKGP","dataSource":"raba-3000"},"geometry":{"type":"Polygon","coordinates":[[[15.206839197408053,45.69720630504423],[15.20621450299256,45.696439121278935],[15.20655730541669,45.697252415678335],[15.206839197408053,45.69720630504423]]]}},{"type":"Feature","properties":{"_zoneType":"SI_BUILT","name":"Pozidano zemljišče","authority":"MKGP","dataSource":"raba-3000"},"geometry":{"type":"Polygon","coordinates":[[[15.202448630307277,45.72816284085064],[15.202157863270195,45.728165050884535],[15.202447551051543,45.72833326619295],[15.202448630307277,45.72816284085064]]]}},{"type":"Feature","properties":{"_zoneType":"SI_BUILT","name":"Pozidano zemljišče","authority":"MKGP","dataSource":"raba-3000"},"geometry":{"type":"Polygon","coordinates":[[[15.206771922467903,45.783203557596686],[15.206619985676975,45.7833758032608],[15.207129118476022,45.783359024186794],[15.206771922467903,45.783203557596686]]]}},{"type":"Feature","properties":{"_zoneType":"SI_BUILT","name":"Pozidano zemljišče","authority":"MKGP","dataSource":"raba-3000"},"geometry":{"type":"Polygon","coordinates":[[[15.20615198253843,45.69920959643531],[15.206111351230568,45.69901010889777],[15.205946243967581,45.699325007414345],[15.20615198253843,45.69920959643531]]]}},{"type":"Feature","properties":{"_zoneType":"SI_BUILT","name":"Pozidano zemljišče","authority":"MKGP","dataSource":"raba-3000"},"geometry":{"type":"Polygon","coordinates":[[[15.206724669371209,45.69852433047547],[15.20635610277808,45.698512150518596],[15.206727768807944,45.69868332533404],[15.206724669371209,45.69852433047547]]]}},{"type":"Feature","properties":{"_zoneType":"SI_BUILT","name":"Pozidano zemljišče","authority":"MKGP","dataSource":"raba-3000"},"geometry":{"type":"Polygon","coordinates":[[[15.202302142317395,45.76307526485561],[15.202035595965652,45.76298842616494],[15.202222751776919,45.7632154646803],[15.202302142317395,45.76307526485561]]]}},{"type":"Feature","properties":{"_zoneType":"SI_BUILT","name":"Pozidano zemljišče","authority":"MKGP","dataSource":"raba-3000"},"geometry":{"type":"Polygon","coordinates":[[[15.201839360683492,45.693259259594974],[15.201994713521387,45.69311368171228],[15.201428256362872,45.69203345954136],[15.201839360683492,45.693259259594974]]]}},{"type":"Feature","properties":{"_zoneType":"SI_BUILT","name":"Pozidano zemljišče","authority":"MKGP","dataSource":"raba-3000"},"geometry":{"type":"Polygon","coordinates":[[[15.201429097749457,45.689888828181026],[15.201479529775598,45.6900320899485],[15.201762572518431,45.6898357591035],[15.201429097749457,45.689888828181026]]]}},{"type":"Feature","properties":{"_zoneType":"SI_BUILT","name":"Pozidano zemljišče","authority":"MKGP","dataSource":"raba-3000"},"geometry":{"type":"Polygon","coordinates":[[[15.200661880759966,45.76314339932439],[15.20036592555538,45.763155697488344],[15.200648735533248,45.763308249793184],[15.200661880759966,45.76314339932439]]]}},{"type":"Feature","properties":{"_zoneType":"SI_BUILT","name":"Pozidano zemljišče","authority":"MKGP","dataSource":"raba-3000"},"geometry":{"type":"Polygon","coordinates":[[[15.200106230168563,45.72709319002609],[15.200017558146975,45.72727518797879],[15.200415210271062,45.72716388976595],[15.200106230168563,45.72709319002609]]]}},{"type":"Feature","properties":{"_zoneType":"SI_BUILT","name":"Pozidano zemljišče","authority":"MKGP","dataSource":"raba-3000"},"geometry":{"type":"Polygon","coordinates":[[[15.276829127901264,45.60477663012198],[15.27764830999066,45.602400233111595],[15.276093408631422,45.60151796049406],[15.275931999612006,45.6],[15.275164812192282,45.6],[15.275852430325722,45.60328079914617],[15.274671866442159,45.60455345803929],[15.272339889368116,45.60355816402488],[15.271350824772114,45.60402290606367],[15.269564028597093,45.60094953407977],[15.270996968980054,45.6],[15.270210006546353,45.6],[15.269803618589453,45.600263931239844],[15.269610690017267,45.6],[15.268311209424395,45.6],[15.268955808387489,45.600522868155394],[15.265965499949932,45.60272779037097],[15.261870807104955,45.60082810535129],[15.265740470479045,45.60321787617394],[15.264702918856077,45.604704679883625],[15.261387481083128,45.603867951672754],[15.264571217801103,45.60525539178015],[15.260105770798859,45.6075338602965],[15.258518746351157,45.610650325321764],[15.256416868602694,45.60995208503641],[15.257313846284054,45.61217732468731],[15.256435132630509,45.613959887146706],[15.258044064857595,45.61181510099905],[15.25939692886853,45.61192105285289],[15.260359275163347,45.61086408355363],[15.267646992020513,45.610861830339516],[15.26972753833857,45.6117949208239],[15.269022034135613,45.612566960296974],[15.270833779218592,45.61246183682638],[15.271430360903583,45.614693489801446],[15.272864682204453,45.61583130369358],[15.271166902923278,45.618861572438085],[15.265762048907972,45.62250513349082],[15.261302088543717,45.62081412072437],[15.25974099196614,45.61860161607787],[15.25646356454847,45.62019721237267],[15.259817360292185,45.61928310803097],[15.260990117230628,45.62093316856998],[15.264306729261774,45.62263899784108],[15.263505745126563,45.623592863797555],[15.2619855657482,45.623248004445095],[15.263703510070469,45.624569064911924],[15.26260017206403,45.62515718815784],[15.26312186188217,45.626515472375786],[15.262002497731027,45.628228531477525],[15.256488728082585,45.6257158141933],[15.268848864935674,45.63293799337695],[15.268625473078293,45.634275134308396],[15.266797782811564,45.63423288237531],[15.264657101783838,45.63661380682619],[15.262655219437374,45.63534043540259],[15.264950672063508,45.637747340394995],[15.266073846411825,45.638120122365265],[15.2664198383026,45.63612010316922],[15.267705819120339,45.6355988133421],[15.271135969670198,45.635638978985654],[15.271790375766365,45.63845766224679],[15.270163818059599,45.63969822791714],[15.270448565454789,45.64],[15.274412825466186,45.64],[15.274742146456708,45.63974669188428],[15.276737093017408,45.63980448081177],[15.274091104590047,45.63938278927012],[15.273730508267633,45.63846258499139],[15.275182673786434,45.63744711248227],[15.279822583782682,45.63810089057934],[15.275939523596481,45.636823391700474],[15.277281886844959,45.63490974238677],[15.280000000000001,45.63542065362728],[15.280000000000001,45.63435588773558],[15.278392479460377,45.63418264468154],[15.279229464513538,45.63339379291],[15.280000000000001,45.63318251885538],[15.280000000000001,45.63151930430483],[15.277663939141181,45.63047855448052],[15.271810832226375,45.62634101273478],[15.272097177416025,45.62560095574451],[15.266317909047723,45.625707676291334],[15.264592665335842,45.624997190769925],[15.26411561723077,45.62350867957668],[15.271003140848867,45.61942575305702],[15.273412443651848,45.616131318687664],[15.274193805881804,45.61698100050585],[15.2758440160166,45.61668356187238],[15.27829099930305,45.618596315094855],[15.280000000000001,45.618544757000436],[15.280000000000001,45.61768277091933],[15.278549199355098,45.61694686867224],[15.278222224164937,45.6152093478249],[15.280000000000001,45.613971376383276],[15.280000000000001,45.613104535706405],[15.275964538811168,45.61629009968331],[15.275868481028768,45.615068076002515],[15.27456729532272,45.61603040866147],[15.272128407202286,45.6149564188584],[15.271589715859164,45.613099141357104],[15.274447602425811,45.609637379020654],[15.277199440980745,45.61164585467731],[15.278371774855774,45.61172599072828],[15.279656627197392,45.61024155187578],[15.280000000000001,45.61054597868217],[15.280000000000001,45.608301922263536],[15.276829127901264,45.60477663012198]],[[15.27977416223838,45.60900772228311],[15.279453484065888,45.609339755369895],[15.279118575722189,45.608586445756416],[15.27977416223838,45.60900772228311]],[[15.27171337864185,45.62658988749426],[15.278220708343687,45.630972247078304],[15.279512019930715,45.63288873702513],[15.277354669394082,45.63418241529582],[15.27128152377697,45.63315213909884],[15.270840320038463,45.63156582997174],[15.265353949528919,45.630273042335155],[15.26348205855498,45.62861223922317],[15.26674863324279,45.62605992285551],[15.27171337864185,45.62658988749426]],[[15.279203668304232,45.60780965936791],[15.275004389262337,45.60735328721905],[15.274576705962215,45.60670225379143],[15.275699193118873,45.60514361341216],[15.279203668304232,45.60780965936791]],[[15.277619558893344,45.60860792451228],[15.277298592827373,45.60894026267566],[15.276380414063075,45.608217141244054],[15.277619558893344,45.60860792451228]],[[15.276731371094593,45.635021549331576],[15.27531135305043,45.63671304252756],[15.273708187553856,45.636033474764425],[15.27409710867168,45.63781862299685],[15.272460712475597,45.63833781757413],[15.271186513126962,45.635211667846725],[15.272064515763605,45.63424713243037],[15.270258847567973,45.63507673164061],[15.26899722431581,45.63455272194496],[15.270344041882813,45.632939523580944],[15.276731371094593,45.635021549331576]],[[15.268948367436625,45.60108954174084],[15.271083425088781,45.60420296024853],[15.274714073327376,45.60508127774441],[15.273293977805311,45.6068139091786],[15.269578367952018,45.605893623633435],[15.269565578615921,45.60448934050233],[15.266120532558936,45.6043753963424],[15.265996072814422,45.60341964847783],[15.268948367436625,45.60108954174084]],[[15.273455331351846,45.60717558719758],[15.27353825840756,45.607841246062556],[15.272716168833002,45.60724736490583],[15.273455331351846,45.60717558719758]],[[15.261107469948898,45.609694396185795],[15.26073959520361,45.60905305983643],[15.26197275801446,45.60780632353086],[15.263208942958867,45.60802156772709],[15.262513365611756,45.60723598865773],[15.26423265414073,45.60629176881696],[15.266108877025154,45.60782413171948],[15.26503076151784,45.606165369993874],[15.265936910433918,45.60568152252471],[15.268982900742303,45.60550913438182],[15.268831178009403,45.60773512039741],[15.269636188276534,45.60622846947535],[15.272342127062666,45.60689401179003],[15.272256718090327,45.607904707242284],[15.269661453868022,45.609546661304485],[15.27116079613541,45.61190721120516],[15.267072326894747,45.61036564629956],[15.259525743540415,45.61029156208838],[15.261107469948898,45.609694396185795]],[[15.268971628539441,45.63201141404253],[15.268271146046208,45.63248853713526],[15.268141873313276,45.631481341017825],[15.268971628539441,45.63201141404253]],[[15.26313875031945,45.62798941753142],[15.262863962208112,45.62766050212851],[15.263491868756512,45.62656123622518],[15.264471260490106,45.62719707726263],[15.26313875031945,45.62798941753142]],[[15.26318714123649,45.62896544762711],[15.262156727239212,45.62891191321135],[15.262804839387817,45.62838799990753],[15.26318714123649,45.62896544762711]]]}},{"type":"Feature","properties":{"_zoneType":"SI_BUILT","name":"Pozidano zemljišče","authority":"MKGP","dataSource":"raba-3000"},"geometry":{"type":"Polygon","coordinates":[[[15.261304138941144,45.6],[15.261018656344994,45.6],[15.260575781809852,45.60025434995322],[15.261304138941144,45.6]]]}},{"type":"Feature","properties":{"_zoneType":"SI_BUILT","name":"Pozidano zemljišče","authority":"MKGP","dataSource":"raba-3000"},"geometry":{"type":"Polygon","coordinates":[[[15.262039246358855,45.676691688997536],[15.260729948339993,45.677922771137794],[15.262688293489676,45.67706294781236],[15.264449059093447,45.67845247559797],[15.266011598194126,45.678162817937974],[15.265480292836093,45.67957949496127],[15.268891399240731,45.67924466545267],[15.268836028656887,45.678316496798516],[15.270239438466161,45.6781546807105],[15.269996720388155,45.67681661730072],[15.272386256726207,45.67599651579659],[15.273307963568104,45.676583714332],[15.276200766365287,45.6752030854357],[15.27697214388001,45.67580957661493],[15.275230856619991,45.676076714741455],[15.274511219473995,45.67766219014627],[15.277321659402194,45.677719869963134],[15.275737206434345,45.67955520015978],[15.278207044346294,45.67954921246716],[15.27714255494383,45.678787048075534],[15.279439266729838,45.67844042300456],[15.278574565717095,45.67785337513168],[15.278720044700831,45.67626222941311],[15.280000000000001,45.67580269109588],[15.280000000000001,45.67534455653493],[15.27990358298306,45.67546625890036],[15.278174445874246,45.67316018046304],[15.280000000000001,45.67171480038229],[15.280000000000001,45.669423922255035],[15.276633609368115,45.66763718326885],[15.279617042393072,45.66643738582506],[15.280000000000001,45.667003988316964],[15.280000000000001,45.666266068322955],[15.278466962807803,45.66627625302979],[15.277102749529154,45.667250090038195],[15.276502382242494,45.6668127438328],[15.278337050667377,45.66525623869879],[15.280000000000001,45.66509047379153],[15.280000000000001,45.66480865956161],[15.277859801547407,45.664793847608486],[15.278158424163271,45.663869039873674],[15.280000000000001,45.66290981005371],[15.280000000000001,45.662557983958735],[15.276577352703349,45.66363459404453],[15.277555027364915,45.665195354858845],[15.275922430171848,45.66620441859407],[15.275191905547466,45.66417811619227],[15.27365265105555,45.663083436895775],[15.274428460916635,45.66491994335048],[15.273637036093637,45.66544987316412],[15.272389428539125,45.664763068888654],[15.266086618905591,45.66355718863207],[15.262289800811216,45.660351359543725],[15.26139621583238,45.6581374212948],[15.263502972099548,45.65482690992432],[15.265592795123949,45.65478140604433],[15.270584925995125,45.65284151483284],[15.275358281042989,45.65258433696108],[15.278540875722264,45.654527100907664],[15.280000000000001,45.65791492306102],[15.280000000000001,45.65650269635625],[15.279189044526928,45.654365339299616],[15.280000000000001,45.65431338323515],[15.280000000000001,45.65400514903193],[15.27831247193472,45.654112767814965],[15.277066804269227,45.65258457353387],[15.274561422362186,45.652248831900835],[15.270868751127473,45.65250617092624],[15.266377292474319,45.65385986353044],[15.265079827262186,45.65256296247678],[15.265927296137868,45.654294572689636],[15.263211831444977,45.65464867532796],[15.26072506917002,45.657683645086514],[15.259548287811327,45.65716733435652],[15.260414990926096,45.65671380551412],[15.261329110777247,45.654433069665544],[15.257872071530024,45.65533400067575],[15.256620834080694,45.654661553139206],[15.25663802056193,45.658424030693986],[15.259477544083143,45.65767498328587],[15.265853349252355,45.663765146987906],[15.272281717029015,45.66501430214063],[15.272893371206722,45.66631785520563],[15.274808621515847,45.666093316416294],[15.275811095429527,45.66784556207305],[15.273280664811171,45.666709159022545],[15.27290963540682,45.66779402684112],[15.275192883185342,45.66896310442699],[15.274883692703506,45.66997258932554],[15.276669114798267,45.66987726377321],[15.277709369427486,45.67210428501844],[15.274797207586104,45.673345815240054],[15.268577291318273,45.67255404601766],[15.267035506296452,45.67313619425754],[15.266719405877343,45.67508330266618],[15.265380006778548,45.674426392046875],[15.264959354620961,45.67585502425538],[15.265784867754373,45.67661861068212],[15.26391080216906,45.67756866496249],[15.258542233145374,45.67392061388541],[15.256842707226214,45.674357230412454],[15.25845477984201,45.67416278311502],[15.262039246358855,45.676691688997536]],[[15.27906856794918,45.669626782397174],[15.278430009521134,45.669970717826665],[15.278679534637234,45.66904888843699],[15.27906856794918,45.669626782397174]],[[15.278276081154143,45.675973131457326],[15.27785327517097,45.67635331013709],[15.27769544220036,45.675712729135235],[15.278276081154143,45.675973131457326]],[[15.277515474928736,45.674949444832656],[15.276520272207136,45.674826864783135],[15.277451076122404,45.67426330797656],[15.277515474928736,45.674949444832656]],[[15.272904863433766,45.67404576042726],[15.274031583918173,45.673366063950276],[15.276104887490998,45.67449415912803],[15.271737750367274,45.67594305020475],[15.270578521623289,45.67539788171149],[15.271268019974633,45.673410923966024],[15.272904863433766,45.67404576042726]],[[15.270668514133918,45.67587292377527],[15.270329390109005,45.67618824638218],[15.26972681305282,45.67556216027902],[15.270668514133918,45.67587292377527]],[[15.27034433726095,45.67473680759965],[15.267893989508817,45.67471666364834],[15.268731563777155,45.672995500873704],[15.27034433726095,45.67473680759965]],[[15.26974511619456,45.67690574623441],[15.26911063375947,45.67778554163935],[15.268711199989989,45.6767126964931],[15.26974511619456,45.67690574623441]],[[15.26062536444391,45.65520385731874],[15.259995427232058,45.65662924770637],[15.25883143817235,45.65649684317062],[15.259019540682363,45.65533604368215],[15.26062536444391,45.65520385731874]]]}},{"type":"Feature","properties":{"_zoneType":"SI_BUILT","name":"Pozidano zemljišče","authority":"MKGP","dataSource":"raba-3000"},"geometry":{"type":"Polygon","coordinates":[[[15.27160750887757,45.64122823518853],[15.26889278876592,45.64075421037345],[15.274222382678074,45.642618786051784],[15.280000000000001,45.643523777026395],[15.280000000000001,45.64321977102657],[15.272304084321942,45.641622007892515],[15.274412825466186,45.64],[15.270448565454789,45.64],[15.27160750887757,45.64122823518853]]]}},{"type":"Feature","properties":{"_zoneType":"SI_BUILT","name":"Pozidano zemljišče","authority":"MKGP","dataSource":"raba-3000"},"geometry":{"type":"Polygon","coordinates":[[[15.279691928877785,45.673327908897335],[15.280000000000001,45.67360122851325],[15.280000000000001,45.67340267718641],[15.279691928877785,45.673327908897335]]]}},{"type":"Feature","properties":{"_zoneType":"SI_BUILT","name":"Pozidano zemljišče","authority":"MKGP","dataSource":"raba-3000"},"geometry":{"type":"Polygon","coordinates":[[[15.316674803184918,45.63719406624395],[15.314596398946923,45.63625796407616],[15.314112608183416,45.63419141132321],[15.313787064890226,45.63556236442903],[15.312705537866847,45.63570050639737],[15.310645772249138,45.63467289136008],[15.311000750209848,45.633487499166364],[15.304660417101093,45.63271434062004],[15.300192362325722,45.62952283643943],[15.302061594341007,45.62750212310901],[15.301197851057395,45.62439910149509],[15.30058585556137,45.624378999893516],[15.301321056558097,45.626390820702674],[15.30064893914262,45.62796246802748],[15.299074818301966,45.62779035608931],[15.298227844650405,45.626391069456574],[15.29916180418515,45.62516077827375],[15.30027799202379,45.620843618798865],[15.30217502509143,45.61842608479988],[15.30509774925889,45.6187133405909],[15.303025142514464,45.61792990019719],[15.303431016672999,45.615031820393355],[15.305223191184824,45.614052748697006],[15.298118521736193,45.61438098535542],[15.295688087228564,45.61278445644907],[15.293922328667655,45.613543214223476],[15.2946140183576,45.614093249939636],[15.294015981524138,45.614492999775564],[15.286777759536347,45.61321536656928],[15.282468172964315,45.61111243934954],[15.283456444164505,45.61020317707215],[15.282659623368485,45.608823493593256],[15.280644668090844,45.60901864727917],[15.280000000000001,45.608301922263536],[15.280000000000001,45.61054597868217],[15.281526611851117,45.61189943931418],[15.280000000000001,45.613104535706405],[15.280000000000001,45.613971376383276],[15.282026605197494,45.61256013020226],[15.288819289242499,45.6193686513227],[15.28664253379673,45.621052121191255],[15.280000000000001,45.61768277091933],[15.280000000000001,45.618544757000436],[15.28069943335774,45.61852365610143],[15.286268561060902,45.62128364101548],[15.286194983596278,45.62205497028396],[15.287133146207779,45.62153967985605],[15.289176575372258,45.62233902554121],[15.292791542672338,45.62608100491084],[15.289275417545705,45.62846976608389],[15.292979589598831,45.62805774026368],[15.295483448257245,45.62872928210974],[15.295579074797503,45.62951025810101],[15.294418554745125,45.63108893003742],[15.290780150028347,45.63029274031592],[15.291399826567924,45.63139516059544],[15.293236376678513,45.63152423774566],[15.290804186100681,45.63309872869583],[15.288702419202343,45.63240025395223],[15.284189066585904,45.63338559571451],[15.280000000000001,45.63151930430483],[15.280000000000001,45.63318251885538],[15.28043882536691,45.63306219679862],[15.28145192633304,45.63451236234725],[15.280000000000001,45.63435588773558],[15.280000000000001,45.63542065362728],[15.28067557013624,45.63554763744166],[15.284191326238098,45.63759107913726],[15.283471073265567,45.6351911083739],[15.286488831668203,45.63606289308721],[15.285862573028634,45.63503556796849],[15.296197134021408,45.63210209509284],[15.301433866923096,45.632676604489255],[15.301140112354156,45.63356793542679],[15.303159758881785,45.63505081764652],[15.304492346994152,45.634688520044236],[15.3073739203923,45.63919686679131],[15.308297206512712,45.64],[15.308924796066515,45.64],[15.30778615611367,45.63913650393445],[15.305953865940637,45.63606125558404],[15.307943525300981,45.634898082506176],[15.305300937322036,45.63498351546275],[15.303621480749873,45.63335144500946],[15.308239770069518,45.63357958587373],[15.309538741380996,45.63481335744491],[15.30921271680313,45.635685819499976],[15.313850703733593,45.637754273408305],[15.314095935613697,45.63899240174583],[15.312540452588983,45.64],[15.313404985579387,45.64],[15.315122177440339,45.638561041075356],[15.318006525765911,45.64],[15.32,45.64],[15.32,45.63681211448536],[15.316674803184918,45.63719406624395]],[[15.319108321932223,45.63999051385325],[15.318119017764301,45.63909621436843],[15.319794718014771,45.638599343323065],[15.319108321932223,45.63999051385325]],[[15.303418030105503,45.6338061067574],[15.302441689166708,45.63395243024957],[15.30181413424247,45.633250025888124],[15.302417053577024,45.633021953195566],[15.303418030105503,45.6338061067574]],[[15.30286415609364,45.614979287607355],[15.302719441455395,45.617741747600014],[15.297901461911875,45.61714615250415],[15.297836103727779,45.614593593144534],[15.30286415609364,45.614979287607355]],[[15.300306233288797,45.63006567734622],[15.302311672310276,45.63216169014476],[15.295028118597559,45.63189686213385],[15.296786313060892,45.628791861878426],[15.300306233288797,45.63006567734622]],[[15.295453102500321,45.62355264822258],[15.296671196158714,45.62318273699026],[15.299131249840746,45.61796756583708],[15.301647307029768,45.61818955992046],[15.299905416705704,45.6208706891112],[15.298603285036384,45.62574676931084],[15.296194933159233,45.62533941442701],[15.295453102500321,45.62355264822258]],[[15.29928364171897,45.62842146892911],[15.298669842038043,45.62862060738971],[15.299070214641693,45.62808199170537],[15.29928364171897,45.62842146892911]],[[15.296443585206337,45.62295829464312],[15.295433630792248,45.62317925907339],[15.294500864304197,45.620912899105086],[15.295613519056037,45.616559827515694],[15.298783203915354,45.617869901986126],[15.296443585206337,45.62295829464312]],[[15.297816846406183,45.628308408447516],[15.297076565393688,45.62854153710075],[15.295860022750905,45.62779556663882],[15.296471854184048,45.62754555189966],[15.297816846406183,45.628308408447516]],[[15.294165058830226,45.62716153153559],[15.290051122952153,45.622598194236474],[15.287515413202899,45.62104720694151],[15.289435337459402,45.61967954373064],[15.293983771409549,45.622657651655935],[15.295840823798343,45.625374362988524],[15.294165058830226,45.62716153153559]],[[15.294891911955503,45.617157139257706],[15.294215495796152,45.622179634424896],[15.289993945389789,45.619325163257855],[15.292269165817396,45.61742637172854],[15.294891911955503,45.617157139257706]],[[15.293294710869533,45.615477236549935],[15.294020660832581,45.61554548328613],[15.293258045565613,45.61582569925992],[15.293294710869533,45.615477236549935]],[[15.293427632221167,45.614964484868395],[15.29286054162833,45.6153112247192],[15.292982921938357,45.61457332523534],[15.293427632221167,45.614964484868395]],[[15.29174186001156,45.614286195067905],[15.292842229183483,45.61660921834107],[15.289874225253614,45.6190337754099],[15.288751114543937,45.618783930848565],[15.287155210087848,45.61710229094326],[15.288515427948406,45.616229466741686],[15.286622505436185,45.616482299339204],[15.28279057603652,45.6119670689546],[15.286703040305264,45.613434567764315],[15.29174186001156,45.614286195067905]],[[15.28550356527115,45.63404659430086],[15.285760680447849,45.6333128448039],[15.289215221816574,45.63350416333733],[15.284458910022432,45.634477263645145],[15.283999085489075,45.63381589061721],[15.28550356527115,45.63404659430086]],[[15.283133705005234,45.63606042084855],[15.282569352979026,45.63626191498795],[15.280866465302312,45.63536498119806],[15.282648243342916,45.63499338159432],[15.283133705005234,45.63606042084855]]]}},{"type":"Feature","properties":{"_zoneType":"SI_BUILT","name":"Pozidano zemljišče","authority":"MKGP","dataSource":"raba-3000"},"geometry":{"type":"Polygon","coordinates":[[[15.282410637026539,45.67493720768146],[15.28444635979551,45.67595321277504],[15.283326779385549,45.6783461893571],[15.284475214184564,45.678716499206345],[15.282259918207389,45.679539271281705],[15.287489029968743,45.67952623251101],[15.287196517623181,45.677919109633145],[15.290287714496825,45.67677158320206],[15.28870779533376,45.67631478345829],[15.288138078486675,45.677176990910965],[15.287156425043646,45.675945372243895],[15.289375790519596,45.6750088066665],[15.293346704466863,45.67508643645361],[15.291090744414666,45.67360203175735],[15.292172458495495,45.672578404409954],[15.291658298768274,45.672139449540325],[15.290007854816364,45.67293513541635],[15.28723402818294,45.671859256472075],[15.29205433923757,45.66991416918434],[15.290694417804039,45.66875379763291],[15.295375783332053,45.665612719146004],[15.29405105937983,45.66597217229678],[15.294193825949673,45.664233294878954],[15.293272359792379,45.66515726225414],[15.29213047780723,45.66361234187952],[15.290622109620996,45.664341653383374],[15.289511608123327,45.6629198342904],[15.290659521441194,45.662406367689584],[15.289807385951708,45.66170364989313],[15.295894822647696,45.65583010902368],[15.298215372342119,45.65619807436145],[15.298828644376517,45.65743443380953],[15.299466433993727,45.65425510360892],[15.30121117964287,45.65655492692463],[15.30061414900704,45.65874922167789],[15.303122643554932,45.658233708224614],[15.301765919304001,45.65824008333763],[15.301809299632037,45.656970849479606],[15.303401274883852,45.65792548413353],[15.306228899060121,45.6568831035628],[15.306555608862675,45.657966553565345],[15.30392744716734,45.66021228792158],[15.3063473310513,45.65977642254621],[15.30688011841797,45.66123419282727],[15.305664596306126,45.662284566613415],[15.306808193924704,45.662703174259846],[15.305799587051427,45.66349405265851],[15.307177745933874,45.6642250082299],[15.306671054974192,45.66495481298137],[15.308792402610594,45.6653651203641],[15.309824974223716,45.664254204058466],[15.310893663795724,45.66627019646482],[15.309667335654519,45.66674819211198],[15.309134885711694,45.6659355259496],[15.305770433722614,45.66877559385115],[15.30538731540806,45.67043320374184],[15.307610174459379,45.67080378700829],[15.307851316375302,45.67269390122708],[15.306035784662274,45.6741607021828],[15.303397263797015,45.674286045147156],[15.30501786182182,45.6746705021439],[15.304617629423955,45.67642230765088],[15.302229573141897,45.677953779017564],[15.301372195024541,45.67662955421488],[15.299853442214733,45.676243604884974],[15.301306718462245,45.67704525976168],[15.301296527796252,45.678117354243696],[15.299601612540961,45.67789265785028],[15.300988864714077,45.67949146416349],[15.303345647650367,45.679485230797304],[15.302622659665712,45.67832674253907],[15.30427971000426,45.6770774026229],[15.305217531212676,45.67802148713963],[15.303878106419736,45.679483815784295],[15.306485043131536,45.67947685201237],[15.305189099059119,45.679025266248054],[15.305699517531178,45.677604043173915],[15.308051066512467,45.67656550517578],[15.306305696362545,45.67600575317984],[15.305791394657149,45.67482226413377],[15.30775342985332,45.67327375597498],[15.309789826011357,45.675484441220995],[15.309324400203897,45.67332649373811],[15.312619300147977,45.67362199961387],[15.31690321323057,45.67142164772565],[15.319442092584643,45.67268541178225],[15.31822878016279,45.671737390764555],[15.319943919175467,45.67002487656055],[15.319965032898986,45.66853719636711],[15.318813702414925,45.66822435613909],[15.318892833624489,45.66606213341617],[15.31534058388775,45.66002197008105],[15.31351798615628,45.65818021804442],[15.314101863792642,45.657283387933276],[15.315091927343017,45.65817138829748],[15.317391569594607,45.65754136405715],[15.316445639677696,45.656198539581546],[15.319299625583243,45.65636783912324],[15.31886918958745,45.6574774996864],[15.32,45.656686116320365],[15.32,45.65156382303412],[15.31921810839549,45.65228349618122],[15.318606131734468,45.650672759766884],[15.32,45.64986969991628],[15.32,45.64],[15.318006525765911,45.64],[15.318339388060568,45.640166060099375],[15.316548308719364,45.64174040907916],[15.316542850911485,45.64260970904275],[15.318609944922885,45.64318149770062],[15.317646120944557,45.644422603483875],[15.314769947830674,45.64355243156612],[15.31579406291321,45.645519456927964],[15.310817448391003,45.642168284054186],[15.313404985579387,45.64],[15.312540452588983,45.64],[15.310590447101895,45.64126315883439],[15.308924796066515,45.64],[15.308297206512712,45.64],[15.310280267467403,45.64172499301393],[15.305661266930239,45.6408253240591],[15.307287359619469,45.6416726665042],[15.30387297106239,45.64146779740749],[15.304829657926195,45.64241326901509],[15.303338973668572,45.64297358463821],[15.308134096542982,45.64174300917211],[15.310286910200016,45.64268617173173],[15.309321160648851,45.64376832365517],[15.306110702533042,45.64338016272264],[15.306386719001244,45.644166965189804],[15.303926974486178,45.644703162694476],[15.302326730185753,45.645600839353826],[15.298117721963953,45.64302834089695],[15.301805851532468,45.645835299611505],[15.298838039129503,45.64826737388646],[15.296532286951498,45.648898101412534],[15.293939011901461,45.64751299039062],[15.295266833678372,45.64744254323793],[15.295391885974718,45.64648094858259],[15.28448025387743,45.64575562631055],[15.280774090600652,45.64338048139242],[15.280000000000001,45.64321977102657],[15.280000000000001,45.643523777026395],[15.280585394813532,45.6436154717499],[15.284197919207212,45.64598093266502],[15.292808143599805,45.6471015548606],[15.297952403380084,45.649784308177196],[15.28984534957501,45.65112089062758],[15.289664958318003,45.65194685735452],[15.283939280349058,45.65375392917615],[15.280000000000001,45.65400514903193],[15.280000000000001,45.65431338323515],[15.282012913180134,45.65418442048636],[15.282337185463376,45.65556986005353],[15.28373982103824,45.65677758115564],[15.28335479475353,45.65840773584999],[15.284131298337154,45.659852218114196],[15.2853527058714,45.66062262033355],[15.289473836168664,45.66126419570074],[15.28904902508704,45.66252514713895],[15.290018955122566,45.665120832820016],[15.28866399003011,45.665699712076915],[15.28612227896379,45.663060955679605],[15.286866897445632,45.66232914059857],[15.28281515667388,45.661002188928556],[15.28275446307403,45.66013845531142],[15.281591902445633,45.660698319961504],[15.280000000000001,45.65650269635625],[15.280000000000001,45.65791492306102],[15.28130689722157,45.66094930157624],[15.280323339391076,45.662456276005976],[15.280000000000001,45.662557983958735],[15.280000000000001,45.66290981005371],[15.280601542560232,45.66259648189733],[15.281547943582611,45.66119226101484],[15.285050251833171,45.6623642376628],[15.283940835684698,45.66369117181883],[15.283443112795457,45.666243194060925],[15.280000000000001,45.666266068322955],[15.280000000000001,45.667003988316964],[15.281389339415163,45.66905957661312],[15.280083495138348,45.669468237973305],[15.280000000000001,45.669423922255035],[15.280000000000001,45.67171480038229],[15.281310135478172,45.670677502338634],[15.283213915173645,45.671674785513304],[15.280677625323252,45.673567135593565],[15.280000000000001,45.67340267718641],[15.280000000000001,45.67360122851325],[15.280811059105492,45.67432079729854],[15.280000000000001,45.67534455653493],[15.280000000000001,45.67580269109588],[15.282410637026539,45.67493720768146]],[[15.318508942415612,45.654392294134844],[15.318512716975208,45.65403069197382],[15.319283396010523,45.6544435305592],[15.318508942415612,45.654392294134844]],[[15.312004042867379,45.660464896919905],[15.31371027740551,45.6613885176484],[15.315170985128766,45.66066279495336],[15.315821483867142,45.661906735303695],[15.313791615338834,45.664791294521216],[15.315484001248823,45.66510482202744],[15.314373440896585,45.66430281367581],[15.31652844722442,45.66269113044578],[15.318494645442637,45.6662358201587],[15.318396112960269,45.66756315166753],[15.31733796725646,45.668031963438246],[15.317953599157143,45.66885849064736],[15.315540711639503,45.6692566355427],[15.31480032311886,45.6707278895255],[15.311991594837908,45.670455108717746],[15.311466113246524,45.66926384706128],[15.313607964426453,45.66748938798001],[15.312685341345288,45.66817486360771],[15.31154092248931,45.667646813569924],[15.310109080034158,45.66350129749605],[15.310718789427746,45.6609330762035],[15.312004042867379,45.660464896919905]],[[15.315606192447923,45.67089150065654],[15.316275408950535,45.670666472515556],[15.315875928728568,45.67125967641473],[15.315606192447923,45.67089150065654]],[[15.314826349619185,45.64788838555372],[15.315317961264357,45.64890852136965],[15.313626214328991,45.64840111884561],[15.314826349619185,45.64788838555372]],[[15.31370998532059,45.6564331386215],[15.31315699953586,45.658408875010984],[15.314795796703878,45.660052398948956],[15.312866014401244,45.66059494592959],[15.311376747509508,45.65850907754343],[15.311702852368587,45.65641046787588],[15.31370998532059,45.6564331386215]],[[15.312821243444992,45.6720337697994],[15.313373564463458,45.67145124151203],[15.31428390240942,45.67202391866009],[15.312821243444992,45.6720337697994]],[[15.30734012355962,45.6438967589361],[15.30939295828808,45.6439953755337],[15.31068782253814,45.64329664408507],[15.311498567391006,45.64408863977058],[15.310519211360077,45.64514852563951],[15.313531646132276,45.64545558465338],[15.311507253396229,45.64578273841131],[15.313622672396388,45.64675137877458],[15.312626155595035,45.647975320417345],[15.311159161050956,45.6469097329861],[15.310363087198539,45.64819454912248],[15.308863268054795,45.64760834724561],[15.303481597072498,45.648507638052415],[15.304456597662542,45.64927788721449],[15.303679197959836,45.64978871544991],[15.297899672279009,45.64930092737285],[15.303616188459001,45.645112046988935],[15.30734012355962,45.6438967589361]],[[15.312185518773115,45.64962854660969],[15.310320335139886,45.65184686527883],[15.305750810817257,45.650882991662726],[15.312185518773115,45.64962854660969]],[[15.311919808985072,45.67141481321823],[15.311698421323673,45.67176648725535],[15.311270349453514,45.6712245025769],[15.311919808985072,45.67141481321823]],[[15.31135942990456,45.66020571235158],[15.3105932544419,45.66061570926664],[15.308013049842012,45.659992255710875],[15.30975192047078,45.65902729433123],[15.31135942990456,45.66020571235158]],[[15.311040209458998,45.67064222780731],[15.31015959142749,45.67070966193074],[15.310818593132716,45.669778112111224],[15.311040209458998,45.67064222780731]],[[15.310986814552772,45.65848278689887],[15.31053571406232,45.65880139831947],[15.310480760188119,45.65800797330055],[15.310986814552772,45.65848278689887]],[[15.310947357208656,45.657098351078965],[15.308704884950247,45.65841850659897],[15.307453812319245,45.65743234779811],[15.308528941777844,45.6560677724974],[15.30778122203878,45.655513881634455],[15.310559638901417,45.65438081228466],[15.310947357208656,45.657098351078965]],[[15.310742533126389,45.67228335477875],[15.308987694008833,45.672257775979595],[15.310595557629545,45.671400840182955],[15.310742533126389,45.67228335477875]],[[15.310568146358191,45.66726167062154],[15.309850813202825,45.66777744952016],[15.30833219976151,45.66726970519767],[15.30878558621602,45.666706571134455],[15.310568146358191,45.66726167062154]],[[15.30998031543519,45.66815168099925],[15.31005147561724,45.66858002957927],[15.309245059020244,45.668221137263494],[15.30998031543519,45.66815168099925]],[[15.306503116365084,45.651544291671044],[15.309997250164562,45.653696309729185],[15.305762168783545,45.654330297101126],[15.302062964412517,45.651998107952984],[15.303371102107864,45.651001206560004],[15.306503116365084,45.651544291671044]],[[15.310028654699565,45.66151642214589],[15.309361795124776,45.66336003215366],[15.307596045642992,45.661957172291764],[15.30798043847146,45.6614572288247],[15.310028654699565,45.66151642214589]],[[15.309270560047471,45.67107617757624],[15.307802376137579,45.67021946999329],[15.309393345128026,45.66943800144334],[15.309270560047471,45.67107617757624]],[[15.309021093670324,45.66427148920936],[15.308168689969216,45.66409057275709],[15.309184849170993,45.66375201454676],[15.309021093670324,45.66427148920936]],[[15.308213488385256,45.66839128311851],[15.308137497426115,45.66897738833689],[15.307174522915242,45.66899616803235],[15.307531810092948,45.66827840469518],[15.308213488385256,45.66839128311851]],[[15.30760586833065,45.6593460652656],[15.306796570079731,45.65969963106022],[15.305985103570123,45.65879685552109],[15.307163575099898,45.65820369674344],[15.30760586833065,45.6593460652656]],[[15.307002704007,45.655641760659236],[15.306189710940714,45.65590828260808],[15.306881362426289,45.65529266911037],[15.307002704007,45.655641760659236]],[[15.304419393362434,45.65096716614277],[15.304938440056064,45.65058758081434],[15.305287134618062,45.651278859137236],[15.304419393362434,45.65096716614277]],[[15.305497187872163,45.65632784783199],[15.303479594537787,45.65700744233184],[15.301347711862284,45.656227061046415],[15.302571472439471,45.65559541123245],[15.305497187872163,45.65632784783199]],[[15.28277382247796,45.65406621667235],[15.28869353624401,45.65272719402686],[15.289111479383287,45.65347799250695],[15.287969596655373,45.6546264593536],[15.290319812804986,45.65524655706468],[15.290526303269056,45.654621025999425],[15.288955873414242,45.65414763967176],[15.289382329239919,45.65240277858929],[15.290448866587216,45.651893489006824],[15.292316771642009,45.65284893240047],[15.292863088959324,45.65128573305603],[15.294750177324797,45.651169817199644],[15.293649314800057,45.653774831690946],[15.297741504259383,45.65034152929425],[15.303045616709824,45.65049522713957],[15.301170723403624,45.651942171314914],[15.295604362335649,45.653137971880646],[15.297347850157529,45.653163041312595],[15.297759212738024,45.65424764612082],[15.295628124115044,45.65552649358999],[15.293674496936852,45.65535077313926],[15.293755347036212,45.6574887523334],[15.290119115760989,45.66107075336701],[15.285473269334053,45.66038337813586],[15.283795409298099,45.65816134188575],[15.284102794390508,45.65695316178764],[15.282498144199904,45.65521161215949],[15.28277382247796,45.65406621667235]],[[15.302632938072213,45.65514530654556],[15.30111094599678,45.65527522132308],[15.30054107299977,45.65373730756386],[15.301306992332018,45.653008160009634],[15.302632938072213,45.65514530654556]],[[15.300317204286483,45.65258815690824],[15.300003267769071,45.65327573711392],[15.298876432657572,45.6539647160696],[15.298256265223253,45.652792656383724],[15.300317204286483,45.65258815690824]],[[15.296480675025805,45.65103677970495],[15.296463102707591,45.651408699492976],[15.295724181279574,45.65103105758244],[15.296480675025805,45.65103677970495]],[[15.287662294436547,45.66780884093298],[15.285873619844665,45.66745325210969],[15.29004253369025,45.665898565488355],[15.288495891683613,45.670537951805485],[15.287223426134602,45.67134404647888],[15.285797904440305,45.669078612338176],[15.287662294436547,45.66780884093298]],[[15.289123007522113,45.67325294638852],[15.287235995981636,45.67318590965784],[15.28695207937708,45.67259400254255],[15.288802345238828,45.67283052422497],[15.289123007522113,45.67325294638852]],[[15.28832092234876,45.67397064944474],[15.287889896305323,45.6746242715234],[15.286583401148016,45.67469649733643],[15.286265363111532,45.673671546961074],[15.28832092234876,45.67397064944474]],[[15.285426899345119,45.662929784898346],[15.288020358004585,45.6655904526442],[15.28591804118167,45.66694001394703],[15.284236197410303,45.66380814826993],[15.285426899345119,45.662929784898346]],[[15.286307953084615,45.67693013335488],[15.286343486016047,45.676520187359365],[15.28707193634018,45.676865325045505],[15.286307953084615,45.67693013335488]],[[15.286902642202735,45.67547039610831],[15.286044122535534,45.6763503637166],[15.285919369706743,45.67527846371307],[15.286902642202735,45.67547039610831]],[[15.285898757529713,45.67664515193697],[15.285044388101708,45.6772674907441],[15.285581322874146,45.67631709358999],[15.285898757529713,45.67664515193697]],[[15.285584060591733,45.67170369052509],[15.284238256933488,45.671319590789],[15.284920597232826,45.670515894492155],[15.283523061360127,45.670091379011296],[15.285268223618674,45.66839054454801],[15.285584060591733,45.67170369052509]],[[15.284886033927595,45.678831751375384],[15.285435048078883,45.67858974003682],[15.285177760771935,45.67931193608802],[15.284886033927595,45.678831751375384]],[[15.285089295317988,45.67423564068132],[15.284359745388047,45.67525829634407],[15.283205045605145,45.67481480520536],[15.284020444753487,45.674139099711475],[15.285089295317988,45.67423564068132]],[[15.28067944313525,45.66691958767808],[15.280917299732863,45.66658776592193],[15.281924573637111,45.66732154478213],[15.28067944313525,45.66691958767808]]]}},{"type":"Feature","properties":{"_zoneType":"SI_BUILT","name":"Pozidano zemljišče","authority":"MKGP","dataSource":"raba-3000"},"geometry":{"type":"Polygon","coordinates":[[[15.282643608487621,45.66482695553081],[15.280000000000001,45.66480865956161],[15.280000000000001,45.66509047379153],[15.282643608487621,45.66482695553081]]]}},{"type":"Feature","properties":{"_zoneType":"SI_BUILT","name":"Pozidano zemljišče","authority":"MKGP","dataSource":"raba-3000"},"geometry":{"type":"Polygon","coordinates":[[[15.350761023485598,45.6387162706494],[15.347859891147813,45.63995111519717],[15.346971374341239,45.64],[15.348330498124014,45.64],[15.350761023485598,45.6387162706494]]]}},{"type":"Feature","properties":{"_zoneType":"SI_BUILT","name":"Pozidano zemljišče","authority":"MKGP","dataSource":"raba-3000"},"geometry":{"type":"Polygon","coordinates":[[[15.344948872325965,45.63588153365368],[15.342890163544078,45.64],[15.343575362950434,45.64],[15.344948872325965,45.63588153365368]]]}},{"type":"Feature","properties":{"_zoneType":"SI_BUILT","name":"Pozidano zemljišče","authority":"MKGP","dataSource":"raba-3000"},"geometry":{"type":"Polygon","coordinates":[[[15.340278893871343,45.63777027359727],[15.338572408936049,45.63552153004906],[15.325228566438334,45.635857052525594],[15.324316910581027,45.637391327687155],[15.323337340722311,45.637060264210234],[15.322911909112461,45.634216839601514],[15.321353035214159,45.6348317231357],[15.321420120139196,45.63664899109305],[15.32,45.63681211448536],[15.32,45.64],[15.324375363732992,45.64],[15.324270965987202,45.63791466511121],[15.325433476144429,45.63758400731393],[15.325490571972695,45.63620514514161],[15.338418421170108,45.635726153585566],[15.339975280205712,45.63789915947883],[15.339969847185655,45.64],[15.34043906556214,45.64],[15.340278893871343,45.63777027359727]],[[15.32371065089161,45.63773041478028],[15.323411495009466,45.638304327506155],[15.322679830177178,45.63739482371175],[15.32371065089161,45.63773041478028]],[[15.321822719355392,45.637087200995225],[15.321774004493703,45.63764258766514],[15.320920498516834,45.638097172200915],[15.320098847852666,45.63708825575293],[15.321822719355392,45.637087200995225]]]}},{"type":"Feature","properties":{"_zoneType":"SI_BUILT","name":"Pozidano zemljišče","authority":"MKGP","dataSource":"raba-3000"},"geometry":{"type":"Polygon","coordinates":[[[15.320975701378776,45.65600328404998],[15.323406050355297,45.655832881730674],[15.323991710963455,45.65635006379817],[15.32176977932207,45.65917394120553],[15.32006995208576,45.6594882882989],[15.321793939986328,45.66006540874829],[15.321308744623229,45.66104495971994],[15.326537420593644,45.658547492294744],[15.329392413402964,45.659043295060606],[15.330104376880287,45.66032604175994],[15.333957236302227,45.66269740344692],[15.334746602815112,45.66404682831603],[15.333542495216083,45.66490112880182],[15.3352031167286,45.66442464557054],[15.336827975350836,45.666233172951344],[15.336622396382992,45.67255817487861],[15.333895089178531,45.67150327322146],[15.331834806595896,45.66929435326438],[15.332264969322889,45.673091053869285],[15.329877320896735,45.672716935305544],[15.328445998963236,45.670728972677246],[15.328301537913646,45.67186167123802],[15.325857918016487,45.67141403443482],[15.332014745056975,45.673567399888164],[15.32959011439005,45.67414132381229],[15.333544758305704,45.67463348490831],[15.331692703815683,45.67637382273052],[15.33287743658823,45.67670714896584],[15.331110139509905,45.67940813739879],[15.332991010888703,45.67719176313411],[15.334670396504428,45.676202261039094],[15.335897868174808,45.67656829464747],[15.336303331648113,45.67506816517698],[15.337835120366076,45.674719197414696],[15.336640099449857,45.674537177811146],[15.336939628325164,45.67280615016834],[15.338829733470849,45.670618211318356],[15.340032857377793,45.67158837517949],[15.33983874297753,45.67327457960303],[15.341814493937079,45.67433091523783],[15.338992098390914,45.67580188492716],[15.336584244754876,45.67867560725677],[15.339684638014514,45.67640503463098],[15.339652789268472,45.67905977049149],[15.340274235618285,45.67777383033634],[15.342564562117728,45.67686274043704],[15.343208841435878,45.677390563996],[15.342059450755556,45.678870642668016],[15.342546706529816,45.679374419454454],[15.344118801264932,45.67659570446798],[15.34642606778122,45.678402499600786],[15.345897382569312,45.67936432394991],[15.34732564825975,45.67830348545024],[15.350015443926004,45.67910745263498],[15.347014645903943,45.67765784229619],[15.34763672104012,45.676455307477205],[15.345797648917952,45.67577227955416],[15.347139457423223,45.67523265126365],[15.343513073799818,45.67485891534893],[15.3453587646231,45.67463043328852],[15.343280561503185,45.673093502422375],[15.346069926544024,45.66901932178014],[15.342579921899551,45.6734971017412],[15.340472913139987,45.673468192485736],[15.340405937577556,45.67163937236338],[15.339629261073044,45.67014190563163],[15.343436285035883,45.66854367600833],[15.341496387847352,45.66914090754759],[15.340926211516003,45.668526128649084],[15.339713992668377,45.66966503423462],[15.338112063530199,45.66876778622131],[15.337560026096858,45.66771902840144],[15.338828614471174,45.66716175208836],[15.339308093109576,45.66552683127557],[15.338531544820976,45.66706267535567],[15.337474776719038,45.667163433791075],[15.336895525171087,45.66559619283391],[15.332376719757692,45.660859100057856],[15.333535953946132,45.66011018678177],[15.337685246761348,45.66121765729267],[15.341275335201917,45.66339747389941],[15.346613383966629,45.66450295256533],[15.34730710471836,45.664959698547996],[15.346812333244552,45.66566348753168],[15.349183044545564,45.665297629843636],[15.35265280576661,45.669474980376314],[15.3519229390166,45.67135670007455],[15.353805323604238,45.67145271017274],[15.355349722394031,45.67350236084303],[15.353927714202996,45.67542389606471],[15.35413328415857,45.67682302410125],[15.355521464350002,45.6767679804365],[15.35819338697773,45.67548959108976],[15.359147868663333,45.67756270365296],[15.36,45.67330899294795],[15.36,45.67147799943486],[15.35938190626873,45.67161205078685],[15.357964839764758,45.67087758307932],[15.358850629923749,45.6701029824044],[15.355858826112115,45.66939816885729],[15.355433904358424,45.67088644725425],[15.356285135276774,45.67258075032285],[15.355266755793219,45.67286063225694],[15.352936125077665,45.66928343870459],[15.353542081357222,45.668179344422285],[15.351684143159751,45.667639342852986],[15.349801325410906,45.66510368068943],[15.353019572286508,45.66491232263682],[15.354725135174276,45.665911439398734],[15.357710339744733,45.66488235969232],[15.36,45.665216233589],[15.36,45.66428689668874],[15.358200404948647,45.66456009590218],[15.357346436377819,45.65831946007713],[15.35758556625544,45.66425682980809],[15.353132691622262,45.662471460682696],[15.356694061572153,45.66463134691748],[15.354882927224574,45.66535860678111],[15.352370864914954,45.664571976854624],[15.349144513059324,45.66486909061503],[15.346336829393488,45.66060321765922],[15.347375074898668,45.65274924020611],[15.346533421997902,45.65238769500226],[15.346858400265054,45.649385184848114],[15.347848035779947,45.648822835784664],[15.35069561852076,45.64973862366896],[15.348979087940904,45.65231817192491],[15.349517133979147,45.65524610619438],[15.349310908393822,45.65229043033125],[15.350684290449873,45.6507226430244],[15.352717541787184,45.65519402389967],[15.353367170603963,45.65313819999503],[15.351431681149739,45.650727869676],[15.35312578043688,45.64837315925009],[15.355448737297833,45.64924425453919],[15.357899211335857,45.6487760482682],[15.358063912291321,45.65076626594873],[15.358561048114572,45.64864565795864],[15.36,45.64847373864308],[15.36,45.64807261309597],[15.357055968794972,45.648472276650004],[15.356778345733998,45.6463365570643],[15.355815699545527,45.64861387385484],[15.350698186116421,45.647685507043796],[15.34862343858115,45.648277327945245],[15.34856726116354,45.64731426857575],[15.346630066279081,45.646552444737566],[15.34312161703262,45.64670868686486],[15.343066327192405,45.64553639836817],[15.341298978000427,45.64520726900761],[15.340071707845542,45.642582001039656],[15.344325780790252,45.64030766726564],[15.348054961914587,45.64014552982034],[15.348330498124014,45.64],[15.346971374341239,45.64],[15.343511885978455,45.64019033563041],[15.343575362950434,45.64],[15.342890163544078,45.64],[15.342333243685237,45.6411141234333],[15.340599968658346,45.64223990818918],[15.34043906556214,45.64],[15.339969847185655,45.64],[15.339967383600728,45.640952619167145],[15.337916569945286,45.64101254189704],[15.339813794763465,45.64167268948671],[15.339442383173951,45.643181765126954],[15.340951970961035,45.64540526000715],[15.340448998511603,45.64644257976797],[15.336011498766185,45.6484128943217],[15.331561414189501,45.647104173541784],[15.330937020600873,45.648205802373006],[15.329005062733486,45.648132716677786],[15.326843175140642,45.646375374907265],[15.326893702957651,45.644271664428125],[15.324450617946265,45.641503195641626],[15.324375363732992,45.64],[15.32,45.64],[15.32,45.64986969991628],[15.320766023045296,45.64942836527403],[15.321093833437445,45.64799514330079],[15.322871300280813,45.64858521747773],[15.323410864559738,45.64772711122652],[15.325355861231474,45.647691310579354],[15.327060774545165,45.64924503272764],[15.320942325996965,45.65020785511108],[15.326243628841627,45.649907065945285],[15.3264903780364,45.65070929653259],[15.324681734534526,45.65253246068618],[15.32208623756659,45.65267343088731],[15.320382152355775,45.65121208017492],[15.32,45.65156382303412],[15.32,45.656686116320365],[15.320975701378776,45.65600328404998]],[[15.35763055166235,45.6716444542115],[15.359733891933566,45.67258072627575],[15.3573234304858,45.674677316243354],[15.355574439939394,45.673921088728825],[15.357300383398904,45.673107865099496],[15.35763055166235,45.6716444542115]],[[15.359558434658881,45.67441872151676],[15.359377728448768,45.675141682416594],[15.35877727871742,45.67443536987698],[15.359558434658881,45.67441872151676]],[[15.357637745712672,45.67516551077357],[15.355276846249385,45.67656053589785],[15.354262364717284,45.675800021021104],[15.356544892953993,45.674944277464974],[15.357637745712672,45.67516551077357]],[[15.356800243231623,45.67085428533618],[15.356889647194876,45.671282767545335],[15.356012359096397,45.671030135406454],[15.356800243231623,45.67085428533618]],[[15.35355046615721,45.67088076941123],[15.352823492504037,45.67095351536647],[15.353219741145395,45.670243529883656],[15.35355046615721,45.67088076941123]],[[15.335767066812597,45.654980173181784],[15.335006354355853,45.65443197394446],[15.335686519527316,45.653889817898694],[15.337811854607288,45.65489935762941],[15.340611947616589,45.657105065321375],[15.339443376402555,45.65850317694386],[15.341950210917568,45.657586107767365],[15.34516353849864,45.65940728022041],[15.348336779515027,45.66455469407537],[15.341389047017971,45.663125506269026],[15.337835735239183,45.66095653587475],[15.333202546549817,45.65951331180086],[15.331946120107052,45.65738896879542],[15.332988362263947,45.656888007456594],[15.331913428617085,45.65575081666486],[15.332386838790432,45.65433179023416],[15.335767066812597,45.654980173181784]],[[15.346615698730039,45.67743740867535],[15.34556213812859,45.677176154471915],[15.346827055113145,45.67683627621972],[15.346615698730039,45.67743740867535]],[[15.345963800318376,45.64752341489741],[15.346491007901902,45.649626984727334],[15.34539573109274,45.64985792112317],[15.346351776376409,45.64999723420843],[15.346331916385086,45.65086570784895],[15.344756322431046,45.65121316804958],[15.342376820155488,45.649170944063634],[15.343686003432646,45.64716850542273],[15.345963800318376,45.64752341489741]],[[15.341852630750408,45.65065423967305],[15.342456710620004,45.651521668301925],[15.345927958231718,45.651329026807765],[15.346286897811618,45.65295442900468],[15.340973643579755,45.65181749507698],[15.34066863981342,45.65105121711627],[15.341852630750408,45.65065423967305]],[[15.343285994310284,45.65567010696671],[15.341662499687503,45.652935252740534],[15.346113855365534,45.65353649739499],[15.345697002606071,45.65887081191788],[15.341018486900467,45.65708841480191],[15.339099319364816,45.65527200280902],[15.338377762848252,45.65285182055383],[15.340926625690068,45.65279611605352],[15.343285994310284,45.65567010696671]],[[15.342185666534602,45.67472506761708],[15.34227369584625,45.674079193348035],[15.343455448763766,45.674339042387565],[15.342185666534602,45.67472506761708]],[[15.343076384232175,45.647379194213265],[15.34262309154456,45.64824679747241],[15.341809930184173,45.6477701670622],[15.342497425855205,45.64715977932572],[15.343076384232175,45.647379194213265]],[[15.340320691311025,45.65066260490747],[15.339881951224866,45.6496251913],[15.341057480449534,45.64904348286575],[15.342083217977933,45.64990422381539],[15.340320691311025,45.65066260490747]],[[15.33990002360311,45.65075667021492],[15.338755313151989,45.65145981366403],[15.337686473570548,45.65064343845587],[15.339154476596368,45.64987001320331],[15.33990002360311,45.65075667021492]],[[15.337668290581357,45.670556122459416],[15.337628348574933,45.669331574994],[15.338757317473785,45.670254818695476],[15.337668290581357,45.670556122459416]],[[15.338544644272055,45.65451310211301],[15.337900921423259,45.654669459581534],[15.335497949346593,45.65309471744051],[15.337830498384507,45.652646530664754],[15.338544644272055,45.65451310211301]],[[15.33480086009632,45.651065077308694],[15.331566606090034,45.65178321299204],[15.329230479390688,45.650098773288356],[15.33402725005054,45.64999083510865],[15.33480086009632,45.651065077308694]],[[15.334299671435335,45.6729941030206],[15.333439390351561,45.67335018039551],[15.333384715662305,45.67225422774734],[15.334299671435335,45.6729941030206]],[[15.332653511610765,45.65382330446695],[15.3288450788562,45.653458509956444],[15.329399911297969,45.65146526938008],[15.33297109386249,45.652838114119405],[15.332653511610765,45.65382330446695]],[[15.32993741001704,45.657135779579875],[15.329378682901247,45.655872612033974],[15.330863862732722,45.65551393351222],[15.33292723645494,45.65984525140333],[15.33087595398137,45.660427986704484],[15.328525021409728,45.65746064700321],[15.32993741001704,45.657135779579875]],[[15.329332936670964,45.65453644794863],[15.329486879769256,45.654199072418166],[15.330012551351706,45.65475345114696],[15.329332936670964,45.65453644794863]],[[15.328670564327181,45.65163381855513],[15.328520481891369,45.65290246128564],[15.327529762610942,45.6530065562566],[15.328438262155961,45.65408382908947],[15.32595289052589,45.65510215679908],[15.325275764655856,45.6520523615639],[15.326496015666342,45.65105493025399],[15.328670564327181,45.65163381855513]],[[15.328295462943734,45.65656789840186],[15.32786510194152,45.656889734260325],[15.327740593557015,45.6562033710362],[15.328295462943734,45.65656789840186]],[[15.328180880983151,45.65569411812735],[15.32726540479107,45.65545386284043],[15.328182608397325,45.655049782190765],[15.328180880983151,45.65569411812735]],[[15.326457694240927,45.64414916704491],[15.326409266364534,45.646023342788986],[15.322408453857443,45.64118894308608],[15.323697581258077,45.64095574413558],[15.326457694240927,45.64414916704491]],[[15.326036182868053,45.65824212389594],[15.325093773511782,45.658266261145755],[15.326004484261802,45.65783048698598],[15.326036182868053,45.65824212389594]],[[15.325155998551049,45.655523783027164],[15.323218216710611,45.65495231200797],[15.322757045362927,45.652965478073654],[15.325267983107105,45.653539006554055],[15.325155998551049,45.655523783027164]],[[15.325358436587004,45.65713027373872],[15.324688244954112,45.65775940710124],[15.32414753892235,45.65674296878491],[15.325358436587004,45.65713027373872]],[[15.323694678097759,45.65839379645881],[15.323037482440531,45.65863557365018],[15.323435981644058,45.6580332301268],[15.323694678097759,45.65839379645881]],[[15.322195245131109,45.65905014083424],[15.322657551727868,45.65855952777581],[15.322929828647622,45.659418707715815],[15.322195245131109,45.65905014083424]]]}},{"type":"Feature","properties":{"_zoneType":"SI_BUILT","name":"Pozidano zemljišče","authority":"MKGP","dataSource":"raba-3000"},"geometry":{"type":"Polygon","coordinates":[[[15.359002207995529,45.666830532799096],[15.36,45.669028931481584],[15.36,45.666742710407576],[15.359002207995529,45.666830532799096]]]}},{"type":"Feature","properties":{"_zoneType":"SI_BUILT","name":"Pozidano zemljišče","authority":"MKGP","dataSource":"raba-3000"},"geometry":{"type":"Polygon","coordinates":[[[15.35949118361409,45.67096032103273],[15.36,45.67098510714585],[15.36,45.67027159791661],[15.35949118361409,45.67096032103273]]]}},{"type":"Feature","properties":{"_zoneType":"SI_BUILT","name":"Pozidano zemljišče","authority":"MKGP","dataSource":"raba-3000"},"geometry":{"type":"Polygon","coordinates":[[[15.360149809403607,45.67256116707133],[15.364878113231041,45.67063954002742],[15.3647835038615,45.67305686763342],[15.362820209228138,45.67384923200908],[15.362760064234577,45.67670299091675],[15.363496688243913,45.677816972619645],[15.365604046733774,45.67515992784673],[15.366430337526646,45.67629702444467],[15.365506504781584,45.676918731549854],[15.367453076111463,45.67902615994307],[15.369185562304718,45.679291442112266],[15.36654681359764,45.67685048183406],[15.36829418755455,45.67741148181274],[15.367508799870937,45.67620392018459],[15.368785693045641,45.67540363955968],[15.37207821278881,45.676988469110405],[15.371311072816301,45.67928455377954],[15.37308699301526,45.676612348648504],[15.37432113430093,45.67746505407008],[15.374671223809495,45.67499309379102],[15.376659269712018,45.673317890016925],[15.381493247781938,45.672563703300604],[15.381732984399683,45.671109761665335],[15.382910195658287,45.67074893117818],[15.381788264825254,45.669844703896246],[15.388555679506837,45.66693108359784],[15.391701876675299,45.66738374145915],[15.389862873618315,45.66228880369711],[15.39005836731291,45.66321236205842],[15.388346845609254,45.664061937707274],[15.387419284832747,45.665795748411476],[15.386445392043361,45.66531096531157],[15.380201987364382,45.66884524950665],[15.374347551396289,45.668193123867205],[15.374950710938705,45.66697048282098],[15.377293341988162,45.66706453496026],[15.376737329511268,45.66570690222099],[15.378293680646085,45.66562366236889],[15.377201043458214,45.66462166146697],[15.381632779472705,45.66417686816028],[15.384637174947446,45.662022158964696],[15.386896935505572,45.656963295887756],[15.388404392841743,45.65624641330656],[15.392393077923339,45.65105395277512],[15.4,45.64879096002562],[15.4,45.648209373258325],[15.399955324991662,45.64662398492605],[15.399247430115183,45.648794696295234],[15.393644452639915,45.65025978299829],[15.393464210113963,45.648080025518034],[15.397475285449312,45.64528122291294],[15.395640539544232,45.645888461876524],[15.395179962059567,45.64307762997008],[15.3952059080839,45.64606591373937],[15.392484331905232,45.64863484973291],[15.39221864575967,45.65041044549112],[15.384660936972244,45.64613844447081],[15.387381553547115,45.64477772315011],[15.389931946450048,45.644829816406066],[15.387016183054046,45.64461863532886],[15.384692019327868,45.645512134437354],[15.38305384738726,45.64761231035338],[15.378693648888254,45.64704613944957],[15.378036252674658,45.646044942493056],[15.379063771591523,45.64512442998937],[15.381416082082493,45.6450600819224],[15.380422393600044,45.64393474974435],[15.377455366497108,45.64590053299913],[15.376720663583777,45.645006128904605],[15.378389333564147,45.643770174090406],[15.376192638962639,45.644670347688056],[15.372524018619194,45.64356742795303],[15.372723228697598,45.64259771822333],[15.37545180259064,45.641263128277735],[15.372371675099757,45.64253858170925],[15.372193914807085,45.643661758640434],[15.373716442615038,45.64475522314246],[15.371013222149156,45.64718746125661],[15.365486867106311,45.64566091500491],[15.365389042230486,45.647237182192384],[15.36366424902738,45.648196801880516],[15.363424750185693,45.64668489058535],[15.361725019657559,45.645626943679225],[15.361327192355184,45.64789244163153],[15.36,45.64807261309597],[15.36,45.64847373864308],[15.361773869379103,45.6482618049345],[15.36167792956582,45.65118599321428],[15.365538789919123,45.65177688711966],[15.362078807315081,45.65107117481269],[15.362433659344966,45.64848346681419],[15.365119433654444,45.64810600066853],[15.366098469254323,45.649002302761005],[15.36752483393348,45.647686472831495],[15.373358446776988,45.647972890309354],[15.37325876167037,45.649978424673584],[15.374256623245657,45.650617118916514],[15.372197985714093,45.65379329103792],[15.372392000441197,45.655539932736694],[15.373625726235312,45.656873101098455],[15.370168787738749,45.655745769320426],[15.372410989501395,45.65688328933423],[15.372499855994835,45.6582186199078],[15.37140572057964,45.65919400891514],[15.370237181609266,45.658538478708266],[15.370568865289743,45.66049546455252],[15.368479262410975,45.659956329513584],[15.372210365368852,45.661109560128416],[15.372628260486463,45.662952428596135],[15.369341516885624,45.66287792748235],[15.36478885218695,45.659628133184206],[15.36401383395613,45.659534903140084],[15.368533187735203,45.662349761970034],[15.36983492347901,45.66459276844688],[15.370228948363374,45.663375393987494],[15.372011751155675,45.663712803584694],[15.372081349696277,45.664887315982796],[15.369083372923495,45.66589410425315],[15.364634079997609,45.66505177007796],[15.36362694031342,45.66309570298503],[15.364165683504144,45.66501304057391],[15.363245991185924,45.665520000662745],[15.361779001369232,45.66450228078974],[15.361685841053422,45.662281374255514],[15.360755483633845,45.66162163637268],[15.361282740343315,45.66409216196074],[15.36,45.66428689668874],[15.36,45.665216233589],[15.36036522997146,45.66526949072768],[15.360916466557885,45.66666204601609],[15.36,45.666742710407576],[15.36,45.669028931481584],[15.360349373491482,45.66979869333569],[15.36,45.67027159791661],[15.36,45.67098510714585],[15.361855825371594,45.671075510479675],[15.36,45.67147799943486],[15.36,45.67330899294795],[15.360149809403607,45.67256116707133]],[[15.374582983154061,45.650428399801754],[15.373322486167917,45.64919092621956],[15.374182292135345,45.6483890249752],[15.37512264225151,45.64880691406466],[15.376482947280401,45.65243372959459],[15.379272868622865,45.654215514397244],[15.37676300142959,45.65227099613354],[15.375479202530988,45.64934370922148],[15.376648537793407,45.64853820260709],[15.380992681870932,45.64984166205525],[15.379781876695198,45.64919264835735],[15.38043916078072,45.64835805780227],[15.378612969608257,45.648907111098715],[15.376198290821602,45.64809720018204],[15.37824740747736,45.64723591132861],[15.382117405688525,45.648456447240406],[15.38503074094111,45.64666910441371],[15.39164854541759,45.65073163575205],[15.390383983866236,45.65151874224917],[15.389992353677439,45.65384000718352],[15.38651144241047,45.65695211242335],[15.383947542799902,45.66225252088041],[15.381312309222302,45.663096126048316],[15.381235975383495,45.66232527932848],[15.382255870958996,45.66220429017505],[15.38013902682621,45.6600167571016],[15.380975740355547,45.661188747200086],[15.380602109476873,45.662536214724334],[15.378346025664344,45.661417928583504],[15.379400236573478,45.663543869700405],[15.378041139211842,45.66398682809271],[15.377376551358207,45.663193045187505],[15.374090348604398,45.66494342587752],[15.373076626180168,45.66383645950936],[15.373222104919469,45.66128685315402],[15.37533994597555,45.66011801227044],[15.372496512761101,45.66054771391177],[15.372267197647734,45.65918909459565],[15.376627875757137,45.65448365760898],[15.374054674374333,45.65656391394031],[15.372665577557989,45.6550065573239],[15.372825496557253,45.65327393056187],[15.374605420950271,45.65167550363739],[15.374582983154061,45.650428399801754]],[[15.390305094599878,45.66377824095421],[15.390958381910888,45.66651919252924],[15.388085411371678,45.66655416965719],[15.38857064766359,45.66424375867629],[15.390305094599878,45.66377824095421]],[[15.386366854378986,45.66713391231698],[15.38539852985806,45.66772701261738],[15.384922805534686,45.667101927843994],[15.385796277455226,45.666754080715606],[15.386366854378986,45.66713391231698]],[[15.384968611144808,45.66798806724131],[15.383048593627935,45.66895666434811],[15.38114766573558,45.668889488525814],[15.384102245729581,45.66696417166025],[15.384968611144808,45.66798806724131]],[[15.38128724566761,45.6697729983936],[15.379939709125875,45.670842073622524],[15.378049186842215,45.67088348121969],[15.380150454518756,45.669490565647614],[15.38128724566761,45.6697729983936]],[[15.381151985854011,45.67212441823123],[15.379495746489384,45.672421842302064],[15.380899920356875,45.671773633315645],[15.381151985854011,45.67212441823123]],[[15.37970694808138,45.66338270493751],[15.380616775727335,45.66318538381033],[15.379782158675715,45.66372933912978],[15.37970694808138,45.66338270493751]],[[15.37935114641478,45.67171372814691],[15.378848323794791,45.672085368081184],[15.378949694142635,45.67142233354894],[15.37935114641478,45.67171372814691]],[[15.378780600373176,45.66963706078393],[15.377985433888341,45.67020208024676],[15.377188973866936,45.66919839780682],[15.378780600373176,45.66963706078393]],[[15.377842768666286,45.64687568779205],[15.37543641474387,45.64771628214035],[15.3747433437712,45.646706826794635],[15.37714297613553,45.646314638982346],[15.377842768666286,45.64687568779205]],[[15.375552797716118,45.66886758617515],[15.377662960767037,45.671274181283714],[15.375752908080933,45.67143226482136],[15.374084130601824,45.669274774660124],[15.375552797716118,45.66886758617515]],[[15.376300250911072,45.645017358607234],[15.375990109685086,45.64540779366558],[15.375611288541533,45.644822239964],[15.376300250911072,45.645017358607234]],[[15.372687000111952,45.6714675414635],[15.373341771105668,45.67318317607403],[15.373147720930088,45.67152297048758],[15.373831683800459,45.67132808082184],[15.37547554087616,45.67371210794166],[15.372337488328855,45.675005082870335],[15.37138682951683,45.67153751668495],[15.372687000111952,45.6714675414635]],[[15.374934151188778,45.671348233024105],[15.374433717761965,45.67162019331573],[15.374445853348435,45.67097565135996],[15.374934151188778,45.671348233024105]],[[15.363249502572812,45.67415552536709],[15.364759104744182,45.67359430946788],[15.365548440060008,45.67244289018878],[15.36602369425064,45.66949144498779],[15.368523770138871,45.668024531082615],[15.369431708449662,45.66846110716232],[15.369866648574547,45.66706589551209],[15.374650186295202,45.66598841031566],[15.37427682847784,45.667680218123884],[15.372711405921352,45.668545624164366],[15.37302007097749,45.66993505709679],[15.36955419736095,45.67225076970739],[15.371319823520576,45.6726539626231],[15.37132592178917,45.67346359563457],[15.368886341596044,45.67492602238482],[15.36698760660055,45.67449487811322],[15.3631291634059,45.6760286356769],[15.363249502572812,45.67415552536709]],[[15.372972260668329,45.67609088881264],[15.372615521579577,45.676424307398875],[15.372110593590818,45.675762925786714],[15.372972260668329,45.67609088881264]],[[15.369508660192645,45.67501851104036],[15.370452313732088,45.67475707465466],[15.369930114022893,45.67557816906967],[15.369508660192645,45.67501851104036]],[[15.367465047650656,45.66723812855517],[15.36538932828989,45.66811058902039],[15.363834433178896,45.6667769489241],[15.364349451017638,45.665821143306616],[15.367465047650656,45.66723812855517]],[[15.36296108477706,45.64793289389616],[15.361965547615611,45.647962851130714],[15.361601359394125,45.646936571754196],[15.362981319515761,45.64676108882041],[15.36296108477706,45.64793289389616]],[[15.362843618051244,45.6675687794584],[15.361880563938158,45.66732121902416],[15.36165626930552,45.66556049905146],[15.363066283313723,45.665777296638645],[15.362843618051244,45.6675687794584]],[[15.362601771967647,45.6700212210522],[15.361910115964879,45.67070986756674],[15.361261832647216,45.67047163395165],[15.361942255473144,45.66978260671497],[15.362601771967647,45.6700212210522]],[[15.361506131131076,45.66506147031573],[15.360705631443825,45.66505716410165],[15.361356673812365,45.66462199091739],[15.361506131131076,45.66506147031573]]]}},{"type":"Feature","properties":{"_zoneType":"SI_BUILT","name":"Pozidano zemljišče","authority":"MKGP","dataSource":"raba-3000"},"geometry":{"type":"Polygon","coordinates":[[[15.31257167523802,45.6791624081397],[15.309997135267224,45.67810541458638],[15.310749820114086,45.67723855320363],[15.309734011073708,45.67716782322754],[15.309630456143603,45.675983298424875],[15.307323459527385,45.67947459975273],[15.309559752909092,45.67826956925716],[15.31257167523802,45.6791624081397]]]}},{"type":"Feature","properties":{"_zoneType":"SI_BUILT","name":"Pozidano zemljišče","authority":"MKGP","dataSource":"raba-3000"},"geometry":{"type":"Polygon","coordinates":[[[15.25753022815671,45.65294346699533],[15.256613585157769,45.6530743891366],[15.256947372539665,45.65334427389817],[15.25753022815671,45.65294346699533]]]}},{"type":"Feature","properties":{"_zoneType":"SI_BUILT","name":"Pozidano zemljišče","authority":"MKGP","dataSource":"raba-3000"},"geometry":{"type":"Polygon","coordinates":[[[15.262135099374897,45.6536896737864],[15.261838703682589,45.65371569153146],[15.26196334648137,45.65402761900156],[15.262135099374897,45.6536896737864]]]}},{"type":"Feature","properties":{"_zoneType":"SI_BUILT","name":"Pozidano zemljišče","authority":"MKGP","dataSource":"raba-3000"},"geometry":{"type":"Polygon","coordinates":[[[15.357957422345761,45.645870273519996],[15.357561310197662,45.64586739986968],[15.35793079594029,45.64602906613057],[15.357957422345761,45.645870273519996]]]}},{"type":"Feature","properties":{"_zoneType":"SI_BUILT","name":"Pozidano zemljišče","authority":"MKGP","dataSource":"raba-3000"},"geometry":{"type":"Polygon","coordinates":[[[15.264146552809365,45.679102578242045],[15.263657277636327,45.67913522609869],[15.264089939553825,45.67925328641764],[15.264146552809365,45.679102578242045]]]}},{"type":"Feature","properties":{"_zoneType":"SI_BUILT","name":"Pozidano zemljišče","authority":"MKGP","dataSource":"raba-3000"},"geometry":{"type":"Polygon","coordinates":[[[15.334573964816798,45.66834991802792],[15.334718560114872,45.66845546931069],[15.335306454219465,45.66808627446195],[15.334573964816798,45.66834991802792]]]}},{"type":"Feature","properties":{"_zoneType":"SI_BUILT","name":"Pozidano zemljišče","authority":"MKGP","dataSource":"raba-3000"},"geometry":{"type":"Polygon","coordinates":[[[15.37270581513009,45.6792800122243],[15.373288138030736,45.67927811102765],[15.373960147683384,45.677817965775475],[15.373089412278963,45.67900646206553],[15.37270581513009,45.6792800122243]]]}},{"type":"Feature","properties":{"_zoneType":"SI_BUILT","name":"Pozidano zemljišče","authority":"MKGP","dataSource":"raba-3000"},"geometry":{"type":"Polygon","coordinates":[[[15.4,45.6450201602907],[15.4,45.644846156911925],[15.399106984332297,45.64434242352217],[15.4,45.6450201602907]]]}},{"type":"Feature","properties":{"_zoneType":"SI_BUILT","name":"Pozidano zemljišče","authority":"MKGP","dataSource":"raba-3000"},"geometry":{"type":"Polygon","coordinates":[[[15.393124250582748,45.65765266148761],[15.392934854390058,45.657751876825856],[15.393010577776717,45.65984884842702],[15.393582013785066,45.65869628049503],[15.393124250582748,45.65765266148761]]]}},{"type":"Feature","properties":{"_zoneType":"SI_BUILT","name":"Pozidano zemljišče","authority":"MKGP","dataSource":"raba-3000"},"geometry":{"type":"Polygon","coordinates":[[[15.392758586132684,45.66199406894994],[15.392706755224564,45.661825317188836],[15.39240975121123,45.662021136892704],[15.392758586132684,45.66199406894994]]]}},{"type":"Feature","properties":{"_zoneType":"SI_BUILT","name":"Pozidano zemljišče","authority":"MKGP","dataSource":"raba-3000"},"geometry":{"type":"Polygon","coordinates":[[[15.380146043385668,45.658989424950654],[15.380094178774021,45.65911461624003],[15.38078383832299,45.659440271790025],[15.380146043385668,45.658989424950654]]]}},{"type":"Feature","properties":{"_zoneType":"SI_BUILT","name":"Pozidano zemljišče","authority":"MKGP","dataSource":"raba-3000"},"geometry":{"type":"Polygon","coordinates":[[[15.376523120076815,45.65582653159178],[15.376687951089922,45.65598641081317],[15.376792084750361,45.65566665029682],[15.376523120076815,45.65582653159178]]]}},{"type":"Feature","properties":{"_zoneType":"SI_BUILT","name":"Pozidano zemljišče","authority":"MKGP","dataSource":"raba-3000"},"geometry":{"type":"Polygon","coordinates":[[[15.375667278084183,45.65929338063175],[15.376209088512226,45.65853716903825],[15.375601835509961,45.659165725675784],[15.375667278084183,45.65929338063175]]]}},{"type":"Feature","properties":{"_zoneType":"SI_BUILT","name":"Pozidano zemljišče","authority":"MKGP","dataSource":"raba-3000"},"geometry":{"type":"Polygon","coordinates":[[[15.374879845600711,45.64287606007379],[15.37474378015058,45.64273070602877],[15.37461617419157,45.642995436379195],[15.374879845600711,45.64287606007379]]]}},{"type":"Feature","properties":{"_zoneType":"SI_BUILT","name":"Pozidano zemljišče","authority":"MKGP","dataSource":"raba-3000"},"geometry":{"type":"Polygon","coordinates":[[[15.369326453732041,45.678686476409005],[15.369319142530346,45.678949872164154],[15.369862487911693,45.67863264193108],[15.369326453732041,45.678686476409005]]]}},{"type":"Feature","properties":{"_zoneType":"SI_BUILT","name":"Pozidano zemljišče","authority":"MKGP","dataSource":"raba-3000"},"geometry":{"type":"Polygon","coordinates":[[[15.35858874866217,45.657064053182715],[15.357802310243265,45.65735827519675],[15.358556675840626,45.657183865021544],[15.35858874866217,45.657064053182715]]]}},{"type":"Feature","properties":{"_zoneType":"SI_BUILT","name":"Pozidano zemljišče","authority":"MKGP","dataSource":"raba-3000"},"geometry":{"type":"Polygon","coordinates":[[[15.355601125375554,45.66733161218478],[15.356912109780378,45.666921471937194],[15.355699231753437,45.667076984283675],[15.355601125375554,45.66733161218478]]]}},{"type":"Feature","properties":{"_zoneType":"SI_BUILT","name":"Pozidano zemljišče","authority":"MKGP","dataSource":"raba-3000"},"geometry":{"type":"Polygon","coordinates":[[[15.346151457758982,45.668163282716485],[15.346376660413451,45.66808001579757],[15.346002271926425,45.66695155994295],[15.346151457758982,45.668163282716485]]]}},{"type":"Feature","properties":{"_zoneType":"SI_BUILT","name":"Pozidano zemljišče","authority":"MKGP","dataSource":"raba-3000"},"geometry":{"type":"Polygon","coordinates":[[[15.338268707003829,45.65891120639215],[15.338504879785619,45.659027807496976],[15.338436971799364,45.65876291520081],[15.338268707003829,45.65891120639215]]]}},{"type":"Feature","properties":{"_zoneType":"SI_BUILT","name":"Pozidano zemljišče","authority":"MKGP","dataSource":"raba-3000"},"geometry":{"type":"Polygon","coordinates":[[[15.338020192132529,45.67938790167779],[15.338741405436393,45.67938576555524],[15.338577223453097,45.67924267207037],[15.338020192132529,45.67938790167779]]]}},{"type":"Feature","properties":{"_zoneType":"SI_BUILT","name":"Pozidano zemljišče","authority":"MKGP","dataSource":"raba-3000"},"geometry":{"type":"Polygon","coordinates":[[[15.33409578500044,45.66952828910972],[15.333835109358931,45.669490089573124],[15.333915375927226,45.66992915841896],[15.33409578500044,45.66952828910972]]]}},{"type":"Feature","properties":{"_zoneType":"SI_BUILT","name":"Pozidano zemljišče","authority":"MKGP","dataSource":"raba-3000"},"geometry":{"type":"Polygon","coordinates":[[[15.330794477683984,45.67026486757992],[15.330462789291197,45.67023842593992],[15.330748448992054,45.67041565553762],[15.330794477683984,45.67026486757992]]]}},{"type":"Feature","properties":{"_zoneType":"SI_BUILT","name":"Pozidano zemljišče","authority":"MKGP","dataSource":"raba-3000"},"geometry":{"type":"Polygon","coordinates":[[[15.330678980869155,45.677104481929646],[15.329967762945255,45.676970541986556],[15.330623891228166,45.677358983473226],[15.330678980869155,45.677104481929646]]]}},{"type":"Feature","properties":{"_zoneType":"SI_BUILT","name":"Pozidano zemljišče","authority":"MKGP","dataSource":"raba-3000"},"geometry":{"type":"Polygon","coordinates":[[[15.32425064399214,45.65411652653679],[15.324470318560211,45.65424944818101],[15.324453579598162,45.653963234794624],[15.32425064399214,45.65411652653679]]]}},{"type":"Feature","properties":{"_zoneType":"SI_BUILT","name":"Pozidano zemljišče","authority":"MKGP","dataSource":"raba-3000"},"geometry":{"type":"Polygon","coordinates":[[[15.325326696766602,45.66072593492308],[15.325008761123689,45.66057689272305],[15.325120712456155,45.660876132889335],[15.325326696766602,45.66072593492308]]]}},{"type":"Feature","properties":{"_zoneType":"SI_BUILT","name":"Pozidano zemljišče","authority":"MKGP","dataSource":"raba-3000"},"geometry":{"type":"Polygon","coordinates":[[[15.321492264090208,45.673500029288085],[15.321942772283503,45.67297490383237],[15.321216990019659,45.67310618407006],[15.321492264090208,45.673500029288085]]]}},{"type":"Feature","properties":{"_zoneType":"SI_BUILT","name":"Pozidano zemljišče","authority":"MKGP","dataSource":"raba-3000"},"geometry":{"type":"Polygon","coordinates":[[[15.312305061629335,45.66694394040508],[15.31239272528509,45.66710929579722],[15.312577836723273,45.66682417371342],[15.312305061629335,45.66694394040508]]]}},{"type":"Feature","properties":{"_zoneType":"SI_BUILT","name":"Pozidano zemljišče","authority":"MKGP","dataSource":"raba-3000"},"geometry":{"type":"Polygon","coordinates":[[[15.302200024932292,45.64005113184556],[15.299619493833752,45.64034326267556],[15.305218498287209,45.640487674834965],[15.302200024932292,45.64005113184556]]]}},{"type":"Feature","properties":{"_zoneType":"SI_BUILT","name":"Pozidano zemljišče","authority":"MKGP","dataSource":"raba-3000"},"geometry":{"type":"Polygon","coordinates":[[[15.302808214141796,45.643638648168455],[15.303182833373635,45.643681474053686],[15.302861577846693,45.643449217105115],[15.302808214141796,45.643638648168455]]]}},{"type":"Feature","properties":{"_zoneType":"SI_BUILT","name":"Pozidano zemljišče","authority":"MKGP","dataSource":"raba-3000"},"geometry":{"type":"Polygon","coordinates":[[[15.309651798790982,45.6468776268265],[15.309681941514553,45.64672425835484],[15.309329563693975,45.64685102033962],[15.309651798790982,45.6468776268265]]]}},{"type":"Feature","properties":{"_zoneType":"SI_BUILT","name":"Pozidano zemljišče","authority":"MKGP","dataSource":"raba-3000"},"geometry":{"type":"Polygon","coordinates":[[[15.303245586918187,45.66431076919007],[15.302734266476927,45.66405335191901],[15.30305284240713,45.66460640538007],[15.303245586918187,45.66431076919007]]]}},{"type":"Feature","properties":{"_zoneType":"SI_BUILT","name":"Pozidano zemljišče","authority":"MKGP","dataSource":"raba-3000"},"geometry":{"type":"Polygon","coordinates":[[[15.297200536159487,45.62963082647758],[15.297017284253826,45.62950043728583],[15.2970098406669,45.629757869963214],[15.297200536159487,45.62963082647758]]]}},{"type":"Feature","properties":{"_zoneType":"SI_BUILT","name":"Pozidano zemljišče","authority":"MKGP","dataSource":"raba-3000"},"geometry":{"type":"Polygon","coordinates":[[[15.299667215608558,45.61351752264006],[15.299398528475507,45.613413556349016],[15.299512123857516,45.613699852989654],[15.299667215608558,45.61351752264006]]]}},{"type":"Feature","properties":{"_zoneType":"SI_BUILT","name":"Pozidano zemljišče","authority":"MKGP","dataSource":"raba-3000"},"geometry":{"type":"Polygon","coordinates":[[[15.293182902737906,45.6610378548001],[15.292890028117094,45.6608509710496],[15.293005421389088,45.66118215953304],[15.293182902737906,45.6610378548001]]]}},{"type":"Feature","properties":{"_zoneType":"SI_BUILT","name":"Pozidano zemljišče","authority":"MKGP","dataSource":"raba-3000"},"geometry":{"type":"Polygon","coordinates":[[[15.292763963627145,45.65596172639093],[15.292659613451649,45.65577600284224],[15.292452857960113,45.65603923740091],[15.292763963627145,45.65596172639093]]]}},{"type":"Feature","properties":{"_zoneType":"SI_BUILT","name":"Pozidano zemljišče","authority":"MKGP","dataSource":"raba-3000"},"geometry":{"type":"Polygon","coordinates":[[[15.291952284935995,45.65657962105116],[15.291570886505484,45.6565922931265],[15.291998076551543,45.65685009300624],[15.291952284935995,45.65657962105116]]]}},{"type":"Feature","properties":{"_zoneType":"SI_BUILT","name":"Pozidano zemljišče","authority":"MKGP","dataSource":"raba-3000"},"geometry":{"type":"Polygon","coordinates":[[[15.28645756351707,45.66516314757259],[15.286555866942855,45.66500472014181],[15.285953143950257,45.66464718101573],[15.28645756351707,45.66516314757259]]]}},{"type":"Feature","properties":{"_zoneType":"SI_BUILT","name":"Pozidano zemljišče","authority":"MKGP","dataSource":"raba-3000"},"geometry":{"type":"Polygon","coordinates":[[[15.286460621752717,45.63223353862913],[15.286585687438784,45.631635851100576],[15.285520146938486,45.63210279654268],[15.286460621752717,45.63223353862913]]]}},{"type":"Feature","properties":{"_zoneType":"SI_BUILT","name":"Pozidano zemljišče","authority":"MKGP","dataSource":"raba-3000"},"geometry":{"type":"Polygon","coordinates":[[[15.275293618564275,45.66335943230677],[15.275071829938412,45.663162723534946],[15.275087115005462,45.663459048354255],[15.275293618564275,45.66335943230677]]]}},{"type":"Feature","properties":{"_zoneType":"SI_BUILT","name":"Pozidano zemljišče","authority":"MKGP","dataSource":"raba-3000"},"geometry":{"type":"Polygon","coordinates":[[[15.273059040733049,45.67143610033768],[15.272991849315455,45.671590137554475],[15.273350580262973,45.671496325046526],[15.273059040733049,45.67143610033768]]]}},{"type":"Feature","properties":{"_zoneType":"SI_BUILT","name":"Pozidano zemljišče","authority":"MKGP","dataSource":"raba-3000"},"geometry":{"type":"Polygon","coordinates":[[[15.267621923757932,45.6364953541782],[15.267928962297281,45.637584858217345],[15.268003818247234,45.63673892667969],[15.267621923757932,45.6364953541782]]]}},{"type":"Feature","properties":{"_zoneType":"SI_BUILT","name":"Pozidano zemljišče","authority":"MKGP","dataSource":"raba-3000"},"geometry":{"type":"Polygon","coordinates":[[[15.267690790233045,45.63847862868594],[15.267480230403098,45.63841279919393],[15.267583574626736,45.638759557344365],[15.267690790233045,45.63847862868594]]]}},{"type":"Feature","properties":{"_zoneType":"SI_BUILT","name":"Pozidano zemljišče","authority":"MKGP","dataSource":"raba-3000"},"geometry":{"type":"Polygon","coordinates":[[[15.259809428785738,45.605936393695416],[15.259260202305136,45.60540281236357],[15.259549076580047,45.60598955742595],[15.259809428785738,45.605936393695416]]]}},{"type":"Feature","properties":{"_zoneType":"SI_BUILT","name":"Pozidano zemljišče","authority":"MKGP","dataSource":"raba-3000"},"geometry":{"type":"Polygon","coordinates":[[[15.257891237558615,45.659974134578164],[15.258082155267386,45.660077499966924],[15.258367671929072,45.659584273338496],[15.257891237558615,45.659974134578164]]]}},{"type":"Feature","properties":{"_zoneType":"SI_BUILT","name":"Pozidano zemljišče","authority":"MKGP","dataSource":"raba-3000"},"geometry":{"type":"Polygon","coordinates":[[[15.278536302365255,45.78877978791646],[15.280000000000001,45.787245164599575],[15.280000000000001,45.786308595813026],[15.27988514510887,45.78636935823379],[15.276926533595423,45.78350507359212],[15.277728289113478,45.78265778500147],[15.275904125687545,45.781688549292625],[15.280000000000001,45.78010261567786],[15.280000000000001,45.776040181364266],[15.279973581345276,45.776006050590524],[15.278171790898554,45.77749681580359],[15.276305698767153,45.77769820331004],[15.275168678485315,45.77643192737314],[15.273760941240273,45.7769719687036],[15.273166383037255,45.775063387482696],[15.273830783575834,45.773994136261294],[15.276126984051457,45.77533903070734],[15.273697114711137,45.7714324192195],[15.279390113797271,45.770436551954724],[15.271052885055942,45.76944587142164],[15.268073413414985,45.771089772440014],[15.270926406133318,45.772605320662514],[15.269713701237846,45.77521713345662],[15.266911847928503,45.77259573734498],[15.26755609506751,45.770608121567676],[15.269159183719792,45.76939162590725],[15.266714512459759,45.77091756815517],[15.263368194879657,45.77148466550249],[15.262436114210427,45.7683113627067],[15.263382514288914,45.766538291235776],[15.268718900223709,45.76626046650689],[15.271330127476672,45.76413267066194],[15.265873099615515,45.76598455495491],[15.26349395245407,45.765139305627166],[15.26604758312243,45.76490882950812],[15.266275634929203,45.763949179066486],[15.26224793594335,45.76480442869683],[15.26201249152028,45.76358090859965],[15.260185731375364,45.764805807964535],[15.261262937491123,45.765422511514444],[15.261923279910965,45.767813471394284],[15.258536206913238,45.76721705034042],[15.259130886390524,45.76849166020757],[15.2571552457702,45.77130666840241],[15.259604566990935,45.768575914603],[15.261201012158258,45.77008474158403],[15.258619163173156,45.771502358231125],[15.258468926080294,45.77374112433189],[15.257172145817911,45.77498370130456],[15.257177083440144,45.77605787090732],[15.259366945194035,45.77788723023345],[15.257803006876106,45.77898568938885],[15.259672594381097,45.778364470658104],[15.26103028705037,45.78009939069597],[15.260627672743402,45.778597352288685],[15.264795384531878,45.777186046963564],[15.265422267836673,45.77880273321998],[15.264640451157547,45.77937702994684],[15.26548030266703,45.7801629790307],[15.25934052568501,45.78176405151728],[15.261165322977623,45.78212122089986],[15.259310246470587,45.783083782606745],[15.25788774541967,45.7824434282551],[15.257213392695197,45.7839550003313],[15.262931967159439,45.782893542166626],[15.266794995944574,45.77976404911823],[15.268827480032874,45.78006438354243],[15.268055674031176,45.78129537047053],[15.267093478982872,45.78100951356359],[15.26694927811591,45.782490365853235],[15.264907163531179,45.782386856944925],[15.264849396519402,45.783166488268726],[15.259858591772534,45.78518766675721],[15.257236846884036,45.78905444635773],[15.260969563299138,45.78511124022547],[15.261385209525873,45.78573859580595],[15.259829547380884,45.787893927599164],[15.261010214442596,45.78985536296098],[15.261646265239532,45.78929128245848],[15.260274019629698,45.78747597833384],[15.264075494817481,45.78582550040344],[15.261563499044597,45.7846743263534],[15.26696759763318,45.783057104319155],[15.265528272959989,45.78402159593725],[15.267119002077171,45.78384748795191],[15.267586134705034,45.78461294992863],[15.266215028790183,45.784939883034184],[15.266135429066331,45.7862095567936],[15.264339370447825,45.7864936224478],[15.26814304292045,45.78721695148775],[15.266744612042263,45.787965735109154],[15.264027511851241,45.78707988224048],[15.26265956499613,45.787568618936135],[15.266296126691577,45.788290261359045],[15.264842558480396,45.790258136134206],[15.266722021244318,45.78855053933546],[15.26971128323663,45.78763982808929],[15.270053241877246,45.78912393342699],[15.268083941529374,45.790136010851725],[15.270459636149488,45.78952280170592],[15.272063091170933,45.79127718550859],[15.270959205129797,45.78948679957115],[15.272958139085677,45.789893043826744],[15.27187481904459,45.78902410059082],[15.271822647894954,45.787018186132734],[15.273596070809248,45.78813947520351],[15.276754288330704,45.787309432726175],[15.276639107094988,45.788401883611996],[15.27799622620354,45.789363686201376],[15.276140569248582,45.79130202736953],[15.279373441709785,45.79011492885312],[15.280000000000001,45.79118715236963],[15.280000000000001,45.79044713184312],[15.278536302365255,45.78877978791646]],[[15.277311984381491,45.77887482939112],[15.278999138094992,45.77863585849023],[15.279450039745596,45.77964467636996],[15.275602666232649,45.78124863974912],[15.273287329813055,45.78031988676058],[15.274110480571704,45.778915862792196],[15.277036055715,45.77788985841976],[15.277311984381491,45.77887482939112]],[[15.279103175390375,45.78726638355066],[15.277230321789766,45.78731841288732],[15.277997533964271,45.78615466158964],[15.279219008559426,45.78672029664717],[15.279103175390375,45.78726638355066]],[[15.277619047529086,45.78812723643688],[15.278137687472656,45.78777239157989],[15.278124153485637,45.78847214558813],[15.277619047529086,45.78812723643688]],[[15.27632389474247,45.78439458811603],[15.277101394211735,45.78455620868021],[15.276143982938978,45.78495609560508],[15.27632389474247,45.78439458811603]],[[15.27572612133783,45.78247248815632],[15.276846954088246,45.78253453087859],[15.275929103129362,45.78326238496571],[15.27572612133783,45.78247248815632]],[[15.276827802968237,45.786375213412846],[15.27678575662173,45.786860338604725],[15.275781966228534,45.78705224712718],[15.275835208412316,45.78620041824463],[15.276827802968237,45.786375213412846]],[[15.275869170814655,45.784463186477716],[15.27438864907152,45.78542129506021],[15.27321900851493,45.78455409118424],[15.27481307466971,45.78393075911354],[15.275869170814655,45.784463186477716]],[[15.275359301571704,45.78281912427874],[15.274595560658945,45.78315400147135],[15.274366397060266,45.782131067088066],[15.275359301571704,45.78281912427874]],[[15.274567725172481,45.786323662165685],[15.274128734841442,45.78699107312344],[15.271769125220015,45.78601449932896],[15.274567725172481,45.786323662165685]],[[15.270995160698341,45.78206052009992],[15.273754896384865,45.78307253584197],[15.272124865142205,45.7849483620399],[15.270027206335158,45.78502856759513],[15.27135148692262,45.783002448949915],[15.270995160698341,45.78206052009992]],[[15.273330437997977,45.773223665810086],[15.273080864722745,45.7742242126228],[15.270624363959154,45.77453160899986],[15.272219774322922,45.77259565129954],[15.273330437997977,45.773223665810086]],[[15.27315391436372,45.77006879355646],[15.272210122758969,45.771294893578016],[15.27003792383746,45.77075104230164],[15.271873217109249,45.7698616925422],[15.27315391436372,45.77006879355646]],[[15.270053563705222,45.77635531073741],[15.268853890817502,45.77683390937141],[15.266712203579578,45.775920054956885],[15.265824580406084,45.77431609864028],[15.266820221435456,45.774084317926366],[15.270053563705222,45.77635531073741]],[[15.269745039921728,45.78104734135894],[15.270036172506426,45.78162119119727],[15.26854168130317,45.78271455247568],[15.26754851311715,45.78236502082627],[15.269745039921728,45.78104734135894]],[[15.270038151849498,45.78372290587882],[15.268410133497415,45.78434685066947],[15.267810354750239,45.78400655503382],[15.269227184742642,45.7831909671766],[15.270038151849498,45.78372290587882]],[[15.267061012584747,45.773563567277364],[15.26559865245121,45.77302498874506],[15.265498531171326,45.7742143959651],[15.263489654066195,45.773098606865034],[15.266674493668267,45.77143856662966],[15.267061012584747,45.773563567277364]],[[15.265530020039982,45.77833281542342],[15.26557550172599,45.77793507667043],[15.26639711029317,45.77843913188688],[15.265530020039982,45.77833281542342]],[[15.261494841790817,45.77333882752876],[15.264204898943957,45.774344932559906],[15.260748143264184,45.775564738450775],[15.264890851452588,45.77480898304748],[15.265983683521569,45.77587822358341],[15.260274057286873,45.778357503904914],[15.258404174249028,45.77642641380651],[15.25887380330752,45.77560333692544],[15.257687247543236,45.77543160586352],[15.261681705279628,45.7717274842503],[15.261494841790817,45.77333882752876]],[[15.262893848451732,45.76689236791665],[15.262173846415322,45.766965826422094],[15.26206902261602,45.76615085907265],[15.262966776348563,45.76600962105738],[15.262893848451732,45.76689236791665]],[[15.262195747079854,45.76860852325545],[15.261843380731886,45.76971475151975],[15.26087587489741,45.768373848563975],[15.262195747079854,45.76860852325545]]]}},{"type":"Feature","properties":{"_zoneType":"SI_BUILT","name":"Pozidano zemljišče","authority":"MKGP","dataSource":"raba-3000"},"geometry":{"type":"Polygon","coordinates":[[[15.279862052713062,45.79346295720801],[15.280000000000001,45.79346743331993],[15.280000000000001,45.793382886862446],[15.279862052713062,45.79346295720801]]]}},{"type":"Feature","properties":{"_zoneType":"SI_BUILT","name":"Pozidano zemljišče","authority":"MKGP","dataSource":"raba-3000"},"geometry":{"type":"Polygon","coordinates":[[[15.27954823858807,45.79491869447621],[15.280000000000001,45.79483221885566],[15.280000000000001,45.79467863196763],[15.27954823858807,45.79491869447621]]]}},{"type":"Feature","properties":{"_zoneType":"SI_BUILT","name":"Pozidano zemljišče","authority":"MKGP","dataSource":"raba-3000"},"geometry":{"type":"Polygon","coordinates":[[[15.275921340426924,45.79650955631635],[15.274479515216083,45.797244592530745],[15.276045261587669,45.79717267345402],[15.276723815342303,45.79999589278122],[15.276726784276763,45.800000000000004],[15.277159404430291,45.800000000000004],[15.277039894577428,45.79994320889104],[15.275921340426924,45.79650955631635]]]}},{"type":"Feature","properties":{"_zoneType":"SI_BUILT","name":"Pozidano zemljišče","authority":"MKGP","dataSource":"raba-3000"},"geometry":{"type":"Polygon","coordinates":[[[15.265770673202866,45.800000000000004],[15.266728600423686,45.800000000000004],[15.267447580334123,45.799632985266],[15.265770673202866,45.800000000000004]]]}},{"type":"Feature","properties":{"_zoneType":"SI_BUILT","name":"Pozidano zemljišče","authority":"MKGP","dataSource":"raba-3000"},"geometry":{"type":"Polygon","coordinates":[[[15.261229185243737,45.800000000000004],[15.262509554097397,45.800000000000004],[15.261025670838261,45.79948031846079],[15.261229185243737,45.800000000000004]]]}},{"type":"Feature","properties":{"_zoneType":"SI_BUILT","name":"Pozidano zemljišče","authority":"MKGP","dataSource":"raba-3000"},"geometry":{"type":"Polygon","coordinates":[[[15.258179812819398,45.79806266215542],[15.260644794695883,45.79648857532642],[15.262115999059736,45.796902410075916],[15.260519075463332,45.796206169554566],[15.25727692280541,45.79776463181148],[15.259710972988403,45.800000000000004],[15.260380977950113,45.800000000000004],[15.260379095696369,45.79969493134861],[15.258179812819398,45.79806266215542]]]}},{"type":"Feature","properties":{"_zoneType":"SI_BUILT","name":"Pozidano zemljišče","authority":"MKGP","dataSource":"raba-3000"},"geometry":{"type":"Polygon","coordinates":[[[15.313198695245836,45.75997418411507],[15.311572596513065,45.75641534691713],[15.312519586468582,45.76],[15.313244867819993,45.76],[15.313198695245836,45.75997418411507]]]}},{"type":"Feature","properties":{"_zoneType":"SI_BUILT","name":"Pozidano zemljišče","authority":"MKGP","dataSource":"raba-3000"},"geometry":{"type":"Polygon","coordinates":[[[15.317704736786936,45.800000000000004],[15.319380121406255,45.800000000000004],[15.32,45.79942039290703],[15.32,45.79811274037013],[15.317704736786936,45.800000000000004]]]}},{"type":"Feature","properties":{"_zoneType":"SI_BUILT","name":"Pozidano zemljišče","authority":"MKGP","dataSource":"raba-3000"},"geometry":{"type":"Polygon","coordinates":[[[15.3175740185807,45.795158999416806],[15.32,45.79498015011248],[15.32,45.78872022880864],[15.318253333933448,45.78934403002241],[15.316052723711422,45.791638287616706],[15.316590852431272,45.79303570248489],[15.31578109957848,45.79599356898615],[15.313636850307013,45.79842121296927],[15.314269261178035,45.800000000000004],[15.31474330118671,45.800000000000004],[15.314030290260266,45.79849456994475],[15.3175740185807,45.795158999416806]]]}},{"type":"Feature","properties":{"_zoneType":"SI_BUILT","name":"Pozidano zemljišče","authority":"MKGP","dataSource":"raba-3000"},"geometry":{"type":"Polygon","coordinates":[[[15.311799497409353,45.800000000000004],[15.311834606901725,45.800000000000004],[15.31126308651072,45.798789079019535],[15.311799497409353,45.800000000000004]]]}},{"type":"Feature","properties":{"_zoneType":"SI_BUILT","name":"Pozidano zemljišče","authority":"MKGP","dataSource":"raba-3000"},"geometry":{"type":"Polygon","coordinates":[[[15.285083612579506,45.79958633043153],[15.282818512790136,45.79909327830504],[15.283282701492963,45.797192502553514],[15.286494814033055,45.79873342664008],[15.284534224878465,45.79635934508328],[15.28514862456549,45.795263583655384],[15.283962526281188,45.79591313117498],[15.283595933654162,45.7951718672258],[15.285204271181092,45.79336235390265],[15.28603265898415,45.79371218542535],[15.28565078536009,45.794509605239156],[15.286632917778013,45.79405031352672],[15.285580501549852,45.79296371461772],[15.286088880221465,45.792287178677675],[15.288540288609253,45.79333923755883],[15.287639082187615,45.7923530162877],[15.289802641820101,45.79151720690186],[15.29374293389318,45.79187153652876],[15.291542930398977,45.790222884245615],[15.291736198026094,45.79133286149464],[15.288451432843878,45.79143062629819],[15.28978105604004,45.79024949673846],[15.291965838376635,45.78967878847741],[15.293815863761226,45.79027497176481],[15.292709230317424,45.78937405773367],[15.29033583049772,45.78962958037695],[15.290463594239979,45.78791310312055],[15.288609675586587,45.78932713504433],[15.28794390795075,45.78770183985063],[15.287697449256303,45.789610322616284],[15.281251816495947,45.79187311531284],[15.280000000000001,45.79044713184312],[15.280000000000001,45.79118715236963],[15.280958111148182,45.79282675928339],[15.280000000000001,45.793382886862446],[15.280000000000001,45.79346743331993],[15.282148123861363,45.7935371356174],[15.280000000000001,45.79467863196763],[15.280000000000001,45.79483221885566],[15.283080810563547,45.79424249384099],[15.283318079949701,45.79655508716859],[15.28090663303531,45.79736130237016],[15.283060874590324,45.800000000000004],[15.283699995104177,45.800000000000004],[15.283770236126834,45.7997042329582],[15.285083612579506,45.79958633043153]],[[15.286445758174752,45.79090116489663],[15.284089158776732,45.79373232119618],[15.282413408662286,45.7931748259352],[15.282005482028124,45.79192417279678],[15.286445758174752,45.79090116489663]]]}},{"type":"Feature","properties":{"_zoneType":"SI_BUILT","name":"Pozidano zemljišče","authority":"MKGP","dataSource":"raba-3000"},"geometry":{"type":"Polygon","coordinates":[[[15.280941744824133,45.78625778610598],[15.286543113163539,45.78778602064422],[15.283247917500333,45.78686121935477],[15.28345214337031,45.78538813102544],[15.281946706046147,45.78520700672618],[15.282271353719974,45.78379939173347],[15.28686808261136,45.78031566796704],[15.290806019516717,45.77968020064209],[15.296016904094582,45.78204888924917],[15.297597659890803,45.78199267868427],[15.29834673089355,45.78096634714835],[15.298184565743354,45.77976144219688],[15.295714974127078,45.77592809869747],[15.297449704498563,45.774770823532414],[15.297768184590701,45.77613977459947],[15.304055291635652,45.78004684348722],[15.30594056631154,45.77964412780431],[15.30656709476787,45.780469684667956],[15.308705747372217,45.78016558948927],[15.309625604259635,45.782111852078586],[15.313399035305524,45.780383767271],[15.315078764675937,45.782099858013424],[15.31781361644867,45.78143386124015],[15.32,45.782135803018775],[15.32,45.78172338697161],[15.31798762134406,45.78100854224818],[15.315224231593085,45.781849857640424],[15.313614105111148,45.77998512612759],[15.310651468438648,45.78153376323283],[15.310072680370544,45.778280100666805],[15.308396706593232,45.77825090703465],[15.307052323552721,45.77687190587091],[15.305371687738425,45.77301514151045],[15.30788910557887,45.77097881054242],[15.314430939940639,45.769913342375325],[15.314811082486383,45.771752264889656],[15.316889187358255,45.77293804226534],[15.315761859691086,45.77349420485641],[15.32,45.77488698388508],[15.32,45.77455066686348],[15.3194547432865,45.774346153282885],[15.319787586495394,45.77362256188406],[15.318021830690505,45.773451057991124],[15.31917297134119,45.77280017935735],[15.315162439119042,45.77156188988374],[15.315156511246077,45.76947228383025],[15.318969768916268,45.77051958954869],[15.32,45.77048437947444],[15.32,45.768146626433065],[15.319903100656406,45.76741468416702],[15.319741258949978,45.77007507319595],[15.318829182393674,45.77026747724948],[15.315473607420163,45.76892373723188],[15.309751678863904,45.76845694345505],[15.309924798822307,45.76711337348377],[15.30641798750449,45.7659037641861],[15.303206835028211,45.765454107415636],[15.301599756924379,45.76416909359689],[15.301525441757537,45.76324027058034],[15.305980960610901,45.760604108672396],[15.310644125825569,45.76161774186131],[15.31334184647379,45.76039461268166],[15.316245617418417,45.761431672008],[15.318713662647886,45.761260964848404],[15.32,45.76041397026716],[15.32,45.7603727043615],[15.318231555552604,45.76110032195509],[15.314337820661843,45.760611088840264],[15.313244867819993,45.76],[15.312519586468582,45.76],[15.312603149169616,45.76031631095148],[15.31055787789406,45.76134228057689],[15.305534715645,45.76041106436597],[15.300983406489289,45.76328777998209],[15.301144577411112,45.764403717341466],[15.302767862281291,45.76561932409208],[15.30666565285239,45.76623729781724],[15.307825034812442,45.76728827401098],[15.301136917269327,45.767101953225904],[15.295956119745302,45.7656357777159],[15.29580542203877,45.763403681442306],[15.293726319895448,45.76177576067853],[15.29416257885824,45.760888342176976],[15.293312073445367,45.7613744943511],[15.295464569967551,45.7635360914122],[15.294915167300351,45.76556595529237],[15.29570262474911,45.76642450911204],[15.299670334242077,45.766745522581594],[15.301114355434555,45.768010802380275],[15.301910060196835,45.76730951185756],[15.30636902465826,45.76743193666626],[15.307868041424197,45.76871322478884],[15.313764882410283,45.769176676182155],[15.313287370530126,45.77007242851209],[15.307560087011405,45.77079521784272],[15.304653882759343,45.77293549311],[15.306868638810741,45.77715138058602],[15.308145464184646,45.778486453181294],[15.309715929855313,45.77856050219183],[15.309399101752797,45.77984873352734],[15.307114570496122,45.78025534069409],[15.306387819754978,45.779349797296945],[15.304131220211964,45.77974318053665],[15.300788458791127,45.77693860079248],[15.298043998604653,45.775963491204045],[15.298444960543355,45.774127710832474],[15.29540695776508,45.7746517940572],[15.295297932585324,45.77288098947335],[15.300457386093452,45.77044684527421],[15.29952605260494,45.76996886769944],[15.294871330917742,45.773043974977575],[15.29558510429354,45.77685038298055],[15.298010339375146,45.780522320934445],[15.296539534811798,45.781926643947415],[15.29241498976456,45.77969307773127],[15.289762205040065,45.779273148038484],[15.287089628190484,45.77985903315082],[15.287120972005432,45.777729773800154],[15.284145654340096,45.77660112995151],[15.281309769254396,45.777732297732214],[15.280000000000001,45.776040181364266],[15.280000000000001,45.78010261567786],[15.280977568651037,45.77972409845147],[15.281867623162215,45.78401887021297],[15.280872069066614,45.78485438786575],[15.281306751866161,45.78561727648],[15.280000000000001,45.786308595813026],[15.280000000000001,45.787245164599575],[15.280941744824133,45.78625778610598]],[[15.309330431695923,45.767751104971495],[15.30832314149588,45.76849167694208],[15.307770502821695,45.76776840298578],[15.308716785318675,45.76742525628339],[15.309330431695923,45.767751104971495]],[[15.286482615301434,45.779752282813284],[15.2856155949151,45.77965179705644],[15.285141888783613,45.77839482076389],[15.28677347398949,45.77841129995158],[15.286482615301434,45.779752282813284]],[[15.28466877099331,45.77929176018897],[15.286301047093266,45.78043501658253],[15.284105693177331,45.78040646261602],[15.283811482971942,45.77950220100246],[15.28466877099331,45.77929176018897]],[[15.283596144327849,45.7803597115387],[15.285177026515408,45.781175102480155],[15.282091849122128,45.78343000519882],[15.28118642778504,45.779438102245905],[15.282764979316857,45.778610527570194],[15.283596144327849,45.7803597115387]],[[15.284645951773177,45.77737774398128],[15.284074656356546,45.777873096601056],[15.284002395585965,45.777084052504456],[15.284645951773177,45.77737774398128]],[[15.2841910151297,45.778798316823874],[15.28364846258821,45.77907699673699],[15.28368365743946,45.77822258918656],[15.2841910151297,45.778798316823874]]]}},{"type":"Feature","properties":{"_zoneType":"SI_BUILT","name":"Pozidano zemljišče","authority":"MKGP","dataSource":"raba-3000"},"geometry":{"type":"Polygon","coordinates":[[[15.32865064868127,45.7959179041851],[15.32766013920225,45.79585640896744],[15.326975065906575,45.797382283834956],[15.3243655702028,45.79666997085823],[15.324113399837008,45.79970491952258],[15.323769377811585,45.800000000000004],[15.32863450986252,45.800000000000004],[15.327673656109285,45.79955143532736],[15.32865064868127,45.7959179041851]],[[15.327192459467227,45.79910783613165],[15.326265166735753,45.79942765038988],[15.326715909175993,45.79863877645812],[15.327192459467227,45.79910783613165]]]}},{"type":"Feature","properties":{"_zoneType":"SI_BUILT","name":"Pozidano zemljišče","authority":"MKGP","dataSource":"raba-3000"},"geometry":{"type":"Polygon","coordinates":[[[15.322004281112516,45.79646473816758],[15.32,45.79811274037013],[15.32,45.79942039290703],[15.323282987632854,45.79635069032762],[15.322004281112516,45.79646473816758]]]}},{"type":"Feature","properties":{"_zoneType":"SI_BUILT","name":"Pozidano zemljišče","authority":"MKGP","dataSource":"raba-3000"},"geometry":{"type":"Polygon","coordinates":[[[15.320840601202995,45.794918178928704],[15.32115311092956,45.7928178794374],[15.323651483182896,45.79169351904849],[15.32291944620039,45.78930548793231],[15.321422053907728,45.78870477782396],[15.322398893524001,45.787863492240255],[15.32,45.78872022880864],[15.32,45.79498015011248],[15.320840601202995,45.794918178928704]]]}},{"type":"Feature","properties":{"_zoneType":"SI_BUILT","name":"Pozidano zemljišče","authority":"MKGP","dataSource":"raba-3000"},"geometry":{"type":"Polygon","coordinates":[[[15.324426082807022,45.78355680366434],[15.326581285657367,45.782701995315506],[15.330539185280193,45.783495937761636],[15.332240362256895,45.78285661897086],[15.336606547429504,45.77831303371601],[15.330231516638293,45.78328876359685],[15.326479630000248,45.78238680945426],[15.324446045667509,45.78330272805445],[15.32,45.78172338697161],[15.32,45.782135803018775],[15.324426082807022,45.78355680366434]]]}},{"type":"Feature","properties":{"_zoneType":"SI_BUILT","name":"Pozidano zemljišče","authority":"MKGP","dataSource":"raba-3000"},"geometry":{"type":"Polygon","coordinates":[[[15.320994988123902,45.775213966592524],[15.32287332025632,45.77724992815226],[15.324039471740228,45.775692648417234],[15.323239800116939,45.772777734202045],[15.323870230086683,45.772125007929],[15.321464591026514,45.77248164170967],[15.321048322058681,45.77494386898742],[15.32,45.77455066686348],[15.32,45.77488698388508],[15.320994988123902,45.775213966592524]],[[15.322809235278186,45.7760154527541],[15.32197239348174,45.77549420719896],[15.323336163618396,45.77525727486238],[15.322809235278186,45.7760154527541]],[[15.323176504856368,45.773726030882614],[15.322986682049505,45.774420920548636],[15.322399438662302,45.77358078401068],[15.323176504856368,45.773726030882614]],[[15.322974907636354,45.77298209800296],[15.322287486516833,45.77338013477155],[15.322502370202516,45.77263421400383],[15.322974907636354,45.77298209800296]]]}},{"type":"Feature","properties":{"_zoneType":"SI_BUILT","name":"Pozidano zemljišče","authority":"MKGP","dataSource":"raba-3000"},"geometry":{"type":"Polygon","coordinates":[[[15.325958192898133,45.77028074708783],[15.327384049295205,45.76933468672585],[15.32892597401935,45.7660081229258],[15.331542453041386,45.764196909007616],[15.343140231308144,45.76889436585656],[15.331465722321663,45.763918141934845],[15.328632501967903,45.76586383016392],[15.325833184017966,45.77004600058701],[15.320287988328925,45.77032198513259],[15.32,45.768146626433065],[15.32,45.77048437947444],[15.325958192898133,45.77028074708783]]]}},{"type":"Feature","properties":{"_zoneType":"SI_BUILT","name":"Pozidano zemljišče","authority":"MKGP","dataSource":"raba-3000"},"geometry":{"type":"Polygon","coordinates":[[[15.320167062025568,45.760303967529424],[15.32,45.7603727043615],[15.32,45.76041397026716],[15.320167062025568,45.760303967529424]]]}},{"type":"Feature","properties":{"_zoneType":"SI_BUILT","name":"Pozidano zemljišče","authority":"MKGP","dataSource":"raba-3000"},"geometry":{"type":"Polygon","coordinates":[[[15.397872552470218,45.79031291646196],[15.395892628217009,45.790929070054204],[15.396380492439755,45.792317246940435],[15.394152796864557,45.792582007477456],[15.397544937779518,45.79327330344708],[15.4,45.79561192533294],[15.4,45.79537814938807],[15.39677816792197,45.792604630838674],[15.397872552470218,45.79031291646196]]]}},{"type":"Feature","properties":{"_zoneType":"SI_BUILT","name":"Pozidano zemljišče","authority":"MKGP","dataSource":"raba-3000"},"geometry":{"type":"Polygon","coordinates":[[[15.394186262215086,45.79813581379454],[15.38276408725192,45.79671501123163],[15.383123415964397,45.792811620092415],[15.38076180666859,45.79115473358161],[15.379432332109086,45.78757795827155],[15.382285314679446,45.78219968376481],[15.378938262864311,45.78754375866184],[15.380471142749476,45.79127090515789],[15.382776747300253,45.792890097747325],[15.382514338001847,45.796893347128915],[15.384796357905978,45.79789528476619],[15.386736274415403,45.79726213980992],[15.395315581819913,45.79871096099906],[15.396777928569021,45.800000000000004],[15.397755055890428,45.800000000000004],[15.397420183036497,45.79948159399762],[15.394186262215086,45.79813581379454]]]}},{"type":"Feature","properties":{"_zoneType":"SI_BUILT","name":"Pozidano zemljišče","authority":"MKGP","dataSource":"raba-3000"},"geometry":{"type":"Polygon","coordinates":[[[15.360887085653433,45.800000000000004],[15.361043084700908,45.800000000000004],[15.361250205196264,45.79710833863819],[15.360887085653433,45.800000000000004]]]}},{"type":"Feature","properties":{"_zoneType":"SI_BUILT","name":"Pozidano zemljišče","authority":"MKGP","dataSource":"raba-3000"},"geometry":{"type":"Polygon","coordinates":[[[15.270500807714908,45.76907184350756],[15.270279928699424,45.76898172724403],[15.270267313224624,45.769324055793696],[15.270500807714908,45.76907184350756]]]}},{"type":"Feature","properties":{"_zoneType":"SI_BUILT","name":"Pozidano zemljišče","authority":"MKGP","dataSource":"raba-3000"},"geometry":{"type":"Polygon","coordinates":[[[15.285780128266106,45.800000000000004],[15.285764708321864,45.799970420080236],[15.285738324548348,45.800000000000004],[15.285780128266106,45.800000000000004]]]}},{"type":"Feature","properties":{"_zoneType":"SI_BUILT","name":"Pozidano zemljišče","authority":"MKGP","dataSource":"raba-3000"},"geometry":{"type":"Polygon","coordinates":[[[15.257184491644175,45.766018387039196],[15.257130937494642,45.76601653338227],[15.257322989011707,45.76618980050816],[15.257184491644175,45.766018387039196]]]}},{"type":"Feature","properties":{"_zoneType":"SI_BUILT","name":"Pozidano zemljišče","authority":"MKGP","dataSource":"raba-3000"},"geometry":{"type":"Polygon","coordinates":[[[15.371390439949398,45.67968365838512],[15.367911109182431,45.67932090777103],[15.368619774989066,45.68],[15.371305118295089,45.68],[15.371390439949398,45.67968365838512]]]}},{"type":"Feature","properties":{"_zoneType":"SI_BUILT","name":"Pozidano zemljišče","authority":"MKGP","dataSource":"raba-3000"},"geometry":{"type":"Polygon","coordinates":[[[15.366009928795943,45.68135640370648],[15.365034775309756,45.68086261336438],[15.365434612087599,45.68155515011018],[15.367494351666412,45.68174566778736],[15.365452437976604,45.68590599664173],[15.367070812794864,45.68773548964135],[15.366055870519867,45.6859130318427],[15.36991110805048,45.680154303617726],[15.371182135134223,45.680455976762595],[15.371305118295089,45.68],[15.368619774989066,45.68],[15.368922945531377,45.68029051882765],[15.366009928795943,45.68135640370648]]]}},{"type":"Feature","properties":{"_zoneType":"SI_BUILT","name":"Pozidano zemljišče","authority":"MKGP","dataSource":"raba-3000"},"geometry":{"type":"Polygon","coordinates":[[[15.364667170646738,45.680087954588984],[15.364747857946567,45.68022775838063],[15.36494290888565,45.68000576641506],[15.364667170646738,45.680087954588984]]]}},{"type":"Feature","properties":{"_zoneType":"SI_BUILT","name":"Pozidano zemljišče","authority":"MKGP","dataSource":"raba-3000"},"geometry":{"type":"Polygon","coordinates":[[[15.373288138032654,45.67927811102764],[15.372705815128699,45.679280012224304],[15.372941863382009,45.67951282851354],[15.373288138032654,45.67927811102764]]]}},{"type":"Feature","properties":{"_zoneType":"SI_BUILT","name":"Pozidano zemljišče","authority":"MKGP","dataSource":"raba-3000"},"geometry":{"type":"Polygon","coordinates":[[[15.37632249575823,45.79325255047274],[15.37345356142721,45.791870132295706],[15.370131815188458,45.791592176333296],[15.37632249575823,45.79325255047274]]]}},{"type":"Feature","properties":{"_zoneType":"SI_BUILT","name":"Pozidano zemljišče","authority":"MKGP","dataSource":"raba-3000"},"geometry":{"type":"Polygon","coordinates":[[[15.375100694625035,45.786304126942824],[15.37479809352729,45.7848728964661],[15.374570603941695,45.78582591194192],[15.375100694625035,45.786304126942824]]]}},{"type":"Feature","properties":{"_zoneType":"SI_BUILT","name":"Pozidano zemljišče","authority":"MKGP","dataSource":"raba-3000"},"geometry":{"type":"Polygon","coordinates":[[[15.373664153701874,45.78191727656093],[15.373819090108046,45.78180881910746],[15.373315834124691,45.781470830077595],[15.373664153701874,45.78191727656093]]]}},{"type":"Feature","properties":{"_zoneType":"SI_BUILT","name":"Pozidano zemljišče","authority":"MKGP","dataSource":"raba-3000"},"geometry":{"type":"Polygon","coordinates":[[[15.373060442217005,45.800000000000004],[15.373492489807433,45.800000000000004],[15.37351337965125,45.79989705523928],[15.37013163451914,45.79640737358182],[15.373132462655802,45.79996399705074],[15.373060442217005,45.800000000000004]]]}},{"type":"Feature","properties":{"_zoneType":"SI_BUILT","name":"Pozidano zemljišče","authority":"MKGP","dataSource":"raba-3000"},"geometry":{"type":"Polygon","coordinates":[[[15.373191964034316,45.78045747042154],[15.372407562657592,45.778552187382864],[15.372686749698708,45.78020988685421],[15.373191964034316,45.78045747042154]]]}},{"type":"Feature","properties":{"_zoneType":"SI_BUILT","name":"Pozidano zemljišče","authority":"MKGP","dataSource":"raba-3000"},"geometry":{"type":"Polygon","coordinates":[[[15.373149860879773,45.7903579394606],[15.372819452337625,45.790309874424885],[15.373096917746253,45.79056338337456],[15.373149860879773,45.7903579394606]]]}},{"type":"Feature","properties":{"_zoneType":"SI_BUILT","name":"Pozidano zemljišče","authority":"MKGP","dataSource":"raba-3000"},"geometry":{"type":"Polygon","coordinates":[[[15.37054900700994,45.69143598459156],[15.371645500306313,45.691977900501435],[15.370754614033688,45.69134299633418],[15.37054900700994,45.69143598459156]]]}},{"type":"Feature","properties":{"_zoneType":"SI_BUILT","name":"Pozidano zemljišče","authority":"MKGP","dataSource":"raba-3000"},"geometry":{"type":"Polygon","coordinates":[[[15.369631373586504,45.692836429484124],[15.368573699920104,45.69265342361669],[15.367835212996976,45.69096723184213],[15.368697675094475,45.693245281092935],[15.369631373586504,45.692836429484124]]]}},{"type":"Feature","properties":{"_zoneType":"SI_BUILT","name":"Pozidano zemljišče","authority":"MKGP","dataSource":"raba-3000"},"geometry":{"type":"Polygon","coordinates":[[[15.370411740030171,45.69222450185348],[15.370088197328569,45.69219759258182],[15.370372583169038,45.69241114615487],[15.370411740030171,45.69222450185348]]]}},{"type":"Feature","properties":{"_zoneType":"SI_BUILT","name":"Pozidano zemljišče","authority":"MKGP","dataSource":"raba-3000"},"geometry":{"type":"Polygon","coordinates":[[[15.368396373723707,45.689516842013106],[15.367669021770752,45.688577324545335],[15.366369753937347,45.68868624354035],[15.368032375461537,45.6896900388727],[15.368396373723707,45.689516842013106]]]}},{"type":"Feature","properties":{"_zoneType":"SI_BUILT","name":"Pozidano zemljišče","authority":"MKGP","dataSource":"raba-3000"},"geometry":{"type":"Polygon","coordinates":[[[15.366030053442291,45.7923283891996],[15.36387347699811,45.79247864521858],[15.36522630528913,45.79258540888681],[15.366030053442291,45.7923283891996]]]}},{"type":"Feature","properties":{"_zoneType":"SI_BUILT","name":"Pozidano zemljišče","authority":"MKGP","dataSource":"raba-3000"},"geometry":{"type":"Polygon","coordinates":[[[15.31917908201845,45.69194192893975],[15.32,45.69031911741635],[15.32,45.690124990841625],[15.318737635085727,45.69185787923759],[15.32,45.692792283541344],[15.32,45.69243813944952],[15.31917908201845,45.69194192893975]]]}},{"type":"Feature","properties":{"_zoneType":"SI_BUILT","name":"Pozidano zemljišče","authority":"MKGP","dataSource":"raba-3000"},"geometry":{"type":"Polygon","coordinates":[[[15.34592876081029,45.67979896345543],[15.346842505961131,45.67936145854706],[15.345439376028404,45.679860467137885],[15.345469799004933,45.68],[15.346184436836033,45.68],[15.34592876081029,45.67979896345543]]]}},{"type":"Feature","properties":{"_zoneType":"SI_BUILT","name":"Pozidano zemljišče","authority":"MKGP","dataSource":"raba-3000"},"geometry":{"type":"Polygon","coordinates":[[[15.331110139511672,45.67940813739878],[15.330763709218628,45.68],[15.331223312584337,45.68],[15.331110139511672,45.67940813739878]]]}},{"type":"Feature","properties":{"_zoneType":"SI_BUILT","name":"Pozidano zemljišče","authority":"MKGP","dataSource":"raba-3000"},"geometry":{"type":"Polygon","coordinates":[[[15.325567793816615,45.698097920496465],[15.327913323740002,45.69910725503225],[15.330256387170746,45.69920940823271],[15.327256242186259,45.69858476375925],[15.32888967561658,45.696547710850346],[15.33379431818444,45.696030945841024],[15.333890172904393,45.69889824617653],[15.332301872138022,45.69847923694337],[15.333802281154956,45.70043401430843],[15.333495565162831,45.70138335014386],[15.334971404619932,45.70283620717978],[15.33385908398686,45.70130995969272],[15.33425301400009,45.69632458331596],[15.335227233130436,45.696145832409826],[15.337827978605057,45.69891090584653],[15.344600568128518,45.70154345931494],[15.346268362603498,45.70342151963674],[15.344257557324804,45.70395761188904],[15.346143774853312,45.70489045667273],[15.346309285511769,45.704043581601134],[15.347319468930957,45.70410393744399],[15.349003866021274,45.70599380227704],[15.348678311250556,45.707273270067354],[15.35100041761332,45.705991624137646],[15.348949881146487,45.70554853245443],[15.348613409495796,45.70406104475668],[15.3504842802723,45.702579808741554],[15.346302432731157,45.70257596025457],[15.343912586126736,45.69893104089586],[15.349225976299694,45.696003647059456],[15.35082526622161,45.69629464016786],[15.348505004520513,45.69344381791951],[15.349232380161931,45.69147641063204],[15.35120005894865,45.69141575022396],[15.350900559718863,45.69304905602797],[15.35269679822318,45.69277389068806],[15.354675534317785,45.695035160767155],[15.356443176617228,45.69534000282737],[15.36,45.69794290489344],[15.36,45.696377784778655],[15.359665742443244,45.695596957846824],[15.36,45.695162558985544],[15.36,45.69444945300525],[15.357693510777208,45.6958141613946],[15.356868955417125,45.69500560276853],[15.358152944375332,45.69472688296131],[15.359366659132021,45.693286814184184],[15.357631905992266,45.693118688255474],[15.357938894458702,45.69439208729419],[15.356592887841973,45.694700517377875],[15.355718957314448,45.69300419014993],[15.357592524441028,45.6930350665383],[15.357321579270602,45.69178531218628],[15.353641380064744,45.692604247452095],[15.355448750634892,45.69117132396632],[15.357787124125432,45.69118903645996],[15.357323208929198,45.690147124833],[15.355407231915214,45.69085435613738],[15.354474463190646,45.68991299090191],[15.35081221495462,45.68936602570422],[15.35144547449335,45.68841463683654],[15.35356013970641,45.688796831745385],[15.353629040761092,45.687942701257576],[15.355751664768094,45.687897622454905],[15.356900984299907,45.688692757381084],[15.356567211380469,45.689522594996234],[15.358257442563438,45.68928661185051],[15.359620687640337,45.69191279560554],[15.36,45.691792318528414],[15.36,45.69049205647547],[15.35667687384122,45.68816274767201],[15.35739351863342,45.68719880612835],[15.358790083691584,45.68739200339367],[15.35822338791798,45.684989736502835],[15.353414436287462,45.6873386179827],[15.354157792614288,45.68626547566633],[15.350730850553202,45.6846147576516],[15.35050473915174,45.68247192976556],[15.346534922919567,45.682539037539264],[15.346995092441668,45.680637413700865],[15.346184436836033,45.68],[15.345469799004933,45.68],[15.346152929254599,45.68313312929257],[15.344394523682933,45.68319243375062],[15.343985536769292,45.6821167821512],[15.342548186849664,45.68186036314248],[15.34225128698645,45.68315909416572],[15.340356368631127,45.68319379988449],[15.340366122585365,45.68402495965505],[15.347520524692422,45.68659063025003],[15.34275079265729,45.68873266149962],[15.341718549340305,45.69037659139581],[15.335717561429473,45.687936894542844],[15.335198375498859,45.686440764924086],[15.335903011149684,45.68538741028368],[15.334647279466601,45.68670721510833],[15.331537723160352,45.687111811672146],[15.330136948324588,45.682094876638054],[15.331333332386743,45.68057537190522],[15.331223312584337,45.68],[15.330763709218628,45.68],[15.329762341545447,45.68171079749007],[15.330683097600462,45.686388490790726],[15.3282048940318,45.686879891794476],[15.326637961930553,45.68539970171861],[15.326138350422255,45.68629901444364],[15.325322155668886,45.685818152970974],[15.321651346377022,45.685390589601376],[15.325207084094759,45.68608276780634],[15.32646244135329,45.687310814694186],[15.32628760703011,45.689604642173364],[15.323863280851722,45.689169245314275],[15.324066835032394,45.68656624184881],[15.322761823394062,45.68911852657679],[15.32477492705982,45.69310503214203],[15.322022476309058,45.69261434556168],[15.324259395085548,45.693737763144824],[15.32434220912156,45.69506282285296],[15.32,45.69243813944952],[15.32,45.692792283541344],[15.325670560560397,45.696989640527754],[15.325567793816615,45.698097920496465]],[[15.359870324878376,45.696986370806],[15.358715867814997,45.696876807338036],[15.359684900082117,45.696242898722424],[15.359870324878376,45.696986370806]],[[15.355835769789147,45.68684972504747],[15.356890154468706,45.686749376486226],[15.355948230776455,45.68725365110315],[15.355835769789147,45.68684972504747]],[[15.35442541281726,45.69122599293849],[15.354319492559654,45.691663762220564],[15.353654168126246,45.69104283438045],[15.35442541281726,45.69122599293849]],[[15.352541240015043,45.68755052379229],[15.350862625678744,45.68784156422125],[15.350391483959507,45.6873837142758],[15.35167486273831,45.6866522444319],[15.352541240015043,45.68755052379229]],[[15.349709242865162,45.683368989048994],[15.351220573721616,45.686129696508914],[15.349266286347358,45.68689606828165],[15.347685532995841,45.68550323773177],[15.349709242865162,45.683368989048994]],[[15.336677844946207,45.69211227909804],[15.336572029350563,45.69084609705154],[15.340937895828759,45.690577206808264],[15.34153045811243,45.690975034121465],[15.340897310948096,45.692020172731894],[15.342209097616315,45.691056836486304],[15.342632901979615,45.68923696983175],[15.34621993956497,45.68774777618676],[15.346895513781533,45.688492657179076],[15.344861085119739,45.68881281810109],[15.348583122760335,45.691249111788316],[15.346750919290313,45.69208285593437],[15.346055266435222,45.6944073785562],[15.342758541711047,45.69611196145633],[15.345328439939738,45.69495179770453],[15.345548333843803,45.69615360443026],[15.34703323501102,45.69321548718518],[15.349636946962963,45.69519455548315],[15.346180498853949,45.69674553259982],[15.343399354821022,45.698818877340386],[15.343902235466986,45.69979248225314],[15.342499932449124,45.700204964235695],[15.336709715938436,45.69763934347489],[15.334714048127307,45.69503220198035],[15.332227554365604,45.69566931120379],[15.331055307455824,45.69508502929224],[15.332024549262622,45.69376602238017],[15.336677844946207,45.69211227909804]],[[15.348653543305357,45.69205976579459],[15.34857556581294,45.69246064395601],[15.347524251326215,45.69282059061063],[15.347323569855293,45.69196295112713],[15.348653543305357,45.69205976579459]],[[15.348572334054111,45.683244466112626],[15.34787721974364,45.68395036767692],[15.348061254199049,45.68296806143993],[15.348572334054111,45.683244466112626]],[[15.347872874283215,45.68493103951208],[15.346149799024266,45.685285126030536],[15.345437894110672,45.68490216805783],[15.346666361941717,45.683816437520896],[15.347872874283215,45.68493103951208]],[[15.345617458746904,45.683906553508606],[15.344671425262383,45.68429042972054],[15.345098425043137,45.6835124650825],[15.345617458746904,45.683906553508606]],[[15.343749423999428,45.68338274568734],[15.342836819361974,45.68338355280608],[15.343677543463425,45.68277361847505],[15.343749423999428,45.68338274568734]],[[15.341487052062034,45.684119202961995],[15.341310062293694,45.68361629912921],[15.34215604247428,45.68402585430729],[15.341487052062034,45.684119202961995]],[[15.331962273010785,45.687503997935465],[15.33401013390804,45.68705885359487],[15.338296226345559,45.69030779625459],[15.335634149129785,45.6908448147799],[15.336340568597823,45.69198889628347],[15.331963997459214,45.693518498134885],[15.330474797779939,45.69470224130734],[15.330191963973679,45.69367625671152],[15.332467444045824,45.692094485927576],[15.32940319433183,45.69326207910594],[15.32863621094046,45.69247427430019],[15.32959401960941,45.69133281943742],[15.328291497846914,45.69062641822287],[15.329426330905843,45.68996407243251],[15.326753701518031,45.68910480212663],[15.327284591893456,45.686959583583196],[15.331962273010785,45.687503997935465]],[[15.32878335200419,45.69183201853022],[15.32819879617805,45.69216402704953],[15.326979623660666,45.69141144425903],[15.32760847123418,45.69085288222663],[15.32878335200419,45.69183201853022]],[[15.327979809717165,45.69697553024901],[15.326916081585544,45.698021965274144],[15.326117117711211,45.69676756342139],[15.327175724622565,45.69614869719573],[15.327979809717165,45.69697553024901]],[[15.327468398591032,45.695261392400184],[15.326736470025054,45.69552408154659],[15.325374177833467,45.694539632923345],[15.326658374576448,45.69426069890952],[15.327468398591032,45.695261392400184]],[[15.326747200113072,45.69061996035686],[15.324981595879969,45.6920302636896],[15.32394901538375,45.69079124448701],[15.32438902009462,45.68954448031286],[15.326747200113072,45.69061996035686]]]}},{"type":"Feature","properties":{"_zoneType":"SI_BUILT","name":"Pozidano zemljišče","authority":"MKGP","dataSource":"raba-3000"},"geometry":{"type":"Polygon","coordinates":[[[15.320321351783496,45.68968386104599],[15.32,45.690124990841625],[15.32,45.69031911741635],[15.320321351783496,45.68968386104599]]]}},{"type":"Feature","properties":{"_zoneType":"SI_BUILT","name":"Pozidano zemljišče","authority":"MKGP","dataSource":"raba-3000"},"geometry":{"type":"Polygon","coordinates":[[[15.361715446759199,45.699198277857796],[15.363875928474501,45.698624671907424],[15.361206468532917,45.69834454586923],[15.362219597361937,45.69713047740924],[15.360445681766453,45.69741889909078],[15.36,45.696377784778655],[15.36,45.69794290489344],[15.361715446759199,45.699198277857796]]]}},{"type":"Feature","properties":{"_zoneType":"SI_BUILT","name":"Pozidano zemljišče","authority":"MKGP","dataSource":"raba-3000"},"geometry":{"type":"Polygon","coordinates":[[[15.361007338267106,45.69385342898291],[15.36,45.69444945300525],[15.36,45.695162558985544],[15.361007338267106,45.69385342898291]]]}},{"type":"Feature","properties":{"_zoneType":"SI_BUILT","name":"Pozidano zemljišče","authority":"MKGP","dataSource":"raba-3000"},"geometry":{"type":"Polygon","coordinates":[[[15.361276570536344,45.691386854580166],[15.36,45.69049205647547],[15.36,45.691792318528414],[15.361276570536344,45.691386854580166]]]}},{"type":"Feature","properties":{"_zoneType":"SI_BUILT","name":"Pozidano zemljišče","authority":"MKGP","dataSource":"raba-3000"},"geometry":{"type":"Polygon","coordinates":[[[15.349868612190896,45.679621275715895],[15.349879364659138,45.6793521985452],[15.34963261896886,45.67966842607189],[15.349868612190896,45.679621275715895]]]}},{"type":"Feature","properties":{"_zoneType":"SI_BUILT","name":"Pozidano zemljišče","authority":"MKGP","dataSource":"raba-3000"},"geometry":{"type":"Polygon","coordinates":[[[15.342226476526053,45.67939105580924],[15.342038386338425,45.68],[15.342867745443268,45.68],[15.342226476526053,45.67939105580924]]]}},{"type":"Feature","properties":{"_zoneType":"SI_BUILT","name":"Pozidano zemljišče","authority":"MKGP","dataSource":"raba-3000"},"geometry":{"type":"Polygon","coordinates":[[[15.342419998386525,45.681486265243784],[15.342884239174936,45.68001566232483],[15.342867745443268,45.68],[15.342038386338425,45.68],[15.341761900443881,45.68089512632973],[15.342419998386525,45.681486265243784]]]}},{"type":"Feature","properties":{"_zoneType":"SI_BUILT","name":"Pozidano zemljišče","authority":"MKGP","dataSource":"raba-3000"},"geometry":{"type":"Polygon","coordinates":[[[15.346732598915088,45.7008734708059],[15.34641838974442,45.700779264380365],[15.346614862557903,45.70106580193614],[15.346732598915088,45.7008734708059]]]}},{"type":"Feature","properties":{"_zoneType":"SI_BUILT","name":"Pozidano zemljišče","authority":"MKGP","dataSource":"raba-3000"},"geometry":{"type":"Polygon","coordinates":[[[15.351461149328083,45.70663146005662],[15.35137836211037,45.70647028740908],[15.35117289574752,45.7066954052685],[15.351461149328083,45.70663146005662]]]}},{"type":"Feature","properties":{"_zoneType":"SI_BUILT","name":"Pozidano zemljišče","authority":"MKGP","dataSource":"raba-3000"},"geometry":{"type":"Polygon","coordinates":[[[15.36155138888614,45.69532589496058],[15.361417985745694,45.695170378437886],[15.361275224329358,45.69543337553964],[15.36155138888614,45.69532589496058]]]}},{"type":"Feature","properties":{"_zoneType":"SI_BUILT","name":"Pozidano zemljišče","authority":"MKGP","dataSource":"raba-3000"},"geometry":{"type":"Polygon","coordinates":[[[15.363290856448943,45.69651793540201],[15.36300279511679,45.69639744350915],[15.36316135162788,45.69667772441797],[15.363290856448943,45.69651793540201]]]}},{"type":"Feature","properties":{"_zoneType":"SI_BUILT","name":"Pozidano zemljišče","authority":"MKGP","dataSource":"raba-3000"},"geometry":{"type":"Polygon","coordinates":[[[15.355824013720653,45.70186560116947],[15.355818589934719,45.70024696194642],[15.355560481846247,45.70180077629961],[15.355824013720653,45.70186560116947]]]}},{"type":"Feature","properties":{"_zoneType":"SI_BUILT","name":"Pozidano zemljišče","authority":"MKGP","dataSource":"raba-3000"},"geometry":{"type":"Polygon","coordinates":[[[15.355361729118105,45.69869273225395],[15.353697758977146,45.69819286604888],[15.355434481822948,45.699413670159814],[15.355361729118105,45.69869273225395]]]}},{"type":"Feature","properties":{"_zoneType":"SI_BUILT","name":"Pozidano zemljišče","authority":"MKGP","dataSource":"raba-3000"},"geometry":{"type":"Polygon","coordinates":[[[15.353819720126534,45.70581873104023],[15.354111720377727,45.70591588398168],[15.353959204949843,45.705599950531656],[15.353819720126534,45.70581873104023]]]}},{"type":"Feature","properties":{"_zoneType":"SI_BUILT","name":"Pozidano zemljišče","authority":"MKGP","dataSource":"raba-3000"},"geometry":{"type":"Polygon","coordinates":[[[15.35238395796508,45.69724081604967],[15.352207299504213,45.697082093135045],[15.352160586029356,45.69733983428278],[15.35238395796508,45.69724081604967]]]}},{"type":"Feature","properties":{"_zoneType":"SI_BUILT","name":"Pozidano zemljišče","authority":"MKGP","dataSource":"raba-3000"},"geometry":{"type":"Polygon","coordinates":[[[15.35091816400388,45.70466840362877],[15.350721107026436,45.704328987424624],[15.350609224494049,45.704788349481376],[15.35091816400388,45.70466840362877]]]}},{"type":"Feature","properties":{"_zoneType":"SI_BUILT","name":"Pozidano zemljišče","authority":"MKGP","dataSource":"raba-3000"},"geometry":{"type":"Polygon","coordinates":[[[15.347273076182066,45.77005333176613],[15.347266955682537,45.77016978677533],[15.350079024150826,45.771609593505296],[15.347273076182066,45.77005333176613]]]}},{"type":"Feature","properties":{"_zoneType":"SI_BUILT","name":"Pozidano zemljišče","authority":"MKGP","dataSource":"raba-3000"},"geometry":{"type":"Polygon","coordinates":[[[15.339558867365627,45.705156497764925],[15.339991623850755,45.70531369099788],[15.34179274404097,45.70529769623999],[15.339558867365627,45.705156497764925]]]}},{"type":"Feature","properties":{"_zoneType":"SI_BUILT","name":"Pozidano zemljišče","authority":"MKGP","dataSource":"raba-3000"},"geometry":{"type":"Polygon","coordinates":[[[15.341418425613217,45.68184262226751],[15.341066909278076,45.681712158588766],[15.340176927740107,45.682063618142465],[15.341306718097076,45.682003353310954],[15.341418425613217,45.68184262226751]]]}},{"type":"Feature","properties":{"_zoneType":"SI_BUILT","name":"Pozidano zemljišče","authority":"MKGP","dataSource":"raba-3000"},"geometry":{"type":"Polygon","coordinates":[[[15.339037874185358,45.68325273779427],[15.338407415983312,45.68285703924157],[15.338838443294575,45.68334727314576],[15.339037874185358,45.68325273779427]]]}},{"type":"Feature","properties":{"_zoneType":"SI_BUILT","name":"Pozidano zemljišče","authority":"MKGP","dataSource":"raba-3000"},"geometry":{"type":"Polygon","coordinates":[[[15.33874140544253,45.67938576555522],[15.337916856841021,45.67944554572156],[15.337724706730633,45.68],[15.337943613767191,45.68],[15.338209406551812,45.679625172677326],[15.33874140544253,45.67938576555522]]]}},{"type":"Feature","properties":{"_zoneType":"SI_BUILT","name":"Pozidano zemljišče","authority":"MKGP","dataSource":"raba-3000"},"geometry":{"type":"Polygon","coordinates":[[[15.337515456191467,45.68060379802266],[15.337943613767191,45.68],[15.337724706730633,45.68],[15.337515456191467,45.68060379802266]]]}},{"type":"Feature","properties":{"_zoneType":"SI_BUILT","name":"Pozidano zemljišče","authority":"MKGP","dataSource":"raba-3000"},"geometry":{"type":"Polygon","coordinates":[[[15.338074576689825,45.68148701709301],[15.338062079547697,45.68137902544698],[15.337583813159121,45.68135835890898],[15.338074576689825,45.68148701709301]]]}},{"type":"Feature","properties":{"_zoneType":"SI_BUILT","name":"Pozidano zemljišče","authority":"MKGP","dataSource":"raba-3000"},"geometry":{"type":"Polygon","coordinates":[[[15.337589217223345,45.70893993617005],[15.33716549047693,45.70880046808216],[15.336354089687664,45.70935153398647],[15.337589217223345,45.70893993617005]]]}},{"type":"Feature","properties":{"_zoneType":"SI_BUILT","name":"Pozidano zemljišče","authority":"MKGP","dataSource":"raba-3000"},"geometry":{"type":"Polygon","coordinates":[[[15.329651381376426,45.78585413820222],[15.327768048534473,45.78623416414455],[15.32957772062495,45.785966102129464],[15.329651381376426,45.78585413820222]]]}},{"type":"Feature","properties":{"_zoneType":"SI_BUILT","name":"Pozidano zemljišče","authority":"MKGP","dataSource":"raba-3000"},"geometry":{"type":"Polygon","coordinates":[[[15.317868976430388,45.759971218300535],[15.31609613833683,45.75955203277735],[15.3167663423244,45.76],[15.317841394380874,45.76],[15.317868976430388,45.759971218300535]]]}},{"type":"Feature","properties":{"_zoneType":"SI_BUILT","name":"Pozidano zemljišče","authority":"MKGP","dataSource":"raba-3000"},"geometry":{"type":"Polygon","coordinates":[[[15.317841394380874,45.76],[15.3167663423244,45.76],[15.317421644288629,45.76043800664627],[15.317841394380874,45.76]]]}},{"type":"Feature","properties":{"_zoneType":"SI_BUILT","name":"Pozidano zemljišče","authority":"MKGP","dataSource":"raba-3000"},"geometry":{"type":"Polygon","coordinates":[[[15.312745796811624,45.6802384086787],[15.31269294677014,45.680397490517585],[15.313055042784232,45.68028511993783],[15.312745796811624,45.6802384086787]]]}},{"type":"Feature","properties":{"_zoneType":"SI_BUILT","name":"Pozidano zemljišče","authority":"MKGP","dataSource":"raba-3000"},"geometry":{"type":"Polygon","coordinates":[[[15.275737206431725,45.67955520015979],[15.274641042156722,45.68],[15.277985830673884,45.68],[15.275737206431725,45.67955520015979]]]}},{"type":"Feature","properties":{"_zoneType":"SI_BUILT","name":"Pozidano zemljišče","authority":"MKGP","dataSource":"raba-3000"},"geometry":{"type":"Polygon","coordinates":[[[15.266938655865243,45.679576096800936],[15.263430532197036,45.679948933715906],[15.263418045555404,45.68],[15.266789860518742,45.68],[15.266938655865243,45.679576096800936]]]}},{"type":"Feature","properties":{"_zoneType":"SI_BUILT","name":"Pozidano zemljišče","authority":"MKGP","dataSource":"raba-3000"},"geometry":{"type":"Polygon","coordinates":[[[15.262082008931815,45.70466461326844],[15.263314368702396,45.704454926034934],[15.263606924287178,45.70270121303596],[15.266534946956423,45.70046982291364],[15.27402045996791,45.70098513472653],[15.275884680199903,45.702248941392334],[15.274431725243563,45.70087507290981],[15.273113159917859,45.70038954113606],[15.273226401141992,45.69925665277689],[15.270952022425623,45.69991902024993],[15.270257916342716,45.698558346510985],[15.27141442990143,45.69845237174879],[15.271986714593405,45.69701252874639],[15.269318220057825,45.69729511111545],[15.26944266962556,45.69590112298403],[15.273785282072968,45.69448760896483],[15.274475215203914,45.695355004247325],[15.2732927137311,45.69706996980586],[15.274099491118392,45.6975547987366],[15.273536563275364,45.69896796562433],[15.27483997508116,45.69891399626845],[15.274566244713094,45.69779821535323],[15.276400956267322,45.69827382571635],[15.274572028684863,45.69639897479074],[15.275024256288445,45.69544781964264],[15.276906871350088,45.69519714179397],[15.274959208168438,45.695101037924225],[15.274443164973173,45.694059840297456],[15.276551933528518,45.69343425538626],[15.276953895736234,45.690380765727866],[15.280000000000001,45.69225019335167],[15.280000000000001,45.692055594037086],[15.278805353352674,45.69089049166727],[15.279154488906073,45.690057157050276],[15.277634231927143,45.6903070639684],[15.277411361525939,45.689061666576784],[15.278737410478357,45.68762778259274],[15.280000000000001,45.687869042032524],[15.280000000000001,45.686847253658215],[15.279342443095,45.68684224005149],[15.280000000000001,45.68600078070742],[15.280000000000001,45.68350015553026],[15.27994596160025,45.68357582111281],[15.279528889873827,45.68271106962801],[15.280000000000001,45.682841975421255],[15.280000000000001,45.6803984223676],[15.277985830673884,45.68],[15.274641042156722,45.68],[15.271650643798743,45.68121343920991],[15.270648275497436,45.68076470949144],[15.271181450893963,45.681892221675966],[15.269043945058227,45.68370658969965],[15.268136038835355,45.68222805402979],[15.266436173145292,45.68100762028248],[15.266789860518742,45.68],[15.263418045555404,45.68],[15.26323533907556,45.680747209800735],[15.265957439531329,45.680174098051516],[15.265615817923138,45.68137774632913],[15.267783483982283,45.682313502108386],[15.268362051269595,45.683709800162966],[15.266650686924123,45.68385169270633],[15.268501127299709,45.68433166213535],[15.269529854002265,45.68599316296428],[15.27167659496002,45.68679332874752],[15.26830809061614,45.687769971627034],[15.268186590087575,45.68965130335403],[15.264779891589075,45.69010822758299],[15.265015618318078,45.69101985779101],[15.261271695978188,45.69092910966846],[15.25906627790219,45.689273963697055],[15.259405845180236,45.68693386285892],[15.260397835969172,45.68623229201768],[15.259207378710798,45.68483370801292],[15.26032072198577,45.68410579503586],[15.258874209189841,45.684533800440875],[15.259043876473347,45.68575380388743],[15.257739197795296,45.68587064621516],[15.259050427435012,45.68717080196942],[15.25847420005081,45.68923571186946],[15.259143740131568,45.69005118508695],[15.257973495656655,45.69080760921286],[15.258276494373936,45.692089731808],[15.256833677302403,45.69185323219841],[15.256797958951882,45.69340204024613],[15.259919258747344,45.69574915234834],[15.256823104439826,45.69889539996512],[15.258935846653534,45.69802868030582],[15.260076651677188,45.696388477758056],[15.260991075250349,45.6970346412573],[15.257471068943687,45.69993816442131],[15.256854710546362,45.701767632556134],[15.259968949547304,45.70423336711871],[15.262082008931815,45.70466461326844]],[[15.276500235203482,45.68541347372519],[15.279995170568672,45.684531491944924],[15.278896365056083,45.687067347855056],[15.276877407645328,45.68779056575932],[15.277319856428253,45.68862470815398],[15.275417827876904,45.68834113571196],[15.276579466035104,45.68665247166805],[15.276500235203482,45.68541347372519]],[[15.278026161314928,45.681751869758536],[15.278719392115548,45.682997457816334],[15.277376088428202,45.684609424630246],[15.276078673759052,45.68308320801217],[15.276528652767364,45.68134352482002],[15.2796879788266,45.6816835771096],[15.278026161314928,45.681751869758536]],[[15.27646239503658,45.684691747202116],[15.275862448458374,45.685257297278426],[15.274441078049703,45.68506162606027],[15.274566909574665,45.68384808053438],[15.27646239503658,45.684691747202116]],[[15.27636620524921,45.6923320032643],[15.275911883424659,45.69332896104508],[15.275006173226174,45.69328998062859],[15.274975119668769,45.692024872458234],[15.27636620524921,45.6923320032643]],[[15.275898920627375,45.6856018111102],[15.27618401355854,45.68651966165375],[15.274786887340595,45.68720704434403],[15.275016443937513,45.68568403793933],[15.275898920627375,45.6856018111102]],[[15.276234028416718,45.690340813156276],[15.274419772766006,45.69194680265435],[15.271837155775119,45.6913246317412],[15.274026969435594,45.689579345727815],[15.276234028416718,45.690340813156276]],[[15.273801055526867,45.6805745643723],[15.27430805106282,45.6835598174586],[15.271486827549161,45.685201579021935],[15.27171111820668,45.68174047597931],[15.273801055526867,45.6805745643723]],[[15.273135468149695,45.68573866276018],[15.272408374647204,45.68551251408048],[15.273442182224318,45.68523723726716],[15.273135468149695,45.68573866276018]],[[15.273149507899673,45.68902578535868],[15.272299352234906,45.68905963037612],[15.2731507902461,45.68829389368021],[15.273149507899673,45.68902578535868]],[[15.269825915016199,45.685828296248154],[15.268897321052009,45.68416177772899],[15.270755898228838,45.68242161653137],[15.271188397847173,45.6835650364325],[15.269825915016199,45.685828296248154]],[[15.271192328773486,45.694533755355344],[15.269561821279957,45.69536350559487],[15.268688301389592,45.69482794718341],[15.270362829498191,45.693951597139566],[15.271192328773486,45.694533755355344]],[[15.270706482750427,45.69224577917636],[15.26955969959122,45.69258577703736],[15.269721073565583,45.69174638657417],[15.270558884408453,45.69190690922906],[15.270706482750427,45.69224577917636]],[[15.268824014556595,45.68818073774008],[15.270124964455258,45.68852548101172],[15.26872111059065,45.68862472863192],[15.268824014556595,45.68818073774008]],[[15.263250257986428,45.69638535203496],[15.266097037241368,45.69644487831555],[15.265507140024546,45.69461598963792],[15.267607314962138,45.69379479619633],[15.268604626141837,45.6985982176116],[15.269899469959817,45.69882619867811],[15.267881336737693,45.70036522408755],[15.26698655412048,45.69998185521659],[15.267442129610467,45.69902195284569],[15.264258257754419,45.70132308210976],[15.263858805704988,45.699459233919924],[15.26232688079468,45.69892283473184],[15.261638811696905,45.697465129836324],[15.263155399213819,45.6971829747139],[15.263250257986428,45.69638535203496]],[[15.268036331093686,45.69255074847335],[15.266564131143047,45.693508104226154],[15.264545468861913,45.692171618906436],[15.266307465034203,45.69127016855884],[15.268036331093686,45.69255074847335]],[[15.265025716451126,45.695011226212664],[15.26492264111013,45.69586685623838],[15.262706489496678,45.69486427504228],[15.262231599097422,45.695307703527014],[15.263264738850058,45.69607057741386],[15.261337262480675,45.696864187332984],[15.261185051953243,45.69314999019914],[15.265025716451126,45.695011226212664]],[[15.260892484368036,45.698069251713676],[15.262137669635358,45.69911424178013],[15.263630227476796,45.699669268945065],[15.262683503664668,45.70327532505924],[15.259645195111144,45.7030097405004],[15.257263465518019,45.70163397895816],[15.257603508302752,45.70032216829503],[15.260892484368036,45.698069251713676]],[[15.260562334459568,45.69537866436263],[15.25983983273568,45.69468672085989],[15.261025305076238,45.69462290395006],[15.260562334459568,45.69537866436263]]]}},{"type":"Feature","properties":{"_zoneType":"SI_BUILT","name":"Pozidano zemljišče","authority":"MKGP","dataSource":"raba-3000"},"geometry":{"type":"Polygon","coordinates":[[[15.307734127187098,45.67971682142026],[15.307813615413037,45.68],[15.30847212180553,45.68],[15.308290648103679,45.67947199392597],[15.30003670871305,45.679661935784594],[15.300440884053513,45.68],[15.306757881166655,45.68],[15.307734127187098,45.67971682142026]]]}},{"type":"Feature","properties":{"_zoneType":"SI_BUILT","name":"Pozidano zemljišče","authority":"MKGP","dataSource":"raba-3000"},"geometry":{"type":"Polygon","coordinates":[[[15.287489029964322,45.679526232511016],[15.282259918206604,45.679539271281705],[15.282043637406616,45.68],[15.282730313907557,45.68],[15.284016779530406,45.67973588728102],[15.284002072751852,45.68],[15.285246956968718,45.68],[15.285709327582106,45.67963031884625],[15.285997005764132,45.68],[15.287748772489051,45.68],[15.287489029964322,45.679526232511016]]]}},{"type":"Feature","properties":{"_zoneType":"SI_BUILT","name":"Pozidano zemljišče","authority":"MKGP","dataSource":"raba-3000"},"geometry":{"type":"Polygon","coordinates":[[[15.281076493007683,45.67991555831363],[15.28096919011417,45.68],[15.28114075039322,45.68],[15.281076493007683,45.67991555831363]]]}},{"type":"Feature","properties":{"_zoneType":"SI_BUILT","name":"Pozidano zemljišče","authority":"MKGP","dataSource":"raba-3000"},"geometry":{"type":"Polygon","coordinates":[[[15.280538223643244,45.69258050710962],[15.280000000000001,45.692055594037086],[15.280000000000001,45.69225019335167],[15.280538223643244,45.69258050710962]]]}},{"type":"Feature","properties":{"_zoneType":"SI_BUILT","name":"Pozidano zemljišče","authority":"MKGP","dataSource":"raba-3000"},"geometry":{"type":"Polygon","coordinates":[[[15.280562921308812,45.687976606745586],[15.282448418016287,45.68703737893632],[15.283572050305029,45.68565975686521],[15.285492592600823,45.685753357094725],[15.283874678115321,45.68325453199938],[15.285253858167568,45.68296921483991],[15.286898409005639,45.68527708877438],[15.288847869199774,45.68574052580454],[15.289173655319658,45.68518245068704],[15.288069732821443,45.68518567560507],[15.287458105029842,45.68401038973086],[15.288245128742114,45.683099017581206],[15.290165057858637,45.683215877835856],[15.291946720100617,45.68602747038676],[15.290712927304769,45.68742972962375],[15.293310517095057,45.686495554529415],[15.291546355201035,45.684866440107925],[15.291970911146864,45.68397029275256],[15.29322429103143,45.685566926626045],[15.295795707722656,45.6861768331695],[15.295392267113062,45.68688528308046],[15.296690072974314,45.688257546992375],[15.298063988576999,45.68728795148741],[15.29512849418397,45.6849504409008],[15.303359185666261,45.68376417513939],[15.302770208267251,45.68598574903936],[15.3038324108697,45.6853356476602],[15.30444816130511,45.6860305449422],[15.30487449956918,45.68495804644937],[15.303906593237375,45.6837649913553],[15.304829316643028,45.68339650806303],[15.306652367626864,45.68522427708536],[15.307590558741651,45.68792982849952],[15.307135539445428,45.686211242704864],[15.308090051211524,45.68537462004128],[15.307080012735973,45.68539858308194],[15.304593781468004,45.682273222179866],[15.307092816046493,45.68188231668916],[15.305536778343246,45.68164744225634],[15.305036346344739,45.68049936366002],[15.306757881166655,45.68],[15.300440884053513,45.68],[15.301703681604723,45.68105624124143],[15.301761514372375,45.682358972799996],[15.30401981583178,45.683238581245774],[15.296045916580896,45.68466031942378],[15.293027654615686,45.68386534157619],[15.29366583910234,45.68223479223985],[15.292366156485759,45.68372231540351],[15.290011959913564,45.68283922514622],[15.290836649386693,45.68186477805752],[15.288202710642558,45.68082797816555],[15.287748772489051,45.68],[15.285997005764132,45.68],[15.286837667600068,45.68108029338629],[15.286105649338264,45.681264391083666],[15.284832198601853,45.68033161353068],[15.285246956968718,45.68],[15.284002072751852,45.68],[15.283948042025411,45.680970314608025],[15.282425995735386,45.68130388112414],[15.282427818193886,45.68006210268195],[15.282730313907557,45.68],[15.282043637406616,45.68],[15.281699160653167,45.68073381609976],[15.28114075039322,45.68],[15.28096919011417,45.68],[15.280369917603874,45.680471595683095],[15.280000000000001,45.6803984223676],[15.280000000000001,45.682841975421255],[15.280392220857111,45.682950960517466],[15.280000000000001,45.68350015553026],[15.280000000000001,45.68600078070742],[15.281069346247511,45.68463236470391],[15.28278103718789,45.684146224813816],[15.282149547227212,45.686863643090604],[15.280000000000001,45.686847253658215],[15.280000000000001,45.687869042032524],[15.280562921308812,45.687976606745586]],[[15.28157322872339,45.681654847436256],[15.280333517094924,45.68216245985475],[15.28039549019853,45.68074853176895],[15.28157322872339,45.681654847436256]]]}},{"type":"Feature","properties":{"_zoneType":"SI_BUILT","name":"Pozidano zemljišče","authority":"MKGP","dataSource":"raba-3000"},"geometry":{"type":"Polygon","coordinates":[[[15.308683286649934,45.683098223199664],[15.306789319007093,45.68393610229152],[15.308632745220326,45.68375726070586],[15.309016340929261,45.6815834305467],[15.30847212180553,45.68],[15.307813615413037,45.68],[15.308683286649934,45.683098223199664]]]}},{"type":"Feature","properties":{"_zoneType":"SI_BUILT","name":"Pozidano zemljišče","authority":"MKGP","dataSource":"raba-3000"},"geometry":{"type":"Polygon","coordinates":[[[15.289113986256663,45.68428219097147],[15.288971355225913,45.68447555315498],[15.289554731633482,45.68450456243669],[15.289113986256663,45.68428219097147]]]}},{"type":"Feature","properties":{"_zoneType":"SI_BUILT","name":"Pozidano zemljišče","authority":"MKGP","dataSource":"raba-3000"},"geometry":{"type":"Polygon","coordinates":[[[15.300125976830296,45.69174333807503],[15.298999078033107,45.69731506944211],[15.299739329136715,45.69447534030127],[15.302679725841827,45.6919677434655],[15.305353872484867,45.692705075338054],[15.303514404794331,45.6936506517081],[15.307615913122378,45.693257654242956],[15.309123018754297,45.697351483775975],[15.308512797197633,45.697996331409456],[15.31026847068719,45.69778769138879],[15.308709709415888,45.69567767942933],[15.308472495812449,45.6922806453605],[15.306093036915021,45.690640755627776],[15.307830906874885,45.68949421575859],[15.305352746545978,45.68839139535944],[15.302862043695944,45.688929808160495],[15.299368212894896,45.687974501386726],[15.296418791687733,45.69106870711084],[15.298195492212493,45.69047881545018],[15.300125976830296,45.69174333807503]],[[15.306949309293039,45.692132167665136],[15.306241356591599,45.69227093119448],[15.306688876706197,45.69173991522725],[15.306949309293039,45.692132167665136]],[[15.304107903956245,45.689338920493306],[15.304767645661311,45.689071062832035],[15.30594678210404,45.68958934952997],[15.305447002990995,45.690298863368525],[15.304107903956245,45.689338920493306]],[[15.30338086476521,45.68948901517692],[15.304639592775878,45.69045110598225],[15.302699213350483,45.69074167355799],[15.302228067781499,45.6899126403275],[15.30338086476521,45.68948901517692]],[[15.301748128391177,45.69068424843424],[15.300508152943985,45.69135154657589],[15.299990236301786,45.690993793756164],[15.300967318389436,45.6901492802248],[15.301748128391177,45.69068424843424]],[[15.300514213093445,45.689613392992875],[15.299780822615777,45.68993853613413],[15.300236594747306,45.68927956426313],[15.300514213093445,45.689613392992875]]]}},{"type":"Feature","properties":{"_zoneType":"SI_BUILT","name":"Pozidano zemljišče","authority":"MKGP","dataSource":"raba-3000"},"geometry":{"type":"Polygon","coordinates":[[[15.302778394911675,45.688124426857065],[15.302804586836595,45.68823978394432],[15.303133546917444,45.68807422071864],[15.302778394911675,45.688124426857065]]]}},{"type":"Feature","properties":{"_zoneType":"SI_BUILT","name":"Pozidano zemljišče","authority":"MKGP","dataSource":"raba-3000"},"geometry":{"type":"Polygon","coordinates":[[[15.306662373940565,45.680692044255764],[15.306433518219388,45.680557157685705],[15.306478193416782,45.68083516928238],[15.306662373940565,45.680692044255764]]]}},{"type":"Feature","properties":{"_zoneType":"SI_BUILT","name":"Pozidano zemljišče","authority":"MKGP","dataSource":"raba-3000"},"geometry":{"type":"Polygon","coordinates":[[[15.301169623896248,45.755478824567554],[15.301019242186051,45.755025604135106],[15.300549890302948,45.7557063981857],[15.301169623896248,45.755478824567554]]]}},{"type":"Feature","properties":{"_zoneType":"SI_BUILT","name":"Pozidano zemljišče","authority":"MKGP","dataSource":"raba-3000"},"geometry":{"type":"Polygon","coordinates":[[[15.294449191777817,45.689486891021794],[15.293437737455742,45.68920270887947],[15.294314969973778,45.689586344155515],[15.294449191777817,45.689486891021794]]]}},{"type":"Feature","properties":{"_zoneType":"SI_BUILT","name":"Pozidano zemljišče","authority":"MKGP","dataSource":"raba-3000"},"geometry":{"type":"Polygon","coordinates":[[[15.28971580927065,45.76112194689269],[15.289427940202856,45.761077963131854],[15.289671070264527,45.761315405226675],[15.28971580927065,45.76112194689269]]]}},{"type":"Feature","properties":{"_zoneType":"SI_BUILT","name":"Pozidano zemljišče","authority":"MKGP","dataSource":"raba-3000"},"geometry":{"type":"Polygon","coordinates":[[[15.28775810609831,45.79468371375985],[15.287608389320454,45.79451998598718],[15.28750481205688,45.794802282608565],[15.28775810609831,45.79468371375985]]]}},{"type":"Feature","properties":{"_zoneType":"SI_BUILT","name":"Pozidano zemljišče","authority":"MKGP","dataSource":"raba-3000"},"geometry":{"type":"Polygon","coordinates":[[[15.288737464958997,45.7941651407221],[15.288440779133179,45.79413691165486],[15.288697941443372,45.79435171596549],[15.288737464958997,45.7941651407221]]]}},{"type":"Feature","properties":{"_zoneType":"SI_BUILT","name":"Pozidano zemljišče","authority":"MKGP","dataSource":"raba-3000"},"geometry":{"type":"Polygon","coordinates":[[[15.26030212778602,45.7440903465358],[15.260923236831665,45.746429990848114],[15.26589698683179,45.745797529250986],[15.268834673991071,45.75022560853015],[15.270865515809733,45.75135804311647],[15.27516486964185,45.75060517228229],[15.277812040912464,45.74913024123021],[15.278266054106071,45.75085657013744],[15.280000000000001,45.75070009131333],[15.280000000000001,45.7505167305557],[15.278074323068626,45.748726918865756],[15.274989470782735,45.75031530883747],[15.269984062197409,45.750541006805264],[15.266157709530257,45.74559964672165],[15.261233453330993,45.745622630879055],[15.260473056518494,45.74372519565696],[15.257990471497079,45.74397597981053],[15.25702331315795,45.74257677706665],[15.25706357037632,45.74373700051906],[15.258234820232502,45.74427316305676],[15.26030212778602,45.7440903465358]]]}},{"type":"Feature","properties":{"_zoneType":"SI_BUILT","name":"Pozidano zemljišče","authority":"MKGP","dataSource":"raba-3000"},"geometry":{"type":"Polygon","coordinates":[[[15.28521650561553,45.750229331142805],[15.280110311274255,45.75061925886924],[15.280000000000001,45.7505167305557],[15.280000000000001,45.75070009131333],[15.28521650561553,45.750229331142805]]]}},{"type":"Feature","properties":{"_zoneType":"SI_BUILT","name":"Pozidano zemljišče","authority":"MKGP","dataSource":"raba-3000"},"geometry":{"type":"Polygon","coordinates":[[[15.273766716350199,45.789742558782095],[15.27357572655664,45.78960855190002],[15.273596849526047,45.78987331291468],[15.273766716350199,45.789742558782095]]]}},{"type":"Feature","properties":{"_zoneType":"SI_BUILT","name":"Pozidano zemljišče","authority":"MKGP","dataSource":"raba-3000"},"geometry":{"type":"Polygon","coordinates":[[[15.28275760322675,45.69301252124249],[15.282630691313011,45.69291047435338],[15.28171918060653,45.69321307592499],[15.28275760322675,45.69301252124249]]]}},{"type":"Feature","properties":{"_zoneType":"SI_BUILT","name":"Pozidano zemljišče","authority":"MKGP","dataSource":"raba-3000"},"geometry":{"type":"Polygon","coordinates":[[[15.28171467750188,45.79575221814457],[15.282043954907193,45.795804777243816],[15.281770800698082,45.795488091744076],[15.28171467750188,45.79575221814457]]]}},{"type":"Feature","properties":{"_zoneType":"SI_BUILT","name":"Pozidano zemljišče","authority":"MKGP","dataSource":"raba-3000"},"geometry":{"type":"Polygon","coordinates":[[[15.276553293142559,45.78041730003614],[15.276544019614304,45.78059940121157],[15.276870732041452,45.780425606827116],[15.276553293142559,45.78041730003614]]]}},{"type":"Feature","properties":{"_zoneType":"SI_BUILT","name":"Pozidano zemljišče","authority":"MKGP","dataSource":"raba-3000"},"geometry":{"type":"Polygon","coordinates":[[[15.279164518204539,45.76637092314163],[15.279097552588777,45.76564283071352],[15.278506598341233,45.76623633318606],[15.279164518204539,45.76637092314163]]]}},{"type":"Feature","properties":{"_zoneType":"SI_BUILT","name":"Pozidano zemljišče","authority":"MKGP","dataSource":"raba-3000"},"geometry":{"type":"Polygon","coordinates":[[[15.275014581276109,45.79104590620062],[15.274986362274687,45.79074339647352],[15.274710629077854,45.791124905614716],[15.275014581276109,45.79104590620062]]]}},{"type":"Feature","properties":{"_zoneType":"SI_BUILT","name":"Pozidano zemljišče","authority":"MKGP","dataSource":"raba-3000"},"geometry":{"type":"Polygon","coordinates":[[[15.275385911418207,45.79027918968],[15.275055800509186,45.790276492555755],[15.275405673991711,45.79050367931837],[15.275385911418207,45.79027918968]]]}},{"type":"Feature","properties":{"_zoneType":"SI_BUILT","name":"Pozidano zemljišče","authority":"MKGP","dataSource":"raba-3000"},"geometry":{"type":"Polygon","coordinates":[[[15.27453632911154,45.76259951583978],[15.273059120248034,45.76302361090784],[15.272652876127772,45.76481147586925],[15.27453632911154,45.76259951583978]]]}},{"type":"Feature","properties":{"_zoneType":"SI_BUILT","name":"Pozidano zemljišče","authority":"MKGP","dataSource":"raba-3000"},"geometry":{"type":"Polygon","coordinates":[[[15.27165215951542,45.79377007301895],[15.270735135580383,45.7923577325733],[15.268841175545358,45.79236751934069],[15.270490622533623,45.79283734089529],[15.268616412588726,45.79356110713261],[15.27165215951542,45.79377007301895]]]}},{"type":"Feature","properties":{"_zoneType":"SI_BUILT","name":"Pozidano zemljišče","authority":"MKGP","dataSource":"raba-3000"},"geometry":{"type":"Polygon","coordinates":[[[15.265145626882168,45.75918762655073],[15.261800152016068,45.75932866690047],[15.259913002070924,45.75991687091661],[15.259895647257052,45.76],[15.264724869823292,45.76],[15.264731236929286,45.7599883986436],[15.264739240676036,45.76],[15.265369875025957,45.76],[15.265145626882168,45.75918762655073]]]}},{"type":"Feature","properties":{"_zoneType":"SI_BUILT","name":"Pozidano zemljišče","authority":"MKGP","dataSource":"raba-3000"},"geometry":{"type":"Polygon","coordinates":[[[15.260170244253283,45.76145115496404],[15.261095831765155,45.762124425323584],[15.263324756368503,45.760799324870504],[15.263099891554123,45.761765732175284],[15.268580665401691,45.762445202418704],[15.265566055652076,45.76071069454234],[15.265369875025957,45.76],[15.264739240676036,45.76],[15.265147752883246,45.76059213464109],[15.26419762117525,45.76096068755278],[15.264724869823292,45.76],[15.259895647257052,45.76],[15.259731781836525,45.76078491087876],[15.26095880712478,45.76075159770595],[15.260170244253283,45.76145115496404]],[[15.26215326372228,45.760981908029024],[15.26105082217071,45.76066691836331],[15.262370145264297,45.76044223247369],[15.26215326372228,45.760981908029024]]]}},{"type":"Feature","properties":{"_zoneType":"SI_BUILT","name":"Pozidano zemljišče","authority":"MKGP","dataSource":"raba-3000"},"geometry":{"type":"Polygon","coordinates":[[[15.266741012635338,45.69849838254076],[15.266375337958173,45.69846586045146],[15.266555101867366,45.698681835315355],[15.266741012635338,45.69849838254076]]]}},{"type":"Feature","properties":{"_zoneType":"SI_BUILT","name":"Pozidano zemljišče","authority":"MKGP","dataSource":"raba-3000"},"geometry":{"type":"Polygon","coordinates":[[[15.266236172103094,45.736219847760424],[15.26619097895088,45.736062968745834],[15.265943590642326,45.73623836342797],[15.266236172103094,45.736219847760424]]]}},{"type":"Feature","properties":{"_zoneType":"SI_BUILT","name":"Pozidano zemljišče","authority":"MKGP","dataSource":"raba-3000"},"geometry":{"type":"Polygon","coordinates":[[[15.263204676275203,45.77632654668908],[15.263277952403053,45.776508851374146],[15.263568889010243,45.77625534789904],[15.263204676275203,45.77632654668908]]]}},{"type":"Feature","properties":{"_zoneType":"SI_BUILT","name":"Pozidano zemljišče","authority":"MKGP","dataSource":"raba-3000"},"geometry":{"type":"Polygon","coordinates":[[[15.264737444033157,45.79138408971313],[15.264451564755745,45.791388533739436],[15.263566171124056,45.79249039835873],[15.264183500203913,45.793027781825245],[15.264737444033157,45.79138408971313]]]}},{"type":"Feature","properties":{"_zoneType":"SI_BUILT","name":"Pozidano zemljišče","authority":"MKGP","dataSource":"raba-3000"},"geometry":{"type":"Polygon","coordinates":[[[15.264040285389422,45.76881215422524],[15.263912152431827,45.76862380550004],[15.263782355379641,45.76888365569494],[15.264040285389422,45.76881215422524]]]}},{"type":"Feature","properties":{"_zoneType":"SI_BUILT","name":"Pozidano zemljišče","authority":"MKGP","dataSource":"raba-3000"},"geometry":{"type":"Polygon","coordinates":[[[15.263756342670117,45.788868085836015],[15.2635427919157,45.78872270702166],[15.263535836717,45.789026493021225],[15.263756342670117,45.788868085836015]]]}},{"type":"Feature","properties":{"_zoneType":"SI_BUILT","name":"Pozidano zemljišče","authority":"MKGP","dataSource":"raba-3000"},"geometry":{"type":"Polygon","coordinates":[[[15.263030770724365,45.68184603084286],[15.261716113105948,45.68299866740828],[15.262277946137292,45.684344246656565],[15.263030770724365,45.68184603084286]]]}},{"type":"Feature","properties":{"_zoneType":"SI_BUILT","name":"Pozidano zemljišče","authority":"MKGP","dataSource":"raba-3000"},"geometry":{"type":"Polygon","coordinates":[[[15.263493377265187,45.798596187366265],[15.263164611535508,45.79848658897715],[15.263360711777963,45.79876230977305],[15.263493377265187,45.798596187366265]]]}},{"type":"Feature","properties":{"_zoneType":"SI_BUILT","name":"Pozidano zemljišče","authority":"MKGP","dataSource":"raba-3000"},"geometry":{"type":"Polygon","coordinates":[[[15.262813468476347,45.71180732413327],[15.258571882227045,45.71010052828004],[15.256884294415151,45.71051429899342],[15.258404063556924,45.71032494067882],[15.262813468476347,45.71180732413327]]]}},{"type":"Feature","properties":{"_zoneType":"SI_BUILT","name":"Pozidano zemljišče","authority":"MKGP","dataSource":"raba-3000"},"geometry":{"type":"Polygon","coordinates":[[[15.25833429711346,45.76278085079047],[15.257104845473318,45.76033655928609],[15.257980697347108,45.76273044342685],[15.25833429711346,45.76278085079047]]]}},{"type":"Feature","properties":{"_zoneType":"SI_BUILT","name":"Pozidano zemljišče","authority":"MKGP","dataSource":"raba-3000"},"geometry":{"type":"Polygon","coordinates":[[[15.259498112491828,45.75538639795951],[15.258167834130727,45.754893234620965],[15.257082034974127,45.755294437381686],[15.25806461383377,45.75513014879684],[15.259498112491828,45.75538639795951]]]}}]}