{"type":"FeatureCollection","features":[{"type":"Feature","properties":{"_zoneType":"SI_BUILT","name":"Pozidano zemljišče","authority":"MKGP","dataSource":"raba-3000"},"geometry":{"type":"Polygon","coordinates":[[[14.437343796566497,45.87195543548237],[14.44,45.872617170784025],[14.44,45.87169049457484],[14.437343796566497,45.87195543548237]]]}},{"type":"Feature","properties":{"_zoneType":"SI_BUILT","name":"Pozidano zemljišče","authority":"MKGP","dataSource":"raba-3000"},"geometry":{"type":"Polygon","coordinates":[[[14.428983012772273,45.878688350069474],[14.425454812530761,45.878347366584904],[14.424818963623595,45.87695033871369],[14.423061190923603,45.87736564161265],[14.422211058981118,45.87543146344413],[14.418798708313535,45.87239827841322],[14.417811430666756,45.86945508670732],[14.421048945720406,45.868795730421965],[14.423074090163462,45.86729038954117],[14.424767042145175,45.86399901388524],[14.423189167811836,45.862834833274945],[14.426588095279607,45.859958110834114],[14.428343098842218,45.85984140833291],[14.42910939741428,45.85854028028408],[14.427864306113488,45.85980252876905],[14.426475505827733,45.85948364946069],[14.42282226222121,45.86279427051065],[14.424364359303587,45.86402453791574],[14.422691342857501,45.867212559376746],[14.420837079548159,45.86859972658126],[14.417774158383324,45.868934278610354],[14.417605281713294,45.867310633307184],[14.418592212065663,45.866708714959664],[14.41688048195065,45.8672893313175],[14.416046833839264,45.86622679826845],[14.416800690181917,45.864608352485845],[14.416399151306898,45.86230501515902],[14.420897420966066,45.86393073461063],[14.417893203740238,45.86231970260454],[14.419351267553429,45.86117087801638],[14.41494556639353,45.86113653506622],[14.41592383026856,45.85925403117366],[14.413644261523066,45.85834368890588],[14.41330561016149,45.859037390918395],[14.41522384797275,45.86007837542355],[14.413401265438601,45.86137141108882],[14.414623129661852,45.86161793815292],[14.414307833231696,45.86238349215757],[14.416284354189461,45.86382372590252],[14.415594825708526,45.86552093014892],[14.415961847959508,45.867662408143886],[14.41822812902956,45.87100435189647],[14.417869469055965,45.87274067345913],[14.419634099504242,45.8732347805598],[14.41895370285768,45.87475722678269],[14.420443592026539,45.874567306616775],[14.421814878156768,45.87557416990771],[14.421791179672605,45.87686379511339],[14.425188045578794,45.87876890395181],[14.428550295709757,45.87878892891555],[14.428945324055894,45.88],[14.429400819636784,45.88],[14.428983012772273,45.878688350069474]]]}},{"type":"Feature","properties":{"_zoneType":"SI_BUILT","name":"Pozidano zemljišče","authority":"MKGP","dataSource":"raba-3000"},"geometry":{"type":"Polygon","coordinates":[[[14.432409061215482,45.91484259257389],[14.434726420529353,45.913212591058205],[14.437164407319726,45.909631085382834],[14.44,45.90981452931173],[14.44,45.909743242279404],[14.431678630415389,45.908416979539375],[14.431114137953474,45.907004075592674],[14.434663190367077,45.90794865556001],[14.44,45.90573811583124],[14.44,45.90548735222367],[14.434633965568052,45.90767837086912],[14.431249690340282,45.90643537661142],[14.431272796688527,45.90453812779582],[14.433990287405718,45.902042597164446],[14.433439262297995,45.90122625840565],[14.435499197048571,45.897818234837956],[14.436580538681797,45.89846963899996],[14.435888508515195,45.901668084994746],[14.43734832101518,45.89919869700106],[14.435535602795598,45.896190885982094],[14.436887938063878,45.89366219873692],[14.438015652436691,45.89380653410072],[14.437096118047542,45.895373810832766],[14.437932830365494,45.894558314124794],[14.44,45.894933785772764],[14.44,45.89445590715881],[14.438793759986735,45.89418655932866],[14.44,45.89320134109626],[14.44,45.8903333628999],[14.438566226964465,45.8900716488009],[14.4386173356165,45.888623628493335],[14.44,45.887220429752645],[14.44,45.88062848780962],[14.439091966463852,45.8806722408992],[14.437115730674606,45.882803945799715],[14.433845742437232,45.88065704120493],[14.432417034659823,45.8843407183679],[14.430546483723939,45.88605668384894],[14.429930232383525,45.88513189937062],[14.43078853146426,45.8833612275596],[14.429429734274688,45.882264599174405],[14.429917732686814,45.88162278081992],[14.429400819636784,45.88],[14.428945324055894,45.88],[14.429437330049975,45.88150838348346],[14.428910439145888,45.882396457725],[14.430118350708504,45.88332220555115],[14.429837687109812,45.884586692440855],[14.427203087035922,45.88552785602877],[14.42916083330159,45.88613318649869],[14.429406070030526,45.88788926403636],[14.428471929323505,45.88838948717706],[14.42954699363488,45.88924233993908],[14.42802436517169,45.890427659346614],[14.426442833983721,45.889645011100875],[14.427353987901622,45.89068231997535],[14.426000447686214,45.89196227538582],[14.427151643895156,45.892728179735734],[14.427099317884439,45.893928403575046],[14.425323527851921,45.895590660329894],[14.422443473274994,45.89641249542997],[14.41979614254674,45.899944117948415],[14.422713300064611,45.89901234520614],[14.424634075622878,45.89715457361842],[14.426299775536622,45.898241627286374],[14.42486263770246,45.898752816234214],[14.428592619272038,45.899382232243916],[14.428476566112991,45.90033558278771],[14.430481221152048,45.90325258474145],[14.42910346743656,45.90390513358994],[14.430642305444346,45.90421872323232],[14.428469997411202,45.90507183587515],[14.43053911419849,45.905233798830785],[14.431479934455847,45.90918551771239],[14.430501834702245,45.91102973406379],[14.427658197853939,45.912263307561815],[14.428876751847461,45.91255807746541],[14.428158527817136,45.91386617634519],[14.431223104644188,45.91055757854526],[14.434413630649997,45.910573893801036],[14.431957659988527,45.90962169241922],[14.432040324852796,45.90894212335826],[14.436515008682253,45.909723460015044],[14.431992279968211,45.91483430314935],[14.43317636879133,45.92],[14.433613509758993,45.92],[14.432409061215482,45.91484259257389]],[[14.438234211304536,45.88765312620502],[14.437961114852447,45.88985069143763],[14.4363615550082,45.890037071153266],[14.435845232091555,45.888167106921294],[14.437207621564832,45.887183111482955],[14.438234211304536,45.88765312620502]],[[14.437479460706744,45.891905879425416],[14.435835367401742,45.89474093862951],[14.434814709052917,45.89392779726334],[14.436076152686095,45.89227497855337],[14.437479460706744,45.891905879425416]],[[14.435571939146927,45.89042162483956],[14.436772646100268,45.89139371075822],[14.435168293049982,45.89270552673498],[14.4343953146653,45.891835343952046],[14.435738425271559,45.891294987018476],[14.435571939146927,45.89042162483956]],[[14.428894245105651,45.89412018659777],[14.430098563108881,45.89258705686511],[14.434099878772525,45.89144009748185],[14.43319484708117,45.892364762263],[14.434709867561601,45.89322816293366],[14.4344799362946,45.894264987901295],[14.435081517837009,45.895451357487666],[14.43349443087178,45.89573408402229],[14.43117895466825,45.89731282783876],[14.433255721979053,45.89772225182627],[14.433109028784681,45.89857196422845],[14.434471457109035,45.89602919794582],[14.43534483559171,45.89722532745328],[14.431532918154096,45.90360979425785],[14.428862392102547,45.900443808841985],[14.428877926600903,45.8992609312996],[14.427592163125873,45.898499492606824],[14.42692065024512,45.89569093360651],[14.427693771081705,45.89376642497054],[14.428894245105651,45.89412018659777]],[[14.434132251984646,45.883078967519296],[14.433127254641732,45.88393674836231],[14.433381302623134,45.882565440249124],[14.434132251984646,45.883078967519296]],[[14.433172726552757,45.885127299076224],[14.433074429356248,45.884751980448314],[14.433955137083789,45.885002966683665],[14.433172726552757,45.885127299076224]],[[14.433635068685254,45.89627190850887],[14.43359666541686,45.897126669896274],[14.432715908885843,45.89657373662806],[14.433635068685254,45.89627190850887]],[[14.431192969227514,45.88784513226308],[14.431887439426538,45.88775215182307],[14.431411058992108,45.888613645174985],[14.431192969227514,45.88784513226308]],[[14.431272572477178,45.88933968533668],[14.43027205725985,45.89215208848433],[14.42887018733603,45.89240271645947],[14.429871252939007,45.889411786095934],[14.431272572477178,45.88933968533668]],[[14.427166082660872,45.89794828614058],[14.426461036983296,45.8979262511106],[14.426909939510708,45.89709763879881],[14.427166082660872,45.89794828614058]]]}},{"type":"Feature","properties":{"_zoneType":"SI_BUILT","name":"Pozidano zemljišče","authority":"MKGP","dataSource":"raba-3000"},"geometry":{"type":"Polygon","coordinates":[[[14.400609648763808,45.90972552772847],[14.40170166968309,45.90889533195738],[14.40226820548766,45.90698303454735],[14.4,45.906798678318104],[14.4,45.908549310120364],[14.401133488710833,45.90825586270261],[14.400609648763808,45.90972552772847]]]}},{"type":"Feature","properties":{"_zoneType":"SI_BUILT","name":"Pozidano zemljišče","authority":"MKGP","dataSource":"raba-3000"},"geometry":{"type":"Polygon","coordinates":[[[14.422821937278975,45.95925695426504],[14.42083491464291,45.95787909743794],[14.423229038902178,45.9553128321654],[14.422933502898156,45.9544479790291],[14.427812409782508,45.95177685926103],[14.431027982614872,45.94815386368814],[14.43733947738299,45.945678025380715],[14.438373175283925,45.94671736884944],[14.44,45.94668223873106],[14.44,45.945847385181104],[14.438957416845595,45.946288747676505],[14.437935499655673,45.945540416074856],[14.437237073193668,45.941008508962646],[14.438362111420213,45.93972648910191],[14.44,45.93927256312191],[14.44,45.93732861050266],[14.43912785343582,45.93777457396183],[14.436021963744075,45.93741288061148],[14.436149044775387,45.93602771693106],[14.435199998180565,45.93716004980401],[14.438745453696416,45.9385179272107],[14.436571098102691,45.940033689081794],[14.434414665636423,45.93935092659039],[14.431921368476416,45.93627000925354],[14.43036962204538,45.93633386444596],[14.42681925657079,45.934317089987275],[14.426408171943251,45.93191151759779],[14.428263603953297,45.93136624200301],[14.43139871043059,45.92836957583465],[14.432774553611262,45.92857862928308],[14.431614755966006,45.92775085238229],[14.433896890914173,45.92121342840424],[14.433613509758993,45.92],[14.43317636879133,45.92],[14.433495411689233,45.921391854108194],[14.431184068834435,45.92776349426696],[14.429252174399355,45.92972997776586],[14.423440554517274,45.931289891578395],[14.426130700685485,45.931284991430445],[14.425554795983075,45.93391761534036],[14.430057021314104,45.936567293267075],[14.431719873425253,45.936586371603816],[14.432618013168534,45.938036444916],[14.431412092391874,45.9386681368789],[14.432217590031302,45.93928712700953],[14.436171065242606,45.94031735517979],[14.437215347423919,45.94213836113763],[14.436611745994426,45.945770893057464],[14.429643717767037,45.94835271236997],[14.429931623064384,45.94748711485331],[14.433734834332576,45.946006660031465],[14.435089571130819,45.945153035178336],[14.435645599328481,45.94424934851361],[14.435088244587416,45.94340821270053],[14.434929967605566,45.94493005235534],[14.432900230653852,45.945618460291094],[14.433032293761896,45.943856558516735],[14.431779132125017,45.94569852957564],[14.42981494883476,45.945716885391846],[14.43158023455622,45.94267458307781],[14.434314873417483,45.94211765309649],[14.431443390140817,45.942420135067735],[14.428219775236997,45.94760721001178],[14.425886969580134,45.94791026962519],[14.427089856685749,45.94875555329032],[14.426398798118926,45.95058952651343],[14.424793973872847,45.95097866716328],[14.425346741610475,45.9518439820528],[14.420258115180241,45.95343348847551],[14.42110053732761,45.954222283690214],[14.419553782186242,45.955669986947605],[14.418488569806417,45.95564315173435],[14.417828326549317,45.95357354114356],[14.416666054840842,45.95317756255913],[14.41662007339343,45.95049077705576],[14.415325807501173,45.95103990976375],[14.413675195671454,45.94987940100698],[14.416594333915612,45.952438887593246],[14.413639654281004,45.95411485914725],[14.409511437666682,45.95374656921991],[14.411711271945155,45.952032866015834],[14.411747466635875,45.95048255696638],[14.408653896073286,45.9513098330521],[14.406949608603878,45.952813752852805],[14.403063090736477,45.95328234154845],[14.405709273331423,45.95314884026151],[14.407315056213335,45.95430325929317],[14.406832041109858,45.95577323185209],[14.405753953243078,45.95468078230915],[14.405504418915722,45.95561319607951],[14.403822688206764,45.95609568310597],[14.40308265546114,45.955280741475754],[14.404105231770101,45.95465623522649],[14.401539926540407,45.9545042636778],[14.402388729746002,45.95566491132389],[14.4,45.955924140830895],[14.4,45.95736237140774],[14.404504814745678,45.95732850662456],[14.400771652062438,45.96],[14.403963679821155,45.96],[14.404483761146084,45.95976387044409],[14.40344969299866,45.95959057245699],[14.403634908184731,45.958863564576724],[14.408446760695929,45.9570814193243],[14.410023561995361,45.959549805771026],[14.409860757862592,45.96],[14.41087308445089,45.96],[14.410732156021195,45.95927329164035],[14.40973551483429,45.95899841978455],[14.409043871996055,45.956883618635764],[14.411300161613056,45.956732154959525],[14.4107675297974,45.95587714238641],[14.412481242326892,45.95478875949868],[14.412912205722105,45.95584522478902],[14.414997825613309,45.95567077863934],[14.416653354634475,45.95810040545004],[14.41680088413722,45.95977341958873],[14.416556959652814,45.96],[14.41702978478337,45.96],[14.41768106640281,45.958731703849715],[14.419075168201818,45.95972505411664],[14.418728652249694,45.96],[14.422530400440255,45.96],[14.422821937278975,45.95925695426504]],[[14.426994883800283,45.951730790136686],[14.426472628913032,45.951272403071535],[14.429077853107273,45.94909705627526],[14.426994883800283,45.951730790136686]],[[14.419264624300293,45.959141449752366],[14.419374170712416,45.95879991539205],[14.419921634089457,45.95927454895141],[14.419264624300293,45.959141449752366]]]}},{"type":"Feature","properties":{"_zoneType":"SI_BUILT","name":"Pozidano zemljišče","authority":"MKGP","dataSource":"raba-3000"},"geometry":{"type":"Polygon","coordinates":[[[14.439675810372364,45.932505799373786],[14.44,45.932887735691665],[14.44,45.932436764975066],[14.439675810372364,45.932505799373786]]]}},{"type":"Feature","properties":{"_zoneType":"SI_BUILT","name":"Pozidano zemljišče","authority":"MKGP","dataSource":"raba-3000"},"geometry":{"type":"Polygon","coordinates":[[[14.437266044806627,45.96724611810772],[14.439456571365623,45.96411708376456],[14.439150897091725,45.96172938163545],[14.436851295825832,45.96238428358369],[14.438872053309135,45.96368926606217],[14.43582535218351,45.968610020956376],[14.43386742580112,45.96941357100364],[14.431501666206632,45.96903715490006],[14.430729407848132,45.966754802721006],[14.429934763675732,45.97067806861442],[14.422989129847169,45.97254250655854],[14.41843138461066,45.971821732858395],[14.417243709746964,45.9699821073095],[14.416799075087287,45.96559807223913],[14.413972608168969,45.96527315376966],[14.415855495935482,45.96332772523883],[14.416308543425849,45.96509875686373],[14.41726344362315,45.96286519936494],[14.419366640510594,45.96343178536287],[14.41742901740672,45.96229021889248],[14.419165806189138,45.96023610956195],[14.420351147295454,45.9617336788403],[14.422070378025511,45.96117246827112],[14.422530400440255,45.96],[14.418728652249694,45.96],[14.41413757644097,45.96364282621355],[14.412237215041193,45.962448079146355],[14.41275325577953,45.96350867391535],[14.41173491881875,45.96444411564873],[14.41087308445089,45.96],[14.409860757862592,45.96],[14.409202299380269,45.96182080272607],[14.409870813559914,45.96337630874912],[14.407845050240885,45.96580186416319],[14.404216034921827,45.965868546619745],[14.405918148801064,45.964898992182164],[14.404229230000018,45.96284526353835],[14.406200836648669,45.961870861162275],[14.402037743376939,45.96338882940714],[14.403042849808338,45.96041807919564],[14.403963679821155,45.96],[14.400771652062438,45.96],[14.4,45.960552202930295],[14.4,45.965812432277644],[14.402546566425173,45.966482255524575],[14.401452534275093,45.96911283542551],[14.4,45.968856773917665],[14.4,45.96928475982386],[14.401552038847507,45.96941187175367],[14.401307976445647,45.97132887679949],[14.4,45.971260771354316],[14.4,45.971822333786704],[14.408662899301909,45.972665741002494],[14.408640822478894,45.97350872042132],[14.403897870774983,45.97286166987462],[14.410750790677403,45.97407237824583],[14.411658878140427,45.974947312982685],[14.417446877611725,45.97532922701802],[14.409183198566817,45.980165473050924],[14.4,45.97776931133891],[14.4,45.97813185656428],[14.402202389594816,45.978697606051405],[14.40068643135555,45.98102036516628],[14.4,45.98096244871263],[14.4,45.989854902495516],[14.403378969931202,45.99335063387725],[14.403201411950661,45.99443747430214],[14.401028495547115,45.994083827561376],[14.401310085558299,45.99297884491106],[14.4,45.991433051657054],[14.4,45.99622298194407],[14.400720692487592,45.996265594893735],[14.40152104110908,45.99513066052624],[14.40398602141684,45.99566766334315],[14.403175671111143,45.996847700608484],[14.403904591170855,45.99860278866613],[14.4,45.99932923233524],[14.4,46.0],[14.41159391449242,46.0],[14.410693315858845,45.99940884134895],[14.410909821411273,45.997078061475385],[14.409036284544399,45.99552472111599],[14.41186747053383,45.99340297046941],[14.415311189999214,45.994164019982435],[14.415529847647703,45.99351247313107],[14.411298124619476,45.99269285385791],[14.412529229807602,45.99151001190276],[14.413981482847404,45.99173232300927],[14.413365407624944,45.99092357846838],[14.416311975201053,45.987701443046824],[14.42001263228632,45.988932970917475],[14.42523008537567,45.98847192868301],[14.419036368767369,45.98802323638803],[14.419623457215474,45.98725640305037],[14.423668048450713,45.987838269355954],[14.419683100043308,45.98691706372443],[14.421133840913708,45.984139690354766],[14.426280967361274,45.98612423692879],[14.421590063304697,45.983853722437495],[14.423670736421075,45.98186510157852],[14.427960308341289,45.982216834353366],[14.429727628874065,45.9849547405677],[14.430715612189774,45.98389948142323],[14.42950110598468,45.983818540487995],[14.427560354628346,45.98172568692202],[14.423678651180062,45.98144913045544],[14.422707638089417,45.980515112759775],[14.423267237381507,45.979823169052],[14.418776854162546,45.97861893866001],[14.41851502021562,45.97754957182751],[14.419886978330597,45.9782608048908],[14.421832327850051,45.97600846406945],[14.421662491549066,45.977655527025995],[14.42432772116049,45.977404087539085],[14.429311084749601,45.98148042749939],[14.4334306278363,45.98215823240465],[14.434324803100472,45.98304461840865],[14.432786808303128,45.984455268246],[14.434874545223154,45.983311711738295],[14.437953238973625,45.985581916204914],[14.44,45.986329541674785],[14.44,45.98583717133572],[14.438874017216628,45.98560004256499],[14.44,45.98392400381861],[14.44,45.98284696255387],[14.438242983283203,45.98515828941453],[14.435300408755745,45.983216661716625],[14.44,45.98056372957986],[14.44,45.98028998957062],[14.434947590096614,45.9827074031668],[14.428838841795356,45.980296379524034],[14.426459242701288,45.977742656415415],[14.428978822175003,45.97512188114888],[14.43157030769461,45.976180343381046],[14.42941863200709,45.97442327344894],[14.431070192323782,45.972334545449215],[14.432763941143568,45.97261579721473],[14.433974808556306,45.97157855923783],[14.434338544956924,45.97329782012701],[14.432705718741923,45.97376159207692],[14.435092513228371,45.97612898235172],[14.43531492486531,45.97828694499129],[14.435278931910592,45.97659720827555],[14.43726212228282,45.97536987340314],[14.434980722391792,45.975751225211],[14.433604591075573,45.974217677446184],[14.435414529121799,45.974938453879346],[14.437879978354175,45.97427507551797],[14.436831774614351,45.97406136150607],[14.436612854500494,45.97160088153007],[14.437858378793916,45.97254789944504],[14.44,45.97226401241734],[14.44,45.970372097673646],[14.437266044806627,45.96724611810772]],[[14.436734587617787,45.97316790099929],[14.43630411900775,45.974582660127254],[14.434961385496093,45.97424444752324],[14.435537019907853,45.97122176329079],[14.436734587617787,45.97316790099929]],[[14.426810791227755,45.9720143508796],[14.430619489413148,45.97223865778718],[14.425885608222936,45.9778250388898],[14.424594559944852,45.977118036143025],[14.425132518171798,45.976487460184906],[14.423305560722534,45.97374949950922],[14.426810791227755,45.9720143508796]],[[14.417856951648425,45.9844465525836],[14.418094977880571,45.98281564877238],[14.42142043972095,45.98048067983414],[14.423337350621447,45.98156779256387],[14.420755980959756,45.983950415883484],[14.418696231106113,45.98765175874868],[14.411046808923087,45.98655995278461],[14.412243661419753,45.98397356856058],[14.417856951648425,45.9844465525836]],[[14.414669417976631,45.977556030439125],[14.417933580071033,45.978031523374106],[14.419393114509534,45.97946219562976],[14.42113450911515,45.980162287126916],[14.416600615702606,45.98409318913112],[14.412052377649372,45.9836756278077],[14.411329509908837,45.98489069178586],[14.41000958612311,45.98472660607939],[14.410938931001004,45.98536339932485],[14.410125439099945,45.986730565104075],[14.406474208025909,45.9865823974422],[14.404160392770365,45.98749882941495],[14.402511115189077,45.98651042824031],[14.402338378656195,45.98439952486868],[14.414669417976631,45.977556030439125]],[[14.416421944651555,45.971836267783885],[14.417120303340536,45.97180861724113],[14.417574367088843,45.97281664591145],[14.41637210777752,45.97304127845957],[14.416421944651555,45.971836267783885]],[[14.416318293647182,45.974303787310454],[14.416777748342708,45.97401075879294],[14.416762053989924,45.974613820090326],[14.416318293647182,45.974303787310454]],[[14.404113925389444,45.966554266638774],[14.407994496605445,45.96609120195882],[14.411618390027584,45.96698781133699],[14.414803547813616,45.96899297614972],[14.415066761549511,45.97009154139183],[14.412445818496613,45.97010634862524],[14.415579552458608,45.970549696643076],[14.415838243434639,45.97345479159131],[14.401935665443938,45.971171147154635],[14.403209767867592,45.966658685950314],[14.408404283080124,45.96906086074602],[14.404113925389444,45.966554266638774]],[[14.408220247939083,45.98672306491871],[14.415803851226926,45.987771730734934],[14.413123092349224,45.99058994551477],[14.40805448443091,45.98967522772989],[14.407308832200302,45.98789648308217],[14.406905676688487,45.98723639980252],[14.408220247939083,45.98672306491871]],[[14.413492372401105,45.973987200963336],[14.413009053766514,45.97428916108411],[14.411584703050115,45.9734583513051],[14.413492372401105,45.973987200963336]],[[14.411594268344846,45.99169762327267],[14.410254079997266,45.99263142922733],[14.407351697074203,45.991610960260886],[14.407975859799288,45.99030430341992],[14.411594268344846,45.99169762327267]],[[14.409746261787207,45.965947182802296],[14.408562839904674,45.96581157766572],[14.409729641245056,45.96533047583887],[14.409746261787207,45.965947182802296]],[[14.408580215127648,45.980408978259085],[14.402627991344271,45.98386137749277],[14.401324721236708,45.98358484261724],[14.401014756936554,45.98160337755789],[14.402859001827235,45.97871753157795],[14.408580215127648,45.980408978259085]],[[14.407647911845308,45.98879727655575],[14.406540570304795,45.989561012993725],[14.406132004157314,45.99178604767224],[14.404661141100307,45.991794705920924],[14.4038940290848,45.98995203857457],[14.405145390604975,45.98769820460416],[14.407647911845308,45.98879727655575]],[[14.40677569004386,45.99842118334946],[14.406110447956637,45.99855353854024],[14.405585493687155,45.9978079073446],[14.40626978398352,45.99724944765451],[14.40677569004386,45.99842118334946]],[[14.403763548718157,45.99472575592865],[14.404324723888049,45.99439265237388],[14.404550535814158,45.99514836130278],[14.403763548718157,45.99472575592865]]]}},{"type":"Feature","properties":{"_zoneType":"SI_BUILT","name":"Pozidano zemljišče","authority":"MKGP","dataSource":"raba-3000"},"geometry":{"type":"Polygon","coordinates":[[[14.439470783635482,45.97910119002122],[14.44,45.98002175731979],[14.44,45.97923114720053],[14.439470783635482,45.97910119002122]]]}},{"type":"Feature","properties":{"_zoneType":"SI_BUILT","name":"Pozidano zemljišče","authority":"MKGP","dataSource":"raba-3000"},"geometry":{"type":"Polygon","coordinates":[[[14.415860158067478,45.96064725601518],[14.416923452099347,45.960207070689194],[14.41702978478337,45.96],[14.416556959652814,45.96],[14.415860158067478,45.96064725601518]]]}},{"type":"Feature","properties":{"_zoneType":"SI_BUILT","name":"Pozidano zemljišče","authority":"MKGP","dataSource":"raba-3000"},"geometry":{"type":"Polygon","coordinates":[[[14.438923941789762,45.99656400347361],[14.44,45.99688985686142],[14.44,45.99561779740532],[14.439570842574453,45.99586286731056],[14.435134153782936,45.99367467275316],[14.4390246215322,45.996173042400095],[14.43477526855486,45.998486053635006],[14.433494804147857,46.0],[14.433985894917065,46.0],[14.435064206311997,45.998602739802664],[14.438923941789762,45.99656400347361]]]}},{"type":"Feature","properties":{"_zoneType":"SI_BUILT","name":"Pozidano zemljišče","authority":"MKGP","dataSource":"raba-3000"},"geometry":{"type":"Polygon","coordinates":[[[14.432407642374782,45.996605363201866],[14.42978012389104,45.995185420398755],[14.428432454135232,45.9958672932573],[14.428578080604536,45.99459064276234],[14.427754955587718,45.99570221355265],[14.428612775096578,45.9963961546728],[14.429915867105521,45.99558846414547],[14.43173820969981,45.99674916567295],[14.429359812310285,45.997821194638476],[14.427692309320896,45.99703684914225],[14.428579678583523,45.997726640358415],[14.428204037703534,46.0],[14.42853886595639,46.0],[14.42840578718415,45.99909957406445],[14.432407642374782,45.996605363201866]]]}},{"type":"Feature","properties":{"_zoneType":"SI_BUILT","name":"Pozidano zemljišče","authority":"MKGP","dataSource":"raba-3000"},"geometry":{"type":"Polygon","coordinates":[[[14.42648872040163,46.0],[14.427422776552168,46.0],[14.42618453819011,45.998754049140366],[14.42648872040163,46.0]]]}},{"type":"Feature","properties":{"_zoneType":"SI_BUILT","name":"Pozidano zemljišče","authority":"MKGP","dataSource":"raba-3000"},"geometry":{"type":"Polygon","coordinates":[[[14.41778647641261,45.99574726608706],[14.415940351364426,46.0],[14.41644221310234,46.0],[14.418238458192512,45.996589243065465],[14.41778647641261,45.99574726608706]]]}},{"type":"Feature","properties":{"_zoneType":"SI_BUILT","name":"Pozidano zemljišče","authority":"MKGP","dataSource":"raba-3000"},"geometry":{"type":"Polygon","coordinates":[[[14.459168934061877,45.87934048613631],[14.457561013071324,45.88],[14.458419775382353,45.88],[14.459168934061877,45.87934048613631]]]}},{"type":"Feature","properties":{"_zoneType":"SI_BUILT","name":"Pozidano zemljišče","authority":"MKGP","dataSource":"raba-3000"},"geometry":{"type":"Polygon","coordinates":[[[14.441113448932756,45.87678220296486],[14.44230320421248,45.87605991650091],[14.44122285547577,45.875551450067455],[14.44295416750297,45.87251650156098],[14.440680332542525,45.872423981685614],[14.440390954294715,45.871651499148385],[14.44,45.87169049457484],[14.44,45.872617170784025],[14.441594685305823,45.87301445193674],[14.4408255613075,45.875909588301916],[14.440947639265966,45.88],[14.441447112986216,45.88],[14.441113448932756,45.87678220296486]]]}},{"type":"Feature","properties":{"_zoneType":"SI_BUILT","name":"Pozidano zemljišče","authority":"MKGP","dataSource":"raba-3000"},"geometry":{"type":"Polygon","coordinates":[[[14.440752870207328,45.90986323499141],[14.44,45.909743242279404],[14.44,45.90981452931173],[14.440752870207328,45.90986323499141]]]}},{"type":"Feature","properties":{"_zoneType":"SI_BUILT","name":"Pozidano zemljišče","authority":"MKGP","dataSource":"raba-3000"},"geometry":{"type":"Polygon","coordinates":[[[14.446733541691447,45.902949041000376],[14.451607566400662,45.902222276661654],[14.453833902090421,45.90092676858896],[14.454243335996386,45.898536038720806],[14.45755011632391,45.90092880080444],[14.4567504897343,45.903184455804904],[14.457025055643934,45.908552181028554],[14.461750593501744,45.90993490559064],[14.464977400448044,45.912320116717154],[14.468211471331376,45.91250145062214],[14.47305925672301,45.90654927411217],[14.474308492063782,45.908135217932774],[14.47641060126936,45.90685695250767],[14.474549129561426,45.90732051011393],[14.474078988215316,45.9045192689174],[14.46894975605774,45.91124857788291],[14.465162726912935,45.91210254905331],[14.462013220455045,45.909734246826496],[14.457364284788342,45.90841146960858],[14.45707375685677,45.90332543451825],[14.457916300486184,45.90090432982053],[14.453874068757795,45.89804393650714],[14.453478659209368,45.90080498586335],[14.4514087634665,45.90200330556195],[14.448109272336175,45.90217623539896],[14.44,45.90548735222367],[14.44,45.90573811583124],[14.446733541691447,45.902949041000376]]]}},{"type":"Feature","properties":{"_zoneType":"SI_BUILT","name":"Pozidano zemljišče","authority":"MKGP","dataSource":"raba-3000"},"geometry":{"type":"Polygon","coordinates":[[[14.441390753925516,45.89518639623086],[14.441930950256278,45.896779835380386],[14.444387937597329,45.8929411668531],[14.446795434612918,45.893260638189496],[14.446691012353659,45.892014527587726],[14.452131169685511,45.893065174744166],[14.448534681532141,45.89220398208314],[14.449644416170859,45.88969498201034],[14.448585007349742,45.88957417999176],[14.448484224475385,45.89160601837238],[14.447183600930918,45.89134854527649],[14.44722843193962,45.88957735970278],[14.446453425909803,45.88916874764588],[14.447838527564539,45.88872416717715],[14.44746689037666,45.88705344115469],[14.449204039857543,45.886617020591046],[14.44909810030569,45.887842392717424],[14.45069136329575,45.88745838973162],[14.453154047755,45.88471544055286],[14.455165240483398,45.885084939185695],[14.455489417425907,45.88609555874789],[14.455513929484779,45.884860510238745],[14.453695421442848,45.88415903466818],[14.458419775382353,45.88],[14.457561013071324,45.88],[14.45658183564998,45.88040162488592],[14.454519546373845,45.88325886650783],[14.450302165251589,45.88605277081819],[14.447298808475137,45.88628183835926],[14.447691341767632,45.884732126033754],[14.44695491472378,45.88417317625572],[14.445155103012311,45.88660095482996],[14.442039518464915,45.887168907771766],[14.440571082152148,45.88511190209675],[14.445074748662536,45.88233678820285],[14.441596682646674,45.88202957324177],[14.442525137181244,45.880886392577374],[14.44146123286712,45.88013616963061],[14.441447112986216,45.88],[14.440947639265966,45.88],[14.440965008685858,45.880581989404234],[14.44,45.88062848780962],[14.44,45.887220429752645],[14.440497556001334,45.886715484400156],[14.44276968404913,45.88949905135632],[14.440857446229087,45.89048987704945],[14.44,45.8903333628999],[14.44,45.89320134109626],[14.442410594705771,45.89123244450109],[14.44409475582996,45.891406159678276],[14.442619112695237,45.893812520513485],[14.442922085733592,45.89510839542249],[14.44,45.89445590715881],[14.44,45.894933785772764],[14.441390753925516,45.89518639623086]],[[14.446974218856756,45.88549720120375],[14.44648755821427,45.88669305851633],[14.445760210989732,45.88585930108009],[14.44641260002446,45.88528561164823],[14.446974218856756,45.88549720120375]],[[14.44497099635533,45.89028980668548],[14.441779225616706,45.88824804609607],[14.442082536144872,45.88746907042467],[14.444747235266336,45.88730983788406],[14.446626538262917,45.88842315092324],[14.44497099635533,45.89028980668548]],[[14.443893349276303,45.89014444823502],[14.442499697672764,45.890903821680496],[14.44194305773474,45.89056692496776],[14.443208043868513,45.88978982954393],[14.443893349276303,45.89014444823502]]]}},{"type":"Feature","properties":{"_zoneType":"SI_BUILT","name":"Pozidano zemljišče","authority":"MKGP","dataSource":"raba-3000"},"geometry":{"type":"Polygon","coordinates":[[[14.442024366044333,45.94663852399149],[14.440838553968513,45.94607487994175],[14.441735610319311,45.945140147094946],[14.44948978394572,45.9433755728043],[14.444543947594438,45.94392377070415],[14.44,45.945847385181104],[14.44,45.94668223873106],[14.442024366044333,45.94663852399149]]]}},{"type":"Feature","properties":{"_zoneType":"SI_BUILT","name":"Pozidano zemljišče","authority":"MKGP","dataSource":"raba-3000"},"geometry":{"type":"Polygon","coordinates":[[[14.444032576037845,45.938154971209684],[14.447866631989925,45.93982105383956],[14.444082791684624,45.93783655638039],[14.441371218707296,45.937814492902724],[14.442049326539893,45.934835636018924],[14.440755319208767,45.93227592390252],[14.44,45.932436764975066],[14.44,45.932887735691665],[14.441703131937585,45.93489424017437],[14.44099586469108,45.93681938501151],[14.44,45.93732861050266],[14.44,45.93927256312191],[14.444032576037845,45.938154971209684]]]}},{"type":"Feature","properties":{"_zoneType":"SI_BUILT","name":"Pozidano zemljišče","authority":"MKGP","dataSource":"raba-3000"},"geometry":{"type":"Polygon","coordinates":[[[14.473281740795738,45.99919759049285],[14.472565615583202,46.0],[14.473012287143412,46.0],[14.473099814969625,45.999923831999176],[14.473314981242378,46.0],[14.479046051505218,46.0],[14.48,45.99828496550903],[14.48,45.99735332193091],[14.47775139471026,45.9996692673771],[14.476771313581024,45.99835614974942],[14.475179306594399,45.999438697081516],[14.471541807368048,45.99708070013224],[14.473257402817081,45.99541845335147],[14.478710573412442,45.99651367456212],[14.477855499403372,45.99827519387272],[14.479391878447432,45.99675024211702],[14.48,45.99696002445934],[14.48,45.99644044536479],[14.475159983881873,45.995257980905585],[14.478323142188533,45.98832886233154],[14.48,45.98718390772927],[14.48,45.98698256633781],[14.47803956914779,45.98821496188466],[14.474721657710903,45.99530856931658],[14.472758674890027,45.99501899826326],[14.47262297509535,45.99387042699055],[14.477232357150852,45.98290166932834],[14.479592730236254,45.98232082374015],[14.477466131913028,45.98217662285742],[14.47904166789757,45.97941834694291],[14.478885167654607,45.97239763967485],[14.48,45.970571507853606],[14.48,45.96830438300477],[14.47585815604914,45.96764277014599],[14.47537738244155,45.966695192009055],[14.476845693169196,45.965208460100385],[14.479435201557845,45.966379723157495],[14.48,45.966139825473256],[14.48,45.96381539218263],[14.471772866506532,45.96571121879847],[14.468333602715783,45.97182167631897],[14.46495878045673,45.97546232398289],[14.458571849382267,45.97577241812857],[14.45604904758011,45.97657918833153],[14.448257876793638,45.97529910320373],[14.440166864698622,45.97056288925627],[14.44,45.970372097673646],[14.44,45.97226401241734],[14.442488272353012,45.971934174330016],[14.445324835421172,45.97450375651927],[14.440795018042524,45.979426376050654],[14.44,45.97923114720053],[14.44,45.98002175731979],[14.440120936534335,45.9802321253775],[14.44,45.98028998957062],[14.44,45.98056372957986],[14.440451780757838,45.98030869810395],[14.445468791912623,45.9750308848439],[14.453341960766853,45.976310235868816],[14.450057076402999,45.977694022895136],[14.445514988203888,45.97685167768118],[14.444118812110677,45.97742873233762],[14.44,45.98284696255387],[14.44,45.98392400381861],[14.444198857392099,45.97767395472049],[14.445497879823332,45.977092695858836],[14.450338287824898,45.9781051533272],[14.45014321277305,45.979752314825504],[14.442653605650836,45.986396013136215],[14.44,45.98583717133572],[14.44,45.986329541674785],[14.441186667442606,45.98676299863089],[14.451698491069447,45.989580856357556],[14.45181999214444,45.99040678804588],[14.45602299568073,45.990895459931366],[14.45593370345915,45.991846585433485],[14.457371110299645,45.99155853492796],[14.45795793871966,45.99297133947477],[14.459822551759569,45.99224599732797],[14.461405761898575,45.99319235949535],[14.461257422464936,45.99470337173043],[14.462433108960093,45.993847475370174],[14.463685125072855,45.99450429871864],[14.464166816445058,45.99623755038392],[14.463108101225227,45.99774175311894],[14.465252919039479,45.99582513086348],[14.467688052583993,45.996402137986884],[14.467470049249473,45.99761080534343],[14.470278625015096,45.99784922358503],[14.46841227758951,45.999377678390374],[14.469668312973505,45.999976304460645],[14.469657483316002,46.0],[14.470474710127771,46.0],[14.471480697760517,45.998209644991675],[14.473281740795738,45.99919759049285]],[[14.469183767788744,45.97350731066206],[14.46921240928878,45.97240546703309],[14.470256586530505,45.972106166085496],[14.46939390710583,45.970252665528854],[14.470414146208965,45.96844525374087],[14.475490709019164,45.967809986974785],[14.47847519766432,45.9684614926967],[14.478171257109851,45.96958980439563],[14.479825599461899,45.96874479705709],[14.477975243333441,45.9723891022384],[14.478246615977241,45.9777767898204],[14.4761339767048,45.985009977452904],[14.472754451459803,45.984350479841716],[14.473329051492044,45.97718772957774],[14.46917805464141,45.9763549598781],[14.468743088460766,45.97493417270051],[14.472998787566292,45.972827375348366],[14.469183767788744,45.97350731066206]],[[14.472721885460032,45.97732325660882],[14.471866116479399,45.978125494150916],[14.472725014822748,45.9785284565689],[14.472373236170638,45.98455871279971],[14.469999933859045,45.99082271147379],[14.472585989799322,45.98488711491603],[14.476024197088023,45.98560703679952],[14.473028216528089,45.99214459446235],[14.47106602994387,45.99236519631218],[14.472007627892664,45.994373683138626],[14.4706600737582,45.995657001021],[14.471131085120295,45.99629097701416],[14.467672064440762,45.99606211912157],[14.462868395781754,45.99303221576523],[14.467657878186646,45.97673601147854],[14.472721885460032,45.97732325660882]],[[14.468268619822021,45.97551508226609],[14.468198124528124,45.97597229082261],[14.467409740767424,45.975497063285474],[14.468268619822021,45.97551508226609]],[[14.457997891046732,45.97627723043257],[14.467204474355619,45.976637628569335],[14.46474150320554,45.9856847993452],[14.463607330372318,45.98605411989039],[14.46445989917175,45.98656601849624],[14.463812877657313,45.988671491173115],[14.46278201180064,45.98907595248309],[14.46343220300192,45.98997374083041],[14.461827155223173,45.990000554318364],[14.463172574940605,45.99063289412116],[14.462639925489814,45.992387551671456],[14.457200749759739,45.99097986642215],[14.456779124166246,45.98969533658319],[14.45569265198815,45.9904830940297],[14.453710764842802,45.9899107003939],[14.459255174092581,45.979496812558025],[14.457997891046732,45.97627723043257]],[[14.450517396552035,45.97976691223014],[14.45083728382993,45.97775611556175],[14.453614259999132,45.97674056859419],[14.4577320702494,45.97682652429109],[14.458909949509135,45.97946162777654],[14.45789362205923,45.98121864214717],[14.455885668135734,45.98092988189064],[14.45766591893808,45.9817166952237],[14.456259755871102,45.98411415185717],[14.448333899489695,45.981752357351176],[14.450517396552035,45.97976691223014]],[[14.455922408470952,45.984594299235916],[14.454286509199072,45.98737951135964],[14.452360843252528,45.98678469343659],[14.45229777475355,45.98792471624509],[14.450832621003876,45.98797173960655],[14.451400558528944,45.98912093013011],[14.44853600536049,45.98825056862748],[14.451551629268312,45.983259386282135],[14.455922408470952,45.984594299235916]],[[14.451041361779405,45.98315975551608],[14.447994687184737,45.9880689997106],[14.443175424836566,45.98665179845745],[14.447885537099646,45.982197812618736],[14.451041361779405,45.98315975551608]]]}},{"type":"Feature","properties":{"_zoneType":"SI_BUILT","name":"Pozidano zemljišče","authority":"MKGP","dataSource":"raba-3000"},"geometry":{"type":"Polygon","coordinates":[[[14.479902043627515,46.0],[14.48,46.0],[14.48,45.99985617331285],[14.479902043627515,46.0]]]}},{"type":"Feature","properties":{"_zoneType":"SI_BUILT","name":"Pozidano zemljišče","authority":"MKGP","dataSource":"raba-3000"},"geometry":{"type":"Polygon","coordinates":[[[14.458593998899378,46.0],[14.4590469413016,46.0],[14.4584109525759,45.999859592681645],[14.458593998899378,46.0]]]}},{"type":"Feature","properties":{"_zoneType":"SI_BUILT","name":"Pozidano zemljišče","authority":"MKGP","dataSource":"raba-3000"},"geometry":{"type":"Polygon","coordinates":[[[14.443165933238795,45.99784856900323],[14.440140870692154,45.99608863453953],[14.44291899520947,45.99395090820157],[14.44,45.99561779740532],[14.44,45.99688985686142],[14.443165933238795,45.99784856900323]]]}},{"type":"Feature","properties":{"_zoneType":"SI_BUILT","name":"Pozidano zemljišče","authority":"MKGP","dataSource":"raba-3000"},"geometry":{"type":"Polygon","coordinates":[[[14.483952361265736,45.95934779108894],[14.483385999927396,45.96],[14.483946306008633,45.96],[14.483952361265736,45.95934779108894]]]}},{"type":"Feature","properties":{"_zoneType":"SI_BUILT","name":"Pozidano zemljišče","authority":"MKGP","dataSource":"raba-3000"},"geometry":{"type":"Polygon","coordinates":[[[14.480608885267479,45.997190295052],[14.481780587400673,45.99724178508546],[14.48,45.99985617331285],[14.48,46.0],[14.48035353990666,46.0],[14.482203602737597,45.99746977474921],[14.483599491530207,45.997319837230805],[14.48,45.99644044536479],[14.48,45.99696002445934],[14.480286052145043,45.99705870323295],[14.48,45.99735332193091],[14.48,45.99828496550903],[14.480608885267479,45.997190295052]]]}},{"type":"Feature","properties":{"_zoneType":"SI_BUILT","name":"Pozidano zemljišče","authority":"MKGP","dataSource":"raba-3000"},"geometry":{"type":"Polygon","coordinates":[[[14.483717349735251,45.984645710001026],[14.48,45.98698256633781],[14.48,45.98718390772927],[14.483717349735251,45.984645710001026]]]}},{"type":"Feature","properties":{"_zoneType":"SI_BUILT","name":"Pozidano zemljišče","authority":"MKGP","dataSource":"raba-3000"},"geometry":{"type":"Polygon","coordinates":[[[14.480253503323935,45.97015626112297],[14.481720928361314,45.970490832151725],[14.480629416616388,45.96962240331544],[14.481019152760593,45.96879921895347],[14.483863060368952,45.968964624353376],[14.481052327138155,45.96814491293527],[14.482096670921461,45.96711569571212],[14.483876120650196,45.96755846598014],[14.482401555153595,45.9666887946345],[14.483893480391203,45.96568923627814],[14.483906066020376,45.96433394856691],[14.4827209343094,45.96342253349586],[14.48392585113047,45.962203185362355],[14.483946306008633,45.96],[14.483385999927396,45.96],[14.480091027024239,45.96379441629164],[14.48,45.96381539218263],[14.48,45.966139825473256],[14.481343976999812,45.96556897232306],[14.482266419186528,45.966171338058764],[14.480249097031562,45.968344173446205],[14.48,45.96830438300477],[14.48,45.970571507853606],[14.480253503323935,45.97015626112297]],[[14.483684702969967,45.96549008556782],[14.481911737135595,45.965461837689276],[14.483282588710013,45.96483406230514],[14.483684702969967,45.96549008556782]]]}},{"type":"Feature","properties":{"_zoneType":"SI_BUILT","name":"Pozidano zemljišče","authority":"MKGP","dataSource":"raba-3000"},"geometry":{"type":"Polygon","coordinates":[[[14.484114791223332,45.941843089466275],[14.484117178420718,45.94158570552439],[14.484038917938639,45.94174008672448],[14.484114791223332,45.941843089466275]]]}},{"type":"Feature","properties":{"_zoneType":"SI_BUILT","name":"Pozidano zemljišče","authority":"MKGP","dataSource":"raba-3000"},"geometry":{"type":"Polygon","coordinates":[[[14.439394894321342,45.96664635920341],[14.439218706528367,45.96650898961],[14.439187162950613,45.966795580917],[14.439394894321342,45.96664635920341]]]}},{"type":"Feature","properties":{"_zoneType":"SI_BUILT","name":"Pozidano zemljišče","authority":"MKGP","dataSource":"raba-3000"},"geometry":{"type":"Polygon","coordinates":[[[14.41921644018607,45.96430435963419],[14.419380688983575,45.964142885847934],[14.418934803572347,45.96416833023449],[14.41921644018607,45.96430435963419]]]}},{"type":"Feature","properties":{"_zoneType":"SI_BUILT","name":"Pozidano zemljišče","authority":"MKGP","dataSource":"raba-3000"},"geometry":{"type":"Polygon","coordinates":[[[14.47765896741704,45.91197405804215],[14.48,45.914772611099345],[14.48,45.91446263112432],[14.47765896741704,45.91197405804215]]]}},{"type":"Feature","properties":{"_zoneType":"SI_BUILT","name":"Pozidano zemljišče","authority":"MKGP","dataSource":"raba-3000"},"geometry":{"type":"Polygon","coordinates":[[[14.480512666122237,45.917437890375844],[14.48077306894006,45.92],[14.481401228284783,45.92],[14.480867299301424,45.91750688119515],[14.481572108904231,45.91613382012434],[14.48,45.91446263112432],[14.48,45.914772611099345],[14.48118621900223,45.91619065920314],[14.480512666122237,45.917437890375844]]]}},{"type":"Feature","properties":{"_zoneType":"SI_BUILT","name":"Pozidano zemljišče","authority":"MKGP","dataSource":"raba-3000"},"geometry":{"type":"Polygon","coordinates":[[[14.482878719159448,45.919848349545234],[14.484322371531952,45.91944896457834],[14.482899152916746,45.919444576164885],[14.482267471683507,45.92],[14.482825624435423,45.92],[14.482878719159448,45.919848349545234]]]}},{"type":"Feature","properties":{"_zoneType":"SI_BUILT","name":"Pozidano zemljišče","authority":"MKGP","dataSource":"raba-3000"},"geometry":{"type":"Polygon","coordinates":[[[14.480796632475865,45.920231842198824],[14.481921311599887,45.92258292053081],[14.482825624435423,45.92],[14.482267471683507,45.92],[14.481538499111247,45.92064097003437],[14.481401228284783,45.92],[14.48077306894006,45.92],[14.480796632475865,45.920231842198824]]]}},{"type":"Feature","properties":{"_zoneType":"SI_BUILT","name":"Pozidano zemljišče","authority":"MKGP","dataSource":"raba-3000"},"geometry":{"type":"Polygon","coordinates":[[[14.455874072796945,45.865609473155814],[14.45535740135014,45.86624052640574],[14.461342961349587,45.86590916667942],[14.47013085061627,45.863524607528205],[14.473480645521908,45.86349972726989],[14.4761721290361,45.86776419185423],[14.473587637919724,45.86836401209586],[14.475956248131073,45.86849433932624],[14.476646414158374,45.86946329048669],[14.477665902226553,45.86894593304358],[14.476935194632178,45.86785289196378],[14.478803336682258,45.8668446012029],[14.476418609744153,45.86746945658757],[14.474708401491604,45.863941545295745],[14.479554449395238,45.86449054574439],[14.48,45.86472697578511],[14.48,45.86351634421172],[14.478865175135175,45.86396950916369],[14.47374646238988,45.86292888971512],[14.467599817925969,45.863768864386714],[14.461182317773726,45.86567689172394],[14.45680431172744,45.86553570193978],[14.455068713376198,45.86397909970792],[14.45542725643226,45.860857545108516],[14.456678774699292,45.85995683932956],[14.459034128688478,45.86059141509368],[14.461359024366333,45.86040351057212],[14.459049683344393,45.860223133308935],[14.460090682912751,45.85887378690372],[14.458625095523644,45.85856565500863],[14.455726387264537,45.859273891184344],[14.454700113987789,45.86405206347402],[14.455874072796945,45.865609473155814]]]}},{"type":"Feature","properties":{"_zoneType":"SI_BUILT","name":"Pozidano zemljišče","authority":"MKGP","dataSource":"raba-3000"},"geometry":{"type":"Polygon","coordinates":[[[14.479413991829388,45.86817043793683],[14.479876511565958,45.8696564376168],[14.48,45.86978026395151],[14.48,45.868556323122526],[14.479764473595779,45.86795919817914],[14.48,45.867663362819435],[14.48,45.86702157967998],[14.479413991829388,45.86817043793683]]]}},{"type":"Feature","properties":{"_zoneType":"SI_BUILT","name":"Pozidano zemljišče","authority":"MKGP","dataSource":"raba-3000"},"geometry":{"type":"Polygon","coordinates":[[[14.480921110201823,45.865215760044855],[14.48,45.86702157967998],[14.48,45.867663362819435],[14.480590232951215,45.86692199465729],[14.482354253592975,45.86752861175749],[14.480855070596771,45.86602579134324],[14.482739835521906,45.86516022122278],[14.48345567134445,45.866211896980595],[14.483319694340029,45.864714481053156],[14.484828538720443,45.86473108324999],[14.48066092573413,45.86412101981384],[14.482430915014296,45.862545616904065],[14.48,45.86351634421172],[14.48,45.86472697578511],[14.480921110201823,45.865215760044855]]]}},{"type":"Feature","properties":{"_zoneType":"SI_BUILT","name":"Pozidano zemljišče","authority":"MKGP","dataSource":"raba-3000"},"geometry":{"type":"Polygon","coordinates":[[[14.481175665364628,45.87095914628232],[14.48182182770768,45.870462757116364],[14.480609320764563,45.870101120735534],[14.48,45.868556323122526],[14.48,45.86978026395151],[14.481175665364628,45.87095914628232]]]}},{"type":"Feature","properties":{"_zoneType":"SI_BUILT","name":"Pozidano zemljišče","authority":"MKGP","dataSource":"raba-3000"},"geometry":{"type":"Polygon","coordinates":[[[14.484563538930615,45.893397979776594],[14.484564665107342,45.893276245375915],[14.483800197607096,45.89360391486374],[14.484563538930615,45.893397979776594]]]}},{"type":"Feature","properties":{"_zoneType":"SI_BUILT","name":"Pozidano zemljišče","authority":"MKGP","dataSource":"raba-3000"},"geometry":{"type":"Polygon","coordinates":[[[14.483682103731626,45.910760652662546],[14.484400017420132,45.911065554534055],[14.483887380213881,45.91063999692112],[14.483682103731626,45.910760652662546]]]}},{"type":"Feature","properties":{"_zoneType":"SI_BUILT","name":"Pozidano zemljišče","authority":"MKGP","dataSource":"raba-3000"},"geometry":{"type":"Polygon","coordinates":[[[14.483952898893795,45.90829809409981],[14.48395886777566,45.90817291206626],[14.482789523956251,45.90745497568516],[14.483952898893795,45.90829809409981]]]}},{"type":"Feature","properties":{"_zoneType":"SI_BUILT","name":"Pozidano zemljišče","authority":"MKGP","dataSource":"raba-3000"},"geometry":{"type":"Polygon","coordinates":[[[14.477393878294466,45.890055623841405],[14.48,45.88987018842978],[14.48,45.88934192896072],[14.479318483192717,45.88913302132505],[14.476601130696622,45.890407615043564],[14.477601852215601,45.891124608773985],[14.477393878294466,45.890055623841405]]]}},{"type":"Feature","properties":{"_zoneType":"SI_BUILT","name":"Pozidano zemljišče","authority":"MKGP","dataSource":"raba-3000"},"geometry":{"type":"Polygon","coordinates":[[[14.48087356692015,45.88980803084095],[14.482648191937574,45.88838665373189],[14.48076004928248,45.88957490941974],[14.48,45.88934192896072],[14.48,45.88987018842978],[14.48087356692015,45.88980803084095]]]}},{"type":"Feature","properties":{"_zoneType":"SI_BUILT","name":"Pozidano zemljišče","authority":"MKGP","dataSource":"raba-3000"},"geometry":{"type":"Polygon","coordinates":[[[14.47919231798845,45.90931966080333],[14.48,45.909505913077545],[14.48,45.90924161818221],[14.47919231798845,45.90931966080333]]]}},{"type":"Feature","properties":{"_zoneType":"SI_BUILT","name":"Pozidano zemljišče","authority":"MKGP","dataSource":"raba-3000"},"geometry":{"type":"Polygon","coordinates":[[[14.481026746904625,45.90926279238822],[14.480884103859353,45.909156191267236],[14.48,45.90924161818221],[14.48,45.909505913077545],[14.480340793159247,45.909584500318616],[14.481026746904625,45.90926279238822]]]}},{"type":"Feature","properties":{"_zoneType":"SI_BUILT","name":"Pozidano zemljišče","authority":"MKGP","dataSource":"raba-3000"},"geometry":{"type":"Polygon","coordinates":[[[14.475724976431193,45.97105577484186],[14.476068946119364,45.97111002880296],[14.477515949175409,45.96997495563118],[14.476011086894887,45.970577941946665],[14.475724976431193,45.97105577484186]]]}},{"type":"Feature","properties":{"_zoneType":"SI_BUILT","name":"Pozidano zemljišče","authority":"MKGP","dataSource":"raba-3000"},"geometry":{"type":"Polygon","coordinates":[[[14.477143916704003,45.90491154712571],[14.476871758931331,45.904913702287786],[14.476914330674736,45.90561789284484],[14.477143916704003,45.90491154712571]]]}},{"type":"Feature","properties":{"_zoneType":"SI_BUILT","name":"Pozidano zemljišče","authority":"MKGP","dataSource":"raba-3000"},"geometry":{"type":"Polygon","coordinates":[[[14.475681738469097,45.89365464085937],[14.474518280822847,45.89319079540898],[14.475486757493833,45.89376067259074],[14.475681738469097,45.89365464085937]]]}},{"type":"Feature","properties":{"_zoneType":"SI_BUILT","name":"Pozidano zemljišče","authority":"MKGP","dataSource":"raba-3000"},"geometry":{"type":"Polygon","coordinates":[[[14.471913658328035,45.92783348007354],[14.473200288677758,45.92852504084124],[14.471943387691123,45.92715585152111],[14.469712306819565,45.92855688763781],[14.471473470383797,45.92870687457973],[14.471913658328035,45.92783348007354]]]}},{"type":"Feature","properties":{"_zoneType":"SI_BUILT","name":"Pozidano zemljišče","authority":"MKGP","dataSource":"raba-3000"},"geometry":{"type":"Polygon","coordinates":[[[14.472793891409431,45.895929689268186],[14.4721699046849,45.89533659283723],[14.472558635656563,45.89601110672127],[14.472793891409431,45.895929689268186]]]}},{"type":"Feature","properties":{"_zoneType":"SI_BUILT","name":"Pozidano zemljišče","authority":"MKGP","dataSource":"raba-3000"},"geometry":{"type":"Polygon","coordinates":[[[14.47150584218352,45.98059923340943],[14.471249594400463,45.980512851952554],[14.471399751948065,45.980766690418676],[14.47150584218352,45.98059923340943]]]}},{"type":"Feature","properties":{"_zoneType":"SI_BUILT","name":"Pozidano zemljišče","authority":"MKGP","dataSource":"raba-3000"},"geometry":{"type":"Polygon","coordinates":[[[14.430915425503217,46.0],[14.433201672090163,45.998098407035904],[14.432621382401537,45.9982953921804],[14.430874291391557,46.0],[14.430915425503217,46.0]]]}},{"type":"Feature","properties":{"_zoneType":"SI_BUILT","name":"Pozidano zemljišče","authority":"MKGP","dataSource":"raba-3000"},"geometry":{"type":"Polygon","coordinates":[[[14.47074391315616,45.93054402952653],[14.469809046485652,45.930354887662645],[14.470321982645208,45.9309077378895],[14.47074391315616,45.93054402952653]]]}},{"type":"Feature","properties":{"_zoneType":"SI_BUILT","name":"Pozidano zemljišče","authority":"MKGP","dataSource":"raba-3000"},"geometry":{"type":"Polygon","coordinates":[[[14.470634349153281,45.87904732427386],[14.46947719214734,45.87814964135345],[14.470964967217848,45.87751450517159],[14.468557605367621,45.878199621759364],[14.466979326270733,45.879829256655654],[14.468920397519764,45.878576327137246],[14.470634349153281,45.87904732427386]]]}},{"type":"Feature","properties":{"_zoneType":"SI_BUILT","name":"Pozidano zemljišče","authority":"MKGP","dataSource":"raba-3000"},"geometry":{"type":"Polygon","coordinates":[[[14.469606298343535,45.93358812046884],[14.469440366203633,45.93346102529745],[14.469062549212234,45.93375462973126],[14.469606298343535,45.93358812046884]]]}},{"type":"Feature","properties":{"_zoneType":"SI_BUILT","name":"Pozidano zemljišče","authority":"MKGP","dataSource":"raba-3000"},"geometry":{"type":"Polygon","coordinates":[[[14.467303437252989,45.989391961493325],[14.467010555070672,45.98929273777178],[14.467170533388854,45.98957412736465],[14.467303437252989,45.989391961493325]]]}},{"type":"Feature","properties":{"_zoneType":"SI_BUILT","name":"Pozidano zemljišče","authority":"MKGP","dataSource":"raba-3000"},"geometry":{"type":"Polygon","coordinates":[[[14.466977760991213,45.99911145798277],[14.466243145140318,45.99874776533103],[14.466713222206595,45.99926013304882],[14.466977760991213,45.99911145798277]]]}},{"type":"Feature","properties":{"_zoneType":"SI_BUILT","name":"Pozidano zemljišče","authority":"MKGP","dataSource":"raba-3000"},"geometry":{"type":"Polygon","coordinates":[[[14.464962061313903,45.879968581164725],[14.464753941550319,45.87985611980712],[14.464400191377292,45.88],[14.464863592152454,45.88],[14.464962061313903,45.879968581164725]]]}},{"type":"Feature","properties":{"_zoneType":"SI_BUILT","name":"Pozidano zemljišče","authority":"MKGP","dataSource":"raba-3000"},"geometry":{"type":"Polygon","coordinates":[[[14.464863592152454,45.88],[14.464400191377292,45.88],[14.462713374920275,45.880686075925034],[14.464863592152454,45.88]]]}},{"type":"Feature","properties":{"_zoneType":"SI_BUILT","name":"Pozidano zemljišče","authority":"MKGP","dataSource":"raba-3000"},"geometry":{"type":"Polygon","coordinates":[[[14.457432258891206,45.86262481271105],[14.457830052984473,45.86242647991401],[14.457644181723813,45.862104960148095],[14.457432258891206,45.86262481271105]]]}},{"type":"Feature","properties":{"_zoneType":"SI_BUILT","name":"Pozidano zemljišče","authority":"MKGP","dataSource":"raba-3000"},"geometry":{"type":"Polygon","coordinates":[[[14.45516168902213,45.88932285804484],[14.4552519764302,45.88945640165347],[14.455989971572981,45.88932417096821],[14.45516168902213,45.88932285804484]]]}},{"type":"Feature","properties":{"_zoneType":"SI_BUILT","name":"Pozidano zemljišče","authority":"MKGP","dataSource":"raba-3000"},"geometry":{"type":"Polygon","coordinates":[[[14.453778496190207,45.99463889797248],[14.454012000551645,45.99478739083519],[14.453981492320954,45.994482467626845],[14.453778496190207,45.99463889797248]]]}},{"type":"Feature","properties":{"_zoneType":"SI_BUILT","name":"Pozidano zemljišče","authority":"MKGP","dataSource":"raba-3000"},"geometry":{"type":"Polygon","coordinates":[[[14.455373862020698,45.871097268804014],[14.45514643367688,45.87097301182819],[14.455160894904536,45.871239873842164],[14.455373862020698,45.871097268804014]]]}},{"type":"Feature","properties":{"_zoneType":"SI_BUILT","name":"Pozidano zemljišče","authority":"MKGP","dataSource":"raba-3000"},"geometry":{"type":"Polygon","coordinates":[[[14.45335606243931,46.0],[14.453541986934125,45.999915644628224],[14.452477646724109,45.99943755389086],[14.453296639147045,46.0],[14.45335606243931,46.0]]]}},{"type":"Feature","properties":{"_zoneType":"SI_BUILT","name":"Pozidano zemljišče","authority":"MKGP","dataSource":"raba-3000"},"geometry":{"type":"Polygon","coordinates":[[[14.453624186473032,45.889603116441236],[14.453820304522356,45.88970860328191],[14.453981122927448,45.88931741109286],[14.453624186473032,45.889603116441236]]]}},{"type":"Feature","properties":{"_zoneType":"SI_BUILT","name":"Pozidano zemljišče","authority":"MKGP","dataSource":"raba-3000"},"geometry":{"type":"Polygon","coordinates":[[[14.449132146675902,45.955648892399616],[14.451607361106971,45.953765297219206],[14.44832350107596,45.95607867411688],[14.445511391154856,45.955521003749844],[14.449534841195574,45.9579582094631],[14.449132146675902,45.955648892399616]]]}},{"type":"Feature","properties":{"_zoneType":"SI_BUILT","name":"Pozidano zemljišče","authority":"MKGP","dataSource":"raba-3000"},"geometry":{"type":"Polygon","coordinates":[[[14.452437040092294,45.95337560555101],[14.45213610724035,45.953255956585444],[14.45229691531438,45.953550599945544],[14.452437040092294,45.95337560555101]]]}},{"type":"Feature","properties":{"_zoneType":"SI_BUILT","name":"Pozidano zemljišče","authority":"MKGP","dataSource":"raba-3000"},"geometry":{"type":"Polygon","coordinates":[[[14.45139342471115,45.991156175112664],[14.4510773530163,45.99110649771776],[14.45088485615115,45.991929106557876],[14.45139342471115,45.991156175112664]]]}},{"type":"Feature","properties":{"_zoneType":"SI_BUILT","name":"Pozidano zemljišče","authority":"MKGP","dataSource":"raba-3000"},"geometry":{"type":"Polygon","coordinates":[[[14.449875954425568,45.99341186753829],[14.449501069152028,45.99395427117631],[14.45037906316036,45.99359190236489],[14.449875954425568,45.99341186753829]]]}},{"type":"Feature","properties":{"_zoneType":"SI_BUILT","name":"Pozidano zemljišče","authority":"MKGP","dataSource":"raba-3000"},"geometry":{"type":"Polygon","coordinates":[[[14.445957595350494,45.88142225937684],[14.44660913511839,45.881596621974204],[14.446120591239689,45.881129924517595],[14.445957595350494,45.88142225937684]]]}},{"type":"Feature","properties":{"_zoneType":"SI_BUILT","name":"Pozidano zemljišče","authority":"MKGP","dataSource":"raba-3000"},"geometry":{"type":"Polygon","coordinates":[[[14.442993963149908,45.95506520736758],[14.441333192252173,45.95467343955708],[14.442291516423447,45.955157156851726],[14.442993963149908,45.95506520736758]]]}},{"type":"Feature","properties":{"_zoneType":"SI_BUILT","name":"Pozidano zemljišče","authority":"MKGP","dataSource":"raba-3000"},"geometry":{"type":"Polygon","coordinates":[[[14.439017680738376,45.90061259460185],[14.44,45.899366605574336],[14.44,45.89932662347888],[14.439050713749445,45.90037160021081],[14.439017680738376,45.90061259460185]]]}},{"type":"Feature","properties":{"_zoneType":"SI_BUILT","name":"Pozidano zemljišče","authority":"MKGP","dataSource":"raba-3000"},"geometry":{"type":"Polygon","coordinates":[[[14.44023853816162,45.89906404006062],[14.44,45.89932662347888],[14.44,45.899366605574336],[14.44023853816162,45.89906404006062]]]}},{"type":"Feature","properties":{"_zoneType":"SI_BUILT","name":"Pozidano zemljišče","authority":"MKGP","dataSource":"raba-3000"},"geometry":{"type":"Polygon","coordinates":[[[14.438285259204907,45.93539715974915],[14.43784283454075,45.93522387100597],[14.438140100074822,45.935586299420585],[14.438285259204907,45.93539715974915]]]}},{"type":"Feature","properties":{"_zoneType":"SI_BUILT","name":"Pozidano zemljišče","authority":"MKGP","dataSource":"raba-3000"},"geometry":{"type":"Polygon","coordinates":[[[14.436443776897917,45.905482934259275],[14.436136931920432,45.902644053549835],[14.436152345547317,45.905317841544225],[14.436443776897917,45.905482934259275]]]}},{"type":"Feature","properties":{"_zoneType":"SI_BUILT","name":"Pozidano zemljišče","authority":"MKGP","dataSource":"raba-3000"},"geometry":{"type":"Polygon","coordinates":[[[14.431462250561065,45.90171034488036],[14.431203480683449,45.90162743195606],[14.431341152218907,45.90186941170081],[14.431462250561065,45.90171034488036]]]}},{"type":"Feature","properties":{"_zoneType":"SI_BUILT","name":"Pozidano zemljišče","authority":"MKGP","dataSource":"raba-3000"},"geometry":{"type":"Polygon","coordinates":[[[14.43325635905179,45.96463953757649],[14.433542323279342,45.96470414123447],[14.43425551891503,45.96376375692574],[14.43325635905179,45.96463953757649]]]}},{"type":"Feature","properties":{"_zoneType":"SI_BUILT","name":"Pozidano zemljišče","authority":"MKGP","dataSource":"raba-3000"},"geometry":{"type":"Polygon","coordinates":[[[14.422799809620008,45.99368984906053],[14.425837049930498,45.99436686441904],[14.428840049001774,45.99021756921058],[14.425736193753714,45.99393009998895],[14.422736967658016,45.99306869244535],[14.421171369400994,45.99404350499995],[14.418949331005972,45.993770363770224],[14.418871124208641,45.99311200082492],[14.420937775960002,45.99304402561934],[14.418708770884583,45.992698229003686],[14.417331800661236,45.9942566371405],[14.421058302235842,45.99430088572684],[14.422799809620008,45.99368984906053]]]}},{"type":"Feature","properties":{"_zoneType":"SI_BUILT","name":"Pozidano zemljišče","authority":"MKGP","dataSource":"raba-3000"},"geometry":{"type":"Polygon","coordinates":[[[14.43134242517287,45.9883405160783],[14.429602527054465,45.988640954617594],[14.42880925386081,45.989859090506364],[14.429786706390972,45.9888314304277],[14.43134242517287,45.9883405160783]]]}},{"type":"Feature","properties":{"_zoneType":"SI_BUILT","name":"Pozidano zemljišče","authority":"MKGP","dataSource":"raba-3000"},"geometry":{"type":"Polygon","coordinates":[[[14.430091660482823,45.986452450484535],[14.4298046084239,45.986392367464056],[14.430024136012406,45.98663548018652],[14.430091660482823,45.986452450484535]]]}},{"type":"Feature","properties":{"_zoneType":"SI_BUILT","name":"Pozidano zemljišče","authority":"MKGP","dataSource":"raba-3000"},"geometry":{"type":"Polygon","coordinates":[[[14.428235233437217,45.93997345976445],[14.428509918136099,45.93997616364875],[14.42849274086964,45.93922387104017],[14.428235233437217,45.93997345976445]]]}},{"type":"Feature","properties":{"_zoneType":"SI_BUILT","name":"Pozidano zemljišče","authority":"MKGP","dataSource":"raba-3000"},"geometry":{"type":"Polygon","coordinates":[[[14.426505646093718,45.88775030439641],[14.42515398591404,45.888158033409525],[14.423859771273348,45.887570828024295],[14.425145374540966,45.88854358242716],[14.426505646093718,45.88775030439641]]]}},{"type":"Feature","properties":{"_zoneType":"SI_BUILT","name":"Pozidano zemljišče","authority":"MKGP","dataSource":"raba-3000"},"geometry":{"type":"Polygon","coordinates":[[[14.422357520870856,45.96734453677659],[14.423056777235997,45.968434798477254],[14.422028815198532,45.96973517344528],[14.423504087439692,45.96857623639383],[14.422357520870856,45.96734453677659]]]}},{"type":"Feature","properties":{"_zoneType":"SI_BUILT","name":"Pozidano zemljišče","authority":"MKGP","dataSource":"raba-3000"},"geometry":{"type":"Polygon","coordinates":[[[14.419354253728333,45.95093984715038],[14.419568719855382,45.95049471498868],[14.419110997293268,45.95086827432074],[14.419354253728333,45.95093984715038]]]}},{"type":"Feature","properties":{"_zoneType":"SI_BUILT","name":"Pozidano zemljišče","authority":"MKGP","dataSource":"raba-3000"},"geometry":{"type":"Polygon","coordinates":[[[14.42104143068701,45.94958694951206],[14.420774463227902,45.94957884111508],[14.420676604962306,45.95025834599019],[14.42104143068701,45.94958694951206]]]}},{"type":"Feature","properties":{"_zoneType":"SI_BUILT","name":"Pozidano zemljišče","authority":"MKGP","dataSource":"raba-3000"},"geometry":{"type":"Polygon","coordinates":[[[14.415236667168454,45.99286094673463],[14.415308920888902,45.99270585444062],[14.414933676113948,45.9927782367726],[14.415236667168454,45.99286094673463]]]}},{"type":"Feature","properties":{"_zoneType":"SI_BUILT","name":"Pozidano zemljišče","authority":"MKGP","dataSource":"raba-3000"},"geometry":{"type":"Polygon","coordinates":[[[14.415571345537934,45.897360528373184],[14.415568722415486,45.89581959179148],[14.415379519598622,45.89728529068367],[14.415571345537934,45.897360528373184]]]}},{"type":"Feature","properties":{"_zoneType":"SI_BUILT","name":"Pozidano zemljišče","authority":"MKGP","dataSource":"raba-3000"},"geometry":{"type":"Polygon","coordinates":[[[14.414957552523365,45.96040229204219],[14.414688328935735,45.960208018619014],[14.414552345609847,45.96073195106498],[14.414957552523365,45.96040229204219]]]}},{"type":"Feature","properties":{"_zoneType":"SI_BUILT","name":"Pozidano zemljišče","authority":"MKGP","dataSource":"raba-3000"},"geometry":{"type":"Polygon","coordinates":[[[14.413635119699581,45.957123123423194],[14.413541896052577,45.95696768896464],[14.413350021236248,45.95721084323407],[14.413635119699581,45.957123123423194]]]}},{"type":"Feature","properties":{"_zoneType":"SI_BUILT","name":"Pozidano zemljišče","authority":"MKGP","dataSource":"raba-3000"},"geometry":{"type":"Polygon","coordinates":[[[14.41312944378628,45.8942954639709],[14.412317165068032,45.893965598880634],[14.411671863293192,45.895180350578336],[14.41231677051088,45.89535822724216],[14.41312944378628,45.8942954639709]]]}},{"type":"Feature","properties":{"_zoneType":"SI_BUILT","name":"Pozidano zemljišče","authority":"MKGP","dataSource":"raba-3000"},"geometry":{"type":"Polygon","coordinates":[[[14.505449246465986,45.91802575116777],[14.505479970020136,45.91574478611105],[14.5034094110963,45.91305219270039],[14.497245912284589,45.910077530172195],[14.496916326765415,45.91124873947019],[14.499475237956378,45.91175098215987],[14.49963712339648,45.91271022423213],[14.504284734366088,45.91488583967095],[14.505086228413116,45.91658531658525],[14.504652402929787,45.918772729579246],[14.506387286574682,45.92],[14.509050549290746,45.92],[14.505449246465986,45.91802575116777]]]}},{"type":"Feature","properties":{"_zoneType":"SI_BUILT","name":"Pozidano zemljišče","authority":"MKGP","dataSource":"raba-3000"},"geometry":{"type":"Polygon","coordinates":[[[14.519152220013153,45.9589458549522],[14.52,45.9587340793355],[14.52,45.957831680084695],[14.517166075545047,45.95737227792366],[14.515422516808327,45.95781471311714],[14.515662600909655,45.9568445150503],[14.513777505523496,45.95501617533819],[14.517755969930874,45.95474940980523],[14.514185885939861,45.95401821983017],[14.514954894246653,45.952983850669916],[14.51695855403723,45.95282278025599],[14.516664696761035,45.95174301113325],[14.518243153270461,45.95042233490149],[14.516954735446898,45.94952606964273],[14.518243618898145,45.94937579722253],[14.518553470120256,45.94785134916905],[14.516928303013124,45.9472834349431],[14.51610405921632,45.9492231364037],[14.514364968337647,45.949794224019435],[14.509767762073468,45.944794197563695],[14.51150337000377,45.944374094375604],[14.51150771821316,45.942785530788136],[14.513721974562234,45.94143638895266],[14.51406890044334,45.939434626218066],[14.513245061321935,45.93864532824866],[14.516375908513185,45.937742571012436],[14.514343075026318,45.93740526171084],[14.516606521698778,45.93671989303486],[14.517660087930633,45.937304426904674],[14.52,45.934508021466506],[14.52,45.93037980400172],[14.519138502491186,45.92870729071914],[14.51786865230131,45.92895935478076],[14.514375576399054,45.92647769709458],[14.513986265546983,45.92705164354191],[14.516116949988929,45.92793324713693],[14.516566837959264,45.92958880573179],[14.515484252911948,45.93053466784253],[14.513086529391364,45.928719631155694],[14.511372658173665,45.92500258661437],[14.512391039047895,45.92434515419372],[14.5090642013169,45.922162465579106],[14.50939602199202,45.92018938953769],[14.509050549290746,45.92],[14.506387286574682,45.92],[14.506908730818072,45.92036887378463],[14.507794511127562,45.92447910855974],[14.515079244958207,45.930740291977834],[14.515646046982484,45.93287601731511],[14.512463636310928,45.935563672195734],[14.505989413630312,45.93833239721385],[14.5003611192625,45.935204678786626],[14.50585863123901,45.93861535715462],[14.512687003392408,45.93616714287224],[14.511811532356775,45.93753204628135],[14.507493168789933,45.93951007807562],[14.502760654415676,45.93984844594116],[14.494149144490436,45.937270134943645],[14.500954539386443,45.939415399520826],[14.499299610896974,45.94039210487959],[14.494656773618685,45.93887529840224],[14.49200957068757,45.940591007636364],[14.489954926081147,45.939886699691606],[14.48882642095997,45.935775242387685],[14.490190728175557,45.934179722813596],[14.488569862777267,45.93478659159095],[14.489451267892004,45.93998608739015],[14.487151507815028,45.93987127707231],[14.486968884628682,45.94145629382929],[14.485505962803472,45.94210037458613],[14.485015325019084,45.94046277702358],[14.484114791223307,45.941843089468996],[14.486593289037224,45.94292370408911],[14.486529179932008,45.944570321413494],[14.487576235794808,45.94534392439785],[14.487660667153266,45.94995506127223],[14.486280614570992,45.95231457818261],[14.488485557360594,45.95239097196625],[14.48922157954888,45.95427351020698],[14.486191611428344,45.955411290871446],[14.48394754967836,45.95986607703487],[14.486492715378722,45.955551284792094],[14.489384579958173,45.95484896122807],[14.492678378229495,45.95687965305835],[14.494215058642546,45.96],[14.494917941513286,45.96],[14.494595425816478,45.9588133660702],[14.49759166381383,45.95411156855228],[14.504265335337058,45.95548020033173],[14.502770331249826,45.96],[14.503174831985401,45.96],[14.504642756221356,45.95581772293313],[14.511980641650352,45.95730268005694],[14.511571696880246,45.95970981780082],[14.51168344294689,45.96],[14.512366171855277,45.96],[14.511978870799341,45.959003751747545],[14.51352518912477,45.95855023945064],[14.516780836304013,45.96],[14.519426824974047,45.96],[14.519152220013153,45.9589458549522]],[[14.516389173375021,45.934011347956314],[14.517404290429315,45.93435861040255],[14.516782311884752,45.933148831421725],[14.519142184189336,45.93280997982262],[14.518923002408647,45.93512598748164],[14.51643657419862,45.9360077666736],[14.515533409470537,45.9350177080802],[14.516389173375021,45.934011347956314]],[[14.519058943788261,45.958524943132254],[14.518264559039025,45.95852278283264],[14.518757310505706,45.95782812857199],[14.519058943788261,45.958524943132254]],[[14.518595364215273,45.95919668960017],[14.517845709105627,45.959741275827035],[14.516230853826444,45.95898775261726],[14.517236407987996,45.95797502604432],[14.518595364215273,45.95919668960017]],[[14.518166783553701,45.931926806225114],[14.51713495314176,45.93206725429312],[14.51687386329308,45.93135133558003],[14.517928511529316,45.931483575259655],[14.518166783553701,45.931926806225114]],[[14.514917295028942,45.93651582709908],[14.51509125688493,45.9361211089329],[14.515717040257353,45.936635280862255],[14.514917295028942,45.93651582709908]],[[14.51516725585744,45.9516906110615],[14.513343775422575,45.95443631322813],[14.512141159273197,45.954254287230505],[14.512322338615311,45.952027085945566],[14.513988483682,45.95133340215135],[14.51516725585744,45.9516906110615]],[[14.51122203396779,45.94785757113422],[14.512993978586127,45.94887184614701],[14.514181232355664,45.95076322265473],[14.512140127387053,45.951062089846396],[14.51122203396779,45.94785757113422]],[[14.513130546490489,45.93558828104129],[14.51387290063237,45.93501008971025],[14.514390715327792,45.935427583818914],[14.51365009173303,45.9358634278284],[14.513130546490489,45.93558828104129]],[[14.513468522998668,45.956094360078225],[14.512581989276041,45.956146671432926],[14.512264967286628,45.955048074774524],[14.513308419033345,45.9547876930588],[14.513468522998668,45.956094360078225]],[[14.506215692973553,45.955630872985694],[14.505002762922732,45.95456743939032],[14.508381615313978,45.95031937409932],[14.511660226134353,45.95120369616043],[14.511852434846418,45.956904153365166],[14.506215692973553,45.955630872985694]],[[14.511879671974668,45.92694328779385],[14.510504405518896,45.92657118469631],[14.50881046466867,45.92426418587666],[14.51112189276826,45.925285900329584],[14.511879671974668,45.92694328779385]],[[14.511354600621555,45.95050011896428],[14.508477382012316,45.95003978433763],[14.506573306485407,45.95085435902237],[14.507893202927956,45.947725781770565],[14.50992404055097,45.94586682624287],[14.511354600621555,45.95050011896428]],[[14.509930216317537,45.942259836057346],[14.50915518115328,45.942267075368136],[14.509898578743492,45.94189112723535],[14.509930216317537,45.942259836057346]],[[14.509343295375803,45.94339409357039],[14.50818088138736,45.945122430829684],[14.509027186491359,45.945552978352005],[14.508578439638368,45.94613523428589],[14.505149182510484,45.94496319890136],[14.506181259783697,45.94291643462594],[14.508056075291037,45.94226813598301],[14.509343295375803,45.94339409357039]],[[14.508035908441375,45.94671846271861],[14.504709531900678,45.95376730847702],[14.499564292961773,45.95019716337619],[14.504576645488049,45.94520602080089],[14.508035908441375,45.94671846271861]],[[14.50582956733964,45.94185055103327],[14.505252439434686,45.94231882951986],[14.504250597229278,45.942141575817004],[14.5051298672622,45.941459895510825],[14.50582956733964,45.94185055103327]],[[14.505746747858204,45.942897050038866],[14.502615831747018,45.94656809483119],[14.50084454107531,45.9459662307544],[14.50219724796358,45.94421471832876],[14.505746747858204,45.942897050038866]],[[14.497262843671535,45.95330164451784],[14.499679525137129,45.9506785475827],[14.50458438716689,45.95491127339612],[14.502963562073647,45.954889348627944],[14.497262843671535,45.95330164451784]],[[14.49372631182134,45.945695428654815],[14.490305157839163,45.9445559904709],[14.49114454801221,45.94328348921777],[14.504435663653933,45.942610373800484],[14.501732777415079,45.944191145436626],[14.500397528878269,45.943836095236854],[14.50113257692677,45.94450316268812],[14.500186854988346,45.94536388406024],[14.496286768226284,45.94698389178674],[14.494602733541395,45.945663124010935],[14.494970222976473,45.94499850351844],[14.49372631182134,45.945695428654815]],[[14.502955934486529,45.94186331251273],[14.494929731374567,45.94297611125029],[14.491640993997017,45.94297209968955],[14.4954817141798,45.93982647531923],[14.502955934486529,45.94186331251273]],[[14.502235932331256,45.94706351815455],[14.499272749368078,45.94966611520488],[14.496643482995516,45.94743482376734],[14.499699395103935,45.9458460119848],[14.502235932331256,45.94706351815455]],[[14.499099831042512,45.95036495815324],[14.49662789485323,45.9531940649727],[14.49410055173679,45.95231016391997],[14.494174946537589,45.95134636622789],[14.491731311557574,45.95068058136133],[14.491565799566557,45.94964348299445],[14.49609169058081,45.94745984070568],[14.499099831042512,45.95036495815324]],[[14.49281766743472,45.953435288017594],[14.493373925077643,45.952567054115164],[14.497265651630025,45.953978650199886],[14.494477039214214,45.95815730606215],[14.490698822448696,45.95459172235224],[14.49109360105029,45.95324600595645],[14.49281766743472,45.953435288017594]],[[14.49151143997007,45.94541509347821],[14.495524362102366,45.94715332030389],[14.491580082891087,45.94879464697735],[14.490263011384762,45.94810541576662],[14.489795933635111,45.94644298695903],[14.49151143997007,45.94541509347821]],[[14.493863168229868,45.9516983571259],[14.492224321512689,45.952042791926246],[14.49239771287192,45.95098177669912],[14.493863168229868,45.9516983571259]],[[14.493456804140315,45.941077830902586],[14.490867726855376,45.94204445346541],[14.489442396594221,45.94159468902898],[14.490152101092168,45.94061053869802],[14.493456804140315,45.941077830902586]],[[14.489790590140428,45.94543775406973],[14.490703196206955,45.94515191033728],[14.490062604606747,45.9459096352762],[14.489790590140428,45.94543775406973]],[[14.489121072211052,45.94108204724377],[14.488242295740807,45.941922207991524],[14.48750278676096,45.941048558674616],[14.488720747629817,45.94078674326018],[14.489121072211052,45.94108204724377]]]}},{"type":"Feature","properties":{"_zoneType":"SI_BUILT","name":"Pozidano zemljišče","authority":"MKGP","dataSource":"raba-3000"},"geometry":{"type":"Polygon","coordinates":[[[14.488868332971505,45.958991992086325],[14.490383712856735,45.96],[14.49210054241459,45.96],[14.488868332971505,45.958991992086325]]]}},{"type":"Feature","properties":{"_zoneType":"SI_BUILT","name":"Pozidano zemljišče","authority":"MKGP","dataSource":"raba-3000"},"geometry":{"type":"Polygon","coordinates":[[[14.505959013700044,45.959230807424596],[14.506125825031523,45.96],[14.506287541454402,45.96],[14.505959013700044,45.959230807424596]]]}},{"type":"Feature","properties":{"_zoneType":"SI_BUILT","name":"Pozidano zemljišče","authority":"MKGP","dataSource":"raba-3000"},"geometry":{"type":"Polygon","coordinates":[[[14.491042204803273,45.969356782773914],[14.489655740383904,45.97119764686008],[14.486488467090156,45.97140128311367],[14.489495020639843,45.971490070318936],[14.490158029498923,45.97235936692978],[14.489898262639505,45.973830511684014],[14.486615565387687,45.97445914482571],[14.488016598791056,45.97460510384786],[14.488228804039897,45.97621488347345],[14.488967948408352,45.97654750903952],[14.487514022073158,45.98372001099298],[14.486492403422142,45.98501857382247],[14.483717349735278,45.98464570999838],[14.48712249627386,45.98546474315885],[14.485990041954654,45.98761772874616],[14.486321615884256,45.99035846025417],[14.491765579837793,45.99221697798175],[14.499807277953112,45.99163652190449],[14.491750789406357,45.99198210860685],[14.486746239673693,45.990156479251],[14.486441886102929,45.98814464442722],[14.487724685258744,45.98800380176423],[14.486472832534506,45.98736204499819],[14.488625405632735,45.98127466190287],[14.489209316370411,45.97692870552451],[14.492154740693367,45.97079015340568],[14.495443108425931,45.97168389953008],[14.49543726194896,45.97258792289278],[14.496786844472666,45.97316497390993],[14.498053561532304,45.97291111291182],[14.498744680184744,45.97549671139267],[14.499751823337414,45.97590503686406],[14.493658082130755,45.97737482703607],[14.494871111293804,45.977880990022],[14.493489216031252,45.98639642327829],[14.495237921939387,45.97768138095852],[14.497878716034107,45.97710393626123],[14.499233063953518,45.98699615772671],[14.498597005923605,45.97756020013482],[14.500761813325205,45.9774010719413],[14.504609745099962,45.98146155663734],[14.506128229527832,45.98642525128647],[14.506063283704803,45.987999800268824],[14.502632519651462,45.9878274469247],[14.506705007152698,45.98860914997498],[14.507677559825021,45.98964469740623],[14.507140875912446,45.99146468984043],[14.505098594649757,45.99114785016545],[14.510447679708937,45.99482638045215],[14.508899687918856,45.99825431574178],[14.507871619529107,45.998611695023364],[14.496639421464055,45.99585470259362],[14.500139685982509,45.997149422455024],[14.498676441851797,46.0],[14.499593655735639,46.0],[14.500548636898564,45.99729218979367],[14.503839242195953,45.99801279307062],[14.503037856134283,46.0],[14.503495045893263,46.0],[14.504350740029746,45.99813533274595],[14.508385118679502,45.99913333144452],[14.507296722199454,46.0],[14.508688735349493,46.0],[14.508882538574403,45.99957424528369],[14.511928591176089,46.0],[14.514964033009266,46.0],[14.51461715729751,45.99976821172342],[14.515305325596456,45.999832790255944],[14.515284632185596,46.0],[14.517178053054959,46.0],[14.517324652019722,45.999596162476344],[14.52,45.99972460063316],[14.52,45.999435333064746],[14.518866089041696,45.99938880426957],[14.519480221286493,45.99823395235935],[14.517695736627891,45.997679721612535],[14.52,45.99041919626095],[14.52,45.98873764634537],[14.51900714207381,45.99159554341945],[14.518351911655321,45.99145124988066],[14.515575285878286,45.984723973636726],[14.52,45.986820931734115],[14.52,45.98604304175068],[14.515088571646574,45.98314810032489],[14.517448849236064,45.97665022845275],[14.5167682129384,45.974995583792555],[14.51771651600618,45.97387516891685],[14.516596086140128,45.972019206296174],[14.52,45.97093759728679],[14.52,45.97046551198684],[14.516899982312786,45.9705944380914],[14.516829643454871,45.96902787882267],[14.517632747366061,45.968694449573796],[14.516643223908154,45.96761416974421],[14.52,45.967601227113086],[14.52,45.96719684890584],[14.517816559874415,45.96717831631441],[14.519904343539967,45.96512851322883],[14.52,45.96512468463187],[14.52,45.963842017002676],[14.519174406774653,45.96393307720256],[14.519919986813553,45.9622380122325],[14.52,45.96222778294081],[14.52,45.9605500384116],[14.519579804104469,45.96058725156394],[14.519426824974047,45.96],[14.516780836304013,45.96],[14.51734814424041,45.960252625859084],[14.513062067114014,45.961790040137465],[14.512366171855277,45.96],[14.51168344294689,45.96],[14.512397718801363,45.96185483162404],[14.510416521129777,45.96237986901801],[14.509648003864385,45.96107191265115],[14.506577964506803,45.96067997681374],[14.506287541454402,45.96],[14.506125825031523,45.96],[14.506312323093914,45.960859971104156],[14.509438107571883,45.961300284535966],[14.509947847543952,45.96266648771711],[14.501905455259834,45.96513707579085],[14.50181650911995,45.964245774659055],[14.502990280939345,45.96386907985924],[14.501968394578851,45.963437272424855],[14.503174831985401,45.96],[14.502770331249826,45.96],[14.50145706972889,45.96397034298259],[14.501435501676996,45.96552601770939],[14.496989387415676,45.96630202754351],[14.496266494317744,45.965434368061565],[14.496769997481305,45.9640928029841],[14.495743489411977,45.96546988562062],[14.494246731584916,45.96494327879882],[14.49471704291078,45.96164213008299],[14.499704871880333,45.96246357043674],[14.495265586224143,45.96127909126129],[14.494917941513286,45.96],[14.494215058642546,45.96],[14.494598741257084,45.96077909685233],[14.49210054241459,45.96],[14.490383712856735,45.96],[14.492378586638111,45.96132696004349],[14.494283332649475,45.96143561379669],[14.493400003181408,45.96486442876933],[14.488249127280904,45.96299823606015],[14.48568054129419,45.96292569717478],[14.48390606602038,45.964333948566846],[14.483893480391158,45.96568923628298],[14.485756392017148,45.96444128103694],[14.489041005261301,45.9656119593724],[14.4888932756549,45.9673135031439],[14.483878339994696,45.96731950588791],[14.486263613119691,45.968200240436495],[14.483866107057006,45.96896423772153],[14.487684658081585,45.968302631962686],[14.491042204803273,45.969356782773914]],[[14.513930904302581,45.965065820624005],[14.519273975648689,45.964847731972824],[14.515746795646148,45.96809123378162],[14.513341884686229,45.96769091998878],[14.513930904302581,45.965065820624005]],[[14.504162872986985,45.97476749785427],[14.50449324475921,45.97596204385367],[14.502986091725269,45.97652699555523],[14.504981557095737,45.9761009312468],[14.504305974684335,45.974462987386424],[14.50178409886878,45.97351936910738],[14.502621085744268,45.973024586341666],[14.509211110469492,45.974992627714975],[14.509600298952348,45.98140110607483],[14.510947741912394,45.98384809395169],[14.50992619387859,45.98135863464516],[14.509625813598177,45.97553391714277],[14.510937164866037,45.974863255833746],[14.510891330374774,45.973335308583415],[14.515192430441779,45.972762993245624],[14.517112098346592,45.9764529338005],[14.516364051369749,45.97837715017252],[14.515048583726351,45.978443325897956],[14.51596489171625,45.97899891610048],[14.514706423865317,45.98075237456276],[14.514679735253461,45.98350042210959],[14.518558976738582,45.99354139655148],[14.51768195157514,45.99625457011277],[14.514471006990291,45.995950724650406],[14.507971317618024,45.98942445060071],[14.509345177132914,45.98893724508807],[14.506679707331344,45.98767892193256],[14.504941845509217,45.981341731301136],[14.499987236523461,45.97662478116447],[14.501743856606819,45.97432481290954],[14.504162872986985,45.97476749785427]],[[14.51744461874177,45.99694080852254],[14.517090155920897,45.99802336989046],[14.515842044723321,45.99688245122189],[14.51744461874177,45.99694080852254]],[[14.51735058763548,45.963712601051256],[14.517535673842898,45.96422897460947],[14.516729770822439,45.9639044085541],[14.51735058763548,45.963712601051256]],[[14.516906642806708,45.96255654716427],[14.516144475343122,45.96442952552728],[14.514269957544094,45.964668577071585],[14.513326043965739,45.96239085443161],[14.515221722395205,45.96157994450027],[14.516906642806708,45.96255654716427]],[[14.507404932788203,45.992001251743666],[14.50805318072178,45.990318394609304],[14.513762114762892,45.995705837849584],[14.512495733177538,45.99683566636074],[14.51490405320739,45.99691525342792],[14.516218407216494,45.998234573907176],[14.512681010125803,45.998698388053754],[14.51298276256711,45.99982178620947],[14.509610201715855,45.9989109643413],[14.510795682756397,45.99477219406644],[14.507404932788203,45.992001251743666]],[[14.512982943286666,45.965920680662144],[14.512836364754293,45.96780478889195],[14.510743360359351,45.96792670261823],[14.514429941310219,45.9694118474322],[14.513516895513694,45.97052775476772],[14.510869770355667,45.9703293991551],[14.507751045987119,45.96824074104245],[14.512982943286666,45.965920680662144]],[[14.511417944923716,45.9624427606964],[14.513205681808193,45.96291645046156],[14.513476508600059,45.96484694359073],[14.507584826685495,45.967960414582535],[14.502017182516019,45.96663327650574],[14.502374780984505,45.965526862450766],[14.511417944923716,45.9624427606964]],[[14.5126112591953,45.97209331649178],[14.51181687212554,45.97240955691181],[14.512093845126866,45.971575835569084],[14.5126112591953,45.97209331649178]],[[14.511241424484538,45.972772499072796],[14.508676132760062,45.97350493485316],[14.506590368934807,45.973187328104075],[14.506270886816425,45.97229236511026],[14.50436819657051,45.97282151343555],[14.50132996016614,45.97107422542029],[14.502164941179062,45.97039104166498],[14.510802251743973,45.97105082560992],[14.511241424484538,45.972772499072796]],[[14.510419691435212,45.97054624068051],[14.503676000465536,45.9704253104907],[14.507137826077567,45.968445078871646],[14.510419691435212,45.97054624068051]],[[14.506264138253597,45.968268479352766],[14.50169273931061,45.96772441452553],[14.501590448504544,45.967036718780314],[14.504015015551321,45.967235092950084],[14.506264138253597,45.968268479352766]],[[14.504592945771527,45.968912567042494],[14.502904332488967,45.97011033274834],[14.50096124647678,45.96937986869065],[14.501411085775764,45.968193165339265],[14.504592945771527,45.968912567042494]],[[14.50137240963612,45.96623798986565],[14.500343356964866,45.9684043136493],[14.497203499750103,45.96757175632963],[14.49782326414153,45.96665005927975],[14.50137240963612,45.96623798986565]],[[14.499990567425048,45.973281290788464],[14.50036254041239,45.97455939341703],[14.4989965537444,45.97341609286921],[14.499990567425048,45.973281290788464]],[[14.499727934520427,45.96875351799485],[14.49618278679339,45.971191147918994],[14.49313309696348,45.969332397977915],[14.493980825204405,45.968285143653645],[14.499727934520427,45.96875351799485]],[[14.492087208698257,45.96529542125529],[14.490350932783722,45.96598499484623],[14.486389018124962,45.964429524722206],[14.488214356660766,45.963245596393044],[14.492087208698257,45.96529542125529]],[[14.489117154054385,45.97589919011804],[14.488497782427546,45.9757345590012],[14.488540723563835,45.974573575993695],[14.489862004401811,45.974424424396844],[14.489117154054385,45.97589919011804]]]}},{"type":"Feature","properties":{"_zoneType":"SI_BUILT","name":"Pozidano zemljišče","authority":"MKGP","dataSource":"raba-3000"},"geometry":{"type":"Polygon","coordinates":[[[14.492135819363307,45.99962856470546],[14.491772696547072,46.0],[14.492468618907132,46.0],[14.492706881603818,45.99973306956842],[14.493935263599822,46.0],[14.496110043017639,46.0],[14.483599491530178,45.99731983723395],[14.492135819363307,45.99962856470546]]]}},{"type":"Feature","properties":{"_zoneType":"SI_BUILT","name":"Pozidano zemljišče","authority":"MKGP","dataSource":"raba-3000"},"geometry":{"type":"Polygon","coordinates":[[[14.556151749573495,45.879460927386916],[14.55937826380184,45.878560505467355],[14.559472054168028,45.88],[14.56,45.88],[14.56,45.87816507468589],[14.557003744266405,45.87836640976983],[14.556847237784147,45.87590578161692],[14.558052596496971,45.8757706588301],[14.55896261765856,45.87710859765153],[14.56,45.87692815718476],[14.56,45.8743622021918],[14.558013888852178,45.87408477182019],[14.557961373008403,45.872727314958425],[14.559301700323557,45.869711386371584],[14.56,45.869548389569786],[14.56,45.86913634920434],[14.559419990860047,45.86897399162693],[14.559222046987832,45.86666851738744],[14.56,45.8665772145112],[14.56,45.86594187762083],[14.558636436845152,45.86607382329479],[14.558973888326298,45.86943582108268],[14.556560342435729,45.87521971331294],[14.554898935669868,45.87499642290007],[14.549818282192861,45.87840685901667],[14.548710092152678,45.877945192131136],[14.547902693738816,45.88],[14.548026904495376,45.88],[14.553849826043615,45.876006980951296],[14.556437105811662,45.87580865260825],[14.555764769518456,45.87942559975751],[14.553268246520956,45.87916504072068],[14.552950702343814,45.88],[14.554330645050113,45.88],[14.554543340849076,45.87990830587677],[14.554631540445373,45.88],[14.556113224589643,45.88],[14.556151749573495,45.879460927386916]]]}},{"type":"Feature","properties":{"_zoneType":"SI_BUILT","name":"Pozidano zemljišče","authority":"MKGP","dataSource":"raba-3000"},"geometry":{"type":"Polygon","coordinates":[[[14.559986338143164,45.86041645242503],[14.56,45.860411662966044],[14.56,45.85958705415906],[14.55796855321672,45.86083370426715],[14.557812477731126,45.85899253783263],[14.553332018717802,45.859809391705554],[14.551136027945562,45.858966506489196],[14.55206904777838,45.859898774640214],[14.555209503802947,45.86051709398364],[14.557041960539465,45.86002355593099],[14.558103434406377,45.86191839454261],[14.557641880593339,45.863320730962066],[14.558764607660715,45.86167465765708],[14.56,45.86162040914697],[14.56,45.86061879464824],[14.559986338143164,45.86041645242503]]]}},{"type":"Feature","properties":{"_zoneType":"SI_BUILT","name":"Pozidano zemljišče","authority":"MKGP","dataSource":"raba-3000"},"geometry":{"type":"Polygon","coordinates":[[[14.558851757305604,45.910546995105925],[14.558525039089528,45.90903975445837],[14.558247871395334,45.91057847356339],[14.56,45.911692715721614],[14.56,45.909923011077474],[14.558851757305604,45.910546995105925]]]}},{"type":"Feature","properties":{"_zoneType":"SI_BUILT","name":"Pozidano zemljišče","authority":"MKGP","dataSource":"raba-3000"},"geometry":{"type":"Polygon","coordinates":[[[14.557989450500578,45.91136070326614],[14.553413072160518,45.90710543743087],[14.555138597299155,45.90747925002689],[14.554254617097971,45.90648010290215],[14.555177462548393,45.90506612519167],[14.55758781469899,45.90406875298666],[14.56,45.903930157082534],[14.56,45.903453999686334],[14.556589023326133,45.90415962725269],[14.552404960712009,45.90192254921924],[14.549266305580225,45.90347137020012],[14.547649931751792,45.902515753523886],[14.55110170122951,45.89925872719732],[14.554420538591234,45.894009940486754],[14.558287125650244,45.89124863633885],[14.56,45.89242127223331],[14.56,45.891055649362826],[14.558295695773738,45.890775962158116],[14.56,45.88998155815708],[14.56,45.88972463582636],[14.556167317899428,45.89128049332941],[14.555323908839283,45.89075482853337],[14.556721898408828,45.88953172632283],[14.553798482091368,45.88620850602848],[14.556709086894601,45.8833089229506],[14.555928101930371,45.88259038539922],[14.556113224589643,45.88],[14.554631540445373,45.88],[14.55576737719716,45.88118083936284],[14.553428770074822,45.883413745578146],[14.554434918074802,45.88417960174936],[14.553269362932806,45.8858978268233],[14.553609028148555,45.88815635355499],[14.550759455407189,45.89076655082009],[14.548498192641157,45.888224188887996],[14.548743316218658,45.887394966019016],[14.546693081151284,45.88677501765215],[14.54934608161424,45.88988161998355],[14.550025838192228,45.89252067971892],[14.55104306373664,45.89101087942541],[14.551884176960762,45.89282696849023],[14.549284787782602,45.8959781516752],[14.546872409327664,45.8963333575162],[14.54944509561264,45.89722199077062],[14.547493438263151,45.899370275900104],[14.54658092212357,45.90317187248855],[14.54562542028351,45.9038596345118],[14.546399384199745,45.90757151977189],[14.545572733961372,45.90860352575717],[14.54041163929858,45.9092855212412],[14.540658067763633,45.91091783845596],[14.538662134869295,45.911787333987014],[14.539661874758476,45.91270755339053],[14.541106726372593,45.912404607309234],[14.542508840236527,45.91055195603372],[14.543540565433654,45.911385374539634],[14.541100071540962,45.91359520496849],[14.541680273076164,45.91411343050224],[14.540705776971349,45.91539680705369],[14.53927556351599,45.914142121493576],[14.536412858813868,45.914507792863446],[14.535617580179268,45.913594142541484],[14.53473055300581,45.91460455183317],[14.532322766215843,45.914793341442255],[14.535126933554318,45.91478842507139],[14.535442071585505,45.9156114481302],[14.53439699501279,45.91571082411545],[14.536431868200314,45.91716668429232],[14.535040633895342,45.91788164729524],[14.531691336708839,45.91720954142583],[14.532394573379111,45.92],[14.535852877175321,45.92],[14.536275216413788,45.91950967516841],[14.536820896801187,45.919775342861655],[14.53642643428928,45.92],[14.540254197284614,45.92],[14.540274643618949,45.91941701980249],[14.542648047488731,45.91821977765281],[14.542433523598504,45.91703521880857],[14.544138710543377,45.916140455823125],[14.542424562536215,45.91482597945093],[14.546390244240035,45.91231281208818],[14.547871415151976,45.91297831347951],[14.547171814917565,45.910831184532135],[14.550438465906625,45.90969257694929],[14.551927734694612,45.91008154241918],[14.554513590695398,45.91441884580667],[14.55537618177091,45.914382129762565],[14.552164150597084,45.90920993513138],[14.554787219764151,45.90859013001364],[14.55651013052537,45.91053534263905],[14.555988021830274,45.91144506527388],[14.557638656219048,45.911429331055345],[14.56,45.91720086666284],[14.56,45.916244352107825],[14.557989450500578,45.91136070326614]],[[14.54763823052763,45.89981551860589],[14.549818202198628,45.89855059799421],[14.549867887678598,45.89572218618265],[14.55218722460961,45.89321267424294],[14.552190935978931,45.89202068821934],[14.553343527929638,45.89264285267339],[14.554558362675676,45.89113741886438],[14.556166088090789,45.891619694333414],[14.551851068208766,45.896481480492504],[14.550700547281519,45.899241174104986],[14.547166914550965,45.90150591478071],[14.54763823052763,45.89981551860589]],[[14.554557358238705,45.90520605559639],[14.551509604565869,45.909099004873624],[14.550565489339508,45.90834408067967],[14.551525839975952,45.90443826662996],[14.554557358238705,45.90520605559639]],[[14.55469458754218,45.890811257397345],[14.551978518613067,45.891362667255244],[14.552545913441849,45.88974364114024],[14.55469458754218,45.890811257397345]],[[14.549925438660006,45.90486851537099],[14.550053966429614,45.90764586913034],[14.547874029298015,45.904721920316035],[14.549925438660006,45.90486851537099]],[[14.548502612322418,45.9068792543934],[14.5482490358408,45.9088569537175],[14.547049114719709,45.908564394869664],[14.547624117728077,45.906215466875466],[14.548502612322418,45.9068792543934]],[[14.536283438047672,45.918974099343316],[14.535561658801802,45.91934774370777],[14.53581529745958,45.91851962521644],[14.536283438047672,45.918974099343316]]]}},{"type":"Feature","properties":{"_zoneType":"SI_BUILT","name":"Pozidano zemljišče","authority":"MKGP","dataSource":"raba-3000"},"geometry":{"type":"Polygon","coordinates":[[[14.558668405796878,45.885523189894975],[14.56,45.885514338861185],[14.56,45.88424516327927],[14.558668405796878,45.885523189894975]]]}},{"type":"Feature","properties":{"_zoneType":"SI_BUILT","name":"Pozidano zemljišče","authority":"MKGP","dataSource":"raba-3000"},"geometry":{"type":"Polygon","coordinates":[[[14.559831928733036,45.88679437235566],[14.56,45.88767902665654],[14.56,45.88659499111941],[14.559831928733036,45.88679437235566]]]}},{"type":"Feature","properties":{"_zoneType":"SI_BUILT","name":"Pozidano zemljišče","authority":"MKGP","dataSource":"raba-3000"},"geometry":{"type":"Polygon","coordinates":[[[14.559493200678334,45.88032455663846],[14.56,45.880443886630886],[14.56,45.88],[14.559472054168028,45.88],[14.559493200678334,45.88032455663846]]]}},{"type":"Feature","properties":{"_zoneType":"SI_BUILT","name":"Pozidano zemljišče","authority":"MKGP","dataSource":"raba-3000"},"geometry":{"type":"Polygon","coordinates":[[[14.547856881029006,45.88011659214955],[14.548026904495376,45.88],[14.547902693738816,45.88],[14.547856881029006,45.88011659214955]]]}},{"type":"Feature","properties":{"_zoneType":"SI_BUILT","name":"Pozidano zemljišče","authority":"MKGP","dataSource":"raba-3000"},"geometry":{"type":"Polygon","coordinates":[[[14.552680087123955,45.88071156300513],[14.554330645050113,45.88],[14.552950702343814,45.88],[14.552680087123955,45.88071156300513]]]}},{"type":"Feature","properties":{"_zoneType":"SI_BUILT","name":"Pozidano zemljišče","authority":"MKGP","dataSource":"raba-3000"},"geometry":{"type":"Polygon","coordinates":[[[14.557544540949277,45.92],[14.56,45.92],[14.56,45.919257115397066],[14.557544540949277,45.92]]]}},{"type":"Feature","properties":{"_zoneType":"SI_BUILT","name":"Pozidano zemljišče","authority":"MKGP","dataSource":"raba-3000"},"geometry":{"type":"Polygon","coordinates":[[[14.554885985726955,45.946078090493145],[14.554204446453655,45.94712720647309],[14.552322270898475,45.94707425233325],[14.55196723435732,45.945879221549006],[14.552909764044434,45.94485866854515],[14.551512641740826,45.943597588455326],[14.55239218745786,45.94228350458963],[14.555434472006107,45.94085049308812],[14.556259201053289,45.941628576742616],[14.55504233613341,45.94332909053622],[14.555602346127392,45.94356898518623],[14.556628631026175,45.941764638009815],[14.55644841123421,45.94088083497606],[14.557496372360763,45.94062647493947],[14.557924081696136,45.94167411229545],[14.558473555209982,45.94074539289237],[14.558475497355131,45.93691317111604],[14.559532980584708,45.93580382829751],[14.55857183621767,45.935428503744696],[14.55796390449557,45.931758049780235],[14.55937057443201,45.93187892546202],[14.557783231718034,45.9309684598875],[14.56,45.92827694794901],[14.56,45.927804395171485],[14.55653509127139,45.9315712622889],[14.556432766154659,45.93371465818222],[14.555220103876293,45.93356185317355],[14.555411817893216,45.93543608293467],[14.557287190745445,45.93651286590626],[14.557695554961464,45.93932812135031],[14.55222214558532,45.94198003436569],[14.551142871911527,45.943678335705116],[14.552585420292706,45.94509485572154],[14.551338633886644,45.94632520558548],[14.548070299506893,45.94556879283683],[14.548141758172955,45.94439698052222],[14.549841532916803,45.94474100349091],[14.549817921734952,45.94262023340116],[14.54771183963998,45.94245853423927],[14.548404970702341,45.941440214790724],[14.546850866771186,45.93989610058126],[14.545851506685052,45.94088991860605],[14.547392382779991,45.941920789026],[14.545899684252545,45.94398436804352],[14.539812449123579,45.94429712028565],[14.53710396070433,45.94847765226065],[14.53916571802413,45.946558130604146],[14.540329090136005,45.94659892053197],[14.539566510912447,45.94599393814225],[14.540158874669858,45.944471954215324],[14.542622275048734,45.94421802592575],[14.546940820432813,45.94510107044236],[14.544112570543467,45.9497849639818],[14.545777958934982,45.9479494820784],[14.549573304909252,45.94851509312783],[14.54475512864322,45.952143840355184],[14.542222770452197,45.95263738889031],[14.541076984672648,45.95196122005011],[14.541190057278893,45.95053438541089],[14.537604526613363,45.951460584643186],[14.538258148840837,45.94925540514191],[14.5361849907136,45.950217417018564],[14.534797451378745,45.95331528207733],[14.533209162835021,45.95237941406588],[14.533271806841375,45.949834245346224],[14.5318920936621,45.94905873338058],[14.532420253955607,45.94692312731377],[14.53474989957841,45.945870939190854],[14.5369022503896,45.94265664020288],[14.540203367981897,45.94179657888307],[14.54125790895449,45.94038570709804],[14.540898006556128,45.93942898599061],[14.542542501856682,45.939865439106015],[14.545007913890224,45.937977753918396],[14.542510331558846,45.937764497122814],[14.542152352210456,45.93632191127546],[14.541014989739946,45.93652295830474],[14.54091851018116,45.93531082739998],[14.542134411442166,45.93448083527141],[14.541252798463947,45.93415046379875],[14.538745225852674,45.936234140040945],[14.540458445238938,45.936147875864094],[14.540448102750798,45.93742862289023],[14.538759628080268,45.936937521946106],[14.538467130464078,45.938177493263424],[14.535109571774807,45.9388591356561],[14.537085232342859,45.93366016737602],[14.54005380446739,45.93119442055639],[14.53906704205392,45.92969179977],[14.539356798692342,45.92844049620582],[14.540735398670765,45.92849605360082],[14.54069547703299,45.92359039862724],[14.542692340115943,45.924721000566834],[14.543659647933266,45.92416694670857],[14.541984289966638,45.92378989721379],[14.542547164528694,45.92178547372076],[14.540861073539634,45.92282829180814],[14.54019593589933,45.921661189401846],[14.540254197284614,45.92],[14.53642643428928,45.92],[14.535300576515224,45.920641206649734],[14.535852877175321,45.92],[14.532394573379111,45.92],[14.532602458226032,45.92082489164467],[14.535513676828428,45.92087879046167],[14.533794140889913,45.9219666490577],[14.533526589467197,45.923838932347216],[14.534802923444646,45.923485953277535],[14.535191988124915,45.924393167960304],[14.539392249355975,45.92591054128294],[14.535612035551257,45.93139460925074],[14.538110748460268,45.9327714501724],[14.53687409578314,45.93338732555906],[14.536016484021015,45.9348042606057],[14.534445607331643,45.9394577392326],[14.531500772305977,45.94204816364106],[14.530551014854774,45.94423744029114],[14.530862533376611,45.945879048022675],[14.52754108359555,45.943912199504716],[14.5264759823873,45.94089380816187],[14.520952504264848,45.940292916663175],[14.525389900490522,45.93505991088193],[14.520385458776513,45.94006292277481],[14.5216660675588,45.94087574135105],[14.526246290421684,45.9411531931404],[14.527276453847293,45.944086936175324],[14.53129127014383,45.946842155415496],[14.530511905367177,45.95035870021078],[14.531693383917128,45.951701670824505],[14.530290686507794,45.95186526103928],[14.530276437210274,45.95320714513805],[14.526956242030696,45.95283500843259],[14.525523986257289,45.95384598660299],[14.527125641043435,45.95493626670528],[14.526661844602323,45.957888663957775],[14.523703839082867,45.96],[14.53317422368097,45.96],[14.533583291487071,45.959231588623524],[14.536055400826982,45.95978588747976],[14.536388572739705,45.95829663801863],[14.535486331317795,45.957531751872104],[14.538586445170925,45.955664511241274],[14.542263925180409,45.96],[14.543261514666519,45.96],[14.538803418877952,45.95398284800751],[14.543757811415745,45.952800461482326],[14.547595307927445,45.957622034939824],[14.544342160596248,45.95253862860475],[14.549527746810542,45.95415577210403],[14.547351346362387,45.95305355868352],[14.551390352323427,45.95255896950716],[14.554066028486973,45.95337743649844],[14.547793728792291,45.96],[14.548652579712611,45.96],[14.559883603081422,45.9468386685865],[14.56,45.946819650532476],[14.56,45.946657533478664],[14.559581182614334,45.946755623125966],[14.55449131652562,45.95288325260842],[14.551263732690071,45.95226576823181],[14.551940057860133,45.9510089426332],[14.550172159785566,45.95155401618373],[14.552947003066949,45.94860915364352],[14.55274769871912,45.94745302527215],[14.554735489648262,45.9474931329729],[14.555287543657187,45.94639456480571],[14.56,45.94588381289694],[14.56,45.94536514126316],[14.554885985726955,45.946078090493145]],[[14.55731083593443,45.931994350730776],[14.557908115038346,45.9325162037005],[14.557634403061996,45.93409744494232],[14.556789997956528,45.93408212945343],[14.55731083593443,45.931994350730776]],[[14.550729598060528,45.94749620928935],[14.549956722904405,45.94804555495033],[14.549253807331507,45.947413231107454],[14.550328201144108,45.947181370974704],[14.550729598060528,45.94749620928935]],[[14.550112529294596,45.95032204456979],[14.548766596731673,45.95215097437511],[14.546784132947785,45.95183356673512],[14.548956662960812,45.94972363070188],[14.550112529294596,45.95032204456979]],[[14.549162168352874,45.94320492013844],[14.547547276942842,45.944360000814434],[14.547300520746433,45.94272058716796],[14.549162168352874,45.94320492013844]],[[14.53503578922402,45.940352085249586],[14.535463004244528,45.93931173961047],[14.540193895390471,45.93888215789726],[14.533736922162904,45.946222266924075],[14.531512842013468,45.945541473749806],[14.530946979270961,45.944258041694916],[14.532526177554965,45.94126506600404],[14.53503578922402,45.940352085249586]],[[14.539745581297876,45.92188725922618],[14.539057583862537,45.9231905543156],[14.54022960728466,45.92329075305482],[14.540162013243314,45.924402267442176],[14.539057015169265,45.924897575651116],[14.5370360890192,45.92407144519878],[14.537123033584852,45.92305319536415],[14.535354488956393,45.922405774845494],[14.536149266763353,45.92082845376655],[14.538025702326017,45.92279994761446],[14.539745581297876,45.92188725922618]],[[14.539628399422089,45.94111328889446],[14.539762807146122,45.94153272361932],[14.53873114499046,45.941461063264846],[14.539628399422089,45.94111328889446]],[[14.538832054650722,45.920959055566684],[14.53827892670531,45.9212457818604],[14.538416602104695,45.92061698766998],[14.538832054650722,45.920959055566684]],[[14.537297052154148,45.95233089013854],[14.53687389018075,45.95295004498184],[14.536781567702096,45.9520841045979],[14.537297052154148,45.95233089013854]],[[14.535120517368098,45.95852574602342],[14.534141730192033,45.95836209982873],[14.535149345544006,45.957800711866234],[14.535120517368098,45.95852574602342]],[[14.532837130633366,45.952883639824975],[14.532134434676694,45.95262182325201],[14.533126520399923,45.95246434270318],[14.532837130633366,45.952883639824975]],[[14.531791791655287,45.95418042727311],[14.5309260827526,45.9547728988311],[14.530516419170382,45.95398775773009],[14.531234900602954,45.95365803361958],[14.531791791655287,45.95418042727311]]]}},{"type":"Feature","properties":{"_zoneType":"SI_BUILT","name":"Pozidano zemljišče","authority":"MKGP","dataSource":"raba-3000"},"geometry":{"type":"Polygon","coordinates":[[[14.559387412149269,45.920801993148444],[14.56,45.920738424439726],[14.56,45.92],[14.557544540949277,45.92],[14.556330979155831,45.92036715593803],[14.556309825903265,45.92399761933012],[14.556940912307878,45.921983856548856],[14.558369396688164,45.92250725914104],[14.559318781211118,45.921670724729694],[14.56,45.922944661608156],[14.56,45.92110998376988],[14.559387412149269,45.920801993148444]]]}},{"type":"Feature","properties":{"_zoneType":"SI_BUILT","name":"Pozidano zemljišče","authority":"MKGP","dataSource":"raba-3000"},"geometry":{"type":"Polygon","coordinates":[[[14.520986556832643,45.958487637233915],[14.52040166562908,45.95789679334405],[14.52,45.957831680084695],[14.52,45.9587340793355],[14.520986556832643,45.958487637233915]]]}},{"type":"Feature","properties":{"_zoneType":"SI_BUILT","name":"Pozidano zemljišče","authority":"MKGP","dataSource":"raba-3000"},"geometry":{"type":"Polygon","coordinates":[[[14.520587203018522,45.93380626103038],[14.520149185685,45.9306694334402],[14.52,45.93037980400172],[14.52,45.934508021466506],[14.520587203018522,45.93380626103038]]]}},{"type":"Feature","properties":{"_zoneType":"SI_BUILT","name":"Pozidano zemljišče","authority":"MKGP","dataSource":"raba-3000"},"geometry":{"type":"Polygon","coordinates":[[[14.56,45.95838646410367],[14.56,45.957218585776715],[14.558282023756124,45.95994448426504],[14.558213182133922,45.96],[14.55829153410215,45.96],[14.56,45.95838646410367]]]}},{"type":"Feature","properties":{"_zoneType":"SI_BUILT","name":"Pozidano zemljišče","authority":"MKGP","dataSource":"raba-3000"},"geometry":{"type":"Polygon","coordinates":[[[14.521280038820878,45.999786052761266],[14.521482990310725,46.0],[14.522097771200846,46.0],[14.521901733548887,45.99968706722419],[14.526248617046493,45.999211799913994],[14.526983043426398,45.99798684491016],[14.529182014034664,46.0],[14.529787364508541,46.0],[14.528974196690058,45.9992238109209],[14.530621146469981,45.99803230119549],[14.52904143954097,45.9974800343799],[14.534705621628916,45.99549922455127],[14.54594224533243,45.99464261486862],[14.548084965572027,45.995904830002694],[14.541007922523995,45.99996559046154],[14.548276116444736,45.99617116611253],[14.550869233200183,45.998335537885374],[14.547097096268708,46.0],[14.547526389816282,46.0],[14.548983593503024,45.99933268182978],[14.550401533182619,46.0],[14.55124708534269,46.0],[14.550951630223246,45.9996735911267],[14.551659457738403,46.0],[14.559771997171355,46.0],[14.56,45.999080967826444],[14.56,45.99423479170956],[14.559035478815334,45.994101170815725],[14.559699722578758,45.995489077819265],[14.557470822441589,45.99646024841257],[14.557048668617691,45.990826816195884],[14.55983814976855,45.98805760868221],[14.56,45.988186346584364],[14.56,45.987785517941276],[14.557400946374402,45.98577411539926],[14.55496963729215,45.985710058554936],[14.550934653771957,45.978949696408414],[14.549328730088986,45.978600081032845],[14.551602150642756,45.97410677586953],[14.549983714034354,45.972554789963816],[14.544690138661762,45.971219985246435],[14.547946953309939,45.967291709063154],[14.56,45.97335102772218],[14.56,45.972698615058206],[14.5486653313338,45.966757242237],[14.553392092580804,45.9665242433187],[14.55739025216278,45.96829840732291],[14.554820431048714,45.966590362382235],[14.558599135608457,45.96425495146319],[14.56,45.96481445142018],[14.56,45.96444000552935],[14.559260642881211,45.964195592103486],[14.56,45.963725465615326],[14.56,45.962908987434616],[14.555645277689765,45.96588525900999],[14.551943389517701,45.965995413297385],[14.55829153410215,45.96],[14.558213182133922,45.96],[14.551413345928985,45.96548357073058],[14.547939933270673,45.96643506544595],[14.54558294102649,45.963597226249206],[14.548652579712611,45.96],[14.547793728792291,45.96],[14.545250786796535,45.96268494741442],[14.543261514666519,45.96],[14.542263925180409,45.96],[14.5440715600209,45.96213107359132],[14.541801460081714,45.96493607607084],[14.5355372830302,45.96519659797332],[14.531645967708519,45.96287074479557],[14.53317422368097,45.96],[14.523703839082867,45.96],[14.523348723910305,45.96025347060986],[14.52,45.9605500384116],[14.52,45.96222778294081],[14.52079754749857,45.96212582042235],[14.52096566209295,45.96373550767034],[14.52,45.963842017002676],[14.52,45.96512468463187],[14.52863905951213,45.96477891104842],[14.527602779988424,45.96726137974121],[14.52,45.96719684890584],[14.52,45.967601227113086],[14.527392040793393,45.967572725820595],[14.526234879207268,45.970105942875335],[14.525274687822082,45.970325352758245],[14.525817905587584,45.970808834889965],[14.524614913578453,45.972260128728436],[14.525172804747733,45.97277919700039],[14.520774698485495,45.986499671996874],[14.52,45.98604304175068],[14.52,45.986820931734115],[14.520571748328178,45.98709189438921],[14.52,45.98873764634537],[14.52,45.99041919626095],[14.520895551713982,45.98759739385688],[14.522681750835917,45.988221289283025],[14.521841283554258,45.991301574133274],[14.522938202953133,45.98860024637118],[14.524839229131986,45.989262311313595],[14.524360678189472,45.99079404544341],[14.527105037102986,45.986777403512185],[14.529314446573432,45.97262098581514],[14.528716208927513,45.97094550309452],[14.531088985011989,45.967530966387535],[14.53234587904128,45.964095155130615],[14.536107367127839,45.965617793869924],[14.536070487813525,45.96708995593899],[14.543680631883202,45.971226084358136],[14.536790747948167,45.97437105311406],[14.535140905918524,45.97841040575907],[14.535681677194932,45.984593164887926],[14.53468884646524,45.98735463338113],[14.53600237810318,45.98469534800376],[14.536283329152393,45.980481604532294],[14.535471921360656,45.97838865915204],[14.537091965737472,45.97446559644059],[14.543834599512516,45.971735839927696],[14.543274576703123,45.98587664154046],[14.544150191463308,45.98610608430561],[14.545868106892614,45.99037844469841],[14.54130276538828,45.99049759470769],[14.538703230956346,45.98804485174634],[14.540349775389348,45.99053500416999],[14.530433406671301,45.99103720695388],[14.526594134137328,45.99316785396464],[14.524264785839838,45.99609663107695],[14.521628872482031,45.995639491126866],[14.52308830602141,45.99671041591669],[14.521157578742303,45.99948283304153],[14.52,45.999435333064746],[14.52,45.99972460063316],[14.521280038820878,45.999786052761266]],[[14.554645016067214,45.987862125883986],[14.556752899032203,45.987039556433864],[14.558584162009431,45.988627442251726],[14.556559979159468,45.990792432165215],[14.554188564276519,45.98922180185019],[14.552021051193922,45.99023638112216],[14.551076783085295,45.989320548649324],[14.55096407787409,45.99052591350893],[14.547983893735363,45.990451482306575],[14.55400025717342,45.985134321165454],[14.554645016067214,45.987862125883986]],[[14.556390396593523,45.9926286581145],[14.557063103316239,45.99446489310821],[14.55670836432645,45.99553097714835],[14.555900515087908,45.995394994361355],[14.555739150511277,45.99291297711195],[14.556390396593523,45.9926286581145]],[[14.535058144971645,45.99519015562805],[14.53381051332389,45.99098477892887],[14.55293988654618,45.99059444861859],[14.555198244534118,45.99195013804672],[14.555393154138356,45.99649672186067],[14.55372970921703,45.99800297348766],[14.549053648886732,45.99602082377555],[14.553389663215167,45.99431837815541],[14.548286252093105,45.99547605857301],[14.545978714506505,45.99440784578161],[14.535058144971645,45.99519015562805]],[[14.544840016696089,45.97169678311547],[14.549773542692757,45.97273839049661],[14.551226536310612,45.97414983673654],[14.548870765528568,45.978872255333684],[14.550674632338476,45.97916989334526],[14.553604692822567,45.98474616879332],[14.547004969121948,45.99052398449725],[14.544030714062043,45.98503922759991],[14.544840016696089,45.97169678311547]],[[14.543457116303678,45.96291973695755],[14.544368500314203,45.96265586701481],[14.547448606033502,45.967260053415046],[14.544045784531457,45.97094480627975],[14.536375314839356,45.966931319988014],[14.536668778987382,45.96535665124097],[14.543416904169295,45.96505824349641],[14.543457116303678,45.96291973695755]],[[14.53084833537291,45.991160045556654],[14.533470987149904,45.991182991792684],[14.534336124151942,45.995338532330805],[14.529224116608981,45.9962878999812],[14.527104369967699,45.99766603341088],[14.5253857230934,45.99635990844949],[14.526930478256434,45.99324634554163],[14.53084833537291,45.991160045556654]],[[14.531198246338223,45.964890670329744],[14.530230838601938,45.9669600307236],[14.530767586382144,45.96749844582947],[14.528626435054623,45.970556130565015],[14.526896785017241,45.96972161169467],[14.529566080575785,45.96465408201065],[14.531198246338223,45.964890670329744]],[[14.529318270856079,45.96287477727625],[14.52896140393634,45.96392500761587],[14.524480292597127,45.964732091486965],[14.523784972006231,45.96302789040667],[14.525323347219572,45.96213826388629],[14.529318270856079,45.96287477727625]],[[14.527022360314495,45.97032858495432],[14.528977766190165,45.9726726630608],[14.526869230426236,45.986513466911745],[14.525392481621731,45.98887472333155],[14.521188303123196,45.98699299257349],[14.526068746686708,45.97115094565981],[14.527022360314495,45.97032858495432]],[[14.524967455747717,45.996492341230315],[14.52506162391076,45.99827249145053],[14.523156078984172,45.997789243630855],[14.524967455747717,45.996492341230315]],[[14.520608606717152,45.9648556077289],[14.521002389139424,45.96411764914312],[14.522561209615516,45.96298347086904],[14.523647160452205,45.964758164236585],[14.520608606717152,45.9648556077289]]]}},{"type":"Feature","properties":{"_zoneType":"SI_BUILT","name":"Pozidano zemljišče","authority":"MKGP","dataSource":"raba-3000"},"geometry":{"type":"Polygon","coordinates":[[[14.553196436266997,45.97656249996515],[14.56,45.98041455200471],[14.56,45.980178354632216],[14.553196436266997,45.97656249996515]]]}},{"type":"Feature","properties":{"_zoneType":"SI_BUILT","name":"Pozidano zemljišče","authority":"MKGP","dataSource":"raba-3000"},"geometry":{"type":"Polygon","coordinates":[[[14.559793988866284,45.991726694733046],[14.56,45.99250831230809],[14.56,45.991883636896524],[14.559793988866284,45.991726694733046]]]}},{"type":"Feature","properties":{"_zoneType":"SI_BUILT","name":"Pozidano zemljišče","authority":"MKGP","dataSource":"raba-3000"},"geometry":{"type":"Polygon","coordinates":[[[14.5217094277728,45.97039441888802],[14.52,45.97046551198684],[14.52,45.97093759728679],[14.5217094277728,45.97039441888802]]]}},{"type":"Feature","properties":{"_zoneType":"SI_BUILT","name":"Pozidano zemljišče","authority":"MKGP","dataSource":"raba-3000"},"geometry":{"type":"Polygon","coordinates":[[[14.560310051505985,45.87924139009249],[14.561865273929591,45.877315704644865],[14.564439540410758,45.878412364445495],[14.563968308158191,45.88],[14.566108408944334,45.88],[14.56744126660698,45.87861376204435],[14.568511723269173,45.879186535369335],[14.567995042154541,45.88],[14.570372832433376,45.88],[14.570090751001215,45.87959917663598],[14.571161739839585,45.878672402894956],[14.570432764472192,45.8778476361554],[14.571890089056389,45.87740658498526],[14.571871524263287,45.87897032058223],[14.573402222561436,45.87857754009496],[14.572833105057725,45.87652730346336],[14.576206815019447,45.874075164110415],[14.587072488738375,45.87328148629674],[14.589041426255738,45.87413558258147],[14.592573568223457,45.8722027682575],[14.59338643766341,45.873066117081514],[14.596385453777467,45.87264395610757],[14.6,45.873781821440275],[14.6,45.87305166231417],[14.598126595028392,45.872871727221394],[14.599131125500607,45.871310471702806],[14.596377567584764,45.87093125998958],[14.59554040313735,45.87236103979559],[14.593646525662248,45.87143916327614],[14.58910955963358,45.873886348079715],[14.586712304562331,45.87292375879496],[14.586710635242094,45.87197022183947],[14.586105378856864,45.87319427737798],[14.57607404102677,45.87384919642623],[14.569262667529001,45.876397760297046],[14.56815164771904,45.874003717124985],[14.565578946256727,45.872267739748764],[14.56554339385042,45.87324294639296],[14.56267712771825,45.874642152364125],[14.563995043402455,45.87515755639131],[14.566323736501015,45.87440207625968],[14.567198255828115,45.876084989262274],[14.56175079912209,45.87586926106756],[14.56063660717418,45.874451126804644],[14.56,45.8743622021918],[14.56,45.87692815718476],[14.561840692075654,45.876607990430365],[14.560518250728972,45.87813025053759],[14.56,45.87816507468589],[14.56,45.88],[14.560412357650739,45.88],[14.560310051505985,45.87924139009249]],[[14.56750069445693,45.8774175409516],[14.566763566931145,45.8775930450077],[14.567253349248489,45.87696697928127],[14.56750069445693,45.8774175409516]]]}},{"type":"Feature","properties":{"_zoneType":"SI_BUILT","name":"Pozidano zemljišče","authority":"MKGP","dataSource":"raba-3000"},"geometry":{"type":"Polygon","coordinates":[[[14.560802662478276,45.869361032448914],[14.56,45.86913634920434],[14.56,45.869548389569786],[14.560802662478276,45.869361032448914]]]}},{"type":"Feature","properties":{"_zoneType":"SI_BUILT","name":"Pozidano zemljišče","authority":"MKGP","dataSource":"raba-3000"},"geometry":{"type":"Polygon","coordinates":[[[14.56046417451687,45.86652273761118],[14.562494846440106,45.86418972000227],[14.562347782441018,45.86246018966324],[14.560044390348512,45.861276248603],[14.56,45.86061879464824],[14.56,45.86162040914697],[14.560011711925506,45.86161989485326],[14.561956794631776,45.86252462828622],[14.562098812926171,45.86414919326584],[14.560260116680558,45.86591670733766],[14.56,45.86594187762083],[14.56,45.8665772145112],[14.56046417451687,45.86652273761118]]]}},{"type":"Feature","properties":{"_zoneType":"SI_BUILT","name":"Pozidano zemljišče","authority":"MKGP","dataSource":"raba-3000"},"geometry":{"type":"Polygon","coordinates":[[[14.563476121133503,45.85919303362524],[14.56094907005802,45.85900463265526],[14.56,45.85958705415906],[14.56,45.860411662966044],[14.563476121133503,45.85919303362524]]]}},{"type":"Feature","properties":{"_zoneType":"SI_BUILT","name":"Pozidano zemljišče","authority":"MKGP","dataSource":"raba-3000"},"geometry":{"type":"Polygon","coordinates":[[[14.598040362231492,45.876419370821374],[14.595410889061304,45.87609282268135],[14.598207111883623,45.8776572147906],[14.5981083064619,45.87964116175618],[14.6,45.87873798128832],[14.6,45.87848623142807],[14.599093090986443,45.87870799669831],[14.598040362231492,45.876419370821374]]]}},{"type":"Feature","properties":{"_zoneType":"SI_BUILT","name":"Pozidano zemljišče","authority":"MKGP","dataSource":"raba-3000"},"geometry":{"type":"Polygon","coordinates":[[[14.6,45.869707294274264],[14.6,45.86909961915644],[14.593088082919724,45.86864059784517],[14.6,45.869707294274264]]]}},{"type":"Feature","properties":{"_zoneType":"SI_BUILT","name":"Pozidano zemljišče","authority":"MKGP","dataSource":"raba-3000"},"geometry":{"type":"Polygon","coordinates":[[[14.589582750889178,45.919088558751646],[14.590411756968413,45.917996206724645],[14.592554742768506,45.91825834463997],[14.593326297691224,45.917270585147804],[14.592840280154421,45.915999804642865],[14.59108173716949,45.91611034605673],[14.591718785161078,45.914214173083714],[14.588774430344793,45.91481841119871],[14.589172116172723,45.91383310668273],[14.587917868884105,45.913063169366346],[14.588104086110222,45.91216571130128],[14.589689727624274,45.9120999255431],[14.590917294199214,45.91373184822359],[14.593245873505925,45.91191734203228],[14.593236577673089,45.91341754999918],[14.594159998361366,45.9137208965676],[14.596308590988397,45.91095427417666],[14.595893785680644,45.90923775627834],[14.597197867022812,45.90772543034234],[14.596720101301303,45.9060707003993],[14.6,45.906870716618386],[14.6,45.90644571134204],[14.597194276704284,45.90564456097957],[14.597099681983387,45.90320926773796],[14.598716787732846,45.90359643172541],[14.599753671500576,45.90266497766548],[14.59857231927199,45.90189652362973],[14.599067460347307,45.90117997261509],[14.6,45.90150231057351],[14.6,45.90091237272503],[14.599810012162887,45.90084333237149],[14.597144596239449,45.901457622591415],[14.595770239375765,45.90042933135999],[14.598133779910793,45.89366448658373],[14.6,45.891117571363445],[14.6,45.89039675120125],[14.599136790037285,45.89117889604816],[14.595859299765499,45.898546992129674],[14.592630912252703,45.900249111177864],[14.589704607761318,45.90464771958453],[14.589214750665555,45.90807945367319],[14.585616448114102,45.91222349015334],[14.585473406055236,45.91576723146122],[14.582765764860971,45.92],[14.585945765680654,45.92],[14.58599168619624,45.91941568769693],[14.587427350174583,45.91953294709455],[14.58762201482721,45.92],[14.589658829292494,45.92],[14.589582750889178,45.919088558751646]],[[14.594528305323983,45.89964039568105],[14.596512797336374,45.90134562527502],[14.594536452724007,45.90207429502219],[14.596288314492734,45.902536155405784],[14.59607993227735,45.90318636483077],[14.594972261290383,45.90268313303335],[14.593370167383608,45.90419536806004],[14.591007368245627,45.9042173906443],[14.593184920362043,45.90023079407315],[14.594528305323983,45.89964039568105]],[[14.596019972021267,45.908057228936954],[14.595462482182658,45.90984307949283],[14.594187397224514,45.90886291387656],[14.595052095384801,45.90785199920332],[14.596019972021267,45.908057228936954]],[[14.59202092828499,45.90897174825056],[14.593705662778783,45.9100949227633],[14.59403349162812,45.91146627835917],[14.590924525188566,45.91096725027016],[14.590557172305193,45.90985847208429],[14.59202092828499,45.90897174825056]],[[14.592502184892558,45.91712872771611],[14.591708432598905,45.91695721171766],[14.592600196109318,45.91668535173926],[14.592502184892558,45.91712872771611]],[[14.592547547339569,45.90553492149736],[14.592129864227166,45.905989697543596],[14.591345069647522,45.90516841916373],[14.592547547339569,45.90553492149736]],[[14.590366460135574,45.908114933904116],[14.590085542328984,45.91013577865936],[14.585979823659722,45.91304358147523],[14.589693848574164,45.90803977886773],[14.590366460135574,45.908114933904116]],[[14.588305532697069,45.915424685425535],[14.586967827307745,45.91534998076141],[14.585703380057277,45.913921662176406],[14.587350153965106,45.91345326455977],[14.588305532697069,45.915424685425535]],[[14.585881021315855,45.91648000560524],[14.585925302937563,45.91697018993831],[14.584603722553563,45.91717116474457],[14.585881021315855,45.91648000560524]]]}},{"type":"Feature","properties":{"_zoneType":"SI_BUILT","name":"Pozidano zemljišče","authority":"MKGP","dataSource":"raba-3000"},"geometry":{"type":"Polygon","coordinates":[[[14.575889422427565,45.91818939731828],[14.578853251794323,45.916752092037754],[14.576332354952974,45.917127378421554],[14.57471838829941,45.91490770975947],[14.57994241451934,45.914440599895464],[14.576440359676585,45.9140750866176],[14.577038892629375,45.91299325164783],[14.576846332493039,45.911534834493835],[14.580937780700516,45.90810044350244],[14.582989303019357,45.90951593320498],[14.583627595148762,45.909067476414464],[14.58176165268777,45.90792789651861],[14.582348764383196,45.905579690164416],[14.58495254657144,45.902671273951796],[14.585631302714939,45.90332232441327],[14.585057477515852,45.90412306890156],[14.585760124105423,45.904149024583816],[14.585768836169631,45.9020749918061],[14.589228400651859,45.89949145364711],[14.587177618189374,45.8990532822846],[14.58829664604431,45.89985342822615],[14.583950525700809,45.90303155594497],[14.581554923274531,45.906016043868476],[14.577551928753284,45.90667253531027],[14.576591430944289,45.90544727954868],[14.576747645268242,45.90754958178589],[14.579326862858458,45.9079792912321],[14.577403860579102,45.90920539455789],[14.578084284568154,45.9100417724767],[14.575835603312552,45.91217735647681],[14.576633620085868,45.91313806398361],[14.573859314385857,45.914818894204686],[14.572801301802675,45.91744498541517],[14.570658405839675,45.91591850659694],[14.56885588800695,45.91688401259162],[14.566323402571365,45.91370253918065],[14.566195182333317,45.911529876055],[14.561108299548955,45.90985445323251],[14.56080180097171,45.9107341629547],[14.560021123817974,45.909911531862235],[14.56,45.909923011077474],[14.56,45.911692715721614],[14.560252760336779,45.91185345519155],[14.56159899519152,45.91067728028514],[14.565131097072644,45.91131625737204],[14.566187867102956,45.9142940244914],[14.568107144849085,45.916412751442095],[14.567629719406474,45.91714354116939],[14.57009730472111,45.918666495164814],[14.568493276667688,45.91903362360809],[14.567901842540898,45.91812804198931],[14.564100256951336,45.917761642956194],[14.563130422451438,45.91637871018389],[14.564333913304973,45.915837135366985],[14.56222508607695,45.91528735107311],[14.56210107802826,45.91308689567843],[14.560625930998393,45.9123175073754],[14.560624480926375,45.91446836293213],[14.563103717281484,45.91771615061324],[14.567167834955974,45.91855514267827],[14.568746564420648,45.92],[14.574599295215059,45.92],[14.574908211478657,45.91871009448052],[14.576233832514223,45.9189561746667],[14.577047904110497,45.92],[14.577795419468035,45.92],[14.575889422427565,45.91818939731828]],[[14.581879674975044,45.906955101145954],[14.581094640286919,45.9076914115186],[14.580219727302824,45.906615504570354],[14.581879674975044,45.906955101145954]],[[14.574361135441684,45.918363788285106],[14.573849057504155,45.91873925763947],[14.573383764379296,45.918027344827294],[14.574361135441684,45.918363788285106]],[[14.572065367100386,45.91906439776195],[14.571702179953968,45.9193750822649],[14.570760732270003,45.919242622473725],[14.570950600390576,45.91832749597024],[14.572065367100386,45.91906439776195]]]}},{"type":"Feature","properties":{"_zoneType":"SI_BUILT","name":"Pozidano zemljišče","authority":"MKGP","dataSource":"raba-3000"},"geometry":{"type":"Polygon","coordinates":[[[14.561098781509374,45.9194292331474],[14.562574412598986,45.919009284955415],[14.560511478415485,45.91748673931194],[14.56,45.916244352107825],[14.56,45.91720086666284],[14.560110346818592,45.91747057351273],[14.561236736443476,45.91888294810583],[14.56,45.919257115397066],[14.56,45.92],[14.561242821697505,45.92],[14.561098781509374,45.9194292331474]]]}},{"type":"Feature","properties":{"_zoneType":"SI_BUILT","name":"Pozidano zemljišče","authority":"MKGP","dataSource":"raba-3000"},"geometry":{"type":"Polygon","coordinates":[[[14.562860405212694,45.90376580799773],[14.56244678540639,45.90156730466433],[14.564016584929718,45.901665178844596],[14.561364661141393,45.901316700493986],[14.560876817718672,45.90327261270773],[14.56,45.903453999686334],[14.56,45.903930157082534],[14.562860405212694,45.90376580799773]]]}},{"type":"Feature","properties":{"_zoneType":"SI_BUILT","name":"Pozidano zemljišče","authority":"MKGP","dataSource":"raba-3000"},"geometry":{"type":"Polygon","coordinates":[[[14.564006423901047,45.89516407498206],[14.566093413828849,45.89819360403195],[14.568415295781145,45.90014329059804],[14.570863426996132,45.900790255595616],[14.574184259219948,45.90054428437488],[14.572442188972204,45.899927158155634],[14.572897369886132,45.89815267640135],[14.571978093735133,45.897805304586825],[14.571318421807145,45.898657933998564],[14.570495298586982,45.898101862265804],[14.569010021912177,45.899117811488274],[14.56729604447522,45.89892288269245],[14.56456928402384,45.89570856103994],[14.565588918672814,45.893633559109844],[14.563682838723178,45.89356819981645],[14.562698279593134,45.891837275043876],[14.565730953663074,45.889713334526945],[14.572409613378356,45.88795332241747],[14.574136464127434,45.885894998555145],[14.575111871423003,45.88710435070463],[14.573387253287063,45.889206376852265],[14.575150566574843,45.88930867124229],[14.577247570606902,45.88631322558664],[14.576958964340605,45.88551066475936],[14.578624602474841,45.8848609478245],[14.579668118208064,45.885845762521775],[14.581499842598829,45.88560821991069],[14.57932113258743,45.88499481855798],[14.577889643229012,45.883509154472485],[14.578521768781192,45.88265057830636],[14.585187196511347,45.88334592817],[14.581204975885871,45.882700985372544],[14.58085588628687,45.881754323957075],[14.580302266108275,45.88259424463382],[14.577464526879028,45.882028292101204],[14.576514065040435,45.883135476634045],[14.576009013079071,45.88203603650207],[14.576208185691156,45.883927801687854],[14.575434789652979,45.884607943293275],[14.574454130893887,45.884557693284584],[14.574190378667133,45.883528742467824],[14.573313285683762,45.8848810283257],[14.570943170290429,45.88494990188325],[14.57059154356909,45.88658070984624],[14.565687231046269,45.88859772730174],[14.562602505763198,45.891482737174336],[14.56,45.891055649362826],[14.56,45.89242127223331],[14.564006423901047,45.89516407498206]],[[14.571336011378955,45.89912834228438],[14.57079719947552,45.900461953020866],[14.569669411992717,45.8996618850185],[14.570055736986314,45.898951940274436],[14.571336011378955,45.89912834228438]]]}},{"type":"Feature","properties":{"_zoneType":"SI_BUILT","name":"Pozidano zemljišče","authority":"MKGP","dataSource":"raba-3000"},"geometry":{"type":"Polygon","coordinates":[[[14.561663758804823,45.889206053038365],[14.560647235342957,45.8885986492425],[14.561308885893297,45.8847444391339],[14.560036628588673,45.884210008191396],[14.56,45.88424516327927],[14.56,45.885514338861185],[14.560916084235194,45.885508249699406],[14.56,45.88659499111941],[14.56,45.88767902665654],[14.560360808723441,45.88957816738865],[14.56,45.88972463582636],[14.56,45.88998155815708],[14.561663758804823,45.889206053038365]]]}},{"type":"Feature","properties":{"_zoneType":"SI_BUILT","name":"Pozidano zemljišče","authority":"MKGP","dataSource":"raba-3000"},"geometry":{"type":"Polygon","coordinates":[[[14.560487706792042,45.88055872113305],[14.560412357650739,45.88],[14.56,45.88],[14.56,45.880443886630886],[14.560487706792042,45.88055872113305]]]}},{"type":"Feature","properties":{"_zoneType":"SI_BUILT","name":"Pozidano zemljišče","authority":"MKGP","dataSource":"raba-3000"},"geometry":{"type":"Polygon","coordinates":[[[14.563889529520864,45.880265414272635],[14.561471336519634,45.881075377087406],[14.565445029370798,45.88068994759877],[14.566108408944334,45.88],[14.563968308158191,45.88],[14.563889529520864,45.880265414272635]]]}},{"type":"Feature","properties":{"_zoneType":"SI_BUILT","name":"Pozidano zemljišče","authority":"MKGP","dataSource":"raba-3000"},"geometry":{"type":"Polygon","coordinates":[[[14.5675764865335,45.8806589754958],[14.570558415888836,45.880263704648534],[14.570372832433376,45.88],[14.567995042154541,45.88],[14.5675764865335,45.8806589754958]]]}},{"type":"Feature","properties":{"_zoneType":"SI_BUILT","name":"Pozidano zemljišče","authority":"MKGP","dataSource":"raba-3000"},"geometry":{"type":"Polygon","coordinates":[[[14.594974231557034,45.884101046491885],[14.596698212436513,45.88630303651402],[14.595638183519037,45.889943443369546],[14.597496373720507,45.88599874627453],[14.596621573160125,45.88411212102988],[14.6,45.88189075579124],[14.6,45.8808337707327],[14.598792747780184,45.88233028141426],[14.594974231557034,45.884101046491885]]]}},{"type":"Feature","properties":{"_zoneType":"SI_BUILT","name":"Pozidano zemljišče","authority":"MKGP","dataSource":"raba-3000"},"geometry":{"type":"Polygon","coordinates":[[[14.6,45.904095353308456],[14.6,45.90366714041562],[14.599573931002162,45.90422287107649],[14.6,45.904095353308456]]]}},{"type":"Feature","properties":{"_zoneType":"SI_BUILT","name":"Pozidano zemljišče","authority":"MKGP","dataSource":"raba-3000"},"geometry":{"type":"Polygon","coordinates":[[[14.597105236332483,45.92],[14.59859358746412,45.92],[14.599034693597625,45.919764413496736],[14.599465675695193,45.92],[14.6,45.92],[14.6,45.91965939973095],[14.598807157258435,45.91903521060991],[14.597105236332483,45.92]]]}},{"type":"Feature","properties":{"_zoneType":"SI_BUILT","name":"Pozidano zemljišče","authority":"MKGP","dataSource":"raba-3000"},"geometry":{"type":"Polygon","coordinates":[[[14.59098768446266,45.95863767340003],[14.588936128860817,45.958443806870186],[14.590398679291159,45.957415418718604],[14.587372659863005,45.95550665166665],[14.589606881330303,45.9540602953078],[14.590010068352795,45.952582963435795],[14.588149619204833,45.952091919005255],[14.588047970432129,45.95132197627024],[14.589451991430467,45.95105102942285],[14.588604521390607,45.95012002302466],[14.590511617070351,45.950289351060455],[14.590571360882272,45.94894813207761],[14.592619032479298,45.9499773992955],[14.59166873558788,45.94742846768555],[14.590370443258823,45.94683572993556],[14.591380608617323,45.944470122496966],[14.590619213467546,45.94622439713902],[14.589528905422316,45.94573955906775],[14.589852221038372,45.94507781349471],[14.588953165943916,45.94538779433647],[14.58827026856966,45.94772043840251],[14.589614004046288,45.94762106312578],[14.589337166137318,45.94845152142283],[14.588007640035842,45.94890542040613],[14.586379232829545,45.948044490838384],[14.583948518324364,45.9484879053478],[14.583465612592736,45.94971177742939],[14.580776406529074,45.950278887528306],[14.579509555096399,45.95210426942312],[14.578487001354809,45.95151699163851],[14.57922730425213,45.95060557042485],[14.577631727852909,45.95128492913729],[14.575136169132197,45.949969503022835],[14.571872353377227,45.949826076481735],[14.571120890426528,45.94668351709538],[14.575938236330009,45.93490445154187],[14.586947714432087,45.93469542719088],[14.588037135377942,45.93661988967214],[14.585414442631343,45.93801759692634],[14.582806516865432,45.9381351936509],[14.585430806418989,45.938249033646876],[14.588585164150999,45.937062740503386],[14.586388727533063,45.93937758089528],[14.589946293399244,45.93784547700113],[14.591038415313752,45.939388954507834],[14.591980865056696,45.93767937991227],[14.593295373848456,45.93759689538166],[14.59190392824477,45.9369597412157],[14.593929850496561,45.93522471711203],[14.595035436327047,45.93653141696838],[14.593896341884092,45.93926711327628],[14.59734396850808,45.93948167334005],[14.596821746899975,45.93862619252002],[14.594783439262857,45.93848736237764],[14.595980644412187,45.93388048724612],[14.6,45.93212181109571],[14.6,45.92979234517136],[14.599605877388468,45.930059872546785],[14.598261299988536,45.92986479838835],[14.599709730598647,45.93085063537598],[14.59958280944249,45.932120891480324],[14.593983208674352,45.93360821698356],[14.593402648358044,45.93476742844104],[14.591260596846121,45.934247219071395],[14.59213865208396,45.931682162030455],[14.590074764217517,45.93364176793612],[14.591388397142937,45.9353151620256],[14.587758091440062,45.93505539353621],[14.587972409622994,45.93388591934592],[14.586511243937604,45.932833571899685],[14.586628832190286,45.93167539526711],[14.58770505324662,45.931973763205],[14.5883987176697,45.9280596368523],[14.591184572736863,45.922452683531986],[14.589756078595213,45.92116507473881],[14.589658829292494,45.92],[14.58762201482721,45.92],[14.587691474193573,45.9201666517184],[14.5859030030208,45.92054413039459],[14.585945765680654,45.92],[14.582765764860971,45.92],[14.576483058328611,45.92982155338932],[14.570493653676461,45.94698785649798],[14.569221111632153,45.9479750777483],[14.568103115218204,45.945991000465895],[14.568422579649543,45.943643525377816],[14.571711276305788,45.93823747288998],[14.572824165968635,45.93440832495435],[14.573003590666877,45.93158135537769],[14.575482363718256,45.92531071464532],[14.57894845101802,45.92109532280071],[14.577795419468035,45.92],[14.577047904110497,45.92],[14.577277580086841,45.92029449695046],[14.576206009854651,45.92118403962707],[14.574481672632153,45.92049114286551],[14.574599295215059,45.92],[14.568746564420648,45.92],[14.568980180953101,45.92021380645953],[14.57124860405984,45.920143783739015],[14.571094772534654,45.92103915307503],[14.569592681669894,45.92113085841519],[14.570644358406096,45.922272962104195],[14.569723816185634,45.92527839705271],[14.568124194198292,45.9240906747148],[14.566944521089013,45.92493540998812],[14.565336586300269,45.92420028683882],[14.565233137192404,45.92553189878629],[14.56662823479376,45.92654434442451],[14.56352126032617,45.9279028536585],[14.564828164549306,45.92868795581569],[14.56721632857111,45.9282372055314],[14.567622270599133,45.93003648027476],[14.563153450392674,45.92988376264513],[14.562745664817347,45.931028847809344],[14.565114423873572,45.93175690280359],[14.56559936963765,45.93341241221789],[14.56649919334837,45.93189569773344],[14.568205733333446,45.931914943513185],[14.568570710577738,45.93021205883826],[14.57397840409023,45.928816434726926],[14.572130709093472,45.931556447463784],[14.572442819021143,45.93449436967635],[14.571314139254406,45.9382070772508],[14.56918415601867,45.939987553328486],[14.56721984248162,45.94468507811284],[14.56219729139584,45.94430693205344],[14.562057745273973,45.94254680144254],[14.560295315414772,45.945323971081315],[14.56,45.94536514126316],[14.56,45.94588381289694],[14.560305899931034,45.94585065843092],[14.562363904584348,45.94472171608777],[14.56116363693284,45.94638500244191],[14.56,45.946657533478664],[14.56,45.946819650532476],[14.56135214574977,45.94659872388565],[14.56292899256355,45.9448684871286],[14.565394128975887,45.945162204740555],[14.565321740712447,45.94764113244284],[14.566110766625144,45.948203167600916],[14.56523417963913,45.950887195955694],[14.561941957545875,45.95413729803624],[14.56,45.957218585776715],[14.56,45.95838646410367],[14.564181615152052,45.954437198179804],[14.568721780075752,45.9541396689445],[14.5689082153876,45.959064887409944],[14.565671281774417,45.95986111919325],[14.565364919218927,45.96],[14.56702822935054,45.96],[14.569672668539797,45.95975269209657],[14.569321719981795,45.96],[14.570829509973857,45.96],[14.56932724669318,45.958673252636224],[14.569376932175695,45.95339419554575],[14.570983248074773,45.952628489635416],[14.570547098979505,45.95349624936404],[14.571773114616569,45.954070954452966],[14.570304776540873,45.956088873481676],[14.572696417284762,45.95643492462311],[14.571306770912724,45.957728831477056],[14.573002352674209,45.958898202064724],[14.57168375443075,45.96],[14.573759125219064,45.96],[14.573873286779254,45.95988460733224],[14.573895682317085,45.96],[14.574385654610584,45.96],[14.576569104463962,45.95685907011617],[14.579955300807155,45.95437511133446],[14.576280079440146,45.95674044077706],[14.574456059765936,45.95942558474128],[14.573601187111013,45.95801436005045],[14.574936744916862,45.9534855665732],[14.576826278261265,45.95449677160985],[14.576605762986505,45.953579102890714],[14.579944276621623,45.95276916504398],[14.585516978394825,45.948443882194894],[14.587964886816472,45.95038681716946],[14.586140551216264,45.95291612276162],[14.586944520405936,45.955508296028015],[14.586355541989988,45.95733874720665],[14.584626940366276,45.95689062988505],[14.58669352043671,45.95820323470124],[14.586339000662804,45.95961542183832],[14.584436953361745,45.95948265126112],[14.58409654556343,45.958623110354985],[14.583809159688984,45.96],[14.591310985111312,45.96],[14.59098768446266,45.95863767340003]],[[14.589142460798508,45.937392929611384],[14.588982983730848,45.93689408270585],[14.590033466742286,45.9370791293279],[14.589142460798508,45.937392929611384]],[[14.588903843790126,45.95908026877664],[14.58819889195967,45.95964890615968],[14.58709991936889,45.958623583455655],[14.588903843790126,45.95908026877664]],[[14.586367821054619,45.92081732745202],[14.587895434583771,45.92134219153495],[14.588779447429138,45.92363183224017],[14.587222864912809,45.92333362977475],[14.587519175779338,45.92571349101782],[14.584786533673663,45.92449734769673],[14.585097148292098,45.92161872011767],[14.586367821054619,45.92081732745202]],[[14.584032919249621,45.93329781938567],[14.586588831735304,45.933435872339395],[14.584538004578665,45.93366557396656],[14.584032919249621,45.93329781938567]],[[14.57900329733608,45.927367590919246],[14.58108929698046,45.92640482427653],[14.581763841120765,45.928436732305045],[14.586059624115501,45.928908147628206],[14.582255249304223,45.93201674046131],[14.580964003573532,45.93141927105307],[14.581440297145644,45.92984394166397],[14.579605520157966,45.93015151317243],[14.57959377417778,45.93119799595561],[14.577861303384653,45.93020264988648],[14.579403119606985,45.92851097685009],[14.57900329733608,45.927367590919246]],[[14.58606631316756,45.92696013697437],[14.585178689399346,45.927901540004626],[14.584300453767808,45.927083031039516],[14.58525137381558,45.92639703831992],[14.58606631316756,45.92696013697437]],[[14.585952338794177,45.92610892724122],[14.585511968181795,45.92639894879737],[14.585569902776662,45.92580574909533],[14.585952338794177,45.92610892724122]],[[14.584323400138361,45.920993432666094],[14.585070984041048,45.920725877004735],[14.584519164124249,45.92134016909995],[14.584323400138361,45.920993432666094]],[[14.571196116243879,45.925616416370474],[14.57019234368843,45.925204381662525],[14.571591745160408,45.921977985895325],[14.572752774096344,45.92270074827881],[14.574422867927288,45.92106542297116],[14.576431304590539,45.922019193391826],[14.573973639768896,45.928154980378466],[14.572347071147274,45.928090796154194],[14.571994626089701,45.92650228918736],[14.571916399777283,45.92846323190272],[14.56859121327732,45.929873135755486],[14.568245033716982,45.926890177713574],[14.571196116243879,45.925616416370474]],[[14.565536354501862,45.95098621236967],[14.566451996881861,45.948122772488226],[14.56564969468357,45.94746424655044],[14.56579155126975,45.94527727415746],[14.567082000951878,45.94508038965707],[14.569694720848052,45.95194432876478],[14.568767986676388,45.953701433565655],[14.565386330314722,45.95372194247328],[14.561890215940144,45.95515900410736],[14.565536354501862,45.95098621236967]],[[14.569192202177042,45.925891125174935],[14.567685294611056,45.92673237036889],[14.56706157882647,45.92548091125831],[14.568882051259054,45.92555742802829],[14.569192202177042,45.925891125174935]],[[14.566650638688142,45.93127864566603],[14.56567564551128,45.93179821287048],[14.564875812728523,45.930820193222246],[14.566401845432088,45.930535489404974],[14.566650638688142,45.93127864566603]]]}},{"type":"Feature","properties":{"_zoneType":"SI_BUILT","name":"Pozidano zemljišče","authority":"MKGP","dataSource":"raba-3000"},"geometry":{"type":"Polygon","coordinates":[[[14.560558077237108,45.9275993527495],[14.560679660223323,45.922517623036754],[14.56203885682957,45.92213505924472],[14.56,45.92110998376988],[14.56,45.922944661608156],[14.560607375762292,45.92408050576762],[14.560158513772613,45.92763206730819],[14.56,45.927804395171485],[14.56,45.92827694794901],[14.560558077237108,45.9275993527495]]]}},{"type":"Feature","properties":{"_zoneType":"SI_BUILT","name":"Pozidano zemljišče","authority":"MKGP","dataSource":"raba-3000"},"geometry":{"type":"Polygon","coordinates":[[[14.563548543964377,45.920370189324736],[14.561289904828437,45.920186569392904],[14.561242821697505,45.92],[14.56,45.92],[14.56,45.920738424439726],[14.563548543964377,45.920370189324736]]]}},{"type":"Feature","properties":{"_zoneType":"SI_BUILT","name":"Pozidano zemljišče","authority":"MKGP","dataSource":"raba-3000"},"geometry":{"type":"Polygon","coordinates":[[[14.58071953166768,45.9596448107341],[14.580977426842919,45.96],[14.581167929418788,45.96],[14.58071953166768,45.9596448107341]]]}},{"type":"Feature","properties":{"_zoneType":"SI_BUILT","name":"Pozidano zemljišče","authority":"MKGP","dataSource":"raba-3000"},"geometry":{"type":"Polygon","coordinates":[[[14.596877322599978,45.920129200333356],[14.596075239123786,45.9213450025616],[14.59859358746412,45.92],[14.597105236332483,45.92],[14.596877322599978,45.920129200333356]]]}},{"type":"Feature","properties":{"_zoneType":"SI_BUILT","name":"Pozidano zemljišče","authority":"MKGP","dataSource":"raba-3000"},"geometry":{"type":"Polygon","coordinates":[[[14.6,45.92029207615651],[14.6,45.92],[14.599465675695193,45.92],[14.6,45.92029207615651]]]}},{"type":"Feature","properties":{"_zoneType":"SI_BUILT","name":"Pozidano zemljišče","authority":"MKGP","dataSource":"raba-3000"},"geometry":{"type":"Polygon","coordinates":[[[14.596242916982566,45.92766090507161],[14.591866312629437,45.928655713389524],[14.596680368774916,45.927871756511514],[14.598051311225586,45.925545656218574],[14.6,45.925394381106784],[14.6,45.92497257978839],[14.59750523600851,45.92543872475351],[14.596242916982566,45.92766090507161]]]}},{"type":"Feature","properties":{"_zoneType":"SI_BUILT","name":"Pozidano zemljišče","authority":"MKGP","dataSource":"raba-3000"},"geometry":{"type":"Polygon","coordinates":[[[14.560019379828576,45.99900285175181],[14.56402328630169,45.99892562811386],[14.564459827684134,46.0],[14.565224228650022,46.0],[14.565079187589225,45.99969950716483],[14.567239086290186,45.99955899589853],[14.567269650650365,46.0],[14.571612833016307,46.0],[14.567547536328616,45.99935699713417],[14.566370763488466,45.99817684048969],[14.561899960381806,45.998605993943706],[14.561032220844636,45.99598485869595],[14.562603306014143,45.99518189167252],[14.564294572148265,45.992291036563095],[14.566555492872078,45.992846235084336],[14.5661353936987,45.99130105974317],[14.5671384209275,45.99039485226666],[14.571440996254577,45.992105286578564],[14.572589573581771,45.99105914061171],[14.569847673980586,45.98924340327055],[14.574778636045362,45.989769548497925],[14.575899190801124,45.988203700903966],[14.580189200794447,45.989916779889555],[14.582143104045734,45.989514813757026],[14.582505824616462,45.99138158172417],[14.586628974643606,45.992849484132314],[14.585991135691803,45.995846713274844],[14.584253741584357,45.994049897526665],[14.579017124817614,45.99546896959352],[14.5802785064438,45.99597582093461],[14.579428774254588,45.997969118144745],[14.580798763442916,45.9979784090581],[14.581088809958002,45.99604300675968],[14.582800874349882,45.99517803960864],[14.586112580243384,45.99654271002865],[14.583894862984291,45.99709617570499],[14.584253269213265,45.99843159353068],[14.582557680768652,46.0],[14.585155401779708,46.0],[14.584613975685553,45.99951016120075],[14.587185381288338,45.99874690558071],[14.593069781270207,45.9918169551066],[14.595816921899686,45.99019718642775],[14.597829174430276,45.991153187452994],[14.594129040602933,46.0],[14.59435904401044,46.0],[14.594954349747976,45.99990755173973],[14.59598585711467,45.996358850211905],[14.596951397051596,45.996901874083505],[14.596306962980409,45.998079508348766],[14.597803726308948,45.99788745146759],[14.59889035707456,45.99313990732225],[14.597609265068025,45.992608865315574],[14.59816572079299,45.991358132904935],[14.6,45.99075240983097],[14.6,45.990111813623734],[14.599716246598243,45.99024436473303],[14.599790026556109,45.98983110897679],[14.6,45.98983740504446],[14.6,45.98875246035262],[14.597728485419754,45.98917466859072],[14.59759631122257,45.98797734035971],[14.598645046376339,45.987366525894316],[14.6,45.98760988088221],[14.6,45.985224914457014],[14.598595089953395,45.984521665552236],[14.6,45.98403169008416],[14.6,45.977274644963956],[14.598641050127638,45.97549300491859],[14.6,45.97488436351297],[14.6,45.97401478895314],[14.597343105678826,45.97414020921783],[14.597781123656718,45.97257365344684],[14.599570328549483,45.97206098981519],[14.597880653633187,45.97122808258926],[14.6,45.96932278029768],[14.6,45.968592927018506],[14.5999149410327,45.967924114874386],[14.6,45.967878158709155],[14.6,45.966677026117154],[14.599427383258313,45.966866446421704],[14.59870780414797,45.96845556777602],[14.59942146376522,45.96924023598793],[14.59730044400879,45.97126234494772],[14.595037304273477,45.968608129605265],[14.593880135108686,45.96877725947474],[14.596276051908122,45.97080675521498],[14.595690436336803,45.97198772804269],[14.597149923288846,45.9718370881512],[14.597190363764609,45.97343253591577],[14.595888471964034,45.97430814592295],[14.594533686944676,45.97266738539175],[14.592063251656034,45.97227808094606],[14.59404018252525,45.97287435605272],[14.593330546853384,45.97404799755218],[14.594923930891346,45.97377852633033],[14.596100501114748,45.97557899298302],[14.59421913156878,45.97609887404865],[14.592346844121229,45.97805793809649],[14.59238645282667,45.98012111266212],[14.590289621174968,45.979843465485004],[14.588555369415502,45.97831684992048],[14.589268346053029,45.97981955871217],[14.592470533931706,45.98099746798581],[14.584661282854018,45.98367001813015],[14.583451508054432,45.981344521275865],[14.58408223665942,45.97985889567946],[14.581155808842402,45.977586565978456],[14.583698383432035,45.977359037801385],[14.582414029213949,45.97568626874545],[14.586095471190244,45.97259170003107],[14.58262318397532,45.97315325551456],[14.583145235828152,45.97453961862768],[14.581743641513409,45.97570555413103],[14.579761424339889,45.9738055186711],[14.581260603566138,45.97652942678931],[14.577111649178068,45.97715075945979],[14.57571314618982,45.974931164999084],[14.577480862126158,45.97092491519989],[14.580617668959965,45.97101651723538],[14.581537609649954,45.972629253018034],[14.582311846763615,45.9716770802992],[14.58380021888932,45.97208648327733],[14.582270112122716,45.96937188663779],[14.579504613989613,45.969421434081184],[14.576771233859562,45.96723413589099],[14.578581544469111,45.969161623169455],[14.577425536404627,45.97064651292632],[14.575835695548758,45.97040915524816],[14.57495550854148,45.967651711110705],[14.576611179629134,45.96640379817762],[14.577043684146256,45.96395103315105],[14.580048588972472,45.963963388992596],[14.583050473217122,45.960843688030195],[14.58470682614031,45.96122974901844],[14.585268941120455,45.96247029262678],[14.589336375909436,45.960215311225625],[14.591447394484609,45.96057480279889],[14.591310985111312,45.96],[14.583809159688984,45.96],[14.583754563947826,45.960261572740166],[14.582263020689158,45.96086745453888],[14.581167929418788,45.96],[14.580977426842919,45.96],[14.581866586606827,45.96122460609634],[14.579785189516759,45.96378183585596],[14.575150193637047,45.96238103436897],[14.574298658260195,45.96012514573499],[14.574385654610584,45.96],[14.573895682317085,45.96],[14.574267072607437,45.96191358281752],[14.57239606094545,45.96137776343103],[14.573759125219064,45.96],[14.57168375443075,45.96],[14.57124480747669,45.96036677649927],[14.570829509973857,45.96],[14.569321719981795,45.96],[14.562056356522955,45.96511978682827],[14.56,45.96444000552935],[14.56,45.96481445142018],[14.561664520681639,45.9654792547055],[14.560616405047075,45.967444079485865],[14.561577841526299,45.96609115738514],[14.568310907262978,45.96720860555628],[14.56443317407741,45.97502238302628],[14.56,45.972698615058206],[14.56,45.97335102772218],[14.571249770226416,45.9790065225025],[14.570340508324977,45.980726600122516],[14.564499895561116,45.982569890745424],[14.56,45.980178354632216],[14.56,45.98041455200471],[14.563383404693784,45.98233017320895],[14.56075711847323,45.98345059619879],[14.565499424934199,45.98663884682085],[14.56288697277816,45.98808252087773],[14.563779093691299,45.98948427524448],[14.561357584710025,45.988836150105946],[14.56,45.987785517941276],[14.56,45.988186346584364],[14.561256192453063,45.9891855393545],[14.560872027142361,45.99087110309841],[14.562854120647355,45.991644955377666],[14.561540594292477,45.99305728317932],[14.56,45.991883636896524],[14.56,45.99250831230809],[14.560472293917218,45.994300221413305],[14.56,45.99423479170956],[14.56,45.999080967826444],[14.560019379828576,45.99900285175181]],[[14.596144748809982,45.97923096366391],[14.598443287387889,45.977354904162965],[14.599003981754695,45.978898857278544],[14.596558137130794,45.97953010109096],[14.596144748809982,45.97923096366391]],[[14.598020041630617,45.99012388295583],[14.598782946882894,45.9900881476718],[14.598045266322035,45.990537507226016],[14.598020041630617,45.99012388295583]],[[14.598582327972036,45.9768353410921],[14.597341241052812,45.97722197050486],[14.59621694987345,45.976677754200956],[14.59707662581574,45.975305061196664],[14.598582327972036,45.9768353410921]],[[14.595625874719264,45.98761527515047],[14.596360784746253,45.98686251329755],[14.596549160864054,45.98810929310772],[14.595625874719264,45.98761527515047]],[[14.59624306789008,45.97712419951632],[14.595581911004645,45.97972548933841],[14.593528463430475,45.98036468587891],[14.592846305148464,45.97914802299806],[14.593824809975883,45.97722354521488],[14.59624306789008,45.97712419951632]],[[14.595181029298931,45.98155146619384],[14.593499419769723,45.982953155829314],[14.593063214565264,45.98203753849276],[14.594017377332946,45.981280645988164],[14.595181029298931,45.98155146619384]],[[14.594474602024581,45.98795247584186],[14.593357473051153,45.98830313568336],[14.593850845852526,45.987505465199014],[14.594474602024581,45.98795247584186]],[[14.585395091853535,45.98689165574767],[14.588120126799723,45.987992038096024],[14.588077649109344,45.989107555053884],[14.589044536688814,45.98804659003517],[14.593813689224662,45.988891170683125],[14.589654480840355,45.99105168671775],[14.589887032774325,45.99266350837257],[14.58993977656153,45.99115648132598],[14.59274296349724,45.99042565159164],[14.590007412717936,45.994458653658526],[14.586944742617407,45.99611854233022],[14.587546087094092,45.992286530239426],[14.58576075201891,45.99097306603825],[14.58698802043311,45.99049376281277],[14.585000860872425,45.989876647648],[14.585716549671373,45.98870490804091],[14.584672797961062,45.9891195992706],[14.583338430263522,45.987334202535195],[14.585395091853535,45.98689165574767]],[[14.593221233874123,45.98385368738985],[14.593213597665352,45.98641531905196],[14.589842419284647,45.985603109409304],[14.591058375048451,45.98405908029465],[14.593221233874123,45.98385368738985]],[[14.592952705419748,45.987942786049594],[14.5884155631254,45.9876700064664],[14.587581985786377,45.98717177039915],[14.589615620891088,45.986268189235865],[14.592952705419748,45.987942786049594]],[[14.581950704963747,45.98427219770945],[14.591820914743675,45.9821576949816],[14.59118424771019,45.983657185018046],[14.585595474610246,45.986276623349404],[14.581950704963747,45.98427219770945]],[[14.583106665790012,45.98016390151287],[14.581323036555256,45.9800996198428],[14.582941619144744,45.979835522716755],[14.583106665790012,45.98016390151287]],[[14.582101300430415,45.983432045048964],[14.58051762257821,45.98356417308564],[14.581251432709687,45.982378112702975],[14.582101300430415,45.983432045048964]],[[14.581881899381434,45.988466119637216],[14.58105585538036,45.98879504103733],[14.580247218153572,45.98824337309452],[14.580951032320922,45.987699037980825],[14.581881899381434,45.988466119637216]],[[14.581397573420936,45.98070525852392],[14.580825789934845,45.9810454617767],[14.58083027330225,45.98038140292655],[14.581397573420936,45.98070525852392]],[[14.581002362703975,45.97968937759144],[14.579420345822736,45.979486535863124],[14.579070836290818,45.97884005619502],[14.580846835907229,45.97918182737362],[14.581002362703975,45.97968937759144]],[[14.580372853865022,45.98720018547188],[14.578369942262938,45.9876115120189],[14.577667865523994,45.9861463639204],[14.578545300114207,45.98555046495831],[14.580372853865022,45.98720018547188]],[[14.579302331476416,45.97995547852656],[14.578750843358545,45.9801742920886],[14.578599008076536,45.97937274109972],[14.579302331476416,45.97995547852656]],[[14.577013812384857,45.98586047245422],[14.57758406913207,45.98731007686475],[14.575681392517563,45.98753965014012],[14.573444723015266,45.98574587624917],[14.575057297085136,45.98475934025912],[14.577013812384857,45.98586047245422]],[[14.575747704573558,45.97721697984976],[14.574955044163888,45.97724738343238],[14.574660270756947,45.976275425465666],[14.575484470751311,45.97600099964133],[14.575747704573558,45.97721697984976]],[[14.574939782248459,45.962761696418845],[14.575002808203754,45.96534445118379],[14.573320499458005,45.96595426053742],[14.572203649772598,45.96490531140985],[14.572062602788398,45.961956064995405],[14.574939782248459,45.962761696418845]],[[14.573597801869425,45.98166718006385],[14.573847304184113,45.981202709321316],[14.574622241499037,45.9821527786205],[14.573597801869425,45.98166718006385]],[[14.57466971312404,45.970242799674544],[14.574288931904041,45.97964630135593],[14.572750360431428,45.979340962698075],[14.573099051438115,45.977468953074904],[14.571935074787177,45.97676349351552],[14.572663845041086,45.97844247401798],[14.571786333907182,45.9788824918046],[14.565000733771528,45.97548334489914],[14.567618934626285,45.97053880322254],[14.571892170200158,45.971013977662274],[14.57466971312404,45.970242799674544]],[[14.574542176647785,45.96914615498039],[14.571617799849133,45.970769302867005],[14.570783386359945,45.9694990168432],[14.56872127040066,45.96993788450175],[14.568153146279883,45.96872787599205],[14.570944794571044,45.96320925443922],[14.574542176647785,45.96914615498039]],[[14.571607344248783,45.97997814818969],[14.571773843018384,45.979533276114125],[14.572400630307476,45.98009088654659],[14.571607344248783,45.97997814818969]],[[14.570909924745367,45.961496200298605],[14.568492494071156,45.966699235392376],[14.562354758040918,45.96557047920638],[14.56926327758993,45.96057273750449],[14.570909924745367,45.961496200298605]],[[14.567623648608274,45.98883022534024],[14.5685122438567,45.988516537639725],[14.569271980068562,45.989003612626625],[14.568760732735862,45.98940285274619],[14.567623648608274,45.98883022534024]],[[14.567561799663636,45.98475861240653],[14.56531498603114,45.98607927969608],[14.562188936334652,45.98407969122099],[14.56450313024229,45.98296840900167],[14.567561799663636,45.98475861240653]]]}},{"type":"Feature","properties":{"_zoneType":"SI_BUILT","name":"Pozidano zemljišče","authority":"MKGP","dataSource":"raba-3000"},"geometry":{"type":"Polygon","coordinates":[[[14.56702822935054,45.96],[14.565364919218927,45.96],[14.56207247686421,45.961492535697374],[14.56,45.962908987434616],[14.56,45.963725465615326],[14.5656573261679,45.960128206839954],[14.56702822935054,45.96]]]}},{"type":"Feature","properties":{"_zoneType":"SI_BUILT","name":"Pozidano zemljišče","authority":"MKGP","dataSource":"raba-3000"},"geometry":{"type":"Polygon","coordinates":[[[14.6,45.96139852219684],[14.6,45.961019068874336],[14.598523586126275,45.96080465896625],[14.6,45.96139852219684]]]}},{"type":"Feature","properties":{"_zoneType":"SI_BUILT","name":"Pozidano zemljišče","authority":"MKGP","dataSource":"raba-3000"},"geometry":{"type":"Polygon","coordinates":[[[14.600000000000001,45.873781821440275],[14.600000000000001,45.87305166231417],[14.6,45.87305166231417],[14.6,45.873781821440275],[14.600000000000001,45.873781821440275]]]}},{"type":"Feature","properties":{"_zoneType":"SI_BUILT","name":"Pozidano zemljišče","authority":"MKGP","dataSource":"raba-3000"},"geometry":{"type":"Polygon","coordinates":[[[14.600000000000001,45.87873798128832],[14.600000000000001,45.87848623142807],[14.6,45.87848623142807],[14.6,45.87873798128832],[14.600000000000001,45.87873798128832]]]}},{"type":"Feature","properties":{"_zoneType":"SI_BUILT","name":"Pozidano zemljišče","authority":"MKGP","dataSource":"raba-3000"},"geometry":{"type":"Polygon","coordinates":[[[14.600000000000001,45.869707294274264],[14.600000000000001,45.86909961915644],[14.6,45.86909961915644],[14.6,45.869707294274264],[14.600000000000001,45.869707294274264]]]}},{"type":"Feature","properties":{"_zoneType":"SI_BUILT","name":"Pozidano zemljišče","authority":"MKGP","dataSource":"raba-3000"},"geometry":{"type":"Polygon","coordinates":[[[14.600000000000001,45.906870716618386],[14.600000000000001,45.90644571134204],[14.6,45.90644571134204],[14.6,45.906870716618386],[14.600000000000001,45.906870716618386]]]}},{"type":"Feature","properties":{"_zoneType":"SI_BUILT","name":"Pozidano zemljišče","authority":"MKGP","dataSource":"raba-3000"},"geometry":{"type":"Polygon","coordinates":[[[14.600000000000001,45.90150231057351],[14.600000000000001,45.90091237272503],[14.6,45.90091237272503],[14.6,45.90150231057351],[14.600000000000001,45.90150231057351]]]}},{"type":"Feature","properties":{"_zoneType":"SI_BUILT","name":"Pozidano zemljišče","authority":"MKGP","dataSource":"raba-3000"},"geometry":{"type":"Polygon","coordinates":[[[14.600000000000001,45.891117571363445],[14.600000000000001,45.89039675120125],[14.6,45.89039675120125],[14.6,45.891117571363445],[14.600000000000001,45.891117571363445]]]}},{"type":"Feature","properties":{"_zoneType":"SI_BUILT","name":"Pozidano zemljišče","authority":"MKGP","dataSource":"raba-3000"},"geometry":{"type":"Polygon","coordinates":[[[14.600000000000001,45.88189075579124],[14.600000000000001,45.8808337707327],[14.6,45.8808337707327],[14.6,45.88189075579124],[14.600000000000001,45.88189075579124]]]}},{"type":"Feature","properties":{"_zoneType":"SI_BUILT","name":"Pozidano zemljišče","authority":"MKGP","dataSource":"raba-3000"},"geometry":{"type":"Polygon","coordinates":[[[14.600000000000001,45.904095353308456],[14.600000000000001,45.90366714041562],[14.6,45.90366714041562],[14.6,45.904095353308456],[14.600000000000001,45.904095353308456]]]}},{"type":"Feature","properties":{"_zoneType":"SI_BUILT","name":"Pozidano zemljišče","authority":"MKGP","dataSource":"raba-3000"},"geometry":{"type":"Polygon","coordinates":[[[14.600000000000001,45.91965939973095],[14.6,45.91965939973095],[14.6,45.92],[14.600000000000001,45.92],[14.600000000000001,45.91965939973095]]]}},{"type":"Feature","properties":{"_zoneType":"SI_BUILT","name":"Pozidano zemljišče","authority":"MKGP","dataSource":"raba-3000"},"geometry":{"type":"Polygon","coordinates":[[[14.600000000000001,45.93212181109571],[14.600000000000001,45.92979234517136],[14.6,45.92979234517136],[14.6,45.93212181109571],[14.600000000000001,45.93212181109571]]]}},{"type":"Feature","properties":{"_zoneType":"SI_BUILT","name":"Pozidano zemljišče","authority":"MKGP","dataSource":"raba-3000"},"geometry":{"type":"Polygon","coordinates":[[[14.600000000000001,45.92029207615651],[14.600000000000001,45.92],[14.6,45.92],[14.6,45.92029207615651],[14.600000000000001,45.92029207615651]]]}},{"type":"Feature","properties":{"_zoneType":"SI_BUILT","name":"Pozidano zemljišče","authority":"MKGP","dataSource":"raba-3000"},"geometry":{"type":"Polygon","coordinates":[[[14.600000000000001,45.925394381106784],[14.600000000000001,45.92497257978839],[14.6,45.92497257978839],[14.6,45.925394381106784],[14.600000000000001,45.925394381106784]]]}},{"type":"Feature","properties":{"_zoneType":"SI_BUILT","name":"Pozidano zemljišče","authority":"MKGP","dataSource":"raba-3000"},"geometry":{"type":"Polygon","coordinates":[[[14.600000000000001,45.99075240983097],[14.600000000000001,45.990111813623734],[14.6,45.990111813623734],[14.6,45.99075240983097],[14.600000000000001,45.99075240983097]]]}},{"type":"Feature","properties":{"_zoneType":"SI_BUILT","name":"Pozidano zemljišče","authority":"MKGP","dataSource":"raba-3000"},"geometry":{"type":"Polygon","coordinates":[[[14.600000000000001,45.98983740504446],[14.600000000000001,45.98875246035262],[14.6,45.98875246035262],[14.6,45.98983740504446],[14.600000000000001,45.98983740504446]]]}},{"type":"Feature","properties":{"_zoneType":"SI_BUILT","name":"Pozidano zemljišče","authority":"MKGP","dataSource":"raba-3000"},"geometry":{"type":"Polygon","coordinates":[[[14.600000000000001,45.98760988088221],[14.600000000000001,45.985224914457014],[14.6,45.985224914457014],[14.6,45.98760988088221],[14.600000000000001,45.98760988088221]]]}},{"type":"Feature","properties":{"_zoneType":"SI_BUILT","name":"Pozidano zemljišče","authority":"MKGP","dataSource":"raba-3000"},"geometry":{"type":"Polygon","coordinates":[[[14.600000000000001,45.98403169008416],[14.600000000000001,45.977274644963956],[14.6,45.977274644963956],[14.6,45.98403169008416],[14.600000000000001,45.98403169008416]]]}},{"type":"Feature","properties":{"_zoneType":"SI_BUILT","name":"Pozidano zemljišče","authority":"MKGP","dataSource":"raba-3000"},"geometry":{"type":"Polygon","coordinates":[[[14.600000000000001,45.97488436351297],[14.600000000000001,45.97401478895314],[14.6,45.97401478895314],[14.6,45.97488436351297],[14.600000000000001,45.97488436351297]]]}},{"type":"Feature","properties":{"_zoneType":"SI_BUILT","name":"Pozidano zemljišče","authority":"MKGP","dataSource":"raba-3000"},"geometry":{"type":"Polygon","coordinates":[[[14.600000000000001,45.96932278029768],[14.600000000000001,45.96859292701852],[14.6,45.968592927018506],[14.6,45.96932278029768],[14.600000000000001,45.96932278029768]]]}},{"type":"Feature","properties":{"_zoneType":"SI_BUILT","name":"Pozidano zemljišče","authority":"MKGP","dataSource":"raba-3000"},"geometry":{"type":"Polygon","coordinates":[[[14.600000000000001,45.967878158709155],[14.600000000000001,45.966677026117154],[14.6,45.966677026117154],[14.6,45.967878158709155],[14.600000000000001,45.967878158709155]]]}},{"type":"Feature","properties":{"_zoneType":"SI_BUILT","name":"Pozidano zemljišče","authority":"MKGP","dataSource":"raba-3000"},"geometry":{"type":"Polygon","coordinates":[[[14.600000000000001,45.96139852219684],[14.600000000000001,45.961019068874336],[14.6,45.961019068874336],[14.6,45.96139852219684],[14.600000000000001,45.96139852219684]]]}},{"type":"Feature","properties":{"_zoneType":"SI_BUILT","name":"Pozidano zemljišče","authority":"MKGP","dataSource":"raba-3000"},"geometry":{"type":"Polygon","coordinates":[[[14.517831165551168,45.86256739942822],[14.52,45.86028064234669],[14.52,45.85998012369372],[14.519960003349748,45.85998985809094],[14.516052689012826,45.86279941371766],[14.515270458791813,45.859440703629566],[14.517118021944317,45.85892427106554],[14.512990843326326,45.858810297558456],[14.510703765404148,45.859549183055144],[14.508947272475076,45.858792992165135],[14.510154314179735,45.85993393187638],[14.509251513098887,45.8614273949201],[14.509912096799624,45.86234023772418],[14.51218793746676,45.862153873237936],[14.510062909706676,45.86152522697984],[14.511070886194448,45.85984832911461],[14.513600729181483,45.85888591682932],[14.514917458985309,45.859532431257826],[14.514929079050901,45.862664230818055],[14.511717200658701,45.86516660318324],[14.513312307046368,45.86681214627153],[14.513169200006793,45.86985728996156],[14.514381486020127,45.87130426369826],[14.51419704586984,45.87332863612264],[14.514642057289935,45.87074777572651],[14.513505059640307,45.86981041651184],[14.51424429180061,45.865579594813454],[14.517005130857793,45.864584204266926],[14.51796364378515,45.864973320292016],[14.517521438051226,45.865871847232164],[14.51857580850904,45.8657153288159],[14.518358074814536,45.864762688491155],[14.515579809053508,45.86391496324591],[14.52,45.86353345522707],[14.52,45.86328855602218],[14.517831165551168,45.86256739942822]]]}},{"type":"Feature","properties":{"_zoneType":"SI_BUILT","name":"Pozidano zemljišče","authority":"MKGP","dataSource":"raba-3000"},"geometry":{"type":"Polygon","coordinates":[[[14.541597388618605,45.85971153722852],[14.542872186553375,45.86099379055267],[14.540792389152106,45.862114337038385],[14.53611544199239,45.86176882540506],[14.53341210036036,45.86393615616711],[14.526035086260322,45.86501238986043],[14.524398443944296,45.86414954042805],[14.524052574861281,45.86234599298454],[14.52034360531656,45.86340280782221],[14.52,45.86328855602218],[14.52,45.86353345522707],[14.523504379869427,45.86323099113956],[14.524218093482041,45.86442525089502],[14.52562869627921,45.86521553128243],[14.528181349559512,45.86533214708245],[14.533669772356966,45.8641268803255],[14.536382115606072,45.86199720188226],[14.537049356841365,45.86249080766536],[14.536012225960475,45.86413929717863],[14.542165749560525,45.8642112974449],[14.539582939374803,45.863206118822845],[14.545106990114538,45.86084919071864],[14.547635024964315,45.86341366623329],[14.546799021288875,45.86002767377542],[14.544515103392529,45.85913802611153],[14.543078790905422,45.86004511969173],[14.541597388618605,45.85971153722852]],[[14.54332708211757,45.86080153179154],[14.543259245830486,45.86034010104224],[14.544096123851373,45.859838745516434],[14.54456191293057,45.86057211720559],[14.54332708211757,45.86080153179154]],[[14.539541303358678,45.86334582026299],[14.538135252911115,45.863578882020676],[14.537671697365758,45.86284141762469],[14.538647751750261,45.86259978490651],[14.539541303358678,45.86334582026299]]]}},{"type":"Feature","properties":{"_zoneType":"SI_BUILT","name":"Pozidano zemljišče","authority":"MKGP","dataSource":"raba-3000"},"geometry":{"type":"Polygon","coordinates":[[[14.520069715439758,45.860207136378705],[14.524605606398925,45.85885920977034],[14.52,45.85998012369372],[14.52,45.86028064234669],[14.520069715439758,45.860207136378705]]]}},{"type":"Feature","properties":{"_zoneType":"SI_BUILT","name":"Pozidano zemljišče","authority":"MKGP","dataSource":"raba-3000"},"geometry":{"type":"Polygon","coordinates":[[[14.484923679783709,45.961561294844756],[14.483934554428105,45.96126580492009],[14.484341783747794,45.962233169818376],[14.484923679783709,45.961561294844756]]]}},{"type":"Feature","properties":{"_zoneType":"SI_BUILT","name":"Pozidano zemljišče","authority":"MKGP","dataSource":"raba-3000"},"geometry":{"type":"Polygon","coordinates":[[[14.506590465319603,45.91747395283301],[14.50638406547107,45.91726050431697],[14.506343895084287,45.91760739277662],[14.506590465319603,45.91747395283301]]]}},{"type":"Feature","properties":{"_zoneType":"SI_BUILT","name":"Pozidano zemljišče","authority":"MKGP","dataSource":"raba-3000"},"geometry":{"type":"Polygon","coordinates":[[[14.574141798651278,45.873735095619466],[14.574151714067154,45.873903812123885],[14.574451320730958,45.8737183572736],[14.574141798651278,45.873735095619466]]]}},{"type":"Feature","properties":{"_zoneType":"SI_BUILT","name":"Pozidano zemljišče","authority":"MKGP","dataSource":"raba-3000"},"geometry":{"type":"Polygon","coordinates":[[[14.48840886948567,45.970326393343896],[14.488318520032575,45.97050681431262],[14.488733587582912,45.97041026914998],[14.48840886948567,45.970326393343896]]]}},{"type":"Feature","properties":{"_zoneType":"SI_BUILT","name":"Pozidano zemljišče","authority":"MKGP","dataSource":"raba-3000"},"geometry":{"type":"Polygon","coordinates":[[[14.572362034875473,45.889597155515965],[14.572848586132542,45.88963510659601],[14.572444718650715,45.889460624079994],[14.572362034875473,45.889597155515965]]]}},{"type":"Feature","properties":{"_zoneType":"SI_BUILT","name":"Pozidano zemljišče","authority":"MKGP","dataSource":"raba-3000"},"geometry":{"type":"Polygon","coordinates":[[[14.517049225448893,45.93781090370896],[14.516981394583198,45.93765175954238],[14.516843255122568,45.937952694200256],[14.517049225448893,45.93781090370896]]]}},{"type":"Feature","properties":{"_zoneType":"SI_BUILT","name":"Pozidano zemljišče","authority":"MKGP","dataSource":"raba-3000"},"geometry":{"type":"Polygon","coordinates":[[[14.584227298682718,45.96349778629617],[14.584484390075392,45.96337626139686],[14.58382008268444,45.963005349814416],[14.584227298682718,45.96349778629617]]]}},{"type":"Feature","properties":{"_zoneType":"SI_BUILT","name":"Pozidano zemljišče","authority":"MKGP","dataSource":"raba-3000"},"geometry":{"type":"Polygon","coordinates":[[[14.598821294532492,45.94216134158485],[14.6,45.942137025910995],[14.6,45.94145707634231],[14.598821294532492,45.94216134158485]]]}},{"type":"Feature","properties":{"_zoneType":"SI_BUILT","name":"Pozidano zemljišče","authority":"MKGP","dataSource":"raba-3000"},"geometry":{"type":"Polygon","coordinates":[[[14.6,45.939517744841744],[14.6,45.93802881660209],[14.599283949546624,45.938549053016175],[14.6,45.939517744841744]]]}},{"type":"Feature","properties":{"_zoneType":"SI_BUILT","name":"Pozidano zemljišče","authority":"MKGP","dataSource":"raba-3000"},"geometry":{"type":"Polygon","coordinates":[[[14.6,45.94126772354866],[14.6,45.94044713518119],[14.598140060136643,45.940558642152176],[14.6,45.94126772354866]]]}},{"type":"Feature","properties":{"_zoneType":"SI_BUILT","name":"Pozidano zemljišče","authority":"MKGP","dataSource":"raba-3000"},"geometry":{"type":"Polygon","coordinates":[[[14.600000000000001,45.94145707634231],[14.6,45.94145707634231],[14.6,45.942137025910995],[14.600000000000001,45.942137025910995],[14.600000000000001,45.94145707634231]]]}},{"type":"Feature","properties":{"_zoneType":"SI_BUILT","name":"Pozidano zemljišče","authority":"MKGP","dataSource":"raba-3000"},"geometry":{"type":"Polygon","coordinates":[[[14.600000000000001,45.939517744841744],[14.600000000000001,45.93802881660209],[14.6,45.93802881660209],[14.6,45.939517744841744],[14.600000000000001,45.939517744841744]]]}},{"type":"Feature","properties":{"_zoneType":"SI_BUILT","name":"Pozidano zemljišče","authority":"MKGP","dataSource":"raba-3000"},"geometry":{"type":"Polygon","coordinates":[[[14.600000000000001,45.94126772354866],[14.600000000000001,45.94044713518119],[14.6,45.94044713518119],[14.6,45.94126772354866],[14.600000000000001,45.94126772354866]]]}},{"type":"Feature","properties":{"_zoneType":"SI_BUILT","name":"Pozidano zemljišče","authority":"MKGP","dataSource":"raba-3000"},"geometry":{"type":"Polygon","coordinates":[[[14.597380090355381,45.93171568698012],[14.597332076814961,45.93198762279193],[14.597640509101014,45.93175188875484],[14.597380090355381,45.93171568698012]]]}},{"type":"Feature","properties":{"_zoneType":"SI_BUILT","name":"Pozidano zemljišče","authority":"MKGP","dataSource":"raba-3000"},"geometry":{"type":"Polygon","coordinates":[[[14.576173701859164,45.86165308251223],[14.578371588863382,45.8590702471663],[14.575680371603259,45.86096422746404],[14.574627588587424,45.85906012002581],[14.574367803270917,45.86083891060225],[14.576173701859164,45.86165308251223]]]}},{"type":"Feature","properties":{"_zoneType":"SI_BUILT","name":"Pozidano zemljišče","authority":"MKGP","dataSource":"raba-3000"},"geometry":{"type":"Polygon","coordinates":[[[14.587227654039536,45.86062997117982],[14.58800997104035,45.86132410299187],[14.58729835008924,45.862178361743965],[14.589156268547226,45.86270981848559],[14.587656547168297,45.86436456875836],[14.588896434464727,45.86404057700173],[14.5924905188383,45.8659035111623],[14.594159457715694,45.86619666837298],[14.59152683553316,45.865106060650646],[14.59161760696177,45.8644129983563],[14.589987941250621,45.864507612209934],[14.591060209875975,45.863404071815665],[14.58806234864107,45.86187303384683],[14.58979755666219,45.86064367701903],[14.590392318908245,45.86164033329012],[14.594403632164193,45.86102281056174],[14.6,45.86499040518662],[14.6,45.86468288437321],[14.599567279854702,45.86442151423266],[14.59973674087967,45.86325830790965],[14.597447356702911,45.8627777204083],[14.595894584322226,45.860942113114255],[14.58782384233683,45.86027401533574],[14.586951936945935,45.859101585084304],[14.584980318805735,45.8606712121493],[14.58366282673642,45.859210405174714],[14.584351703267902,45.86070703333157],[14.587227654039536,45.86062997117982]]]}},{"type":"Feature","properties":{"_zoneType":"SI_BUILT","name":"Pozidano zemljišče","authority":"MKGP","dataSource":"raba-3000"},"geometry":{"type":"Polygon","coordinates":[[[14.600000000000001,45.86499040518662],[14.600000000000001,45.86468288437321],[14.6,45.86468288437321],[14.6,45.86499040518662],[14.600000000000001,45.86499040518662]]]}},{"type":"Feature","properties":{"_zoneType":"SI_BUILT","name":"Pozidano zemljišče","authority":"MKGP","dataSource":"raba-3000"},"geometry":{"type":"Polygon","coordinates":[[[14.6,45.87571471775483],[14.6,45.875486865593416],[14.59990109051487,45.8757457016307],[14.6,45.87571471775483]]]}},{"type":"Feature","properties":{"_zoneType":"SI_BUILT","name":"Pozidano zemljišče","authority":"MKGP","dataSource":"raba-3000"},"geometry":{"type":"Polygon","coordinates":[[[14.600000000000001,45.87571471775483],[14.600000000000001,45.87548686559341],[14.6,45.875486865593416],[14.6,45.87571471775483],[14.600000000000001,45.87571471775483]]]}},{"type":"Feature","properties":{"_zoneType":"SI_BUILT","name":"Pozidano zemljišče","authority":"MKGP","dataSource":"raba-3000"},"geometry":{"type":"Polygon","coordinates":[[[14.587515476990992,45.98456878492457],[14.587337404392958,45.98442605402197],[14.587325482596503,45.98468328727491],[14.587515476990992,45.98456878492457]]]}},{"type":"Feature","properties":{"_zoneType":"SI_BUILT","name":"Pozidano zemljišče","authority":"MKGP","dataSource":"raba-3000"},"geometry":{"type":"Polygon","coordinates":[[[14.589208285602949,45.97042965868594],[14.588460747261323,45.970005718298516],[14.58896129174883,45.97057281225825],[14.589208285602949,45.97042965868594]]]}},{"type":"Feature","properties":{"_zoneType":"SI_BUILT","name":"Pozidano zemljišče","authority":"MKGP","dataSource":"raba-3000"},"geometry":{"type":"Polygon","coordinates":[[[14.589050638616639,45.972453550388174],[14.588224556172264,45.972309682759146],[14.588792317627394,45.97289194268593],[14.589050638616639,45.972453550388174]]]}},{"type":"Feature","properties":{"_zoneType":"SI_BUILT","name":"Pozidano zemljišče","authority":"MKGP","dataSource":"raba-3000"},"geometry":{"type":"Polygon","coordinates":[[[14.580156414670846,45.998634362743765],[14.580493638685207,45.998634180936605],[14.580175765926949,45.99846322987781],[14.580156414670846,45.998634362743765]]]}},{"type":"Feature","properties":{"_zoneType":"SI_BUILT","name":"Pozidano zemljišče","authority":"MKGP","dataSource":"raba-3000"},"geometry":{"type":"Polygon","coordinates":[[[14.582762227256229,45.943150051883634],[14.581406000041,45.94430213333096],[14.582534743095112,45.944839233308194],[14.582352941013758,45.9460481855893],[14.58423358543277,45.94185662513582],[14.583425301258618,45.94132478975544],[14.585612299686565,45.940398447909566],[14.582820217676757,45.94090192977842],[14.582473280198213,45.940161383482554],[14.580467651335992,45.94143796732202],[14.57980659971378,45.940799814701286],[14.581174528449727,45.93985467411888],[14.580853611618418,45.938547783195986],[14.579302095704497,45.93883738151629],[14.579055254635596,45.93998887170753],[14.577150098486921,45.93985398468921],[14.57888586304091,45.94186659280058],[14.582762227256229,45.943150051883634]],[[14.578489393462503,45.940680805814836],[14.578621694969476,45.94018639669401],[14.579369853878749,45.94083830922456],[14.578489393462503,45.940680805814836]]]}},{"type":"Feature","properties":{"_zoneType":"SI_BUILT","name":"Pozidano zemljišče","authority":"MKGP","dataSource":"raba-3000"},"geometry":{"type":"Polygon","coordinates":[[[14.585531727379166,45.943944024676725],[14.584857710863691,45.94354847745285],[14.584704050767765,45.944592660935896],[14.585531727379166,45.943944024676725]]]}},{"type":"Feature","properties":{"_zoneType":"SI_BUILT","name":"Pozidano zemljišče","authority":"MKGP","dataSource":"raba-3000"},"geometry":{"type":"Polygon","coordinates":[[[14.584876921387636,45.90737749727528],[14.584554480299303,45.90728337312294],[14.58476951686103,45.90755524505099],[14.584876921387636,45.90737749727528]]]}},{"type":"Feature","properties":{"_zoneType":"SI_BUILT","name":"Pozidano zemljišče","authority":"MKGP","dataSource":"raba-3000"},"geometry":{"type":"Polygon","coordinates":[[[14.580293043336155,45.88384308803513],[14.580215883746453,45.88368665411982],[14.579970219218865,45.883916955928726],[14.580293043336155,45.88384308803513]]]}},{"type":"Feature","properties":{"_zoneType":"SI_BUILT","name":"Pozidano zemljišče","authority":"MKGP","dataSource":"raba-3000"},"geometry":{"type":"Polygon","coordinates":[[[14.580030501047778,45.91608789797206],[14.57962065179043,45.9157540325008],[14.579840093862188,45.91620118981962],[14.580030501047778,45.91608789797206]]]}},{"type":"Feature","properties":{"_zoneType":"SI_BUILT","name":"Pozidano zemljišče","authority":"MKGP","dataSource":"raba-3000"},"geometry":{"type":"Polygon","coordinates":[[[14.57914894381636,45.966440445548315],[14.57939562150545,45.96656125079909],[14.57933162560427,45.966274121433244],[14.57914894381636,45.966440445548315]]]}},{"type":"Feature","properties":{"_zoneType":"SI_BUILT","name":"Pozidano zemljišče","authority":"MKGP","dataSource":"raba-3000"},"geometry":{"type":"Polygon","coordinates":[[[14.574983009260553,45.889991397195985],[14.574736517819328,45.88988445951727],[14.574850909530307,45.89014313925516],[14.574983009260553,45.889991397195985]]]}},{"type":"Feature","properties":{"_zoneType":"SI_BUILT","name":"Pozidano zemljišče","authority":"MKGP","dataSource":"raba-3000"},"geometry":{"type":"Polygon","coordinates":[[[14.569427621364186,45.869569388743166],[14.569157446421928,45.86955480458282],[14.56888841383048,45.870391475738856],[14.569427621364186,45.869569388743166]]]}},{"type":"Feature","properties":{"_zoneType":"SI_BUILT","name":"Pozidano zemljišče","authority":"MKGP","dataSource":"raba-3000"},"geometry":{"type":"Polygon","coordinates":[[[14.568768841276084,45.897661611035225],[14.568958742044828,45.8978089032716],[14.569010792020462,45.89753502196164],[14.568768841276084,45.897661611035225]]]}},{"type":"Feature","properties":{"_zoneType":"SI_BUILT","name":"Pozidano zemljišče","authority":"MKGP","dataSource":"raba-3000"},"geometry":{"type":"Polygon","coordinates":[[[14.568770168569138,45.87296196570532],[14.568354315859317,45.87286008356204],[14.56871270918368,45.873161408148704],[14.568770168569138,45.87296196570532]]]}},{"type":"Feature","properties":{"_zoneType":"SI_BUILT","name":"Pozidano zemljišče","authority":"MKGP","dataSource":"raba-3000"},"geometry":{"type":"Polygon","coordinates":[[[14.565224447772513,45.892260317036786],[14.565037389204528,45.8921598549717],[14.565030754137721,45.89244648011481],[14.565224447772513,45.892260317036786]]]}},{"type":"Feature","properties":{"_zoneType":"SI_BUILT","name":"Pozidano zemljišče","authority":"MKGP","dataSource":"raba-3000"},"geometry":{"type":"Polygon","coordinates":[[[14.564322006930627,45.93872254384926],[14.56336315776158,45.936953605890054],[14.562608721934582,45.937785684802776],[14.56350696123478,45.93872918838922],[14.564322006930627,45.93872254384926]]]}},{"type":"Feature","properties":{"_zoneType":"SI_BUILT","name":"Pozidano zemljišče","authority":"MKGP","dataSource":"raba-3000"},"geometry":{"type":"Polygon","coordinates":[[[14.562051886780718,45.908598382970524],[14.560860833456276,45.908976559304556],[14.562007661773482,45.908730229727674],[14.562051886780718,45.908598382970524]]]}},{"type":"Feature","properties":{"_zoneType":"SI_BUILT","name":"Pozidano zemljišče","authority":"MKGP","dataSource":"raba-3000"},"geometry":{"type":"Polygon","coordinates":[[[14.561497590333843,45.91164668835395],[14.561798799308573,45.91176384529081],[14.5615609949004,45.91152062592389],[14.561497590333843,45.91164668835395]]]}},{"type":"Feature","properties":{"_zoneType":"SI_BUILT","name":"Pozidano zemljišče","authority":"MKGP","dataSource":"raba-3000"},"geometry":{"type":"Polygon","coordinates":[[[14.55905725349253,45.883416725652225],[14.559054733976865,45.88356085480553],[14.559369306727197,45.88341786782383],[14.55905725349253,45.883416725652225]]]}},{"type":"Feature","properties":{"_zoneType":"SI_BUILT","name":"Pozidano zemljišče","authority":"MKGP","dataSource":"raba-3000"},"geometry":{"type":"Polygon","coordinates":[[[14.55899516323361,45.918624771521685],[14.5587423635212,45.91858374497147],[14.558914224489685,45.919154077102114],[14.55899516323361,45.918624771521685]]]}},{"type":"Feature","properties":{"_zoneType":"SI_BUILT","name":"Pozidano zemljišče","authority":"MKGP","dataSource":"raba-3000"},"geometry":{"type":"Polygon","coordinates":[[[14.557210427912848,45.90233274329151],[14.55706348059401,45.902091937010724],[14.556895025731412,45.90240374478802],[14.557210427912848,45.90233274329151]]]}},{"type":"Feature","properties":{"_zoneType":"SI_BUILT","name":"Pozidano zemljišče","authority":"MKGP","dataSource":"raba-3000"},"geometry":{"type":"Polygon","coordinates":[[[14.551231900036925,45.99153184065988],[14.551326940776896,45.991383259196],[14.550942193580394,45.99145405982993],[14.551231900036925,45.99153184065988]]]}},{"type":"Feature","properties":{"_zoneType":"SI_BUILT","name":"Pozidano zemljišče","authority":"MKGP","dataSource":"raba-3000"},"geometry":{"type":"Polygon","coordinates":[[[14.554284566624137,45.919001001616],[14.554637203802177,45.91925290318352],[14.555613370214028,45.91939965844882],[14.554284566624137,45.919001001616]]]}},{"type":"Feature","properties":{"_zoneType":"SI_BUILT","name":"Pozidano zemljišče","authority":"MKGP","dataSource":"raba-3000"},"geometry":{"type":"Polygon","coordinates":[[[14.55537884064094,45.92113455841029],[14.554450839575214,45.92153900696513],[14.55432290453974,45.922951546651454],[14.55537884064094,45.92113455841029]]]}},{"type":"Feature","properties":{"_zoneType":"SI_BUILT","name":"Pozidano zemljišče","authority":"MKGP","dataSource":"raba-3000"},"geometry":{"type":"Polygon","coordinates":[[[14.552697098829398,45.90093364812654],[14.552960310754182,45.90103711792512],[14.552828432956266,45.900769758185646],[14.552697098829398,45.90093364812654]]]}},{"type":"Feature","properties":{"_zoneType":"SI_BUILT","name":"Pozidano zemljišče","authority":"MKGP","dataSource":"raba-3000"},"geometry":{"type":"Polygon","coordinates":[[[14.550626177099431,45.93429146492902],[14.548189759889244,45.93788945766979],[14.551729911428568,45.93821177300119],[14.54854560502356,45.93750249214277],[14.549497608529402,45.93649947414088],[14.551801806425516,45.93648862476096],[14.550097600167911,45.936153316758684],[14.551591853985293,45.93436239295321],[14.547564676155169,45.93073969549712],[14.550184039204357,45.92786404362474],[14.547199839255846,45.92977519958858],[14.547582960412203,45.93169086792438],[14.550626177099431,45.93429146492902]]]}},{"type":"Feature","properties":{"_zoneType":"SI_BUILT","name":"Pozidano zemljišče","authority":"MKGP","dataSource":"raba-3000"},"geometry":{"type":"Polygon","coordinates":[[[14.549410747268256,45.871647547440865],[14.549095458412975,45.87123392941806],[14.54917140205203,45.87172555615417],[14.549410747268256,45.871647547440865]]]}},{"type":"Feature","properties":{"_zoneType":"SI_BUILT","name":"Pozidano zemljišče","authority":"MKGP","dataSource":"raba-3000"},"geometry":{"type":"Polygon","coordinates":[[[14.548154662659686,45.868175442795966],[14.548364722793563,45.86717811984497],[14.547912761229094,45.867955349972505],[14.548154662659686,45.868175442795966]]]}},{"type":"Feature","properties":{"_zoneType":"SI_BUILT","name":"Pozidano zemljišče","authority":"MKGP","dataSource":"raba-3000"},"geometry":{"type":"Polygon","coordinates":[[[14.547706208821142,45.86578103051252],[14.547972942303023,45.86579222203569],[14.547822316736472,45.86520893452069],[14.547706208821142,45.86578103051252]]]}},{"type":"Feature","properties":{"_zoneType":"SI_BUILT","name":"Pozidano zemljišče","authority":"MKGP","dataSource":"raba-3000"},"geometry":{"type":"Polygon","coordinates":[[[14.547367871574048,45.89375848782628],[14.546876845128873,45.89232534503289],[14.547107805614965,45.89372956420481],[14.547367871574048,45.89375848782628]]]}},{"type":"Feature","properties":{"_zoneType":"SI_BUILT","name":"Pozidano zemljišče","authority":"MKGP","dataSource":"raba-3000"},"geometry":{"type":"Polygon","coordinates":[[[14.545832314005343,45.88446963433325],[14.54642487608124,45.884870313558714],[14.545988120533664,45.88431184018093],[14.545832314005343,45.88446963433325]]]}},{"type":"Feature","properties":{"_zoneType":"SI_BUILT","name":"Pozidano zemljišče","authority":"MKGP","dataSource":"raba-3000"},"geometry":{"type":"Polygon","coordinates":[[[14.545679738164951,45.882373372688356],[14.544975578737402,45.88210393466405],[14.544684028202155,45.88281110574074],[14.545679738164951,45.882373372688356]]]}},{"type":"Feature","properties":{"_zoneType":"SI_BUILT","name":"Pozidano zemljišče","authority":"MKGP","dataSource":"raba-3000"},"geometry":{"type":"Polygon","coordinates":[[[14.541998256176424,45.93182041608318],[14.541775543585345,45.93179460901019],[14.541100803654533,45.93245758043865],[14.541637017712114,45.933187311771746],[14.541998256176424,45.93182041608318]]]}},{"type":"Feature","properties":{"_zoneType":"SI_BUILT","name":"Pozidano zemljišče","authority":"MKGP","dataSource":"raba-3000"},"geometry":{"type":"Polygon","coordinates":[[[14.539968146270983,45.98617141197696],[14.539648724120893,45.98626724348583],[14.540179894325306,45.98646925416447],[14.539968146270983,45.98617141197696]]]}},{"type":"Feature","properties":{"_zoneType":"SI_BUILT","name":"Pozidano zemljišče","authority":"MKGP","dataSource":"raba-3000"},"geometry":{"type":"Polygon","coordinates":[[[14.540669528798288,45.8952942620026],[14.540337602160216,45.89819276389596],[14.539120828833399,45.89826448158324],[14.540694789935475,45.898787792123024],[14.540669528798288,45.8952942620026]]]}},{"type":"Feature","properties":{"_zoneType":"SI_BUILT","name":"Pozidano zemljišče","authority":"MKGP","dataSource":"raba-3000"},"geometry":{"type":"Polygon","coordinates":[[[14.539076917224984,45.92401462343419],[14.539377349467882,45.92421853026111],[14.539289460582852,45.923917146197475],[14.539076917224984,45.92401462343419]]]}},{"type":"Feature","properties":{"_zoneType":"SI_BUILT","name":"Pozidano zemljišče","authority":"MKGP","dataSource":"raba-3000"},"geometry":{"type":"Polygon","coordinates":[[[14.539508244605774,45.86087360226259],[14.539701311877034,45.86100675815148],[14.539704547536909,45.86074104410828],[14.539508244605774,45.86087360226259]]]}},{"type":"Feature","properties":{"_zoneType":"SI_BUILT","name":"Pozidano zemljišče","authority":"MKGP","dataSource":"raba-3000"},"geometry":{"type":"Polygon","coordinates":[[[14.538363549723314,45.902083271309046],[14.537429330287441,45.90141200013538],[14.536139442634582,45.9033993326376],[14.530462460439065,45.90504672046053],[14.535862014291169,45.90374516977232],[14.538363549723314,45.902083271309046]]]}},{"type":"Feature","properties":{"_zoneType":"SI_BUILT","name":"Pozidano zemljišče","authority":"MKGP","dataSource":"raba-3000"},"geometry":{"type":"Polygon","coordinates":[[[14.537469860319366,45.96124321707042],[14.537552165194741,45.96140381887086],[14.53778439031512,45.961156549906676],[14.537469860319366,45.96124321707042]]]}},{"type":"Feature","properties":{"_zoneType":"SI_BUILT","name":"Pozidano zemljišče","authority":"MKGP","dataSource":"raba-3000"},"geometry":{"type":"Polygon","coordinates":[[[14.53691429602473,45.91235223073881],[14.536219040043772,45.91211138457782],[14.533602233357252,45.912864045855365],[14.536584894381162,45.91277770265457],[14.53691429602473,45.91235223073881]]]}},{"type":"Feature","properties":{"_zoneType":"SI_BUILT","name":"Pozidano zemljišče","authority":"MKGP","dataSource":"raba-3000"},"geometry":{"type":"Polygon","coordinates":[[[14.535575608593637,45.889418338253],[14.535571791591053,45.88864138189226],[14.533839290844313,45.88805071783592],[14.53516997753629,45.889578757531616],[14.535575608593637,45.889418338253]]]}},{"type":"Feature","properties":{"_zoneType":"SI_BUILT","name":"Pozidano zemljišče","authority":"MKGP","dataSource":"raba-3000"},"geometry":{"type":"Polygon","coordinates":[[[14.532100186287513,45.97777583693511],[14.532380238150335,45.97789419491824],[14.532257739221032,45.97759130235359],[14.532100186287513,45.97777583693511]]]}},{"type":"Feature","properties":{"_zoneType":"SI_BUILT","name":"Pozidano zemljišče","authority":"MKGP","dataSource":"raba-3000"},"geometry":{"type":"Polygon","coordinates":[[[14.532979997421373,45.88731077395802],[14.532770430982202,45.886658765228965],[14.531958120261566,45.88696341967279],[14.532979997421373,45.88731077395802]]]}},{"type":"Feature","properties":{"_zoneType":"SI_BUILT","name":"Pozidano zemljišče","authority":"MKGP","dataSource":"raba-3000"},"geometry":{"type":"Polygon","coordinates":[[[14.531987862758754,45.928495913916464],[14.532231250637379,45.928616045663816],[14.532130757513757,45.92835990990756],[14.531987862758754,45.928495913916464]]]}},{"type":"Feature","properties":{"_zoneType":"SI_BUILT","name":"Pozidano zemljišče","authority":"MKGP","dataSource":"raba-3000"},"geometry":{"type":"Polygon","coordinates":[[[14.532241569659432,45.913044308456485],[14.532115742847843,45.91334624955321],[14.532459300672267,45.91312043048787],[14.532241569659432,45.913044308456485]]]}},{"type":"Feature","properties":{"_zoneType":"SI_BUILT","name":"Pozidano zemljišče","authority":"MKGP","dataSource":"raba-3000"},"geometry":{"type":"Polygon","coordinates":[[[14.528343502604848,45.9457488574991],[14.528084252023081,45.94556008030466],[14.528058164998967,45.945872400704665],[14.528343502604848,45.9457488574991]]]}},{"type":"Feature","properties":{"_zoneType":"SI_BUILT","name":"Pozidano zemljišče","authority":"MKGP","dataSource":"raba-3000"},"geometry":{"type":"Polygon","coordinates":[[[14.527180603915285,45.90413206915671],[14.526924400839187,45.9040492766248],[14.526446591518287,45.90478101647611],[14.527180603915285,45.90413206915671]]]}},{"type":"Feature","properties":{"_zoneType":"SI_BUILT","name":"Pozidano zemljišče","authority":"MKGP","dataSource":"raba-3000"},"geometry":{"type":"Polygon","coordinates":[[[14.524605953472728,45.91496557400881],[14.523326856485367,45.914120497623884],[14.523785436947053,45.91539502634574],[14.524605953472728,45.91496557400881]]]}},{"type":"Feature","properties":{"_zoneType":"SI_BUILT","name":"Pozidano zemljišče","authority":"MKGP","dataSource":"raba-3000"},"geometry":{"type":"Polygon","coordinates":[[[14.522810076011629,45.97132402162679],[14.52257045474365,45.97121667328779],[14.522668870375846,45.97147561398734],[14.522810076011629,45.97132402162679]]]}},{"type":"Feature","properties":{"_zoneType":"SI_BUILT","name":"Pozidano zemljišče","authority":"MKGP","dataSource":"raba-3000"},"geometry":{"type":"Polygon","coordinates":[[[14.52,45.898967684889286],[14.52,45.89867710929623],[14.51922750814662,45.89785832899902],[14.517944388292065,45.89941115928071],[14.518655626822914,45.89862961920763],[14.519806657439007,45.89907516628052],[14.52,45.898967684889286]]]}},{"type":"Feature","properties":{"_zoneType":"SI_BUILT","name":"Pozidano zemljišče","authority":"MKGP","dataSource":"raba-3000"},"geometry":{"type":"Polygon","coordinates":[[[14.520179830252832,45.898867715148214],[14.52,45.89867710929623],[14.52,45.898967684889286],[14.520179830252832,45.898867715148214]]]}},{"type":"Feature","properties":{"_zoneType":"SI_BUILT","name":"Pozidano zemljišče","authority":"MKGP","dataSource":"raba-3000"},"geometry":{"type":"Polygon","coordinates":[[[14.522027548004687,45.899817648941614],[14.521990329191093,45.89893080294246],[14.520879685711924,45.898820681915545],[14.521316489827528,45.899829699590924],[14.522027548004687,45.899817648941614]]]}},{"type":"Feature","properties":{"_zoneType":"SI_BUILT","name":"Pozidano zemljišče","authority":"MKGP","dataSource":"raba-3000"},"geometry":{"type":"Polygon","coordinates":[[[14.520789333327926,45.96953729231763],[14.521046266837006,45.96962079059629],[14.520907536445032,45.9693762790523],[14.520789333327926,45.96953729231763]]]}},{"type":"Feature","properties":{"_zoneType":"SI_BUILT","name":"Pozidano zemljišče","authority":"MKGP","dataSource":"raba-3000"},"geometry":{"type":"Polygon","coordinates":[[[14.519727801735534,45.90832934351648],[14.52,45.90841380038456],[14.52,45.908021154171294],[14.517077117303876,45.90908147463438],[14.519320504571406,45.90939361242205],[14.519727801735534,45.90832934351648]]]}},{"type":"Feature","properties":{"_zoneType":"SI_BUILT","name":"Pozidano zemljišče","authority":"MKGP","dataSource":"raba-3000"},"geometry":{"type":"Polygon","coordinates":[[[14.520999494362036,45.90872392052308],[14.521056283028019,45.90763797132551],[14.52,45.908021154171294],[14.52,45.90841380038456],[14.520999494362036,45.90872392052308]]]}},{"type":"Feature","properties":{"_zoneType":"SI_BUILT","name":"Pozidano zemljišče","authority":"MKGP","dataSource":"raba-3000"},"geometry":{"type":"Polygon","coordinates":[[[14.52,45.90561385901511],[14.52,45.90532200147502],[14.51837815056706,45.90396485378654],[14.518506246324367,45.90213603675374],[14.517735987530529,45.90342018277232],[14.519399281863059,45.90554479460207],[14.52,45.90561385901511]]]}},{"type":"Feature","properties":{"_zoneType":"SI_BUILT","name":"Pozidano zemljišče","authority":"MKGP","dataSource":"raba-3000"},"geometry":{"type":"Polygon","coordinates":[[[14.520404335378865,45.90566034535187],[14.52,45.90532200147502],[14.52,45.90561385901511],[14.520404335378865,45.90566034535187]]]}},{"type":"Feature","properties":{"_zoneType":"SI_BUILT","name":"Pozidano zemljišče","authority":"MKGP","dataSource":"raba-3000"},"geometry":{"type":"Polygon","coordinates":[[[14.519685212850144,45.90265791106569],[14.519611282397442,45.902439682292226],[14.519339135132705,45.90272138895101],[14.519685212850144,45.90265791106569]]]}},{"type":"Feature","properties":{"_zoneType":"SI_BUILT","name":"Pozidano zemljišče","authority":"MKGP","dataSource":"raba-3000"},"geometry":{"type":"Polygon","coordinates":[[[14.518865816443785,45.907602564212354],[14.518754332679624,45.906853389872055],[14.518542006153256,45.907568217312765],[14.518865816443785,45.907602564212354]]]}},{"type":"Feature","properties":{"_zoneType":"SI_BUILT","name":"Pozidano zemljišče","authority":"MKGP","dataSource":"raba-3000"},"geometry":{"type":"Polygon","coordinates":[[[14.519742589321766,45.906633286357426],[14.519475822216174,45.90651848861177],[14.519593468824393,45.90679391521119],[14.519742589321766,45.906633286357426]]]}},{"type":"Feature","properties":{"_zoneType":"SI_BUILT","name":"Pozidano zemljišče","authority":"MKGP","dataSource":"raba-3000"},"geometry":{"type":"Polygon","coordinates":[[[14.517093890629345,45.8910576843357],[14.516075824623632,45.890943329387504],[14.516967886318378,45.8911824877498],[14.517093890629345,45.8910576843357]]]}},{"type":"Feature","properties":{"_zoneType":"SI_BUILT","name":"Pozidano zemljišče","authority":"MKGP","dataSource":"raba-3000"},"geometry":{"type":"Polygon","coordinates":[[[14.511041125821333,45.961318320909925],[14.511250059121696,45.961447125145604],[14.511255308552029,45.961181018074534],[14.511041125821333,45.961318320909925]]]}},{"type":"Feature","properties":{"_zoneType":"SI_BUILT","name":"Pozidano zemljišče","authority":"MKGP","dataSource":"raba-3000"},"geometry":{"type":"Polygon","coordinates":[[[14.510617391088616,45.90649993363845],[14.510367820494492,45.906412444615604],[14.510156278100803,45.90683020199757],[14.510617391088616,45.90649993363845]]]}},{"type":"Feature","properties":{"_zoneType":"SI_BUILT","name":"Pozidano zemljišče","authority":"MKGP","dataSource":"raba-3000"},"geometry":{"type":"Polygon","coordinates":[[[14.509180177819713,45.958438979480256],[14.508904800352092,45.958329569300766],[14.508997843008647,45.95856400745913],[14.509180177819713,45.958438979480256]]]}},{"type":"Feature","properties":{"_zoneType":"SI_BUILT","name":"Pozidano zemljišče","authority":"MKGP","dataSource":"raba-3000"},"geometry":{"type":"Polygon","coordinates":[[[14.50862526000483,45.885260768054295],[14.507466919723539,45.88539230425068],[14.508526575831375,45.88539490812748],[14.50862526000483,45.885260768054295]]]}},{"type":"Feature","properties":{"_zoneType":"SI_BUILT","name":"Pozidano zemljišče","authority":"MKGP","dataSource":"raba-3000"},"geometry":{"type":"Polygon","coordinates":[[[14.506724656046575,45.997103997082355],[14.50638303140683,45.997024658120985],[14.506628410854725,45.997344879763965],[14.506724656046575,45.997103997082355]]]}},{"type":"Feature","properties":{"_zoneType":"SI_BUILT","name":"Pozidano zemljišče","authority":"MKGP","dataSource":"raba-3000"},"geometry":{"type":"Polygon","coordinates":[[[14.505030737277913,45.89640107212339],[14.504243036164844,45.896306209341724],[14.504932175356227,45.89668781799902],[14.505030737277913,45.89640107212339]]]}},{"type":"Feature","properties":{"_zoneType":"SI_BUILT","name":"Pozidano zemljišče","authority":"MKGP","dataSource":"raba-3000"},"geometry":{"type":"Polygon","coordinates":[[[14.50354039469713,45.927157730502785],[14.502503865191462,45.92776677280245],[14.503734381451896,45.92953733059727],[14.503628582265751,45.92520951982727],[14.50220433065033,45.92496126882426],[14.503148390292882,45.92539374368091],[14.50354039469713,45.927157730502785]]]}},{"type":"Feature","properties":{"_zoneType":"SI_BUILT","name":"Pozidano zemljišče","authority":"MKGP","dataSource":"raba-3000"},"geometry":{"type":"Polygon","coordinates":[[[14.501370550256203,45.999506960399245],[14.501564107932927,45.99962937455938],[14.501550735298284,45.99936077613077],[14.501370550256203,45.999506960399245]]]}},{"type":"Feature","properties":{"_zoneType":"SI_BUILT","name":"Pozidano zemljišče","authority":"MKGP","dataSource":"raba-3000"},"geometry":{"type":"Polygon","coordinates":[[[14.497750260654646,45.91992889640263],[14.495434122074002,45.918752208710416],[14.496065922099689,45.917985641661964],[14.495028544788672,45.91622409658185],[14.493847677883322,45.91688498237655],[14.49497132348411,45.918059783674565],[14.493681391590856,45.918768659961735],[14.492531802337481,45.918060831620664],[14.49087191287515,45.9192314336017],[14.494256930575816,45.919370931150596],[14.493359900125274,45.92],[14.497371375351078,45.92],[14.497750260654646,45.91992889640263]]]}},{"type":"Feature","properties":{"_zoneType":"SI_BUILT","name":"Pozidano zemljišče","authority":"MKGP","dataSource":"raba-3000"},"geometry":{"type":"Polygon","coordinates":[[[14.484352034376212,45.91976632506451],[14.484602922333288,45.92],[14.484867190747186,45.92],[14.484352034376212,45.91976632506451]]]}},{"type":"Feature","properties":{"_zoneType":"SI_BUILT","name":"Pozidano zemljišče","authority":"MKGP","dataSource":"raba-3000"},"geometry":{"type":"Polygon","coordinates":[[[14.491985758431852,45.92312616305027],[14.48898167038677,45.926323440518566],[14.48620972803892,45.92625476517969],[14.48505107269245,45.924358686317],[14.486332359330998,45.926542129278296],[14.489276988578993,45.9264959264249],[14.494954688077048,45.92205065268506],[14.496254168447479,45.92213400695612],[14.49670396527866,45.9231908049836],[14.497603211428004,45.92199420568375],[14.50004562340793,45.92222096632832],[14.501149526986843,45.92324898003638],[14.500630415659156,45.92211276948931],[14.498966372782423,45.92134652957568],[14.495506440597811,45.92165122560269],[14.49596204736792,45.920264481859114],[14.497371375351078,45.92],[14.493359900125274,45.92],[14.491454437095559,45.921336261701],[14.491582059114178,45.922218428702145],[14.487787938282334,45.92250608515424],[14.486725350576856,45.92084286131901],[14.484867190747186,45.92],[14.484602922333288,45.92],[14.487551226378791,45.922746025619084],[14.491985758431852,45.92312616305027]],[[14.494029406819879,45.92173419518073],[14.493708991014522,45.92245831853672],[14.4920390938136,45.92255950916705],[14.4928759386038,45.92142234411695],[14.494029406819879,45.92173419518073]]]}},{"type":"Feature","properties":{"_zoneType":"SI_BUILT","name":"Pozidano zemljišče","authority":"MKGP","dataSource":"raba-3000"},"geometry":{"type":"Polygon","coordinates":[[[14.49721124964561,45.91830016471393],[14.496950185997504,45.91815491131485],[14.496826195647307,45.91852103646406],[14.49721124964561,45.91830016471393]]]}},{"type":"Feature","properties":{"_zoneType":"SI_BUILT","name":"Pozidano zemljišče","authority":"MKGP","dataSource":"raba-3000"},"geometry":{"type":"Polygon","coordinates":[[[14.496377343553629,45.90861114449866],[14.49608346134659,45.908478119438136],[14.496219851317644,45.90878280911922],[14.496377343553629,45.90861114449866]]]}},{"type":"Feature","properties":{"_zoneType":"SI_BUILT","name":"Pozidano zemljišče","authority":"MKGP","dataSource":"raba-3000"},"geometry":{"type":"Polygon","coordinates":[[[14.494851729915244,45.90813848267311],[14.494679610186902,45.90791781394632],[14.494514373898992,45.90828525642967],[14.494851729915244,45.90813848267311]]]}},{"type":"Feature","properties":{"_zoneType":"SI_BUILT","name":"Pozidano zemljišče","authority":"MKGP","dataSource":"raba-3000"},"geometry":{"type":"Polygon","coordinates":[[[14.494392348883762,45.866403457058276],[14.494174157616035,45.86631285555771],[14.49355875306281,45.86688514723551],[14.494392348883762,45.866403457058276]]]}},{"type":"Feature","properties":{"_zoneType":"SI_BUILT","name":"Pozidano zemljišče","authority":"MKGP","dataSource":"raba-3000"},"geometry":{"type":"Polygon","coordinates":[[[14.486968795155887,45.866011046073695],[14.487137626917036,45.86847333873364],[14.485361096273373,45.869551462521365],[14.487247611489385,45.86936131808169],[14.48989393677215,45.87160786086657],[14.487363004500617,45.867434597991085],[14.48749116850414,45.866006427327186],[14.488694018396526,45.8649346390488],[14.489532122594,45.86694726140494],[14.490067366643252,45.863640355536575],[14.494297234435752,45.86289318592994],[14.491205548411552,45.862984684751254],[14.484883898705716,45.86474357180278],[14.48764787565067,45.86492953829231],[14.486968795155887,45.866011046073695]]]}},{"type":"Feature","properties":{"_zoneType":"SI_BUILT","name":"Pozidano zemljišče","authority":"MKGP","dataSource":"raba-3000"},"geometry":{"type":"Polygon","coordinates":[[[14.489669343197235,45.87241352066432],[14.489698239487575,45.87227258573046],[14.489084816686024,45.872220869385316],[14.489669343197235,45.87241352066432]]]}},{"type":"Feature","properties":{"_zoneType":"SI_BUILT","name":"Pozidano zemljišče","authority":"MKGP","dataSource":"raba-3000"},"geometry":{"type":"Polygon","coordinates":[[[14.49310542958374,45.86487161109148],[14.492854261383771,45.86489494455553],[14.492821788858175,45.865693351178194],[14.49310542958374,45.86487161109148]]]}},{"type":"Feature","properties":{"_zoneType":"SI_BUILT","name":"Pozidano zemljišče","authority":"MKGP","dataSource":"raba-3000"},"geometry":{"type":"Polygon","coordinates":[[[14.490705842186832,45.86720765030804],[14.490913988987606,45.86730205863989],[14.49097003422538,45.866914578776615],[14.490705842186832,45.86720765030804]]]}},{"type":"Feature","properties":{"_zoneType":"SI_BUILT","name":"Pozidano zemljišče","authority":"MKGP","dataSource":"raba-3000"},"geometry":{"type":"Polygon","coordinates":[[[14.489920936516775,45.87466910749723],[14.488891647003706,45.87485650945696],[14.488872871031726,45.87546537834767],[14.489920936516775,45.87466910749723]]]}},{"type":"Feature","properties":{"_zoneType":"SI_BUILT","name":"Pozidano zemljišče","authority":"MKGP","dataSource":"raba-3000"},"geometry":{"type":"Polygon","coordinates":[[[14.485017320807305,45.89455732867822],[14.486393310401885,45.89440492417744],[14.486387014739677,45.89517075452723],[14.487735064690312,45.897124518336454],[14.48630296793567,45.898415382540534],[14.486682300066112,45.89906390521292],[14.488058148463217,45.89733030728111],[14.48672197030939,45.8950760873184],[14.487044123621004,45.893630776797956],[14.484571414756186,45.893395031168765],[14.48534108630789,45.89368841264538],[14.485017320807305,45.89455732867822]]]}},{"type":"Feature","properties":{"_zoneType":"SI_BUILT","name":"Pozidano zemljišče","authority":"MKGP","dataSource":"raba-3000"},"geometry":{"type":"Polygon","coordinates":[[[14.484401591817402,45.91089552865708],[14.484400017420135,45.91106555453369],[14.484451857062949,45.91097427067178],[14.484401591817402,45.91089552865708]]]}},{"type":"Feature","properties":{"_zoneType":"SI_BUILT","name":"Pozidano zemljišče","authority":"MKGP","dataSource":"raba-3000"},"geometry":{"type":"Polygon","coordinates":[[[14.488779562221675,45.800000000000004],[14.488578247203296,45.800000000000004],[14.4888422056827,45.80052390567734],[14.488779562221675,45.800000000000004]]]}},{"type":"Feature","properties":{"_zoneType":"SI_BUILT","name":"Pozidano zemljišče","authority":"MKGP","dataSource":"raba-3000"},"geometry":{"type":"Polygon","coordinates":[[[14.515565632021946,45.80226121960838],[14.51227926601094,45.802295766351136],[14.512563402959643,45.804485956049824],[14.510794349038102,45.805787987072705],[14.507560651020759,45.804227346487345],[14.507379691245546,45.803128517223435],[14.508536315349701,45.80196422495243],[14.506518750784695,45.80014861848498],[14.50664947093056,45.800000000000004],[14.506322898985191,45.800000000000004],[14.506164359930528,45.80015032902644],[14.507988407741667,45.80183796220356],[14.507250830033314,45.80243331146018],[14.505462419201175,45.800000000000004],[14.504911604243826,45.800000000000004],[14.507301171571333,45.80481807925633],[14.505616094756533,45.8045179107267],[14.50170805118964,45.80090889654491],[14.497982142273035,45.801412477815695],[14.501616017612838,45.80115844503375],[14.504949269629634,45.80429301509189],[14.501899361658994,45.804745865753304],[14.500822574435498,45.805811318082895],[14.49702646507695,45.806128370952244],[14.491725740318264,45.81077657581076],[14.485312885340587,45.81222314792543],[14.485306928990447,45.81286976221807],[14.488473812258036,45.81195662685354],[14.491234990989879,45.812841043728895],[14.491188551104901,45.81351988687657],[14.485289975277645,45.814710115984774],[14.487263718759962,45.81674173168111],[14.486353024339719,45.815692186176136],[14.486966332442712,45.81495122770518],[14.491183292643177,45.81627027352953],[14.492253939577878,45.817368776418576],[14.491100645110784,45.818276490751565],[14.494255603841351,45.81782208829402],[14.494017576023934,45.82100862294009],[14.492448286838702,45.82147752056837],[14.494559661245766,45.821704184264995],[14.492099071888665,45.824569655343865],[14.489608483622007,45.82433496780993],[14.485227238826356,45.8215187033668],[14.485219889465316,45.822316145564685],[14.488776070884958,45.82439664972047],[14.496137170596777,45.825914845905956],[14.497735914745359,45.82791730260218],[14.49696404852657,45.82896206249474],[14.495683870622983,45.82874700469077],[14.496167691155598,45.82717760044908],[14.49462152401642,45.82675255871951],[14.495255759168042,45.82924072394421],[14.491872869496419,45.83076499548571],[14.49010113931424,45.8303493299132],[14.487551998547664,45.830847311259426],[14.487695197412764,45.832052311861325],[14.485113373197194,45.83386991152022],[14.487762798263843,45.83240522980442],[14.4893911408934,45.830664593180984],[14.490256139648238,45.830892804781186],[14.48941114096381,45.832309642416995],[14.491854353909929,45.832549468217465],[14.494930616716053,45.82963324905345],[14.49953828924596,45.82825549565409],[14.501117903938557,45.82893620086701],[14.499580241850012,45.83122537988688],[14.500785249575099,45.83340936118056],[14.50413015600558,45.83505281288688],[14.50287889197343,45.83739396444493],[14.504566369665053,45.83505883106781],[14.506243569302391,45.83512169910066],[14.507183449873281,45.834070870080744],[14.505101174977662,45.8346121853754],[14.503543784252424,45.83298953454088],[14.501299877801147,45.833439673393855],[14.499927820632648,45.831222549603886],[14.503114506990567,45.828305787776415],[14.50460437895901,45.82875145962398],[14.505449744592362,45.83024028686279],[14.507523680572753,45.83021138046827],[14.50630228665202,45.82830392854749],[14.505603722051912,45.82958086406565],[14.503606649717904,45.82770620073026],[14.507066445263678,45.82523181166989],[14.506411654659436,45.82119072688979],[14.508953037666885,45.816694632852546],[14.510472576874081,45.81495431631705],[14.513806674881,45.81404415965038],[14.511242451500621,45.814281795990254],[14.5131977338108,45.810589184150984],[14.512011198822247,45.806634298421145],[14.51335596998653,45.80665200921309],[14.51739011183836,45.81219751051339],[14.51849759217751,45.81276242546265],[14.515342851473555,45.81379788729428],[14.52,45.813832810288496],[14.52,45.81257723154628],[14.519622193941151,45.81283654745854],[14.51769536947303,45.81207028747456],[14.51768667758878,45.81067721196052],[14.514173472014289,45.80720341530945],[14.515146192427657,45.80621064198043],[14.519244764004554,45.80717879452253],[14.52,45.80713960709644],[14.52,45.80683983622653],[14.51953117982101,45.806962005132604],[14.513746736941282,45.80479766464537],[14.513424301660113,45.8027279822979],[14.515899938860846,45.80259401992087],[14.517766871608625,45.80123452682295],[14.519467601103168,45.80413274391581],[14.52,45.80435098211096],[14.52,45.80393191170954],[14.51969863001324,45.803921814918866],[14.51805652437109,45.800000000000004],[14.516618879367385,45.800000000000004],[14.517655185960948,45.800742602415205],[14.515565632021946,45.80226121960838]],[[14.490814733507907,45.813789056194764],[14.49668735437304,45.81415327378214],[14.4989732228428,45.8179526948065],[14.4973111343155,45.81945434921761],[14.501815168482546,45.82176893282658],[14.499735849133337,45.81987639072184],[14.499305662420912,45.817823743277465],[14.497083112823647,45.81399454498982],[14.501916041383966,45.814008601166094],[14.492741630863387,45.813564234551635],[14.491399902421838,45.812290344832235],[14.500456721106067,45.81105642436649],[14.50249768815849,45.80957895127854],[14.502934297929631,45.81016954788777],[14.5020361151397,45.81053589225745],[14.503329985129715,45.81127265135684],[14.504387913825001,45.808894361805365],[14.506197761313642,45.80786636459528],[14.507242998932462,45.80858451317356],[14.505696070363374,45.806699264791874],[14.507515479190692,45.80574591625349],[14.507810925878623,45.80685325518455],[14.51089207568522,45.80664770156473],[14.510818551546393,45.80794593209382],[14.512691060005498,45.808962029716255],[14.512812315917333,45.81057950248246],[14.510547788457124,45.81457088140373],[14.507939859405187,45.814478820560964],[14.507546330037743,45.81327246121218],[14.505963953211486,45.81358187008554],[14.50962988818444,45.815518780025776],[14.50498203292368,45.822048265059934],[14.50520392015526,45.82419618234858],[14.50625141956154,45.82515771245375],[14.502386074899794,45.827927244830015],[14.499363047869904,45.82798007580933],[14.49623920403063,45.825428483556784],[14.49290408285531,45.82465152028939],[14.494852505557361,45.82218802951692],[14.494126587273357,45.819573164925615],[14.495720409248264,45.81779365271224],[14.494645575938872,45.8170339432228],[14.495167878946042,45.815645616743964],[14.492996965486801,45.81729484770901],[14.488533338441506,45.81456849204461],[14.490814733507907,45.813789056194764]],[[14.500883704967576,45.806068558285794],[14.503177626429983,45.8046490343369],[14.507163989152557,45.80535876856612],[14.502892093476227,45.808259216769876],[14.49900005084974,45.807432334418145],[14.501688737920189,45.80820936283908],[14.501744238810877,45.80961810296482],[14.49813022009271,45.810704944488485],[14.49664573456099,45.80960635158025],[14.495469934831736,45.81017830895128],[14.495643111058786,45.8111707443948],[14.491346539048976,45.81177345760101],[14.497315695362573,45.80630143434969],[14.500883704967576,45.806068558285794]],[[14.505017505453068,45.807390617331606],[14.505709588622544,45.8073190220759],[14.505077842447392,45.807765161020875],[14.505017505453068,45.807390617331606]]]}},{"type":"Feature","properties":{"_zoneType":"SI_BUILT","name":"Pozidano zemljišče","authority":"MKGP","dataSource":"raba-3000"},"geometry":{"type":"Polygon","coordinates":[[[14.52234455922217,45.81385039165351],[14.522706099879263,45.81321512495985],[14.521024625865454,45.8124402748671],[14.521561435249978,45.81150550440799],[14.52,45.81257723154628],[14.52,45.813832810288496],[14.52234455922217,45.81385039165351]]]}},{"type":"Feature","properties":{"_zoneType":"SI_BUILT","name":"Pozidano zemljišče","authority":"MKGP","dataSource":"raba-3000"},"geometry":{"type":"Polygon","coordinates":[[[14.524485852256966,45.80690684673435],[14.521580090638366,45.806145886138616],[14.522953932158012,45.80403087722028],[14.52,45.80393191170954],[14.52,45.80435098211096],[14.521573310329975,45.80499590532337],[14.521212806243627,45.80652379349051],[14.52,45.80683983622653],[14.52,45.80713960709644],[14.524485852256966,45.80690684673435]]]}},{"type":"Feature","properties":{"_zoneType":"SI_BUILT","name":"Pozidano zemljišče","authority":"MKGP","dataSource":"raba-3000"},"geometry":{"type":"Polygon","coordinates":[[[14.526532144808533,45.800000000000004],[14.525308300981925,45.800000000000004],[14.524546871297346,45.80069598236811],[14.526532144808533,45.800000000000004]]]}},{"type":"Feature","properties":{"_zoneType":"SI_BUILT","name":"Pozidano zemljišče","authority":"MKGP","dataSource":"raba-3000"},"geometry":{"type":"Polygon","coordinates":[[[14.5311809700844,45.80225148386924],[14.529787948274649,45.80396778296876],[14.530811580140504,45.80673280567925],[14.527749351600242,45.80670016946791],[14.53102432766134,45.80697188346112],[14.531441571427436,45.805779583652765],[14.53042893786332,45.80361842058548],[14.532672584612373,45.80210661104911],[14.53258012756264,45.802816237319696],[14.534311997224197,45.80291236690843],[14.53694296365511,45.8057386500162],[14.53907001720672,45.805250339045465],[14.540778076744008,45.80594821957599],[14.542966205379814,45.80852611135105],[14.548580887341815,45.811534830193494],[14.543258580405636,45.814259915335356],[14.536711725755897,45.81437995071095],[14.543177673538867,45.81460546087795],[14.546702545150731,45.813435821410714],[14.548920152975551,45.81129589698115],[14.54315499604112,45.80830220684739],[14.541522405332566,45.80599395881313],[14.539309514371842,45.80468245524957],[14.537122582069667,45.80546700511118],[14.533567874329746,45.801660653355526],[14.5339685012054,45.800342043938294],[14.531504017705775,45.80192247330563],[14.527236198436785,45.800000000000004],[14.526564676328897,45.800000000000004],[14.529644362402955,45.80243712531289],[14.5311809700844,45.80225148386924]]]}},{"type":"Feature","properties":{"_zoneType":"SI_BUILT","name":"Pozidano zemljišče","authority":"MKGP","dataSource":"raba-3000"},"geometry":{"type":"Polygon","coordinates":[[[14.5435099644694,45.80138970792692],[14.547033982895572,45.801604414817106],[14.548252012730945,45.800685924817024],[14.548677585900403,45.801661105360566],[14.550741488244057,45.802203426040435],[14.550709612243681,45.80369892956619],[14.551463847725202,45.80214966793936],[14.555220659772862,45.80193732753514],[14.557377645523735,45.80558815868793],[14.556748334586587,45.80767501862443],[14.558192713183484,45.80824355901294],[14.56,45.80813083709794],[14.56,45.807817964727384],[14.557672499553961,45.80785048431514],[14.557153078255004,45.80231901281306],[14.551797578209356,45.80088214681742],[14.552800374052897,45.800000000000004],[14.552396583020752,45.800000000000004],[14.550620103302464,45.80161442026548],[14.548857593103618,45.800581007470036],[14.549289517763926,45.800000000000004],[14.54670389985506,45.800000000000004],[14.547384172419646,45.800683755103215],[14.5435099644694,45.80138970792692]]]}},{"type":"Feature","properties":{"_zoneType":"SI_BUILT","name":"Pozidano zemljišče","authority":"MKGP","dataSource":"raba-3000"},"geometry":{"type":"Polygon","coordinates":[[[14.559175215004414,45.81421984827375],[14.553539474853872,45.813240265974436],[14.55034724172187,45.8135748069118],[14.556021662554226,45.81369786983043],[14.56,45.81491911451199],[14.56,45.81305046860047],[14.559175215004414,45.81421984827375]]]}},{"type":"Feature","properties":{"_zoneType":"SI_BUILT","name":"Pozidano zemljišče","authority":"MKGP","dataSource":"raba-3000"},"geometry":{"type":"Polygon","coordinates":[[[14.558937652637896,45.819834699849345],[14.553711795141643,45.816355491344645],[14.55228347810477,45.81862169813603],[14.547442995105593,45.82049415561364],[14.544388491084582,45.81988499057266],[14.54356784081216,45.81863536547821],[14.542006289261492,45.81798114333067],[14.538167164929368,45.81787822026614],[14.543242176482094,45.81872418295726],[14.544323569051183,45.82155035172251],[14.54198146162296,45.82275782950293],[14.542434940731901,45.82402898755919],[14.540639519295391,45.82581986228186],[14.540076353339423,45.82950188065741],[14.538694955362327,45.82935840097916],[14.537190517815317,45.8261064508378],[14.535586960817358,45.82604072453001],[14.537059075725583,45.8264118775221],[14.538196963077386,45.82903043790793],[14.535711388744675,45.83053004725335],[14.532320147354891,45.82988998324437],[14.535276239107072,45.8309106457152],[14.537957116945659,45.82989338394475],[14.538328236835255,45.8304588270464],[14.53661301825531,45.83140369004929],[14.538301964513504,45.8314808553267],[14.534671764551781,45.835360564764244],[14.530418141572616,45.836173404538954],[14.531989488583909,45.83736591971846],[14.534351925098981,45.83567905579794],[14.53759482712756,45.836608652650526],[14.539092321776172,45.83904230715459],[14.541568166451071,45.8387748249046],[14.541877778030441,45.84],[14.54460643379241,45.84],[14.546292574426117,45.839766100804646],[14.543375653359464,45.83890079755762],[14.543689444188042,45.838113328013506],[14.544715130278272,45.838577201706464],[14.549422525845097,45.83856732487129],[14.551047593846894,45.84],[14.551642242385295,45.84],[14.54902958637744,45.83811204051531],[14.544805538622626,45.83830651821746],[14.541442502492565,45.83641658377877],[14.54278764994247,45.83882398660885],[14.541144219010063,45.83832198723098],[14.539496486879647,45.83889975635787],[14.538303754497466,45.83655230348096],[14.535641657023136,45.835184001795994],[14.538787083321884,45.83137969299085],[14.540108448229986,45.8310053351311],[14.541742793444195,45.82749779273844],[14.543648015989364,45.829488095975755],[14.547167671435416,45.831326878188484],[14.549392754070281,45.83157026437836],[14.549686983280305,45.832334845546676],[14.551643694634716,45.83173141695648],[14.552050747249703,45.83072567160432],[14.550480888968485,45.82986563114033],[14.549979928009858,45.831315423617724],[14.547959460376296,45.83127287721181],[14.543855057176978,45.82928795774705],[14.542786792731707,45.82701704877559],[14.541204374392704,45.8263064048674],[14.543207929435969,45.82417886243718],[14.546201130210992,45.82823253011546],[14.547110751639371,45.82830043275706],[14.547772531023844,45.82767530433439],[14.546321494474089,45.827512638236655],[14.546641919540246,45.82536979372123],[14.549580739133928,45.824856176177995],[14.544522799076198,45.82515923871371],[14.543441829333267,45.82349642289257],[14.54704147069573,45.820846189355215],[14.552171057545738,45.819004706740884],[14.553433935766725,45.81785181592294],[14.556861749207389,45.81870631581669],[14.56,45.821491699896946],[14.56,45.82052080501904],[14.559499161349775,45.81963787956959],[14.56,45.81925809933062],[14.56,45.81858904837302],[14.558937652637896,45.819834699849345]],[[14.545877113924291,45.82129043585311],[14.544813621244327,45.821693303973255],[14.544664965051432,45.820460311755944],[14.545470296878182,45.82026346090046],[14.545877113924291,45.82129043585311]],[[14.542248582793972,45.83953056598529],[14.542926916411622,45.83948155033164],[14.542290262631235,45.83999643804874],[14.542248582793972,45.83953056598529]]]}},{"type":"Feature","properties":{"_zoneType":"SI_BUILT","name":"Pozidano zemljišče","authority":"MKGP","dataSource":"raba-3000"},"geometry":{"type":"Polygon","coordinates":[[[14.556394441258924,45.80050754143434],[14.556871720846951,45.800000000000004],[14.554728756562357,45.800000000000004],[14.55464819532296,45.800336303987564],[14.556394441258924,45.80050754143434]]]}},{"type":"Feature","properties":{"_zoneType":"SI_BUILT","name":"Pozidano zemljišče","authority":"MKGP","dataSource":"raba-3000"},"geometry":{"type":"Polygon","coordinates":[[[14.541970192325492,45.840365695924504],[14.54460643379241,45.84],[14.541877778030441,45.84],[14.541970192325492,45.840365695924504]]]}},{"type":"Feature","properties":{"_zoneType":"SI_BUILT","name":"Pozidano zemljišče","authority":"MKGP","dataSource":"raba-3000"},"geometry":{"type":"Polygon","coordinates":[[[14.553169371888188,45.84187057933887],[14.553051815992557,45.84265979902716],[14.557133354649174,45.844330924139626],[14.557679011050418,45.84526632065398],[14.556383919702734,45.845683632333],[14.558893844736138,45.8457406265914],[14.56,45.846384611060394],[14.56,45.84598090876109],[14.559955213629882,45.84600712564532],[14.551642242385295,45.84],[14.551047593846894,45.84],[14.553169371888188,45.84187057933887]]]}},{"type":"Feature","properties":{"_zoneType":"SI_BUILT","name":"Pozidano zemljišče","authority":"MKGP","dataSource":"raba-3000"},"geometry":{"type":"Polygon","coordinates":[[[14.555291236132582,45.849883759821154],[14.55459342657465,45.8488413850197],[14.552268760735494,45.849364492364955],[14.548663083238253,45.84862883707956],[14.546410373871653,45.84943771527245],[14.546286058516214,45.84806722187697],[14.543985774749485,45.84801795266811],[14.544224598557172,45.84605640310023],[14.54291016004844,45.844955037688806],[14.543763489492514,45.84642020527989],[14.542410756985143,45.84836022481719],[14.544584625724617,45.84965727222846],[14.543325924822716,45.85092593743883],[14.541729048980288,45.85077683522682],[14.544260192772589,45.851935151782186],[14.54433546907042,45.853418022886295],[14.541019967216355,45.85214374886992],[14.537680967258593,45.8526726568219],[14.536216127211476,45.85305573891939],[14.535328952383116,45.85531488402723],[14.538293989087096,45.854949790381376],[14.53666302579277,45.85436344871587],[14.537522097340577,45.852984273022436],[14.540803027315176,45.85305904851225],[14.539691707395555,45.85442203831306],[14.544608433287175,45.85404019612548],[14.54516926639928,45.85245798447996],[14.55510399379323,45.85260448849885],[14.555974907005176,45.85147967518862],[14.554598506071235,45.851115393306294],[14.55491663990916,45.8502587485431],[14.56,45.851126396325235],[14.56,45.85083571987251],[14.555291236132582,45.849883759821154]],[[14.5539327367965,45.851466731851914],[14.553421835246818,45.85234644245008],[14.551874005261274,45.85223653741915],[14.552758970968572,45.85085661638699],[14.5539327367965,45.851466731851914]],[[14.545266419245996,45.84974995733045],[14.55094843176124,45.84964296779196],[14.552453915469242,45.8505785027674],[14.54845823206362,45.85228578202797],[14.544437195369028,45.851466685993955],[14.54413673080706,45.8506099579905],[14.545266419245996,45.84974995733045]]]}},{"type":"Feature","properties":{"_zoneType":"SI_BUILT","name":"Pozidano zemljišče","authority":"MKGP","dataSource":"raba-3000"},"geometry":{"type":"Polygon","coordinates":[[[14.560968298544093,45.80807044354824],[14.560688336211653,45.81207454593142],[14.56,45.81305046860047],[14.56,45.81491911451199],[14.561105796803952,45.815258564969405],[14.560741449717133,45.81610159891155],[14.561690553495238,45.81660679611517],[14.56,45.81858904837302],[14.56,45.81925809933062],[14.56221706163973,45.81757692676342],[14.563497738975817,45.81495389635926],[14.562173578624508,45.815541021771296],[14.560252550021216,45.814391688954224],[14.561891515181063,45.80779153667921],[14.56,45.807817964727384],[14.56,45.80813083709794],[14.560968298544093,45.80807044354824]]]}},{"type":"Feature","properties":{"_zoneType":"SI_BUILT","name":"Pozidano zemljišče","authority":"MKGP","dataSource":"raba-3000"},"geometry":{"type":"Polygon","coordinates":[[[14.595401451655215,45.83794756485915],[14.598668851403708,45.83966257056903],[14.59936756524993,45.83872933171739],[14.598156499595607,45.83734594803747],[14.59923668671844,45.836844247429966],[14.6,45.836853272591505],[14.6,45.83652907674091],[14.59823658665301,45.83660076366021],[14.597319988665635,45.835544905745266],[14.597354685187165,45.83816212568278],[14.594735117343783,45.8357800942562],[14.597683889975572,45.831774890235586],[14.6,45.83266828538153],[14.6,45.83195911777611],[14.599964100661136,45.83192380392683],[14.6,45.83187954941847],[14.6,45.83024849481261],[14.599715776105837,45.83024991058729],[14.599493776086163,45.82893215703136],[14.59967096713339,45.83168619373027],[14.596512465538495,45.831775301798764],[14.594229397833182,45.828143407277565],[14.598339842373761,45.82594381754099],[14.6,45.82667139343298],[14.6,45.8257327552521],[14.598515475808796,45.8244781931435],[14.6,45.823914737473096],[14.6,45.822186250995586],[14.598396055756174,45.82291324741276],[14.597921688516147,45.825454971901074],[14.596740176049439,45.82636740923094],[14.593308575218954,45.82789478388123],[14.592267675621338,45.82631277572647],[14.592478648502153,45.827868015824606],[14.591334647226667,45.8281854563798],[14.590288308685839,45.82645837667266],[14.591731457786162,45.825663851429034],[14.589980278110465,45.8258948109099],[14.590763901196356,45.828461011788114],[14.589879509450226,45.829350136197675],[14.588875576736895,45.82734680038009],[14.586886224092527,45.826331857271086],[14.58581959582276,45.82914645150734],[14.584073370850021,45.829182353746646],[14.583500361780503,45.826934583510365],[14.582857900759821,45.82658742944706],[14.577730088152872,45.82658769609206],[14.574233644585382,45.82802024873672],[14.572925328218796,45.82720766608522],[14.572769265538923,45.825931372318614],[14.577356371611117,45.82112350113289],[14.57878122882607,45.821170383137606],[14.57765471515148,45.82008315917863],[14.579138666787033,45.818663632828915],[14.58053956618326,45.81894913179251],[14.579698090598388,45.81732758217892],[14.584174134906986,45.81444321737176],[14.584680718058445,45.81282653437723],[14.587656884537694,45.81311620898428],[14.587432473170532,45.81238241056601],[14.584792565533993,45.812459742267926],[14.583087492527126,45.814977103521926],[14.578788543992939,45.816639968352675],[14.578283396336241,45.819136900175295],[14.576997470788491,45.81835174107636],[14.576082590117155,45.818871404968334],[14.57725953557833,45.820796578607904],[14.571725659319313,45.82646999099337],[14.566742655495364,45.82294987437156],[14.564981833568405,45.82251817470183],[14.567401751494838,45.82106945496605],[14.56523038775416,45.8215074591165],[14.563296569627123,45.823335980218346],[14.560897955255918,45.82210380494836],[14.56,45.82052080501904],[14.56,45.821491699896946],[14.562226236562996,45.823467617148694],[14.564318888194707,45.8239338268679],[14.566566943574687,45.82317833979522],[14.573992224225508,45.82837169014024],[14.57404977156333,45.829442665068164],[14.57572508823344,45.82925115871253],[14.57570705542495,45.83229854140492],[14.576672727233921,45.82859269781583],[14.575121011228912,45.82772241932428],[14.577255125102155,45.827914455488056],[14.577863248311871,45.82686416446568],[14.583044112396458,45.82696064265502],[14.584287411611442,45.831062619541115],[14.584430504713824,45.829702551553495],[14.58643176483479,45.829098071897505],[14.586595629382481,45.827430232871485],[14.588293219109639,45.827324216158345],[14.591054484425593,45.83118435679021],[14.589092433052528,45.83217827510453],[14.587675453158205,45.83508712833492],[14.585073480510305,45.83346208400313],[14.586945932709659,45.83542620365904],[14.583494745827327,45.83626693802352],[14.58261626378944,45.83741380955932],[14.581556880095695,45.836940939090475],[14.582753307586676,45.83828731811214],[14.582095033432386,45.839089676227616],[14.580240023206228,45.8395682676213],[14.578549627886824,45.83881138603185],[14.57957449390073,45.839705809692965],[14.579081670000708,45.84],[14.580201941362269,45.84],[14.58230816268904,45.839302768945075],[14.584082069621434,45.837637526524965],[14.586235683015413,45.83791124846863],[14.585231645233444,45.83660250166583],[14.587606700172557,45.835762943650764],[14.588614077942806,45.83398526566295],[14.592151086648718,45.833009890101735],[14.59444981235588,45.83490503091709],[14.593808692216477,45.836174177550674],[14.594809293088455,45.8368855232684],[14.595510934398435,45.84],[14.595862793600572,45.84],[14.595401451655215,45.83794756485915]],[[14.593404097926053,45.82871145264879],[14.595990200814633,45.83179665007782],[14.59448112202286,45.83443288196799],[14.590988912236973,45.832024408427046],[14.592157663388564,45.829041052070046],[14.593404097926053,45.82871145264879]]]}},{"type":"Feature","properties":{"_zoneType":"SI_BUILT","name":"Pozidano zemljišče","authority":"MKGP","dataSource":"raba-3000"},"geometry":{"type":"Polygon","coordinates":[[[14.572572448187877,45.83956571246395],[14.572703111780811,45.84],[14.574174002118575,45.84],[14.572572448187877,45.83956571246395]]]}},{"type":"Feature","properties":{"_zoneType":"SI_BUILT","name":"Pozidano zemljišče","authority":"MKGP","dataSource":"raba-3000"},"geometry":{"type":"Polygon","coordinates":[[[14.598651808567972,45.800229290085575],[14.598154028134354,45.800000000000004],[14.596890544299264,45.800000000000004],[14.598061258634921,45.80040511635753],[14.597376251950513,45.80183254992684],[14.599704278318619,45.802746972312825],[14.6,45.80337455772991],[14.6,45.80260066327851],[14.598053215759569,45.80167557818429],[14.598651808567972,45.800229290085575]]]}},{"type":"Feature","properties":{"_zoneType":"SI_BUILT","name":"Pozidano zemljišče","authority":"MKGP","dataSource":"raba-3000"},"geometry":{"type":"Polygon","coordinates":[[[14.563532827865888,45.804156502560296],[14.57069041297546,45.80510898697876],[14.571162277903756,45.806549175491604],[14.57184948856647,45.804724347636665],[14.573688108448543,45.804469094032164],[14.571862679500587,45.80819779731068],[14.571880303728527,45.81011712031534],[14.573450360149016,45.81227623702309],[14.572216323949583,45.8082621425504],[14.575115406852836,45.80444740687593],[14.582677432510122,45.80523315784617],[14.590216693418556,45.80446917060049],[14.590685873624285,45.8049589641558],[14.587589763207276,45.80671319121445],[14.592655096905341,45.804731303324196],[14.6,45.806284146746755],[14.6,45.805667940032606],[14.59457380972679,45.80443431913772],[14.59617182032334,45.80380556008852],[14.594575554686998,45.8028375036586],[14.595801783106923,45.80204113572752],[14.593983395121434,45.80197411130268],[14.593081071748447,45.80074158502243],[14.59363643481922,45.800000000000004],[14.592464428997088,45.800000000000004],[14.59231634338092,45.80005966141816],[14.593902283046882,45.80448214133737],[14.590838840961668,45.803472448779324],[14.59028808771861,45.80420411666709],[14.581858179314818,45.80494874176271],[14.57559531642826,45.804262020848675],[14.574569679462304,45.802725301824594],[14.576806645331843,45.801847218468986],[14.576624812579551,45.800000000000004],[14.576380193703441,45.800000000000004],[14.576347076344678,45.80142940350325],[14.573837652657387,45.80325175195393],[14.56876038658505,45.800000000000004],[14.567643565688638,45.800000000000004],[14.570160628111122,45.801122926192726],[14.573385094339498,45.803807252106914],[14.571956963881128,45.80313725644536],[14.570607697391223,45.803916102228065],[14.565293153317365,45.80397255902872],[14.567485719011918,45.80207112874133],[14.562076507349083,45.800000000000004],[14.561161679782906,45.800000000000004],[14.566714474341081,45.80223965608385],[14.563532827865888,45.804156502560296]]]}},{"type":"Feature","properties":{"_zoneType":"SI_BUILT","name":"Pozidano zemljišče","authority":"MKGP","dataSource":"raba-3000"},"geometry":{"type":"Polygon","coordinates":[[[14.6,45.807705332644375],[14.6,45.80770419569503],[14.599993750287439,45.80770275420491],[14.6,45.807705332644375]]]}},{"type":"Feature","properties":{"_zoneType":"SI_BUILT","name":"Pozidano zemljišče","authority":"MKGP","dataSource":"raba-3000"},"geometry":{"type":"Polygon","coordinates":[[[14.597669538500494,45.8101253633902],[14.6,45.810359449221615],[14.6,45.80940658835601],[14.599439917517026,45.809333953615436],[14.597669538500494,45.8101253633902]]]}},{"type":"Feature","properties":{"_zoneType":"SI_BUILT","name":"Pozidano zemljišče","authority":"MKGP","dataSource":"raba-3000"},"geometry":{"type":"Polygon","coordinates":[[[14.597008553059606,45.81479193448668],[14.6,45.814079758993834],[14.6,45.81256931789643],[14.59935639833507,45.81342305864314],[14.597008553059606,45.81479193448668]]]}},{"type":"Feature","properties":{"_zoneType":"SI_BUILT","name":"Pozidano zemljišče","authority":"MKGP","dataSource":"raba-3000"},"geometry":{"type":"Polygon","coordinates":[[[14.599575997412538,45.81879433657984],[14.594749785565975,45.820919753363626],[14.599782680886163,45.819375463844715],[14.6,45.81946924951972],[14.6,45.8177886678471],[14.59959999538327,45.81623896927445],[14.599575997412538,45.81879433657984]]]}},{"type":"Feature","properties":{"_zoneType":"SI_BUILT","name":"Pozidano zemljišče","authority":"MKGP","dataSource":"raba-3000"},"geometry":{"type":"Polygon","coordinates":[[[14.563342009091075,45.84833027096927],[14.568626542927442,45.848091849869924],[14.569400549138177,45.849093614795095],[14.560348716769587,45.85090621914646],[14.56,45.85083571987251],[14.56,45.851126396325235],[14.560274761528486,45.85117329369755],[14.565588507454745,45.850080946133104],[14.569307740663518,45.85105090544403],[14.570316946985923,45.85017440998056],[14.569206216194852,45.84958980316036],[14.571269501647535,45.84861452808364],[14.572407034275539,45.849218603578194],[14.571529162346982,45.85167487291755],[14.57041591471624,45.85163363414239],[14.570970034561896,45.852325613093754],[14.567066725155541,45.8513957965586],[14.568053953403165,45.85299507243023],[14.569705306988878,45.85273212703281],[14.569538931854924,45.85377556344183],[14.56563161220298,45.85343959345668],[14.561736430540865,45.855843313874544],[14.56088118024238,45.85893327889901],[14.56305942978189,45.85901272183087],[14.562159917403093,45.85805199870534],[14.565083919423527,45.85580493233005],[14.562108664695655,45.85605058739268],[14.566008354432027,45.85372390226961],[14.570158215577889,45.854361674480785],[14.569074459741906,45.85585985670149],[14.570708634642237,45.85536546971672],[14.5717219708219,45.8572609752165],[14.57498819043151,45.85905771288797],[14.571259823036655,45.855679210224764],[14.5721802576317,45.854717714336935],[14.576391603531714,45.85429474153091],[14.576963778460177,45.853031802244686],[14.574595621915371,45.853984439230445],[14.571989549202906,45.85185801660162],[14.57286204430853,45.849170393243426],[14.572476592245499,45.84813092186236],[14.573582558574095,45.846483701820596],[14.577080061317133,45.844791778288304],[14.577825246121225,45.84538112985249],[14.577528553113064,45.84692682290005],[14.578693921376402,45.84709400545314],[14.577563005327551,45.84800047568693],[14.57809108520208,45.84865883008248],[14.579453291620023,45.84763262335065],[14.580633311758932,45.84841884002901],[14.57946941023388,45.84644293379217],[14.58086922304247,45.844947638473435],[14.58011685357634,45.84451715046721],[14.57981319123124,45.84552691038553],[14.578696321091972,45.84551156799192],[14.5774977047627,45.844439846153115],[14.582446803046047,45.84190380224755],[14.582322850708302,45.84279311069202],[14.583499250475608,45.84298816963991],[14.583170885866771,45.84444746266025],[14.584248342427474,45.843176672950776],[14.588054336847792,45.84222952563649],[14.5916113320183,45.84287945208479],[14.590012228221305,45.84387422021553],[14.598712228603937,45.84700472738861],[14.598373170706925,45.84853698547691],[14.596949611307716,45.849078560948215],[14.599671659808005,45.849051947075445],[14.6,45.8480640206358],[14.6,45.84646567482502],[14.59910114077979,45.846147271078166],[14.598733278608712,45.84373552794071],[14.6,45.84319557252448],[14.6,45.842250591717516],[14.599287377413562,45.84208276095816],[14.59990574221176,45.84129426129062],[14.6,45.841286984651106],[14.6,45.841133358705456],[14.598607768185266,45.841420061521816],[14.595892424911417,45.84013182487364],[14.595862793600572,45.84],[14.595510934398435,45.84],[14.59556690339159,45.840248437662375],[14.597650160314803,45.84148036413408],[14.597258030005367,45.84295327845982],[14.598297240277743,45.84365820836746],[14.598567057856888,45.84550495454446],[14.597905213820313,45.84618106767362],[14.594084798447986,45.84496625542535],[14.592615581119727,45.842156595578885],[14.585968746671359,45.84183147561661],[14.584874319258647,45.842310414303675],[14.58342227408736,45.84120627793578],[14.584489525660636,45.84006577004167],[14.578324221927115,45.84314076897876],[14.576763099237182,45.84166024894222],[14.578438140470734,45.841773217720416],[14.578755131327755,45.84047894343953],[14.580201941362269,45.84],[14.579081670000708,45.84],[14.577548698926588,45.84091510422071],[14.574174002118575,45.84],[14.572703111780811,45.84],[14.572878701588118,45.84058360912218],[14.575806988967855,45.84184208193715],[14.573740164140347,45.84210589139493],[14.573070608583835,45.84355952141905],[14.574744934161433,45.84372647956061],[14.576148982702492,45.84238897131086],[14.577665617778155,45.843720119420006],[14.571316004106954,45.84768065056191],[14.562636712775593,45.84680211956014],[14.56133502314662,45.845199417714106],[14.56,45.84598090876109],[14.56,45.846384611060394],[14.563342009091075,45.84833027096927]],[[14.572069118183846,45.85248904930834],[14.571211904335504,45.85403786595697],[14.57019241994963,45.85303890192702],[14.572069118183846,45.85248904930834]]]}},{"type":"Feature","properties":{"_zoneType":"SI_BUILT","name":"Pozidano zemljišče","authority":"MKGP","dataSource":"raba-3000"},"geometry":{"type":"Polygon","coordinates":[[[14.59658962945948,45.852526605957685],[14.594323056754702,45.85096252177918],[14.594050482345525,45.85248582779886],[14.592616635509044,45.852975866072086],[14.588871172544275,45.85218042170862],[14.589359231221398,45.8516174899608],[14.587675788190234,45.849824314046415],[14.588759707012048,45.8474139306487],[14.587915024394285,45.84926951973433],[14.586156523780675,45.84971185180333],[14.58663959403451,45.84730645771997],[14.583777861013878,45.850387483171055],[14.584772678802086,45.85234185509931],[14.58063789951808,45.85510338303556],[14.582025128554017,45.854975468121516],[14.58215787131797,45.85703513268843],[14.57921857774728,45.85796590719368],[14.578002000387709,45.85906888284763],[14.579890858769534,45.8580320864179],[14.583996816929396,45.8590908648704],[14.582765931266211,45.85827025909138],[14.582430162233042,45.855260641890034],[14.584064612236245,45.85314932664424],[14.585941308969655,45.85333750317999],[14.587526766490372,45.85234027373338],[14.588645023542886,45.85362540447396],[14.590576776748655,45.85296836210053],[14.593662739045904,45.853832595633946],[14.59444107125062,45.85270913784855],[14.595495488900598,45.853559195228954],[14.597734392366792,45.853379224191016],[14.597502288236148,45.8526186815492],[14.599575291994105,45.85162902446422],[14.6,45.85168414920205],[14.6,45.851309996258536],[14.599550384892865,45.85134035930379],[14.59658962945948,45.852526605957685]],[[14.586461025949188,45.85020669440281],[14.58602972364183,45.851816718977865],[14.584892821315503,45.8510573724049],[14.585233741787809,45.84980396093359],[14.586461025949188,45.85020669440281]],[[14.581905185291546,45.85833366706272],[14.580624860284457,45.858158624324],[14.581830648575867,45.85770981408068],[14.581905185291546,45.85833366706272]]]}},{"type":"Feature","properties":{"_zoneType":"SI_BUILT","name":"Pozidano zemljišče","authority":"MKGP","dataSource":"raba-3000"},"geometry":{"type":"Polygon","coordinates":[[[14.600000000000001,45.836853272591505],[14.600000000000001,45.83652907674091],[14.6,45.83652907674091],[14.6,45.836853272591505],[14.600000000000001,45.836853272591505]]]}},{"type":"Feature","properties":{"_zoneType":"SI_BUILT","name":"Pozidano zemljišče","authority":"MKGP","dataSource":"raba-3000"},"geometry":{"type":"Polygon","coordinates":[[[14.600000000000001,45.83266828538153],[14.600000000000001,45.83195911777611],[14.6,45.83195911777611],[14.6,45.83266828538153],[14.600000000000001,45.83266828538153]]]}},{"type":"Feature","properties":{"_zoneType":"SI_BUILT","name":"Pozidano zemljišče","authority":"MKGP","dataSource":"raba-3000"},"geometry":{"type":"Polygon","coordinates":[[[14.600000000000001,45.83187954941847],[14.600000000000001,45.83024849481261],[14.6,45.83024849481261],[14.6,45.83187954941847],[14.600000000000001,45.83187954941847]]]}},{"type":"Feature","properties":{"_zoneType":"SI_BUILT","name":"Pozidano zemljišče","authority":"MKGP","dataSource":"raba-3000"},"geometry":{"type":"Polygon","coordinates":[[[14.600000000000001,45.82667139343298],[14.600000000000001,45.8257327552521],[14.6,45.8257327552521],[14.6,45.82667139343298],[14.600000000000001,45.82667139343298]]]}},{"type":"Feature","properties":{"_zoneType":"SI_BUILT","name":"Pozidano zemljišče","authority":"MKGP","dataSource":"raba-3000"},"geometry":{"type":"Polygon","coordinates":[[[14.600000000000001,45.823914737473096],[14.600000000000001,45.822186250995586],[14.6,45.822186250995586],[14.6,45.823914737473096],[14.600000000000001,45.823914737473096]]]}},{"type":"Feature","properties":{"_zoneType":"SI_BUILT","name":"Pozidano zemljišče","authority":"MKGP","dataSource":"raba-3000"},"geometry":{"type":"Polygon","coordinates":[[[14.600000000000001,45.80337455772992],[14.600000000000001,45.80260066327851],[14.6,45.80260066327851],[14.6,45.80337455772991],[14.600000000000001,45.80337455772992]]]}},{"type":"Feature","properties":{"_zoneType":"SI_BUILT","name":"Pozidano zemljišče","authority":"MKGP","dataSource":"raba-3000"},"geometry":{"type":"Polygon","coordinates":[[[14.600000000000001,45.806284146746755],[14.600000000000001,45.805667940032606],[14.6,45.805667940032606],[14.6,45.806284146746755],[14.600000000000001,45.806284146746755]]]}},{"type":"Feature","properties":{"_zoneType":"SI_BUILT","name":"Pozidano zemljišče","authority":"MKGP","dataSource":"raba-3000"},"geometry":{"type":"Polygon","coordinates":[[[14.600000000000001,45.807705332644375],[14.600000000000001,45.80770419569503],[14.6,45.80770419569503],[14.6,45.807705332644375],[14.600000000000001,45.807705332644375]]]}},{"type":"Feature","properties":{"_zoneType":"SI_BUILT","name":"Pozidano zemljišče","authority":"MKGP","dataSource":"raba-3000"},"geometry":{"type":"Polygon","coordinates":[[[14.600000000000001,45.810359449221615],[14.600000000000001,45.80940658835601],[14.6,45.80940658835601],[14.6,45.810359449221615],[14.600000000000001,45.810359449221615]]]}},{"type":"Feature","properties":{"_zoneType":"SI_BUILT","name":"Pozidano zemljišče","authority":"MKGP","dataSource":"raba-3000"},"geometry":{"type":"Polygon","coordinates":[[[14.600000000000001,45.814079758993834],[14.600000000000001,45.81256931789643],[14.6,45.81256931789643],[14.6,45.814079758993834],[14.600000000000001,45.814079758993834]]]}},{"type":"Feature","properties":{"_zoneType":"SI_BUILT","name":"Pozidano zemljišče","authority":"MKGP","dataSource":"raba-3000"},"geometry":{"type":"Polygon","coordinates":[[[14.600000000000001,45.81946924951972],[14.600000000000001,45.817788667847104],[14.6,45.8177886678471],[14.6,45.81946924951972],[14.600000000000001,45.81946924951972]]]}},{"type":"Feature","properties":{"_zoneType":"SI_BUILT","name":"Pozidano zemljišče","authority":"MKGP","dataSource":"raba-3000"},"geometry":{"type":"Polygon","coordinates":[[[14.600000000000001,45.848064020635796],[14.600000000000001,45.84646567482502],[14.6,45.84646567482502],[14.6,45.8480640206358],[14.600000000000001,45.848064020635796]]]}},{"type":"Feature","properties":{"_zoneType":"SI_BUILT","name":"Pozidano zemljišče","authority":"MKGP","dataSource":"raba-3000"},"geometry":{"type":"Polygon","coordinates":[[[14.600000000000001,45.84319557252448],[14.600000000000001,45.842250591717516],[14.6,45.842250591717516],[14.6,45.84319557252448],[14.600000000000001,45.84319557252448]]]}},{"type":"Feature","properties":{"_zoneType":"SI_BUILT","name":"Pozidano zemljišče","authority":"MKGP","dataSource":"raba-3000"},"geometry":{"type":"Polygon","coordinates":[[[14.600000000000001,45.841286984651106],[14.600000000000001,45.841133358705456],[14.6,45.841133358705456],[14.6,45.841286984651106],[14.600000000000001,45.841286984651106]]]}},{"type":"Feature","properties":{"_zoneType":"SI_BUILT","name":"Pozidano zemljišče","authority":"MKGP","dataSource":"raba-3000"},"geometry":{"type":"Polygon","coordinates":[[[14.600000000000001,45.85168414920205],[14.600000000000001,45.851309996258536],[14.6,45.851309996258536],[14.6,45.85168414920205],[14.600000000000001,45.85168414920205]]]}},{"type":"Feature","properties":{"_zoneType":"SI_BUILT","name":"Pozidano zemljišče","authority":"MKGP","dataSource":"raba-3000"},"geometry":{"type":"Polygon","coordinates":[[[14.487197270042792,45.804961946630655],[14.485372913081864,45.805705371902214],[14.485386409073277,45.808556534555386],[14.48558583259244,45.8059598010825],[14.487197270042792,45.804961946630655]]]}},{"type":"Feature","properties":{"_zoneType":"SI_BUILT","name":"Pozidano zemljišče","authority":"MKGP","dataSource":"raba-3000"},"geometry":{"type":"Polygon","coordinates":[[[14.555443537690339,45.85868587407359],[14.555738165399466,45.858984491904025],[14.557810357128913,45.85899128149711],[14.556610761846708,45.85844775056338],[14.555443537690339,45.85868587407359]]]}},{"type":"Feature","properties":{"_zoneType":"SI_BUILT","name":"Pozidano zemljišče","authority":"MKGP","dataSource":"raba-3000"},"geometry":{"type":"Polygon","coordinates":[[[14.542700393687568,45.85516799165922],[14.546327553443161,45.85771877677138],[14.544617779050068,45.858940715613045],[14.54702527353281,45.85824046223617],[14.54606309726641,45.856863887230425],[14.54700840872725,45.8564929364755],[14.549215782930155,45.85655393730677],[14.551261310337255,45.858634990248426],[14.549499181215467,45.85624488980768],[14.542700393687568,45.85516799165922]]]}},{"type":"Feature","properties":{"_zoneType":"SI_BUILT","name":"Pozidano zemljišče","authority":"MKGP","dataSource":"raba-3000"},"geometry":{"type":"Polygon","coordinates":[[[14.585748068522244,45.85867977884675],[14.586154446520958,45.859087947944616],[14.586951931179414,45.85910157466741],[14.586125799273349,45.85846884193852],[14.585748068522244,45.85867977884675]]]}},{"type":"Feature","properties":{"_zoneType":"SI_BUILT","name":"Pozidano zemljišče","authority":"MKGP","dataSource":"raba-3000"},"geometry":{"type":"Polygon","coordinates":[[[14.53368613130373,45.85530624906892],[14.532051417967383,45.85461669529015],[14.529818192217101,45.855650948377566],[14.532200417134252,45.85489132963172],[14.533290490427072,45.85577560138867],[14.534933528727006,45.8542710489781],[14.534163419021112,45.85409269319344],[14.53368613130373,45.85530624906892]]]}},{"type":"Feature","properties":{"_zoneType":"SI_BUILT","name":"Pozidano zemljišče","authority":"MKGP","dataSource":"raba-3000"},"geometry":{"type":"Polygon","coordinates":[[[14.533530874337336,45.856738410094486],[14.533552641736932,45.85663079848554],[14.533079348202762,45.8565228909406],[14.533530874337336,45.856738410094486]]]}},{"type":"Feature","properties":{"_zoneType":"SI_BUILT","name":"Pozidano zemljišče","authority":"MKGP","dataSource":"raba-3000"},"geometry":{"type":"Polygon","coordinates":[[[14.565739986140896,45.85664265185027],[14.565598386761675,45.85644921913673],[14.565449788439173,45.85671941703838],[14.565739986140896,45.85664265185027]]]}},{"type":"Feature","properties":{"_zoneType":"SI_BUILT","name":"Pozidano zemljišče","authority":"MKGP","dataSource":"raba-3000"},"geometry":{"type":"Polygon","coordinates":[[[14.581842330194792,45.81905251020512],[14.581549094179447,45.818906630283884],[14.581645517313722,45.819229949198586],[14.581842330194792,45.81905251020512]]]}},{"type":"Feature","properties":{"_zoneType":"SI_BUILT","name":"Pozidano zemljišče","authority":"MKGP","dataSource":"raba-3000"},"geometry":{"type":"Polygon","coordinates":[[[14.590043309883088,45.85086617577808],[14.58968568231409,45.85081645666511],[14.590035645583749,45.85102414103297],[14.590043309883088,45.85086617577808]]]}},{"type":"Feature","properties":{"_zoneType":"SI_BUILT","name":"Pozidano zemljišče","authority":"MKGP","dataSource":"raba-3000"},"geometry":{"type":"Polygon","coordinates":[[[14.590970626337329,45.85145170148621],[14.590788041567423,45.85125104473867],[14.590558186472917,45.85162044670835],[14.590970626337329,45.85145170148621]]]}},{"type":"Feature","properties":{"_zoneType":"SI_BUILT","name":"Pozidano zemljišče","authority":"MKGP","dataSource":"raba-3000"},"geometry":{"type":"Polygon","coordinates":[[[14.599001405145437,45.807506063338444],[14.595001612503689,45.80713883093984],[14.593719506621188,45.806476470507],[14.594907694872273,45.807366377981914],[14.599001405145437,45.807506063338444]]]}},{"type":"Feature","properties":{"_zoneType":"SI_BUILT","name":"Pozidano zemljišče","authority":"MKGP","dataSource":"raba-3000"},"geometry":{"type":"Polygon","coordinates":[[[14.587953825267883,45.83004817314983],[14.588731276140093,45.83011359214885],[14.588123121473291,45.82981230733941],[14.587953825267883,45.83004817314983]]]}},{"type":"Feature","properties":{"_zoneType":"SI_BUILT","name":"Pozidano zemljišče","authority":"MKGP","dataSource":"raba-3000"},"geometry":{"type":"Polygon","coordinates":[[[14.560820537999135,45.844327406468196],[14.560854324337754,45.84443694521536],[14.56156109492471,45.844384717342045],[14.560820537999135,45.844327406468196]]]}},{"type":"Feature","properties":{"_zoneType":"SI_BUILT","name":"Pozidano zemljišče","authority":"MKGP","dataSource":"raba-3000"},"geometry":{"type":"Polygon","coordinates":[[[14.588872450550543,45.82551484104593],[14.588487321185864,45.82525025926639],[14.588124705404315,45.826018288403425],[14.588872450550543,45.82551484104593]]]}},{"type":"Feature","properties":{"_zoneType":"SI_BUILT","name":"Pozidano zemljišče","authority":"MKGP","dataSource":"raba-3000"},"geometry":{"type":"Polygon","coordinates":[[[14.587232873618143,45.84647351481991],[14.587460723452342,45.846538591224935],[14.58775075750086,45.84599900856109],[14.587232873618143,45.84647351481991]]]}},{"type":"Feature","properties":{"_zoneType":"SI_BUILT","name":"Pozidano zemljišče","authority":"MKGP","dataSource":"raba-3000"},"geometry":{"type":"Polygon","coordinates":[[[14.573125090148405,45.844619480060366],[14.572121546794707,45.844014403066964],[14.572466453820317,45.844778317937944],[14.573125090148405,45.844619480060366]]]}},{"type":"Feature","properties":{"_zoneType":"SI_BUILT","name":"Pozidano zemljišče","authority":"MKGP","dataSource":"raba-3000"},"geometry":{"type":"Polygon","coordinates":[[[14.57241616805387,45.83168110255952],[14.572426077120335,45.831522020352985],[14.572111873449659,45.83166795247167],[14.57241616805387,45.83168110255952]]]}},{"type":"Feature","properties":{"_zoneType":"SI_BUILT","name":"Pozidano zemljišče","authority":"MKGP","dataSource":"raba-3000"},"geometry":{"type":"Polygon","coordinates":[[[14.570728345384985,45.83202367815445],[14.57091098602143,45.832155266326296],[14.57091729017873,45.83189734531047],[14.570728345384985,45.83202367815445]]]}},{"type":"Feature","properties":{"_zoneType":"SI_BUILT","name":"Pozidano zemljišče","authority":"MKGP","dataSource":"raba-3000"},"geometry":{"type":"Polygon","coordinates":[[[14.567167465442335,45.8580693007039],[14.568206011106325,45.85700705946131],[14.567161156637871,45.857961511106595],[14.567167465442335,45.8580693007039]]]}},{"type":"Feature","properties":{"_zoneType":"SI_BUILT","name":"Pozidano zemljišče","authority":"MKGP","dataSource":"raba-3000"},"geometry":{"type":"Polygon","coordinates":[[[14.566407503103429,45.812289845482375],[14.563706231434498,45.80897756530121],[14.56562810461606,45.81207053196566],[14.566407503103429,45.812289845482375]]]}},{"type":"Feature","properties":{"_zoneType":"SI_BUILT","name":"Pozidano zemljišče","authority":"MKGP","dataSource":"raba-3000"},"geometry":{"type":"Polygon","coordinates":[[[14.564971320054912,45.85237783321063],[14.564733004406497,45.85231675775727],[14.564605296673836,45.85290380345177],[14.564971320054912,45.85237783321063]]]}},{"type":"Feature","properties":{"_zoneType":"SI_BUILT","name":"Pozidano zemljišče","authority":"MKGP","dataSource":"raba-3000"},"geometry":{"type":"Polygon","coordinates":[[[14.554874573527368,45.829349290242064],[14.553716155210227,45.8295253762385],[14.554749661613556,45.8295056402981],[14.554874573527368,45.829349290242064]]]}},{"type":"Feature","properties":{"_zoneType":"SI_BUILT","name":"Pozidano zemljišče","authority":"MKGP","dataSource":"raba-3000"},"geometry":{"type":"Polygon","coordinates":[[[14.553846532056806,45.83136177466887],[14.553554109217549,45.83136659116949],[14.553195681807642,45.83239457011626],[14.553846532056806,45.83136177466887]]]}},{"type":"Feature","properties":{"_zoneType":"SI_BUILT","name":"Pozidano zemljišče","authority":"MKGP","dataSource":"raba-3000"},"geometry":{"type":"Polygon","coordinates":[[[14.54665598102797,45.83233406080006],[14.546520539057843,45.83173831371169],[14.545971575217056,45.83202261741086],[14.54665598102797,45.83233406080006]]]}},{"type":"Feature","properties":{"_zoneType":"SI_BUILT","name":"Pozidano zemljišče","authority":"MKGP","dataSource":"raba-3000"},"geometry":{"type":"Polygon","coordinates":[[[14.535998372535401,45.80873660062073],[14.532376355702105,45.80839982567048],[14.531852059089532,45.80749670743645],[14.532472543980345,45.80872599059443],[14.535998372535401,45.80873660062073]]]}},{"type":"Feature","properties":{"_zoneType":"SI_BUILT","name":"Pozidano zemljišče","authority":"MKGP","dataSource":"raba-3000"},"geometry":{"type":"Polygon","coordinates":[[[14.53527510884391,45.832060869814704],[14.534964477831297,45.83200688038207],[14.535207519085658,45.83225952810984],[14.53527510884391,45.832060869814704]]]}},{"type":"Feature","properties":{"_zoneType":"SI_BUILT","name":"Pozidano zemljišče","authority":"MKGP","dataSource":"raba-3000"},"geometry":{"type":"Polygon","coordinates":[[[14.534170794177802,45.80393696063391],[14.533850962476256,45.80385587256666],[14.534098417004271,45.80412899423494],[14.534170794177802,45.80393696063391]]]}},{"type":"Feature","properties":{"_zoneType":"SI_BUILT","name":"Pozidano zemljišče","authority":"MKGP","dataSource":"raba-3000"},"geometry":{"type":"Polygon","coordinates":[[[14.529269072644874,45.818353206712864],[14.529439880778623,45.817178031901996],[14.528765531013898,45.81761769071157],[14.529269072644874,45.818353206712864]]]}},{"type":"Feature","properties":{"_zoneType":"SI_BUILT","name":"Pozidano zemljišče","authority":"MKGP","dataSource":"raba-3000"},"geometry":{"type":"Polygon","coordinates":[[[14.529352743202484,45.82462419196526],[14.528769687625898,45.82417611995802],[14.527598561614765,45.824420150546004],[14.529352743202484,45.82462419196526]]]}},{"type":"Feature","properties":{"_zoneType":"SI_BUILT","name":"Pozidano zemljišče","authority":"MKGP","dataSource":"raba-3000"},"geometry":{"type":"Polygon","coordinates":[[[14.505216833410637,45.852648902059165],[14.506697821280518,45.85340642268826],[14.506671361766603,45.85478484378506],[14.508545000734955,45.855100518640974],[14.508408885697593,45.857935757012044],[14.50934049043626,45.85879468131319],[14.508905031076404,45.855009649633566],[14.5071393858947,45.85360708071527],[14.509572179094782,45.85244355235237],[14.50972146395504,45.85000360573122],[14.508799713493302,45.84930748820654],[14.510252641885506,45.84856377721275],[14.508144328372353,45.848908617035846],[14.509275034016726,45.85018304103635],[14.508818473486185,45.851941698452904],[14.506147858969916,45.85269184211274],[14.502649546635864,45.85223704162198],[14.500572212189693,45.855299197080214],[14.502222987437976,45.85294567776985],[14.505216833410637,45.852648902059165]]]}},{"type":"Feature","properties":{"_zoneType":"SI_BUILT","name":"Pozidano zemljišče","authority":"MKGP","dataSource":"raba-3000"},"geometry":{"type":"Polygon","coordinates":[[[14.52662031164718,45.85751614421331],[14.5231537170434,45.858853160127246],[14.524720078058785,45.858568957037214],[14.52662031164718,45.85751614421331]]]}},{"type":"Feature","properties":{"_zoneType":"SI_BUILT","name":"Pozidano zemljišče","authority":"MKGP","dataSource":"raba-3000"},"geometry":{"type":"Polygon","coordinates":[[[14.516396918543784,45.8562870665735],[14.514631305656275,45.8586656530585],[14.512990843326326,45.858810297558456],[14.515527387265577,45.858800944124624],[14.51511106084221,45.85811494852807],[14.516396918543784,45.8562870665735]]]}},{"type":"Feature","properties":{"_zoneType":"SI_BUILT","name":"Pozidano zemljišče","authority":"MKGP","dataSource":"raba-3000"},"geometry":{"type":"Polygon","coordinates":[[[14.525268341517139,45.81577148923633],[14.524586444663077,45.81822220521283],[14.525924803373002,45.816267867238686],[14.525254862479635,45.81534512340701],[14.52248398409826,45.815585390444234],[14.525268341517139,45.81577148923633]]]}},{"type":"Feature","properties":{"_zoneType":"SI_BUILT","name":"Pozidano zemljišče","authority":"MKGP","dataSource":"raba-3000"},"geometry":{"type":"Polygon","coordinates":[[[14.523315080968985,45.80039555345812],[14.522100105300085,45.800620579573206],[14.523198696213298,45.80052752995164],[14.523315080968985,45.80039555345812]]]}},{"type":"Feature","properties":{"_zoneType":"SI_BUILT","name":"Pozidano zemljišče","authority":"MKGP","dataSource":"raba-3000"},"geometry":{"type":"Polygon","coordinates":[[[14.522985680606517,45.82287241490474],[14.52270094816317,45.822702850146186],[14.521900517407047,45.82288673341478],[14.522985680606517,45.82287241490474]]]}},{"type":"Feature","properties":{"_zoneType":"SI_BUILT","name":"Pozidano zemljišče","authority":"MKGP","dataSource":"raba-3000"},"geometry":{"type":"Polygon","coordinates":[[[14.516233667839174,45.84714141016827],[14.517944511381833,45.84797498382904],[14.516631480287458,45.847132916948595],[14.516233667839174,45.84714141016827]]]}},{"type":"Feature","properties":{"_zoneType":"SI_BUILT","name":"Pozidano zemljišče","authority":"MKGP","dataSource":"raba-3000"},"geometry":{"type":"Polygon","coordinates":[[[14.505567512861997,45.80980456075214],[14.505491452708291,45.80998866658132],[14.505885728127929,45.8098679741264],[14.505567512861997,45.80980456075214]]]}},{"type":"Feature","properties":{"_zoneType":"SI_BUILT","name":"Pozidano zemljišče","authority":"MKGP","dataSource":"raba-3000"},"geometry":{"type":"Polygon","coordinates":[[[14.487704375238598,45.83890299678359],[14.487126729862636,45.84],[14.48747555264138,45.84],[14.487704375238598,45.83890299678359]]]}},{"type":"Feature","properties":{"_zoneType":"SI_BUILT","name":"Pozidano zemljišče","authority":"MKGP","dataSource":"raba-3000"},"geometry":{"type":"Polygon","coordinates":[[[14.486286155093195,45.84327098052599],[14.48752083559071,45.843045654409835],[14.489315318811034,45.847529747435885],[14.490678944709204,45.8473059085468],[14.48875574904572,45.84549901672218],[14.487984281937056,45.84292795493165],[14.49278748283059,45.84185332556367],[14.487053006368567,45.84202573795592],[14.48747555264138,45.84],[14.487126729862636,45.84],[14.485023115107554,45.84399496342991],[14.486443632309667,45.84483021249802],[14.486286155093195,45.84327098052599]]]}},{"type":"Feature","properties":{"_zoneType":"SI_BUILT","name":"Pozidano zemljišče","authority":"MKGP","dataSource":"raba-3000"},"geometry":{"type":"Polygon","coordinates":[[[14.490007273983643,45.83369150641129],[14.489937880391887,45.833820898878585],[14.490567742842007,45.83407335211897],[14.490007273983643,45.83369150641129]]]}},{"type":"Feature","properties":{"_zoneType":"SI_BUILT","name":"Pozidano zemljišče","authority":"MKGP","dataSource":"raba-3000"},"geometry":{"type":"Polygon","coordinates":[[[14.487087914873664,45.80168923927326],[14.48678875510585,45.80016312670014],[14.485527072258655,45.80088728618506],[14.486185271583109,45.80098560174667],[14.487087914873664,45.80168923927326]]]}},{"type":"Feature","properties":{"_zoneType":"SI_BUILT","name":"Pozidano zemljišče","authority":"MKGP","dataSource":"raba-3000"},"geometry":{"type":"Polygon","coordinates":[[[14.413031778923202,45.839588928466966],[14.4138050373491,45.84],[14.416545824428079,45.84],[14.417146209769394,45.83883980580353],[14.416763498052738,45.83707398090086],[14.418547831265954,45.83560237752756],[14.415742667009155,45.83603365408366],[14.416123809704448,45.832811141692055],[14.414131346399687,45.83495901184015],[14.415346790953475,45.835880018386206],[14.413799262823378,45.8384197016334],[14.411311670783375,45.83971128719928],[14.408849574437683,45.83890582432626],[14.40830944995495,45.8370307851958],[14.40928444655693,45.83593419955526],[14.408046397429931,45.83513410616613],[14.40874298813715,45.83436275440128],[14.405701787511738,45.83268781625331],[14.407263337576067,45.83111858966731],[14.404172064467387,45.83034238251064],[14.405077035115381,45.8275608878378],[14.404018079831033,45.825221233224326],[14.404852217827559,45.8242319482219],[14.404172808901402,45.82308183062245],[14.401839028327682,45.821757733217524],[14.403289243689136,45.82147833101922],[14.404472390321004,45.81969867830805],[14.404225884167916,45.81815322651262],[14.405925433847138,45.81756300227593],[14.40653062433577,45.815290344883515],[14.408576798126195,45.81561811915087],[14.408496262456032,45.81736424317272],[14.410737133034713,45.81819678845079],[14.41215931406277,45.81808325726478],[14.412138188537318,45.81961625546965],[14.41514088654434,45.81807222627199],[14.424442682966895,45.82263715210968],[14.425924185751414,45.82257589013684],[14.4250588499842,45.823662999299955],[14.424867385594428,45.82546137901268],[14.420714258938059,45.825504302336064],[14.4243860526496,45.82573945780136],[14.424878331851815,45.82689368840689],[14.432212998542221,45.83072193867891],[14.432933115356313,45.83796233690201],[14.431615994047114,45.83922208555177],[14.432931466862387,45.84],[14.43403577814195,45.84],[14.433160390748013,45.83741222333316],[14.434167985208045,45.83705646588534],[14.43266742488,45.83458815738504],[14.433154125036046,45.83023983810133],[14.425154729896786,45.826642500194275],[14.425418079069551,45.823724316725034],[14.426644661292512,45.82278817230943],[14.426011271351971,45.82172591490038],[14.421931418746727,45.82116503588214],[14.41530260305854,45.81784936767737],[14.410700107054295,45.81787352259638],[14.40934794544843,45.816425891795326],[14.40959832155872,45.815072307074146],[14.41149532776709,45.8147361908764],[14.412123524623597,45.815861391100036],[14.412810656309622,45.81489773670237],[14.416380334863952,45.81656077315762],[14.42209695234459,45.816312763104825],[14.427711809630006,45.817756922381506],[14.433765885311757,45.823652218975624],[14.435311960426024,45.824369956101656],[14.438667395368107,45.824635691019466],[14.438358454304545,45.82654742084025],[14.44,45.82689522035015],[14.44,45.82448402142292],[14.437910693180308,45.82388454912316],[14.435097198561644,45.82403390858538],[14.433764710729886,45.82321433496593],[14.433921979239846,45.82105177097042],[14.437862459799026,45.819338352613826],[14.44,45.81974840516995],[14.44,45.81951213364102],[14.437980591018299,45.81858524251959],[14.44,45.81717973027675],[14.44,45.81573842216294],[14.439187212989628,45.81562234129368],[14.435918867242151,45.81809091569361],[14.434217161591828,45.81830482441054],[14.43344171123875,45.816212229504124],[14.434782800942049,45.813516476868436],[14.436223721682609,45.812938350427466],[14.435031365033327,45.811881699813064],[14.436272221422154,45.80988341540341],[14.439281905401188,45.80953274988519],[14.4399212852962,45.81047278049583],[14.44,45.81049102572598],[14.44,45.809419749242366],[14.43864037073575,45.80896920294585],[14.44,45.80781389723869],[14.44,45.806882509899594],[14.439592728270737,45.80710728310911],[14.439794777240644,45.80610308072382],[14.44,45.80625136698212],[14.44,45.80586425168099],[14.439701372386294,45.805837154166746],[14.437084825342835,45.80611563544367],[14.435141507468686,45.80758018384996],[14.432233088115565,45.807036133190714],[14.42552294207051,45.810874025678615],[14.42198653048151,45.810987503590766],[14.422465702677146,45.809946025517604],[14.42059777567454,45.80911630728854],[14.417326535859308,45.81130068485649],[14.412734611290485,45.80967152894541],[14.413557713782929,45.80767882167453],[14.411727642587437,45.80810421654921],[14.412865536029882,45.80621770713832],[14.413377096230457,45.80364988216644],[14.412627101246072,45.805710418454815],[14.410842294148567,45.8069615548361],[14.407928981192233,45.80668494540736],[14.407573895985037,45.80558454779187],[14.40311228812193,45.80707797782057],[14.409346798897577,45.80693906021563],[14.410017003173946,45.80831421463576],[14.41133280164815,45.807258638263384],[14.410024625150834,45.810608572644405],[14.409165829967414,45.81047940450782],[14.40929988732352,45.80948539749613],[14.408586773778636,45.81030357178909],[14.409636644424154,45.811292436699716],[14.410525824715972,45.81039392215938],[14.41083538315208,45.809070864912066],[14.411995713598193,45.8088947088678],[14.413763054395062,45.81089319120661],[14.417345040273743,45.81155545014779],[14.42072071466204,45.810848657321664],[14.420636276307834,45.81182598829267],[14.416052498229778,45.8125399233756],[14.414495373496386,45.81478372409372],[14.41208979268457,45.814301893002515],[14.408787402010134,45.81529899375443],[14.406784033993613,45.81495264148117],[14.407501658810197,45.81391853527098],[14.404786795677587,45.814839364849604],[14.404229322447527,45.81363948341895],[14.403425056231843,45.81561984317654],[14.401564503369475,45.813243931898505],[14.403095934433823,45.81551794423914],[14.402498211558926,45.81734951472646],[14.404047182710439,45.8197893681605],[14.403175961138354,45.82117007727383],[14.4,45.82144458141797],[14.4,45.82265550903381],[14.400601672009172,45.82178866457996],[14.403895608928632,45.82332314673219],[14.404106460887869,45.824571859466694],[14.403105540823837,45.82551288694678],[14.404663477591072,45.82754510303787],[14.403489430779256,45.83063069976278],[14.406278768939746,45.83146165877586],[14.403802154046458,45.83402917781719],[14.407704350739783,45.834565229947614],[14.4076789595195,45.83558549028749],[14.40880543756958,45.83597133634304],[14.407730043804428,45.83711404045558],[14.409043422011868,45.83961080093798],[14.407100852565403,45.84],[14.412118792298035,45.84],[14.413031778923202,45.839588928466966]],[[14.438904153287284,45.80653703330196],[14.438999311377561,45.808024797378195],[14.435845277823285,45.80979754487716],[14.43459868151394,45.80835526924149],[14.436379895389138,45.806806263058974],[14.438904153287284,45.80653703330196]],[[14.425743384647086,45.81108988947776],[14.432835403329326,45.807596980706215],[14.43543645285914,45.81069902269645],[14.43032768577397,45.81349976605468],[14.434561436126659,45.812189486456965],[14.434914630279112,45.81298155015971],[14.432567933645888,45.81622865080114],[14.43346226274806,45.81831993934788],[14.436140990313609,45.81911799756968],[14.437653312060993,45.81720092314168],[14.43851113029568,45.817609910345155],[14.433770182631113,45.82078448331111],[14.433033177243557,45.82192566530856],[14.428032569717056,45.81756688909268],[14.425515860465886,45.816561991434874],[14.415215103366311,45.81554910768292],[14.416299281419416,45.81286443470998],[14.425743384647086,45.81108988947776]],[[14.415328644924857,45.837241993918774],[14.416816680619252,45.838610951225434],[14.414467030987108,45.838378944345386],[14.415328644924857,45.837241993918774]]]}},{"type":"Feature","properties":{"_zoneType":"SI_BUILT","name":"Pozidano zemljišče","authority":"MKGP","dataSource":"raba-3000"},"geometry":{"type":"Polygon","coordinates":[[[14.403150638073997,45.839709715547556],[14.402657545353259,45.84],[14.402719320525733,45.84],[14.403150638073997,45.839709715547556]]]}},{"type":"Feature","properties":{"_zoneType":"SI_BUILT","name":"Pozidano zemljišče","authority":"MKGP","dataSource":"raba-3000"},"geometry":{"type":"Polygon","coordinates":[[[14.401069469273466,45.812221900075286],[14.4,45.81182107706829],[14.4,45.81246393636511],[14.400419341633649,45.81292886968831],[14.4,45.81304272455812],[14.4,45.813480607241814],[14.40666887365264,45.81072164119121],[14.401069469273466,45.812221900075286]]]}},{"type":"Feature","properties":{"_zoneType":"SI_BUILT","name":"Pozidano zemljišče","authority":"MKGP","dataSource":"raba-3000"},"geometry":{"type":"Polygon","coordinates":[[[14.40532027310289,45.841743292005994],[14.40540347161604,45.84059532678415],[14.408330227917553,45.840452760581016],[14.40701229784967,45.84229919523843],[14.412118792298035,45.84],[14.407100852565403,45.84],[14.404999423637124,45.840421026990455],[14.404167297246602,45.842472059699276],[14.401641158401446,45.843482483671444],[14.400309386455643,45.84182898200934],[14.401365169938718,45.84097219399918],[14.402289934135599,45.841463067024804],[14.40211661650447,45.84040563062529],[14.402719320525733,45.84],[14.402657545353259,45.84],[14.400293618801069,45.84139164724193],[14.4,45.84111550603162],[14.4,45.84334414058723],[14.40108291861082,45.843956918870326],[14.4,45.8440636319148],[14.4,45.84433746155385],[14.401762957781541,45.84435435216725],[14.40532027310289,45.841743292005994]]]}},{"type":"Feature","properties":{"_zoneType":"SI_BUILT","name":"Pozidano zemljišče","authority":"MKGP","dataSource":"raba-3000"},"geometry":{"type":"Polygon","coordinates":[[[14.41730408243698,45.84186012564528],[14.417904731212687,45.8445884175231],[14.416306351533114,45.84495898924959],[14.415624352874628,45.8417844588284],[14.41596435943143,45.84497892201104],[14.416708825726385,45.8457020542848],[14.415411408185197,45.846707839150845],[14.415977089270616,45.847476132296094],[14.41274178492237,45.8480514326772],[14.40861889173093,45.85029389821692],[14.413058448214372,45.849466470783184],[14.415640935131664,45.84788964181562],[14.41959382216682,45.85104685872874],[14.417226680456986,45.85233033397484],[14.41570217237185,45.8546313106817],[14.413886714026207,45.85405093078244],[14.414551612170827,45.85528435293526],[14.41107948099011,45.856515704817575],[14.415464662552083,45.85545613613205],[14.415604401033713,45.856650087951095],[14.413644261523066,45.85834368890588],[14.41476635659709,45.858349441450606],[14.41618976677601,45.856479302696485],[14.417473974139067,45.85653794948286],[14.416278989325365,45.85598565384864],[14.417156579132518,45.85420369253611],[14.421618935320252,45.85322998967212],[14.423528959836986,45.85453799771565],[14.432370674894834,45.84968565415167],[14.433829580729352,45.85009856498755],[14.433347635313224,45.85078809039292],[14.434433245227563,45.850753430438836],[14.434438244135087,45.85149230270958],[14.439141877231531,45.84875347856322],[14.44,45.84880994280314],[14.44,45.84717809796791],[14.439366520617567,45.846707513312275],[14.437971124467987,45.84748468917921],[14.438833267749102,45.84834627331723],[14.436108114253368,45.850038548896705],[14.433077247596128,45.84941259739695],[14.432995091467598,45.84848339471828],[14.428623610821779,45.851695287505876],[14.426349467649617,45.8519677931586],[14.425562257805494,45.8532418255275],[14.423062871703431,45.853732203578545],[14.42214201804653,45.853038315890096],[14.419591195000958,45.8529352508246],[14.418989952726905,45.85233207128702],[14.419977193849096,45.85114697048227],[14.419527298520364,45.84985680541427],[14.417756592330749,45.8491077241527],[14.419002089797091,45.84853929952676],[14.418181719649429,45.848218738340805],[14.418318185949227,45.846048865230706],[14.420785794143022,45.84402852851419],[14.418086350989407,45.84544324196898],[14.418421089336082,45.84344360138739],[14.417682667289345,45.841748267619096],[14.416246261542517,45.84057888009149],[14.416545824428079,45.84],[14.4138050373491,45.84],[14.41730408243698,45.84186012564528]]]}},{"type":"Feature","properties":{"_zoneType":"SI_BUILT","name":"Pozidano zemljišče","authority":"MKGP","dataSource":"raba-3000"},"geometry":{"type":"Polygon","coordinates":[[[14.437578930683836,45.851506475743825],[14.437793919998873,45.852555263343056],[14.435016973450237,45.85514553430732],[14.433441371179372,45.855010753176906],[14.432321953618736,45.85643939573017],[14.42867316827505,45.857183886769185],[14.428953225974746,45.858421221582134],[14.4290773974145,45.85736984188386],[14.432344737245174,45.85684455410062],[14.433624574692457,45.85546272101945],[14.435371049420477,45.85532157796092],[14.438120573533359,45.85268560523197],[14.438009300956706,45.85156670845139],[14.44,45.85064974332073],[14.44,45.85009896882108],[14.437578930683836,45.851506475743825]]]}},{"type":"Feature","properties":{"_zoneType":"SI_BUILT","name":"Pozidano zemljišče","authority":"MKGP","dataSource":"raba-3000"},"geometry":{"type":"Polygon","coordinates":[[[14.434260901787248,45.840786171043625],[14.434098436063158,45.8419173143488],[14.431366708071037,45.842622325711744],[14.43270522719083,45.844776507220516],[14.434563365262518,45.84155962680042],[14.43403577814195,45.84],[14.432931466862387,45.84],[14.434260901787248,45.840786171043625]]]}},{"type":"Feature","properties":{"_zoneType":"SI_BUILT","name":"Pozidano zemljišče","authority":"MKGP","dataSource":"raba-3000"},"geometry":{"type":"Polygon","coordinates":[[[14.47731305354946,45.838858889901786],[14.48,45.83790371942522],[14.48,45.837510154965955],[14.477049149443785,45.8386452967397],[14.476288801957896,45.84],[14.476629957517428,45.84],[14.47731305354946,45.838858889901786]]]}},{"type":"Feature","properties":{"_zoneType":"SI_BUILT","name":"Pozidano zemljišče","authority":"MKGP","dataSource":"raba-3000"},"geometry":{"type":"Polygon","coordinates":[[[14.457009467842056,45.8390640311354],[14.458195819269282,45.838336700939834],[14.455610231953202,45.83778947701353],[14.45273495826919,45.83463973915628],[14.457248924322403,45.832936180057516],[14.457686264696468,45.8336585605846],[14.456860665589442,45.8340396796819],[14.457892546599096,45.83496689682881],[14.458418179773409,45.83261544567756],[14.459279757273272,45.83310977560568],[14.459761465367222,45.83605157241502],[14.468182531958544,45.83748173185413],[14.46550972739503,45.83682560465685],[14.465841125662076,45.836111466481306],[14.46458953552362,45.83569984357679],[14.463738733239193,45.83332808404984],[14.461390131825846,45.83155266064751],[14.46381038238125,45.829235578680276],[14.468127231761528,45.828878943441715],[14.46769860048649,45.82990029449677],[14.469532924839191,45.82907954028309],[14.469470828193923,45.83087939162494],[14.470623590981239,45.83130486823964],[14.469489882755589,45.83290997575817],[14.47084531540934,45.83212631805925],[14.473946014340006,45.833007523857475],[14.471505359614243,45.83192170715159],[14.472358313116498,45.830240431229065],[14.47363528232839,45.83041722668143],[14.475372576692903,45.82915925668655],[14.473469039554455,45.830124433063936],[14.469655820307285,45.82863466541321],[14.465719537825134,45.82843456566053],[14.4633315857272,45.82917626823341],[14.461003303755389,45.83145874427722],[14.460985141957089,45.8324266616749],[14.457929363783396,45.83217388293775],[14.455597958435748,45.8304377179837],[14.455595989056969,45.829478080449455],[14.458056268661615,45.826012012200735],[14.460682815608603,45.82560249780172],[14.457284408243854,45.82572198997731],[14.455822192061332,45.823206957943036],[14.454030747097825,45.82217469767888],[14.455365144067242,45.820004160864485],[14.460548765132483,45.82209456552687],[14.468770105727693,45.81910071971422],[14.473468082954984,45.8191224532612],[14.475568440123611,45.819824764236486],[14.475757450392203,45.821402369670004],[14.475818854683732,45.81924679711004],[14.48,45.81789363352692],[14.48,45.81779435230119],[14.476502461914498,45.81891332364439],[14.475318448236097,45.81882136246451],[14.475468958698615,45.817749078946434],[14.473789503698056,45.818860643375295],[14.473529610393001,45.81783945187977],[14.475285278720925,45.81612871875491],[14.48,45.81434997054999],[14.48,45.81383390349854],[14.478360499062397,45.81491269470195],[14.475216309421993,45.815850687064696],[14.474107067592291,45.816785554822054],[14.473256492442781,45.81622603057637],[14.473502605690081,45.81398203603827],[14.474979824447122,45.812734089313665],[14.477966490178783,45.81162671896017],[14.48,45.81144868506533],[14.48,45.810634494419176],[14.474935784670718,45.81120190930393],[14.472264041563674,45.80897561440273],[14.472848406665202,45.80748750781674],[14.469633087278291,45.80232699619945],[14.469984940052395,45.800000000000004],[14.469368039778807,45.800000000000004],[14.46950441888716,45.803321338211795],[14.46628679577701,45.80600637633772],[14.464195840562056,45.80475652821683],[14.45828070485335,45.804301641386],[14.45532215113732,45.80294739900378],[14.452407668637104,45.80334508174836],[14.449367571614703,45.80018754065092],[14.449568525677774,45.800000000000004],[14.449171831987867,45.800000000000004],[14.449015631332712,45.80016531388676],[14.45236884544242,45.8036690536913],[14.457492201703813,45.80432266045219],[14.458975625212275,45.80510596917154],[14.4591541187037,45.806458548662896],[14.459855842638792,45.80484505333321],[14.465448505352269,45.80617474638755],[14.464467492024797,45.80707551774429],[14.46218769330273,45.807894217590075],[14.460755473786223,45.80734043479479],[14.45612696741666,45.80933758743062],[14.453434557179818,45.80869550630405],[14.454842939799205,45.80975803260844],[14.453487127684568,45.81100949240238],[14.451248264750093,45.80862074832115],[14.452254199180667,45.80738109036256],[14.450669935292815,45.80832884223629],[14.446482713467537,45.80752054413003],[14.446223217515714,45.806030381450235],[14.44789851655077,45.8037614904678],[14.445218159360547,45.80201427622531],[14.447462102203732,45.80384554426726],[14.445571520005682,45.80636981223789],[14.44,45.80586425168099],[14.44,45.80625136698212],[14.440495222900807,45.80660919645099],[14.44,45.806882509899594],[14.44,45.80781389723869],[14.440231261969407,45.80761738905802],[14.444243236632337,45.80805352280911],[14.445591094066765,45.8072219284272],[14.447973231297388,45.808524984605484],[14.45050533824565,45.80857640735997],[14.45237450045212,45.8099345446251],[14.453043715585713,45.81173519907764],[14.452401095315052,45.812237591448635],[14.454706087093738,45.811135642897895],[14.45532574785835,45.813312954325006],[14.455229934519291,45.81453320138616],[14.452974217896076,45.81595509553842],[14.4515011571595,45.81872297206],[14.451165713679652,45.81997155870326],[14.45180731946303,45.8219567247771],[14.45253666544017,45.82017823894474],[14.455277827064279,45.818491961005606],[14.451540349674797,45.81981677940415],[14.453035458076453,45.81638039452762],[14.455575713219,45.81458445598859],[14.455210039846346,45.81194893744463],[14.456210983018853,45.81169959877658],[14.45684890163716,45.80938434701879],[14.462016876524578,45.808198644026604],[14.460636114607222,45.81341480520788],[14.461751642125817,45.813207621854225],[14.461653344293861,45.811467392136194],[14.463352254808543,45.810335454799414],[14.462384399027773,45.80961777098041],[14.462520656853862,45.80812247747641],[14.464832818702304,45.807223228357756],[14.469674290931405,45.80402782233601],[14.47247045597448,45.80750564749813],[14.472022839212777,45.80920406193461],[14.474573318441104,45.811329478903126],[14.476767125135883,45.81190893824243],[14.474505330112686,45.81243933380966],[14.473241376784626,45.81375766512364],[14.472213252628167,45.81642416955015],[14.468221367685299,45.81225402087469],[14.467046957888556,45.81333549537753],[14.467389868788791,45.814821447392596],[14.464999919296071,45.81600009550358],[14.4664259888772,45.81625950858258],[14.468377198321532,45.81468001433112],[14.469188980373188,45.816763680959696],[14.472103751014664,45.8172982116946],[14.47129348701415,45.8186803212617],[14.468737669582184,45.81884064858265],[14.46589710553398,45.81960975041061],[14.4623627020444,45.81942772012135],[14.462581387185864,45.81834967957255],[14.461369620730446,45.8192202060438],[14.45977299028579,45.818432362131176],[14.45491705281167,45.819911066438095],[14.452719840119018,45.82213354462241],[14.455450254926962,45.8232894134529],[14.457276996793537,45.82661670273425],[14.453969016829404,45.83082556172843],[14.452332894848979,45.83025267674441],[14.452461471856969,45.82876261034375],[14.45430388492694,45.829131625214295],[14.452744159844583,45.82779773109495],[14.454419780031163,45.82650906937492],[14.452992605244804,45.82313181973885],[14.453159830284728,45.82468205767679],[14.451483695880034,45.825524528034364],[14.452971647840755,45.82660718690826],[14.450573252793774,45.82805558926948],[14.449679969197987,45.82729866232477],[14.4447547972293,45.82578720555698],[14.445919003233206,45.82442115903252],[14.446013990505797,45.822489378396384],[14.44416233199098,45.8227715085699],[14.445457577794699,45.82447848241112],[14.443177665970047,45.82539577009907],[14.44,45.82448402142292],[14.44,45.82689522035015],[14.445901277487508,45.828145542789315],[14.442860896504383,45.83034300405067],[14.44049726853749,45.829398020692125],[14.44424337157385,45.83127474450693],[14.444392704417416,45.83221121562567],[14.44510427358652,45.83186881521937],[14.443466156379339,45.830432952350094],[14.444182485760285,45.829466813652566],[14.446021516253905,45.830019189117145],[14.446187562719208,45.83114802929757],[14.447222431839494,45.830790248989395],[14.445668694521421,45.82949751359481],[14.446333738519911,45.82884426029954],[14.448942780098168,45.83042994419745],[14.44914469309479,45.832378331597894],[14.447465811508327,45.833503737439],[14.446858645911842,45.83514557961113],[14.444633982390997,45.83575322367622],[14.444163323816381,45.83997713824701],[14.446846907822499,45.835900202862526],[14.448565851560035,45.8381336327032],[14.451374103048195,45.839819879841855],[14.451390720228643,45.84],[14.451733725495382,45.84],[14.451756818408574,45.83976155207958],[14.44797050201341,45.83719583032183],[14.447451974180101,45.83553557988252],[14.448518749219028,45.834426024223035],[14.45044078150544,45.83522538828613],[14.450450844288401,45.836119671585564],[14.451397889479107,45.83503890425741],[14.45309498531219,45.83522375394581],[14.455133601389857,45.837818074313766],[14.454288061115097,45.83867001708858],[14.456555514853301,45.839192803963385],[14.457515235298388,45.84],[14.458038714726161,45.84],[14.457009467842056,45.8390640311354]],[[14.470672602789051,45.816006448149224],[14.469512739422287,45.81609472980434],[14.469745295673778,45.81499087155559],[14.470672602789051,45.816006448149224]],[[14.46503820717708,45.819954007717584],[14.460401520890507,45.821858663280935],[14.45797102886525,45.82002873237232],[14.459639061693453,45.819201505532604],[14.46503820717708,45.819954007717584]],[[14.463049844680524,45.83324431642418],[14.464192962278425,45.83559529951385],[14.460119037424382,45.83575762003209],[14.459941131781573,45.832768517635174],[14.463049844680524,45.83324431642418]],[[14.44988278909354,45.832179292513345],[14.449744255523369,45.83070385392197],[14.451761124446625,45.83150256777791],[14.45482420665965,45.8309973359976],[14.4564412953493,45.831928164652005],[14.456028584454772,45.833311657844824],[14.448372297326049,45.83305746672685],[14.44988278909354,45.832179292513345]],[[14.45179850669469,45.83373678415242],[14.451581647627247,45.83418851471236],[14.45053435629833,45.83379467183005],[14.45179850669469,45.83373678415242]],[[14.451723441706744,45.82967475171879],[14.45114934494702,45.830211040178646],[14.451213367395532,45.82941149915977],[14.451723441706744,45.82967475171879]],[[14.44935162491157,45.82882782792717],[14.448665618729041,45.82878480320402],[14.448351412191204,45.827606532274494],[14.449666868042652,45.82767707794278],[14.44935162491157,45.82882782792717]],[[14.448054005600422,45.82747147458611],[14.446004074929453,45.82783447885833],[14.44418055255899,45.82657203442044],[14.444858925236886,45.826226716748906],[14.448054005600422,45.82747147458611]],[[14.441986465403568,45.82676548348994],[14.441457165032615,45.82639845554498],[14.442412998461728,45.82635890559336],[14.441986465403568,45.82676548348994]],[[14.441999282070238,45.8069409333401],[14.441493283527118,45.807306347713606],[14.441275781115277,45.80656711579548],[14.441999282070238,45.8069409333401]]]}},{"type":"Feature","properties":{"_zoneType":"SI_BUILT","name":"Pozidano zemljišče","authority":"MKGP","dataSource":"raba-3000"},"geometry":{"type":"Polygon","coordinates":[[[14.443188751315331,45.811230144325684],[14.442976637879227,45.81040613075666],[14.44,45.809419749242366],[14.44,45.81049102572598],[14.443188751315331,45.811230144325684]]]}},{"type":"Feature","properties":{"_zoneType":"SI_BUILT","name":"Pozidano zemljišče","authority":"MKGP","dataSource":"raba-3000"},"geometry":{"type":"Polygon","coordinates":[[[14.440884390605175,45.81991806122044],[14.44,45.81951213364102],[14.44,45.81974840516995],[14.440884390605175,45.81991806122044]]]}},{"type":"Feature","properties":{"_zoneType":"SI_BUILT","name":"Pozidano zemljišče","authority":"MKGP","dataSource":"raba-3000"},"geometry":{"type":"Polygon","coordinates":[[[14.441718256547754,45.81598382066355],[14.44,45.81573842216294],[14.44,45.81717973027675],[14.441718256547754,45.81598382066355]]]}},{"type":"Feature","properties":{"_zoneType":"SI_BUILT","name":"Pozidano zemljišče","authority":"MKGP","dataSource":"raba-3000"},"geometry":{"type":"Polygon","coordinates":[[[14.48,45.80183471596309],[14.48,45.800670901677194],[14.479191633816455,45.8022373909337],[14.48,45.80183471596309]]]}},{"type":"Feature","properties":{"_zoneType":"SI_BUILT","name":"Pozidano zemljišče","authority":"MKGP","dataSource":"raba-3000"},"geometry":{"type":"Polygon","coordinates":[[[14.463577047767272,45.80057460064289],[14.46303947441933,45.800000000000004],[14.462016852128542,45.800000000000004],[14.461567483102154,45.80045515904555],[14.459568086121282,45.800118969520746],[14.460727588427272,45.800942971078626],[14.467461245851716,45.800680803448934],[14.467955574793278,45.800000000000004],[14.46736350218629,45.800000000000004],[14.467357035337319,45.80001119849268],[14.463577047767272,45.80057460064289]]]}},{"type":"Feature","properties":{"_zoneType":"SI_BUILT","name":"Pozidano zemljišče","authority":"MKGP","dataSource":"raba-3000"},"geometry":{"type":"Polygon","coordinates":[[[14.441991828069726,45.84894100453714],[14.44,45.85009896882108],[14.44,45.85064974332073],[14.441553855311216,45.84993399919895],[14.440849476737212,45.85169039515779],[14.44310160049552,45.8485885944823],[14.445074808818582,45.848141659500484],[14.445148832138784,45.85026331082041],[14.44586779366255,45.84754609023743],[14.448202441891297,45.846828802167394],[14.455172502637136,45.847109761991874],[14.456014626658222,45.8477876241629],[14.455438358368763,45.84915611232743],[14.456407246633258,45.847874423357375],[14.458676119451018,45.84728984261063],[14.45944456854988,45.84910950827209],[14.457973929212521,45.85077650324311],[14.459141742238646,45.850396368853396],[14.460223455014715,45.85128651332505],[14.459069081928703,45.85317780571666],[14.460617408263317,45.852923973371254],[14.461007606610666,45.851539127459404],[14.46278647350188,45.85303360113676],[14.46004108326867,45.85524271163106],[14.458625095523644,45.85856565500863],[14.459393779933757,45.85856929432935],[14.459879026518959,45.856254140021136],[14.461115435564897,45.855347965201936],[14.462301366259416,45.85512695929088],[14.46264380623989,45.85663210330299],[14.463721590103246,45.85428171663927],[14.464779093028252,45.85455351479387],[14.464643080377758,45.85642513310535],[14.466982076858557,45.85729586979944],[14.463983642458047,45.853233860938076],[14.465669417366506,45.85291900132211],[14.464119282204951,45.8521543387466],[14.46765024923217,45.85003834060444],[14.472180965596921,45.851176316084036],[14.471913565736724,45.853626930527355],[14.47551182556829,45.85340819714942],[14.474606901737083,45.85531824181671],[14.476251455775353,45.8542713619531],[14.477538200464506,45.85519993828281],[14.476915863072406,45.85411028576994],[14.477949946109879,45.853696318470476],[14.477133011728066,45.852730615818494],[14.472894546821509,45.85311789659889],[14.472632563073773,45.85123883995962],[14.47619255171549,45.850636118312515],[14.478296074473361,45.852653478754426],[14.48,45.85204581823108],[14.48,45.851923853213385],[14.478607340139751,45.85154354082908],[14.479324602141716,45.85030168318013],[14.478116026241903,45.851100006776186],[14.474324423337062,45.850091435790034],[14.48,45.846361450394234],[14.48,45.84585809174754],[14.473409128957336,45.85011667425939],[14.471221765300657,45.85048391872058],[14.466784445642627,45.84929666730921],[14.46500858817487,45.85147525323459],[14.463041799659239,45.85210775069587],[14.461973025878068,45.85070594310965],[14.467252297775545,45.84571573032059],[14.470293669926779,45.84629002194447],[14.469101397882545,45.844819324903156],[14.47190959679223,45.843224236071954],[14.471727857907197,45.84203091048989],[14.476406425149555,45.84037341022389],[14.476629957517428,45.84],[14.476288801957896,45.84],[14.476222059778923,45.84011891385075],[14.469957608792798,45.8422754554219],[14.469458799188189,45.843996599438434],[14.465804613376022,45.84578384944435],[14.466191513292655,45.84640395505693],[14.462074205464178,45.85009526062714],[14.460196857717257,45.84962947961075],[14.462105989798985,45.846281838983785],[14.459852586059206,45.84567708248234],[14.46005205748189,45.84183087863781],[14.458038714726161,45.84],[14.457515235298388,45.84],[14.459630351880872,45.84177896983555],[14.459427665287821,45.8460719851882],[14.461527036221979,45.8466107189024],[14.46009533050158,45.848373207322744],[14.458689665582295,45.84686382046748],[14.456428918487267,45.847508430175345],[14.455200743533721,45.84676550474131],[14.448751604759838,45.846443282053144],[14.441030822517833,45.848580831828635],[14.440470431821847,45.84752945928886],[14.443008694750699,45.84636342072346],[14.440180462679404,45.84731215595022],[14.44,45.84717809796791],[14.44,45.84880994280314],[14.441991828069726,45.84894100453714]]]}},{"type":"Feature","properties":{"_zoneType":"SI_BUILT","name":"Pozidano zemljišče","authority":"MKGP","dataSource":"raba-3000"},"geometry":{"type":"Polygon","coordinates":[[[14.45155805943286,45.841813855486734],[14.451733725495382,45.84],[14.451390720228643,45.84],[14.45155805943286,45.841813855486734]]]}},{"type":"Feature","properties":{"_zoneType":"SI_BUILT","name":"Pozidano zemljišče","authority":"MKGP","dataSource":"raba-3000"},"geometry":{"type":"Polygon","coordinates":[[[14.480781641466375,45.837625857225255],[14.481686428809219,45.83534425440688],[14.485116869001505,45.83349083554246],[14.481352597670284,45.83520137400475],[14.480911227535257,45.83715962130762],[14.48,45.837510154965955],[14.48,45.83790371942522],[14.480781641466375,45.837625857225255]]]}},{"type":"Feature","properties":{"_zoneType":"SI_BUILT","name":"Pozidano zemljišče","authority":"MKGP","dataSource":"raba-3000"},"geometry":{"type":"Polygon","coordinates":[[[14.481271364342742,45.81748217594787],[14.484659355803181,45.82143116994252],[14.481919228408247,45.823471847408555],[14.482350473539451,45.824116144121994],[14.48521988946535,45.8223161455607],[14.485227238826376,45.82151870336464],[14.483385156204067,45.819551760570874],[14.484230417809254,45.81890284427247],[14.482938613126706,45.818902656051776],[14.481602963822551,45.817281514259754],[14.48,45.81779435230119],[14.48,45.81789363352692],[14.481271364342742,45.81748217594787]]]}},{"type":"Feature","properties":{"_zoneType":"SI_BUILT","name":"Pozidano zemljišče","authority":"MKGP","dataSource":"raba-3000"},"geometry":{"type":"Polygon","coordinates":[[[14.480400359878729,45.814198924629466],[14.485289975277642,45.8147101159854],[14.48452800635679,45.81327670181616],[14.485312885340612,45.812223147922396],[14.483894988198275,45.8121376121072],[14.485346004220942,45.80862739790936],[14.48537291308181,45.805705371907806],[14.483813829883816,45.81142559509167],[14.481380582569562,45.811600225400475],[14.48062119348294,45.81056489342364],[14.48,45.810634494419176],[14.48,45.81144868506533],[14.480346535896762,45.81141834582883],[14.480972359654134,45.812539698331],[14.483022635195807,45.81184501030209],[14.48,45.81383390349854],[14.48,45.81434997054999],[14.480400359878729,45.814198924629466]]]}},{"type":"Feature","properties":{"_zoneType":"SI_BUILT","name":"Pozidano zemljišče","authority":"MKGP","dataSource":"raba-3000"},"geometry":{"type":"Polygon","coordinates":[[[14.480933880166678,45.80136951816496],[14.48187082560425,45.80283894879334],[14.480872772828898,45.805139245626776],[14.481527864502008,45.80488715975664],[14.482194734892579,45.80287699887211],[14.481303521565524,45.80139085443441],[14.481524258874579,45.800000000000004],[14.480346209989037,45.800000000000004],[14.48,45.800670901677194],[14.48,45.80183471596309],[14.480933880166678,45.80136951816496]]]}},{"type":"Feature","properties":{"_zoneType":"SI_BUILT","name":"Pozidano zemljišče","authority":"MKGP","dataSource":"raba-3000"},"geometry":{"type":"Polygon","coordinates":[[[14.480193685239882,45.851976745450386],[14.48,45.851923853213385],[14.48,45.85204581823108],[14.480193685239882,45.851976745450386]]]}},{"type":"Feature","properties":{"_zoneType":"SI_BUILT","name":"Pozidano zemljišče","authority":"MKGP","dataSource":"raba-3000"},"geometry":{"type":"Polygon","coordinates":[[[14.483385568397445,45.84413645698318],[14.485020020795346,45.84398999085202],[14.48502888443411,45.84302934093356],[14.480816049498983,45.843859886730264],[14.48351372315768,45.84358775753922],[14.48,45.84585809174754],[14.48,45.846361450394234],[14.483385568397445,45.84413645698318]]]}},{"type":"Feature","properties":{"_zoneType":"SI_BUILT","name":"Pozidano zemljišče","authority":"MKGP","dataSource":"raba-3000"},"geometry":{"type":"Polygon","coordinates":[[[14.48,45.83024564310166],[14.48,45.83008165534567],[14.478457304593194,45.8283690175134],[14.475854969054666,45.82900899388144],[14.47822543777413,45.82855955058092],[14.48,45.83024564310166]]]}},{"type":"Feature","properties":{"_zoneType":"SI_BUILT","name":"Pozidano zemljišče","authority":"MKGP","dataSource":"raba-3000"},"geometry":{"type":"Polygon","coordinates":[[[14.48102483508679,45.831219385667374],[14.48,45.83008165534567],[14.48,45.83024564310166],[14.48102483508679,45.831219385667374]]]}},{"type":"Feature","properties":{"_zoneType":"SI_BUILT","name":"Pozidano zemljišče","authority":"MKGP","dataSource":"raba-3000"},"geometry":{"type":"Polygon","coordinates":[[[14.470740907474774,45.84535898801145],[14.470445021770402,45.84527043015287],[14.470613230336795,45.84555464084931],[14.470740907474774,45.84535898801145]]]}},{"type":"Feature","properties":{"_zoneType":"SI_BUILT","name":"Pozidano zemljišče","authority":"MKGP","dataSource":"raba-3000"},"geometry":{"type":"Polygon","coordinates":[[[14.412970821146367,45.85476128603726],[14.413274336978201,45.85483317549978],[14.413068357850493,45.85458725825402],[14.412970821146367,45.85476128603726]]]}},{"type":"Feature","properties":{"_zoneType":"SI_BUILT","name":"Pozidano zemljišče","authority":"MKGP","dataSource":"raba-3000"},"geometry":{"type":"Polygon","coordinates":[[[14.41911485442016,45.854600412845606],[14.419136327202501,45.85443833234758],[14.418806968956838,45.85457884456743],[14.41911485442016,45.854600412845606]]]}},{"type":"Feature","properties":{"_zoneType":"SI_BUILT","name":"Pozidano zemljišče","authority":"MKGP","dataSource":"raba-3000"},"geometry":{"type":"Polygon","coordinates":[[[14.480145955498342,45.80552806285903],[14.480414046671878,45.805601424898065],[14.4802491105081,45.80537603201229],[14.480145955498342,45.80552806285903]]]}},{"type":"Feature","properties":{"_zoneType":"SI_BUILT","name":"Pozidano zemljišče","authority":"MKGP","dataSource":"raba-3000"},"geometry":{"type":"Polygon","coordinates":[[[14.485419348935453,45.80066185186909],[14.484684837462945,45.80093595837132],[14.485417278170594,45.800886791763475],[14.485419348935453,45.80066185186909]]]}},{"type":"Feature","properties":{"_zoneType":"SI_BUILT","name":"Pozidano zemljišče","authority":"MKGP","dataSource":"raba-3000"},"geometry":{"type":"Polygon","coordinates":[[[14.482095104005522,45.84827390067586],[14.481864180756642,45.848102641794576],[14.481856192018022,45.848423404933044],[14.482095104005522,45.84827390067586]]]}},{"type":"Feature","properties":{"_zoneType":"SI_BUILT","name":"Pozidano zemljišče","authority":"MKGP","dataSource":"raba-3000"},"geometry":{"type":"Polygon","coordinates":[[[14.479393437574242,45.82457729410135],[14.47922286780589,45.82449012989993],[14.47834525382484,45.824922630964416],[14.479393437574242,45.82457729410135]]]}},{"type":"Feature","properties":{"_zoneType":"SI_BUILT","name":"Pozidano zemljišče","authority":"MKGP","dataSource":"raba-3000"},"geometry":{"type":"Polygon","coordinates":[[[14.435637685792523,45.81482818543061],[14.435770968225762,45.81443546922924],[14.435408147873318,45.814752851147304],[14.435637685792523,45.81482818543061]]]}},{"type":"Feature","properties":{"_zoneType":"SI_BUILT","name":"Pozidano zemljišče","authority":"MKGP","dataSource":"raba-3000"},"geometry":{"type":"Polygon","coordinates":[[[14.46624835558091,45.818601188301734],[14.466140343826854,45.81876797230846],[14.466673329049815,45.81884397521092],[14.46624835558091,45.818601188301734]]]}},{"type":"Feature","properties":{"_zoneType":"SI_BUILT","name":"Pozidano zemljišče","authority":"MKGP","dataSource":"raba-3000"},"geometry":{"type":"Polygon","coordinates":[[[14.451689719956006,45.81348161278471],[14.453477691745626,45.813003985709244],[14.453827507324528,45.812392800024234],[14.45337120079401,45.81278715193419],[14.451689719956006,45.81348161278471]]]}},{"type":"Feature","properties":{"_zoneType":"SI_BUILT","name":"Pozidano zemljišče","authority":"MKGP","dataSource":"raba-3000"},"geometry":{"type":"Polygon","coordinates":[[[14.4368195025645,45.811455911074034],[14.437754525286818,45.81067792636483],[14.437226198385698,45.81076429199062],[14.4368195025645,45.811455911074034]]]}},{"type":"Feature","properties":{"_zoneType":"SI_BUILT","name":"Pozidano zemljišče","authority":"MKGP","dataSource":"raba-3000"},"geometry":{"type":"Polygon","coordinates":[[[14.423095441263447,45.8091644228635],[14.422727747364036,45.809161850672396],[14.423096053522418,45.80938931752661],[14.423095441263447,45.8091644228635]]]}},{"type":"Feature","properties":{"_zoneType":"SI_BUILT","name":"Pozidano zemljišče","authority":"MKGP","dataSource":"raba-3000"},"geometry":{"type":"Polygon","coordinates":[[[14.471714275554266,45.82799096609416],[14.472013839869541,45.827976664642804],[14.47172140335532,45.82780170466358],[14.471714275554266,45.82799096609416]]]}},{"type":"Feature","properties":{"_zoneType":"SI_BUILT","name":"Pozidano zemljišče","authority":"MKGP","dataSource":"raba-3000"},"geometry":{"type":"Polygon","coordinates":[[[14.471068124373462,45.85272907329516],[14.470786451902386,45.85265263645812],[14.470969004408515,45.85290521137195],[14.471068124373462,45.85272907329516]]]}},{"type":"Feature","properties":{"_zoneType":"SI_BUILT","name":"Pozidano zemljišče","authority":"MKGP","dataSource":"raba-3000"},"geometry":{"type":"Polygon","coordinates":[[[14.468792772199038,45.82537388846495],[14.468738951133183,45.825176960503995],[14.468481980461986,45.8254112742501],[14.468792772199038,45.82537388846495]]]}},{"type":"Feature","properties":{"_zoneType":"SI_BUILT","name":"Pozidano zemljišče","authority":"MKGP","dataSource":"raba-3000"},"geometry":{"type":"Polygon","coordinates":[[[14.467965514374512,45.826257901746615],[14.468379628027982,45.82620771582706],[14.46801598329389,45.82607668478529],[14.467965514374512,45.826257901746615]]]}},{"type":"Feature","properties":{"_zoneType":"SI_BUILT","name":"Pozidano zemljišče","authority":"MKGP","dataSource":"raba-3000"},"geometry":{"type":"Polygon","coordinates":[[[14.464484295871655,45.8320473980547],[14.465431294703292,45.83114701253586],[14.464761899651442,45.831242557323975],[14.464484295871655,45.8320473980547]]]}},{"type":"Feature","properties":{"_zoneType":"SI_BUILT","name":"Pozidano zemljišče","authority":"MKGP","dataSource":"raba-3000"},"geometry":{"type":"Polygon","coordinates":[[[14.4311862166796,45.84470612427854],[14.431545014306144,45.84484512527247],[14.431356591367392,45.84448112404702],[14.4311862166796,45.84470612427854]]]}},{"type":"Feature","properties":{"_zoneType":"SI_BUILT","name":"Pozidano zemljišče","authority":"MKGP","dataSource":"raba-3000"},"geometry":{"type":"Polygon","coordinates":[[[14.416267872688561,45.81707044794029],[14.416486358501576,45.81694648567917],[14.41611795016192,45.81692254242301],[14.416267872688561,45.81707044794029]]]}},{"type":"Feature","properties":{"_zoneType":"SI_BUILT","name":"Pozidano zemljišče","authority":"MKGP","dataSource":"raba-3000"},"geometry":{"type":"Polygon","coordinates":[[[14.456948216094833,45.8011859168304],[14.45689946328401,45.80107047136429],[14.456089885979642,45.80101897859006],[14.456948216094833,45.8011859168304]]]}},{"type":"Feature","properties":{"_zoneType":"SI_BUILT","name":"Pozidano zemljišče","authority":"MKGP","dataSource":"raba-3000"},"geometry":{"type":"Polygon","coordinates":[[[14.45103019257487,45.85499614508891],[14.450440193188658,45.85507502397303],[14.45081040220418,45.85535035182226],[14.45103019257487,45.85499614508891]]]}},{"type":"Feature","properties":{"_zoneType":"SI_BUILT","name":"Pozidano zemljišče","authority":"MKGP","dataSource":"raba-3000"},"geometry":{"type":"Polygon","coordinates":[[[14.44901574555811,45.81879450814972],[14.448706736020522,45.818173877152404],[14.448584665496771,45.81874728334725],[14.44901574555811,45.81879450814972]]]}},{"type":"Feature","properties":{"_zoneType":"SI_BUILT","name":"Pozidano zemljišče","authority":"MKGP","dataSource":"raba-3000"},"geometry":{"type":"Polygon","coordinates":[[[14.446811061550857,45.819169332932624],[14.447711272586467,45.81954114008255],[14.446971058472398,45.81908225658661],[14.446811061550857,45.819169332932624]]]}},{"type":"Feature","properties":{"_zoneType":"SI_BUILT","name":"Pozidano zemljišče","authority":"MKGP","dataSource":"raba-3000"},"geometry":{"type":"Polygon","coordinates":[[[14.445278172192321,45.810757070072604],[14.444079123050255,45.811003844740526],[14.445171643724395,45.81094325883888],[14.445278172192321,45.810757070072604]]]}},{"type":"Feature","properties":{"_zoneType":"SI_BUILT","name":"Pozidano zemljišče","authority":"MKGP","dataSource":"raba-3000"},"geometry":{"type":"Polygon","coordinates":[[[14.441496884213034,45.81180320107159],[14.44237518244719,45.8124284154519],[14.441717216718878,45.811726716494874],[14.441496884213034,45.81180320107159]]]}},{"type":"Feature","properties":{"_zoneType":"SI_BUILT","name":"Pozidano zemljišče","authority":"MKGP","dataSource":"raba-3000"},"geometry":{"type":"Polygon","coordinates":[[[14.435331140074625,45.80405324177664],[14.43549641552843,45.80430140347167],[14.436237863633924,45.80447156415427],[14.435331140074625,45.80405324177664]]]}},{"type":"Feature","properties":{"_zoneType":"SI_BUILT","name":"Pozidano zemljišče","authority":"MKGP","dataSource":"raba-3000"},"geometry":{"type":"Polygon","coordinates":[[[14.435938614271052,45.80546511740679],[14.43565425795703,45.80535457375662],[14.435882873075935,45.80557502685652],[14.435938614271052,45.80546511740679]]]}},{"type":"Feature","properties":{"_zoneType":"SI_BUILT","name":"Pozidano zemljišče","authority":"MKGP","dataSource":"raba-3000"},"geometry":{"type":"Polygon","coordinates":[[[14.430897284793904,45.8412154778772],[14.429462309826285,45.840539270078956],[14.428648824153735,45.84089593209591],[14.429889101710437,45.84151659907107],[14.430897284793904,45.8412154778772]]]}},{"type":"Feature","properties":{"_zoneType":"SI_BUILT","name":"Pozidano zemljišče","authority":"MKGP","dataSource":"raba-3000"},"geometry":{"type":"Polygon","coordinates":[[[14.430818457283348,45.802743251952464],[14.430785259306331,45.80255089903202],[14.429882745308237,45.80203092633979],[14.430818457283348,45.802743251952464]]]}},{"type":"Feature","properties":{"_zoneType":"SI_BUILT","name":"Pozidano zemljišče","authority":"MKGP","dataSource":"raba-3000"},"geometry":{"type":"Polygon","coordinates":[[[14.429768611967464,45.84627638899173],[14.427408980429588,45.84483792853697],[14.427839858147518,45.84582074947312],[14.429768611967464,45.84627638899173]]]}},{"type":"Feature","properties":{"_zoneType":"SI_BUILT","name":"Pozidano zemljišče","authority":"MKGP","dataSource":"raba-3000"},"geometry":{"type":"Polygon","coordinates":[[[14.429258789130985,45.80492118513785],[14.42871988098702,45.804315436203915],[14.428098598527058,45.80665767825309],[14.426699565698094,45.80764443589211],[14.428392084189406,45.80677574513465],[14.429258789130985,45.80492118513785]]]}},{"type":"Feature","properties":{"_zoneType":"SI_BUILT","name":"Pozidano zemljišče","authority":"MKGP","dataSource":"raba-3000"},"geometry":{"type":"Polygon","coordinates":[[[14.421815207561528,45.8136590400859],[14.421491253673597,45.813640397498986],[14.421502000154875,45.8141493462041],[14.421815207561528,45.8136590400859]]]}},{"type":"Feature","properties":{"_zoneType":"SI_BUILT","name":"Pozidano zemljišče","authority":"MKGP","dataSource":"raba-3000"},"geometry":{"type":"Polygon","coordinates":[[[14.421077233502928,45.834717577713185],[14.420760468410112,45.8343653384527],[14.420875026396374,45.834813502702204],[14.421077233502928,45.834717577713185]]]}},{"type":"Feature","properties":{"_zoneType":"SI_BUILT","name":"Pozidano zemljišče","authority":"MKGP","dataSource":"raba-3000"},"geometry":{"type":"Polygon","coordinates":[[[14.420315795340708,45.85710218558136],[14.420034544303249,45.856959145606325],[14.420106989968273,45.857464023449126],[14.420315795340708,45.85710218558136]]]}},{"type":"Feature","properties":{"_zoneType":"SI_BUILT","name":"Pozidano zemljišče","authority":"MKGP","dataSource":"raba-3000"},"geometry":{"type":"Polygon","coordinates":[[[14.419260839544567,45.80933202770066],[14.417558079146453,45.80749883726601],[14.418236272656628,45.80909339121213],[14.419260839544567,45.80933202770066]]]}},{"type":"Feature","properties":{"_zoneType":"SI_BUILT","name":"Pozidano zemljišče","authority":"MKGP","dataSource":"raba-3000"},"geometry":{"type":"Polygon","coordinates":[[[14.417474166620796,45.83131754936956],[14.417179929812859,45.830524865353276],[14.417197010798471,45.831321644284436],[14.417474166620796,45.83131754936956]]]}},{"type":"Feature","properties":{"_zoneType":"SI_BUILT","name":"Pozidano zemljišče","authority":"MKGP","dataSource":"raba-3000"},"geometry":{"type":"Polygon","coordinates":[[[14.416264982810326,45.82093785135209],[14.413623213334144,45.82010873227497],[14.415796940571358,45.82108082097529],[14.416264982810326,45.82093785135209]]]}},{"type":"Feature","properties":{"_zoneType":"SI_BUILT","name":"Pozidano zemljišče","authority":"MKGP","dataSource":"raba-3000"},"geometry":{"type":"Polygon","coordinates":[[[14.415190347769359,45.81220873476663],[14.415131573241116,45.81206822086014],[14.414233867136996,45.81206394567636],[14.415190347769359,45.81220873476663]]]}},{"type":"Feature","properties":{"_zoneType":"SI_BUILT","name":"Pozidano zemljišče","authority":"MKGP","dataSource":"raba-3000"},"geometry":{"type":"Polygon","coordinates":[[[14.409931660917445,45.800000000000004],[14.409802439321423,45.800000000000004],[14.409316472216135,45.80061541779108],[14.409931660917445,45.800000000000004]]]}},{"type":"Feature","properties":{"_zoneType":"SI_BUILT","name":"Pozidano zemljišče","authority":"MKGP","dataSource":"raba-3000"},"geometry":{"type":"Polygon","coordinates":[[[14.403258942361777,45.8488547832303],[14.400881777526875,45.8523537163089],[14.4,45.852499865267646],[14.4,45.85294537764393],[14.403731112784026,45.85051775221412],[14.403258942361777,45.8488547832303]]]}}]}