{"type":"FeatureCollection","features":[{"type":"Feature","properties":{"_zoneType":"SI_BUILT","name":"Pozidano zemljišče","authority":"MKGP","dataSource":"raba-3000"},"geometry":{"type":"Polygon","coordinates":[[[13.83179361186354,46.0391259793882],[13.832674533322503,46.035953935198464],[13.83167702416825,46.03429749764167],[13.82987330884343,46.03381243616151],[13.830676818079779,46.03552480590356],[13.828668249950061,46.036779331089846],[13.829900844200434,46.03737962686842],[13.831129213489369,46.03586964322898],[13.831802626277897,46.037381578667244],[13.830902847630846,46.04],[13.831418221526633,46.04],[13.83179361186354,46.0391259793882]]]}},{"type":"Feature","properties":{"_zoneType":"SI_BUILT","name":"Pozidano zemljišče","authority":"MKGP","dataSource":"raba-3000"},"geometry":{"type":"Polygon","coordinates":[[[13.824875323304367,46.0399241211276],[13.824091541071969,46.036591461659526],[13.82708052402292,46.03554576481688],[13.826610470018629,46.033778980675564],[13.826116034923865,46.03531513097442],[13.823766342221804,46.03621149605616],[13.822913446969812,46.0375687176797],[13.824334038276987,46.039537705129696],[13.823994882836901,46.04],[13.824795965764444,46.04],[13.824875323304367,46.0399241211276]]]}},{"type":"Feature","properties":{"_zoneType":"SI_BUILT","name":"Pozidano zemljišče","authority":"MKGP","dataSource":"raba-3000"},"geometry":{"type":"Polygon","coordinates":[[[13.833111959818563,46.07655736481157],[13.832112281451634,46.07430431002139],[13.832870126258843,46.07270882589217],[13.830473715683814,46.06896448094478],[13.827786756696003,46.06821181983213],[13.829419448526005,46.06345134676545],[13.827213733408012,46.05542022007396],[13.827691016125534,46.05413493633949],[13.827241200059795,46.05253924131522],[13.829213908172239,46.04932245059282],[13.828485206677483,46.047805119643],[13.828902707182511,46.04503752806068],[13.82812899757425,46.04406400053094],[13.830699250076618,46.04167397986795],[13.831418221526633,46.04],[13.830902847630846,46.04],[13.830353503259252,46.04159863209282],[13.827779674282692,46.04399333815866],[13.828497182291615,46.04516426549279],[13.82812435753165,46.047823752667306],[13.828785635868183,46.04936137407417],[13.826547822997984,46.05157173824967],[13.82733464366564,46.0544008097038],[13.826775964358369,46.057199802616076],[13.8256112005584,46.057767014211315],[13.825854825073478,46.06012707171685],[13.826801384949652,46.05994761195217],[13.827248236622877,46.05819135477871],[13.828202714192253,46.059438367072126],[13.827752684740691,46.06106338515218],[13.828883626060495,46.06436729327039],[13.827438202899328,46.068373147076514],[13.830173224976877,46.06909393148832],[13.832486588617629,46.072671235411015],[13.831759084014863,46.07396314366504],[13.832084554686778,46.07577248127792],[13.831327221780464,46.07614633790835],[13.830186989218753,46.07515912640435],[13.829800095285933,46.07287147581325],[13.827411276300017,46.070712588825515],[13.82349427767969,46.07194265443223],[13.824257983797223,46.0685221136726],[13.823650880075276,46.06804177991208],[13.821222293093061,46.06791230464743],[13.821880797795135,46.06921331489985],[13.819619496647759,46.069727115288515],[13.818389602136435,46.06864145995717],[13.813814153443857,46.06955342599493],[13.815358359739554,46.06790102993215],[13.81539292215448,46.06652608825934],[13.81902582709042,46.063320463279155],[13.82345576550309,46.06429016874513],[13.824465971087793,46.06274645629457],[13.823202592391938,46.06359657826607],[13.815954101225516,46.06307715750915],[13.81647544939413,46.05975700956937],[13.819073056101203,46.0579828504683],[13.818201780822442,46.05694001651523],[13.819187678165529,46.055934346713244],[13.815393762674233,46.05452127141612],[13.823453502959897,46.049099810401636],[13.823127470175717,46.04803919948329],[13.82199625572172,46.04982847535592],[13.819826397552317,46.05000070014624],[13.820699863147494,46.04889034696053],[13.819099813255082,46.04782162897743],[13.821262214473647,46.04592308107796],[13.819799970088239,46.043364544775336],[13.822951084682668,46.041764010027734],[13.824795965764444,46.04],[13.823994882836901,46.04],[13.823122383142426,46.04118928398434],[13.819310916094487,46.04315249706662],[13.820634140110823,46.04617814358345],[13.818585080999322,46.047923328373635],[13.820108224908834,46.04917751459432],[13.818337047496366,46.05209788143335],[13.814652689406104,46.05480223486522],[13.81800434798308,46.0562418548065],[13.81818198344073,46.057628866587784],[13.816091456269953,46.05970468230723],[13.815132156052332,46.0630889449946],[13.817441539260326,46.06433814498545],[13.815721892642179,46.06549278971984],[13.815209465577679,46.06413311596171],[13.812746094740925,46.064087383833815],[13.81279594399086,46.06255683737994],[13.814070848777812,46.06131308109844],[13.812864674223878,46.06007182678787],[13.809115496806243,46.064546753251626],[13.808769541531042,46.066782058707325],[13.805247508502093,46.06812506936871],[13.802230708941837,46.06617019939966],[13.802459308935696,46.06487595895691],[13.800982130476699,46.06397692429536],[13.8,46.06064354782131],[13.8,46.06503544435358],[13.800260519961498,46.06439790694621],[13.801827848521294,46.064732910346194],[13.801942472728612,46.06632337089219],[13.803851259980704,46.06804052220425],[13.80638421178439,46.06832372217074],[13.805858745667356,46.0692546361582],[13.808910162508015,46.067693872948446],[13.806591233131279,46.07150083937699],[13.808080654238376,46.07264519741543],[13.807875526545658,46.07463338744885],[13.808124449808432,46.07357755119388],[13.809312820000716,46.073345789809466],[13.806976391036134,46.07167040586041],[13.80723758941883,46.07049262469331],[13.809499998870894,46.06871111610115],[13.809355219371925,46.06580957018623],[13.811489015582074,46.06302022253596],[13.812328749787467,46.064588195269536],[13.815211221834861,46.064573572849156],[13.813873823588969,46.06648394004816],[13.814513808797226,46.06784922195505],[13.813017517800803,46.06948263902366],[13.814948765222065,46.070781689126086],[13.818067322295574,46.069217593978884],[13.821620666212397,46.070473288926024],[13.822744958520367,46.06941388249207],[13.823454243201061,46.070184499927755],[13.823010718847662,46.07245303966823],[13.826045327911455,46.072118277164165],[13.827096920186438,46.07105912564806],[13.829635427815916,46.073315556139896],[13.829591136912352,46.07515993449952],[13.8306844967362,46.07641023891158],[13.830606212545083,46.08],[13.83090456653738,46.08],[13.830903955177863,46.07855672313902],[13.832074763199738,46.077565386088594],[13.831812134873793,46.08],[13.832630466425421,46.08],[13.833111959818563,46.07655736481157]],[[13.832592195944622,46.07704554878551],[13.831881061609456,46.07704974332743],[13.832652480705324,46.07652669712822],[13.832592195944622,46.07704554878551]]]}},{"type":"Feature","properties":{"_zoneType":"SI_BUILT","name":"Pozidano zemljišče","authority":"MKGP","dataSource":"raba-3000"},"geometry":{"type":"Polygon","coordinates":[[[13.80419978927419,46.05713932846481],[13.80615067915376,46.0574974898276],[13.804178757826076,46.0568747745427],[13.800995103683656,46.058944556339],[13.8,46.056856357589794],[13.8,46.059651656887624],[13.802753330000435,46.058818943544146],[13.80419978927419,46.05713932846481]]]}},{"type":"Feature","properties":{"_zoneType":"SI_BUILT","name":"Pozidano zemljišče","authority":"MKGP","dataSource":"raba-3000"},"geometry":{"type":"Polygon","coordinates":[[[13.8,46.05466065558565],[13.8,46.05504069328212],[13.800355538333235,46.05466734248536],[13.8,46.05466065558565]]]}},{"type":"Feature","properties":{"_zoneType":"SI_BUILT","name":"Pozidano zemljišče","authority":"MKGP","dataSource":"raba-3000"},"geometry":{"type":"Polygon","coordinates":[[[13.8,46.06803502865862],[13.8,46.068759040960636],[13.80216515305825,46.06983261772527],[13.80024682920905,46.0714522893445],[13.8,46.07119244716915],[13.8,46.0718370113465],[13.803743365543834,46.069761104167384],[13.8,46.06803502865862]]]}},{"type":"Feature","properties":{"_zoneType":"SI_BUILT","name":"Pozidano zemljišče","authority":"MKGP","dataSource":"raba-3000"},"geometry":{"type":"Polygon","coordinates":[[[13.8,46.06632965697063],[13.8,46.067804985264964],[13.801660217451467,46.06786927616475],[13.8,46.06632965697063]]]}},{"type":"Feature","properties":{"_zoneType":"SI_BUILT","name":"Pozidano zemljišče","authority":"MKGP","dataSource":"raba-3000"},"geometry":{"type":"Polygon","coordinates":[[[13.839388769314796,46.09306733579261],[13.84,46.092016795466165],[13.84,46.090348265976594],[13.839791762541775,46.09043100220026],[13.838135168723182,46.093218494949994],[13.833978484525952,46.09394983023469],[13.830603545117668,46.09136619822647],[13.831042295957614,46.086377961427225],[13.830242011572697,46.084946741908574],[13.831184610659312,46.08333051354128],[13.832876819606987,46.08282176725148],[13.83354635954785,46.084889085890254],[13.834712200661999,46.084628372542774],[13.83467744415658,46.08367352328126],[13.83642045398481,46.08245714829201],[13.836768189477496,46.08441954193088],[13.83570061064185,46.086933965258225],[13.837105412104833,46.084466182826084],[13.837115821503161,46.08092339198618],[13.834201479754821,46.083572015078495],[13.832432641829584,46.08141442836904],[13.832630466425421,46.08],[13.831812134873793,46.08],[13.83163659283633,46.0816273076596],[13.830905165214432,46.08141333651999],[13.83090456653738,46.08],[13.830606212545083,46.08],[13.830582055801402,46.08110771967177],[13.829203785267879,46.08226316398],[13.830411754729827,46.08266951246001],[13.829515240838491,46.08407690546223],[13.829920917027318,46.0853511768745],[13.82785040647474,46.08736870345618],[13.82256784135781,46.0870832588966],[13.82722212322917,46.08812134634049],[13.829520977411612,46.087479426287125],[13.830499039084595,46.08832559298258],[13.829555723514504,46.092043444465766],[13.830932861531464,46.09301081108352],[13.828596524856597,46.09254374243573],[13.829188943813444,46.093785384283564],[13.834929210824829,46.09492140298915],[13.837572382182875,46.094097682256034],[13.837734467683896,46.095367795015555],[13.83961529876317,46.09536891567131],[13.839771794288476,46.09620486531632],[13.83217308137184,46.100860645249966],[13.828225323703043,46.09835163024905],[13.826329571286866,46.10194286338757],[13.819372144666856,46.10448110098983],[13.819109042876931,46.105628249399835],[13.80743038175423,46.114636302261964],[13.808995209736503,46.11163944806812],[13.81546397916347,46.10590060439669],[13.82473882147687,46.099773551192655],[13.824213188921568,46.09927696172522],[13.819036930473093,46.1019147281066],[13.807474663514325,46.11243610621226],[13.807723835424612,46.11341261132441],[13.805673105938162,46.11643300488561],[13.80371260843884,46.118524415462424],[13.801158038975652,46.119559657853536],[13.80068875197399,46.12],[13.80171114271386,46.12],[13.805567897995553,46.11791269062762],[13.804221486832123,46.12],[13.808860600161875,46.12],[13.811217549778455,46.118195183262145],[13.812706910037996,46.11991896310156],[13.812599288304042,46.12],[13.814050728201417,46.12],[13.81913372932318,46.116296013028446],[13.820168212405191,46.116478932173536],[13.821119040554091,46.11277337126284],[13.825705254612762,46.11092214743051],[13.827386091935034,46.111473929374924],[13.826950564268705,46.1138310327994],[13.822947200737557,46.114464706859955],[13.825402703488757,46.11544055418452],[13.825640699146245,46.11997726733453],[13.822481430413735,46.1180792245811],[13.824557507105181,46.12],[13.828251496670402,46.12],[13.828211187671837,46.11984403016114],[13.826433261668098,46.1193158483722],[13.827401000391204,46.117784780210954],[13.826968602103502,46.116424829277456],[13.82906904283484,46.11573754751957],[13.830757218284319,46.11411693409025],[13.831983155900593,46.11540027816951],[13.833560927005264,46.112760172830825],[13.829136651201283,46.1145041725432],[13.828791291197783,46.11558367101368],[13.82612090442262,46.11610739881075],[13.826893292415669,46.11493827922389],[13.826328545529494,46.11433672715341],[13.829446761777406,46.11259327750083],[13.827973939732308,46.112104821496004],[13.827448138850027,46.110796691616834],[13.828213345766468,46.109753413177145],[13.829912086831078,46.10965570398126],[13.82908899139847,46.10845927206607],[13.8297135075476,46.10798974996412],[13.831912282087387,46.108534334541744],[13.831195589807937,46.109206295248],[13.83160787732847,46.11029166539467],[13.830525392509944,46.110895152091175],[13.83132725824796,46.11178244246915],[13.831972874816127,46.11024306359936],[13.831649701660211,46.109395408802314],[13.83258184118643,46.10935315781643],[13.838045252916165,46.1119058936063],[13.83484056430453,46.11245066591909],[13.83924352990683,46.11244848709011],[13.84,46.11482472788366],[13.84,46.11481341727793],[13.839812152550676,46.112641451885096],[13.84,46.112479174948106],[13.84,46.11171124425987],[13.83947155366719,46.11208797806165],[13.83401961611759,46.109837686793256],[13.83431882682162,46.10810478963967],[13.833165487655117,46.10785946247817],[13.833195545222758,46.10702683995342],[13.832558301021528,46.10839255179386],[13.828493872925568,46.10775108871179],[13.827494586927028,46.10870654647056],[13.826659131634898,46.10764837299523],[13.82775293131745,46.10929207477964],[13.827184136042918,46.110414261599146],[13.825184375943106,46.1105345141617],[13.824246981413308,46.10951477883926],[13.824474702975001,46.11015569923795],[13.82073904108998,46.11264186214096],[13.818619651380532,46.11639725387649],[13.815040392940496,46.11865765520194],[13.815554096171466,46.116329517301274],[13.817232177579568,46.115918807894076],[13.816176638931923,46.11492169605705],[13.81775853664978,46.11438138811851],[13.818783872658042,46.11170195035628],[13.820719460854232,46.1104423461979],[13.82133116222361,46.10828605150158],[13.81911483424201,46.10880203719033],[13.820046608963462,46.10742305764788],[13.818644364242402,46.10823130890976],[13.817938441258018,46.11332132818905],[13.815689348506435,46.11525896155817],[13.813713502338622,46.11441110067091],[13.817000378113582,46.11066222640982],[13.812421939314028,46.114060621187654],[13.808897320857744,46.11825670705287],[13.807336105527842,46.11827980070399],[13.807931984049432,46.11510614652404],[13.810609885016461,46.114385407432195],[13.809617034436494,46.1139141377793],[13.811576706754296,46.11182431009269],[13.822377419817085,46.10349111657688],[13.82672285862683,46.10205364249418],[13.828684108225165,46.09895639709627],[13.83118369337773,46.100929966269135],[13.833277301545182,46.10109850464137],[13.836859454745797,46.098161350306334],[13.84,46.09726665265536],[13.84,46.09444952454458],[13.839388769314796,46.09306733579261]],[[13.81507472048859,46.11671608247666],[13.813147640425424,46.118413999717276],[13.810871450553853,46.117870972476844],[13.809690069224565,46.11811549844527],[13.81351257057938,46.114941451295444],[13.81507472048859,46.11671608247666]]]}},{"type":"Feature","properties":{"_zoneType":"SI_BUILT","name":"Pozidano zemljišče","authority":"MKGP","dataSource":"raba-3000"},"geometry":{"type":"Polygon","coordinates":[[[13.83925102742264,46.106812597574475],[13.839351889576573,46.10776308982806],[13.837914065619112,46.1077461052649],[13.84,46.10841392274233],[13.84,46.10628123949183],[13.83925102742264,46.106812597574475]]]}},{"type":"Feature","properties":{"_zoneType":"SI_BUILT","name":"Pozidano zemljišče","authority":"MKGP","dataSource":"raba-3000"},"geometry":{"type":"Polygon","coordinates":[[[13.839472680848107,46.10928201331106],[13.84,46.10988369567107],[13.84,46.10900583200012],[13.839472680848107,46.10928201331106]]]}},{"type":"Feature","properties":{"_zoneType":"SI_BUILT","name":"Pozidano zemljišče","authority":"MKGP","dataSource":"raba-3000"},"geometry":{"type":"Polygon","coordinates":[[[13.84,46.11838746453605],[13.84,46.11692352098556],[13.837208052487432,46.11576215971626],[13.835810329237265,46.11682851931439],[13.834300016280267,46.11588669026253],[13.834579212686263,46.11851589495753],[13.837371602222458,46.1161841251556],[13.838982884057037,46.11763893056566],[13.83887253701602,46.12],[13.839248536240719,46.12],[13.84,46.11838746453605]]]}},{"type":"Feature","properties":{"_zoneType":"SI_BUILT","name":"Pozidano zemljišče","authority":"MKGP","dataSource":"raba-3000"},"geometry":{"type":"Polygon","coordinates":[[[13.800843223722806,46.095505322788924],[13.80095143660582,46.10090596870325],[13.803919031248647,46.10764425984332],[13.800896176423107,46.10882323421031],[13.803838610521563,46.108782848723486],[13.804348191704843,46.10749671442203],[13.80335203054082,46.103834851758606],[13.802185090450497,46.10315970282086],[13.802650458197983,46.10253039443565],[13.804084148853866,46.1030532463143],[13.804330401438179,46.10229118945242],[13.802116353257277,46.10162921061344],[13.801025936822032,46.09704071983728],[13.801237008870807,46.09581959590528],[13.802398188941982,46.09572504521788],[13.8,46.093879595433],[13.8,46.09504542402517],[13.800058194587839,46.094913620404014],[13.800843223722806,46.095505322788924]]]}},{"type":"Feature","properties":{"_zoneType":"SI_BUILT","name":"Pozidano zemljišče","authority":"MKGP","dataSource":"raba-3000"},"geometry":{"type":"Polygon","coordinates":[[[13.83536590005155,46.1598660203495],[13.835363579657093,46.160000000000004],[13.837832163472347,46.160000000000004],[13.838342313089603,46.15915830500933],[13.84,46.158954199208935],[13.84,46.15841000293571],[13.838224668341681,46.15810737085816],[13.837263187528565,46.159781855360215],[13.830928089674472,46.15945082732705],[13.830785970171146,46.15763773421545],[13.830085283192831,46.158473974186386],[13.826828382110188,46.1582495950458],[13.827470384317259,46.15946426320607],[13.817245798716042,46.15819105037069],[13.813793509071063,46.15921950836871],[13.811583281597771,46.157628201754804],[13.808665769059862,46.15806965730344],[13.805856668932933,46.15574993310663],[13.801667669545393,46.155002653495586],[13.803534973899954,46.15372755082802],[13.80842263231141,46.153318194790685],[13.811395036967257,46.15151145233462],[13.811483414908981,46.1543606075756],[13.812301127535727,46.154935714847795],[13.812276350607753,46.151525375752335],[13.811551512666204,46.15096472345702],[13.80771349921486,46.15326858304495],[13.801366945161224,46.15294841432735],[13.804245331641043,46.150563239274426],[13.801943361528195,46.151107395386504],[13.80171611076224,46.15041552848666],[13.808180778514112,46.14884189997473],[13.808727983602395,46.14930000796325],[13.807135663876613,46.15035863304695],[13.809053560399658,46.150432106548635],[13.811144439746048,46.14871521455684],[13.810678529865642,46.14817823444108],[13.810122590266369,46.148935291287486],[13.808204234779097,46.14818398366384],[13.8,46.150355100703784],[13.8,46.15170426984792],[13.80263236957683,46.15169623499585],[13.801251721197799,46.15247655472043],[13.8,46.15219700923136],[13.8,46.15275700781214],[13.802305958788812,46.153750175367726],[13.800802669567204,46.15492576959305],[13.8,46.154769882442075],[13.8,46.155813570816846],[13.805530164662628,46.15627179256401],[13.807617592085991,46.158183387376155],[13.811138379343303,46.15821668119425],[13.811400131373523,46.15895611053161],[13.809085889753698,46.15940841268346],[13.807392461258749,46.15905792194583],[13.807547068381503,46.15825843311783],[13.80690080444661,46.15906619393625],[13.801968891742876,46.159205424986055],[13.804025994386103,46.15984651628551],[13.803725355570576,46.160000000000004],[13.821386530593792,46.160000000000004],[13.82047248644184,46.159223550976044],[13.821896892518406,46.15977104768322],[13.821581925894963,46.160000000000004],[13.824357743475701,46.160000000000004],[13.823799402698684,46.15956865621416],[13.824508991773035,46.15967870782302],[13.824400774915414,46.160000000000004],[13.832532271329468,46.160000000000004],[13.83536590005155,46.1598660203495]],[[13.817129214565378,46.15848454904051],[13.819594766863235,46.159699546979134],[13.816219902026281,46.15965622820896],[13.817129214565378,46.15848454904051]]]}},{"type":"Feature","properties":{"_zoneType":"SI_BUILT","name":"Pozidano zemljišče","authority":"MKGP","dataSource":"raba-3000"},"geometry":{"type":"Polygon","coordinates":[[[13.838849326335774,46.159895791595225],[13.838410486233656,46.160000000000004],[13.83891611984279,46.160000000000004],[13.838849326335774,46.159895791595225]]]}},{"type":"Feature","properties":{"_zoneType":"SI_BUILT","name":"Pozidano zemljišče","authority":"MKGP","dataSource":"raba-3000"},"geometry":{"type":"Polygon","coordinates":[[[13.8,46.12064627087801],[13.8,46.122261174539084],[13.800379329376034,46.12193335398065],[13.800733940813533,46.12052887013468],[13.80171114271386,46.12],[13.80068875197399,46.12],[13.8,46.12064627087801]]]}},{"type":"Feature","properties":{"_zoneType":"SI_BUILT","name":"Pozidano zemljišče","authority":"MKGP","dataSource":"raba-3000"},"geometry":{"type":"Polygon","coordinates":[[[13.803350766089297,46.12134985776751],[13.801580341440582,46.12115399870795],[13.802408275171107,46.12212796901762],[13.8,46.1238043624528],[13.8,46.12488076375848],[13.803100874159455,46.12496689726993],[13.80230003362093,46.12440953932297],[13.803029024464369,46.12211489196262],[13.805330239541616,46.12232616393261],[13.806039475540361,46.12380661839876],[13.807412642350295,46.12421279807695],[13.807303076891358,46.125872457049546],[13.804529710034487,46.12635891884318],[13.807984171310698,46.12624558180264],[13.807602886112054,46.12475243546014],[13.808727582517598,46.12338818613397],[13.80620319594512,46.12259124879601],[13.80745935924511,46.12206082588988],[13.807095391472275,46.12091704038278],[13.808374924431119,46.121372473517575],[13.808485550666605,46.12028719137729],[13.808860600161875,46.12],[13.804221486832123,46.12],[13.803350766089297,46.12134985776751]]]}},{"type":"Feature","properties":{"_zoneType":"SI_BUILT","name":"Pozidano zemljišče","authority":"MKGP","dataSource":"raba-3000"},"geometry":{"type":"Polygon","coordinates":[[[13.810296875663601,46.12173366821409],[13.811166367334678,46.12210183606411],[13.814050728201417,46.12],[13.812599288304042,46.12],[13.810296875663601,46.12173366821409]]]}},{"type":"Feature","properties":{"_zoneType":"SI_BUILT","name":"Pozidano zemljišče","authority":"MKGP","dataSource":"raba-3000"},"geometry":{"type":"Polygon","coordinates":[[[13.825924356404375,46.12126460190321],[13.826184540250816,46.1232443578441],[13.824590858283697,46.12465012706671],[13.822447065924317,46.12296985316115],[13.821200409923916,46.12319587498471],[13.82378275120396,46.12409714398212],[13.822904776330326,46.126142317277875],[13.819972351917498,46.12473957634121],[13.81714875000946,46.12598022929377],[13.820715306529504,46.12610533597725],[13.821938402962665,46.12722387841547],[13.82450566409946,46.12550444477426],[13.824680463830644,46.12658851436429],[13.825821071024338,46.12558236673993],[13.826849668045716,46.121802296128045],[13.827957640450967,46.12231445591699],[13.828183090768983,46.12365504954313],[13.829551251578005,46.122414548424366],[13.83166251712588,46.12391720190933],[13.83139418235089,46.12588009750916],[13.829598124364269,46.126809487138544],[13.830144265536205,46.12778574400799],[13.825235316767113,46.127167100240776],[13.82689046939986,46.12789446267849],[13.827467623185237,46.13066621478897],[13.823363866028226,46.13000388019127],[13.823347862176618,46.13140878899522],[13.82009864174554,46.13174887119909],[13.82041079049176,46.132463232086636],[13.824343665092718,46.131818104862276],[13.825696560527351,46.133354865636235],[13.8256575384186,46.136732057285855],[13.823775916583994,46.13753603641581],[13.82299039977556,46.13706397703494],[13.823413429170467,46.13641677854704],[13.821769143129938,46.13685374722277],[13.821548304271525,46.13439565341201],[13.82290563982462,46.133677604464154],[13.820746263366098,46.133684273614556],[13.821434136188133,46.13595484923449],[13.818662770414239,46.13747231145973],[13.817417521547453,46.13668412661909],[13.819842006948823,46.13556664972222],[13.81731599308676,46.136170893665074],[13.814732228412836,46.13451072331882],[13.812886722878938,46.13545672454012],[13.810439842240658,46.13259067153522],[13.810538238396601,46.133956672737604],[13.81263346852531,46.13565394282817],[13.816404001135727,46.13619678953811],[13.815514066338137,46.137815602714404],[13.81417468199885,46.13790996907551],[13.814195125654585,46.13677262006693],[13.811603752872673,46.13769281998387],[13.811037822217298,46.13659395645319],[13.805564682586356,46.13370334632166],[13.806793738604881,46.13513377345665],[13.810774209843284,46.13676811990172],[13.810849995408287,46.1387068907164],[13.813188661414834,46.13860364551194],[13.813979390990088,46.13965374658156],[13.811102178356817,46.14006430918284],[13.810496051775901,46.139422997527916],[13.806654501763818,46.13867945805147],[13.806354820569966,46.13964991027296],[13.803869297046504,46.1394677107904],[13.809391228359637,46.14114870005867],[13.804288404323657,46.14187423449382],[13.803800168889055,46.142401135572236],[13.8,46.14215060611005],[13.8,46.142493480191945],[13.804100373478448,46.142946420233784],[13.807179852406769,46.141542931464606],[13.809752237326682,46.143103255162856],[13.809644273918954,46.145619040992855],[13.807971976365575,46.14566311776235],[13.8,46.14844763517491],[13.8,46.14872300613794],[13.808239935519417,46.14584642050907],[13.813049384520928,46.146934267077356],[13.817259086138463,46.14695319212694],[13.812305162199873,46.1465409079648],[13.812297554639894,46.14579108337817],[13.81037953001638,46.14530434735784],[13.809614343511953,46.141471043571634],[13.81096497891025,46.14038621412966],[13.812957411193272,46.14041968193766],[13.812879513686237,46.1430555477207],[13.813345539289385,46.14090269075864],[13.8159032573556,46.13869705904997],[13.816616868562882,46.13965795559427],[13.818596028518181,46.138806177900975],[13.817953174502543,46.13968168374344],[13.819344193765888,46.14012834005439],[13.819868997626301,46.141443262204064],[13.81628752839784,46.14282366731853],[13.817136266234272,46.14342708647668],[13.816315095684649,46.144991935678185],[13.814371343416099,46.14527057712996],[13.818526417866195,46.145993912488166],[13.82503518920979,46.1447678536735],[13.82667440352525,46.14239705051538],[13.820987336640911,46.14022537864588],[13.822073487489972,46.13844511833133],[13.824710508306419,46.13809651468892],[13.826225444145258,46.13947875865643],[13.824249999955912,46.140053371416954],[13.827935885547456,46.140682508246584],[13.827814503542509,46.141584158771515],[13.832730233794628,46.140357172840744],[13.837254264481492,46.142962142838364],[13.837782527122894,46.14530006265071],[13.832604213901067,46.14610000338493],[13.831094827125483,46.14540462583973],[13.831846945924157,46.14790447735698],[13.83008878845554,46.148300182902496],[13.830494680591434,46.148934703262015],[13.83505359343495,46.147497716241745],[13.831725346727023,46.147392457316855],[13.831726788611332,46.14639148534207],[13.835424857693752,46.14666057838099],[13.838690801687596,46.14540890381222],[13.84,46.145749018858055],[13.84,46.14500664250835],[13.838205923077725,46.144737020932546],[13.837010002156815,46.14199135334793],[13.83839924486347,46.14080802221502],[13.839727033894322,46.140969666378396],[13.839425663473701,46.139978616752266],[13.84,46.13973541081732],[13.84,46.13941131731928],[13.839934117902175,46.139429188772844],[13.838198687508486,46.140354026952814],[13.835667976937229,46.13936221851832],[13.836218274138776,46.13777603773078],[13.83396134929102,46.136685804910584],[13.83573122744713,46.137696158261896],[13.834539923129048,46.13944951147136],[13.837701839942254,46.140690266234074],[13.837094917520401,46.14157123977533],[13.83299736404868,46.140125515112835],[13.830173407207587,46.140906754397726],[13.82729903533752,46.14027329456408],[13.826311461299596,46.138704524151535],[13.83171868116705,46.13936906347385],[13.83262663386402,46.138679546923626],[13.831274687726406,46.138178576337964],[13.832336709381414,46.13706505779098],[13.831696132225792,46.13641252648263],[13.836959842780422,46.13294144747976],[13.83981361126617,46.13496817113747],[13.84,46.13499619478716],[13.84,46.13472664650703],[13.83977825525,46.13470435948444],[13.83788549859252,46.13358504785834],[13.839482538630833,46.13142056431519],[13.838097277619859,46.131269122925254],[13.837957467998946,46.13211106972369],[13.83600892891329,46.13276176096669],[13.834413301481858,46.1313366863144],[13.828465423291615,46.12887109397309],[13.83085490249838,46.12793408311595],[13.832679296145782,46.123994052090886],[13.835070447614221,46.125371191407474],[13.833942730306285,46.12674045950728],[13.83862313323293,46.127826430771755],[13.838687180019303,46.12684340941614],[13.836621462168308,46.12656981787812],[13.83621040574273,46.125554077465864],[13.839408501503494,46.12512592750368],[13.838014438461668,46.124027475159544],[13.838992378545777,46.121932651289306],[13.84,46.12189099251926],[13.84,46.1217965031789],[13.836916504297893,46.12182687114682],[13.839164422140604,46.12018049702035],[13.839248536240719,46.12],[13.83887253701602,46.12],[13.838869877582173,46.12005690327451],[13.835784446746562,46.12201403841801],[13.830396388882342,46.12196812813779],[13.83012580434081,46.12017204396074],[13.8285867510541,46.12129721833989],[13.828251496670402,46.12],[13.824557507105181,46.12],[13.825924356404375,46.12126460190321]],[[13.83740360082022,46.124242925151925],[13.838598818292077,46.12501108485649],[13.835558547712715,46.12539690612117],[13.833964344944922,46.12356975466305],[13.83754094925137,46.12232278935047],[13.83740360082022,46.124242925151925]],[[13.82862567143896,46.129467469484304],[13.834213690097247,46.131536268826835],[13.835539475512016,46.13299929873525],[13.832813700743527,46.13505581686673],[13.830589211300316,46.134263281318276],[13.83148405876591,46.13518186808529],[13.83041865105841,46.13590345787934],[13.829096594271693,46.13394984427599],[13.829795984483747,46.13278990517067],[13.83107399035568,46.13292217037448],[13.829297414940642,46.132690102484574],[13.828494161471626,46.13526781631935],[13.83009534477461,46.13622814092399],[13.830141401434895,46.13855821699832],[13.828782818037409,46.13762882917973],[13.82519004137705,46.137560125118014],[13.826123399918933,46.13664766018776],[13.82634243268827,46.13543883162734],[13.825982771134804,46.13301513690201],[13.824853567017898,46.13185531859736],[13.827787618084871,46.13091291813252],[13.82862567143896,46.129467469484304]],[[13.834231895700398,46.12261961641362],[13.831916095461107,46.12287394967511],[13.833818849978833,46.122278209123316],[13.834231895700398,46.12261961641362]],[[13.820316980018475,46.14154930201624],[13.821232900619812,46.142867566332185],[13.82370682572563,46.14184941119118],[13.82521433401667,46.14285430391599],[13.824481043774671,46.144735947830384],[13.817047879792746,46.1448917667884],[13.818327133362317,46.142628621853675],[13.820316980018475,46.14154930201624]],[[13.820407214328892,46.13943987925274],[13.81989534157939,46.14000550629928],[13.819001560495083,46.139633192357245],[13.819630928196666,46.13887180343256],[13.820407214328892,46.13943987925274]],[[13.81476247288716,46.13862429425663],[13.814139951471734,46.13889341174635],[13.81421966565869,46.13827541719161],[13.81476247288716,46.13862429425663]],[[13.810374707199642,46.14015353650307],[13.809326498407515,46.14051361399922],[13.808775914215405,46.13992347189674],[13.81003045509227,46.139676488505216],[13.810374707199642,46.14015353650307]],[[13.808398500399667,46.139659765276164],[13.808133839036016,46.1400642513374],[13.807179231159106,46.13925366740798],[13.808398500399667,46.139659765276164]]]}},{"type":"Feature","properties":{"_zoneType":"SI_BUILT","name":"Pozidano zemljišče","authority":"MKGP","dataSource":"raba-3000"},"geometry":{"type":"Polygon","coordinates":[[[13.8,46.15992491645132],[13.8,46.160000000000004],[13.800261958733346,46.160000000000004],[13.8,46.15992491645132]]]}},{"type":"Feature","properties":{"_zoneType":"SI_BUILT","name":"Pozidano zemljišče","authority":"MKGP","dataSource":"raba-3000"},"geometry":{"type":"Polygon","coordinates":[[[13.803919497545992,46.17502310676246],[13.805675520512008,46.1754257567765],[13.807275711387039,46.17413088046266],[13.811095050216153,46.175391278794706],[13.811694714979884,46.173918350479425],[13.812921323373029,46.17552949745195],[13.81434249869755,46.176330446696824],[13.813500649277952,46.17845827104581],[13.816683653792374,46.17897729480678],[13.81666691369352,46.18140008679161],[13.81828391109361,46.18290088344887],[13.820257137692044,46.18350908173609],[13.820062884433456,46.18265052877686],[13.82117235871314,46.18234588191499],[13.82327790137297,46.18334246767089],[13.822303275523034,46.18152103901321],[13.818583637146034,46.182790328239705],[13.816993884500661,46.18129251270858],[13.817909971626005,46.18038704608472],[13.816481887693389,46.17841926135646],[13.819267889785326,46.177447668496605],[13.821527207235329,46.1784929603903],[13.823027720516093,46.17829127627972],[13.823672185644186,46.176756708084476],[13.822180139108982,46.178179153577844],[13.81732801059606,46.17636215155975],[13.816153399966282,46.17703493706171],[13.81317318795289,46.175346849884704],[13.811786124259863,46.172468600456746],[13.809985441740737,46.174332620792676],[13.80725041649251,46.17212405873198],[13.807143516881235,46.1737114897892],[13.8057574125276,46.175168534369],[13.802199004633351,46.172785304946714],[13.8,46.17302904900076],[13.8,46.173357147086435],[13.801965602032674,46.17305474375282],[13.803919497545992,46.17502310676246]],[[13.817474663367586,46.17712232479845],[13.818204029432867,46.17721891385702],[13.817362128178571,46.17746819490312],[13.817474663367586,46.17712232479845]]]}},{"type":"Feature","properties":{"_zoneType":"SI_BUILT","name":"Pozidano zemljišče","authority":"MKGP","dataSource":"raba-3000"},"geometry":{"type":"Polygon","coordinates":[[[13.802340416243608,46.1680666939604],[13.810405034110273,46.16518370896486],[13.812115041080881,46.163484958142355],[13.812914273864358,46.163767678048075],[13.811838730306217,46.1659862972846],[13.815427034013537,46.16609751820537],[13.816402902539979,46.16544214384],[13.814403165368855,46.164978359694324],[13.814628859238388,46.163698164913264],[13.813097214651915,46.16286682428803],[13.819571925698785,46.160629402704124],[13.824395428123726,46.161700892268385],[13.827187359846988,46.163751044771715],[13.828091498109773,46.16720983004601],[13.83264701782061,46.17173261679468],[13.832680344230626,46.17574584345122],[13.834971305318701,46.1768219356372],[13.83270930337732,46.17509394156619],[13.83285791266562,46.1714695474466],[13.828515678611003,46.167142263541706],[13.828664438005777,46.162412477519176],[13.829971843508597,46.16229576665798],[13.830759985449637,46.163515940973824],[13.828973451605467,46.16522113986845],[13.830008520673383,46.1654083309935],[13.833218184785933,46.16155503388968],[13.832099537019047,46.160020460546306],[13.832532271329468,46.160000000000004],[13.824400774915414,46.160000000000004],[13.824391889802373,46.16002637959903],[13.824357743475701,46.160000000000004],[13.821581925894963,46.160000000000004],[13.821476632710588,46.160076538644766],[13.821386530593792,46.160000000000004],[13.803725355570576,46.160000000000004],[13.802480053414943,46.16063575822761],[13.800261958733346,46.160000000000004],[13.8,46.160000000000004],[13.8,46.160452350987384],[13.802087090271993,46.160875515705555],[13.807439397368151,46.16009887840342],[13.809135611158792,46.160701072170184],[13.810269509770011,46.16267593614426],[13.809435979067173,46.16440122559508],[13.807904438687867,46.16460376171402],[13.807493343439255,46.16541344722719],[13.802517042527038,46.16763166428983],[13.801487363766855,46.168720811226216],[13.8,46.16879108110015],[13.8,46.16930737525378],[13.801943733756529,46.16907555407616],[13.802340416243608,46.1680666939604]],[[13.832589834762727,46.161557040270715],[13.830345926314099,46.16202403957996],[13.829427675977186,46.16049037994507],[13.830711709434235,46.16043084911279],[13.832589834762727,46.161557040270715]],[[13.82656339336556,46.16087189615169],[13.826050132664614,46.161245241375504],[13.825857757532217,46.16059974794635],[13.82656339336556,46.16087189615169]],[[13.823885286075221,46.16107956364646],[13.823578504134012,46.161392258846675],[13.822605179138968,46.16076925892111],[13.823885286075221,46.16107956364646]],[[13.816128058069541,46.16053899284159],[13.811195899919378,46.16333676598401],[13.810968185983834,46.16156250243794],[13.81186072683266,46.16073808398451],[13.816128058069541,46.16053899284159]]]}},{"type":"Feature","properties":{"_zoneType":"SI_BUILT","name":"Pozidano zemljišče","authority":"MKGP","dataSource":"raba-3000"},"geometry":{"type":"Polygon","coordinates":[[[13.835322910621517,46.16234823142245],[13.833435386001549,46.1630673475515],[13.834684132167613,46.163314925595834],[13.833893574802467,46.16528970933276],[13.835776403034984,46.16402401109723],[13.835051903284956,46.16296829667146],[13.835685636938473,46.16232450615502],[13.835883910503929,46.16020516583623],[13.839036472030697,46.1606926301851],[13.83860103072922,46.161863611198],[13.836592399411142,46.162390286144486],[13.83735279206984,46.16485660360714],[13.83661771427137,46.165925071977234],[13.835073816025568,46.16587644863568],[13.83716602082047,46.16732226981736],[13.834015899839352,46.168023154792735],[13.838002045350983,46.168835667968935],[13.837457510795705,46.1700314203477],[13.837709807563947,46.17166288519125],[13.838784915150919,46.17227954146549],[13.837886981406179,46.174238634082755],[13.839129444983893,46.175890926819875],[13.839330033480229,46.17247227579004],[13.837820458931523,46.170099806772186],[13.839011796723142,46.16672553351388],[13.836923366556428,46.1661291987717],[13.839523963105515,46.160948331351285],[13.83891611984279,46.160000000000004],[13.838410486233656,46.160000000000004],[13.837734933929816,46.16016041885778],[13.837832163472347,46.160000000000004],[13.835363579657093,46.160000000000004],[13.835322910621517,46.16234823142245]]]}},{"type":"Feature","properties":{"_zoneType":"SI_BUILT","name":"Pozidano zemljišče","authority":"MKGP","dataSource":"raba-3000"},"geometry":{"type":"Polygon","coordinates":[[[13.803180537965673,46.164574167763504],[13.801521095570383,46.16350208975812],[13.8,46.163516660059486],[13.8,46.16381335289214],[13.801486747670632,46.16383498101408],[13.80260254316671,46.16507643385791],[13.800663705126231,46.16669423342723],[13.8,46.166836373843815],[13.8,46.167277183031906],[13.801678648837392,46.16644242479805],[13.803180537965673,46.164574167763504]]]}},{"type":"Feature","properties":{"_zoneType":"SI_BUILT","name":"Pozidano zemljišče","authority":"MKGP","dataSource":"raba-3000"},"geometry":{"type":"Polygon","coordinates":[[[13.874829368157952,46.07978257626278],[13.874855081272136,46.08],[13.87535655146828,46.08],[13.87457509854944,46.07848692441813],[13.873399535346456,46.08],[13.87390917310764,46.08],[13.874829368157952,46.07978257626278]]]}},{"type":"Feature","properties":{"_zoneType":"SI_BUILT","name":"Pozidano zemljišče","authority":"MKGP","dataSource":"raba-3000"},"geometry":{"type":"Polygon","coordinates":[[[13.878583849997002,46.07937216052418],[13.88,46.077772170016914],[13.88,46.07700983255276],[13.877190736746472,46.07947793822645],[13.877426494801055,46.08],[13.87841742266511,46.08],[13.878583849997002,46.07937216052418]]]}},{"type":"Feature","properties":{"_zoneType":"SI_BUILT","name":"Pozidano zemljišče","authority":"MKGP","dataSource":"raba-3000"},"geometry":{"type":"Polygon","coordinates":[[[13.876949147314948,46.06886080356957],[13.87587640415662,46.070769619608186],[13.871832105596145,46.070868967799164],[13.871451686829891,46.07263445770554],[13.863835150904396,46.07693039763249],[13.861108361305112,46.07629555228877],[13.861478173630237,46.07884758193988],[13.859343512437585,46.08],[13.860232466685593,46.08],[13.861887674268603,46.07886612431519],[13.861503598170108,46.07692952950007],[13.863177575123466,46.0774740937664],[13.869603285076284,46.0740935171586],[13.871120528431362,46.07444337150374],[13.869045852956331,46.07648606443713],[13.865564731534354,46.077742850049255],[13.864489385065077,46.07926624599554],[13.861962187326702,46.08],[13.865615377217585,46.08],[13.865594877087858,46.078436356862184],[13.866704326036393,46.07854226841149],[13.87165455627666,46.07459358078768],[13.876173114761956,46.07276176313054],[13.872258447901023,46.07262611557702],[13.872181183839622,46.07122268258889],[13.876035923175385,46.07100026806484],[13.8775107648631,46.0691322050392],[13.878896709417905,46.069998464504366],[13.88,46.06904870535909],[13.88,46.06733091270332],[13.876949147314948,46.06886080356957]]]}},{"type":"Feature","properties":{"_zoneType":"SI_BUILT","name":"Pozidano zemljišče","authority":"MKGP","dataSource":"raba-3000"},"geometry":{"type":"Polygon","coordinates":[[[13.877212674072418,46.09656817940856],[13.874872621214386,46.09962181849657],[13.870213133696478,46.101539761105506],[13.865386954931433,46.1021744053388],[13.861941993109276,46.10057007093478],[13.86083427614901,46.10153648549745],[13.858284885987226,46.10124242594862],[13.854201893216361,46.09998231167761],[13.854412757492858,46.09906023344324],[13.851649013134098,46.099450033426045],[13.849558031302806,46.09859109025747],[13.853649268509294,46.09877789987937],[13.853199449814177,46.09822522346856],[13.840735019365935,46.0961116392333],[13.84,46.09444952454458],[13.84,46.09726665265536],[13.840266125968043,46.09719083706946],[13.848936702067943,46.098878412995205],[13.851427119852978,46.100338823668025],[13.862724426112573,46.101870943153735],[13.863474364879519,46.10324185255855],[13.871590744655446,46.101422754730294],[13.87236694562064,46.10235848632824],[13.877443339734839,46.09723548373651],[13.88,46.0962707421788],[13.88,46.09551583966345],[13.877212674072418,46.09656817940856]]]}},{"type":"Feature","properties":{"_zoneType":"SI_BUILT","name":"Pozidano zemljišče","authority":"MKGP","dataSource":"raba-3000"},"geometry":{"type":"Polygon","coordinates":[[[13.840955071863977,46.090375285096925],[13.851614665618067,46.08706054265814],[13.853082876165834,46.0852855430005],[13.858326917672617,46.08366742034191],[13.861732499853797,46.08085178445893],[13.866327317260545,46.081994836831385],[13.861867897410955,46.08410214669066],[13.868260782573284,46.08391855900738],[13.872296863290204,46.08321463892139],[13.873853310374415,46.080013199249684],[13.87390917310764,46.08],[13.873399535346456,46.08],[13.87212687776555,46.08163804643158],[13.872431472983676,46.082708524207284],[13.871091237371013,46.0832402606033],[13.86474257191977,46.08336648856288],[13.866639293035902,46.082379629821844],[13.866710373808784,46.08043075710756],[13.863824069916648,46.08091564370119],[13.865617299730577,46.08014663927925],[13.865615377217585,46.08],[13.861962187326702,46.08],[13.858960052623875,46.08087164859586],[13.860232466685593,46.08],[13.859343512437585,46.08],[13.854649165826258,46.082534289672736],[13.853655903029454,46.08405185648628],[13.852000666945946,46.08429824548557],[13.851865827450213,46.08539281751242],[13.846412347695319,46.08693894527988],[13.848402957606755,46.085419094257574],[13.847956959202254,46.08381491383326],[13.847004010321948,46.085887324429535],[13.844694027107133,46.086988704270404],[13.845990968230767,46.087461596028355],[13.845470914344594,46.088174580239524],[13.84,46.090348265976594],[13.84,46.092016795466165],[13.840955071863977,46.090375285096925]],[[13.859867053412897,46.08149418333707],[13.858187935465967,46.08310209192707],[13.85699413476716,46.08238862137207],[13.858702857140056,46.081241220106435],[13.859867053412897,46.08149418333707]],[[13.856879834325055,46.082769727941276],[13.857279857782713,46.08325497009044],[13.856181129561149,46.083086047584814],[13.856879834325055,46.082769727941276]],[[13.855664039781077,46.08374704430712],[13.854819591844278,46.08395755678295],[13.855447657960715,46.08335230112619],[13.855664039781077,46.08374704430712]]]}},{"type":"Feature","properties":{"_zoneType":"SI_BUILT","name":"Pozidano zemljišče","authority":"MKGP","dataSource":"raba-3000"},"geometry":{"type":"Polygon","coordinates":[[[13.875177671938257,46.08272774692779],[13.87353422067789,46.085019814244035],[13.866569809059081,46.08659917651262],[13.866510051204271,46.0878775301376],[13.863414088271874,46.089924437754235],[13.865217481547148,46.08970574312496],[13.86784531574393,46.08660408000001],[13.869772115658716,46.090075461421485],[13.868587762897281,46.08789763786872],[13.869286633613696,46.08617390420659],[13.873030726339318,46.085527300882305],[13.874703199979448,46.08441610091205],[13.87804253762716,46.08141423661033],[13.87841742266511,46.08],[13.877426494801055,46.08],[13.877898821216823,46.081045917887074],[13.876960348413984,46.082091140383426],[13.87520508618483,46.0820252466635],[13.8753786276922,46.0800427447317],[13.87535655146828,46.08],[13.874855081272136,46.08],[13.875177671938257,46.08272774692779]]]}},{"type":"Feature","properties":{"_zoneType":"SI_BUILT","name":"Pozidano zemljišče","authority":"MKGP","dataSource":"raba-3000"},"geometry":{"type":"Polygon","coordinates":[[[13.87940481386865,46.11544864626363],[13.88,46.11569692143568],[13.88,46.11515873651685],[13.879206163951723,46.114874055991784],[13.88,46.114347334438946],[13.88,46.11310950036848],[13.878555505857216,46.115301060378016],[13.874881084682919,46.11507849897669],[13.87360625633343,46.11390195538778],[13.874780413260726,46.11275877321952],[13.87320923466057,46.11217206398403],[13.87409551124062,46.110414864502005],[13.876853082397213,46.109819554300046],[13.875235338464899,46.109237607086186],[13.875970626564587,46.108122531599086],[13.8772908236994,46.10742124803704],[13.87862199004285,46.108720687848226],[13.877836368976006,46.10684942510677],[13.879824320006845,46.10580719715586],[13.87795098144132,46.10491759073499],[13.876907843614454,46.10555849572208],[13.877987374709535,46.106395233765525],[13.87627215183833,46.106408889276665],[13.875946987217386,46.10779358910344],[13.873611956743302,46.10815643107564],[13.874719304745923,46.10914721615889],[13.872090793571257,46.11270794167851],[13.870406500893866,46.111555412698735],[13.869196489335915,46.11297717986111],[13.871275005400973,46.11312989852742],[13.870081552119018,46.11487065031798],[13.871631102821045,46.11538959747371],[13.871335978500644,46.11637419576923],[13.868262274672732,46.116294738719795],[13.865980846080705,46.11449922094918],[13.867570497383115,46.11696716368216],[13.86410709582572,46.116495762809535],[13.86204391307251,46.11734969272457],[13.860369767898337,46.11509206590386],[13.857737189795484,46.11454969850862],[13.85840619589742,46.11213552388151],[13.86049545664458,46.11140524863462],[13.861626140469538,46.11285759489087],[13.86019288330227,46.113851642041034],[13.862473806550133,46.113157500157946],[13.864639080117508,46.11450798671219],[13.862772541142714,46.11217377763385],[13.863971497135642,46.111453212291636],[13.865996160566977,46.111897571633584],[13.866321106300523,46.11097178322814],[13.860745760527253,46.11072760785493],[13.8577997068554,46.109250962239116],[13.860063655916187,46.11066026850718],[13.858107057275875,46.11203179842159],[13.85728999072916,46.114634766028644],[13.854562983410517,46.113826874508995],[13.853372270960442,46.11447355177534],[13.853107058315235,46.11352683837227],[13.850704049638809,46.11259610910188],[13.851995287426673,46.11203437624343],[13.850094284627943,46.110751052096354],[13.852472802085355,46.1103127147898],[13.849162658258154,46.110074018797086],[13.84915549848775,46.10876657718024],[13.8470233948892,46.109007444970786],[13.847495670862186,46.10819167062545],[13.845870671438318,46.10628016526655],[13.845813385114129,46.10468667614753],[13.84544837048319,46.10641974159343],[13.84697695243029,46.10940464902893],[13.846134713423162,46.11051226605567],[13.843831658493308,46.11073971159673],[13.841320190601904,46.10970111098497],[13.84174292107986,46.10702003085567],[13.840770257115306,46.105734781108296],[13.84,46.10628123949183],[13.84,46.10841392274233],[13.840701398466793,46.10863847733957],[13.84,46.10900583200012],[13.84,46.10988369567107],[13.840985770218754,46.11100848044236],[13.84,46.11171124425987],[13.84,46.112479174948106],[13.842072313640976,46.11068895255569],[13.843265726970596,46.11104004827171],[13.843451962358941,46.112525822125164],[13.843960742335902,46.11106615840626],[13.847768654054883,46.111120936413194],[13.8469854444644,46.113843592690245],[13.844635205803407,46.114522591107225],[13.844847946552264,46.11669076075753],[13.843672723144886,46.1184512568739],[13.84,46.11692352098556],[13.84,46.11838746453605],[13.840122163570843,46.11812531870672],[13.844499217459754,46.11875500827552],[13.845362691313088,46.119964396071936],[13.84532564307617,46.12],[13.845660181043886,46.12],[13.845883620557025,46.11930452782009],[13.848180952398794,46.11991136576875],[13.848113596263353,46.12],[13.84880103557039,46.12],[13.849279673288432,46.118909242299154],[13.845002220689542,46.118854992527375],[13.84528167638876,46.11690692265311],[13.849450586158342,46.11081663269365],[13.850405399666025,46.1127580300235],[13.852855948114541,46.11477807187069],[13.8509983542486,46.11557498200417],[13.853696978313927,46.11937160074026],[13.852525721580715,46.12],[13.853955582928979,46.12],[13.853852326786301,46.11978760807064],[13.85478984876991,46.11638713459255],[13.856780146259926,46.11510872941198],[13.859023071495402,46.115085451002],[13.858568376706913,46.11608412824627],[13.860932208196994,46.11624311118426],[13.861604232212958,46.11811216880101],[13.866259750941762,46.117197052873976],[13.866503665745025,46.118063156768464],[13.86309487468845,46.11947938132581],[13.864651187897303,46.11962021215633],[13.864313267215833,46.12],[13.865831715360082,46.12],[13.866177473900205,46.119749564218324],[13.865437447724661,46.11852224173967],[13.867726508099528,46.11792195332415],[13.86787862871286,46.12],[13.868921006855578,46.12],[13.868486364787506,46.118596204815745],[13.87093001682059,46.11802378819176],[13.870861008824283,46.12],[13.871744749590503,46.12],[13.872352029069711,46.1182761266874],[13.871695141054722,46.117940690322236],[13.873453263450843,46.11685748077389],[13.873351689242014,46.118915305677106],[13.875562589797811,46.11967198785749],[13.876370198205734,46.1187128543585],[13.874967460372044,46.11922167342319],[13.87432654222702,46.11708355800695],[13.876017824039947,46.11685197528181],[13.878199848436468,46.11952786239055],[13.878148314359521,46.12],[13.87858021574652,46.12],[13.878617244682575,46.11978379786291],[13.876964236670672,46.11682107720811],[13.878165327543845,46.11683581185416],[13.87940481386865,46.11544864626363]],[[13.874294671750398,46.11482923705742],[13.872637692282076,46.11655972981782],[13.871805685841643,46.116210984364955],[13.873335986986834,46.11431623964241],[13.874294671750398,46.11482923705742]],[[13.85498754832471,46.1150931929556],[13.854107205732184,46.118359013767964],[13.8531215071979,46.11793146307542],[13.852640934325853,46.11544736040723],[13.85498754832471,46.1150931929556]]]}},{"type":"Feature","properties":{"_zoneType":"SI_BUILT","name":"Pozidano zemljišče","authority":"MKGP","dataSource":"raba-3000"},"geometry":{"type":"Polygon","coordinates":[[[13.879792830783426,46.11148109966756],[13.88,46.11117687389574],[13.88,46.11082224202729],[13.879288318344178,46.111577395521884],[13.88,46.112237636189484],[13.88,46.111561288685046],[13.879792830783426,46.11148109966756]]]}},{"type":"Feature","properties":{"_zoneType":"SI_BUILT","name":"Pozidano zemljišče","authority":"MKGP","dataSource":"raba-3000"},"geometry":{"type":"Polygon","coordinates":[[[13.840001343116157,46.1148289469102],[13.84,46.11481341727793],[13.84,46.11482472788366],[13.840001343116157,46.1148289469102]]]}},{"type":"Feature","properties":{"_zoneType":"SI_BUILT","name":"Pozidano zemljišče","authority":"MKGP","dataSource":"raba-3000"},"geometry":{"type":"Polygon","coordinates":[[[13.846266814972909,46.158182585897684],[13.848305705836216,46.157542784698315],[13.850601641738077,46.15599305700447],[13.855475289094372,46.15702842636354],[13.852651687212926,46.15819327811402],[13.851017517098853,46.160000000000004],[13.851136905837091,46.160000000000004],[13.853893582816498,46.15801405633909],[13.858024592810633,46.15779706823867],[13.854430997007627,46.1564890753409],[13.8549642088704,46.15561521962803],[13.859466503289283,46.15664037105871],[13.860283571291882,46.1554972093701],[13.863317342841581,46.156012929054455],[13.862699872367022,46.1573091168909],[13.866569873615802,46.15799401840495],[13.867301093257266,46.160000000000004],[13.869791910815486,46.160000000000004],[13.870753229779604,46.1587229710951],[13.869264707065351,46.15930256252059],[13.868370124361725,46.156662385632046],[13.865199338248283,46.15483770106961],[13.87062832915163,46.156024129948854],[13.871318621257744,46.158392112579584],[13.874031882330751,46.158137676428616],[13.873365779757146,46.15893314050358],[13.874445745481285,46.159208181816616],[13.875246450724498,46.15902170678328],[13.874980902837308,46.15747409090724],[13.877069849179088,46.15664059081938],[13.879897055248497,46.156956026729034],[13.88,46.156906265545665],[13.88,46.155581060079314],[13.87978857761146,46.155597336662666],[13.87949691795936,46.15653242500347],[13.87670015214174,46.155560186256274],[13.876426096062312,46.156766497863636],[13.874037902552935,46.157869886512124],[13.872600217558817,46.15740676555477],[13.874217932124436,46.155723896409896],[13.871427764039874,46.15665799383897],[13.871240268500609,46.15570345452927],[13.86518107664836,46.15423499792998],[13.86387843438596,46.15282830900278],[13.86234740079426,46.152008871287386],[13.858107488587436,46.15076045143557],[13.851002698531811,46.15168380854715],[13.84061731411525,46.15593721046909],[13.841050943979859,46.15648592604767],[13.851700458378767,46.15196914619968],[13.85915563439663,46.152024333371216],[13.861058609782564,46.15332112364789],[13.859960545155777,46.15311652596935],[13.860167397927967,46.153867897977136],[13.858836897095765,46.15455419993392],[13.857542978628068,46.15417494062971],[13.849944112255782,46.155222581544635],[13.847902706612102,46.15738451834006],[13.841019405986884,46.15858377607282],[13.84,46.15841000293571],[13.84,46.158954199208935],[13.846266814972909,46.158182585897684]],[[13.866432168186932,46.15615270485271],[13.865465849569395,46.15646372284458],[13.863309787072204,46.15483701442641],[13.866432168186932,46.15615270485271]],[[13.864583345355847,46.15422152733467],[13.863932103790118,46.15438180315777],[13.862497069952601,46.15323026932996],[13.863559284709678,46.15295733097197],[13.864583345355847,46.15422152733467]],[[13.862902048801294,46.155324335682934],[13.862227062931645,46.155463490930714],[13.861038347006293,46.15438581578573],[13.86197058306287,46.153882372178295],[13.862902048801294,46.155324335682934]],[[13.860807646770999,46.15491387158204],[13.860274657248992,46.15515695974722],[13.859665965870503,46.15472163821201],[13.860335497761772,46.154189329479244],[13.860807646770999,46.15491387158204]],[[13.85793542680757,46.15528412543604],[13.857116252775187,46.15561297578047],[13.856148694213765,46.15525748337261],[13.856536779192119,46.15466230506699],[13.85793542680757,46.15528412543604]],[[13.854382696097868,46.15556792928387],[13.853878126500083,46.156164766255955],[13.852908994590104,46.15555942068426],[13.854382696097868,46.15556792928387]]]}},{"type":"Feature","properties":{"_zoneType":"SI_BUILT","name":"Pozidano zemljišče","authority":"MKGP","dataSource":"raba-3000"},"geometry":{"type":"Polygon","coordinates":[[[13.843205281040131,46.14658171494203],[13.842572463118843,46.14539324330075],[13.84,46.14500664250835],[13.84,46.145749018858055],[13.843205281040131,46.14658171494203]]]}},{"type":"Feature","properties":{"_zoneType":"SI_BUILT","name":"Pozidano zemljišče","authority":"MKGP","dataSource":"raba-3000"},"geometry":{"type":"Polygon","coordinates":[[[13.840495134200598,46.139525743539224],[13.84641819313103,46.13931417767928],[13.843969574946522,46.13913226416444],[13.847466611776797,46.137243110195556],[13.849101997749766,46.13806363935346],[13.85064343276766,46.13753146228137],[13.854943810595387,46.14119980192298],[13.858856097348252,46.1409543528648],[13.860505301254374,46.13913018165767],[13.86940830085511,46.13883013525838],[13.869359060699098,46.14094597109621],[13.870441168826371,46.140434410798576],[13.873943678892187,46.14153249460505],[13.873386934580305,46.14199721922888],[13.871701230995011,46.14151258936198],[13.864441732250908,46.142921419059746],[13.87070227316806,46.14283949332835],[13.872222398284391,46.14173514010767],[13.874107388720422,46.14296420471392],[13.874660001448882,46.141778110878164],[13.875925774254489,46.143221760226915],[13.878015781042084,46.14372438603534],[13.877275344807465,46.14482150503321],[13.877580011630831,46.14662632032772],[13.88,46.14976545922642],[13.88,46.14935164328404],[13.878278995079329,46.14739747908445],[13.877842125519225,46.14477918552402],[13.878741571663257,46.14388808531628],[13.88,46.14399298371803],[13.88,46.14301515369396],[13.878318759143584,46.14313008059996],[13.877649903792973,46.141990923649296],[13.879587357737464,46.14050407590191],[13.88,46.140653799882045],[13.88,46.139096903248216],[13.877255094515798,46.14190393845673],[13.87746629022764,46.14282237458306],[13.87627724092684,46.143062633817614],[13.876111133399434,46.14193460506684],[13.873992050884251,46.14084047468406],[13.86974253333258,46.13983005786265],[13.869925259024049,46.138354289933396],[13.872138803239109,46.137104444923274],[13.87350455934486,46.13737341032],[13.873045549412957,46.13619661561586],[13.874600104820308,46.134877990534484],[13.877248024814932,46.13476563965163],[13.88,46.13869596385392],[13.88,46.13790676584848],[13.879944764422808,46.13781827623657],[13.88,46.13779752493752],[13.88,46.13713805352748],[13.879708690761435,46.137159461921414],[13.87856263281144,46.13604909991043],[13.879096704149324,46.13444533480393],[13.877120022632326,46.134187699201064],[13.88,46.13280764210655],[13.88,46.13212942508662],[13.878718039417029,46.132635541863515],[13.878707661327736,46.131465260295464],[13.88,46.13194145672929],[13.88,46.131247548346764],[13.879210982697291,46.131009385896505],[13.88,46.13062345201962],[13.88,46.12920250798518],[13.879889944260134,46.12989172673116],[13.877603383691351,46.13107644908767],[13.877334626850397,46.13357003535633],[13.874914698991228,46.1345396485117],[13.87365375131401,46.13185071095381],[13.874914694363309,46.12840564459337],[13.873328213732457,46.1247682801177],[13.87452841112318,46.12449701823032],[13.873333597478194,46.12313422317889],[13.875089450127115,46.12235125265967],[13.872293949380877,46.122375925483304],[13.872666717332415,46.121005980427206],[13.87159795630761,46.12041669944648],[13.871744749590503,46.12],[13.870861008824283,46.12],[13.87082641800069,46.12099059236179],[13.873084513838673,46.12343425359732],[13.872965255870044,46.12448560447844],[13.870317354204222,46.1241295588032],[13.870168839255987,46.12338562888927],[13.866750184630249,46.125377635364075],[13.86355773839994,46.12553783336707],[13.8625078424519,46.124138564870755],[13.862875883949037,46.12214093323525],[13.865831715360082,46.12],[13.864313267215833,46.12],[13.863199468744977,46.12125179411242],[13.86214081086097,46.120227177893234],[13.859953307912352,46.121225975857485],[13.862677871099251,46.121564063353404],[13.862379071538122,46.125945953839505],[13.865738834106072,46.13011509766446],[13.868365744440725,46.129521794963445],[13.870970686927574,46.130619236441255],[13.868609658084516,46.13106819174017],[13.866269554291472,46.132323810940434],[13.864855369250376,46.132441289488376],[13.863359389410185,46.13400999923296],[13.859418250263108,46.13392424010024],[13.855880775292928,46.13571876927886],[13.853247967587727,46.135136411558086],[13.849862753205828,46.13375145295627],[13.849411219665994,46.13238863263683],[13.851552850464266,46.12899260083468],[13.851295448611875,46.127925500035126],[13.855612406288488,46.130265263784935],[13.858491823946359,46.13026893744401],[13.85570410410241,46.130024620967944],[13.852338425301719,46.12787114436783],[13.85086558959035,46.12622347042269],[13.852452091333072,46.125348630624615],[13.850542716526842,46.125676918769244],[13.849933155195723,46.12377328093299],[13.854003260949714,46.12172724348887],[13.855768409045924,46.12372887875325],[13.853955582928979,46.12],[13.852525721580715,46.12],[13.851495059033978,46.120552968075266],[13.849408742969208,46.12274373891833],[13.849911047093041,46.121135996536495],[13.848414870009167,46.12088002479501],[13.84880103557039,46.12],[13.848113596263353,46.12],[13.84716943984407,46.121242419533914],[13.848665162694536,46.121839672216154],[13.850693944116191,46.12666855545405],[13.849205205524138,46.12791467280231],[13.850682290295817,46.12789716396877],[13.851153332657686,46.128933972387934],[13.849121695184246,46.13212595003599],[13.84944008652078,46.1332660723705],[13.847805492400267,46.13283189106021],[13.84910701669126,46.13437672061912],[13.848238171902898,46.135554645020314],[13.84,46.13472664650703],[13.84,46.13499619478716],[13.84783553962877,46.13617427252387],[13.846404713607484,46.1373897688504],[13.843779624562194,46.13662798256171],[13.84574623226116,46.13785257030873],[13.84,46.13941131731928],[13.84,46.13973541081732],[13.840495134200598,46.139525743539224]],[[13.849031803524346,46.13530551831321],[13.850158685946797,46.134116537578606],[13.85456089318596,46.13573344914633],[13.85756385262234,46.135958547272615],[13.859432825489124,46.13420308723291],[13.861937281460792,46.13507021300826],[13.861872892269606,46.13430896233037],[13.863627042618456,46.13420210541347],[13.865003976942225,46.132692750138446],[13.866809307085951,46.13238747088617],[13.869293028555473,46.13110480170458],[13.872261869952823,46.13047119784317],[13.873969254487054,46.13313562048674],[13.874074043679414,46.134968614542395],[13.869551252935038,46.138275226306206],[13.867650453934912,46.13810992709747],[13.867602532987597,46.13728754326946],[13.865306636290118,46.138582816945785],[13.860019429733473,46.138755772651955],[13.858507119897114,46.14080099448815],[13.854767529574008,46.14057180220267],[13.849867459915444,46.13667414001573],[13.850234399862908,46.135926806406026],[13.849031803524346,46.13530551831321]],[[13.867919981200655,46.12639133999975],[13.87285049033244,46.12487706236475],[13.873881285570485,46.126129437801666],[13.873322430050539,46.127878905031366],[13.874002301110666,46.13063615667964],[13.868424418580345,46.12925259312417],[13.866357014983173,46.12988205978794],[13.863232869058354,46.1264334871275],[13.864418910247343,46.12579380719621],[13.867919981200655,46.12639133999975]],[[13.851529480930125,46.12133923849371],[13.851890894728172,46.120708977420236],[13.853941166765669,46.1202620742239],[13.8537684054155,46.12145779634717],[13.851529480930125,46.12133923849371]],[[13.84958034494041,46.13691223801854],[13.848487155286604,46.13726252999267],[13.847915138940413,46.13666695650621],[13.848657967891345,46.13616139302097],[13.84958034494041,46.13691223801854]]]}},{"type":"Feature","properties":{"_zoneType":"SI_BUILT","name":"Pozidano zemljišče","authority":"MKGP","dataSource":"raba-3000"},"geometry":{"type":"Polygon","coordinates":[[[13.878264269805905,46.121844724554435],[13.87858021574652,46.12],[13.878148314359521,46.12],[13.877925953715664,46.122037192262766],[13.88,46.12356448818155],[13.88,46.12254829783897],[13.878264269805905,46.121844724554435]]]}},{"type":"Feature","properties":{"_zoneType":"SI_BUILT","name":"Pozidano zemljišče","authority":"MKGP","dataSource":"raba-3000"},"geometry":{"type":"Polygon","coordinates":[[[13.86797768917988,46.12135321748765],[13.869632553103266,46.12229813280686],[13.868921006855578,46.12],[13.86787862871286,46.12],[13.86797768917988,46.12135321748765]]]}},{"type":"Feature","properties":{"_zoneType":"SI_BUILT","name":"Pozidano zemljišče","authority":"MKGP","dataSource":"raba-3000"},"geometry":{"type":"Polygon","coordinates":[[[13.843000126467048,46.12176695627722],[13.84,46.1217965031789],[13.84,46.12189099251926],[13.843000126467048,46.12176695627722]]]}},{"type":"Feature","properties":{"_zoneType":"SI_BUILT","name":"Pozidano zemljišče","authority":"MKGP","dataSource":"raba-3000"},"geometry":{"type":"Polygon","coordinates":[[[13.84417681737351,46.12110403924927],[13.845559103228185,46.120314612253836],[13.845660181043886,46.12],[13.84532564307617,46.12],[13.84417681737351,46.12110403924927]]]}},{"type":"Feature","properties":{"_zoneType":"SI_BUILT","name":"Pozidano zemljišče","authority":"MKGP","dataSource":"raba-3000"},"geometry":{"type":"Polygon","coordinates":[[[13.850794219885152,46.16024687513228],[13.851136905837091,46.160000000000004],[13.851017517098853,46.160000000000004],[13.850794219885152,46.16024687513228]]]}},{"type":"Feature","properties":{"_zoneType":"SI_BUILT","name":"Pozidano zemljišče","authority":"MKGP","dataSource":"raba-3000"},"geometry":{"type":"Polygon","coordinates":[[[13.86806908141784,46.16210685001875],[13.870179329636581,46.163294636954724],[13.869863795659196,46.166494024566504],[13.868546993775203,46.16739561150925],[13.870281083703567,46.1674498978594],[13.87049377255928,46.16878555496749],[13.871403922519782,46.168996884056014],[13.870649744633392,46.17063007161047],[13.87147352208335,46.17107986306335],[13.871208439129417,46.173849526693346],[13.871933496275293,46.17600646355464],[13.874321922406724,46.17814327859855],[13.87400423135533,46.179303885624826],[13.876937622933879,46.181600293341816],[13.877492602114083,46.18348437844504],[13.88,46.18570067234648],[13.88,46.18512777004019],[13.879216294701001,46.1847115112362],[13.877255742697743,46.181469514721435],[13.874399571945466,46.17910738809976],[13.87489961915943,46.1781778994408],[13.871627205395347,46.173850752503974],[13.871614936476075,46.169510178523474],[13.87448830790536,46.166170028670685],[13.875236144235322,46.164363246078366],[13.88,46.164274830816204],[13.88,46.163269086101224],[13.8799579988136,46.16324899405234],[13.88,46.163221572128045],[13.88,46.16220412148647],[13.87968906996471,46.16164161640296],[13.88,46.16166931283831],[13.88,46.16130828196657],[13.877061109709162,46.161088934926866],[13.871565419224025,46.16185474874838],[13.869664350005552,46.160169453477465],[13.869791910815486,46.160000000000004],[13.867301093257266,46.160000000000004],[13.86806908141784,46.16210685001875]],[[13.879246428650335,46.1630480415315],[13.878411778458023,46.16376118152216],[13.87782040027862,46.163293983492714],[13.878515951243555,46.162681864833964],[13.879246428650335,46.1630480415315]],[[13.879108497180471,46.161767522957284],[13.87517084108964,46.16369935588753],[13.87448515405778,46.16332772771448],[13.875255083324664,46.162763590740155],[13.874128328679445,46.16253888449605],[13.876438244390364,46.16147080742446],[13.879108497180471,46.161767522957284]],[[13.874165893373293,46.1660113042231],[13.872984902353258,46.16663955646971],[13.873787683416234,46.1655414563717],[13.874165893373293,46.1660113042231]]]}},{"type":"Feature","properties":{"_zoneType":"SI_BUILT","name":"Pozidano zemljišče","authority":"MKGP","dataSource":"raba-3000"},"geometry":{"type":"Polygon","coordinates":[[[13.915423017273868,46.0792522578413],[13.914344164608337,46.076759173663035],[13.91444866944362,46.074037469684455],[13.916553141804096,46.07269993903783],[13.917445865453164,46.07004212807367],[13.918682285328648,46.069486493785305],[13.917623158187443,46.068282484249146],[13.916436641401884,46.071953331976985],[13.913310065924168,46.07451532676315],[13.914365341040329,46.079461342366336],[13.913722990316293,46.08],[13.91447113041611,46.08],[13.915423017273868,46.0792522578413]]]}},{"type":"Feature","properties":{"_zoneType":"SI_BUILT","name":"Pozidano zemljišče","authority":"MKGP","dataSource":"raba-3000"},"geometry":{"type":"Polygon","coordinates":[[[13.881746928628637,46.07579846015795],[13.884827361635315,46.075556097425995],[13.887076914291033,46.07708566112306],[13.888340605908883,46.07617321784138],[13.882774541862423,46.07466692368142],[13.884491383416197,46.07417110465073],[13.885667572626046,46.07130323003456],[13.88748077568529,46.070343760341935],[13.886929101786158,46.06877553282791],[13.892072081926981,46.062309957364576],[13.894924118262411,46.06220691408946],[13.9051395088049,46.05774169908856],[13.907757089603367,46.05579453534777],[13.90768753851297,46.05474609215385],[13.91129007542052,46.05479502951121],[13.912132608938732,46.05376739259501],[13.918362159840175,46.05247728130161],[13.919632914027744,46.05333083921496],[13.918113087039792,46.053996245953904],[13.918985468600622,46.05433468943515],[13.917978174674186,46.054743349955274],[13.918681671761874,46.05546860401169],[13.92,46.0539498365],[13.92,46.052755122008485],[13.918605300158722,46.05218497801384],[13.918736981790886,46.05063532927009],[13.92,46.05053178285462],[13.92,46.04980666848323],[13.919253535794555,46.049637414854914],[13.92,46.04927736896148],[13.92,46.04829774851877],[13.91864340720553,46.048695364503224],[13.915725420407389,46.051925990947446],[13.91598879961461,46.05296615569973],[13.90682125945313,46.05458864905501],[13.907112559754736,46.055588084591236],[13.90572666169174,46.05567999576097],[13.90524884445246,46.057164989273986],[13.903391099253735,46.05694462615419],[13.902922042528633,46.058345172727456],[13.896222002808747,46.06094164211203],[13.893801222257682,46.060711790375116],[13.89621004135302,46.058629880115795],[13.895088970401154,46.05734653732787],[13.895633298764713,46.0585464815319],[13.892809704785792,46.06150989708619],[13.891102596996104,46.061632163540565],[13.889773121477766,46.060504525610504],[13.890538486387745,46.06139496705739],[13.889849830008881,46.06228867411218],[13.891483853952161,46.06288179335413],[13.889925714304937,46.0640023270183],[13.889178547745276,46.06309582569105],[13.887375224759158,46.065769008290964],[13.88573730278046,46.06445386552116],[13.88,46.06733091270332],[13.88,46.06904870535909],[13.882461561441428,46.06692968927339],[13.884159186372752,46.06665170305922],[13.884501541129808,46.06556557838832],[13.8862513396987,46.066296767691966],[13.883843003550494,46.06926426250698],[13.887506535875787,46.06756139378704],[13.88621121151467,46.068842528003216],[13.886940553095311,46.07024884887435],[13.885180962918964,46.0710109128864],[13.88498599798095,46.072629335320855],[13.88,46.07700983255276],[13.88,46.077772170016914],[13.881746928628637,46.07579846015795]]]}},{"type":"Feature","properties":{"_zoneType":"SI_BUILT","name":"Pozidano zemljišče","authority":"MKGP","dataSource":"raba-3000"},"geometry":{"type":"Polygon","coordinates":[[[13.919736373917033,46.11898088939004],[13.92,46.118901475005345],[13.92,46.118402525183654],[13.916638655192678,46.117930377705555],[13.915596950376676,46.115991851841756],[13.913964134767257,46.1152032051322],[13.910094658007614,46.1167084341835],[13.905031492959411,46.114145513986244],[13.900553746645544,46.11380926252331],[13.901846119301334,46.113265988889765],[13.90140746670388,46.1118680092657],[13.89977805347987,46.11183734224078],[13.900014398779257,46.1071678501063],[13.898302230810497,46.10363994544726],[13.898378998007395,46.102334350275726],[13.900479207707292,46.10075814858189],[13.899371694359758,46.098683934777846],[13.899193133172567,46.095014640873266],[13.8999068080979,46.094450867208465],[13.899206985668139,46.09194197555662],[13.901602589127728,46.09017489226354],[13.903148283939743,46.090345462861386],[13.90268360065458,46.0918919774941],[13.906469577996802,46.09077971588846],[13.906183320839343,46.09344445424116],[13.909716544408564,46.09159288677213],[13.91151263016569,46.091751297606166],[13.912194020473532,46.09242085673118],[13.91107402833127,46.09268765409342],[13.913932562840104,46.09380755740836],[13.916297116914196,46.09265826041881],[13.916666293050548,46.09341103074671],[13.914073613288327,46.09672656945165],[13.909457103539838,46.09816818806263],[13.910971068266756,46.0981610071066],[13.910990252691905,46.09908123016127],[13.912886381696936,46.09835356334227],[13.910478613328426,46.10143258877776],[13.912186612960415,46.10092704125664],[13.913891945272152,46.10382381243355],[13.911938364288538,46.10805660256218],[13.912587101097541,46.10861030193668],[13.912375479687809,46.10775410354559],[13.915150207009955,46.104633810998216],[13.91754908996401,46.110312055433],[13.915768837898431,46.10583504917695],[13.915970421539235,46.10468393286611],[13.917485041241296,46.10458816601316],[13.916383474234001,46.10402740862009],[13.917545997501222,46.102120822660616],[13.916205837673957,46.10368930272107],[13.913893651766468,46.103410488159135],[13.9135638402175,46.10157356613788],[13.914522244202434,46.10090224320583],[13.913499805888012,46.099554460233804],[13.914404636749858,46.09818683362122],[13.917913258912005,46.09809430152454],[13.916872323264652,46.09716044138367],[13.91771107536228,46.096510248824345],[13.917335146424193,46.09566592502856],[13.92,46.09169059409742],[13.92,46.09148270231396],[13.91732853108483,46.09212419551565],[13.91713901279022,46.09118743675606],[13.918601275475288,46.09100113982935],[13.918695779750886,46.08965923630789],[13.915873401853707,46.08948204155256],[13.91531010232318,46.08851864532784],[13.91375690294956,46.08747002577515],[13.915661673004001,46.0863489455231],[13.913790140795259,46.08526841280535],[13.915237099013066,46.0842767967],[13.913836158917904,46.0828964527691],[13.914399960957923,46.08206643989581],[13.913327136832256,46.08089864906208],[13.91447113041611,46.08],[13.913722990316293,46.08],[13.912617687471919,46.08092687653699],[13.913969188521326,46.08194595725041],[13.913399013038406,46.08283175303722],[13.914864592771673,46.0841690225857],[13.91320752326482,46.085142283600895],[13.914291248863156,46.08598374881155],[13.912998603971221,46.087755861081966],[13.915008874090809,46.088617232505726],[13.914239566054228,46.090692941326004],[13.916344911610043,46.09114576355203],[13.916598530334193,46.09201922374805],[13.915031207423402,46.092081664191745],[13.914529783300177,46.0931400754107],[13.912692498463713,46.09260836256081],[13.912549002844838,46.089649444062175],[13.911115668095734,46.08993489171504],[13.910690246965562,46.08884995413954],[13.910060857236553,46.09049678966909],[13.907804645903585,46.09193848392941],[13.908220232990312,46.089925389110206],[13.905594057865535,46.08892203415436],[13.905066505925866,46.09045320626783],[13.901430200707495,46.08944492385547],[13.900020815494184,46.0902088651214],[13.900933415447627,46.087910126299946],[13.897128973322259,46.09036366004218],[13.899433717775551,46.09013397500819],[13.89856318444995,46.091773409097726],[13.896127635907128,46.09130087774967],[13.895090572263175,46.090374180213836],[13.895229489099231,46.088782757094855],[13.893509131133365,46.089061422577274],[13.892959280006986,46.08673964139292],[13.891624399458369,46.0890434213282],[13.893393802956584,46.08944799907929],[13.896193357545563,46.09206834277956],[13.899154711072152,46.09268764425414],[13.899353670101252,46.09418107063069],[13.8954351682387,46.09274560960794],[13.892426870599843,46.09020669399194],[13.890403945589737,46.08974422601499],[13.89030288385057,46.089190855757494],[13.887939179325045,46.08970232499191],[13.889146772507955,46.08858846719276],[13.887436935929497,46.08847755914432],[13.88421654579881,46.09179913759301],[13.881794182009113,46.092875730289045],[13.882650552668167,46.09333400276368],[13.884263852714955,46.09241902893339],[13.883291980256999,46.09427297042083],[13.88,46.09551583966345],[13.88,46.0962707421788],[13.8831456668458,46.09508374225778],[13.885610143072178,46.09188271801797],[13.890323437691297,46.09013052249826],[13.892550423968965,46.09069807978337],[13.893908405890521,46.09278955126603],[13.89776654454994,46.093818118894134],[13.899167039532108,46.09683637586844],[13.898958016842839,46.098753424941194],[13.899783209279668,46.10021112631172],[13.896701716658356,46.10282727484024],[13.898134233701235,46.104212043846374],[13.897592586577638,46.10498328259659],[13.89928413790454,46.10859594346091],[13.896136184376497,46.10835317391431],[13.892066874155995,46.10970775523603],[13.89118142389525,46.11259252033801],[13.887784834350144,46.11321263000389],[13.887603281455185,46.11398122593382],[13.884556736073394,46.11391147297137],[13.884087803720895,46.11496001248554],[13.882856562491776,46.11442562324453],[13.884351558158842,46.11156017646022],[13.883230592030944,46.111037598461884],[13.883618584975702,46.10981046164393],[13.882614367822844,46.11121310468753],[13.883384693092582,46.112144743847615],[13.882524060646656,46.11437305107349],[13.883145549203732,46.115263365997],[13.882093250885578,46.115909405074284],[13.88,46.11515873651685],[13.88,46.11569692143568],[13.882463251378331,46.116724438925644],[13.88254953431296,46.11824379312839],[13.883923856841097,46.117687424459156],[13.883150913262174,46.118841175982254],[13.884662317856113,46.11879062390751],[13.884036876398495,46.1173773296919],[13.882917878731174,46.11704867037959],[13.884818475592226,46.11594630112728],[13.886481266839171,46.11668481303626],[13.884856404499065,46.11421629119066],[13.888410997439466,46.11511381496756],[13.89197190038291,46.11434465614043],[13.89211891148738,46.113443021603416],[13.891429908357747,46.114363030054754],[13.88866997538352,46.11388047798895],[13.891662305814032,46.112567174991945],[13.89222695992088,46.10997077610016],[13.898996955220593,46.108753961632054],[13.899761530951048,46.11022904574114],[13.899131354290692,46.11281806726298],[13.90076168761596,46.114407687076294],[13.905084066439432,46.11447825562769],[13.908369526412928,46.117733617398],[13.913254910710528,46.116451977509755],[13.914131097147324,46.11702742160681],[13.915170839513399,46.11611915148938],[13.916468653532059,46.11828610079598],[13.916212831553564,46.12],[13.918717032279602,46.12],[13.918716276096447,46.11998039283937],[13.919127668504103,46.12],[13.919766370204643,46.12],[13.919736373917033,46.11898088939004]],[[13.915745225369587,46.09671772657941],[13.915141958585286,46.096968466865434],[13.91544696302074,46.096382348061475],[13.915745225369587,46.09671772657941]],[[13.911292463484212,46.09051898590307],[13.911424011982737,46.09094271533569],[13.910572412150868,46.090637261099204],[13.911292463484212,46.09051898590307]],[[13.899924797888898,46.11316260907464],[13.899555462846324,46.11256807517317],[13.90047962648282,46.11294565754928],[13.899924797888898,46.11316260907464]],[[13.887728268804652,46.08975355486257],[13.886014600045282,46.09127176332899],[13.88545139186843,46.090838527291034],[13.88674172938564,46.08973393130282],[13.887728268804652,46.08975355486257]]]}},{"type":"Feature","properties":{"_zoneType":"SI_BUILT","name":"Pozidano zemljišče","authority":"MKGP","dataSource":"raba-3000"},"geometry":{"type":"Polygon","coordinates":[[[13.917633368956462,46.11476594420592],[13.91674213774261,46.11551628356505],[13.916732089094166,46.116155287264675],[13.92,46.11623851423804],[13.92,46.115485380962006],[13.917633368956462,46.11476594420592]]]}},{"type":"Feature","properties":{"_zoneType":"SI_BUILT","name":"Pozidano zemljišče","authority":"MKGP","dataSource":"raba-3000"},"geometry":{"type":"Polygon","coordinates":[[[13.919578897237372,46.11716073184329],[13.92,46.11732102063937],[13.92,46.116778738020685],[13.919578897237372,46.11716073184329]]]}},{"type":"Feature","properties":{"_zoneType":"SI_BUILT","name":"Pozidano zemljišče","authority":"MKGP","dataSource":"raba-3000"},"geometry":{"type":"Polygon","coordinates":[[[13.880863584688031,46.11377433366773],[13.881232279839622,46.11203826741404],[13.88,46.111561288685046],[13.88,46.112237636189484],[13.880356605141202,46.11256846559132],[13.88,46.11310950036848],[13.88,46.114347334438946],[13.880863584688031,46.11377433366773]]]}},{"type":"Feature","properties":{"_zoneType":"SI_BUILT","name":"Pozidano zemljišče","authority":"MKGP","dataSource":"raba-3000"},"geometry":{"type":"Polygon","coordinates":[[[13.880870463033773,46.10989860826985],[13.88,46.11082224202729],[13.88,46.11117687389574],[13.880870463033773,46.10989860826985]]]}},{"type":"Feature","properties":{"_zoneType":"SI_BUILT","name":"Pozidano zemljišče","authority":"MKGP","dataSource":"raba-3000"},"geometry":{"type":"Polygon","coordinates":[[[13.885670469871611,46.159709854661024],[13.884750649145259,46.160000000000004],[13.886134565677256,46.160000000000004],[13.885670469871611,46.159709854661024]]]}},{"type":"Feature","properties":{"_zoneType":"SI_BUILT","name":"Pozidano zemljišče","authority":"MKGP","dataSource":"raba-3000"},"geometry":{"type":"Polygon","coordinates":[[[13.88240291354289,46.15574475104709],[13.888292523168708,46.156245465512974],[13.886896765489153,46.15483672277817],[13.891576362027013,46.154001599606666],[13.892161266086045,46.15617229220512],[13.895251993869362,46.156398458743865],[13.894697063036324,46.1583941854217],[13.897278518527113,46.158864062267256],[13.897803227973798,46.15830662221117],[13.895232553517893,46.15829659272781],[13.895106444459072,46.157398219260536],[13.89617714565092,46.15630507915512],[13.898900568424343,46.15807750566207],[13.899295199272936,46.15663791822624],[13.900821038443842,46.15674885386584],[13.899024139497048,46.15344608692818],[13.899910500478411,46.1531465958512],[13.901983641171709,46.15609352341545],[13.901938666798737,46.158164220584766],[13.906305979157045,46.15885262577988],[13.907060605878431,46.160000000000004],[13.907532905065432,46.160000000000004],[13.906592265781413,46.1586080305454],[13.902359187271431,46.15773771701027],[13.902044326511371,46.152822027632816],[13.903375362545958,46.15248456421885],[13.903406980204313,46.154848168023165],[13.904217769395679,46.15412254960495],[13.903993660237965,46.1513817489224],[13.908904150189823,46.14975729863097],[13.906435111537098,46.150432650572625],[13.90710311940815,46.14862534011112],[13.914384139114974,46.146996025654936],[13.914860463999378,46.145855429602456],[13.92,46.1449259679582],[13.92,46.14301431399688],[13.918815098242296,46.14357624104543],[13.917089367899655,46.142999320067496],[13.919581167846726,46.14190596895242],[13.917002100696672,46.14216328812461],[13.914515196144885,46.145735835138694],[13.906154524941183,46.14828437176199],[13.905560679882038,46.14954558774871],[13.903353008606548,46.149734139256765],[13.902926323294093,46.15057862024163],[13.899251659470705,46.15093240515405],[13.899218275571007,46.15200943987419],[13.897019923908378,46.1536497405465],[13.898433620151538,46.15297224644083],[13.89937312736056,46.155853652165916],[13.897541544687016,46.155152776259214],[13.897131182118933,46.15628959151209],[13.893164680761977,46.15615894040688],[13.892295370580673,46.15405030856482],[13.889797805836627,46.153674563282976],[13.88570248766667,46.15514204784187],[13.88,46.155581060079314],[13.88,46.156906265545665],[13.88240291354289,46.15574475104709]],[[13.902484299559308,46.151476588918456],[13.901239337832374,46.153103191766],[13.899587741691569,46.15204017959849],[13.90140153465279,46.151054710024056],[13.902484299559308,46.151476588918456]]]}},{"type":"Feature","properties":{"_zoneType":"SI_BUILT","name":"Pozidano zemljišče","authority":"MKGP","dataSource":"raba-3000"},"geometry":{"type":"Polygon","coordinates":[[[13.91829435700149,46.13868052596111],[13.92,46.1383457212888],[13.92,46.13798201201803],[13.917645061623801,46.13797085741308],[13.917329530115687,46.13653803284868],[13.92,46.13709149151085],[13.92,46.13640120451176],[13.91898989043202,46.13663009024833],[13.916522094151238,46.1350616620242],[13.912681273358336,46.136658078485574],[13.911677877446662,46.136175144912556],[13.915222549188842,46.13393033917184],[13.910757588500967,46.13588934603938],[13.91251311630091,46.13710222649505],[13.913593780032407,46.13652275664325],[13.914461213853006,46.137517876640594],[13.916539763243232,46.137598558301626],[13.915955605597581,46.14006240265186],[13.913475761282527,46.13849943711072],[13.910418159027028,46.13810901514093],[13.914964570232161,46.1404752269095],[13.91466367563416,46.1416711557521],[13.912304307517298,46.14171216946276],[13.91317891707487,46.14280906084937],[13.917014008404623,46.14034840361735],[13.919035836547875,46.14062452846241],[13.92,46.14154037436454],[13.92,46.13987582889131],[13.91829435700149,46.13868052596111]],[[13.917525967819484,46.135966707092194],[13.915608999359758,46.13678680574553],[13.91527602769854,46.136219032705036],[13.916607160724595,46.135401983846315],[13.917525967819484,46.135966707092194]]]}},{"type":"Feature","properties":{"_zoneType":"SI_BUILT","name":"Pozidano zemljišče","authority":"MKGP","dataSource":"raba-3000"},"geometry":{"type":"Polygon","coordinates":[[[13.919853622063213,46.13200562832103],[13.918754719704927,46.12851628809372],[13.92,46.127392506263405],[13.92,46.127351835456416],[13.918559519802546,46.12819473470317],[13.916198766808662,46.127380796643976],[13.918766320755873,46.12627522502276],[13.918460512642573,46.12513056599101],[13.92,46.12423964022312],[13.92,46.12330488851822],[13.917810736297904,46.12498282962694],[13.918020669011586,46.12629017534568],[13.915832551616678,46.126433770279526],[13.915281724317927,46.12746951262874],[13.916209947265685,46.12941774794546],[13.914505445068434,46.129513835994395],[13.915508590331473,46.13033758533861],[13.914376910181868,46.130624673794046],[13.914761815696528,46.13159941209893],[13.912293990648926,46.128833367805385],[13.912317680056072,46.129620244826434],[13.910646951168367,46.129650566687346],[13.910308803692814,46.13045058492116],[13.906442313581673,46.130337462123336],[13.907330710158831,46.12756526620505],[13.905527329269454,46.12914364389056],[13.904910601576834,46.12772804879886],[13.903338093447896,46.1272149586351],[13.90316631065884,46.12557527408702],[13.90697593956514,46.122871418898185],[13.907471407617921,46.12157761360685],[13.909977844233387,46.12190144985781],[13.909318875653346,46.12096001034016],[13.907192536752872,46.12092813414789],[13.906586603703078,46.122840766464094],[13.904445544365144,46.123520329453186],[13.904696095042395,46.12427000935912],[13.902121588567441,46.126004870122784],[13.899057001228018,46.12621592499948],[13.899017837920294,46.12368464459702],[13.898165522243845,46.12643009613825],[13.896368302085582,46.12552082890604],[13.894369001610615,46.12616383528213],[13.893998643232612,46.12718586908156],[13.892161352335311,46.1263623489534],[13.89255198221347,46.128112969486324],[13.891047344431355,46.12934191473201],[13.890574110134134,46.130764550493076],[13.88851932687254,46.13070216228215],[13.886648488223429,46.13203228561754],[13.882250799926497,46.13192694539383],[13.88,46.131247548346764],[13.88,46.13194145672929],[13.880246265408458,46.132032199745645],[13.88,46.13212942508662],[13.88,46.13280764210655],[13.881579856960625,46.13205059004381],[13.884188825444458,46.13252622821578],[13.886863175022613,46.13224512346796],[13.88866286555839,46.13096626455852],[13.89042869844038,46.131168750083035],[13.891442063096253,46.12941756929467],[13.893241191441444,46.12876687874331],[13.893087919146828,46.12740982588288],[13.89639497815202,46.12819059691482],[13.89941310493133,46.126826012516865],[13.90096267704081,46.12852063878167],[13.902006295011098,46.12735177755833],[13.904609300936157,46.12788125928304],[13.90438975319401,46.12977928221108],[13.905795373754872,46.130099070022126],[13.90512253988132,46.130838789345255],[13.9092343609508,46.13103817920494],[13.910868271576453,46.13228168629449],[13.910371928981112,46.13109051207987],[13.911044389317942,46.13072524424637],[13.9158597590914,46.1319091344319],[13.91607603812103,46.13297694350487],[13.916557274906577,46.132368491508295],[13.91560224210737,46.13090482958671],[13.916655131890781,46.12941321223549],[13.915920711556687,46.12827887355568],[13.917906290616664,46.12869333008152],[13.919468953125175,46.13173543338585],[13.91859619610416,46.13227206162435],[13.918619066658012,46.134088608597565],[13.917271451530556,46.13445659033333],[13.92,46.13530754708879],[13.92,46.13206488484072],[13.919853622063213,46.13200562832103]],[[13.898376435860436,46.12684855564542],[13.89775092296304,46.127110033147375],[13.898115212695835,46.126506621304706],[13.898376435860436,46.12684855564542]],[[13.897598861878635,46.1272805871238],[13.896424273682136,46.12772360580082],[13.896985203446626,46.1267912321137],[13.897598861878635,46.1272805871238]]]}},{"type":"Feature","properties":{"_zoneType":"SI_BUILT","name":"Pozidano zemljišče","authority":"MKGP","dataSource":"raba-3000"},"geometry":{"type":"Polygon","coordinates":[[[13.919825068022421,46.12199423240819],[13.919766370204643,46.12],[13.919127668504103,46.12],[13.919520423913767,46.120018718912306],[13.919507914007601,46.12121110529345],[13.918760822666219,46.12113544600632],[13.918717032279602,46.12],[13.916212831553564,46.12],[13.916137667690125,46.12050356613797],[13.918076547143317,46.120449452951306],[13.92,46.12281499811058],[13.92,46.122169907938655],[13.919825068022421,46.12199423240819]]]}},{"type":"Feature","properties":{"_zoneType":"SI_BUILT","name":"Pozidano zemljišče","authority":"MKGP","dataSource":"raba-3000"},"geometry":{"type":"Polygon","coordinates":[[[13.880701985551656,46.15067605457457],[13.882077994346746,46.15041871005271],[13.880836550825254,46.15030152881558],[13.88,46.14935164328404],[13.88,46.14976545922642],[13.880701985551656,46.15067605457457]]]}},{"type":"Feature","properties":{"_zoneType":"SI_BUILT","name":"Pozidano zemljišče","authority":"MKGP","dataSource":"raba-3000"},"geometry":{"type":"Polygon","coordinates":[[[13.880583333967778,46.144041608497936],[13.880465466134025,46.145628037313806],[13.882070947498775,46.14571369387153],[13.880919335662924,46.14359357465967],[13.884828697195067,46.14242004814993],[13.88514603995914,46.144914386824894],[13.88619524055577,46.14550985694879],[13.885495102046162,46.14645666681127],[13.886528530045371,46.146026124343344],[13.887643786145818,46.14705559558189],[13.888649904586336,46.150639190984045],[13.892519069641803,46.1508159566062],[13.889538042861778,46.15018801225943],[13.888553476662091,46.14771560959912],[13.885232349712934,46.14420705134422],[13.888516349985768,46.140803480459205],[13.887801315216853,46.140320282481206],[13.887065868834496,46.141926988826704],[13.884707489119602,46.1420016374599],[13.887921378075127,46.137701531584746],[13.886583331948843,46.137365307661796],[13.886721405942216,46.138585919861804],[13.884737645592812,46.14136632612403],[13.883160469236394,46.141635602531665],[13.88338880828903,46.14077899663486],[13.88022714499724,46.140113526751925],[13.880590976769662,46.13885353435619],[13.88,46.13790676584848],[13.88,46.13869596385392],[13.880163594140777,46.138929606226256],[13.88,46.139096903248216],[13.88,46.140653799882045],[13.882020329822964,46.141386860573455],[13.881532382080728,46.14291040253313],[13.88,46.14301515369396],[13.88,46.14399298371803],[13.880583333967778,46.144041608497936]]]}},{"type":"Feature","properties":{"_zoneType":"SI_BUILT","name":"Pozidano zemljišče","authority":"MKGP","dataSource":"raba-3000"},"geometry":{"type":"Polygon","coordinates":[[[13.882068340457353,46.13702047591301],[13.883258342540426,46.13780520433828],[13.88337061311689,46.136890346267094],[13.88,46.13713805352748],[13.88,46.13779752493752],[13.882068340457353,46.13702047591301]]]}},{"type":"Feature","properties":{"_zoneType":"SI_BUILT","name":"Pozidano zemljišče","authority":"MKGP","dataSource":"raba-3000"},"geometry":{"type":"Polygon","coordinates":[[[13.883365223409522,46.12897741243019],[13.88029070711854,46.1295552817774],[13.881171899821972,46.124120205875364],[13.880593602894958,46.12278891307971],[13.88,46.12254829783897],[13.88,46.12356448818155],[13.880805565319935,46.12415769414554],[13.88,46.12920250798518],[13.88,46.13062345201962],[13.883365223409522,46.12897741243019]]]}},{"type":"Feature","properties":{"_zoneType":"SI_BUILT","name":"Pozidano zemljišče","authority":"MKGP","dataSource":"raba-3000"},"geometry":{"type":"Polygon","coordinates":[[[13.88122752676345,46.18678568565648],[13.88612667572258,46.18869361056582],[13.895101682154596,46.195611017648474],[13.891086433617605,46.199423099894844],[13.88956830209184,46.2],[13.893195894465169,46.2],[13.89373190465286,46.199380555519035],[13.891923995874134,46.19896429003183],[13.895660556187782,46.19567161360344],[13.886390855959698,46.188522222089496],[13.88,46.18512777004019],[13.88,46.18570067234648],[13.88122752676345,46.18678568565648]]]}},{"type":"Feature","properties":{"_zoneType":"SI_BUILT","name":"Pozidano zemljišče","authority":"MKGP","dataSource":"raba-3000"},"geometry":{"type":"Polygon","coordinates":[[[13.880391751039774,46.16426756007322],[13.883618326273476,46.16303717716001],[13.892510032858636,46.16366842002063],[13.894584716299759,46.16308322438685],[13.897872931607935,46.16388007871305],[13.899425907789983,46.16621471594677],[13.901953121094214,46.168022069825305],[13.901670251996018,46.16902329082226],[13.90305266897239,46.16869324137419],[13.905392564765041,46.170861119742256],[13.9098925702896,46.17181899736516],[13.910102814127011,46.17281044473317],[13.912433300776025,46.174021598683524],[13.910044481131516,46.1744305944913],[13.91042512888743,46.175368819989735],[13.908578573316825,46.17456761809832],[13.907112222224379,46.175029781935606],[13.906523107053241,46.173740185391715],[13.905643366072441,46.17457621428573],[13.90806017640544,46.177383036977844],[13.907367704667838,46.17967608109097],[13.910943217939257,46.178205112535494],[13.908365629719116,46.17814496172775],[13.908949420182465,46.17741263648447],[13.907825574867505,46.17585275470143],[13.91023896524218,46.17560021874303],[13.91117336561499,46.17635261172737],[13.912277537862762,46.17449274387088],[13.918126453597417,46.17744372797189],[13.919055583243427,46.18091124186127],[13.92,46.18183126652731],[13.92,46.17969070453263],[13.919239249436563,46.17667193411152],[13.918211909896126,46.175863481404576],[13.916364578120042,46.17584523106027],[13.9150871700696,46.17306060635991],[13.913690732734873,46.17274029515312],[13.91766838914685,46.17206500639888],[13.91519845185557,46.17094015878881],[13.914850942879134,46.17190758785195],[13.912103537781698,46.171926684979915],[13.909942119278005,46.17063639688869],[13.905473494243624,46.170053437097884],[13.900325038800288,46.1664544540167],[13.900627751704489,46.165829410811604],[13.897776026660996,46.16319701949096],[13.894462283647009,46.16280604190236],[13.889028091473234,46.16325208736986],[13.88870097148444,46.162590315217926],[13.89070009422406,46.16233389214676],[13.891462723726972,46.161345891328445],[13.89026335954292,46.16118947721904],[13.889382765785738,46.16228845883306],[13.88493869873552,46.161411480432356],[13.88471078555678,46.16056660929629],[13.886959217549267,46.16051555927469],[13.886134565677256,46.160000000000004],[13.884750649145259,46.160000000000004],[13.88048772368726,46.16134468371567],[13.88,46.16130828196657],[13.88,46.16166931283831],[13.881371695327896,46.16179149811043],[13.880235751002033,46.162630619804524],[13.88,46.16220412148647],[13.88,46.163221572128045],[13.880805425422906,46.162695722339905],[13.881361405423036,46.162937960603394],[13.880783878093373,46.163644068770125],[13.88,46.163269086101224],[13.88,46.164274830816204],[13.880391751039774,46.16426756007322]],[[13.918340234401073,46.176307558744405],[13.918272772877975,46.1766564560608],[13.917543736327312,46.176202861558856],[13.918340234401073,46.176307558744405]],[[13.911517029702393,46.172472452489885],[13.912230983793556,46.172544143395655],[13.911453991661041,46.172808049839766],[13.911517029702393,46.172472452489885]],[[13.909924890469128,46.17116345541735],[13.908963693823601,46.17139589423551],[13.909235934968882,46.170748462212124],[13.909924890469128,46.17116345541735]],[[13.908341151578657,46.1709615133117],[13.908034688569055,46.17129134964269],[13.907504358193746,46.170660777971705],[13.908341151578657,46.1709615133117]],[[13.886227510091924,46.162726671645665],[13.885375768796623,46.16301777265073],[13.884984666809109,46.16217845806867],[13.886227510091924,46.162726671645665]],[[13.882577983330258,46.161362586207346],[13.882709536112241,46.16102729584913],[13.884034791808794,46.161492140199506],[13.882577983330258,46.161362586207346]]]}},{"type":"Feature","properties":{"_zoneType":"SI_BUILT","name":"Pozidano zemljišče","authority":"MKGP","dataSource":"raba-3000"},"geometry":{"type":"Polygon","coordinates":[[[13.909551044150465,46.16378659354243],[13.914444140007525,46.1627479047201],[13.917145200703015,46.16426179219742],[13.917575807578807,46.165703336611436],[13.919540646534157,46.165622112886275],[13.917811080727594,46.1646119887623],[13.918424551109364,46.163931361609094],[13.916365363870893,46.163356894216285],[13.918430381024844,46.16303770441233],[13.92,46.164642598843734],[13.92,46.16338977066761],[13.918855250114575,46.162741472973],[13.914151818848548,46.16200542299982],[13.909895998655223,46.163496934639284],[13.907532905065432,46.160000000000004],[13.907060605878431,46.160000000000004],[13.909551044150465,46.16378659354243]]]}},{"type":"Feature","properties":{"_zoneType":"SI_BUILT","name":"Pozidano zemljišče","authority":"MKGP","dataSource":"raba-3000"},"geometry":{"type":"Polygon","coordinates":[[[13.919976705141224,46.167070933461396],[13.92,46.16707787663128],[13.92,46.16697438804757],[13.919976705141224,46.167070933461396]]]}},{"type":"Feature","properties":{"_zoneType":"SI_BUILT","name":"Pozidano zemljišče","authority":"MKGP","dataSource":"raba-3000"},"geometry":{"type":"Polygon","coordinates":[[[13.945299640875238,46.03692598500159],[13.947318172286103,46.03495461348019],[13.945984465288191,46.035194024624445],[13.944845125332519,46.03684028589246],[13.93987422490747,46.03795341572091],[13.936855830547158,46.04],[13.937833594649303,46.04],[13.945299640875238,46.03692598500159]]]}},{"type":"Feature","properties":{"_zoneType":"SI_BUILT","name":"Pozidano zemljišče","authority":"MKGP","dataSource":"raba-3000"},"geometry":{"type":"Polygon","coordinates":[[[13.920687143001183,46.05315821993904],[13.923554773633427,46.05428611757312],[13.926542826094781,46.05278523382031],[13.926191445298462,46.0514536247278],[13.922608499648131,46.053821459270026],[13.92,46.052755122008485],[13.92,46.0539498365],[13.920687143001183,46.05315821993904]]]}},{"type":"Feature","properties":{"_zoneType":"SI_BUILT","name":"Pozidano zemljišče","authority":"MKGP","dataSource":"raba-3000"},"geometry":{"type":"Polygon","coordinates":[[[13.922348748189446,46.05033922469979],[13.92,46.04980666848323],[13.92,46.05053178285462],[13.922348748189446,46.05033922469979]]]}},{"type":"Feature","properties":{"_zoneType":"SI_BUILT","name":"Pozidano zemljišče","authority":"MKGP","dataSource":"raba-3000"},"geometry":{"type":"Polygon","coordinates":[[[13.923515996250567,46.04758148052889],[13.925029122769226,46.04812856310142],[13.930468309101421,46.044533929095245],[13.933405174820233,46.044290074148954],[13.933216132701371,46.04319077780507],[13.935230841562907,46.04148927297652],[13.937171656366655,46.04098595033208],[13.938805676985604,46.041957518939526],[13.936834181277796,46.0426607086869],[13.9362816606953,46.044214614093285],[13.937271273629486,46.04379384911209],[13.937190410577166,46.04280201269102],[13.940234933832192,46.0426009567786],[13.94032326078374,46.04140566970652],[13.938895195414077,46.04143658096253],[13.93762907127754,46.040084208949864],[13.937833594649303,46.04],[13.936855830547158,46.04],[13.928134119643865,46.04591364622733],[13.92,46.04829774851877],[13.92,46.04927736896148],[13.923515996250567,46.04758148052889]]]}},{"type":"Feature","properties":{"_zoneType":"SI_BUILT","name":"Pozidano zemljišče","authority":"MKGP","dataSource":"raba-3000"},"geometry":{"type":"Polygon","coordinates":[[[13.953326506620629,46.11920256632881],[13.953389751436381,46.12],[13.95395696902586,46.12],[13.953326506620629,46.11920256632881]]]}},{"type":"Feature","properties":{"_zoneType":"SI_BUILT","name":"Pozidano zemljišče","authority":"MKGP","dataSource":"raba-3000"},"geometry":{"type":"Polygon","coordinates":[[[13.951089086307661,46.119661221836495],[13.948383161172023,46.11952296172744],[13.950514209125457,46.11680323722841],[13.949525068115603,46.11653726104709],[13.949667822938546,46.11734533228915],[13.947909244143455,46.11760453572705],[13.948432410343845,46.118710296214935],[13.94723804583101,46.11871545248869],[13.946235027973227,46.11658346223106],[13.943885470213123,46.11722445414712],[13.93932248491405,46.11437307388379],[13.943875670806653,46.11786109803759],[13.943827926040377,46.11957688219095],[13.945006433352818,46.11921797189166],[13.94569445072462,46.12],[13.94606497321669,46.12],[13.94658230763865,46.119178579614996],[13.94813302589767,46.12],[13.951353269989971,46.12],[13.951089086307661,46.119661221836495]]]}},{"type":"Feature","properties":{"_zoneType":"SI_BUILT","name":"Pozidano zemljišče","authority":"MKGP","dataSource":"raba-3000"},"geometry":{"type":"Polygon","coordinates":[[[13.923039922208226,46.11798573272],[13.924183937640429,46.118960847476984],[13.925397143985212,46.1169616870994],[13.925758887085387,46.11446991852056],[13.927204237937023,46.11405228500041],[13.929114387507655,46.117023092475755],[13.928378638018406,46.11814881581369],[13.928904835816121,46.11955847720487],[13.929554111774362,46.12],[13.93007412138774,46.12],[13.929558913604364,46.119629039129485],[13.931385552902418,46.12],[13.933989751512891,46.12],[13.930315495820622,46.118885663258716],[13.928418449363848,46.11486878912344],[13.9329799603549,46.11081379423754],[13.934955831893632,46.11059284909613],[13.934684931695294,46.109728783307716],[13.938363541946943,46.107155052529826],[13.93886833666795,46.106147829447565],[13.938061928433694,46.10436946394102],[13.940313297218664,46.10227385834153],[13.942334054132772,46.10330783622318],[13.946105206840137,46.10275183427519],[13.947885472910839,46.10340068570389],[13.951543183511532,46.106704170708504],[13.957939894078997,46.10988815616567],[13.96,46.113031298600404],[13.96,46.110692252813394],[13.951578604871774,46.10623291752914],[13.94874163052938,46.10282625630922],[13.95485982239231,46.10032816448189],[13.957062477207531,46.101760749061434],[13.953668383726395,46.10211185272341],[13.952717737960176,46.10405129136754],[13.955527047459078,46.104233877600734],[13.955541269363035,46.10530291572634],[13.9575482343454,46.10560003832686],[13.957125884306775,46.10668169239812],[13.958882147414611,46.1068363627052],[13.959336387446534,46.108046059587345],[13.96,46.10783198512817],[13.96,46.10638225422818],[13.95825539716702,46.1060633336735],[13.95379039072301,46.102484657297396],[13.96,46.10244323061132],[13.96,46.10012366849047],[13.959541650822159,46.09957259293433],[13.96,46.099282824203115],[13.96,46.09704073382945],[13.95981881064894,46.097000472820866],[13.958946193824678,46.09796666915078],[13.958443955569013,46.09704068383001],[13.96,46.096171468227396],[13.96,46.095732874235296],[13.959454357709435,46.09601271189839],[13.95689859670354,46.09534008631615],[13.958064447412479,46.096691186009835],[13.957287448301859,46.09864085765592],[13.950699520650158,46.10102575812456],[13.950821024074074,46.10023237546229],[13.95393132946917,46.09904730801053],[13.954297354257408,46.097076084751784],[13.955361460895574,46.09669861545639],[13.953836086845508,46.09600474426315],[13.954118062873109,46.09471848206407],[13.956804382660286,46.09464776328768],[13.957941419927943,46.0937372185152],[13.959561599694915,46.093906769644036],[13.96,46.093555915753015],[13.96,46.09283107685673],[13.959411488996002,46.09367213568614],[13.95687671791171,46.09294404373509],[13.956760371062035,46.094333118080975],[13.954039899839897,46.09437263703098],[13.953581649054035,46.09353638415851],[13.954783828734072,46.09224001717459],[13.95418608895001,46.090153125923955],[13.953821580234484,46.092771534644605],[13.952490656072888,46.09331431938328],[13.952682558977113,46.09552041046401],[13.951293341182437,46.09502551749486],[13.952024119291188,46.09702013986717],[13.947300193002858,46.09897069488283],[13.947196131330049,46.09801378968015],[13.948349921201967,46.097846299814464],[13.945322293563311,46.09492151532885],[13.946127650678717,46.09365095318596],[13.944116100060414,46.09046540843557],[13.94537697350533,46.089273804510746],[13.94231084951523,46.08770582316695],[13.943627655497446,46.086509475773575],[13.94221649912243,46.08294576205511],[13.943008676758318,46.08216265490129],[13.941631101277022,46.08120278242375],[13.940397916031898,46.08258090738824],[13.94271754491325,46.084609308423616],[13.94081577960604,46.08841198380233],[13.939790328043044,46.088556554825594],[13.939781577687175,46.08679883043284],[13.937263010274648,46.08689377039214],[13.939124201263349,46.08771533660476],[13.939555820520571,46.08888655971818],[13.938646580334972,46.09029116991973],[13.941024427417057,46.08987894768181],[13.941987712388862,46.088681112649084],[13.944546736670132,46.089395204290334],[13.943722225121334,46.09057921070829],[13.945124063498904,46.09290638572312],[13.9424359393893,46.09363809819814],[13.946256415296217,46.09588318281118],[13.944399300016302,46.09708995465435],[13.942798691354719,46.09628497908207],[13.944052615572586,46.09743282642789],[13.945754193640521,46.09746518734934],[13.946655848368358,46.09942066137619],[13.952996975296596,46.096876406702116],[13.953756505176303,46.09880520844101],[13.947613673685236,46.10122363878898],[13.950121877612878,46.101005128379924],[13.947905741376553,46.10215698463944],[13.942975335984368,46.1030300996908],[13.940669442769945,46.10202438119749],[13.938901848097457,46.10240874639039],[13.93766102466868,46.10445071165659],[13.938465587587059,46.10611009256364],[13.937908057737953,46.107137397727215],[13.931808610844767,46.11012399087617],[13.932373720596884,46.11091548673718],[13.929978892328034,46.11282961634798],[13.924130624372618,46.114505150911896],[13.92218705600296,46.11773237826363],[13.920939478192802,46.116850294926],[13.925169236136034,46.112481959410445],[13.924644317857977,46.10995008649215],[13.924362020222775,46.11276190352848],[13.921457420099223,46.115928424921606],[13.92,46.115485380962006],[13.92,46.11623851423804],[13.920579269271846,46.11625326703567],[13.92,46.116778738020685],[13.92,46.11732102063937],[13.92180016592568,46.11800623682548],[13.920199035441465,46.11843048247073],[13.92,46.118402525183654],[13.92,46.118901475005345],[13.923039922208226,46.11798573272]],[[13.959984722733095,46.098283406733536],[13.958976835968882,46.100509758653466],[13.958151380147847,46.098692627495794],[13.959984722733095,46.098283406733536]],[[13.942205727433125,46.082692996614604],[13.941387136190132,46.08288064015378],[13.941888715491917,46.082210820484335],[13.942205727433125,46.082692996614604]],[[13.925085311562105,46.11668283243226],[13.923776521693759,46.117859419594815],[13.923948718902254,46.11641419260719],[13.925085311562105,46.11668283243226]]]}},{"type":"Feature","properties":{"_zoneType":"SI_BUILT","name":"Pozidano zemljišče","authority":"MKGP","dataSource":"raba-3000"},"geometry":{"type":"Polygon","coordinates":[[[13.95917479705201,46.115069878478174],[13.956609707984976,46.11203668978948],[13.954650607321403,46.11142523364778],[13.956004306431748,46.11734813980825],[13.959467429236957,46.11797648530505],[13.95624500014235,46.11710475707517],[13.955821303845147,46.114436801679375],[13.95718335161175,46.11366955260906],[13.958610654871897,46.11462110172003],[13.958595054904768,46.115958075765846],[13.96,46.11565293611859],[13.96,46.115138059531816],[13.95917479705201,46.115069878478174]],[[13.956024688072315,46.112829910296036],[13.95646524587522,46.112531294379686],[13.956486708460567,46.11319894657606],[13.956024688072315,46.112829910296036]]]}},{"type":"Feature","properties":{"_zoneType":"SI_BUILT","name":"Pozidano zemljišče","authority":"MKGP","dataSource":"raba-3000"},"geometry":{"type":"Polygon","coordinates":[[[13.959779469409447,46.090862016619674],[13.96,46.0916871917208],[13.96,46.09102216690263],[13.959779469409447,46.090862016619674]]]}},{"type":"Feature","properties":{"_zoneType":"SI_BUILT","name":"Pozidano zemljišče","authority":"MKGP","dataSource":"raba-3000"},"geometry":{"type":"Polygon","coordinates":[[[13.920166096060973,46.09144281807899],[13.92,46.09148270231396],[13.92,46.09169059409742],[13.920166096060973,46.09144281807899]]]}},{"type":"Feature","properties":{"_zoneType":"SI_BUILT","name":"Pozidano zemljišče","authority":"MKGP","dataSource":"raba-3000"},"geometry":{"type":"Polygon","coordinates":[[[13.935649279623046,46.15958385246908],[13.944854381929764,46.15713723449385],[13.94429637815713,46.15999012899918],[13.944305180802546,46.160000000000004],[13.945512648442389,46.160000000000004],[13.94530477158126,46.15805503253524],[13.947265794659248,46.15661391660011],[13.950663066687756,46.15872602906709],[13.953004119313684,46.15856117629226],[13.95213678713946,46.157628713045874],[13.95098933173424,46.158296883958634],[13.951352084713664,46.1567749611687],[13.949189293140295,46.15617127884291],[13.952847920598678,46.15451153710295],[13.948878882226104,46.15487986958901],[13.953855559050599,46.15158851338204],[13.954673274171952,46.149180541260115],[13.958491313669443,46.14788888729651],[13.959467914891887,46.14997098241303],[13.96,46.15005792032535],[13.96,46.149688886851386],[13.959763365528762,46.14960830960392],[13.959217762232274,46.147128509351305],[13.955526907050897,46.147984837985945],[13.95140463946692,46.14673563348832],[13.951096123858342,46.14586256364904],[13.959576102223554,46.141308175898445],[13.96,46.14053343402533],[13.96,46.13965500311067],[13.959156190960302,46.138828485787776],[13.959369725184231,46.13688959347994],[13.96,46.13723827622907],[13.96,46.136260327660786],[13.957467932393552,46.135155652200616],[13.96,46.13539467376291],[13.96,46.134673734990706],[13.959997076601187,46.13467350620619],[13.96,46.134660809208505],[13.96,46.13377399465474],[13.957294629123705,46.13067667323016],[13.957895667765506,46.12933587752947],[13.956707454874321,46.12791608305898],[13.954276729840041,46.126899623523464],[13.955378636984731,46.125027060313556],[13.957717823094626,46.124797986079116],[13.958756808727212,46.12225422138069],[13.957441200270404,46.12190980807581],[13.957431040788514,46.12084780194549],[13.956236503469091,46.12173612896238],[13.955033826534892,46.12136205177287],[13.95395696902586,46.12],[13.953389751436381,46.12],[13.953486052296011,46.121214226764955],[13.952448202313704,46.121404095660075],[13.951353269989971,46.12],[13.94813302589767,46.12],[13.949870313749605,46.120920246890684],[13.950263320311617,46.12253811617331],[13.95086835151429,46.12126146429818],[13.954525719902328,46.122884947178314],[13.953181037719638,46.12403711975735],[13.951708546043186,46.12371853984675],[13.953221586223542,46.12522202011199],[13.952494516945668,46.126657374407735],[13.95073054090152,46.12717750047627],[13.953501794207499,46.12695661539817],[13.956379539801608,46.1280590604551],[13.957577315585182,46.129552240891186],[13.956936638142874,46.130801630522534],[13.958829419552098,46.13285030185758],[13.958221790670466,46.13446819703135],[13.957334740947658,46.1337700974542],[13.95278819698121,46.13576903482105],[13.951159076512191,46.13549949642661],[13.949626577566363,46.13695244973764],[13.95154759051144,46.13675081068513],[13.950882526845676,46.136239251010835],[13.951490984495821,46.13583156729599],[13.954303180557142,46.13649330386295],[13.953809735400345,46.1373673560764],[13.952761260827867,46.13711423225755],[13.95386703687476,46.137658643601554],[13.954884808717273,46.13663748658212],[13.954440771024966,46.135827915924715],[13.956042273895418,46.134973151971494],[13.958440940201086,46.1363075777731],[13.958837820457475,46.138041281777156],[13.9576210355002,46.13881084302875],[13.959695083485734,46.14003544523115],[13.957860736627817,46.14206040478834],[13.95050689044683,46.14552895550396],[13.950991058658719,46.14691265113079],[13.953092721198672,46.1474276249022],[13.95203649740429,46.148577095718025],[13.950501441831692,46.14810740736027],[13.947557148637983,46.15057010280722],[13.944461582057842,46.15001744869014],[13.943771128359673,46.148258097173866],[13.94114836820358,46.14829134536775],[13.940272609236148,46.14665629148541],[13.942927874463246,46.14418252509062],[13.940537840610908,46.143058811076145],[13.942570594439534,46.142268005239],[13.94420464682958,46.14050350395404],[13.943943098153671,46.139618833738744],[13.945832359943923,46.13866388080703],[13.942679648361105,46.139301087601474],[13.94245002484116,46.141926641886094],[13.940178293532846,46.142254745815464],[13.939706055638835,46.14346440800547],[13.938262914374516,46.14215992833363],[13.940034220629979,46.141228166595766],[13.93797304033135,46.141725662303536],[13.937580758066936,46.14276347365601],[13.939489836889004,46.144456529366664],[13.93454113103186,46.143603612045574],[13.93467687886353,46.14248259344195],[13.932900662607178,46.142335613930555],[13.932442461582427,46.1414654095848],[13.92825483199763,46.14230518990236],[13.92739632053662,46.14117417703685],[13.926667495580034,46.141859128754284],[13.923355010683782,46.1415187705348],[13.922808422263541,46.14305726479982],[13.921239686389654,46.14334365375716],[13.921589010428693,46.14252397789815],[13.920110370483597,46.14098565229587],[13.920418817010704,46.14016933298364],[13.92,46.13987582889131],[13.92,46.14154037436454],[13.921034978450205,46.14252348648139],[13.92,46.14301431399688],[13.92,46.1449259679582],[13.920731533400112,46.14479367347932],[13.926001908819286,46.14210881089146],[13.928698097254534,46.143093849842685],[13.931131366841003,46.14209112950324],[13.934212722217895,46.14379258569463],[13.93871695334888,46.1452658333876],[13.938415925942234,46.14636721385551],[13.94090452904895,46.14931415310696],[13.943195961954872,46.14958322555509],[13.944323047460959,46.15100959111396],[13.943491629448403,46.15160814191702],[13.947258515279255,46.15334471314199],[13.94536669416425,46.15299958675487],[13.946644412812676,46.15437045201394],[13.944936181324122,46.155010012963935],[13.944086688783031,46.15698772302289],[13.935462476309537,46.15939145198994],[13.934498161606824,46.160000000000004],[13.935004463225578,46.160000000000004],[13.935649279623046,46.15958385246908]],[[13.957329788277367,46.12406915126567],[13.956720051776248,46.12468418093814],[13.954786699028338,46.12424279959008],[13.95537109728841,46.12364806771526],[13.957329788277367,46.12406915126567]],[[13.956364636611601,46.12296498835762],[13.955804373700419,46.12322318030807],[13.95470627822841,46.12266195824447],[13.955224452747057,46.12214686507459],[13.956364636611601,46.12296498835762]],[[13.952484443357289,46.151548129477284],[13.951889407029164,46.15033709125362],[13.954412236900113,46.14985218092497],[13.953553938725731,46.151475623778],[13.947345010778283,46.15540949730493],[13.949338845433017,46.15172027891619],[13.952484443357289,46.151548129477284]],[[13.954826197853853,46.124783303648755],[13.954071338818029,46.12648096395097],[13.953003940397632,46.12609682557266],[13.953990132011722,46.12466667843166],[13.954826197853853,46.124783303648755]],[[13.947510578492619,46.15090396763073],[13.949562950353627,46.15009315142551],[13.950984831693136,46.150833807260405],[13.94785731824202,46.1519884250931],[13.945899761956984,46.15147556101516],[13.946149479950936,46.15073035859376],[13.947510578492619,46.15090396763073]],[[13.948671020130956,46.15580688591463],[13.948435317851276,46.156456323844125],[13.947409672854892,46.15572135304799],[13.948671020130956,46.15580688591463]],[[13.946709300065201,46.15668769981076],[13.945511550053222,46.156696285763985],[13.946655447846963,46.1559820571488],[13.946709300065201,46.15668769981076]],[[13.940463477345967,46.14501942785895],[13.939974734490153,46.145843496258244],[13.939502316659603,46.144796626118435],[13.940463477345967,46.14501942785895]]]}},{"type":"Feature","properties":{"_zoneType":"SI_BUILT","name":"Pozidano zemljišče","authority":"MKGP","dataSource":"raba-3000"},"geometry":{"type":"Polygon","coordinates":[[[13.94591039038203,46.120245445665645],[13.94606497321669,46.12],[13.94569445072462,46.12],[13.94591039038203,46.120245445665645]]]}},{"type":"Feature","properties":{"_zoneType":"SI_BUILT","name":"Pozidano zemljišče","authority":"MKGP","dataSource":"raba-3000"},"geometry":{"type":"Polygon","coordinates":[[[13.921901305577432,46.13797250954909],[13.922511852092589,46.137031484667],[13.921074760733427,46.13762050962944],[13.920657727132314,46.13633454461045],[13.923534370974902,46.1334956641499],[13.92,46.13206488484072],[13.92,46.13530754708879],[13.920076681554006,46.135331461887134],[13.920207350169726,46.13635422000847],[13.92,46.13640120451176],[13.92,46.13709149151085],[13.920380817123075,46.137170416398455],[13.920799066364937,46.13798579694494],[13.92,46.13798201201803],[13.92,46.1383457212888],[13.921901305577432,46.13797250954909]]]}},{"type":"Feature","properties":{"_zoneType":"SI_BUILT","name":"Pozidano zemljišče","authority":"MKGP","dataSource":"raba-3000"},"geometry":{"type":"Polygon","coordinates":[[[13.920976092512738,46.12651164832735],[13.92000853462712,46.12618080111279],[13.920084414231441,46.12730244033649],[13.92,46.127351835456416],[13.92,46.127392506263405],[13.920976092512738,46.12651164832735]]]}},{"type":"Feature","properties":{"_zoneType":"SI_BUILT","name":"Pozidano zemljišče","authority":"MKGP","dataSource":"raba-3000"},"geometry":{"type":"Polygon","coordinates":[[[13.921307502349896,46.12348296786106],[13.92,46.122169907938655],[13.92,46.12281499811058],[13.920245401170801,46.12311680303897],[13.92,46.12330488851822],[13.92,46.12423964022312],[13.921307502349896,46.12348296786106]]]}},{"type":"Feature","properties":{"_zoneType":"SI_BUILT","name":"Pozidano zemljišče","authority":"MKGP","dataSource":"raba-3000"},"geometry":{"type":"Polygon","coordinates":[[[13.930733064446047,46.12080171531429],[13.93017150405442,46.121862899330814],[13.932563474630793,46.12272952517637],[13.931040566640375,46.125035995004],[13.934169811962612,46.12296379460385],[13.9337444819728,46.12181621455701],[13.93072892608864,46.121871006334715],[13.931137237076285,46.120765466543794],[13.93007412138774,46.12],[13.929554111774362,46.12],[13.930733064446047,46.12080171531429]]]}},{"type":"Feature","properties":{"_zoneType":"SI_BUILT","name":"Pozidano zemljišče","authority":"MKGP","dataSource":"raba-3000"},"geometry":{"type":"Polygon","coordinates":[[[13.935750351175942,46.120886419868924],[13.937177652252064,46.12402853520819],[13.936812385419245,46.12615277878702],[13.936226902913422,46.12707940873566],[13.934602654161967,46.127047773100585],[13.93631421236377,46.13128948383437],[13.939917024342023,46.13334307278974],[13.940375884375888,46.1353041849682],[13.939156132834569,46.13492585689583],[13.938947779438674,46.135841912853245],[13.940527018993862,46.13743667063114],[13.94166744363502,46.13760296975512],[13.939688583159024,46.13222519740749],[13.941998452935774,46.13255477438314],[13.941444798433132,46.13344511839911],[13.943889524816631,46.13457423226748],[13.94269623235017,46.13664314326378],[13.94457085341239,46.13494855957108],[13.947507983458133,46.13451363317857],[13.947662459850397,46.133561493642816],[13.949432372896634,46.133955916840975],[13.94995388419042,46.13292633139331],[13.947468668740886,46.133391431967695],[13.946008128907641,46.13460158809251],[13.942738738486586,46.13348662374789],[13.944281847051364,46.1321119956069],[13.940556131804527,46.132103384548785],[13.93908647328714,46.13063087831464],[13.939375708531943,46.12980625592482],[13.940871810906348,46.128927396461265],[13.941853842689236,46.1299683565057],[13.942575735880867,46.12928559247541],[13.941691524155937,46.127845282979536],[13.939608337995825,46.127293924127635],[13.940310581091179,46.12836182485351],[13.938527894109763,46.13065454456836],[13.93974814969229,46.13177754796789],[13.937083775558063,46.13134080254396],[13.936410846906874,46.12961389596268],[13.938039531085488,46.126287218281306],[13.937198755203791,46.12585803857639],[13.937410066057517,46.124570382873344],[13.93953417705974,46.12402879837655],[13.937208459930584,46.122086987961026],[13.938314751972088,46.12099575976984],[13.937366308099197,46.12024042103408],[13.936419565244172,46.121916517413496],[13.935938289589144,46.120590957122204],[13.933989751512891,46.12],[13.931385552902418,46.12],[13.935750351175942,46.120886419868924]]]}},{"type":"Feature","properties":{"_zoneType":"SI_BUILT","name":"Pozidano zemljišče","authority":"MKGP","dataSource":"raba-3000"},"geometry":{"type":"Polygon","coordinates":[[[13.924165030402552,46.18588872387177],[13.923834183114028,46.18704725392558],[13.92527074890839,46.18828038340877],[13.924724716395326,46.18895930497229],[13.927018879995538,46.189950107980465],[13.925163484734172,46.191782970236865],[13.926629604489564,46.192218291050295],[13.927198426342992,46.19347474938868],[13.926207242925177,46.194849480560606],[13.927532637807241,46.195158247466594],[13.92894119267328,46.198372778795104],[13.927498577691374,46.19927066070771],[13.926975318918826,46.19728006923476],[13.924161821542228,46.19617182936014],[13.9239600327298,46.19387699950782],[13.921512748962876,46.19402330171453],[13.92405796917062,46.196472188384476],[13.92670842484983,46.19740676932912],[13.92752865974807,46.2],[13.928296643604138,46.2],[13.929356618963935,46.19846233419403],[13.927887769866851,46.1947170814067],[13.926925966157238,46.19442631074272],[13.927590032523282,46.193300477011825],[13.926069944489734,46.19145177213195],[13.926977353779296,46.19042374478145],[13.929720566698464,46.1939367303941],[13.930786851798057,46.19333855037981],[13.932446607539124,46.194300445940755],[13.930912021600825,46.1946724488219],[13.933376773447716,46.198523000227475],[13.935597720416883,46.198005928905864],[13.933390156598916,46.197229058352264],[13.932802554185827,46.19544104363713],[13.937841730226388,46.19706412891447],[13.940271434284336,46.199337424207904],[13.94364735221838,46.199111486286846],[13.942821729048882,46.2],[13.943483971362278,46.2],[13.944613871272363,46.199180106471395],[13.946093775430612,46.2],[13.94818204497023,46.2],[13.94504599121213,46.198410419286255],[13.940743042793187,46.197767750587026],[13.930047687952403,46.192105420185335],[13.929966423348153,46.1908800322884],[13.92639519251418,46.1878246315507],[13.923053754686084,46.182415169397196],[13.920065073838687,46.17994892712077],[13.92,46.17969070453263],[13.92,46.18183126652731],[13.924165030402552,46.18588872387177]],[[13.941786476231815,46.19861741342561],[13.941250701020804,46.19886200410549],[13.941216225659016,46.198222028433214],[13.941786476231815,46.19861741342561]],[[13.93738965064162,46.19614213606645],[13.936954835888228,46.19642761718474],[13.93685597056309,46.19576647817307],[13.93738965064162,46.19614213606645]],[[13.92303711280248,46.18330107790269],[13.92237202656567,46.18341000804794],[13.921474308121496,46.18231859525281],[13.922169348076046,46.18216615566016],[13.92303711280248,46.18330107790269]]]}},{"type":"Feature","properties":{"_zoneType":"SI_BUILT","name":"Pozidano zemljišče","authority":"MKGP","dataSource":"raba-3000"},"geometry":{"type":"Polygon","coordinates":[[[13.921578791987518,46.16625687244084],[13.920209374448014,46.166106636801615],[13.92,46.16697438804757],[13.92,46.16707787663128],[13.92523719684142,46.16863885400251],[13.924623475513627,46.16950863113591],[13.922746809231532,46.168710675529084],[13.922316301524766,46.16943178262141],[13.923295358424026,46.1698821221024],[13.925705295217618,46.16983486722907],[13.92625247896487,46.16853762759249],[13.922541187533001,46.1669634318423],[13.921690390399561,46.16495364166443],[13.920251366161233,46.1642152726663],[13.93136006876366,46.166813836783916],[13.93215689834868,46.1662284950566],[13.931701165684338,46.16505436112976],[13.935635419277295,46.16382278503381],[13.936860304992598,46.1616635032994],[13.938465862249384,46.16169096575914],[13.935532173426411,46.16118722947239],[13.934604245610135,46.16172636735727],[13.935285434351504,46.16255793259841],[13.932394831025626,46.16320458476953],[13.932505808347866,46.16161256609178],[13.935004463225578,46.160000000000004],[13.934498161606824,46.160000000000004],[13.932278174814686,46.161400962300924],[13.930207836635939,46.160578399742114],[13.929818184119224,46.16131865027064],[13.93201811449694,46.1617661244192],[13.932290140056798,46.16419628955744],[13.930218938358937,46.165908211645785],[13.926338050140096,46.16431693935838],[13.925715429202247,46.162718939883646],[13.925804802263908,46.16430953482981],[13.924076908087931,46.16469662018293],[13.922513792714833,46.16408884639639],[13.922683811566548,46.163352000481545],[13.921105930513349,46.16401608407573],[13.92,46.16338977066761],[13.92,46.164642598843734],[13.921578791987518,46.16625687244084]]]}},{"type":"Feature","properties":{"_zoneType":"SI_BUILT","name":"Pozidano zemljišče","authority":"MKGP","dataSource":"raba-3000"},"geometry":{"type":"Polygon","coordinates":[[[13.944967227393564,46.160742397555914],[13.943600377649558,46.162333925930525],[13.945610036071034,46.16091119217482],[13.945512648442389,46.160000000000004],[13.944305180802546,46.160000000000004],[13.944967227393564,46.160742397555914]]]}},{"type":"Feature","properties":{"_zoneType":"SI_BUILT","name":"Pozidano zemljišče","authority":"MKGP","dataSource":"raba-3000"},"geometry":{"type":"Polygon","coordinates":[[[13.960202815500988,46.113340738033145],[13.963932372158819,46.116103181685375],[13.963374172832529,46.11641248267219],[13.961203337496942,46.11523748333856],[13.96,46.115138059531816],[13.96,46.11565293611859],[13.961003092931334,46.11543507463471],[13.964961014756637,46.11714467065087],[13.964973867090944,46.116458278015585],[13.960467387552367,46.11262571874887],[13.960143512481373,46.11076824619242],[13.96,46.110692252813394],[13.96,46.113031298600404],[13.960202815500988,46.113340738033145]]]}},{"type":"Feature","properties":{"_zoneType":"SI_BUILT","name":"Pozidano zemljišče","authority":"MKGP","dataSource":"raba-3000"},"geometry":{"type":"Polygon","coordinates":[[[13.962868518355746,46.10690663115101],[13.96,46.10638225422818],[13.96,46.10783198512817],[13.962868518355746,46.10690663115101]]]}},{"type":"Feature","properties":{"_zoneType":"SI_BUILT","name":"Pozidano zemljišče","authority":"MKGP","dataSource":"raba-3000"},"geometry":{"type":"Polygon","coordinates":[[[13.96191861640288,46.102430430785134],[13.96,46.10012366849047],[13.96,46.10244323061132],[13.96191861640288,46.102430430785134]]]}},{"type":"Feature","properties":{"_zoneType":"SI_BUILT","name":"Pozidano zemljišče","authority":"MKGP","dataSource":"raba-3000"},"geometry":{"type":"Polygon","coordinates":[[[13.965358685035383,46.09589505906958],[13.962904843794238,46.09591279080619],[13.963142786610046,46.09666685206106],[13.961749747211192,46.09742953475558],[13.96,46.09704073382945],[13.96,46.099282824203115],[13.965358685035383,46.09589505906958]]]}},{"type":"Feature","properties":{"_zoneType":"SI_BUILT","name":"Pozidano zemljišče","authority":"MKGP","dataSource":"raba-3000"},"geometry":{"type":"Polygon","coordinates":[[[13.96277953481507,46.09461880367543],[13.965265474272119,46.0951159737058],[13.96539571886329,46.093914925360814],[13.963859782231966,46.093061932313674],[13.965465626268001,46.090176531409604],[13.963437649275386,46.09159678334914],[13.96354984064967,46.09325844494288],[13.964273069959674,46.09424501226202],[13.962722106937203,46.09390500331545],[13.961999539427948,46.091575522795395],[13.965508239305056,46.08789737675895],[13.962350006973477,46.090502666598084],[13.961226932712526,46.08976437295331],[13.962044070478395,46.09468455390574],[13.96,46.095732874235296],[13.96,46.096171468227396],[13.96277953481507,46.09461880367543]]]}},{"type":"Feature","properties":{"_zoneType":"SI_BUILT","name":"Pozidano zemljišče","authority":"MKGP","dataSource":"raba-3000"},"geometry":{"type":"Polygon","coordinates":[[[13.960819980135167,46.09289968167278],[13.960472623809073,46.09136538838753],[13.96,46.09102216690263],[13.96,46.0916871917208],[13.960221215793108,46.09251493069339],[13.96,46.09283107685673],[13.96,46.093555915753015],[13.960819980135167,46.09289968167278]]]}},{"type":"Feature","properties":{"_zoneType":"SI_BUILT","name":"Pozidano zemljišče","authority":"MKGP","dataSource":"raba-3000"},"geometry":{"type":"Polygon","coordinates":[[[13.962083492024705,46.15039834414892],[13.96,46.149688886851386],[13.96,46.15005792032535],[13.962083492024705,46.15039834414892]]]}},{"type":"Feature","properties":{"_zoneType":"SI_BUILT","name":"Pozidano zemljišče","authority":"MKGP","dataSource":"raba-3000"},"geometry":{"type":"Polygon","coordinates":[[[13.960312924064123,46.13996151459322],[13.96,46.13965500311067],[13.96,46.14053343402533],[13.960312924064123,46.13996151459322]]]}},{"type":"Feature","properties":{"_zoneType":"SI_BUILT","name":"Pozidano zemljišče","authority":"MKGP","dataSource":"raba-3000"},"geometry":{"type":"Polygon","coordinates":[[[13.962279622008614,46.138499416368326],[13.964581472054727,46.137403273627726],[13.962788573509535,46.13653150214778],[13.964604455795023,46.136177105854216],[13.964664529993476,46.132971808471034],[13.962685241990945,46.13382224327235],[13.963964602017796,46.13498400382483],[13.96,46.134673734990706],[13.96,46.13539467376291],[13.961193023303634,46.13550729251494],[13.961472862410307,46.13690289935071],[13.96,46.136260327660786],[13.96,46.13723827622907],[13.962279622008614,46.138499416368326]]]}},{"type":"Feature","properties":{"_zoneType":"SI_BUILT","name":"Pozidano zemljišče","authority":"MKGP","dataSource":"raba-3000"},"geometry":{"type":"Polygon","coordinates":[[[13.960161588330529,46.13395899368851],[13.96,46.13377399465474],[13.96,46.134660809208505],[13.960161588330529,46.13395899368851]]]}},{"type":"Feature","properties":{"_zoneType":"SI_BUILT","name":"Pozidano zemljišče","authority":"MKGP","dataSource":"raba-3000"},"geometry":{"type":"Polygon","coordinates":[[[13.834352911068493,46.081863404496374],[13.834117864339351,46.08175117644754],[13.834222051790618,46.082002104723706],[13.834352911068493,46.081863404496374]]]}},{"type":"Feature","properties":{"_zoneType":"SI_BUILT","name":"Pozidano zemljišče","authority":"MKGP","dataSource":"raba-3000"},"geometry":{"type":"Polygon","coordinates":[[[13.832163783119023,46.08465720817121],[13.832054158871852,46.08454706474734],[13.831875510845581,46.084775675483385],[13.832163783119023,46.08465720817121]]]}},{"type":"Feature","properties":{"_zoneType":"SI_BUILT","name":"Pozidano zemljišče","authority":"MKGP","dataSource":"raba-3000"},"geometry":{"type":"Polygon","coordinates":[[[13.942011321296741,46.101152669490965],[13.943420422026888,46.10207365535792],[13.944357572212263,46.10131453628805],[13.942011321296741,46.101152669490965]]]}},{"type":"Feature","properties":{"_zoneType":"SI_BUILT","name":"Pozidano zemljišče","authority":"MKGP","dataSource":"raba-3000"},"geometry":{"type":"Polygon","coordinates":[[[13.928038249018336,46.139719305323055],[13.92749397719448,46.14022333746601],[13.927983919130824,46.14012992038001],[13.928038249018336,46.139719305323055]]]}},{"type":"Feature","properties":{"_zoneType":"SI_BUILT","name":"Pozidano zemljišče","authority":"MKGP","dataSource":"raba-3000"},"geometry":{"type":"Polygon","coordinates":[[[13.943693799514998,46.1468408149352],[13.943010787456759,46.147634650988856],[13.943795506288518,46.147143685247755],[13.943693799514998,46.1468408149352]]]}},{"type":"Feature","properties":{"_zoneType":"SI_BUILT","name":"Pozidano zemljišče","authority":"MKGP","dataSource":"raba-3000"},"geometry":{"type":"Polygon","coordinates":[[[13.948961627809759,46.11611715930023],[13.948987394166945,46.116304871533146],[13.94929695509685,46.11608824952601],[13.948961627809759,46.11611715930023]]]}},{"type":"Feature","properties":{"_zoneType":"SI_BUILT","name":"Pozidano zemljišče","authority":"MKGP","dataSource":"raba-3000"},"geometry":{"type":"Polygon","coordinates":[[[13.950064927220597,46.11870754967219],[13.94974290861852,46.11860164688037],[13.949919258249981,46.1190277102742],[13.950064927220597,46.11870754967219]]]}},{"type":"Feature","properties":{"_zoneType":"SI_BUILT","name":"Pozidano zemljišče","authority":"MKGP","dataSource":"raba-3000"},"geometry":{"type":"Polygon","coordinates":[[[13.95260931567271,46.119967566987086],[13.952632173403137,46.12],[13.952740400419316,46.12],[13.95260931567271,46.119967566987086]]]}},{"type":"Feature","properties":{"_zoneType":"SI_BUILT","name":"Pozidano zemljišče","authority":"MKGP","dataSource":"raba-3000"},"geometry":{"type":"Polygon","coordinates":[[[13.952944133163488,46.12005040759427],[13.952740400419316,46.12],[13.952632173403137,46.12],[13.952800264155291,46.12023850528609],[13.952944133163488,46.12005040759427]]]}},{"type":"Feature","properties":{"_zoneType":"SI_BUILT","name":"Pozidano zemljišče","authority":"MKGP","dataSource":"raba-3000"},"geometry":{"type":"Polygon","coordinates":[[[13.955886817235138,46.12016662660449],[13.955243140648445,46.1201387533841],[13.955935061082045,46.12045982808029],[13.955886817235138,46.12016662660449]]]}},{"type":"Feature","properties":{"_zoneType":"SI_BUILT","name":"Pozidano zemljišče","authority":"MKGP","dataSource":"raba-3000"},"geometry":{"type":"Polygon","coordinates":[[[13.96116673322988,46.140557474553596],[13.96134704849527,46.14010760026619],[13.960910114284843,46.14052314919732],[13.96116673322988,46.140557474553596]]]}},{"type":"Feature","properties":{"_zoneType":"SI_BUILT","name":"Pozidano zemljišče","authority":"MKGP","dataSource":"raba-3000"},"geometry":{"type":"Polygon","coordinates":[[[13.921107812182157,46.193200056557636],[13.921118676203376,46.1934351683895],[13.921525343286582,46.19319784848745],[13.921107812182157,46.193200056557636]]]}},{"type":"Feature","properties":{"_zoneType":"SI_BUILT","name":"Pozidano zemljišče","authority":"MKGP","dataSource":"raba-3000"},"geometry":{"type":"Polygon","coordinates":[[[13.909800154999205,46.17436056802586],[13.909457747416317,46.174020370954594],[13.909438779257105,46.17441920107512],[13.909800154999205,46.17436056802586]]]}},{"type":"Feature","properties":{"_zoneType":"SI_BUILT","name":"Pozidano zemljišče","authority":"MKGP","dataSource":"raba-3000"},"geometry":{"type":"Polygon","coordinates":[[[13.84,46.17688787858723],[13.84,46.17657512712679],[13.839817567718647,46.17678931635946],[13.84,46.17688787858723]]]}},{"type":"Feature","properties":{"_zoneType":"SI_BUILT","name":"Pozidano zemljišče","authority":"MKGP","dataSource":"raba-3000"},"geometry":{"type":"Polygon","coordinates":[[[13.840059654796178,46.17692010813326],[13.840211137669126,46.17632723560779],[13.84,46.17657512712679],[13.84,46.17688787858723],[13.840059654796178,46.17692010813326]]]}},{"type":"Feature","properties":{"_zoneType":"SI_BUILT","name":"Pozidano zemljišče","authority":"MKGP","dataSource":"raba-3000"},"geometry":{"type":"Polygon","coordinates":[[[13.817618804284631,46.16200117472671],[13.817522943692653,46.16180617484361],[13.817331031702977,46.162082899364236],[13.817618804284631,46.16200117472671]]]}},{"type":"Feature","properties":{"_zoneType":"SI_BUILT","name":"Pozidano zemljišče","authority":"MKGP","dataSource":"raba-3000"},"geometry":{"type":"Polygon","coordinates":[[[13.816882965183638,46.16340130146424],[13.816641699929123,46.16334051822494],[13.81550853293793,46.164087458701786],[13.816584051071631,46.16378457219849],[13.816882965183638,46.16340130146424]]]}},{"type":"Feature","properties":{"_zoneType":"SI_BUILT","name":"Pozidano zemljišče","authority":"MKGP","dataSource":"raba-3000"},"geometry":{"type":"Polygon","coordinates":[[[13.803949840361485,46.17314192474562],[13.8037461120317,46.17295989622023],[13.803648121584233,46.17330705291219],[13.803949840361485,46.17314192474562]]]}},{"type":"Feature","properties":{"_zoneType":"SI_BUILT","name":"Pozidano zemljišče","authority":"MKGP","dataSource":"raba-3000"},"geometry":{"type":"Polygon","coordinates":[[[13.81927669771381,46.17564447916055],[13.818772950858042,46.175581448798056],[13.818430480610814,46.176324884791875],[13.819162418696669,46.176106537302516],[13.81927669771381,46.17564447916055]]]}},{"type":"Feature","properties":{"_zoneType":"SI_BUILT","name":"Pozidano zemljišče","authority":"MKGP","dataSource":"raba-3000"},"geometry":{"type":"Polygon","coordinates":[[[13.821950907132841,46.17703360641157],[13.822018400889892,46.17720320937275],[13.822275893976744,46.17697878669343],[13.821950907132841,46.17703360641157]]]}},{"type":"Feature","properties":{"_zoneType":"SI_BUILT","name":"Pozidano zemljišče","authority":"MKGP","dataSource":"raba-3000"},"geometry":{"type":"Polygon","coordinates":[[[13.823605829897716,46.17617490050825],[13.823734084847986,46.17622091894157],[13.824177483871397,46.17614830822486],[13.823605829897716,46.17617490050825]]]}},{"type":"Feature","properties":{"_zoneType":"SI_BUILT","name":"Pozidano zemljišče","authority":"MKGP","dataSource":"raba-3000"},"geometry":{"type":"Polygon","coordinates":[[[13.822823317565865,46.17609336231948],[13.822961388259749,46.1762618729805],[13.823109569131095,46.175994977145784],[13.822823317565865,46.17609336231948]]]}},{"type":"Feature","properties":{"_zoneType":"SI_BUILT","name":"Pozidano zemljišče","authority":"MKGP","dataSource":"raba-3000"},"geometry":{"type":"Polygon","coordinates":[[[13.832665335817174,46.16401510758358],[13.833078781935646,46.16398810323954],[13.832602944485771,46.16368272852274],[13.832665335817174,46.16401510758358]]]}},{"type":"Feature","properties":{"_zoneType":"SI_BUILT","name":"Pozidano zemljišče","authority":"MKGP","dataSource":"raba-3000"},"geometry":{"type":"Polygon","coordinates":[[[13.83475710536271,46.16722631437798],[13.83520267112124,46.16716796507554],[13.834795889872677,46.167063973587844],[13.83475710536271,46.16722631437798]]]}},{"type":"Feature","properties":{"_zoneType":"SI_BUILT","name":"Pozidano zemljišče","authority":"MKGP","dataSource":"raba-3000"},"geometry":{"type":"Polygon","coordinates":[[[13.8388890434981,46.163343597110796],[13.84,46.16407832289012],[13.84,46.16333233137381],[13.8388890434981,46.163343597110796]]]}},{"type":"Feature","properties":{"_zoneType":"SI_BUILT","name":"Pozidano zemljišče","authority":"MKGP","dataSource":"raba-3000"},"geometry":{"type":"Polygon","coordinates":[[[13.840771143565052,46.164243278803525],[13.840769501551094,46.16332452818613],[13.84,46.16333233137381],[13.84,46.16407832289012],[13.840424105212854,46.16435880284815],[13.840771143565052,46.164243278803525]]]}},{"type":"Feature","properties":{"_zoneType":"SI_BUILT","name":"Pozidano zemljišče","authority":"MKGP","dataSource":"raba-3000"},"geometry":{"type":"Polygon","coordinates":[[[13.883409082010042,46.16389377235672],[13.883752354953902,46.163960379088714],[13.883461604115684,46.1637790783231],[13.883409082010042,46.16389377235672]]]}},{"type":"Feature","properties":{"_zoneType":"SI_BUILT","name":"Pozidano zemljišče","authority":"MKGP","dataSource":"raba-3000"},"geometry":{"type":"Polygon","coordinates":[[[13.892910298100977,46.15830315624559],[13.8919458798677,46.15881808595192],[13.89276856287281,46.15892261671004],[13.89353298403474,46.15818863556149],[13.89228510217823,46.1567655944488],[13.891657931487531,46.157273630000944],[13.892910298100977,46.15830315624559]]]}},{"type":"Feature","properties":{"_zoneType":"SI_BUILT","name":"Pozidano zemljišče","authority":"MKGP","dataSource":"raba-3000"},"geometry":{"type":"Polygon","coordinates":[[[13.907053932661208,46.16217367872604],[13.90725629521995,46.162314872323414],[13.907262345697061,46.16204886884556],[13.907053932661208,46.16217367872604]]]}},{"type":"Feature","properties":{"_zoneType":"SI_BUILT","name":"Pozidano zemljišče","authority":"MKGP","dataSource":"raba-3000"},"geometry":{"type":"Polygon","coordinates":[[[13.923472499238526,46.16631412872943],[13.924486650805564,46.16632947250409],[13.9236094842258,46.16568881458162],[13.923472499238526,46.16631412872943]]]}},{"type":"Feature","properties":{"_zoneType":"SI_BUILT","name":"Pozidano zemljišče","authority":"MKGP","dataSource":"raba-3000"},"geometry":{"type":"Polygon","coordinates":[[[13.96330288364651,46.15154887794362],[13.96305711645358,46.15126457309769],[13.962309770254134,46.15095606949864],[13.962924806237496,46.1515883133464],[13.96330288364651,46.15154887794362]]]}},{"type":"Feature","properties":{"_zoneType":"SI_BUILT","name":"Pozidano zemljišče","authority":"MKGP","dataSource":"raba-3000"},"geometry":{"type":"Polygon","coordinates":[[[13.964324413577131,46.151111734888964],[13.964280296963695,46.15151809054979],[13.964310343282364,46.1518617898085],[13.964324413577131,46.151111734888964]]]}},{"type":"Feature","properties":{"_zoneType":"SI_BUILT","name":"Pozidano zemljišče","authority":"MKGP","dataSource":"raba-3000"},"geometry":{"type":"Polygon","coordinates":[[[13.945083468062391,46.115930034465116],[13.94504983096518,46.11610925529846],[13.94540400861642,46.1159719531919],[13.945083468062391,46.115930034465116]]]}},{"type":"Feature","properties":{"_zoneType":"SI_BUILT","name":"Pozidano zemljišče","authority":"MKGP","dataSource":"raba-3000"},"geometry":{"type":"Polygon","coordinates":[[[13.952883979431173,46.14226412624942],[13.95335127640308,46.1428975180341],[13.953171546273646,46.14221479202894],[13.952883979431173,46.14226412624942]]]}},{"type":"Feature","properties":{"_zoneType":"SI_BUILT","name":"Pozidano zemljišče","authority":"MKGP","dataSource":"raba-3000"},"geometry":{"type":"Polygon","coordinates":[[[13.945451273791198,46.14007761361306],[13.945456729029814,46.139965617588416],[13.94511431307334,46.14005264856466],[13.945451273791198,46.14007761361306]]]}},{"type":"Feature","properties":{"_zoneType":"SI_BUILT","name":"Pozidano zemljišče","authority":"MKGP","dataSource":"raba-3000"},"geometry":{"type":"Polygon","coordinates":[[[13.943010843463888,46.137722352263225],[13.94346874806571,46.13735117386861],[13.942902405831353,46.13751589165599],[13.943010843463888,46.137722352263225]]]}},{"type":"Feature","properties":{"_zoneType":"SI_BUILT","name":"Pozidano zemljišče","authority":"MKGP","dataSource":"raba-3000"},"geometry":{"type":"Polygon","coordinates":[[[13.943730006352945,46.138434082671296],[13.943676485658699,46.1382725798771],[13.943397877129504,46.13849281742674],[13.943730006352945,46.138434082671296]]]}},{"type":"Feature","properties":{"_zoneType":"SI_BUILT","name":"Pozidano zemljišče","authority":"MKGP","dataSource":"raba-3000"},"geometry":{"type":"Polygon","coordinates":[[[13.946012054640915,46.10393011662677],[13.946333400409374,46.10398085840213],[13.94606945551343,46.10377783947463],[13.946012054640915,46.10393011662677]]]}},{"type":"Feature","properties":{"_zoneType":"SI_BUILT","name":"Pozidano zemljišče","authority":"MKGP","dataSource":"raba-3000"},"geometry":{"type":"Polygon","coordinates":[[[13.958234014735437,46.10812318568193],[13.958512063633817,46.10795893545991],[13.958029245537091,46.10740243754895],[13.958234014735437,46.10812318568193]]]}},{"type":"Feature","properties":{"_zoneType":"SI_BUILT","name":"Pozidano zemljišče","authority":"MKGP","dataSource":"raba-3000"},"geometry":{"type":"Polygon","coordinates":[[[13.965098916213057,46.089337484005],[13.965179153083065,46.08945604133919],[13.965337381658692,46.08922262191262],[13.965098916213057,46.089337484005]]]}},{"type":"Feature","properties":{"_zoneType":"SI_BUILT","name":"Pozidano zemljišče","authority":"MKGP","dataSource":"raba-3000"},"geometry":{"type":"Polygon","coordinates":[[[13.912722219766568,46.083669230335936],[13.913013077209493,46.08372543748021],[13.912795061312208,46.08351440288908],[13.912722219766568,46.083669230335936]]]}},{"type":"Feature","properties":{"_zoneType":"SI_BUILT","name":"Pozidano zemljišče","authority":"MKGP","dataSource":"raba-3000"},"geometry":{"type":"Polygon","coordinates":[[[13.90292096729914,46.066644333912066],[13.903529077206906,46.0690373022384],[13.904814774219846,46.069681545611616],[13.906252791436078,46.06895891933318],[13.90570846049732,46.068465996857576],[13.906492376436892,46.06750101641574],[13.905069051121213,46.068638428195854],[13.904051518620761,46.06821267675968],[13.903709423771147,46.066511065570786],[13.905123761902743,46.06501262998849],[13.906560359472694,46.06475437710823],[13.906883512373025,46.0637509705493],[13.907934052527075,46.06431659526431],[13.91007917595142,46.06282895950659],[13.91286376460747,46.062795857248844],[13.909637007422104,46.062597970980015],[13.90973728657819,46.061805610032174],[13.915656888518427,46.059877554370644],[13.917109253475495,46.06033956674832],[13.917832255736062,46.062119731474766],[13.917421102513917,46.06081009694166],[13.91894430105171,46.060392256990674],[13.919457395829097,46.061986725399045],[13.91825677113323,46.06391329030002],[13.916854345200209,46.063847292975346],[13.912752304767778,46.066394719121305],[13.90983200321491,46.06617972313371],[13.912384223711838,46.06709529653483],[13.918461261247387,46.06412320530601],[13.919769966160288,46.06210952837042],[13.919337326948213,46.06091643368555],[13.92,46.06055515797399],[13.92,46.059933973262055],[13.915427950161764,46.05966329796683],[13.909322113670951,46.061614675777875],[13.906320706017079,46.06368510007228],[13.906110058636017,46.06463280623658],[13.903856406608787,46.06428711233245],[13.904197730660082,46.065732949608915],[13.90347514667783,46.066271812342926],[13.900822162653968,46.06520875385917],[13.895661496559974,46.066673497910166],[13.900893661779518,46.0655145733959],[13.90292096729914,46.066644333912066]]]}},{"type":"Feature","properties":{"_zoneType":"SI_BUILT","name":"Pozidano zemljišče","authority":"MKGP","dataSource":"raba-3000"},"geometry":{"type":"Polygon","coordinates":[[[13.923052629190362,46.05889092735541],[13.92489019217715,46.05967039026726],[13.922866471894553,46.060143356541865],[13.923047513861192,46.06133775296148],[13.926075010207686,46.06157778338466],[13.926536871912116,46.063185950666096],[13.927836192894965,46.06093766136489],[13.923837003356212,46.06078943119292],[13.927813960495568,46.05853026581121],[13.930535239581467,46.055451268340164],[13.93356487838291,46.0551424005112],[13.935743174657047,46.05408875875468],[13.937519821492367,46.05173573784447],[13.939369765718654,46.05226664261348],[13.938332651135891,46.05463133900515],[13.934271854992726,46.056787235326645],[13.93635113435268,46.057175816459555],[13.937070355158465,46.05556012417367],[13.93916735250573,46.05475289220676],[13.93939789426875,46.05305400762866],[13.94115046586602,46.05375355132445],[13.944294445270495,46.049927233584306],[13.945399840472843,46.05061904999192],[13.94784001517004,46.050124712140374],[13.949079379926337,46.0548201429725],[13.946786421637364,46.05725335356538],[13.948201453331052,46.05736785833146],[13.946797201337784,46.0620242633375],[13.946992598458557,46.06348104755991],[13.94370239869387,46.06384925937444],[13.945637949786747,46.06118446713324],[13.944292333727732,46.05904092663618],[13.945680123025939,46.05821746766281],[13.942871315837083,46.05842228690819],[13.945156659775138,46.060544504280166],[13.940039665072236,46.066340815143036],[13.94198505090538,46.06549762148239],[13.941709036692526,46.06849835233496],[13.942911245826313,46.06703846676689],[13.942361724539992,46.06577482184431],[13.943261498723327,46.06439032284915],[13.94829535113507,46.06392312749589],[13.947129055188151,46.062108983420856],[13.949661045888337,46.05890463349953],[13.94861091024934,46.05763743063303],[13.949220069409225,46.05690087864225],[13.949439478904294,46.0522215521534],[13.948271508154328,46.05142400347726],[13.948455942875135,46.04879823487129],[13.950306195710386,46.04807548738583],[13.951827343067347,46.04880689208106],[13.951215920837813,46.05060200500296],[13.95265898614205,46.05031694253789],[13.951617305478525,46.05191116982298],[13.952319109979511,46.05212599661297],[13.954456788050422,46.051141221702736],[13.956835772893896,46.04819931150335],[13.96,46.04686764556572],[13.96,46.0463783945805],[13.958018085415237,46.04718548002866],[13.9537174522981,46.05070419071186],[13.953280800422199,46.048138846004434],[13.951586462144626,46.04794309579991],[13.951760508736818,46.04662141315147],[13.9505615329863,46.04671793521231],[13.950899541873746,46.045918003163536],[13.949694550966527,46.04375896573838],[13.948797899949032,46.04451346219772],[13.950460589891785,46.0458543182061],[13.949698056524248,46.048019853805656],[13.946422632806017,46.04780723873],[13.943101795675576,46.048711292217135],[13.93892103235481,46.05168588315359],[13.937347748650078,46.051121416725614],[13.933850223403029,46.05370608702358],[13.934477252072245,46.054200483167364],[13.933643732064674,46.054818297081326],[13.930243093177467,46.05530524510329],[13.927464158354477,46.058414316744184],[13.925144793262998,46.05925778898651],[13.92292813320182,46.058658655239],[13.920350485443322,46.05995472276265],[13.92,46.059933973262055],[13.92,46.06055515797399],[13.923052629190362,46.05889092735541]],[[13.94880420390143,46.056916935347076],[13.948266607463133,46.05716648169263],[13.948510159734685,46.05659116135684],[13.94880420390143,46.056916935347076]],[[13.947221099099654,46.048546965606285],[13.944133597351282,46.0496970712823],[13.941410586364649,46.05226080660346],[13.939709927566845,46.05213245912184],[13.943235140429548,46.04901049587915],[13.947221099099654,46.048546965606285]]]}},{"type":"Feature","properties":{"_zoneType":"SI_BUILT","name":"Pozidano zemljišče","authority":"MKGP","dataSource":"raba-3000"},"geometry":{"type":"Polygon","coordinates":[[[13.963828816002962,46.045256287189204],[13.96426551217346,46.04574276643818],[13.963325905908938,46.04585094017754],[13.96225872657348,46.048134243334076],[13.963186986244413,46.04813296069709],[13.964044284579774,46.04622725531121],[13.966292773249842,46.04588726946108],[13.96620782543379,46.044726278838276],[13.963281202773414,46.04504220631526],[13.96,46.0463783945805],[13.96,46.04686764556572],[13.963828816002962,46.045256287189204]]]}},{"type":"Feature","properties":{"_zoneType":"SI_BUILT","name":"Pozidano zemljišče","authority":"MKGP","dataSource":"raba-3000"},"geometry":{"type":"Polygon","coordinates":[[[13.964976956584845,46.049969053995184],[13.966201102960252,46.05080085527067],[13.966182852433953,46.0499341578294],[13.965136138923052,46.04985607097613],[13.964976956584845,46.049969053995184]]]}},{"type":"Feature","properties":{"_zoneType":"SI_BUILT","name":"Pozidano zemljišče","authority":"MKGP","dataSource":"raba-3000"},"geometry":{"type":"Polygon","coordinates":[[[13.944399539897391,46.064941458124466],[13.944427888252063,46.06478130429729],[13.944104333415128,46.0649158721062],[13.944399539897391,46.064941458124466]]]}},{"type":"Feature","properties":{"_zoneType":"SI_BUILT","name":"Pozidano zemljišče","authority":"MKGP","dataSource":"raba-3000"},"geometry":{"type":"Polygon","coordinates":[[[13.931504178340791,46.05420731857735],[13.932748458649234,46.05417968969361],[13.931623221926468,46.05406514041671],[13.931504178340791,46.05420731857735]]]}},{"type":"Feature","properties":{"_zoneType":"SI_BUILT","name":"Pozidano zemljišče","authority":"MKGP","dataSource":"raba-3000"},"geometry":{"type":"Polygon","coordinates":[[[13.959692899182402,46.05458099704247],[13.96,46.05463066910341],[13.96,46.054409287203654],[13.958988122396706,46.05492925716689],[13.96,46.05664411363368],[13.96,46.05539629067997],[13.959692899182402,46.05458099704247]]]}},{"type":"Feature","properties":{"_zoneType":"SI_BUILT","name":"Pozidano zemljišče","authority":"MKGP","dataSource":"raba-3000"},"geometry":{"type":"Polygon","coordinates":[[[13.960575553293546,46.06033892565225],[13.963168578564837,46.05949192917973],[13.96285791268072,46.057864708561816],[13.961867791615898,46.05864516940533],[13.96099811297848,46.05804608877307],[13.96,46.05539629067997],[13.96,46.05664411363368],[13.961288411434156,46.058827619496995],[13.960575553293546,46.06033892565225]]]}},{"type":"Feature","properties":{"_zoneType":"SI_BUILT","name":"Pozidano zemljišče","authority":"MKGP","dataSource":"raba-3000"},"geometry":{"type":"Polygon","coordinates":[[[13.966111187725021,46.05561912394196],[13.961001299166853,46.05389475314412],[13.96,46.054409287203654],[13.96,46.05463066910341],[13.966111187725021,46.05561912394196]]]}},{"type":"Feature","properties":{"_zoneType":"SI_BUILT","name":"Pozidano zemljišče","authority":"MKGP","dataSource":"raba-3000"},"geometry":{"type":"Polygon","coordinates":[[[13.963506543342728,46.05743208066593],[13.962940554303222,46.057263343712314],[13.96344976456192,46.057662830046745],[13.963506543342728,46.05743208066593]]]}},{"type":"Feature","properties":{"_zoneType":"SI_BUILT","name":"Pozidano zemljišče","authority":"MKGP","dataSource":"raba-3000"},"geometry":{"type":"Polygon","coordinates":[[[13.944004695439101,46.190505378922055],[13.942888579499586,46.193523715476616],[13.947176598714323,46.19122118270753],[13.946774111638245,46.19047771090167],[13.943718673738964,46.191960275996024],[13.946042727450237,46.188331489474116],[13.945467864006073,46.18749463866802],[13.942891259852292,46.1902138555588],[13.94262883966026,46.187382450654276],[13.944885714413068,46.18389548447299],[13.949077250240032,46.18421279285053],[13.95150015935194,46.18592157103076],[13.948526307941675,46.18761684305298],[13.948387940655552,46.18854954825364],[13.949839206816778,46.189564775210926],[13.949116884953064,46.19039539497226],[13.950153521254148,46.19209336350061],[13.949769544035798,46.195011202021],[13.948297004220896,46.19652581119631],[13.952004893254003,46.19530147889138],[13.959543510433384,46.19551653986329],[13.96,46.19535851437257],[13.96,46.19478562256467],[13.950847124945078,46.19495248997175],[13.950467438958698,46.19135936175625],[13.949552944007891,46.190441645087745],[13.950410263256042,46.18963382317142],[13.948892879764752,46.18762888249355],[13.950720920089426,46.187616157089295],[13.952256284648792,46.18593467100282],[13.949943818100751,46.18364997620074],[13.948063834211787,46.184048706702605],[13.94588079433064,46.18239844383888],[13.944163936822473,46.18251533938607],[13.943829737095394,46.18447356834867],[13.94262336762662,46.18480632136953],[13.942140561151048,46.18985276089129],[13.940127525600618,46.1910270525609],[13.944004695439101,46.190505378922055]],[[13.944807501108858,46.18309632485181],[13.945463276263657,46.182745395223385],[13.94552376723314,46.183464117602796],[13.944807501108858,46.18309632485181]]]}},{"type":"Feature","properties":{"_zoneType":"SI_BUILT","name":"Pozidano zemljišče","authority":"MKGP","dataSource":"raba-3000"},"geometry":{"type":"Polygon","coordinates":[[[13.961090770677579,46.194980916319544],[13.96196703623631,46.19415962506963],[13.962133040973908,46.19554875582464],[13.963500239982567,46.19499615547223],[13.961723834857024,46.19140989317782],[13.963571114158304,46.191226371301816],[13.961271099980868,46.19002008230262],[13.961905417795405,46.1935119564711],[13.96091230277521,46.19476899023902],[13.96,46.19478562256467],[13.96,46.19535851437257],[13.961090770677579,46.194980916319544]]]}},{"type":"Feature","properties":{"_zoneType":"SI_BUILT","name":"Pozidano zemljišče","authority":"MKGP","dataSource":"raba-3000"},"geometry":{"type":"Polygon","coordinates":[[[13.958795307476704,46.2],[13.96,46.2],[13.96,46.19918087445988],[13.958795307476704,46.2]]]}},{"type":"Feature","properties":{"_zoneType":"SI_BUILT","name":"Pozidano zemljišče","authority":"MKGP","dataSource":"raba-3000"},"geometry":{"type":"Polygon","coordinates":[[[13.96,46.19918087445988],[13.96,46.2],[13.961026136837155,46.2],[13.960718173388727,46.199598902601956],[13.963035531638857,46.19757329217127],[13.9634428189457,46.19565299498419],[13.962546393301151,46.19744946520163],[13.96,46.19918087445988]]]}},{"type":"Feature","properties":{"_zoneType":"SI_BUILT","name":"Pozidano zemljišče","authority":"MKGP","dataSource":"raba-3000"},"geometry":{"type":"Polygon","coordinates":[[[13.94653953477731,46.18709734796354],[13.946222556803876,46.187056621274806],[13.94647864746125,46.18727999714428],[13.94653953477731,46.18709734796354]]]}},{"type":"Feature","properties":{"_zoneType":"SI_BUILT","name":"Pozidano zemljišče","authority":"MKGP","dataSource":"raba-3000"},"geometry":{"type":"Polygon","coordinates":[[[13.965776821366985,46.073525933919015],[13.965781041041012,46.073300057624046],[13.964661362283529,46.07337203121583],[13.965776821366985,46.073525933919015]]]}},{"type":"Feature","properties":{"_zoneType":"SI_BUILT","name":"Pozidano zemljišče","authority":"MKGP","dataSource":"raba-3000"},"geometry":{"type":"Polygon","coordinates":[[[13.96297266366908,46.16600244552923],[13.96406227024409,46.165081079915886],[13.96241254339739,46.16571936018195],[13.962377888731922,46.16657404854016],[13.964017131102489,46.167485450841475],[13.96297266366908,46.16600244552923]]]}},{"type":"Feature","properties":{"_zoneType":"SI_BUILT","name":"Pozidano zemljišče","authority":"MKGP","dataSource":"raba-3000"},"geometry":{"type":"Polygon","coordinates":[[[13.964158328904254,46.15996341844103],[13.964162046887822,46.15976530959063],[13.964096087001018,46.15986070054137],[13.964158328904254,46.15996341844103]]]}},{"type":"Feature","properties":{"_zoneType":"SI_BUILT","name":"Pozidano zemljišče","authority":"MKGP","dataSource":"raba-3000"},"geometry":{"type":"Polygon","coordinates":[[[13.965996186930223,46.06177985098278],[13.965514979615563,46.06212607593462],[13.964889679385273,46.06230627647826],[13.965983794285483,46.06244361916094],[13.965996186930223,46.06177985098278]]]}},{"type":"Feature","properties":{"_zoneType":"SI_BUILT","name":"Pozidano zemljišče","authority":"MKGP","dataSource":"raba-3000"},"geometry":{"type":"Polygon","coordinates":[[[13.96587577153541,46.0351240450355],[13.963480678839462,46.035102347155906],[13.96343888011688,46.03670288930232],[13.96587577153541,46.0351240450355]]]}},{"type":"Feature","properties":{"_zoneType":"SI_BUILT","name":"Pozidano zemljišče","authority":"MKGP","dataSource":"raba-3000"},"geometry":{"type":"Polygon","coordinates":[[[13.965103712949915,46.10952231667073],[13.964966051538328,46.10954482070126],[13.965096215306268,46.10992288699637],[13.965103712949915,46.10952231667073]]]}},{"type":"Feature","properties":{"_zoneType":"SI_BUILT","name":"Pozidano zemljišče","authority":"MKGP","dataSource":"raba-3000"},"geometry":{"type":"Polygon","coordinates":[[[13.965005420960697,46.1071066041626],[13.964822590613359,46.106442042607874],[13.963922916161286,46.106910890821865],[13.964258444951767,46.10788744774806],[13.965005420960697,46.1071066041626]]]}},{"type":"Feature","properties":{"_zoneType":"SI_BUILT","name":"Pozidano zemljišče","authority":"MKGP","dataSource":"raba-3000"},"geometry":{"type":"Polygon","coordinates":[[[13.963864871446084,46.14896557234213],[13.963586028933745,46.14889256235112],[13.963765893892399,46.14910817264629],[13.963864871446084,46.14896557234213]]]}},{"type":"Feature","properties":{"_zoneType":"SI_BUILT","name":"Pozidano zemljišče","authority":"MKGP","dataSource":"raba-3000"},"geometry":{"type":"Polygon","coordinates":[[[13.964740294684368,46.08247691451768],[13.964432813627038,46.08238886602903],[13.964625059483897,46.08266957178271],[13.964740294684368,46.08247691451768]]]}},{"type":"Feature","properties":{"_zoneType":"SI_BUILT","name":"Pozidano zemljišče","authority":"MKGP","dataSource":"raba-3000"},"geometry":{"type":"Polygon","coordinates":[[[13.96348935437622,46.12128243067185],[13.963758954254615,46.12135674442303],[13.963577409073942,46.12110989994769],[13.96348935437622,46.12128243067185]]]}},{"type":"Feature","properties":{"_zoneType":"SI_BUILT","name":"Pozidano zemljišče","authority":"MKGP","dataSource":"raba-3000"},"geometry":{"type":"Polygon","coordinates":[[[13.964845563101559,46.05146633930932],[13.96469245416744,46.05104137340217],[13.964532663433472,46.05156338294823],[13.964845563101559,46.05146633930932]]]}},{"type":"Feature","properties":{"_zoneType":"SI_BUILT","name":"Pozidano zemljišče","authority":"MKGP","dataSource":"raba-3000"},"geometry":{"type":"Polygon","coordinates":[[[13.962375196214985,46.14061437387624],[13.96275402815408,46.14076936993363],[13.962584376927557,46.14047444306931],[13.962375196214985,46.14061437387624]]]}},{"type":"Feature","properties":{"_zoneType":"SI_BUILT","name":"Pozidano zemljišče","authority":"MKGP","dataSource":"raba-3000"},"geometry":{"type":"Polygon","coordinates":[[[13.964399007584932,46.03884130727204],[13.963994087647945,46.03742388368442],[13.963630982899948,46.03860392519809],[13.964399007584932,46.03884130727204]]]}},{"type":"Feature","properties":{"_zoneType":"SI_BUILT","name":"Pozidano zemljišče","authority":"MKGP","dataSource":"raba-3000"},"geometry":{"type":"Polygon","coordinates":[[[13.962721458423376,46.12699634676539],[13.962437009944649,46.12697088074752],[13.961951422524344,46.12767075467882],[13.962721458423376,46.12699634676539]]]}},{"type":"Feature","properties":{"_zoneType":"SI_BUILT","name":"Pozidano zemljišče","authority":"MKGP","dataSource":"raba-3000"},"geometry":{"type":"Polygon","coordinates":[[[13.961624244983295,46.17828052151969],[13.961378633951073,46.178193588612686],[13.961521388836248,46.17842860730727],[13.961624244983295,46.17828052151969]]]}},{"type":"Feature","properties":{"_zoneType":"SI_BUILT","name":"Pozidano zemljišče","authority":"MKGP","dataSource":"raba-3000"},"geometry":{"type":"Polygon","coordinates":[[[13.960530669853599,46.07141345596887],[13.962535082334679,46.07263099905472],[13.963339887766955,46.071639727210076],[13.960433888820434,46.07092856622487],[13.960096839331756,46.07254592522084],[13.960530669853599,46.07141345596887]]]}},{"type":"Feature","properties":{"_zoneType":"SI_BUILT","name":"Pozidano zemljišče","authority":"MKGP","dataSource":"raba-3000"},"geometry":{"type":"Polygon","coordinates":[[[13.962229765494644,46.12059399064675],[13.96190579882489,46.120494053507436],[13.96209035405292,46.12074554327881],[13.962229765494644,46.12059399064675]]]}},{"type":"Feature","properties":{"_zoneType":"SI_BUILT","name":"Pozidano zemljišče","authority":"MKGP","dataSource":"raba-3000"},"geometry":{"type":"Polygon","coordinates":[[[13.961609238402339,46.14870628344847],[13.961330942290976,46.148620603052755],[13.961478803308161,46.14890809795948],[13.961609238402339,46.14870628344847]]]}},{"type":"Feature","properties":{"_zoneType":"SI_BUILT","name":"Pozidano zemljišče","authority":"MKGP","dataSource":"raba-3000"},"geometry":{"type":"Polygon","coordinates":[[[13.961020856472164,46.122283144313286],[13.960107751335785,46.121960471389535],[13.960706638884979,46.12238724226232],[13.961020856472164,46.122283144313286]]]}},{"type":"Feature","properties":{"_zoneType":"SI_BUILT","name":"Pozidano zemljišče","authority":"MKGP","dataSource":"raba-3000"},"geometry":{"type":"Polygon","coordinates":[[[13.960700483609331,46.12076327692083],[13.960252425446292,46.12025447192163],[13.960439228870307,46.12090956780903],[13.960700483609331,46.12076327692083]]]}},{"type":"Feature","properties":{"_zoneType":"SI_BUILT","name":"Pozidano zemljišče","authority":"MKGP","dataSource":"raba-3000"},"geometry":{"type":"Polygon","coordinates":[[[13.960402907260258,46.07901579817121],[13.96053255644862,46.07921822111585],[13.960771992973315,46.0789059005636],[13.960402907260258,46.07901579817121]]]}},{"type":"Feature","properties":{"_zoneType":"SI_BUILT","name":"Pozidano zemljišče","authority":"MKGP","dataSource":"raba-3000"},"geometry":{"type":"Polygon","coordinates":[[[13.960611982663423,46.061640551254015],[13.960379473668445,46.06171110420951],[13.960070251640383,46.062971117069765],[13.960945795903179,46.06209282023278],[13.960611982663423,46.061640551254015]]]}},{"type":"Feature","properties":{"_zoneType":"SI_BUILT","name":"Pozidano zemljišče","authority":"MKGP","dataSource":"raba-3000"},"geometry":{"type":"Polygon","coordinates":[[[13.959859117138578,46.08201274066194],[13.959810453265263,46.08181261580679],[13.95945999869745,46.08207175147656],[13.959859117138578,46.08201274066194]]]}},{"type":"Feature","properties":{"_zoneType":"SI_BUILT","name":"Pozidano zemljišče","authority":"MKGP","dataSource":"raba-3000"},"geometry":{"type":"Polygon","coordinates":[[[13.954959562825833,46.19374923880789],[13.956863876868217,46.193762381384545],[13.955837282323893,46.19309442207287],[13.957620117610924,46.19214746680737],[13.953523962738576,46.192050619736136],[13.952501052198508,46.19121766473147],[13.951838089851643,46.191793956345954],[13.954023417190163,46.19237677920633],[13.954959562825833,46.19374923880789]],[[13.954788257173258,46.192562089078784],[13.954895427351525,46.19221518442873],[13.955788907785953,46.192768171230696],[13.954788257173258,46.192562089078784]]]}},{"type":"Feature","properties":{"_zoneType":"SI_BUILT","name":"Pozidano zemljišče","authority":"MKGP","dataSource":"raba-3000"},"geometry":{"type":"Polygon","coordinates":[[[13.956806865719166,46.17168783448517],[13.956434386954895,46.17181914203778],[13.956995355616801,46.17196527120436],[13.956806865719166,46.17168783448517]]]}},{"type":"Feature","properties":{"_zoneType":"SI_BUILT","name":"Pozidano zemljišče","authority":"MKGP","dataSource":"raba-3000"},"geometry":{"type":"Polygon","coordinates":[[[13.957120943822462,46.1398771298256],[13.956600704388881,46.13857366013348],[13.955828548351867,46.139280500648105],[13.95668193734405,46.139926353094566],[13.957120943822462,46.1398771298256]]]}},{"type":"Feature","properties":{"_zoneType":"SI_BUILT","name":"Pozidano zemljišče","authority":"MKGP","dataSource":"raba-3000"},"geometry":{"type":"Polygon","coordinates":[[[13.955794917834387,46.140664534163605],[13.95608705610204,46.140674975723236],[13.955936788565891,46.140352089973106],[13.955794917834387,46.140664534163605]]]}},{"type":"Feature","properties":{"_zoneType":"SI_BUILT","name":"Pozidano zemljišče","authority":"MKGP","dataSource":"raba-3000"},"geometry":{"type":"Polygon","coordinates":[[[13.956370209595212,46.149505299111496],[13.956033622526789,46.14938906147974],[13.956259678088735,46.149660850524796],[13.956370209595212,46.149505299111496]]]}},{"type":"Feature","properties":{"_zoneType":"SI_BUILT","name":"Pozidano zemljišče","authority":"MKGP","dataSource":"raba-3000"},"geometry":{"type":"Polygon","coordinates":[[[13.957150342694668,46.069541590863906],[13.956067036792824,46.068911843973694],[13.956502369850304,46.06993014157097],[13.957150342694668,46.069541590863906]]]}},{"type":"Feature","properties":{"_zoneType":"SI_BUILT","name":"Pozidano zemljišče","authority":"MKGP","dataSource":"raba-3000"},"geometry":{"type":"Polygon","coordinates":[[[13.957693338126463,46.03919057600647],[13.957437184891134,46.03879877324186],[13.957368208325374,46.03933063238817],[13.957693338126463,46.03919057600647]]]}},{"type":"Feature","properties":{"_zoneType":"SI_BUILT","name":"Pozidano zemljišče","authority":"MKGP","dataSource":"raba-3000"},"geometry":{"type":"Polygon","coordinates":[[[13.955269537964744,46.13274801654659],[13.95504722510309,46.132610157433334],[13.955171526267232,46.132861883320224],[13.955269537964744,46.13274801654659]]]}},{"type":"Feature","properties":{"_zoneType":"SI_BUILT","name":"Pozidano zemljišče","authority":"MKGP","dataSource":"raba-3000"},"geometry":{"type":"Polygon","coordinates":[[[13.954108949062215,46.08530156624643],[13.956133292661537,46.08330047760989],[13.953571792794131,46.08531701474198],[13.954729559459894,46.08755317541527],[13.954108949062215,46.08530156624643]]]}},{"type":"Feature","properties":{"_zoneType":"SI_BUILT","name":"Pozidano zemljišče","authority":"MKGP","dataSource":"raba-3000"},"geometry":{"type":"Polygon","coordinates":[[[13.953917730337201,46.13239669190038],[13.952155504933765,46.13144717266978],[13.952282924103908,46.13266581402848],[13.953917730337201,46.13239669190038]]]}},{"type":"Feature","properties":{"_zoneType":"SI_BUILT","name":"Pozidano zemljišče","authority":"MKGP","dataSource":"raba-3000"},"geometry":{"type":"Polygon","coordinates":[[[13.954172036233539,46.11609563466004],[13.95226202480431,46.116079819382925],[13.95171862556975,46.11693987198445],[13.952695086784871,46.11615615318915],[13.954172036233539,46.11609563466004]]]}},{"type":"Feature","properties":{"_zoneType":"SI_BUILT","name":"Pozidano zemljišče","authority":"MKGP","dataSource":"raba-3000"},"geometry":{"type":"Polygon","coordinates":[[[13.953599525864165,46.14111042993398],[13.953386723304806,46.14097563694919],[13.953397265843504,46.141252373915535],[13.953599525864165,46.14111042993398]]]}},{"type":"Feature","properties":{"_zoneType":"SI_BUILT","name":"Pozidano zemljišče","authority":"MKGP","dataSource":"raba-3000"},"geometry":{"type":"Polygon","coordinates":[[[13.953294294824513,46.11769535409987],[13.953535141136127,46.11780565325871],[13.953463557220411,46.117512043789795],[13.953294294824513,46.11769535409987]]]}},{"type":"Feature","properties":{"_zoneType":"SI_BUILT","name":"Pozidano zemljišče","authority":"MKGP","dataSource":"raba-3000"},"geometry":{"type":"Polygon","coordinates":[[[13.954842410293853,46.042532567658604],[13.954625279446404,46.042347555132515],[13.954432506671356,46.04281074307668],[13.954842410293853,46.042532567658604]]]}},{"type":"Feature","properties":{"_zoneType":"SI_BUILT","name":"Pozidano zemljišče","authority":"MKGP","dataSource":"raba-3000"},"geometry":{"type":"Polygon","coordinates":[[[13.952629542803713,46.14033275654241],[13.95238218755649,46.14023935028741],[13.952499293489954,46.14047862851278],[13.952629542803713,46.14033275654241]]]}},{"type":"Feature","properties":{"_zoneType":"SI_BUILT","name":"Pozidano zemljišče","authority":"MKGP","dataSource":"raba-3000"},"geometry":{"type":"Polygon","coordinates":[[[13.947252887285709,46.07333913907124],[13.950459614493669,46.07488137476318],[13.953406996508813,46.07845711413934],[13.953492160407327,46.076884602736406],[13.949903646877699,46.07421239004749],[13.94912132690407,46.07218892977786],[13.949782376984437,46.070965874042194],[13.948013921654434,46.07103401647099],[13.947391846221857,46.07254486197116],[13.949014842404699,46.072281088606026],[13.947252887285709,46.07333913907124]]]}},{"type":"Feature","properties":{"_zoneType":"SI_BUILT","name":"Pozidano zemljišče","authority":"MKGP","dataSource":"raba-3000"},"geometry":{"type":"Polygon","coordinates":[[[13.952576627132299,46.11536281481178],[13.952615285346198,46.11524839244053],[13.951752503001941,46.11460857002175],[13.952576627132299,46.11536281481178]]]}},{"type":"Feature","properties":{"_zoneType":"SI_BUILT","name":"Pozidano zemljišče","authority":"MKGP","dataSource":"raba-3000"},"geometry":{"type":"Polygon","coordinates":[[[13.95140516950498,46.16782434275862],[13.950707225557284,46.16779340266456],[13.95126343296652,46.16801760544473],[13.95140516950498,46.16782434275862]]]}},{"type":"Feature","properties":{"_zoneType":"SI_BUILT","name":"Pozidano zemljišče","authority":"MKGP","dataSource":"raba-3000"},"geometry":{"type":"Polygon","coordinates":[[[13.945528929607093,46.1449180590336],[13.948236949911589,46.143875612771545],[13.946658061475329,46.143666123408785],[13.950637799932345,46.140030232685035],[13.94725078956625,46.14298471727669],[13.945133326972453,46.1428971114779],[13.94618597817684,46.14417411552628],[13.943983910614529,46.14466115201308],[13.944263956927616,46.14580510088923],[13.948881937412297,46.147985862323274],[13.945528929607093,46.1449180590336]]]}},{"type":"Feature","properties":{"_zoneType":"SI_BUILT","name":"Pozidano zemljišče","authority":"MKGP","dataSource":"raba-3000"},"geometry":{"type":"Polygon","coordinates":[[[13.950972892604657,46.139428845709816],[13.950697575498003,46.13957295882839],[13.951043143583684,46.13962064446581],[13.950972892604657,46.139428845709816]]]}},{"type":"Feature","properties":{"_zoneType":"SI_BUILT","name":"Pozidano zemljišče","authority":"MKGP","dataSource":"raba-3000"},"geometry":{"type":"Polygon","coordinates":[[[13.951865726215111,46.138282395453466],[13.951587653256874,46.138319300202454],[13.951230505577016,46.13909844971819],[13.951757234015576,46.13880187307299],[13.951865726215111,46.138282395453466]]]}},{"type":"Feature","properties":{"_zoneType":"SI_BUILT","name":"Pozidano zemljišče","authority":"MKGP","dataSource":"raba-3000"},"geometry":{"type":"Polygon","coordinates":[[[13.953325745161914,46.06015203636691],[13.953020952497951,46.06003061226412],[13.953166746914272,46.06032498648536],[13.953325745161914,46.06015203636691]]]}},{"type":"Feature","properties":{"_zoneType":"SI_BUILT","name":"Pozidano zemljišče","authority":"MKGP","dataSource":"raba-3000"},"geometry":{"type":"Polygon","coordinates":[[[13.952796159980272,46.070796551178226],[13.952551577149487,46.0706348684041],[13.952542541107166,46.07096319573521],[13.952796159980272,46.070796551178226]]]}},{"type":"Feature","properties":{"_zoneType":"SI_BUILT","name":"Pozidano zemljišče","authority":"MKGP","dataSource":"raba-3000"},"geometry":{"type":"Polygon","coordinates":[[[13.950785147763376,46.17068726681368],[13.950528382869921,46.17051580836766],[13.950545190402785,46.17085495469242],[13.950785147763376,46.17068726681368]]]}},{"type":"Feature","properties":{"_zoneType":"SI_BUILT","name":"Pozidano zemljišče","authority":"MKGP","dataSource":"raba-3000"},"geometry":{"type":"Polygon","coordinates":[[[13.951624351463401,46.1136888255249],[13.950098869172944,46.112148175922314],[13.948984811596034,46.11198530568797],[13.950921828269516,46.113537519183666],[13.951624351463401,46.1136888255249]]]}},{"type":"Feature","properties":{"_zoneType":"SI_BUILT","name":"Pozidano zemljišče","authority":"MKGP","dataSource":"raba-3000"},"geometry":{"type":"Polygon","coordinates":[[[13.95025650163763,46.14332973934956],[13.950001882185108,46.143250753441166],[13.950219711096254,46.143468573673346],[13.95025650163763,46.14332973934956]]]}},{"type":"Feature","properties":{"_zoneType":"SI_BUILT","name":"Pozidano zemljišče","authority":"MKGP","dataSource":"raba-3000"},"geometry":{"type":"Polygon","coordinates":[[[13.950995308681398,46.14405122904825],[13.95098272309622,46.14386142342714],[13.950680211623679,46.14407380254947],[13.950995308681398,46.14405122904825]]]}},{"type":"Feature","properties":{"_zoneType":"SI_BUILT","name":"Pozidano zemljišče","authority":"MKGP","dataSource":"raba-3000"},"geometry":{"type":"Polygon","coordinates":[[[13.948174704314692,46.126701814339754],[13.94717727910432,46.12713485954033],[13.947091761912507,46.1292482858004],[13.948174704314692,46.126701814339754]]]}},{"type":"Feature","properties":{"_zoneType":"SI_BUILT","name":"Pozidano zemljišče","authority":"MKGP","dataSource":"raba-3000"},"geometry":{"type":"Polygon","coordinates":[[[13.95036428547225,46.124831124856],[13.949219313901462,46.12481533552485],[13.948438802237312,46.12652178333713],[13.949877261936349,46.12554708277379],[13.95036428547225,46.124831124856]]]}},{"type":"Feature","properties":{"_zoneType":"SI_BUILT","name":"Pozidano zemljišče","authority":"MKGP","dataSource":"raba-3000"},"geometry":{"type":"Polygon","coordinates":[[[13.949957885675701,46.11098481797547],[13.949629138942768,46.110858713843704],[13.949811405341217,46.11114487201117],[13.949957885675701,46.11098481797547]]]}},{"type":"Feature","properties":{"_zoneType":"SI_BUILT","name":"Pozidano zemljišče","authority":"MKGP","dataSource":"raba-3000"},"geometry":{"type":"Polygon","coordinates":[[[13.948294807670264,46.18586329972183],[13.948096008981281,46.18573376945726],[13.947327122095299,46.18615772307228],[13.948294807670264,46.18586329972183]]]}},{"type":"Feature","properties":{"_zoneType":"SI_BUILT","name":"Pozidano zemljišče","authority":"MKGP","dataSource":"raba-3000"},"geometry":{"type":"Polygon","coordinates":[[[13.948173535354249,46.180609437302785],[13.947841081924928,46.180284769918934],[13.947913334893267,46.18076091884545],[13.948173535354249,46.180609437302785]]]}},{"type":"Feature","properties":{"_zoneType":"SI_BUILT","name":"Pozidano zemljišče","authority":"MKGP","dataSource":"raba-3000"},"geometry":{"type":"Polygon","coordinates":[[[13.950224030318749,46.036159107518664],[13.949898409132015,46.03605768155771],[13.949443740180648,46.037062642639825],[13.950224030318749,46.036159107518664]]]}},{"type":"Feature","properties":{"_zoneType":"SI_BUILT","name":"Pozidano zemljišče","authority":"MKGP","dataSource":"raba-3000"},"geometry":{"type":"Polygon","coordinates":[[[13.948416581197034,46.110110003278656],[13.948492581116719,46.11028849946292],[13.948689719030202,46.11005677401518],[13.948416581197034,46.110110003278656]]]}},{"type":"Feature","properties":{"_zoneType":"SI_BUILT","name":"Pozidano zemljišče","authority":"MKGP","dataSource":"raba-3000"},"geometry":{"type":"Polygon","coordinates":[[[13.947668571716727,46.13773561685803],[13.947357567771043,46.13767074313937],[13.947583240699982,46.13790750218715],[13.947668571716727,46.13773561685803]]]}},{"type":"Feature","properties":{"_zoneType":"SI_BUILT","name":"Pozidano zemljišče","authority":"MKGP","dataSource":"raba-3000"},"geometry":{"type":"Polygon","coordinates":[[[13.946467176773616,46.149492383147894],[13.946770702389239,46.14947193607647],[13.946445967730702,46.149303990910454],[13.946467176773616,46.149492383147894]]]}},{"type":"Feature","properties":{"_zoneType":"SI_BUILT","name":"Pozidano zemljišče","authority":"MKGP","dataSource":"raba-3000"},"geometry":{"type":"Polygon","coordinates":[[[13.946188182260357,46.110281572935044],[13.946024664100287,46.110130767098816],[13.945978085534275,46.11039142648782],[13.946188182260357,46.110281572935044]]]}},{"type":"Feature","properties":{"_zoneType":"SI_BUILT","name":"Pozidano zemljišče","authority":"MKGP","dataSource":"raba-3000"},"geometry":{"type":"Polygon","coordinates":[[[13.947470512345701,46.110170457013325],[13.947171673064691,46.10989463657813],[13.947242347504716,46.110269449921084],[13.947470512345701,46.110170457013325]]]}},{"type":"Feature","properties":{"_zoneType":"SI_BUILT","name":"Pozidano zemljišče","authority":"MKGP","dataSource":"raba-3000"},"geometry":{"type":"Polygon","coordinates":[[[13.946875491911124,46.126395758929256],[13.94701627746955,46.12520920041292],[13.946127957583835,46.1260448738912],[13.946875491911124,46.126395758929256]]]}},{"type":"Feature","properties":{"_zoneType":"SI_BUILT","name":"Pozidano zemljišče","authority":"MKGP","dataSource":"raba-3000"},"geometry":{"type":"Polygon","coordinates":[[[13.946144864404385,46.127517982136865],[13.945929287884185,46.12738320605445],[13.945961067509923,46.12767069160237],[13.946144864404385,46.127517982136865]]]}},{"type":"Feature","properties":{"_zoneType":"SI_BUILT","name":"Pozidano zemljišče","authority":"MKGP","dataSource":"raba-3000"},"geometry":{"type":"Polygon","coordinates":[[[13.94650217498438,46.078620842573464],[13.945040657287214,46.07770223885271],[13.945870125567316,46.07872962012667],[13.94650217498438,46.078620842573464]]]}},{"type":"Feature","properties":{"_zoneType":"SI_BUILT","name":"Pozidano zemljišče","authority":"MKGP","dataSource":"raba-3000"},"geometry":{"type":"Polygon","coordinates":[[[13.944834303310595,46.12891915775376],[13.944577837784653,46.12884158167596],[13.944768339906227,46.12917087878841],[13.944834303310595,46.12891915775376]]]}},{"type":"Feature","properties":{"_zoneType":"SI_BUILT","name":"Pozidano zemljišče","authority":"MKGP","dataSource":"raba-3000"},"geometry":{"type":"Polygon","coordinates":[[[13.945173152000555,46.12964547249697],[13.945158323219111,46.129474134685815],[13.94486750057475,46.12964745262571],[13.945173152000555,46.12964547249697]]]}},{"type":"Feature","properties":{"_zoneType":"SI_BUILT","name":"Pozidano zemljišče","authority":"MKGP","dataSource":"raba-3000"},"geometry":{"type":"Polygon","coordinates":[[[13.945235238525369,46.083889874088136],[13.945259011358655,46.08405270578314],[13.94553564297484,46.08386747289227],[13.945235238525369,46.083889874088136]]]}},{"type":"Feature","properties":{"_zoneType":"SI_BUILT","name":"Pozidano zemljišče","authority":"MKGP","dataSource":"raba-3000"},"geometry":{"type":"Polygon","coordinates":[[[13.94522046339957,46.099303995855585],[13.94499284965197,46.09919463977116],[13.945074390361844,46.09945499637526],[13.94522046339957,46.099303995855585]]]}},{"type":"Feature","properties":{"_zoneType":"SI_BUILT","name":"Pozidano zemljišče","authority":"MKGP","dataSource":"raba-3000"},"geometry":{"type":"Polygon","coordinates":[[[13.944657700486214,46.08166835408919],[13.944389290872275,46.081590638481956],[13.94455879718002,46.08181094002603],[13.944657700486214,46.08166835408919]]]}},{"type":"Feature","properties":{"_zoneType":"SI_BUILT","name":"Pozidano zemljišče","authority":"MKGP","dataSource":"raba-3000"},"geometry":{"type":"Polygon","coordinates":[[[13.94064700670592,46.124608624363326],[13.940325392208338,46.124528422030615],[13.940565667204226,46.12480011609876],[13.94064700670592,46.124608624363326]]]}},{"type":"Feature","properties":{"_zoneType":"SI_BUILT","name":"Pozidano zemljišče","authority":"MKGP","dataSource":"raba-3000"},"geometry":{"type":"Polygon","coordinates":[[[13.943668583683156,46.124048876103046],[13.943365838226951,46.12393016563597],[13.940861261675881,46.12523776602571],[13.941585824383177,46.12578716696603],[13.943668583683156,46.124048876103046]]]}},{"type":"Feature","properties":{"_zoneType":"SI_BUILT","name":"Pozidano zemljišče","authority":"MKGP","dataSource":"raba-3000"},"geometry":{"type":"Polygon","coordinates":[[[13.945170563459909,46.03884819584444],[13.945005421070174,46.038721652088114],[13.94450835301818,46.039103224191166],[13.945170563459909,46.03884819584444]]]}},{"type":"Feature","properties":{"_zoneType":"SI_BUILT","name":"Pozidano zemljišče","authority":"MKGP","dataSource":"raba-3000"},"geometry":{"type":"Polygon","coordinates":[[[13.943765327054349,46.08297888926189],[13.943645534623228,46.08319888604575],[13.944065231919973,46.08306477798788],[13.943765327054349,46.08297888926189]]]}},{"type":"Feature","properties":{"_zoneType":"SI_BUILT","name":"Pozidano zemljišče","authority":"MKGP","dataSource":"raba-3000"},"geometry":{"type":"Polygon","coordinates":[[[13.941589315232115,46.11479141391062],[13.94178220282519,46.114926255935295],[13.941811294326978,46.114660405434044],[13.941589315232115,46.11479141391062]]]}},{"type":"Feature","properties":{"_zoneType":"SI_BUILT","name":"Pozidano zemljišče","authority":"MKGP","dataSource":"raba-3000"},"geometry":{"type":"Polygon","coordinates":[[[13.941326231049361,46.139879155808686],[13.941012465923505,46.13985593333412],[13.941316826045009,46.14002367268257],[13.941326231049361,46.139879155808686]]]}},{"type":"Feature","properties":{"_zoneType":"SI_BUILT","name":"Pozidano zemljišče","authority":"MKGP","dataSource":"raba-3000"},"geometry":{"type":"Polygon","coordinates":[[[13.942782837505202,46.03491274737452],[13.938183424079272,46.03487010588922],[13.937894734079409,46.03590725318351],[13.939740736595242,46.034990458613564],[13.942782837505202,46.03491274737452]]]}},{"type":"Feature","properties":{"_zoneType":"SI_BUILT","name":"Pozidano zemljišče","authority":"MKGP","dataSource":"raba-3000"},"geometry":{"type":"Polygon","coordinates":[[[13.942357419917784,46.06216414268863],[13.94078060278016,46.06027991792349],[13.941190173460665,46.061849270065146],[13.942357419917784,46.06216414268863]]]}},{"type":"Feature","properties":{"_zoneType":"SI_BUILT","name":"Pozidano zemljišče","authority":"MKGP","dataSource":"raba-3000"},"geometry":{"type":"Polygon","coordinates":[[[13.941462323067952,46.10033435046172],[13.941308369612747,46.10015301988472],[13.940999706805957,46.10060014766798],[13.941462323067952,46.10033435046172]]]}},{"type":"Feature","properties":{"_zoneType":"SI_BUILT","name":"Pozidano zemljišče","authority":"MKGP","dataSource":"raba-3000"},"geometry":{"type":"Polygon","coordinates":[[[13.940472712440734,46.13856230948262],[13.93999459695029,46.13799939593479],[13.93879079542594,46.138486962629464],[13.939561090757833,46.13919145622931],[13.940472712440734,46.13856230948262]]]}},{"type":"Feature","properties":{"_zoneType":"SI_BUILT","name":"Pozidano zemljišče","authority":"MKGP","dataSource":"raba-3000"},"geometry":{"type":"Polygon","coordinates":[[[13.941519910834675,46.072369285505765],[13.941362798443699,46.07223118911599],[13.94124686941316,46.07255317958367],[13.941519910834675,46.072369285505765]]]}},{"type":"Feature","properties":{"_zoneType":"SI_BUILT","name":"Pozidano zemljišče","authority":"MKGP","dataSource":"raba-3000"},"geometry":{"type":"Polygon","coordinates":[[[13.940369917139291,46.126315402121456],[13.940206827852114,46.12617143599132],[13.940151072440706,46.1264369570396],[13.940369917139291,46.126315402121456]]]}},{"type":"Feature","properties":{"_zoneType":"SI_BUILT","name":"Pozidano zemljišče","authority":"MKGP","dataSource":"raba-3000"},"geometry":{"type":"Polygon","coordinates":[[[13.940574972463667,46.11271438059382],[13.940339860720055,46.11260327852353],[13.94044950774477,46.11286137467133],[13.940574972463667,46.11271438059382]]]}},{"type":"Feature","properties":{"_zoneType":"SI_BUILT","name":"Pozidano zemljišče","authority":"MKGP","dataSource":"raba-3000"},"geometry":{"type":"Polygon","coordinates":[[[13.940787862641601,46.090933065337715],[13.940545208877218,46.090819692324175],[13.94031945956034,46.09134200223993],[13.940787862641601,46.090933065337715]]]}},{"type":"Feature","properties":{"_zoneType":"SI_BUILT","name":"Pozidano zemljišče","authority":"MKGP","dataSource":"raba-3000"},"geometry":{"type":"Polygon","coordinates":[[[13.94043281232491,46.07653960972116],[13.939230371194977,46.07857521042675],[13.940165370544745,46.07744422419929],[13.94043281232491,46.07653960972116]]]}},{"type":"Feature","properties":{"_zoneType":"SI_BUILT","name":"Pozidano zemljišče","authority":"MKGP","dataSource":"raba-3000"},"geometry":{"type":"Polygon","coordinates":[[[13.93825346171108,46.156963839612715],[13.936675602631018,46.1568830596289],[13.934476800381834,46.157354733929935],[13.937961898279342,46.15762949741294],[13.93825346171108,46.156963839612715]]]}},{"type":"Feature","properties":{"_zoneType":"SI_BUILT","name":"Pozidano zemljišče","authority":"MKGP","dataSource":"raba-3000"},"geometry":{"type":"Polygon","coordinates":[[[13.931727097972649,46.12651378870854],[13.930775931739609,46.126848264343266],[13.930963296544123,46.12848370353111],[13.931727097972649,46.12651378870854]]]}},{"type":"Feature","properties":{"_zoneType":"SI_BUILT","name":"Pozidano zemljišče","authority":"MKGP","dataSource":"raba-3000"},"geometry":{"type":"Polygon","coordinates":[[[13.934825925772591,46.13222747175507],[13.936358640270415,46.13440577759155],[13.937090316325122,46.1340534371176],[13.9350817107107,46.13197156207418],[13.933480114095415,46.13131771827345],[13.933846864406974,46.12996819116142],[13.931094874769574,46.128692003395685],[13.933017725251986,46.131536482755074],[13.934825925772591,46.13222747175507]]]}},{"type":"Feature","properties":{"_zoneType":"SI_BUILT","name":"Pozidano zemljišče","authority":"MKGP","dataSource":"raba-3000"},"geometry":{"type":"Polygon","coordinates":[[[13.938617586864517,46.13401972900943],[13.937801928372322,46.13385908766327],[13.937612854630004,46.134260411311885],[13.938617586864517,46.13401972900943]]]}},{"type":"Feature","properties":{"_zoneType":"SI_BUILT","name":"Pozidano zemljišče","authority":"MKGP","dataSource":"raba-3000"},"geometry":{"type":"Polygon","coordinates":[[[13.939274221297948,46.061061682905574],[13.938968661360287,46.061006392547476],[13.939105826228896,46.06152034312437],[13.939274221297948,46.061061682905574]]]}},{"type":"Feature","properties":{"_zoneType":"SI_BUILT","name":"Pozidano zemljišče","authority":"MKGP","dataSource":"raba-3000"},"geometry":{"type":"Polygon","coordinates":[[[13.939782283285187,46.0620473950154],[13.939719108133106,46.061828706489784],[13.939416012580553,46.062148735254574],[13.939782283285187,46.0620473950154]]]}},{"type":"Feature","properties":{"_zoneType":"SI_BUILT","name":"Pozidano zemljišče","authority":"MKGP","dataSource":"raba-3000"},"geometry":{"type":"Polygon","coordinates":[[[13.938321161608329,46.0752553774889],[13.938179727691406,46.07300118136431],[13.937202474330851,46.07203654029587],[13.938383593488888,46.07038529229176],[13.936708242916145,46.07047506724503],[13.937058789591397,46.07301192963196],[13.938321161608329,46.0752553774889]]]}},{"type":"Feature","properties":{"_zoneType":"SI_BUILT","name":"Pozidano zemljišče","authority":"MKGP","dataSource":"raba-3000"},"geometry":{"type":"Polygon","coordinates":[[[13.937271795334903,46.11581994514016],[13.937037577130226,46.11572181844671],[13.937117001391188,46.11598146669341],[13.937271795334903,46.11581994514016]]]}},{"type":"Feature","properties":{"_zoneType":"SI_BUILT","name":"Pozidano zemljišče","authority":"MKGP","dataSource":"raba-3000"},"geometry":{"type":"Polygon","coordinates":[[[13.93474156598001,46.19940333462015],[13.93457783090071,46.19925244690831],[13.934503800837485,46.19952156997403],[13.93474156598001,46.19940333462015]]]}},{"type":"Feature","properties":{"_zoneType":"SI_BUILT","name":"Pozidano zemljišče","authority":"MKGP","dataSource":"raba-3000"},"geometry":{"type":"Polygon","coordinates":[[[13.934887271781587,46.14615702329923],[13.934623452643887,46.14607659868593],[13.934780357316448,46.14629735974567],[13.934887271781587,46.14615702329923]]]}},{"type":"Feature","properties":{"_zoneType":"SI_BUILT","name":"Pozidano zemljišče","authority":"MKGP","dataSource":"raba-3000"},"geometry":{"type":"Polygon","coordinates":[[[13.935609660690405,46.09598394385594],[13.935360148108039,46.09588657383722],[13.935493233257697,46.09614344792243],[13.935609660690405,46.09598394385594]]]}},{"type":"Feature","properties":{"_zoneType":"SI_BUILT","name":"Pozidano zemljišče","authority":"MKGP","dataSource":"raba-3000"},"geometry":{"type":"Polygon","coordinates":[[[13.935822467322534,46.08492079369043],[13.935267895656311,46.0843320608011],[13.935648626499873,46.08500537865348],[13.935822467322534,46.08492079369043]]]}},{"type":"Feature","properties":{"_zoneType":"SI_BUILT","name":"Pozidano zemljišče","authority":"MKGP","dataSource":"raba-3000"},"geometry":{"type":"Polygon","coordinates":[[[13.93118311828671,46.03879032336487],[13.935472180689823,46.0376986598248],[13.934011816876886,46.0371829002702],[13.933769582066068,46.03803264506929],[13.930887399766243,46.03840098834341],[13.930630123332168,46.03949616835235],[13.929369018118786,46.04],[13.930385004220486,46.04],[13.93118311828671,46.03879032336487]]]}},{"type":"Feature","properties":{"_zoneType":"SI_BUILT","name":"Pozidano zemljišče","authority":"MKGP","dataSource":"raba-3000"},"geometry":{"type":"Polygon","coordinates":[[[13.930385004220486,46.04],[13.929369018118786,46.04],[13.928866938825552,46.04020058868592],[13.92991581082,46.04071114182539],[13.930385004220486,46.04]]]}},{"type":"Feature","properties":{"_zoneType":"SI_BUILT","name":"Pozidano zemljišče","authority":"MKGP","dataSource":"raba-3000"},"geometry":{"type":"Polygon","coordinates":[[[13.931697751098529,46.075779928529094],[13.93064413793983,46.075326351484534],[13.931135488719532,46.07437719879764],[13.933055241227816,46.07497784834463],[13.933480345612258,46.07424182711891],[13.932405805432222,46.074726423083426],[13.931108155166774,46.07241926959496],[13.931064456734426,46.073938123582636],[13.92937362046798,46.07532475174988],[13.931697751098529,46.075779928529094]]]}},{"type":"Feature","properties":{"_zoneType":"SI_BUILT","name":"Pozidano zemljišče","authority":"MKGP","dataSource":"raba-3000"},"geometry":{"type":"Polygon","coordinates":[[[13.931402359627887,46.145512125475804],[13.931354312594605,46.14569999086397],[13.931705494225735,46.14555813267603],[13.931402359627887,46.145512125475804]]]}},{"type":"Feature","properties":{"_zoneType":"SI_BUILT","name":"Pozidano zemljišče","authority":"MKGP","dataSource":"raba-3000"},"geometry":{"type":"Polygon","coordinates":[[[13.932649382513112,46.07094839324735],[13.931474988413385,46.070936147148466],[13.931817475851862,46.07161633006473],[13.932649382513112,46.07094839324735]]]}},{"type":"Feature","properties":{"_zoneType":"SI_BUILT","name":"Pozidano zemljišče","authority":"MKGP","dataSource":"raba-3000"},"geometry":{"type":"Polygon","coordinates":[[[13.929370070427415,46.070945185587014],[13.93074291152498,46.07055680927682],[13.931512531675429,46.067816886441115],[13.930542769500985,46.069262296400126],[13.927918017330205,46.06995975724558],[13.929582728840105,46.06994576389143],[13.929370070427415,46.070945185587014]]]}},{"type":"Feature","properties":{"_zoneType":"SI_BUILT","name":"Pozidano zemljišče","authority":"MKGP","dataSource":"raba-3000"},"geometry":{"type":"Polygon","coordinates":[[[13.93150127821601,46.05020862437971],[13.93141772108336,46.0503980039399],[13.931863228494963,46.05027387603002],[13.93150127821601,46.05020862437971]]]}},{"type":"Feature","properties":{"_zoneType":"SI_BUILT","name":"Pozidano zemljišče","authority":"MKGP","dataSource":"raba-3000"},"geometry":{"type":"Polygon","coordinates":[[[13.930754219552089,46.06440143334048],[13.93078819223372,46.06417417296287],[13.92948796583072,46.06356124847768],[13.930754219552089,46.06440143334048]]]}},{"type":"Feature","properties":{"_zoneType":"SI_BUILT","name":"Pozidano zemljišče","authority":"MKGP","dataSource":"raba-3000"},"geometry":{"type":"Polygon","coordinates":[[[13.929369240951765,46.13564051560087],[13.928190538263806,46.13557623868836],[13.929285003822956,46.13577593812588],[13.929369240951765,46.13564051560087]]]}},{"type":"Feature","properties":{"_zoneType":"SI_BUILT","name":"Pozidano zemljišče","authority":"MKGP","dataSource":"raba-3000"},"geometry":{"type":"Polygon","coordinates":[[[13.930438505659769,46.05308490806627],[13.930167775444096,46.0528901346773],[13.930131517011615,46.05331167649192],[13.930438505659769,46.05308490806627]]]}},{"type":"Feature","properties":{"_zoneType":"SI_BUILT","name":"Pozidano zemljišče","authority":"MKGP","dataSource":"raba-3000"},"geometry":{"type":"Polygon","coordinates":[[[13.929109257459931,46.08220681249169],[13.929607331135598,46.081889351435244],[13.928987860292999,46.08208405220379],[13.929109257459931,46.08220681249169]]]}},{"type":"Feature","properties":{"_zoneType":"SI_BUILT","name":"Pozidano zemljišče","authority":"MKGP","dataSource":"raba-3000"},"geometry":{"type":"Polygon","coordinates":[[[13.928340539514084,46.12440907950398],[13.927967157100639,46.124332417969576],[13.927326891881988,46.12511584733367],[13.928340539514084,46.12440907950398]]]}},{"type":"Feature","properties":{"_zoneType":"SI_BUILT","name":"Pozidano zemljišče","authority":"MKGP","dataSource":"raba-3000"},"geometry":{"type":"Polygon","coordinates":[[[13.929350332346617,46.06253890702663],[13.928900103765198,46.06223839229835],[13.929035994185641,46.06274714489508],[13.929350332346617,46.06253890702663]]]}},{"type":"Feature","properties":{"_zoneType":"SI_BUILT","name":"Pozidano zemljišče","authority":"MKGP","dataSource":"raba-3000"},"geometry":{"type":"Polygon","coordinates":[[[13.927727773152618,46.13433046606269],[13.927512243282928,46.1341939345455],[13.927520191606497,46.13448093421873],[13.927727773152618,46.13433046606269]]]}},{"type":"Feature","properties":{"_zoneType":"SI_BUILT","name":"Pozidano zemljišče","authority":"MKGP","dataSource":"raba-3000"},"geometry":{"type":"Polygon","coordinates":[[[13.925514220573897,46.074995621427064],[13.928851691866521,46.07430078915266],[13.928332494919761,46.07280284461969],[13.925417023004668,46.0714088947024],[13.924783321115266,46.07218341537463],[13.925365506159928,46.0730397195773],[13.923678307654876,46.07365375453427],[13.92626749527169,46.07386285485953],[13.925514220573897,46.074995621427064]]]}},{"type":"Feature","properties":{"_zoneType":"SI_BUILT","name":"Pozidano zemljišče","authority":"MKGP","dataSource":"raba-3000"},"geometry":{"type":"Polygon","coordinates":[[[13.927610332524539,46.0858118980448],[13.927354512484824,46.084393331722175],[13.928673480794012,46.08335520995207],[13.926737977970184,46.083290040483014],[13.924282321422337,46.08501908306938],[13.92627907491224,46.084367351833485],[13.927610332524539,46.0858118980448]]]}},{"type":"Feature","properties":{"_zoneType":"SI_BUILT","name":"Pozidano zemljišče","authority":"MKGP","dataSource":"raba-3000"},"geometry":{"type":"Polygon","coordinates":[[[13.928413857509703,46.08823300741571],[13.927962532069866,46.088108081837824],[13.928189090007068,46.08863202512696],[13.928413857509703,46.08823300741571]]]}},{"type":"Feature","properties":{"_zoneType":"SI_BUILT","name":"Pozidano zemljišče","authority":"MKGP","dataSource":"raba-3000"},"geometry":{"type":"Polygon","coordinates":[[[13.928525189982638,46.079222809912046],[13.92813947994602,46.07903456988143],[13.92677842487854,46.08],[13.928410451834546,46.08],[13.928525189982638,46.079222809912046]]]}},{"type":"Feature","properties":{"_zoneType":"SI_BUILT","name":"Pozidano zemljišče","authority":"MKGP","dataSource":"raba-3000"},"geometry":{"type":"Polygon","coordinates":[[[13.928410451834546,46.08],[13.92677842487854,46.08],[13.92660306180593,46.080124389377055],[13.928337905233388,46.08049140151094],[13.928410451834546,46.08]]]}},{"type":"Feature","properties":{"_zoneType":"SI_BUILT","name":"Pozidano zemljišče","authority":"MKGP","dataSource":"raba-3000"},"geometry":{"type":"Polygon","coordinates":[[[13.928243995289499,46.08955348079948],[13.927948740445103,46.08947884207886],[13.928155534306054,46.08974397656951],[13.928243995289499,46.08955348079948]]]}},{"type":"Feature","properties":{"_zoneType":"SI_BUILT","name":"Pozidano zemljišče","authority":"MKGP","dataSource":"raba-3000"},"geometry":{"type":"Polygon","coordinates":[[[13.928622957542935,46.06473213564464],[13.92819897879715,46.06459657726986],[13.92650164403781,46.065131999422576],[13.928149953904894,46.065139470528955],[13.928622957542935,46.06473213564464]]]}},{"type":"Feature","properties":{"_zoneType":"SI_BUILT","name":"Pozidano zemljišče","authority":"MKGP","dataSource":"raba-3000"},"geometry":{"type":"Polygon","coordinates":[[[13.926142670400639,46.12517742869838],[13.925891462392876,46.125216943910495],[13.925531262415472,46.12624909287415],[13.926336601153325,46.12610476567306],[13.926142670400639,46.12517742869838]]]}},{"type":"Feature","properties":{"_zoneType":"SI_BUILT","name":"Pozidano zemljišče","authority":"MKGP","dataSource":"raba-3000"},"geometry":{"type":"Polygon","coordinates":[[[13.926728670756184,46.12736368237859],[13.926626683267605,46.12718248845666],[13.925753175898222,46.12710521219846],[13.926728670756184,46.12736368237859]]]}},{"type":"Feature","properties":{"_zoneType":"SI_BUILT","name":"Pozidano zemljišče","authority":"MKGP","dataSource":"raba-3000"},"geometry":{"type":"Polygon","coordinates":[[[13.92636291754841,46.123740846275794],[13.926268417758667,46.123918920253175],[13.926646164922603,46.12381314994972],[13.92636291754841,46.123740846275794]]]}},{"type":"Feature","properties":{"_zoneType":"SI_BUILT","name":"Pozidano zemljišče","authority":"MKGP","dataSource":"raba-3000"},"geometry":{"type":"Polygon","coordinates":[[[13.925803002498329,46.101374322881284],[13.925699930884898,46.100992587266255],[13.925374092914831,46.10148641137042],[13.925803002498329,46.101374322881284]]]}},{"type":"Feature","properties":{"_zoneType":"SI_BUILT","name":"Pozidano zemljišče","authority":"MKGP","dataSource":"raba-3000"},"geometry":{"type":"Polygon","coordinates":[[[13.925579944013734,46.10628681498728],[13.925099365448666,46.10505267199688],[13.924164367781428,46.10861605733168],[13.925579944013734,46.10628681498728]]]}},{"type":"Feature","properties":{"_zoneType":"SI_BUILT","name":"Pozidano zemljišče","authority":"MKGP","dataSource":"raba-3000"},"geometry":{"type":"Polygon","coordinates":[[[13.925199566964233,46.09759425398856],[13.9252323865111,46.097765442082164],[13.925662671761762,46.09753507294605],[13.925199566964233,46.09759425398856]]]}},{"type":"Feature","properties":{"_zoneType":"SI_BUILT","name":"Pozidano zemljišče","authority":"MKGP","dataSource":"raba-3000"},"geometry":{"type":"Polygon","coordinates":[[[13.925991573721268,46.037243157803125],[13.926809045816974,46.035808056142045],[13.925132430268185,46.037140528134884],[13.925991573721268,46.037243157803125]]]}},{"type":"Feature","properties":{"_zoneType":"SI_BUILT","name":"Pozidano zemljišče","authority":"MKGP","dataSource":"raba-3000"},"geometry":{"type":"Polygon","coordinates":[[[13.9243066703091,46.128111355718985],[13.924220269438639,46.12828857090385],[13.924628917812834,46.12817549619249],[13.9243066703091,46.128111355718985]]]}},{"type":"Feature","properties":{"_zoneType":"SI_BUILT","name":"Pozidano zemljišče","authority":"MKGP","dataSource":"raba-3000"},"geometry":{"type":"Polygon","coordinates":[[[13.925049471047787,46.08218078651093],[13.92479043885026,46.08216212678582],[13.924302018667051,46.08307804823847],[13.925049471047787,46.08218078651093]]]}},{"type":"Feature","properties":{"_zoneType":"SI_BUILT","name":"Pozidano zemljišče","authority":"MKGP","dataSource":"raba-3000"},"geometry":{"type":"Polygon","coordinates":[[[13.923069128195339,46.14623833438935],[13.922827740022287,46.14611686530904],[13.92289498150216,46.14638619164386],[13.923069128195339,46.14623833438935]]]}},{"type":"Feature","properties":{"_zoneType":"SI_BUILT","name":"Pozidano zemljišče","authority":"MKGP","dataSource":"raba-3000"},"geometry":{"type":"Polygon","coordinates":[[[13.923245767096345,46.06939664286755],[13.923272165032412,46.070301988314604],[13.924381337059206,46.0713896268708],[13.923245767096345,46.06939664286755]]]}},{"type":"Feature","properties":{"_zoneType":"SI_BUILT","name":"Pozidano zemljišče","authority":"MKGP","dataSource":"raba-3000"},"geometry":{"type":"Polygon","coordinates":[[[13.921977556725015,46.17427151760804],[13.921543539067866,46.17402520601694],[13.921280636438938,46.17458634580691],[13.921977556725015,46.17427151760804]]]}},{"type":"Feature","properties":{"_zoneType":"SI_BUILT","name":"Pozidano zemljišče","authority":"MKGP","dataSource":"raba-3000"},"geometry":{"type":"Polygon","coordinates":[[[13.921075440337598,46.17731554746695],[13.92077478060621,46.17717476477505],[13.920953306900978,46.177426879903],[13.921075440337598,46.17731554746695]]]}},{"type":"Feature","properties":{"_zoneType":"SI_BUILT","name":"Pozidano zemljišče","authority":"MKGP","dataSource":"raba-3000"},"geometry":{"type":"Polygon","coordinates":[[[13.92,46.086610619032676],[13.92,46.08615648624526],[13.919462408826673,46.08670277422601],[13.92,46.086610619032676]]]}},{"type":"Feature","properties":{"_zoneType":"SI_BUILT","name":"Pozidano zemljišče","authority":"MKGP","dataSource":"raba-3000"},"geometry":{"type":"Polygon","coordinates":[[[13.92276556100622,46.086136539803206],[13.921648040580465,46.08448178471449],[13.92,46.08615648624526],[13.92,46.086610619032676],[13.92276556100622,46.086136539803206]]]}},{"type":"Feature","properties":{"_zoneType":"SI_BUILT","name":"Pozidano zemljišče","authority":"MKGP","dataSource":"raba-3000"},"geometry":{"type":"Polygon","coordinates":[[[13.922147476073464,46.10841960139708],[13.922180789858535,46.10808030363429],[13.921792636582952,46.108432268424416],[13.922147476073464,46.10841960139708]]]}},{"type":"Feature","properties":{"_zoneType":"SI_BUILT","name":"Pozidano zemljišče","authority":"MKGP","dataSource":"raba-3000"},"geometry":{"type":"Polygon","coordinates":[[[13.919715971307248,46.0830955829296],[13.92,46.0833775841052],[13.92,46.08306278615482],[13.919715971307248,46.0830955829296]]]}},{"type":"Feature","properties":{"_zoneType":"SI_BUILT","name":"Pozidano zemljišče","authority":"MKGP","dataSource":"raba-3000"},"geometry":{"type":"Polygon","coordinates":[[[13.922422892367917,46.08317640903104],[13.921228729972169,46.082920904784416],[13.92,46.08306278615482],[13.92,46.0833775841052],[13.920392237230391,46.08376702138005],[13.922422892367917,46.08317640903104]]]}},{"type":"Feature","properties":{"_zoneType":"SI_BUILT","name":"Pozidano zemljišče","authority":"MKGP","dataSource":"raba-3000"},"geometry":{"type":"Polygon","coordinates":[[[13.921015273637941,46.14636859267126],[13.920915307816086,46.145894826584986],[13.92011555634294,46.1458927229631],[13.921015273637941,46.14636859267126]]]}},{"type":"Feature","properties":{"_zoneType":"SI_BUILT","name":"Pozidano zemljišče","authority":"MKGP","dataSource":"raba-3000"},"geometry":{"type":"Polygon","coordinates":[[[13.92,46.17147736667786],[13.92,46.17025140950274],[13.919504003833541,46.16991614796245],[13.918448967959867,46.17118746755295],[13.91992581944201,46.171587864917676],[13.92,46.17147736667786]]]}},{"type":"Feature","properties":{"_zoneType":"SI_BUILT","name":"Pozidano zemljišče","authority":"MKGP","dataSource":"raba-3000"},"geometry":{"type":"Polygon","coordinates":[[[13.920566125827479,46.17063407418799],[13.92,46.17025140950274],[13.92,46.17147736667786],[13.920566125827479,46.17063407418799]]]}},{"type":"Feature","properties":{"_zoneType":"SI_BUILT","name":"Pozidano zemljišče","authority":"MKGP","dataSource":"raba-3000"},"geometry":{"type":"Polygon","coordinates":[[[13.840908259719928,46.14069163856778],[13.840722128464703,46.140517651356824],[13.840673323875842,46.14081329949038],[13.840908259719928,46.14069163856778]]]}},{"type":"Feature","properties":{"_zoneType":"SI_BUILT","name":"Pozidano zemljišče","authority":"MKGP","dataSource":"raba-3000"},"geometry":{"type":"Polygon","coordinates":[[[13.884295863217837,46.145490355992855],[13.884275554754089,46.14587198587793],[13.884637852200576,46.1455011232614],[13.884295863217837,46.145490355992855]]]}},{"type":"Feature","properties":{"_zoneType":"SI_BUILT","name":"Pozidano zemljišče","authority":"MKGP","dataSource":"raba-3000"},"geometry":{"type":"Polygon","coordinates":[[[13.893168223767244,46.13957873102058],[13.891961404400544,46.13945703935673],[13.88930269132879,46.14039503728552],[13.891006193614938,46.140633081142504],[13.893168223767244,46.13957873102058]]]}},{"type":"Feature","properties":{"_zoneType":"SI_BUILT","name":"Pozidano zemljišče","authority":"MKGP","dataSource":"raba-3000"},"geometry":{"type":"Polygon","coordinates":[[[13.899388608620903,46.12831008406166],[13.899936292958367,46.12850558603753],[13.899942789614292,46.12802304503639],[13.899388608620903,46.12831008406166]]]}},{"type":"Feature","properties":{"_zoneType":"SI_BUILT","name":"Pozidano zemljišče","authority":"MKGP","dataSource":"raba-3000"},"geometry":{"type":"Polygon","coordinates":[[[13.915008940695374,46.13336476645248],[13.91490073347007,46.13352134152877],[13.915274456211977,46.1334436400911],[13.915008940695374,46.13336476645248]]]}},{"type":"Feature","properties":{"_zoneType":"SI_BUILT","name":"Pozidano zemljišče","authority":"MKGP","dataSource":"raba-3000"},"geometry":{"type":"Polygon","coordinates":[[[13.910746850798722,46.14130426325065],[13.909501428799693,46.14193346101081],[13.909601090452641,46.14215727534108],[13.912252682111667,46.14050270527163],[13.914120438291889,46.14062447735224],[13.911034514481862,46.13984120177932],[13.910746850798722,46.14130426325065]]]}},{"type":"Feature","properties":{"_zoneType":"SI_BUILT","name":"Pozidano zemljišče","authority":"MKGP","dataSource":"raba-3000"},"geometry":{"type":"Polygon","coordinates":[[[13.893446517679935,46.15264497090554],[13.891878940432079,46.15305253679269],[13.892995314964875,46.15300258211105],[13.893446517679935,46.15264497090554]]]}},{"type":"Feature","properties":{"_zoneType":"SI_BUILT","name":"Pozidano zemljišče","authority":"MKGP","dataSource":"raba-3000"},"geometry":{"type":"Polygon","coordinates":[[[13.910450235715777,46.14288106076439],[13.909813550040738,46.14259323650496],[13.909385770358007,46.14258600003539],[13.910450235715777,46.14288106076439]]]}},{"type":"Feature","properties":{"_zoneType":"SI_BUILT","name":"Pozidano zemljišče","authority":"MKGP","dataSource":"raba-3000"},"geometry":{"type":"Polygon","coordinates":[[[13.92203590378355,46.077333078657965],[13.92178793110263,46.07724702531864],[13.921926576556249,46.077484834801936],[13.92203590378355,46.077333078657965]]]}},{"type":"Feature","properties":{"_zoneType":"SI_BUILT","name":"Pozidano zemljišče","authority":"MKGP","dataSource":"raba-3000"},"geometry":{"type":"Polygon","coordinates":[[[13.921453371548159,46.08758490482035],[13.92127742433999,46.087103692762945],[13.920811584169142,46.08735362307565],[13.921453371548159,46.08758490482035]]]}},{"type":"Feature","properties":{"_zoneType":"SI_BUILT","name":"Pozidano zemljišče","authority":"MKGP","dataSource":"raba-3000"},"geometry":{"type":"Polygon","coordinates":[[[13.921189696713405,46.03569626154978],[13.92131552416938,46.03617379004511],[13.922318105549751,46.036602119940945],[13.921189696713405,46.03569626154978]]]}},{"type":"Feature","properties":{"_zoneType":"SI_BUILT","name":"Pozidano zemljišče","authority":"MKGP","dataSource":"raba-3000"},"geometry":{"type":"Polygon","coordinates":[[[13.921347640918837,46.07161445703646],[13.921173807025575,46.071699192569305],[13.921623029746023,46.07242213945952],[13.921347640918837,46.07161445703646]]]}},{"type":"Feature","properties":{"_zoneType":"SI_BUILT","name":"Pozidano zemljišče","authority":"MKGP","dataSource":"raba-3000"},"geometry":{"type":"Polygon","coordinates":[[[13.914403937154955,46.12746854991378],[13.914636699222498,46.12758446619555],[13.914559006878083,46.127314567468964],[13.914403937154955,46.12746854991378]]]}},{"type":"Feature","properties":{"_zoneType":"SI_BUILT","name":"Pozidano zemljišče","authority":"MKGP","dataSource":"raba-3000"},"geometry":{"type":"Polygon","coordinates":[[[13.911159203023965,46.1219913128905],[13.91096831846293,46.12185488965524],[13.910963014635367,46.122124048330456],[13.911159203023965,46.1219913128905]]]}},{"type":"Feature","properties":{"_zoneType":"SI_BUILT","name":"Pozidano zemljišče","authority":"MKGP","dataSource":"raba-3000"},"geometry":{"type":"Polygon","coordinates":[[[13.91891079187801,46.08021664835622],[13.918294079957164,46.080158682359325],[13.917867146022505,46.08067413661416],[13.91891079187801,46.08021664835622]]]}},{"type":"Feature","properties":{"_zoneType":"SI_BUILT","name":"Pozidano zemljišče","authority":"MKGP","dataSource":"raba-3000"},"geometry":{"type":"Polygon","coordinates":[[[13.91830361684098,46.08346682711602],[13.916100531782044,46.08186784437804],[13.917290386626188,46.08307607967352],[13.91830361684098,46.08346682711602]]]}},{"type":"Feature","properties":{"_zoneType":"SI_BUILT","name":"Pozidano zemljišče","authority":"MKGP","dataSource":"raba-3000"},"geometry":{"type":"Polygon","coordinates":[[[13.917894231589793,46.077248497373816],[13.91765691246857,46.07712556753685],[13.917735989467442,46.07738364337173],[13.917894231589793,46.077248497373816]]]}},{"type":"Feature","properties":{"_zoneType":"SI_BUILT","name":"Pozidano zemljišče","authority":"MKGP","dataSource":"raba-3000"},"geometry":{"type":"Polygon","coordinates":[[[13.914627032244592,46.18096712585138],[13.914615186331773,46.18114734186429],[13.914932324682646,46.180977797305026],[13.914627032244592,46.18096712585138]]]}},{"type":"Feature","properties":{"_zoneType":"SI_BUILT","name":"Pozidano zemljišče","authority":"MKGP","dataSource":"raba-3000"},"geometry":{"type":"Polygon","coordinates":[[[13.915640123711857,46.03964598871821],[13.914935819251788,46.04],[13.915863009966884,46.04],[13.916386730051293,46.03709094049201],[13.914218183980623,46.0346449266774],[13.912074015564109,46.03487612722276],[13.914594357433288,46.03528317663204],[13.915640123711857,46.03964598871821]]]}},{"type":"Feature","properties":{"_zoneType":"SI_BUILT","name":"Pozidano zemljišče","authority":"MKGP","dataSource":"raba-3000"},"geometry":{"type":"Polygon","coordinates":[[[13.912284183281532,46.04133281712935],[13.912109244980524,46.04249065897578],[13.916128163593251,46.044670748180245],[13.916793777591948,46.04392912963234],[13.91446085738688,46.043118883148345],[13.913844106298818,46.041972060390535],[13.915485363991817,46.042097675164904],[13.915863009966884,46.04],[13.914935819251788,46.04],[13.912284183281532,46.04133281712935]]]}},{"type":"Feature","properties":{"_zoneType":"SI_BUILT","name":"Pozidano zemljišče","authority":"MKGP","dataSource":"raba-3000"},"geometry":{"type":"Polygon","coordinates":[[[13.914726632311789,46.06282093203563],[13.914474436633677,46.06272158939408],[13.914610454348344,46.06296192170735],[13.914726632311789,46.06282093203563]]]}},{"type":"Feature","properties":{"_zoneType":"SI_BUILT","name":"Pozidano zemljišče","authority":"MKGP","dataSource":"raba-3000"},"geometry":{"type":"Polygon","coordinates":[[[13.911717572330415,46.1796517403834],[13.911459693371086,46.17956223192698],[13.911601022304684,46.179802002358095],[13.911717572330415,46.1796517403834]]]}},{"type":"Feature","properties":{"_zoneType":"SI_BUILT","name":"Pozidano zemljišče","authority":"MKGP","dataSource":"raba-3000"},"geometry":{"type":"Polygon","coordinates":[[[13.912753284525023,46.06522499957248],[13.912555211882488,46.065079736993226],[13.912516492977156,46.065362223094596],[13.912753284525023,46.06522499957248]]]}},{"type":"Feature","properties":{"_zoneType":"SI_BUILT","name":"Pozidano zemljišče","authority":"MKGP","dataSource":"raba-3000"},"geometry":{"type":"Polygon","coordinates":[[[13.910440911707997,46.087847350091316],[13.911937264119315,46.08642977912939],[13.910345566099739,46.08555347711427],[13.911393410476043,46.08620965265592],[13.910440911707997,46.087847350091316]]]}},{"type":"Feature","properties":{"_zoneType":"SI_BUILT","name":"Pozidano zemljišče","authority":"MKGP","dataSource":"raba-3000"},"geometry":{"type":"Polygon","coordinates":[[[13.908555345405567,46.173349705835406],[13.9082425426394,46.1733353842303],[13.908521537294924,46.1735626060881],[13.908555345405567,46.173349705835406]]]}},{"type":"Feature","properties":{"_zoneType":"SI_BUILT","name":"Pozidano zemljišče","authority":"MKGP","dataSource":"raba-3000"},"geometry":{"type":"Polygon","coordinates":[[[13.91065133340033,46.03537958339775],[13.910215166020716,46.03599463000953],[13.910779149277923,46.03549209695509],[13.91065133340033,46.03537958339775]]]}},{"type":"Feature","properties":{"_zoneType":"SI_BUILT","name":"Pozidano zemljišče","authority":"MKGP","dataSource":"raba-3000"},"geometry":{"type":"Polygon","coordinates":[[[13.909395894278036,46.07200946781194],[13.906927194321977,46.07364530758722],[13.903928450526443,46.073644581280355],[13.908395609768574,46.074035964971536],[13.909395894278036,46.07200946781194]]]}},{"type":"Feature","properties":{"_zoneType":"SI_BUILT","name":"Pozidano zemljišče","authority":"MKGP","dataSource":"raba-3000"},"geometry":{"type":"Polygon","coordinates":[[[13.908085463039225,46.09442514800271],[13.90825133601597,46.09465136068476],[13.908398675579008,46.094328698382334],[13.908085463039225,46.09442514800271]]]}},{"type":"Feature","properties":{"_zoneType":"SI_BUILT","name":"Pozidano zemljišče","authority":"MKGP","dataSource":"raba-3000"},"geometry":{"type":"Polygon","coordinates":[[[13.90674425842297,46.17750705109627],[13.906421526972196,46.17745048318189],[13.906741393921385,46.177845274974764],[13.90674425842297,46.17750705109627]]]}},{"type":"Feature","properties":{"_zoneType":"SI_BUILT","name":"Pozidano zemljišče","authority":"MKGP","dataSource":"raba-3000"},"geometry":{"type":"Polygon","coordinates":[[[13.908367374139033,46.04922795989901],[13.907276113678313,46.04944908991051],[13.905036180862611,46.05102694214302],[13.906913077916064,46.05083709920113],[13.908367374139033,46.04922795989901]]]}},{"type":"Feature","properties":{"_zoneType":"SI_BUILT","name":"Pozidano zemljišče","authority":"MKGP","dataSource":"raba-3000"},"geometry":{"type":"Polygon","coordinates":[[[13.906531750611505,46.08263684839921],[13.903113585032141,46.08519582996264],[13.901719697998933,46.08707732338705],[13.90626552034546,46.083563411709946],[13.906531750611505,46.08263684839921]]]}},{"type":"Feature","properties":{"_zoneType":"SI_BUILT","name":"Pozidano zemljišče","authority":"MKGP","dataSource":"raba-3000"},"geometry":{"type":"Polygon","coordinates":[[[13.90536112929361,46.140218304654304],[13.905110023007285,46.14009124527253],[13.90519247306006,46.1403542557851],[13.90536112929361,46.140218304654304]]]}},{"type":"Feature","properties":{"_zoneType":"SI_BUILT","name":"Pozidano zemljišče","authority":"MKGP","dataSource":"raba-3000"},"geometry":{"type":"Polygon","coordinates":[[[13.906296780284203,46.07958494823163],[13.906112826070615,46.08],[13.906499665170214,46.08],[13.906296780284203,46.07958494823163]]]}},{"type":"Feature","properties":{"_zoneType":"SI_BUILT","name":"Pozidano zemljišče","authority":"MKGP","dataSource":"raba-3000"},"geometry":{"type":"Polygon","coordinates":[[[13.906507555550986,46.08001614174696],[13.906499665170214,46.08],[13.906112826070615,46.08],[13.90609209648805,46.08004677169244],[13.906507555550986,46.08001614174696]]]}},{"type":"Feature","properties":{"_zoneType":"SI_BUILT","name":"Pozidano zemljišče","authority":"MKGP","dataSource":"raba-3000"},"geometry":{"type":"Polygon","coordinates":[[[13.905393844030739,46.0882419817275],[13.904854485036125,46.08767141010697],[13.904216112638583,46.088021482356076],[13.905393844030739,46.0882419817275]]]}},{"type":"Feature","properties":{"_zoneType":"SI_BUILT","name":"Pozidano zemljišče","authority":"MKGP","dataSource":"raba-3000"},"geometry":{"type":"Polygon","coordinates":[[[13.904790819086044,46.07540423056619],[13.905193429635588,46.07550363817527],[13.904878938981067,46.0752770805769],[13.904790819086044,46.07540423056619]]]}},{"type":"Feature","properties":{"_zoneType":"SI_BUILT","name":"Pozidano zemljišče","authority":"MKGP","dataSource":"raba-3000"},"geometry":{"type":"Polygon","coordinates":[[[13.902902358122473,46.13215270893604],[13.904081205890636,46.13096514838828],[13.901735428828383,46.13246265413396],[13.902902358122473,46.13215270893604]]]}},{"type":"Feature","properties":{"_zoneType":"SI_BUILT","name":"Pozidano zemljišče","authority":"MKGP","dataSource":"raba-3000"},"geometry":{"type":"Polygon","coordinates":[[[13.901722942715754,46.12],[13.90180755928318,46.12],[13.90234898272783,46.11974106778039],[13.901706262029702,46.11992195327324],[13.901722942715754,46.12]]]}},{"type":"Feature","properties":{"_zoneType":"SI_BUILT","name":"Pozidano zemljišče","authority":"MKGP","dataSource":"raba-3000"},"geometry":{"type":"Polygon","coordinates":[[[13.901730789612355,46.12003671459273],[13.90180755928318,46.12],[13.901722942715754,46.12],[13.901730789612355,46.12003671459273]]]}},{"type":"Feature","properties":{"_zoneType":"SI_BUILT","name":"Pozidano zemljišče","authority":"MKGP","dataSource":"raba-3000"},"geometry":{"type":"Polygon","coordinates":[[[13.902138524827933,46.1233973121777],[13.901892852522925,46.12328023077814],[13.901979536766133,46.12354033652228],[13.902138524827933,46.1233973121777]]]}},{"type":"Feature","properties":{"_zoneType":"SI_BUILT","name":"Pozidano zemljišče","authority":"MKGP","dataSource":"raba-3000"},"geometry":{"type":"Polygon","coordinates":[[[13.902667894203644,46.08428812432521],[13.901571877797489,46.08428439502984],[13.902199888883436,46.084552487711136],[13.902667894203644,46.08428812432521]]]}},{"type":"Feature","properties":{"_zoneType":"SI_BUILT","name":"Pozidano zemljišče","authority":"MKGP","dataSource":"raba-3000"},"geometry":{"type":"Polygon","coordinates":[[[13.90171074521231,46.11104186504076],[13.901482409028512,46.11093144537039],[13.901541825864934,46.11120936473354],[13.90171074521231,46.11104186504076]]]}},{"type":"Feature","properties":{"_zoneType":"SI_BUILT","name":"Pozidano zemljišče","authority":"MKGP","dataSource":"raba-3000"},"geometry":{"type":"Polygon","coordinates":[[[13.902209949827023,46.06892964115278],[13.902012702876137,46.06877602823417],[13.901961725178651,46.06905848999098],[13.902209949827023,46.06892964115278]]]}},{"type":"Feature","properties":{"_zoneType":"SI_BUILT","name":"Pozidano zemljišče","authority":"MKGP","dataSource":"raba-3000"},"geometry":{"type":"Polygon","coordinates":[[[13.900153726825577,46.12921154434885],[13.90043216201259,46.12931200752214],[13.900265315260098,46.129066006892764],[13.900153726825577,46.12921154434885]]]}},{"type":"Feature","properties":{"_zoneType":"SI_BUILT","name":"Pozidano zemljišče","authority":"MKGP","dataSource":"raba-3000"},"geometry":{"type":"Polygon","coordinates":[[[13.90080774617399,46.05748806431462],[13.901557497956064,46.05728731389026],[13.9008080411035,46.0572719307131],[13.90080774617399,46.05748806431462]]]}},{"type":"Feature","properties":{"_zoneType":"SI_BUILT","name":"Pozidano zemljišče","authority":"MKGP","dataSource":"raba-3000"},"geometry":{"type":"Polygon","coordinates":[[[13.900611273359821,46.08501142333949],[13.899495356743104,46.084684440903864],[13.897594705734873,46.08508763652321],[13.900175053025047,46.08553531838262],[13.900611273359821,46.08501142333949]]]}},{"type":"Feature","properties":{"_zoneType":"SI_BUILT","name":"Pozidano zemljišče","authority":"MKGP","dataSource":"raba-3000"},"geometry":{"type":"Polygon","coordinates":[[[13.879366777478493,46.0542288904501],[13.88,46.05358010367073],[13.88,46.0531324838026],[13.879366777478493,46.0542288904501]]]}},{"type":"Feature","properties":{"_zoneType":"SI_BUILT","name":"Pozidano zemljišče","authority":"MKGP","dataSource":"raba-3000"},"geometry":{"type":"Polygon","coordinates":[[[13.87994367797781,46.04882549561773],[13.88,46.04881043577634],[13.88,46.04878561714592],[13.87943238056479,46.049007134154635],[13.88,46.05056146372782],[13.88,46.04901398039591],[13.87994367797781,46.04882549561773]]]}},{"type":"Feature","properties":{"_zoneType":"SI_BUILT","name":"Pozidano zemljišče","authority":"MKGP","dataSource":"raba-3000"},"geometry":{"type":"Polygon","coordinates":[[[13.900021521626782,46.039672259596045],[13.897833769667093,46.039505941256174],[13.899937338305001,46.03806691602742],[13.899197650179588,46.037234819761316],[13.899613752220713,46.03450523722765],[13.89534728063047,46.03874763406547],[13.897390177684963,46.03922263149495],[13.897695187166342,46.04],[13.899464060580863,46.04],[13.900021521626782,46.039672259596045]],[[13.898040809432269,46.03713648623442],[13.898809368289402,46.037434730728656],[13.897874771818115,46.03800886471985],[13.898040809432269,46.03713648623442]]]}},{"type":"Feature","properties":{"_zoneType":"SI_BUILT","name":"Pozidano zemljišče","authority":"MKGP","dataSource":"raba-3000"},"geometry":{"type":"Polygon","coordinates":[[[13.88,46.0531324838026],[13.88,46.05358010367073],[13.88104460814848,46.052509819634196],[13.88,46.04901398039591],[13.88,46.05056146372782],[13.880575197784214,46.0521365453247],[13.88,46.0531324838026]]]}},{"type":"Feature","properties":{"_zoneType":"SI_BUILT","name":"Pozidano zemljišče","authority":"MKGP","dataSource":"raba-3000"},"geometry":{"type":"Polygon","coordinates":[[[13.882392134611242,46.0481708073252],[13.885400089842912,46.04926804700703],[13.885894466602144,46.04996942337861],[13.8848509675161,46.050109608674326],[13.88498093560898,46.05102465162377],[13.887061652104931,46.04937341423255],[13.890984132968061,46.04902922594302],[13.895232012529998,46.04633646955524],[13.896304460151812,46.046636452261446],[13.89708882074647,46.04583474290161],[13.89485505611455,46.04592297525226],[13.894732322732663,46.043948120148585],[13.895862136764014,46.041740658640194],[13.897967641152444,46.04096685073842],[13.898799233081652,46.041883232042906],[13.898593510527046,46.04051181051732],[13.899464060580863,46.04],[13.897695187166342,46.04],[13.897874516674872,46.04045705173271],[13.895562436378192,46.041619746131296],[13.893762091582083,46.04395040689471],[13.894435270538214,46.0468133197014],[13.89095403000531,46.04863084288671],[13.886448824237357,46.04939693365542],[13.882255046411695,46.04790557128305],[13.88,46.04878561714592],[13.88,46.04881043577634],[13.882392134611242,46.0481708073252]]]}},{"type":"Feature","properties":{"_zoneType":"SI_BUILT","name":"Pozidano zemljišče","authority":"MKGP","dataSource":"raba-3000"},"geometry":{"type":"Polygon","coordinates":[[[13.900763068528745,46.055483671702824],[13.900008456096302,46.05506266107605],[13.898444543436383,46.05672795497477],[13.900763068528745,46.055483671702824]]]}},{"type":"Feature","properties":{"_zoneType":"SI_BUILT","name":"Pozidano zemljišče","authority":"MKGP","dataSource":"raba-3000"},"geometry":{"type":"Polygon","coordinates":[[[13.899820175191884,46.10268885363854],[13.89963058426615,46.10254734233174],[13.899612894686523,46.102813107245964],[13.899820175191884,46.10268885363854]]]}},{"type":"Feature","properties":{"_zoneType":"SI_BUILT","name":"Pozidano zemljišče","authority":"MKGP","dataSource":"raba-3000"},"geometry":{"type":"Polygon","coordinates":[[[13.882770507510042,46.109380489220264],[13.882839843635832,46.10952336639653],[13.8830553327937,46.109315541393215],[13.882770507510042,46.109380489220264]]]}},{"type":"Feature","properties":{"_zoneType":"SI_BUILT","name":"Pozidano zemljišče","authority":"MKGP","dataSource":"raba-3000"},"geometry":{"type":"Polygon","coordinates":[[[13.842827913435892,46.10593904391455],[13.842442519236716,46.105965672048846],[13.842979142584058,46.106626957086945],[13.842827913435892,46.10593904391455]]]}},{"type":"Feature","properties":{"_zoneType":"SI_BUILT","name":"Pozidano zemljišče","authority":"MKGP","dataSource":"raba-3000"},"geometry":{"type":"Polygon","coordinates":[[[13.821814707846867,46.1103975474036],[13.82161171188588,46.11027087477711],[13.82160469841127,46.11053925362523],[13.821814707846867,46.1103975474036]]]}},{"type":"Feature","properties":{"_zoneType":"SI_BUILT","name":"Pozidano zemljišče","authority":"MKGP","dataSource":"raba-3000"},"geometry":{"type":"Polygon","coordinates":[[[13.900163800026133,46.08146613014051],[13.899340259613291,46.08104366958444],[13.899187257266664,46.081824685294414],[13.900163800026133,46.08146613014051]]]}},{"type":"Feature","properties":{"_zoneType":"SI_BUILT","name":"Pozidano zemljišče","authority":"MKGP","dataSource":"raba-3000"},"geometry":{"type":"Polygon","coordinates":[[[13.8982563548365,46.14556060658355],[13.898164367782694,46.144887056668615],[13.897969280014365,46.145631346160116],[13.8982563548365,46.14556060658355]]]}},{"type":"Feature","properties":{"_zoneType":"SI_BUILT","name":"Pozidano zemljišče","authority":"MKGP","dataSource":"raba-3000"},"geometry":{"type":"Polygon","coordinates":[[[13.898831668935856,46.11593765732994],[13.898573788036646,46.11590171434581],[13.897040664697158,46.117229070058634],[13.897969565187292,46.11722405113558],[13.898831668935856,46.11593765732994]]]}},{"type":"Feature","properties":{"_zoneType":"SI_BUILT","name":"Pozidano zemljišče","authority":"MKGP","dataSource":"raba-3000"},"geometry":{"type":"Polygon","coordinates":[[[13.898796346537784,46.07940917830188],[13.89855091235679,46.07929506424756],[13.898646709776955,46.07954647086825],[13.898796346537784,46.07940917830188]]]}},{"type":"Feature","properties":{"_zoneType":"SI_BUILT","name":"Pozidano zemljišče","authority":"MKGP","dataSource":"raba-3000"},"geometry":{"type":"Polygon","coordinates":[[[13.895211583911776,46.08781112068394],[13.89481284875834,46.0869333796229],[13.894840356244364,46.087873884121244],[13.895211583911776,46.08781112068394]]]}},{"type":"Feature","properties":{"_zoneType":"SI_BUILT","name":"Pozidano zemljišče","authority":"MKGP","dataSource":"raba-3000"},"geometry":{"type":"Polygon","coordinates":[[[13.89392186841065,46.141489955273514],[13.892564249795697,46.1406628399977],[13.890258139417922,46.141600601251724],[13.89392186841065,46.141489955273514]]]}},{"type":"Feature","properties":{"_zoneType":"SI_BUILT","name":"Pozidano zemljišče","authority":"MKGP","dataSource":"raba-3000"},"geometry":{"type":"Polygon","coordinates":[[[13.895046933262147,46.06916213985434],[13.89476298050978,46.069262742031924],[13.895175225109407,46.069921412731524],[13.895046933262147,46.06916213985434]]]}},{"type":"Feature","properties":{"_zoneType":"SI_BUILT","name":"Pozidano zemljišče","authority":"MKGP","dataSource":"raba-3000"},"geometry":{"type":"Polygon","coordinates":[[[13.892434084241005,46.16157311111042],[13.892248906117013,46.161729198019934],[13.89272508462733,46.161740569983934],[13.892434084241005,46.16157311111042]]]}},{"type":"Feature","properties":{"_zoneType":"SI_BUILT","name":"Pozidano zemljišče","authority":"MKGP","dataSource":"raba-3000"},"geometry":{"type":"Polygon","coordinates":[[[13.89491374104447,46.037454549821916],[13.894592053453373,46.03729587793911],[13.894535631715247,46.03786152206724],[13.89491374104447,46.037454549821916]]]}},{"type":"Feature","properties":{"_zoneType":"SI_BUILT","name":"Pozidano zemljišče","authority":"MKGP","dataSource":"raba-3000"},"geometry":{"type":"Polygon","coordinates":[[[13.891240878362002,46.15983866302436],[13.89137231494877,46.160000000000004],[13.89141730619665,46.160000000000004],[13.891569487567041,46.15972742317367],[13.891240878362002,46.15983866302436]]]}},{"type":"Feature","properties":{"_zoneType":"SI_BUILT","name":"Pozidano zemljišče","authority":"MKGP","dataSource":"raba-3000"},"geometry":{"type":"Polygon","coordinates":[[[13.891399010996398,46.16003276910708],[13.89141730619665,46.160000000000004],[13.89137231494877,46.160000000000004],[13.891399010996398,46.16003276910708]]]}},{"type":"Feature","properties":{"_zoneType":"SI_BUILT","name":"Pozidano zemljišče","authority":"MKGP","dataSource":"raba-3000"},"geometry":{"type":"Polygon","coordinates":[[[13.84,46.03501834502809],[13.84,46.0346674991154],[13.83954169334968,46.03481749477953],[13.84,46.03501834502809]]]}},{"type":"Feature","properties":{"_zoneType":"SI_BUILT","name":"Pozidano zemljišče","authority":"MKGP","dataSource":"raba-3000"},"geometry":{"type":"Polygon","coordinates":[[[13.839273416909771,46.03766195362292],[13.84,46.037417933421075],[13.84,46.03712307822721],[13.839273416909771,46.03766195362292]]]}},{"type":"Feature","properties":{"_zoneType":"SI_BUILT","name":"Pozidano zemljišče","authority":"MKGP","dataSource":"raba-3000"},"geometry":{"type":"Polygon","coordinates":[[[13.83853736738185,46.042990493929075],[13.839044086205337,46.04497936786631],[13.84,46.04527395930092],[13.84,46.04336658499471],[13.83926889764206,46.043517244118675],[13.839229695608616,46.043188715047314],[13.84,46.0432997507554],[13.84,46.04118238336025],[13.83853736738185,46.042990493929075]]]}},{"type":"Feature","properties":{"_zoneType":"SI_BUILT","name":"Pozidano zemljišče","authority":"MKGP","dataSource":"raba-3000"},"geometry":{"type":"Polygon","coordinates":[[[13.837901934511269,46.0482348794029],[13.839068032758625,46.04961096931954],[13.84,46.04986514911461],[13.84,46.04949061491138],[13.839809317982013,46.04962307958935],[13.84,46.04720097699442],[13.84,46.04632412455234],[13.837901934511269,46.0482348794029]]]}},{"type":"Feature","properties":{"_zoneType":"SI_BUILT","name":"Pozidano zemljišče","authority":"MKGP","dataSource":"raba-3000"},"geometry":{"type":"Polygon","coordinates":[[[13.839667048494084,46.06325178341168],[13.837804102251525,46.06170161923877],[13.838897501768482,46.06387475882882],[13.84,46.06342978631986],[13.84,46.06283520745826],[13.839667048494084,46.06325178341168]]]}},{"type":"Feature","properties":{"_zoneType":"SI_BUILT","name":"Pozidano zemljišče","authority":"MKGP","dataSource":"raba-3000"},"geometry":{"type":"Polygon","coordinates":[[[13.840824843603336,46.03537982798418],[13.841985536181973,46.034492673409325],[13.842455524226455,46.0353019216286],[13.84,46.03712307822721],[13.84,46.037417933421075],[13.841358365452043,46.03696173148596],[13.842221382917847,46.03843630353042],[13.840956463890917,46.04],[13.841768283834885,46.04],[13.843532712212607,46.03852968960953],[13.842204553051117,46.037057439727384],[13.8463732600112,46.03398019112586],[13.843614397053749,46.03566497625236],[13.842228129488321,46.03393827172553],[13.84,46.0346674991154],[13.84,46.03501834502809],[13.840824843603336,46.03537982798418]]]}},{"type":"Feature","properties":{"_zoneType":"SI_BUILT","name":"Pozidano zemljišče","authority":"MKGP","dataSource":"raba-3000"},"geometry":{"type":"Polygon","coordinates":[[[13.878144173472679,46.03996192043951],[13.878193116262123,46.04],[13.88,46.04],[13.88,46.03933822978313],[13.878073633866943,46.039609093323634],[13.87690665979794,46.04],[13.877994386296187,46.04],[13.878144173472679,46.03996192043951]]]}},{"type":"Feature","properties":{"_zoneType":"SI_BUILT","name":"Pozidano zemljišče","authority":"MKGP","dataSource":"raba-3000"},"geometry":{"type":"Polygon","coordinates":[[[13.871268008368043,46.03982165798191],[13.871546491106082,46.04],[13.871729589711501,46.04],[13.871268008368043,46.03982165798191]]]}},{"type":"Feature","properties":{"_zoneType":"SI_BUILT","name":"Pozidano zemljišče","authority":"MKGP","dataSource":"raba-3000"},"geometry":{"type":"Polygon","coordinates":[[[13.857438873266718,46.039005636137304],[13.860571511555403,46.03412263717078],[13.856387299091772,46.03949649454487],[13.858189895831227,46.04],[13.859589133529504,46.04],[13.857438873266718,46.039005636137304]]]}},{"type":"Feature","properties":{"_zoneType":"SI_BUILT","name":"Pozidano zemljišče","authority":"MKGP","dataSource":"raba-3000"},"geometry":{"type":"Polygon","coordinates":[[[13.84,46.04118238336025],[13.84,46.0432997507554],[13.84019083697032,46.043327258995475],[13.84,46.04336658499471],[13.84,46.04527395930092],[13.84086156798419,46.04553947544882],[13.84,46.04632412455234],[13.84,46.04720097699442],[13.840018439477198,46.046966752991324],[13.84468759649922,46.04281515565043],[13.841559380858481,46.04516197141545],[13.840777723757206,46.043239438957194],[13.84440971247391,46.04117818807612],[13.848451193944559,46.04081270021246],[13.845910370400063,46.04050665000857],[13.84008551756251,46.0429117594498],[13.840504222538026,46.04105335103562],[13.841768283834885,46.04],[13.840956463890917,46.04],[13.84,46.04118238336025]]]}},{"type":"Feature","properties":{"_zoneType":"SI_BUILT","name":"Pozidano zemljišče","authority":"MKGP","dataSource":"raba-3000"},"geometry":{"type":"Polygon","coordinates":[[[13.840179118484022,46.049914000938514],[13.84619928025054,46.04553240056039],[13.853058920335407,46.0430942694841],[13.85614410603349,46.042756163905636],[13.859363325010044,46.044322695733754],[13.855215234537301,46.047942699854154],[13.854979927351373,46.04914895128462],[13.85260679279613,46.05011741991426],[13.845015862821151,46.060171314561934],[13.842022361447228,46.06030490760053],[13.84,46.06283520745826],[13.84,46.06342978631986],[13.840432392810806,46.06325527092529],[13.842265989378634,46.060484430897404],[13.843822630089335,46.06046626011918],[13.844745184009524,46.06172538212887],[13.853127310349802,46.05005434944817],[13.8597959159483,46.047151036795945],[13.863178814323824,46.04750552944553],[13.863018138116868,46.04663680688114],[13.864959621641434,46.045363196822926],[13.867542801860637,46.04558962571589],[13.868371304726296,46.04482013709608],[13.869591032061104,46.04580261140041],[13.869514961211022,46.04322024217103],[13.87560282257254,46.04060799393922],[13.877994386296187,46.04],[13.87690665979794,46.04],[13.8741336870678,46.04092887544152],[13.871729589711501,46.04],[13.871546491106082,46.04],[13.873262159798825,46.04109872453564],[13.865186683101484,46.04510733681427],[13.863033910635913,46.04292129987469],[13.860047860571896,46.04392117793809],[13.858716944064447,46.04330648458811],[13.861162416129677,46.0407275469814],[13.859589133529504,46.04],[13.858189895831227,46.04],[13.860448583760274,46.04063090189215],[13.8588971030379,46.04236410379984],[13.857227988588294,46.04316505929692],[13.856302221196671,46.04251347047132],[13.853105266646299,46.042356698170636],[13.846050641217424,46.04528730172609],[13.84,46.04949061491138],[13.84,46.04986514911461],[13.840179118484022,46.049914000938514]],[[13.863179794183225,46.04342897239983],[13.862678796397566,46.04628931535608],[13.856514165208475,46.04791325153123],[13.860014176996089,46.04427437413847],[13.863179794183225,46.04342897239983]]]}},{"type":"Feature","properties":{"_zoneType":"SI_BUILT","name":"Pozidano zemljišče","authority":"MKGP","dataSource":"raba-3000"},"geometry":{"type":"Polygon","coordinates":[[[13.879878680396853,46.04131144019695],[13.87998313379502,46.04040430874899],[13.88,46.04040356700427],[13.88,46.04],[13.878193116262123,46.04],[13.879878680396853,46.04131144019695]]]}},{"type":"Feature","properties":{"_zoneType":"SI_BUILT","name":"Pozidano zemljišče","authority":"MKGP","dataSource":"raba-3000"},"geometry":{"type":"Polygon","coordinates":[[[13.881253594385576,46.03945939076626],[13.883032474736183,46.039674681746185],[13.889613286844595,46.038382977745854],[13.893240313668402,46.034443691015625],[13.888286227025798,46.03847978356725],[13.884857256124068,46.038307770526124],[13.883081076592617,46.03942043397128],[13.881621477060243,46.03911023625176],[13.88,46.03933822978313],[13.88,46.04],[13.881419903648478,46.04],[13.881253594385576,46.03945939076626]]]}},{"type":"Feature","properties":{"_zoneType":"SI_BUILT","name":"Pozidano zemljišče","authority":"MKGP","dataSource":"raba-3000"},"geometry":{"type":"Polygon","coordinates":[[[13.88152344332122,46.040336568764516],[13.881419903648478,46.04],[13.88,46.04],[13.88,46.04040356700427],[13.88152344332122,46.040336568764516]]]}},{"type":"Feature","properties":{"_zoneType":"SI_BUILT","name":"Pozidano zemljišče","authority":"MKGP","dataSource":"raba-3000"},"geometry":{"type":"Polygon","coordinates":[[[13.885932112745566,46.03501058545426],[13.885242988707105,46.037110242739075],[13.886699690430639,46.035460912924265],[13.88531206211303,46.03436991885123],[13.883992391257564,46.03520674508616],[13.885932112745566,46.03501058545426]]]}},{"type":"Feature","properties":{"_zoneType":"SI_BUILT","name":"Pozidano zemljišče","authority":"MKGP","dataSource":"raba-3000"},"geometry":{"type":"Polygon","coordinates":[[[13.862139975674053,46.03449658695839],[13.863471798759141,46.03415151769657],[13.862758785947571,46.0343280872862],[13.862139975674053,46.03449658695839]]]}},{"type":"Feature","properties":{"_zoneType":"SI_BUILT","name":"Pozidano zemljišče","authority":"MKGP","dataSource":"raba-3000"},"geometry":{"type":"Polygon","coordinates":[[[13.863757695044319,46.037743689982115],[13.867391382771675,46.03999427025755],[13.86920503302475,46.03963425232837],[13.869586328049731,46.03527308481546],[13.870720914720538,46.03422338106523],[13.869257169195524,46.03518212228336],[13.86845772017143,46.039368061150284],[13.864013022814248,46.037575690367504],[13.863717629469678,46.03563904339605],[13.865444413939624,46.03417111856726],[13.862779878577193,46.03589338172811],[13.863757695044319,46.037743689982115]]]}},{"type":"Feature","properties":{"_zoneType":"SI_BUILT","name":"Pozidano zemljišče","authority":"MKGP","dataSource":"raba-3000"},"geometry":{"type":"Polygon","coordinates":[[[13.879754099433374,46.04517194724223],[13.88,46.04507999219319],[13.88,46.04482851725106],[13.879754099433374,46.04517194724223]]]}},{"type":"Feature","properties":{"_zoneType":"SI_BUILT","name":"Pozidano zemljišče","authority":"MKGP","dataSource":"raba-3000"},"geometry":{"type":"Polygon","coordinates":[[[13.87966712372041,46.043020923416016],[13.88,46.043594721521764],[13.88,46.04269041238594],[13.87966712372041,46.043020923416016]]]}},{"type":"Feature","properties":{"_zoneType":"SI_BUILT","name":"Pozidano zemljišče","authority":"MKGP","dataSource":"raba-3000"},"geometry":{"type":"Polygon","coordinates":[[[13.88,46.04482851725106],[13.88,46.04507999219319],[13.885295141268948,46.043099862656376],[13.888280422866552,46.043860467794886],[13.89216262870841,46.04343189199716],[13.893220702339354,46.042795599089054],[13.893368805393283,46.04172292343763],[13.892331321694716,46.041892867355074],[13.89247291231581,46.04309042503302],[13.888375181183342,46.04360117881549],[13.88558289014666,46.04287204752295],[13.88150329466681,46.04343455977184],[13.880671357048165,46.042023825659456],[13.88,46.04269041238594],[13.88,46.043594721521764],[13.880395399285668,46.04427629415111],[13.88,46.04482851725106]]]}},{"type":"Feature","properties":{"_zoneType":"SI_BUILT","name":"Pozidano zemljišče","authority":"MKGP","dataSource":"raba-3000"},"geometry":{"type":"Polygon","coordinates":[[[13.891363047282704,46.04196817037016],[13.891561722725342,46.0421279065387],[13.891604899050824,46.041834099248334],[13.891363047282704,46.04196817037016]]]}},{"type":"Feature","properties":{"_zoneType":"SI_BUILT","name":"Pozidano zemljišče","authority":"MKGP","dataSource":"raba-3000"},"geometry":{"type":"Polygon","coordinates":[[[13.891477775132698,46.03989441392966],[13.89085044359436,46.0397317891588],[13.891256061764054,46.04],[13.891403415831705,46.04],[13.891477775132698,46.03989441392966]]]}},{"type":"Feature","properties":{"_zoneType":"SI_BUILT","name":"Pozidano zemljišče","authority":"MKGP","dataSource":"raba-3000"},"geometry":{"type":"Polygon","coordinates":[[[13.891403415831705,46.04],[13.891256061764054,46.04],[13.891356598079128,46.0400664786039],[13.891403415831705,46.04]]]}},{"type":"Feature","properties":{"_zoneType":"SI_BUILT","name":"Pozidano zemljišče","authority":"MKGP","dataSource":"raba-3000"},"geometry":{"type":"Polygon","coordinates":[[[13.888186038755501,46.10621346540986],[13.887592140409874,46.10604628184729],[13.887455537746595,46.10641229368729],[13.888186038755501,46.10621346540986]]]}},{"type":"Feature","properties":{"_zoneType":"SI_BUILT","name":"Pozidano zemljišče","authority":"MKGP","dataSource":"raba-3000"},"geometry":{"type":"Polygon","coordinates":[[[13.886888500169274,46.150840754902994],[13.887091371408827,46.15100825199997],[13.887077693660915,46.150716141644544],[13.886888500169274,46.150840754902994]]]}},{"type":"Feature","properties":{"_zoneType":"SI_BUILT","name":"Pozidano zemljišče","authority":"MKGP","dataSource":"raba-3000"},"geometry":{"type":"Polygon","coordinates":[[[13.887173240345959,46.13402883463544],[13.886956134499528,46.133869654730454],[13.887043771823569,46.13412972554821],[13.887173240345959,46.13402883463544]]]}},{"type":"Feature","properties":{"_zoneType":"SI_BUILT","name":"Pozidano zemljišče","authority":"MKGP","dataSource":"raba-3000"},"geometry":{"type":"Polygon","coordinates":[[[13.887016226614488,46.105184071066695],[13.886847223929902,46.105050192482615],[13.886824369653535,46.10531687273344],[13.887016226614488,46.105184071066695]]]}},{"type":"Feature","properties":{"_zoneType":"SI_BUILT","name":"Pozidano zemljišče","authority":"MKGP","dataSource":"raba-3000"},"geometry":{"type":"Polygon","coordinates":[[[13.886701550818573,46.11955010462157],[13.886495694739757,46.119432699278875],[13.886532719365555,46.119693257201675],[13.886701550818573,46.11955010462157]]]}},{"type":"Feature","properties":{"_zoneType":"SI_BUILT","name":"Pozidano zemljišče","authority":"MKGP","dataSource":"raba-3000"},"geometry":{"type":"Polygon","coordinates":[[[13.886085562674205,46.112605954764796],[13.886148484773647,46.11276688665262],[13.886446849615627,46.11253465277669],[13.886085562674205,46.112605954764796]]]}},{"type":"Feature","properties":{"_zoneType":"SI_BUILT","name":"Pozidano zemljišče","authority":"MKGP","dataSource":"raba-3000"},"geometry":{"type":"Polygon","coordinates":[[[13.885420367755758,46.15737259886294],[13.885174972289633,46.15728550381798],[13.885317348386327,46.15752061511428],[13.885420367755758,46.15737259886294]]]}},{"type":"Feature","properties":{"_zoneType":"SI_BUILT","name":"Pozidano zemljišče","authority":"MKGP","dataSource":"raba-3000"},"geometry":{"type":"Polygon","coordinates":[[[13.884065875089108,46.13994939811512],[13.884188377830947,46.140146829391725],[13.884300698478887,46.13986442857461],[13.884065875089108,46.13994939811512]]]}},{"type":"Feature","properties":{"_zoneType":"SI_BUILT","name":"Pozidano zemljišče","authority":"MKGP","dataSource":"raba-3000"},"geometry":{"type":"Polygon","coordinates":[[[13.883862386448863,46.09603690120633],[13.883709088350722,46.09590093418799],[13.883642777293563,46.0961508108534],[13.883862386448863,46.09603690120633]]]}},{"type":"Feature","properties":{"_zoneType":"SI_BUILT","name":"Pozidano zemljišče","authority":"MKGP","dataSource":"raba-3000"},"geometry":{"type":"Polygon","coordinates":[[[13.881476773640044,46.106646985363035],[13.881582212608087,46.10536415301743],[13.881258189323201,46.10660930686971],[13.881476773640044,46.106646985363035]]]}},{"type":"Feature","properties":{"_zoneType":"SI_BUILT","name":"Pozidano zemljišče","authority":"MKGP","dataSource":"raba-3000"},"geometry":{"type":"Polygon","coordinates":[[[13.879537627201401,46.165286701205915],[13.879272964396497,46.165159467953195],[13.879380771506254,46.16544704942093],[13.879537627201401,46.165286701205915]]]}},{"type":"Feature","properties":{"_zoneType":"SI_BUILT","name":"Pozidano zemljišče","authority":"MKGP","dataSource":"raba-3000"},"geometry":{"type":"Polygon","coordinates":[[[13.88,46.035627823663816],[13.88,46.03543025169024],[13.878785170822086,46.0356607711395],[13.879316392781295,46.03598223898155],[13.88,46.035627823663816]]]}},{"type":"Feature","properties":{"_zoneType":"SI_BUILT","name":"Pozidano zemljišče","authority":"MKGP","dataSource":"raba-3000"},"geometry":{"type":"Polygon","coordinates":[[[13.880601081513563,46.03531619369593],[13.88,46.03543025169024],[13.88,46.035627823663816],[13.880601081513563,46.03531619369593]]]}},{"type":"Feature","properties":{"_zoneType":"SI_BUILT","name":"Pozidano zemljišče","authority":"MKGP","dataSource":"raba-3000"},"geometry":{"type":"Polygon","coordinates":[[[13.877826943231543,46.16616204433699],[13.877478563243324,46.16611631003397],[13.87776243721678,46.166283140803394],[13.877826943231543,46.16616204433699]]]}},{"type":"Feature","properties":{"_zoneType":"SI_BUILT","name":"Pozidano zemljišče","authority":"MKGP","dataSource":"raba-3000"},"geometry":{"type":"Polygon","coordinates":[[[13.876192441270852,46.165855411006966],[13.876258126625956,46.16601172243312],[13.876499763523727,46.16578789459098],[13.876192441270852,46.165855411006966]]]}},{"type":"Feature","properties":{"_zoneType":"SI_BUILT","name":"Pozidano zemljišče","authority":"MKGP","dataSource":"raba-3000"},"geometry":{"type":"Polygon","coordinates":[[[13.87740485239222,46.11127894028637],[13.876198713145975,46.11146015865431],[13.877044312772515,46.11181437164983],[13.87740485239222,46.11127894028637]]]}},{"type":"Feature","properties":{"_zoneType":"SI_BUILT","name":"Pozidano zemljišče","authority":"MKGP","dataSource":"raba-3000"},"geometry":{"type":"Polygon","coordinates":[[[13.878347294766566,46.062543183376],[13.877752994062538,46.06230365637269],[13.876859401937626,46.0623396403014],[13.878033669564182,46.06272579789418],[13.878347294766566,46.062543183376]]]}},{"type":"Feature","properties":{"_zoneType":"SI_BUILT","name":"Pozidano zemljišče","authority":"MKGP","dataSource":"raba-3000"},"geometry":{"type":"Polygon","coordinates":[[[13.878040192444615,46.071989824790315],[13.87780980268127,46.07175196503122],[13.877649805424896,46.07209881024371],[13.878040192444615,46.071989824790315]]]}},{"type":"Feature","properties":{"_zoneType":"SI_BUILT","name":"Pozidano zemljišče","authority":"MKGP","dataSource":"raba-3000"},"geometry":{"type":"Polygon","coordinates":[[[13.878197162253516,46.05576386829428],[13.87754507176091,46.05582490116424],[13.876085334767927,46.05750587531859],[13.876698167022164,46.05740815876185],[13.878197162253516,46.05576386829428]]]}},{"type":"Feature","properties":{"_zoneType":"SI_BUILT","name":"Pozidano zemljišče","authority":"MKGP","dataSource":"raba-3000"},"geometry":{"type":"Polygon","coordinates":[[[13.874210323790987,46.150653629646605],[13.87615479070635,46.15073595270517],[13.873453067008962,46.1497035402505],[13.870831179506057,46.15253784568396],[13.874210323790987,46.150653629646605]]]}},{"type":"Feature","properties":{"_zoneType":"SI_BUILT","name":"Pozidano zemljišče","authority":"MKGP","dataSource":"raba-3000"},"geometry":{"type":"Polygon","coordinates":[[[13.875790033448617,46.12149424552311],[13.875165355049287,46.121133026941706],[13.875052827251057,46.120373787417684],[13.874755799089954,46.1213383454148],[13.875790033448617,46.12149424552311]]]}},{"type":"Feature","properties":{"_zoneType":"SI_BUILT","name":"Pozidano zemljišče","authority":"MKGP","dataSource":"raba-3000"},"geometry":{"type":"Polygon","coordinates":[[[13.876967992204824,46.06400579075097],[13.875665540783737,46.06333743232632],[13.876303603586218,46.06425679236488],[13.876967992204824,46.06400579075097]]]}},{"type":"Feature","properties":{"_zoneType":"SI_BUILT","name":"Pozidano zemljišče","authority":"MKGP","dataSource":"raba-3000"},"geometry":{"type":"Polygon","coordinates":[[[13.872990891760377,46.10918471572656],[13.872072286999632,46.10844888190207],[13.871317280562975,46.10968269014171],[13.872990891760377,46.10918471572656]]]}},{"type":"Feature","properties":{"_zoneType":"SI_BUILT","name":"Pozidano zemljišče","authority":"MKGP","dataSource":"raba-3000"},"geometry":{"type":"Polygon","coordinates":[[[13.859668550313488,46.12032681934592],[13.85974131371798,46.12052058314516],[13.860002266831641,46.1202695226813],[13.859668550313488,46.12032681934592]]]}},{"type":"Feature","properties":{"_zoneType":"SI_BUILT","name":"Pozidano zemljišče","authority":"MKGP","dataSource":"raba-3000"},"geometry":{"type":"Polygon","coordinates":[[[13.853607829725226,46.12554090762663],[13.855974681297393,46.124798755685724],[13.856082227794452,46.12405406428627],[13.8554959201514,46.12490896655986],[13.853607829725226,46.12554090762663]]]}},{"type":"Feature","properties":{"_zoneType":"SI_BUILT","name":"Pozidano zemljišče","authority":"MKGP","dataSource":"raba-3000"},"geometry":{"type":"Polygon","coordinates":[[[13.86964510385398,46.062091963121695],[13.87071031223203,46.05995073882842],[13.870299406168618,46.05719385914537],[13.869370387976106,46.05792716201103],[13.870362581607266,46.05991581224379],[13.869300305496592,46.061964162280255],[13.870100912500279,46.063866066106485],[13.86964510385398,46.062091963121695]]]}},{"type":"Feature","properties":{"_zoneType":"SI_BUILT","name":"Pozidano zemljišče","authority":"MKGP","dataSource":"raba-3000"},"geometry":{"type":"Polygon","coordinates":[[[13.871918063895142,46.05647414151487],[13.871687639269583,46.05647162316071],[13.871539080615992,46.057145887304486],[13.871918063895142,46.05647414151487]]]}},{"type":"Feature","properties":{"_zoneType":"SI_BUILT","name":"Pozidano zemljišče","authority":"MKGP","dataSource":"raba-3000"},"geometry":{"type":"Polygon","coordinates":[[[13.870856100404637,46.10012621904493],[13.870610947273839,46.10002630694801],[13.87069581002586,46.100278954802576],[13.870856100404637,46.10012621904493]]]}},{"type":"Feature","properties":{"_zoneType":"SI_BUILT","name":"Pozidano zemljišče","authority":"MKGP","dataSource":"raba-3000"},"geometry":{"type":"Polygon","coordinates":[[[13.871518385803885,46.048029981411965],[13.870268092707912,46.04733621625211],[13.870758580323626,46.04850729400155],[13.871518385803885,46.048029981411965]]]}},{"type":"Feature","properties":{"_zoneType":"SI_BUILT","name":"Pozidano zemljišče","authority":"MKGP","dataSource":"raba-3000"},"geometry":{"type":"Polygon","coordinates":[[[13.869603750835164,46.05259194369351],[13.869382505353952,46.05059833676132],[13.870458849238217,46.04956754226924],[13.868929526633067,46.05013460332446],[13.868619780429169,46.05346466749008],[13.867176218144621,46.05367022379435],[13.868734794514062,46.0538149471057],[13.869603750835164,46.05259194369351]]]}},{"type":"Feature","properties":{"_zoneType":"SI_BUILT","name":"Pozidano zemljišče","authority":"MKGP","dataSource":"raba-3000"},"geometry":{"type":"Polygon","coordinates":[[[13.867523631571192,46.113272567188865],[13.86655040924706,46.113168771834474],[13.866806407588761,46.113629427474834],[13.867523631571192,46.113272567188865]]]}},{"type":"Feature","properties":{"_zoneType":"SI_BUILT","name":"Pozidano zemljišče","authority":"MKGP","dataSource":"raba-3000"},"geometry":{"type":"Polygon","coordinates":[[[13.868084272778354,46.11394325103023],[13.86799455366266,46.113785276948086],[13.86777047211058,46.11402518476282],[13.868084272778354,46.11394325103023]]]}},{"type":"Feature","properties":{"_zoneType":"SI_BUILT","name":"Pozidano zemljišče","authority":"MKGP","dataSource":"raba-3000"},"geometry":{"type":"Polygon","coordinates":[[[13.868206595705676,46.059742974674464],[13.867534503903181,46.05958446115551],[13.866562594801824,46.06016064364378],[13.868206595705676,46.059742974674464]]]}},{"type":"Feature","properties":{"_zoneType":"SI_BUILT","name":"Pozidano zemljišče","authority":"MKGP","dataSource":"raba-3000"},"geometry":{"type":"Polygon","coordinates":[[[13.866808118158152,46.09883482199777],[13.866531696442367,46.09867897235254],[13.86673358221543,46.09894630807349],[13.866808118158152,46.09883482199777]]]}},{"type":"Feature","properties":{"_zoneType":"SI_BUILT","name":"Pozidano zemljišče","authority":"MKGP","dataSource":"raba-3000"},"geometry":{"type":"Polygon","coordinates":[[[13.86514508715844,46.068515882624276],[13.864932392032266,46.06838502712553],[13.864945285406685,46.06865303486515],[13.86514508715844,46.068515882624276]]]}},{"type":"Feature","properties":{"_zoneType":"SI_BUILT","name":"Pozidano zemljišče","authority":"MKGP","dataSource":"raba-3000"},"geometry":{"type":"Polygon","coordinates":[[[13.863153299372465,46.140806264906175],[13.862442898014299,46.1403152955234],[13.862207857843261,46.140747123154625],[13.863153299372465,46.140806264906175]]]}},{"type":"Feature","properties":{"_zoneType":"SI_BUILT","name":"Pozidano zemljišče","authority":"MKGP","dataSource":"raba-3000"},"geometry":{"type":"Polygon","coordinates":[[[13.86360703925286,46.10455041317624],[13.863242424993384,46.10458823502107],[13.86364402793523,46.10475788273511],[13.86360703925286,46.10455041317624]]]}},{"type":"Feature","properties":{"_zoneType":"SI_BUILT","name":"Pozidano zemljišče","authority":"MKGP","dataSource":"raba-3000"},"geometry":{"type":"Polygon","coordinates":[[[13.861285270317982,46.15761266962029],[13.861445542762002,46.15777125072429],[13.86155852563666,46.15749347708218],[13.861285270317982,46.15761266962029]]]}},{"type":"Feature","properties":{"_zoneType":"SI_BUILT","name":"Pozidano zemljišče","authority":"MKGP","dataSource":"raba-3000"},"geometry":{"type":"Polygon","coordinates":[[[13.861550246946967,46.128891809638546],[13.861245313189068,46.12885862913974],[13.861478298942213,46.12908037563122],[13.861550246946967,46.128891809638546]]]}},{"type":"Feature","properties":{"_zoneType":"SI_BUILT","name":"Pozidano zemljišče","authority":"MKGP","dataSource":"raba-3000"},"geometry":{"type":"Polygon","coordinates":[[[13.860066023681131,46.185750322257654],[13.859794896004908,46.18556298998015],[13.859834105887362,46.18591116429357],[13.860066023681131,46.185750322257654]]]}},{"type":"Feature","properties":{"_zoneType":"SI_BUILT","name":"Pozidano zemljišče","authority":"MKGP","dataSource":"raba-3000"},"geometry":{"type":"Polygon","coordinates":[[[13.8597300947223,46.18093098090761],[13.86002797409803,46.18103806519298],[13.859812946326802,46.18081989695851],[13.8597300947223,46.18093098090761]]]}},{"type":"Feature","properties":{"_zoneType":"SI_BUILT","name":"Pozidano zemljišče","authority":"MKGP","dataSource":"raba-3000"},"geometry":{"type":"Polygon","coordinates":[[[13.856086024013297,46.13705381904004],[13.855816497653327,46.13697925214098],[13.855997422563982,46.137235258742784],[13.856086024013297,46.13705381904004]]]}},{"type":"Feature","properties":{"_zoneType":"SI_BUILT","name":"Pozidano zemljišče","authority":"MKGP","dataSource":"raba-3000"},"geometry":{"type":"Polygon","coordinates":[[[13.856262750335796,46.127132872684],[13.85618354874754,46.12700905272855],[13.855370091720571,46.12701220239016],[13.856262750335796,46.127132872684]]]}},{"type":"Feature","properties":{"_zoneType":"SI_BUILT","name":"Pozidano zemljišče","authority":"MKGP","dataSource":"raba-3000"},"geometry":{"type":"Polygon","coordinates":[[[13.855167123099935,46.13268083150724],[13.854884912255187,46.13260287501221],[13.855069001824065,46.1328377812883],[13.855167123099935,46.13268083150724]]]}},{"type":"Feature","properties":{"_zoneType":"SI_BUILT","name":"Pozidano zemljišče","authority":"MKGP","dataSource":"raba-3000"},"geometry":{"type":"Polygon","coordinates":[[[13.855293934629445,46.06162493800297],[13.85464395437676,46.06148521070575],[13.855060975040791,46.0619640744763],[13.855293934629445,46.06162493800297]]]}},{"type":"Feature","properties":{"_zoneType":"SI_BUILT","name":"Pozidano zemljišče","authority":"MKGP","dataSource":"raba-3000"},"geometry":{"type":"Polygon","coordinates":[[[13.851343445478971,46.19556080479892],[13.85136183292503,46.19578490978097],[13.85173936214559,46.19553440690379],[13.851343445478971,46.19556080479892]]]}},{"type":"Feature","properties":{"_zoneType":"SI_BUILT","name":"Pozidano zemljišče","authority":"MKGP","dataSource":"raba-3000"},"geometry":{"type":"Polygon","coordinates":[[[13.854012792031288,46.08175180091798],[13.85380529174552,46.08164394680586],[13.853839538583589,46.08189524755991],[13.854012792031288,46.08175180091798]]]}},{"type":"Feature","properties":{"_zoneType":"SI_BUILT","name":"Pozidano zemljišče","authority":"MKGP","dataSource":"raba-3000"},"geometry":{"type":"Polygon","coordinates":[[[13.853348063779869,46.102566560414786],[13.852685184614364,46.10236402245838],[13.852899639801908,46.10283105222788],[13.853348063779869,46.102566560414786]]]}},{"type":"Feature","properties":{"_zoneType":"SI_BUILT","name":"Pozidano zemljišče","authority":"MKGP","dataSource":"raba-3000"},"geometry":{"type":"Polygon","coordinates":[[[13.852942511728214,46.082441557190485],[13.853056649620878,46.08258893081727],[13.853187157316954,46.08235047737256],[13.852942511728214,46.082441557190485]]]}},{"type":"Feature","properties":{"_zoneType":"SI_BUILT","name":"Pozidano zemljišče","authority":"MKGP","dataSource":"raba-3000"},"geometry":{"type":"Polygon","coordinates":[[[13.853381538481308,46.03554161257558],[13.853548216390754,46.03574698239396],[13.853767727514734,46.03537453632952],[13.853381538481308,46.03554161257558]]]}},{"type":"Feature","properties":{"_zoneType":"SI_BUILT","name":"Pozidano zemljišče","authority":"MKGP","dataSource":"raba-3000"},"geometry":{"type":"Polygon","coordinates":[[[13.841072468486741,46.12700404663455],[13.840833969266281,46.12693114431438],[13.840091339505074,46.127759070808175],[13.841072468486741,46.12700404663455]]]}},{"type":"Feature","properties":{"_zoneType":"SI_BUILT","name":"Pozidano zemljišče","authority":"MKGP","dataSource":"raba-3000"},"geometry":{"type":"Polygon","coordinates":[[[13.842157240398716,46.12933304119486],[13.84057297005655,46.12807305052896],[13.841103181213345,46.12898225404457],[13.842157240398716,46.12933304119486]]]}},{"type":"Feature","properties":{"_zoneType":"SI_BUILT","name":"Pozidano zemljišče","authority":"MKGP","dataSource":"raba-3000"},"geometry":{"type":"Polygon","coordinates":[[[13.845902761096037,46.13290547324061],[13.84656000622865,46.13305849510661],[13.846946293268577,46.13239042732733],[13.845902761096037,46.13290547324061]]]}},{"type":"Feature","properties":{"_zoneType":"SI_BUILT","name":"Pozidano zemljišče","authority":"MKGP","dataSource":"raba-3000"},"geometry":{"type":"Polygon","coordinates":[[[13.850451075611197,46.0822790538541],[13.849970869085716,46.0823450664654],[13.849737723341052,46.082767439380156],[13.850451075611197,46.0822790538541]]]}},{"type":"Feature","properties":{"_zoneType":"SI_BUILT","name":"Pozidano zemljišče","authority":"MKGP","dataSource":"raba-3000"},"geometry":{"type":"Polygon","coordinates":[[[13.852120774429364,46.08171744196757],[13.851558141144997,46.081449808493964],[13.851007607578898,46.082139115451355],[13.851848116300125,46.08225861308687],[13.852120774429364,46.08171744196757]]]}},{"type":"Feature","properties":{"_zoneType":"SI_BUILT","name":"Pozidano zemljišče","authority":"MKGP","dataSource":"raba-3000"},"geometry":{"type":"Polygon","coordinates":[[[13.848098545668169,46.18411476053571],[13.848065959120703,46.1837984705261],[13.846792751076693,46.18408734295665],[13.848098545668169,46.18411476053571]]]}},{"type":"Feature","properties":{"_zoneType":"SI_BUILT","name":"Pozidano zemljišče","authority":"MKGP","dataSource":"raba-3000"},"geometry":{"type":"Polygon","coordinates":[[[13.850277906781095,46.03930141748475],[13.848940346784053,46.03890329425251],[13.848430532898696,46.03957437089153],[13.849718415331681,46.039805581880536],[13.850277906781095,46.03930141748475]]]}},{"type":"Feature","properties":{"_zoneType":"SI_BUILT","name":"Pozidano zemljišče","authority":"MKGP","dataSource":"raba-3000"},"geometry":{"type":"Polygon","coordinates":[[[13.842398084121049,46.13697256993165],[13.842538674568864,46.137151976777716],[13.84263447391956,46.13683050199318],[13.842398084121049,46.13697256993165]]]}},{"type":"Feature","properties":{"_zoneType":"SI_BUILT","name":"Pozidano zemljišče","authority":"MKGP","dataSource":"raba-3000"},"geometry":{"type":"Polygon","coordinates":[[[13.837289576055776,46.13795715784706],[13.836907040733305,46.137754199640995],[13.837100185196606,46.13808580672246],[13.837289576055776,46.13795715784706]]]}},{"type":"Feature","properties":{"_zoneType":"SI_BUILT","name":"Pozidano zemljišče","authority":"MKGP","dataSource":"raba-3000"},"geometry":{"type":"Polygon","coordinates":[[[13.832627573636318,46.13867996934076],[13.833023697777751,46.13919612789797],[13.834942897152903,46.1384296842168],[13.834025873388248,46.13823573969547],[13.832627573636318,46.13867996934076]]]}},{"type":"Feature","properties":{"_zoneType":"SI_BUILT","name":"Pozidano zemljišče","authority":"MKGP","dataSource":"raba-3000"},"geometry":{"type":"Polygon","coordinates":[[[13.83552326392083,46.118960712971976],[13.835458502321835,46.11878868142253],[13.835219403582354,46.11902262954478],[13.83552326392083,46.118960712971976]]]}},{"type":"Feature","properties":{"_zoneType":"SI_BUILT","name":"Pozidano zemljišče","authority":"MKGP","dataSource":"raba-3000"},"geometry":{"type":"Polygon","coordinates":[[[13.845475240186463,46.11198880030653],[13.845731213419405,46.11180763816445],[13.84522703890885,46.11185755587867],[13.845475240186463,46.11198880030653]]]}},{"type":"Feature","properties":{"_zoneType":"SI_BUILT","name":"Pozidano zemljišče","authority":"MKGP","dataSource":"raba-3000"},"geometry":{"type":"Polygon","coordinates":[[[13.846631393358985,46.142903615233585],[13.846345833784385,46.14285494824045],[13.846564149612071,46.14308541246664],[13.846631393358985,46.142903615233585]]]}},{"type":"Feature","properties":{"_zoneType":"SI_BUILT","name":"Pozidano zemljišče","authority":"MKGP","dataSource":"raba-3000"},"geometry":{"type":"Polygon","coordinates":[[[13.846355115019236,46.047983116732034],[13.846713714606636,46.047887876872345],[13.846229504899306,46.04775567244388],[13.846355115019236,46.047983116732034]]]}},{"type":"Feature","properties":{"_zoneType":"SI_BUILT","name":"Pozidano zemljišče","authority":"MKGP","dataSource":"raba-3000"},"geometry":{"type":"Polygon","coordinates":[[[13.843095628930866,46.1839963753981],[13.84335950292003,46.18410824163001],[13.843256850797797,46.183777496316445],[13.843095628930866,46.1839963753981]]]}},{"type":"Feature","properties":{"_zoneType":"SI_BUILT","name":"Pozidano zemljišče","authority":"MKGP","dataSource":"raba-3000"},"geometry":{"type":"Polygon","coordinates":[[[13.842935986973801,46.17916541405458],[13.842670789369953,46.17906758508347],[13.842815792112685,46.179333661018404],[13.842935986973801,46.17916541405458]]]}},{"type":"Feature","properties":{"_zoneType":"SI_BUILT","name":"Pozidano zemljišče","authority":"MKGP","dataSource":"raba-3000"},"geometry":{"type":"Polygon","coordinates":[[[13.839721015117197,46.115781555732326],[13.84,46.11590002154112],[13.84,46.11586152189542],[13.839721015117197,46.115781555732326]]]}},{"type":"Feature","properties":{"_zoneType":"SI_BUILT","name":"Pozidano zemljišče","authority":"MKGP","dataSource":"raba-3000"},"geometry":{"type":"Polygon","coordinates":[[[13.843117087398898,46.11675498076968],[13.84,46.11586152189542],[13.84,46.11590002154112],[13.84235415069225,46.116899668414405],[13.843117087398898,46.11675498076968]]]}},{"type":"Feature","properties":{"_zoneType":"SI_BUILT","name":"Pozidano zemljišče","authority":"MKGP","dataSource":"raba-3000"},"geometry":{"type":"Polygon","coordinates":[[[13.843901368477841,46.05075305318697],[13.843802067953272,46.050923653507894],[13.844216889193932,46.05083415474653],[13.843901368477841,46.05075305318697]]]}},{"type":"Feature","properties":{"_zoneType":"SI_BUILT","name":"Pozidano zemljišče","authority":"MKGP","dataSource":"raba-3000"},"geometry":{"type":"Polygon","coordinates":[[[13.841369947624724,46.18404397974959],[13.841205129851266,46.183902964269826],[13.84114584507645,46.184174910012324],[13.841369947624724,46.18404397974959]]]}},{"type":"Feature","properties":{"_zoneType":"SI_BUILT","name":"Pozidano zemljišče","authority":"MKGP","dataSource":"raba-3000"},"geometry":{"type":"Polygon","coordinates":[[[13.83989376680783,46.184144782915716],[13.839567811241848,46.18410413574399],[13.839845558831732,46.18437645376598],[13.83989376680783,46.184144782915716]]]}},{"type":"Feature","properties":{"_zoneType":"SI_BUILT","name":"Pozidano zemljišče","authority":"MKGP","dataSource":"raba-3000"},"geometry":{"type":"Polygon","coordinates":[[[13.840591157862583,46.130507143149075],[13.840340372381853,46.1303021912749],[13.840327446826539,46.13064204944762],[13.840591157862583,46.130507143149075]]]}},{"type":"Feature","properties":{"_zoneType":"SI_BUILT","name":"Pozidano zemljišče","authority":"MKGP","dataSource":"raba-3000"},"geometry":{"type":"Polygon","coordinates":[[[13.839171126404185,46.19558075394868],[13.839103539044055,46.19542087729887],[13.838787868195936,46.19568806663234],[13.839171126404185,46.19558075394868]]]}},{"type":"Feature","properties":{"_zoneType":"SI_BUILT","name":"Pozidano zemljišče","authority":"MKGP","dataSource":"raba-3000"},"geometry":{"type":"Polygon","coordinates":[[[13.839452134633579,46.165740803734025],[13.839186270528547,46.16567581030941],[13.839350162941422,46.16588599567573],[13.839452134633579,46.165740803734025]]]}},{"type":"Feature","properties":{"_zoneType":"SI_BUILT","name":"Pozidano zemljišče","authority":"MKGP","dataSource":"raba-3000"},"geometry":{"type":"Polygon","coordinates":[[[13.838857583071658,46.1646307150442],[13.838966800360977,46.16480902668138],[13.839201893523501,46.16453567053415],[13.838857583071658,46.1646307150442]]]}},{"type":"Feature","properties":{"_zoneType":"SI_BUILT","name":"Pozidano zemljišče","authority":"MKGP","dataSource":"raba-3000"},"geometry":{"type":"Polygon","coordinates":[[[13.83861144092447,46.19375062593728],[13.838303872515596,46.19367518598786],[13.838496097565145,46.193952923885064],[13.83861144092447,46.19375062593728]]]}},{"type":"Feature","properties":{"_zoneType":"SI_BUILT","name":"Pozidano zemljišče","authority":"MKGP","dataSource":"raba-3000"},"geometry":{"type":"Polygon","coordinates":[[[13.841309532383196,46.05486235236104],[13.841001846753826,46.054639011648675],[13.840965396616165,46.055149946586305],[13.841309532383196,46.05486235236104]]]}},{"type":"Feature","properties":{"_zoneType":"SI_BUILT","name":"Pozidano zemljišče","authority":"MKGP","dataSource":"raba-3000"},"geometry":{"type":"Polygon","coordinates":[[[13.838246405264329,46.1785873616963],[13.837855463238485,46.178442418884124],[13.838133481525903,46.17869153239529],[13.838246405264329,46.1785873616963]]]}},{"type":"Feature","properties":{"_zoneType":"SI_BUILT","name":"Pozidano zemljišče","authority":"MKGP","dataSource":"raba-3000"},"geometry":{"type":"Polygon","coordinates":[[[13.8324487964628,46.15851033906368],[13.838613258569525,46.15687595482269],[13.83252170331918,46.1583952350817],[13.8324487964628,46.15851033906368]]]}},{"type":"Feature","properties":{"_zoneType":"SI_BUILT","name":"Pozidano zemljišče","authority":"MKGP","dataSource":"raba-3000"},"geometry":{"type":"Polygon","coordinates":[[[13.837348883965992,46.19483459292158],[13.837643833690333,46.19495450017889],[13.837479092878569,46.19470512121764],[13.837348883965992,46.19483459292158]]]}},{"type":"Feature","properties":{"_zoneType":"SI_BUILT","name":"Pozidano zemljišče","authority":"MKGP","dataSource":"raba-3000"},"geometry":{"type":"Polygon","coordinates":[[[13.838732615914862,46.146888294214065],[13.838306744409993,46.14662117165853],[13.838545465981117,46.147008775912994],[13.838732615914862,46.146888294214065]]]}},{"type":"Feature","properties":{"_zoneType":"SI_BUILT","name":"Pozidano zemljišče","authority":"MKGP","dataSource":"raba-3000"},"geometry":{"type":"Polygon","coordinates":[[[13.837169779059233,46.18464717968732],[13.83584858949357,46.18262510433357],[13.836475265466705,46.18113586395487],[13.834994546552876,46.18230471662383],[13.8361769840296,46.184503902305735],[13.837169779059233,46.18464717968732]]]}},{"type":"Feature","properties":{"_zoneType":"SI_BUILT","name":"Pozidano zemljišče","authority":"MKGP","dataSource":"raba-3000"},"geometry":{"type":"Polygon","coordinates":[[[13.838054907044645,46.12865516238613],[13.837857290085639,46.12854892377729],[13.837877452129376,46.12880916594728],[13.838054907044645,46.12865516238613]]]}},{"type":"Feature","properties":{"_zoneType":"SI_BUILT","name":"Pozidano zemljišče","authority":"MKGP","dataSource":"raba-3000"},"geometry":{"type":"Polygon","coordinates":[[[13.836321499506166,46.17074678348602],[13.83638302382306,46.17095584565011],[13.836810245228271,46.17068146990966],[13.836321499506166,46.17074678348602]]]}},{"type":"Feature","properties":{"_zoneType":"SI_BUILT","name":"Pozidano zemljišče","authority":"MKGP","dataSource":"raba-3000"},"geometry":{"type":"Polygon","coordinates":[[[13.836371679976313,46.10235672848409],[13.836746069537522,46.10242038554625],[13.836652739955241,46.10176552404427],[13.836371679976313,46.10235672848409]]]}},{"type":"Feature","properties":{"_zoneType":"SI_BUILT","name":"Pozidano zemljišče","authority":"MKGP","dataSource":"raba-3000"},"geometry":{"type":"Polygon","coordinates":[[[13.838052981828396,46.03559132519195],[13.837925532132358,46.03539287739013],[13.837689182230159,46.035669837413685],[13.838052981828396,46.03559132519195]]]}},{"type":"Feature","properties":{"_zoneType":"SI_BUILT","name":"Pozidano zemljišče","authority":"MKGP","dataSource":"raba-3000"},"geometry":{"type":"Polygon","coordinates":[[[13.835726822952756,46.0784001036868],[13.835873259346332,46.078569382209515],[13.836049914091848,46.07827709740604],[13.835726822952756,46.0784001036868]]]}},{"type":"Feature","properties":{"_zoneType":"SI_BUILT","name":"Pozidano zemljišče","authority":"MKGP","dataSource":"raba-3000"},"geometry":{"type":"Polygon","coordinates":[[[13.833094131082802,46.183416342665616],[13.833414768226131,46.183447829423336],[13.83316119276556,46.183087036865224],[13.833094131082802,46.183416342665616]]]}},{"type":"Feature","properties":{"_zoneType":"SI_BUILT","name":"Pozidano zemljišče","authority":"MKGP","dataSource":"raba-3000"},"geometry":{"type":"Polygon","coordinates":[[[13.832754904544108,46.14939606395424],[13.83290102498766,46.14956230251136],[13.833015626068228,46.14929134703291],[13.832754904544108,46.14939606395424]]]}},{"type":"Feature","properties":{"_zoneType":"SI_BUILT","name":"Pozidano zemljišče","authority":"MKGP","dataSource":"raba-3000"},"geometry":{"type":"Polygon","coordinates":[[[13.833920016823967,46.090124365529405],[13.83388452857509,46.090302875057084],[13.834241710396482,46.09016066203399],[13.833920016823967,46.090124365529405]]]}},{"type":"Feature","properties":{"_zoneType":"SI_BUILT","name":"Pozidano zemljišče","authority":"MKGP","dataSource":"raba-3000"},"geometry":{"type":"Polygon","coordinates":[[[13.833262396351042,46.129729188628325],[13.832817999233699,46.12957662357734],[13.833170652129628,46.129884586616],[13.833262396351042,46.129729188628325]]]}},{"type":"Feature","properties":{"_zoneType":"SI_BUILT","name":"Pozidano zemljišče","authority":"MKGP","dataSource":"raba-3000"},"geometry":{"type":"Polygon","coordinates":[[[13.83301165330875,46.12845478637097],[13.832705227157154,46.12790473130819],[13.832736784960291,46.12853890837224],[13.83301165330875,46.12845478637097]]]}},{"type":"Feature","properties":{"_zoneType":"SI_BUILT","name":"Pozidano zemljišče","authority":"MKGP","dataSource":"raba-3000"},"geometry":{"type":"Polygon","coordinates":[[[13.83298159111492,46.096988587467486],[13.8331332298998,46.097182723230276],[13.833330349345783,46.09688331490588],[13.83298159111492,46.096988587467486]]]}},{"type":"Feature","properties":{"_zoneType":"SI_BUILT","name":"Pozidano zemljišče","authority":"MKGP","dataSource":"raba-3000"},"geometry":{"type":"Polygon","coordinates":[[[13.832640301295474,46.09950449143585],[13.83246094220765,46.09927888400558],[13.83237686959644,46.09969981001898],[13.832640301295474,46.09950449143585]]]}},{"type":"Feature","properties":{"_zoneType":"SI_BUILT","name":"Pozidano zemljišče","authority":"MKGP","dataSource":"raba-3000"},"geometry":{"type":"Polygon","coordinates":[[[13.817126662035616,46.13510658595518],[13.816834635358008,46.13504503467569],[13.817031208486176,46.13527167538218],[13.817126662035616,46.13510658595518]]]}},{"type":"Feature","properties":{"_zoneType":"SI_BUILT","name":"Pozidano zemljišče","authority":"MKGP","dataSource":"raba-3000"},"geometry":{"type":"Polygon","coordinates":[[[13.809618759768021,46.13860766555819],[13.809850126464648,46.138728736120235],[13.809842379102916,46.138261035255404],[13.809618759768021,46.13860766555819]]]}},{"type":"Feature","properties":{"_zoneType":"SI_BUILT","name":"Pozidano zemljišče","authority":"MKGP","dataSource":"raba-3000"},"geometry":{"type":"Polygon","coordinates":[[[13.801892039762615,46.13718402684088],[13.800587605222539,46.13783776534344],[13.805882642604843,46.13868241143018],[13.805285710653338,46.13770676964309],[13.801892039762615,46.13718402684088]]]}},{"type":"Feature","properties":{"_zoneType":"SI_BUILT","name":"Pozidano zemljišče","authority":"MKGP","dataSource":"raba-3000"},"geometry":{"type":"Polygon","coordinates":[[[13.829308937336396,46.130880326082654],[13.829052650287721,46.13080257125749],[13.829217278950212,46.13103568260884],[13.829308937336396,46.130880326082654]]]}},{"type":"Feature","properties":{"_zoneType":"SI_BUILT","name":"Pozidano zemljišče","authority":"MKGP","dataSource":"raba-3000"},"geometry":{"type":"Polygon","coordinates":[[[13.826311730353602,46.1833585623165],[13.82632352900265,46.1835307114523],[13.826663535111363,46.183346100484094],[13.826311730353602,46.1833585623165]]]}},{"type":"Feature","properties":{"_zoneType":"SI_BUILT","name":"Pozidano zemljišče","authority":"MKGP","dataSource":"raba-3000"},"geometry":{"type":"Polygon","coordinates":[[[13.823949287781636,46.19667636286346],[13.823780597659242,46.196589750442186],[13.823749507001502,46.19688024027762],[13.823949287781636,46.19667636286346]]]}},{"type":"Feature","properties":{"_zoneType":"SI_BUILT","name":"Pozidano zemljišče","authority":"MKGP","dataSource":"raba-3000"},"geometry":{"type":"Polygon","coordinates":[[[13.826375650602595,46.0777267385105],[13.826079334245332,46.07764154185976],[13.82582137636325,46.07844846474393],[13.826375650602595,46.0777267385105]]]}},{"type":"Feature","properties":{"_zoneType":"SI_BUILT","name":"Pozidano zemljišče","authority":"MKGP","dataSource":"raba-3000"},"geometry":{"type":"Polygon","coordinates":[[[13.824926772115724,46.12223616589196],[13.82472227279009,46.122144924737995],[13.824453876054184,46.12250726699889],[13.824926772115724,46.12223616589196]]]}},{"type":"Feature","properties":{"_zoneType":"SI_BUILT","name":"Pozidano zemljišče","authority":"MKGP","dataSource":"raba-3000"},"geometry":{"type":"Polygon","coordinates":[[[13.823690487547617,46.13545142120794],[13.823883794309973,46.135592026159806],[13.823871826026584,46.13532661851651],[13.823690487547617,46.13545142120794]]]}},{"type":"Feature","properties":{"_zoneType":"SI_BUILT","name":"Pozidano zemljišče","authority":"MKGP","dataSource":"raba-3000"},"geometry":{"type":"Polygon","coordinates":[[[13.825087331449867,46.084742588999596],[13.821709618026189,46.08443716210791],[13.821642633555813,46.08572889022642],[13.82351702699011,46.08466839801852],[13.825087331449867,46.084742588999596]]]}},{"type":"Feature","properties":{"_zoneType":"SI_BUILT","name":"Pozidano zemljišče","authority":"MKGP","dataSource":"raba-3000"},"geometry":{"type":"Polygon","coordinates":[[[13.822566654047858,46.17943341028518],[13.822284253003176,46.17935537207907],[13.822464880128253,46.17960894995149],[13.822566654047858,46.17943341028518]]]}},{"type":"Feature","properties":{"_zoneType":"SI_BUILT","name":"Pozidano zemljišče","authority":"MKGP","dataSource":"raba-3000"},"geometry":{"type":"Polygon","coordinates":[[[13.824960614351005,46.04624159856225],[13.824696908177023,46.04620509278081],[13.824512190459506,46.04704651945322],[13.824960614351005,46.04624159856225]]]}},{"type":"Feature","properties":{"_zoneType":"SI_BUILT","name":"Pozidano zemljišče","authority":"MKGP","dataSource":"raba-3000"},"geometry":{"type":"Polygon","coordinates":[[[13.821085958435322,46.190414771089266],[13.820768214846325,46.1903416365024],[13.820983293121058,46.19067164354625],[13.821085958435322,46.190414771089266]]]}},{"type":"Feature","properties":{"_zoneType":"SI_BUILT","name":"Pozidano zemljišče","authority":"MKGP","dataSource":"raba-3000"},"geometry":{"type":"Polygon","coordinates":[[[13.820564958973266,46.197396204065214],[13.819851968724041,46.197186874184645],[13.81985182434138,46.197849976386145],[13.820564958973266,46.197396204065214]]]}},{"type":"Feature","properties":{"_zoneType":"SI_BUILT","name":"Pozidano zemljišče","authority":"MKGP","dataSource":"raba-3000"},"geometry":{"type":"Polygon","coordinates":[[[13.820662486193278,46.18916039589917],[13.820403525947526,46.18909553056305],[13.82051952432978,46.18942303905611],[13.820662486193278,46.18916039589917]]]}},{"type":"Feature","properties":{"_zoneType":"SI_BUILT","name":"Pozidano zemljišče","authority":"MKGP","dataSource":"raba-3000"},"geometry":{"type":"Polygon","coordinates":[[[13.82085431250268,46.17653746161591],[13.820547926390589,46.17643407358225],[13.820664202939357,46.17667483924413],[13.82085431250268,46.17653746161591]]]}},{"type":"Feature","properties":{"_zoneType":"SI_BUILT","name":"Pozidano zemljišče","authority":"MKGP","dataSource":"raba-3000"},"geometry":{"type":"Polygon","coordinates":[[[13.821284696385923,46.08257291865247],[13.822718594931972,46.08275059443529],[13.821468191744769,46.08238720455552],[13.821284696385923,46.08257291865247]]]}},{"type":"Feature","properties":{"_zoneType":"SI_BUILT","name":"Pozidano zemljišče","authority":"MKGP","dataSource":"raba-3000"},"geometry":{"type":"Polygon","coordinates":[[[13.821245092228612,46.14376086878015],[13.820987256196352,46.14367605697256],[13.821130035392551,46.143920041449014],[13.821245092228612,46.14376086878015]]]}},{"type":"Feature","properties":{"_zoneType":"SI_BUILT","name":"Pozidano zemljišče","authority":"MKGP","dataSource":"raba-3000"},"geometry":{"type":"Polygon","coordinates":[[[13.821112167624484,46.091062340225434],[13.820829878436701,46.09098823637927],[13.821010442692803,46.09127113119358],[13.821112167624484,46.091062340225434]]]}},{"type":"Feature","properties":{"_zoneType":"SI_BUILT","name":"Pozidano zemljišče","authority":"MKGP","dataSource":"raba-3000"},"geometry":{"type":"Polygon","coordinates":[[[13.819402825884035,46.15109187092162],[13.818219370573319,46.1500045733837],[13.816367605297968,46.149778373699675],[13.816835700966575,46.150479159271576],[13.819402825884035,46.15109187092162]]]}},{"type":"Feature","properties":{"_zoneType":"SI_BUILT","name":"Pozidano zemljišče","authority":"MKGP","dataSource":"raba-3000"},"geometry":{"type":"Polygon","coordinates":[[[13.818840529634171,46.16544657022739],[13.818634662607652,46.16533143865906],[13.81866159198833,46.165591851062594],[13.818840529634171,46.16544657022739]]]}},{"type":"Feature","properties":{"_zoneType":"SI_BUILT","name":"Pozidano zemljišče","authority":"MKGP","dataSource":"raba-3000"},"geometry":{"type":"Polygon","coordinates":[[[13.81954021894763,46.08629232602879],[13.820344923929675,46.08630488715482],[13.819095398145082,46.08589520091614],[13.81954021894763,46.08629232602879]]]}},{"type":"Feature","properties":{"_zoneType":"SI_BUILT","name":"Pozidano zemljišče","authority":"MKGP","dataSource":"raba-3000"},"geometry":{"type":"Polygon","coordinates":[[[13.818656567618754,46.157105129822945],[13.81832357066477,46.156807653099364],[13.818108016518066,46.157632336039235],[13.818656567618754,46.157105129822945]]]}},{"type":"Feature","properties":{"_zoneType":"SI_BUILT","name":"Pozidano zemljišče","authority":"MKGP","dataSource":"raba-3000"},"geometry":{"type":"Polygon","coordinates":[[[13.818105885295491,46.16404738482846],[13.817848225215398,46.16395758141002],[13.817976139426115,46.16419733327014],[13.818105885295491,46.16404738482846]]]}},{"type":"Feature","properties":{"_zoneType":"SI_BUILT","name":"Pozidano zemljišče","authority":"MKGP","dataSource":"raba-3000"},"geometry":{"type":"Polygon","coordinates":[[[13.817429906907936,46.12282351503655],[13.81732118791957,46.12300971896213],[13.817689486865326,46.122913448939535],[13.817429906907936,46.12282351503655]]]}},{"type":"Feature","properties":{"_zoneType":"SI_BUILT","name":"Pozidano zemljišče","authority":"MKGP","dataSource":"raba-3000"},"geometry":{"type":"Polygon","coordinates":[[[13.816333750788647,46.17233449344087],[13.816053202958786,46.172212876604846],[13.815558504871372,46.17272538719921],[13.816333750788647,46.17233449344087]]]}},{"type":"Feature","properties":{"_zoneType":"SI_BUILT","name":"Pozidano zemljišče","authority":"MKGP","dataSource":"raba-3000"},"geometry":{"type":"Polygon","coordinates":[[[13.814693727255557,46.18101828908706],[13.814403359798142,46.18085568495395],[13.814475148450684,46.18119341586984],[13.814693727255557,46.18101828908706]]]}},{"type":"Feature","properties":{"_zoneType":"SI_BUILT","name":"Pozidano zemljišče","authority":"MKGP","dataSource":"raba-3000"},"geometry":{"type":"Polygon","coordinates":[[[13.81612977834694,46.07872936723811],[13.815327634473388,46.07904073614166],[13.815631120911398,46.07932550714022],[13.81612977834694,46.07872936723811]]]}},{"type":"Feature","properties":{"_zoneType":"SI_BUILT","name":"Pozidano zemljišče","authority":"MKGP","dataSource":"raba-3000"},"geometry":{"type":"Polygon","coordinates":[[[13.813756441821731,46.13266754841221],[13.813534655073248,46.13256382166725],[13.813593544713557,46.13282441567043],[13.813756441821731,46.13266754841221]]]}},{"type":"Feature","properties":{"_zoneType":"SI_BUILT","name":"Pozidano zemljišče","authority":"MKGP","dataSource":"raba-3000"},"geometry":{"type":"Polygon","coordinates":[[[13.812385144422384,46.179491961212634],[13.811867186448087,46.179264195311816],[13.8121869723147,46.17990748548139],[13.812385144422384,46.179491961212634]]]}},{"type":"Feature","properties":{"_zoneType":"SI_BUILT","name":"Pozidano zemljišče","authority":"MKGP","dataSource":"raba-3000"},"geometry":{"type":"Polygon","coordinates":[[[13.812756038211386,46.16173446907057],[13.812507808787577,46.16162642491756],[13.812629399318462,46.1618830923227],[13.812756038211386,46.16173446907057]]]}},{"type":"Feature","properties":{"_zoneType":"SI_BUILT","name":"Pozidano zemljišče","authority":"MKGP","dataSource":"raba-3000"},"geometry":{"type":"Polygon","coordinates":[[[13.8,46.03367815687803],[13.8,46.03605930433326],[13.800251436593324,46.03659901125753],[13.806053458469576,46.039293837648664],[13.805998594081673,46.04],[13.807244332439002,46.04],[13.80979673491748,46.03944386134446],[13.806969586785419,46.03972927985572],[13.805693029523518,46.0374818627203],[13.80839439026619,46.037366690593736],[13.80977891708065,46.03524547852226],[13.811559870215104,46.03613379923559],[13.81363896617622,46.03533498147887],[13.811585888304682,46.03452981963216],[13.809382780880785,46.03512007941893],[13.807974305676058,46.03672403003945],[13.806279160008817,46.035339819970616],[13.807152440485732,46.03681064671533],[13.805243947372169,46.03706142021184],[13.804489128754284,46.03813243045324],[13.80165227097591,46.036575679346655],[13.801945994433297,46.035862524172494],[13.800444563161669,46.03597759035234],[13.800106081659372,46.03350376522619],[13.8,46.03367815687803]]]}},{"type":"Feature","properties":{"_zoneType":"SI_BUILT","name":"Pozidano zemljišče","authority":"MKGP","dataSource":"raba-3000"},"geometry":{"type":"Polygon","coordinates":[[[13.805843729579381,46.04199326895387],[13.80725321505837,46.0428665379369],[13.807624904254029,46.04486917619261],[13.804112513495639,46.04848072629911],[13.806376152089113,46.04990400664616],[13.805917256807044,46.04759275161501],[13.80790982141555,46.045057583874694],[13.808004280906964,46.04414683797275],[13.806223771500438,46.04022236829538],[13.807244332439002,46.04],[13.805998594081673,46.04],[13.805843729579381,46.04199326895387]]]}},{"type":"Feature","properties":{"_zoneType":"SI_BUILT","name":"Pozidano zemljišče","authority":"MKGP","dataSource":"raba-3000"},"geometry":{"type":"Polygon","coordinates":[[[13.808210171918205,46.07977109471799],[13.80866414531818,46.07866636547108],[13.81137805748952,46.079411966538494],[13.810090845101477,46.07794925664303],[13.80825420860894,46.07833630332837],[13.807839674775215,46.07647415639397],[13.805919801011015,46.07537207544992],[13.80756588054811,46.07664826354244],[13.808210171918205,46.07977109471799]]]}},{"type":"Feature","properties":{"_zoneType":"SI_BUILT","name":"Pozidano zemljišče","authority":"MKGP","dataSource":"raba-3000"},"geometry":{"type":"Polygon","coordinates":[[[13.809197900594254,46.03365925389713],[13.809199519495552,46.03359888231397],[13.808789069150505,46.03382736327302],[13.809197900594254,46.03365925389713]]]}},{"type":"Feature","properties":{"_zoneType":"SI_BUILT","name":"Pozidano zemljišče","authority":"MKGP","dataSource":"raba-3000"},"geometry":{"type":"Polygon","coordinates":[[[13.809133872570886,46.13289396189528],[13.808862640741687,46.13281646955996],[13.809023506096048,46.133061081711354],[13.809133872570886,46.13289396189528]]]}},{"type":"Feature","properties":{"_zoneType":"SI_BUILT","name":"Pozidano zemljišče","authority":"MKGP","dataSource":"raba-3000"},"geometry":{"type":"Polygon","coordinates":[[[13.808227763602966,46.17054886287743],[13.807995994807596,46.17045939287842],[13.807985484520268,46.1708872894486],[13.808227763602966,46.17054886287743]]]}},{"type":"Feature","properties":{"_zoneType":"SI_BUILT","name":"Pozidano zemljišče","authority":"MKGP","dataSource":"raba-3000"},"geometry":{"type":"Polygon","coordinates":[[[13.809339783634208,46.092412435364395],[13.809045683568351,46.09229689665927],[13.809151669394684,46.09286795295106],[13.809339783634208,46.092412435364395]]]}},{"type":"Feature","properties":{"_zoneType":"SI_BUILT","name":"Pozidano zemljišče","authority":"MKGP","dataSource":"raba-3000"},"geometry":{"type":"Polygon","coordinates":[[[13.807441615610959,46.12730683339639],[13.807138859570529,46.12729890310269],[13.80739917865879,46.12762107063099],[13.807441615610959,46.12730683339639]]]}},{"type":"Feature","properties":{"_zoneType":"SI_BUILT","name":"Pozidano zemljišče","authority":"MKGP","dataSource":"raba-3000"},"geometry":{"type":"Polygon","coordinates":[[[13.805038279930484,46.17305394652167],[13.805383934292998,46.17298080411139],[13.804960496005027,46.17286270793143],[13.805038279930484,46.17305394652167]]]}},{"type":"Feature","properties":{"_zoneType":"SI_BUILT","name":"Pozidano zemljišče","authority":"MKGP","dataSource":"raba-3000"},"geometry":{"type":"Polygon","coordinates":[[[13.80642051619386,46.171683523619535],[13.805512414723276,46.17191626689999],[13.805465800734973,46.17255183434961],[13.806399686102996,46.17185626197724],[13.80642051619386,46.171683523619535]]]}},{"type":"Feature","properties":{"_zoneType":"SI_BUILT","name":"Pozidano zemljišče","authority":"MKGP","dataSource":"raba-3000"},"geometry":{"type":"Polygon","coordinates":[[[13.805834508099986,46.161465725212075],[13.805591597036376,46.16134541580477],[13.805678357054012,46.161623568254186],[13.805834508099986,46.161465725212075]]]}},{"type":"Feature","properties":{"_zoneType":"SI_BUILT","name":"Pozidano zemljišče","authority":"MKGP","dataSource":"raba-3000"},"geometry":{"type":"Polygon","coordinates":[[[13.80418011221984,46.19516083370217],[13.80392460306487,46.19504939208453],[13.803989878393509,46.195326227411684],[13.80418011221984,46.19516083370217]]]}},{"type":"Feature","properties":{"_zoneType":"SI_BUILT","name":"Pozidano zemljišče","authority":"MKGP","dataSource":"raba-3000"},"geometry":{"type":"Polygon","coordinates":[[[13.804047193339889,46.14115629658096],[13.80386880654619,46.141012128512216],[13.803860474269474,46.141270023467186],[13.804047193339889,46.14115629658096]]]}},{"type":"Feature","properties":{"_zoneType":"SI_BUILT","name":"Pozidano zemljišče","authority":"MKGP","dataSource":"raba-3000"},"geometry":{"type":"Polygon","coordinates":[[[13.803175640611338,46.15781864171197],[13.803280253991122,46.157973817705816],[13.803477610961085,46.157728971064756],[13.803175640611338,46.15781864171197]]]}},{"type":"Feature","properties":{"_zoneType":"SI_BUILT","name":"Pozidano zemljišče","authority":"MKGP","dataSource":"raba-3000"},"geometry":{"type":"Polygon","coordinates":[[[13.802372977401886,46.133572487269454],[13.801765311945562,46.13355912625329],[13.800088147107493,46.13435435790908],[13.8007914607722,46.134688576304825],[13.802372977401886,46.133572487269454]]]}},{"type":"Feature","properties":{"_zoneType":"SI_BUILT","name":"Pozidano zemljišče","authority":"MKGP","dataSource":"raba-3000"},"geometry":{"type":"Polygon","coordinates":[[[13.800814669044458,46.08968898637929],[13.800606559664255,46.08955154603999],[13.800610060985528,46.089817693708895],[13.800814669044458,46.08968898637929]]]}},{"type":"Feature","properties":{"_zoneType":"SI_BUILT","name":"Pozidano zemljišče","authority":"MKGP","dataSource":"raba-3000"},"geometry":{"type":"Polygon","coordinates":[[[13.800512901251487,46.08844480626435],[13.800182393557662,46.08840209143753],[13.80045309338829,46.08864183687262],[13.800512901251487,46.08844480626435]]]}},{"type":"Feature","properties":{"_zoneType":"SI_BUILT","name":"Pozidano zemljišče","authority":"MKGP","dataSource":"raba-3000"},"geometry":{"type":"Polygon","coordinates":[[[13.800543621369746,46.037889414715146],[13.8002827573948,46.037868681115874],[13.80036410952104,46.03847284009823],[13.800543621369746,46.037889414715146]]]}},{"type":"Feature","properties":{"_zoneType":"SI_BUILT","name":"Pozidano zemljišče","authority":"MKGP","dataSource":"raba-3000"},"geometry":{"type":"Polygon","coordinates":[[[13.966537113236093,46.0327842254387],[13.96453155957767,46.0340207880064],[13.965654641872373,46.034929575918085],[13.963480678839462,46.035102347155906],[13.9658808495943,46.03511936058398],[13.966504206019666,46.034549448206945],[13.966537113236093,46.0327842254387]],[[13.966342650660488,46.03385177146513],[13.965957576847671,46.03425425690411],[13.965698915049842,46.03350264753066],[13.966342650660488,46.03385177146513]]]}},{"type":"Feature","properties":{"_zoneType":"SI_BUILT","name":"Pozidano zemljišče","authority":"MKGP","dataSource":"raba-3000"},"geometry":{"type":"Polygon","coordinates":[[[13.80473519677334,46.016024549444715],[13.804845377476918,46.016964464390114],[13.80362029639497,46.01761450586098],[13.80405543081065,46.01871066208111],[13.802866534611159,46.01949660191669],[13.804804836829364,46.02062737468117],[13.805186289938778,46.02293928191191],[13.806933036774089,46.02263229354998],[13.807506548777274,46.02336225045495],[13.805217796419322,46.026068562451194],[13.80309285223792,46.026549096857046],[13.803409482537429,46.02773048904986],[13.8,46.0330979802926],[13.8,46.033277013525975],[13.808340426071087,46.02599458833746],[13.810308775735114,46.02934211456343],[13.8063822103698,46.03256199425242],[13.809199519495552,46.03359888231397],[13.81000529237607,46.032730842352414],[13.807650833053122,46.03224179414687],[13.81170363536446,46.02801921444664],[13.811038789989869,46.023279001175176],[13.805673406312085,46.02238535963811],[13.805093179216952,46.02043704670035],[13.803321357294285,46.01952152235936],[13.804440486314403,46.01869702115266],[13.804063031972651,46.01760437272472],[13.805361243961723,46.0169012653718],[13.805133191430857,46.015994376686976],[13.803362826312462,46.014186042958016],[13.800386412225855,46.01294881158819],[13.8,46.013134579783525],[13.8,46.01359373653464],[13.800499881559235,46.01330216784396],[13.80473519677334,46.016024549444715]],[[13.807904951288402,46.02352888302737],[13.810717062068669,46.023446952085614],[13.810935415254765,46.02829125721304],[13.808235390455758,46.02567766293782],[13.80295119644714,46.029943630188576],[13.803860329525856,46.02772466126954],[13.803367803043523,46.02702466732368],[13.80568526744792,46.026085598446464],[13.807904951288402,46.02352888302737]]]}},{"type":"Feature","properties":{"_zoneType":"SI_BUILT","name":"Pozidano zemljišče","authority":"MKGP","dataSource":"raba-3000"},"geometry":{"type":"Polygon","coordinates":[[[13.800473843198652,46.002605746405926],[13.802083688407388,46.00190705931593],[13.803742703739823,46.0],[13.80280926079492,46.0],[13.802492486220839,46.00020867607384],[13.802553784024699,46.0],[13.802049721942051,46.0],[13.801900315970151,46.000241584132674],[13.800472157980117,46.00092948295319],[13.801044358214076,46.00162293418391],[13.8,46.001817860027806],[13.8,46.00525290565058],[13.80117337896695,46.004668849234626],[13.800473843198652,46.002605746405926]]]}},{"type":"Feature","properties":{"_zoneType":"SI_BUILT","name":"Pozidano zemljišče","authority":"MKGP","dataSource":"raba-3000"},"geometry":{"type":"Polygon","coordinates":[[[13.829514067598527,46.029072971554214],[13.828770996385021,46.032460686772254],[13.83032976716202,46.03381710902233],[13.82915956455163,46.03242852126321],[13.830447096174462,46.02852427718554],[13.83249702873603,46.02651856178754],[13.834163225035514,46.027158680961854],[13.833255416098849,46.02670390543341],[13.833681837627042,46.02608268711698],[13.84,46.02709389163312],[13.84,46.02675875316465],[13.83946121896174,46.02671804289049],[13.837784986548893,46.025022463664726],[13.837086297379502,46.02606572447859],[13.833725690559719,46.025468046878295],[13.836177873920498,46.02291584235294],[13.838535795084203,46.02200776138056],[13.839793285736128,46.01951678395722],[13.833335747609132,46.025272475792896],[13.83055831755029,46.023585125016155],[13.832159406740903,46.02608192755077],[13.829205869210469,46.027759335194176],[13.828357217241898,46.02714554879268],[13.828412271972638,46.029584784930066],[13.826627946100583,46.030689981999195],[13.826672140166378,46.03368461609973],[13.827085151560182,46.030676686522646],[13.829514067598527,46.029072971554214]]]}},{"type":"Feature","properties":{"_zoneType":"SI_BUILT","name":"Pozidano zemljišče","authority":"MKGP","dataSource":"raba-3000"},"geometry":{"type":"Polygon","coordinates":[[[13.836456864758544,46.02946937010535],[13.83735459079796,46.03020601852346],[13.84,46.030960641964406],[13.84,46.03074354792337],[13.83959142493963,46.030682666019736],[13.83972051231635,46.02976665160468],[13.84,46.02973518196754],[13.84,46.02940074314579],[13.836456864758544,46.02946937010535]]]}},{"type":"Feature","properties":{"_zoneType":"SI_BUILT","name":"Pozidano zemljišče","authority":"MKGP","dataSource":"raba-3000"},"geometry":{"type":"Polygon","coordinates":[[[13.840652133763724,46.02719826384898],[13.841130795724622,46.029378840772],[13.84,46.02940074314579],[13.84,46.02973518196754],[13.84149683992099,46.029566641413055],[13.84220138519346,46.027390595176676],[13.844658365742033,46.02676493168361],[13.844135378140843,46.024512079297224],[13.850771309377294,46.020480891569086],[13.852963972613797,46.021898932757445],[13.852005457941942,46.02398666243079],[13.853576529588013,46.02531287543233],[13.85242499761909,46.02386279978092],[13.853563511457141,46.020744291961],[13.85082636498173,46.02004964989467],[13.851010357770447,46.01839388553307],[13.85276414192919,46.01696337439427],[13.855548647961584,46.016712478711405],[13.858850388350257,46.01458321506036],[13.859464246928816,46.01347275524391],[13.863563242810821,46.01327977893592],[13.863593449823302,46.011817106467525],[13.864989567776542,46.011663056889354],[13.865133995446937,46.015416835337824],[13.860704833706755,46.01778243774049],[13.859642892916012,46.0194501779658],[13.86033276765533,46.021840729866355],[13.862261261748733,46.022644974216355],[13.861818965776472,46.02339901690959],[13.85679054079652,46.02249988439836],[13.856660930609557,46.02045970828429],[13.856146595290491,46.02232349066361],[13.859313919301629,46.02445469762981],[13.85617067478864,46.024612752460804],[13.853616592486917,46.02791935481783],[13.84210402840939,46.031057069886124],[13.84,46.03074354792337],[13.84,46.030960641964406],[13.842518594947974,46.031679090658294],[13.840688626042063,46.033922664539254],[13.842228129488321,46.03393827172553],[13.842804810230469,46.031024430809836],[13.851746145065887,46.0307436395461],[13.848178705502434,46.030542458408945],[13.854874518182442,46.02768928170569],[13.855247281049564,46.02608412680348],[13.857724951200689,46.02517545218077],[13.860280222761565,46.02567569605136],[13.859390240122412,46.02498856271169],[13.860500174534547,46.02397948430292],[13.867141886907586,46.02174079319887],[13.868387042892286,46.02251272046316],[13.866501948739744,46.024409487210406],[13.868160552619244,46.02591898849196],[13.867711554518547,46.02725239289048],[13.862074552385952,46.03125183518498],[13.860100686841397,46.03040764308699],[13.86015463529611,46.031492878817176],[13.86151904464269,46.031838108039544],[13.860571511555403,46.03412263717078],[13.863164699088655,46.03249028303488],[13.862987307409293,46.03414669834327],[13.865444413939624,46.03417111856726],[13.86652266768641,46.032790648421006],[13.864785728898351,46.03290004180617],[13.86565346071629,46.03116454089285],[13.863240942267822,46.032230982075674],[13.862362063616816,46.0315255253486],[13.868049095124784,46.02733558864862],[13.868520863232293,46.025949667597075],[13.867794990075254,46.024170476807285],[13.868761390034782,46.02222931611467],[13.866964420353218,46.021292907374146],[13.861721458582018,46.02215619431401],[13.860001940716405,46.01945755865448],[13.860973059461811,46.01795125122356],[13.865395805637231,46.015594948426596],[13.865503417000141,46.01172537777404],[13.868823542406767,46.01073174804401],[13.873024962904841,46.0070569727428],[13.875284341577037,46.00631777838562],[13.874281019849079,46.008715690535034],[13.878490790212636,46.00831694433066],[13.88,46.008918860816514],[13.88,46.00793798771581],[13.879818157118336,46.00804513838284],[13.875110550432618,46.00814866601865],[13.877240984134286,46.00486334866607],[13.88,46.004647702045744],[13.88,46.003887763285675],[13.877010841949234,46.00463270436427],[13.873391052637453,46.00626507689766],[13.874975965985216,46.0043210801049],[13.876921768321159,46.00377580543533],[13.876338806936328,46.00349097217163],[13.867715326903516,46.006404109416835],[13.869816512386366,46.006606632754426],[13.867755169753067,46.00992235116059],[13.863402142547795,46.011581960382706],[13.863156891920868,46.012879988516396],[13.861470655399993,46.012312840582936],[13.86112975903663,46.01328900713108],[13.857775144484576,46.01307250235187],[13.85859342151702,46.01439436124949],[13.851762864803506,46.016774284271584],[13.851960743580877,46.01749853756507],[13.850626472948257,46.01824375329554],[13.850529336269647,46.01956692172536],[13.848004921940602,46.020989044939974],[13.848356981343855,46.021867773233836],[13.843718686771691,46.024451895897045],[13.843197578381679,46.02692901801881],[13.84172076208929,46.02626429794216],[13.84061217914265,46.02385517445564],[13.843547490144804,46.02320412937557],[13.844110036618119,46.022027766477585],[13.841679049731585,46.02197034854711],[13.843320769467597,46.020772926252086],[13.843910047150208,46.018673561311985],[13.84821223801028,46.01770927067604],[13.850038472578406,46.01612296675175],[13.850876156168162,46.01674471034839],[13.855457043477129,46.01226284912889],[13.853906116378406,46.01287091860324],[13.85250253155355,46.01515036994684],[13.84880142527573,46.015796293959795],[13.847376891284368,46.017585913209274],[13.843512442893514,46.0185218168536],[13.842981303126736,46.02072392500218],[13.841346165639985,46.02189962294458],[13.841451469807348,46.02280475812423],[13.840135321877181,46.02281616444581],[13.840906510160078,46.02682724903686],[13.84,46.02675875316465],[13.84,46.02709389163312],[13.840652133763724,46.02719826384898]],[[13.870089622814055,46.00794137922074],[13.870274566407058,46.006485488057905],[13.872822262392988,46.005665919418554],[13.872177547745014,46.007773374533116],[13.86955416296297,46.009955521006006],[13.868452727780417,46.00909839542663],[13.870089622814055,46.00794137922074]],[[13.843173761167526,46.02293772101719],[13.842662141073923,46.02325093391721],[13.84261288151784,46.02245541164465],[13.843173761167526,46.02293772101719]]]}},{"type":"Feature","properties":{"_zoneType":"SI_BUILT","name":"Pozidano zemljišče","authority":"MKGP","dataSource":"raba-3000"},"geometry":{"type":"Polygon","coordinates":[[[13.879747640863279,46.00999577725405],[13.88,46.01000593515348],[13.88,46.00979519535736],[13.879747640863279,46.00999577725405]]]}},{"type":"Feature","properties":{"_zoneType":"SI_BUILT","name":"Pozidano zemljišče","authority":"MKGP","dataSource":"raba-3000"},"geometry":{"type":"Polygon","coordinates":[[[13.878937488278451,46.01083022585364],[13.88,46.011128709878506],[13.88,46.01050722877951],[13.878937488278451,46.01083022585364]]]}},{"type":"Feature","properties":{"_zoneType":"SI_BUILT","name":"Pozidano zemljišče","authority":"MKGP","dataSource":"raba-3000"},"geometry":{"type":"Polygon","coordinates":[[[13.877111935128745,46.01488187950713],[13.88,46.014358917090085],[13.88,46.013834453931715],[13.877111935128745,46.01488187950713]]]}},{"type":"Feature","properties":{"_zoneType":"SI_BUILT","name":"Pozidano zemljišče","authority":"MKGP","dataSource":"raba-3000"},"geometry":{"type":"Polygon","coordinates":[[[13.879137074778598,46.01532039846578],[13.879779558037564,46.01636554353409],[13.875858335607862,46.017024746036995],[13.876875342603617,46.017552531807375],[13.875497040716256,46.019552089648535],[13.876429849031735,46.02010346717303],[13.876759357593302,46.01803889933001],[13.878342749975289,46.01884195557116],[13.878121989248454,46.01802237761837],[13.88,46.01714983896676],[13.88,46.01451122864069],[13.879137074778598,46.01532039846578]]]}},{"type":"Feature","properties":{"_zoneType":"SI_BUILT","name":"Pozidano zemljišče","authority":"MKGP","dataSource":"raba-3000"},"geometry":{"type":"Polygon","coordinates":[[[13.879615648644918,46.02437506397269],[13.88,46.02431161576422],[13.88,46.0242491299664],[13.879615648644918,46.02437506397269]]]}},{"type":"Feature","properties":{"_zoneType":"SI_BUILT","name":"Pozidano zemljišče","authority":"MKGP","dataSource":"raba-3000"},"geometry":{"type":"Polygon","coordinates":[[[13.877060057992377,46.028106626376506],[13.875680763151593,46.028367582558374],[13.876406880097672,46.02748575756107],[13.875440727423028,46.02754367336213],[13.874204389153943,46.03068376469241],[13.875544589574805,46.029073230236925],[13.878270979914568,46.02908728650553],[13.877236621606585,46.02833576994528],[13.88,46.02695679026724],[13.88,46.02666248553992],[13.877060057992377,46.028106626376506]]]}},{"type":"Feature","properties":{"_zoneType":"SI_BUILT","name":"Pozidano zemljišče","authority":"MKGP","dataSource":"raba-3000"},"geometry":{"type":"Polygon","coordinates":[[[13.88073416000211,46.00921166504573],[13.88,46.00979519535736],[13.88,46.01000593515348],[13.881456209024448,46.010064550129776],[13.88,46.01050722877951],[13.88,46.011128709878506],[13.881552376177217,46.011564808116376],[13.88253229255255,46.010684757337714],[13.883216768106044,46.01147350265007],[13.881736357486735,46.01320472249536],[13.88,46.013834453931715],[13.88,46.014358917090085],[13.880201302948612,46.014322465735546],[13.88,46.01451122864069],[13.88,46.01714983896676],[13.880589919689664,46.01687575761225],[13.880420894457917,46.018115780753526],[13.882695025465683,46.020580545514946],[13.881267928661035,46.022449664966324],[13.881582103416992,46.02373074849323],[13.88,46.0242491299664],[13.88,46.02431161576422],[13.883959497782213,46.02365798715743],[13.881824740944811,46.02576614714014],[13.88,46.02666248553992],[13.88,46.02695679026724],[13.882051176546922,46.025933213191806],[13.884500562135129,46.02368072781194],[13.89134228296379,46.02261082706586],[13.895512555804233,46.02439814579465],[13.894503699108565,46.02625837178948],[13.89669143130749,46.024220639794656],[13.90068623594446,46.02343831941025],[13.902460419761793,46.02429740050362],[13.900433791710421,46.02550605127389],[13.901746851970207,46.02665772992392],[13.900291615185845,46.02850609291451],[13.898876906969836,46.02836663334589],[13.895884313274673,46.029490735693756],[13.892164307838991,46.032518716967054],[13.88531248031245,46.03436663833914],[13.891221530727103,46.033018657794045],[13.893240313668402,46.034443691015625],[13.892314474518223,46.03279892956056],[13.895382305925262,46.030174963516664],[13.896452162752487,46.03046425790399],[13.895989059292717,46.02973425597247],[13.89908846748351,46.028588253365115],[13.899698860812299,46.029125795132586],[13.897866889343401,46.03006083980212],[13.898615365943398,46.030621914844396],[13.89678694755015,46.03173113142472],[13.899622342397484,46.03264488606169],[13.899613752220713,46.03450523722765],[13.900023902859516,46.03233259441073],[13.89857334991969,46.03171345802669],[13.899147414566729,46.0304540111348],[13.901410130911868,46.02969843727756],[13.899652245707298,46.029671909261914],[13.901994184254479,46.027244732835776],[13.902675682860368,46.02803842573311],[13.905626151149969,46.02769081860437],[13.906365409632448,46.02603144876239],[13.911941532771841,46.02349392345942],[13.913447784974203,46.02444423999275],[13.912773680052153,46.02565957329116],[13.914195486708172,46.02472951702088],[13.915040012221098,46.02700673539018],[13.917162329095756,46.02715859987727],[13.916025588747303,46.03021974512372],[13.912306790313178,46.03258508683147],[13.91157485240329,46.034512598532196],[13.914218183980623,46.0346449266774],[13.91249116231482,46.03389192715561],[13.912675097250796,46.03269354177878],[13.916326884153097,46.03035466885689],[13.91774764043518,46.02688020736405],[13.915153244883703,46.02579641112081],[13.913186117273051,46.02295685098027],[13.912188980399451,46.02260605724471],[13.912291767969494,46.021583867337746],[13.911790625286038,46.02324109359118],[13.906052582906437,46.02439084748065],[13.906182836070517,46.02329953684685],[13.904429139795896,46.02248041694189],[13.906160209880595,46.020762732521035],[13.90809460377576,46.02032054556785],[13.906519815674743,46.01889727694113],[13.91650975606345,46.014600483237984],[13.919985870009139,46.01442617818595],[13.92,46.014453356657036],[13.92,46.014048827245496],[13.916254961914953,46.014405116199],[13.907642905812503,46.017751187956655],[13.90611898664349,46.01888382712193],[13.905878491172293,46.02059895872583],[13.903378299992356,46.0219522031558],[13.903637347041801,46.0230958193668],[13.902765478725978,46.023597659715655],[13.900610666787621,46.0231696301106],[13.895215848206059,46.024019215418384],[13.892118732177837,46.02294350140219],[13.89121296690966,46.02160274893621],[13.890339460430079,46.02245123721813],[13.887327239592688,46.021527065911776],[13.884912656676706,46.02338197499028],[13.88389527543691,46.0231050052802],[13.88426306323183,46.02177981176783],[13.883419183242058,46.02304064779765],[13.882016119382332,46.022924235614454],[13.883138573273653,46.020407547372216],[13.886041256740086,46.01950285542976],[13.887227245479224,46.01815842820037],[13.883017395251002,46.02011768685482],[13.881055135886351,46.017409137189254],[13.882448660504533,46.015765572539735],[13.886336694512627,46.01424949440788],[13.892432188126879,46.01489792724793],[13.911288215198912,46.010058437247544],[13.914374170093602,46.01050260686302],[13.91651833387417,46.01232336409006],[13.919124886547577,46.010584182573275],[13.92,46.010434273055104],[13.92,46.00998009534803],[13.918855352795118,46.01019574909377],[13.91644210084055,46.0120483922698],[13.913815946028905,46.00986079628448],[13.911410521215732,46.00971379160591],[13.899229266028836,46.01298824927557],[13.897989694575797,46.012486713543424],[13.892368211216471,46.01458556792152],[13.886686353177796,46.01392162401028],[13.880808147516941,46.0156369113701],[13.886870910771135,46.00814034793605],[13.892451201870099,46.006380567194434],[13.887571071484057,46.00721910066453],[13.887570736822271,46.00456676076697],[13.892017949074457,46.00124971479632],[13.891725019226417,46.0],[13.889850872201455,46.0],[13.889574045006778,46.00076097486085],[13.881765177774504,46.004254107532894],[13.880502892956981,46.00376243514463],[13.88,46.003887763285675],[13.88,46.004647702045744],[13.881895593153812,46.00449954115178],[13.889905273114975,46.00188909411079],[13.887056039907591,46.00493333459167],[13.88552583592314,46.00506223505549],[13.887114262675567,46.005478708456195],[13.88736122691032,46.006521100517105],[13.8852093855326,46.009239542574186],[13.883881060146557,46.009234695180965],[13.884108140141285,46.00828048026936],[13.882951093490924,46.00899674075175],[13.880013730635566,46.00865268394383],[13.88235204233702,46.00773988093057],[13.881941775709079,46.00679379905943],[13.88,46.00793798771581],[13.88,46.008918860816514],[13.88073416000211,46.00921166504573]],[[13.907622031868454,46.024754726438985],[13.90710761009894,46.02522814227283],[13.906209838146273,46.024747045939996],[13.907622031868454,46.024754726438985]],[[13.906059094421687,46.025803402231176],[13.90380725679103,46.027258020825634],[13.902733278678422,46.02582890130047],[13.904649203590942,46.023972816811074],[13.906059094421687,46.025803402231176]]]}},{"type":"Feature","properties":{"_zoneType":"SI_BUILT","name":"Pozidano zemljišče","authority":"MKGP","dataSource":"raba-3000"},"geometry":{"type":"Polygon","coordinates":[[[13.918075284945896,46.01581534217334],[13.92,46.01653907016937],[13.92,46.01574415405514],[13.919980595017899,46.01571610027706],[13.92,46.015698684117744],[13.92,46.01529856661308],[13.918075284945896,46.01581534217334]]]}},{"type":"Feature","properties":{"_zoneType":"SI_BUILT","name":"Pozidano zemljišče","authority":"MKGP","dataSource":"raba-3000"},"geometry":{"type":"Polygon","coordinates":[[[13.919587928369463,46.01767255486269],[13.914639745780757,46.01996532791125],[13.917910556408888,46.01926340200799],[13.92,46.0173671237313],[13.92,46.016882161753664],[13.919587928369463,46.01767255486269]]]}},{"type":"Feature","properties":{"_zoneType":"SI_BUILT","name":"Pozidano zemljišče","authority":"MKGP","dataSource":"raba-3000"},"geometry":{"type":"Polygon","coordinates":[[[13.920385596487565,46.015195036046066],[13.92,46.01529856661308],[13.92,46.015698684117744],[13.92141162349251,46.01443173836597],[13.920856554181857,46.013525308023056],[13.922786057361682,46.01118962299064],[13.924245659443445,46.011154501205034],[13.924451729578779,46.010152555450205],[13.925776066681086,46.010444727667455],[13.925313850959228,46.009713632646026],[13.926783599412483,46.009001546016364],[13.93379400374552,46.00729275582698],[13.93705043698549,46.0045376819141],[13.942627083147746,46.00458492647403],[13.942773082331147,46.00542919118679],[13.947804220542796,46.00618902690144],[13.948830273379825,46.00730234174649],[13.95104097502916,46.00707374790584],[13.950856257206205,46.00821453124887],[13.954016939159091,46.00505184227544],[13.948950943462181,46.00674337849972],[13.948152003024244,46.00579000866617],[13.943515863826386,46.004689818495585],[13.947126296565882,46.003931512509475],[13.953104457923166,46.001383290869164],[13.958982711823136,46.00146070849874],[13.96,46.00105656194498],[13.96,46.000701492175686],[13.958776077289006,46.00120524139787],[13.953235514511931,46.000893879799996],[13.95405287889128,46.000061796126865],[13.954057584792618,46.0],[13.953233369659108,46.0],[13.952245969415424,46.000282148001524],[13.952320339044759,46.00128744095664],[13.946575462010914,46.003778947168094],[13.94433892632114,46.003789767555446],[13.943029337888127,46.00196443755793],[13.943862464697393,46.00383433694945],[13.942560964857517,46.00431272901392],[13.939845792027137,46.003975093537896],[13.940836036082256,46.002659048734664],[13.939847989254945,46.00254003817484],[13.939126970960034,46.00375472246734],[13.93393708457593,46.00562894110576],[13.933821035514933,46.00654315700642],[13.930876156027331,46.007931006531344],[13.92,46.00998009534803],[13.92,46.010434273055104],[13.924278735728599,46.00970131299184],[13.921729279016596,46.01179836681618],[13.920165942753274,46.014033040070956],[13.92,46.014048827245496],[13.92,46.014453356657036],[13.920385596487565,46.015195036046066]]]}},{"type":"Feature","properties":{"_zoneType":"SI_BUILT","name":"Pozidano zemljišče","authority":"MKGP","dataSource":"raba-3000"},"geometry":{"type":"Polygon","coordinates":[[[13.920149552937247,46.016595304803865],[13.92,46.016882161753664],[13.92,46.0173671237313],[13.920689671136214,46.016741211455304],[13.92,46.01574415405514],[13.92,46.01653907016937],[13.920149552937247,46.016595304803865]]]}},{"type":"Feature","properties":{"_zoneType":"SI_BUILT","name":"Pozidano zemljišče","authority":"MKGP","dataSource":"raba-3000"},"geometry":{"type":"Polygon","coordinates":[[[13.96265950053205,46.0],[13.961704364329695,46.0],[13.96,46.000701492175686],[13.96,46.00105656194498],[13.96265950053205,46.0]]]}},{"type":"Feature","properties":{"_zoneType":"SI_BUILT","name":"Pozidano zemljišče","authority":"MKGP","dataSource":"raba-3000"},"geometry":{"type":"Polygon","coordinates":[[[13.848112423524096,46.03327123265129],[13.846260764354643,46.033220556547654],[13.846379862169226,46.033957532762464],[13.848100257777494,46.033964463652474],[13.848112423524096,46.03327123265129]]]}},{"type":"Feature","properties":{"_zoneType":"SI_BUILT","name":"Pozidano zemljišče","authority":"MKGP","dataSource":"raba-3000"},"geometry":{"type":"Polygon","coordinates":[[[13.874844879633212,46.03321504392716],[13.870694856385255,46.03342075851822],[13.870110276523494,46.034217345306764],[13.873646245186222,46.033637596541496],[13.874844879633212,46.03321504392716]]]}},{"type":"Feature","properties":{"_zoneType":"SI_BUILT","name":"Pozidano zemljišče","authority":"MKGP","dataSource":"raba-3000"},"geometry":{"type":"Polygon","coordinates":[[[13.85894100473881,46.031223472473805],[13.85921022404045,46.0312388213057],[13.859228345294794,46.03079246325907],[13.85894100473881,46.031223472473805]]]}},{"type":"Feature","properties":{"_zoneType":"SI_BUILT","name":"Pozidano zemljišče","authority":"MKGP","dataSource":"raba-3000"},"geometry":{"type":"Polygon","coordinates":[[[13.905813617206114,46.02233988717749],[13.90559837486654,46.02252299583398],[13.906047613625992,46.022530654598874],[13.905813617206114,46.02233988717749]]]}},{"type":"Feature","properties":{"_zoneType":"SI_BUILT","name":"Pozidano zemljišče","authority":"MKGP","dataSource":"raba-3000"},"geometry":{"type":"Polygon","coordinates":[[[13.94934400013686,46.026453616362105],[13.951446012886912,46.025802997225924],[13.95391479924231,46.02686994774809],[13.949665587075666,46.02874791057587],[13.951993601632072,46.02871815482205],[13.954500362078596,46.027191580503306],[13.95693195296839,46.028484646254306],[13.955782595815622,46.02915215235881],[13.95402837720752,46.028431362387394],[13.953161868071405,46.03054327982506],[13.951134524301702,46.030927470971605],[13.947318172286103,46.03495461348019],[13.949289273484492,46.033823417029964],[13.952977388745087,46.034586228666136],[13.95017690176031,46.03242720497651],[13.951541882054123,46.031060401228686],[13.954494599793776,46.03051151838462],[13.956604514822569,46.03242047563139],[13.95748588586391,46.03211560378081],[13.958093403067409,46.03121938982713],[13.955295516313829,46.03079995854025],[13.955296544929435,46.02969899741142],[13.96,46.028470784197744],[13.96,46.025085194871245],[13.948535531786757,46.01975757605819],[13.948906495918262,46.01910769063559],[13.953721472861059,46.01952626476087],[13.954655708608938,46.01746880141945],[13.956243253844143,46.01755003810052],[13.95574875000504,46.016353667709396],[13.953486897342822,46.018479930527555],[13.948152549180937,46.01872452637639],[13.948185004092586,46.01978668140513],[13.950954152052983,46.02217484164464],[13.950497348837704,46.02316686604782],[13.955190518337076,46.02468370446297],[13.952508252174555,46.02266952306322],[13.953073028575588,46.02227217002857],[13.959223679468112,46.02499213010841],[13.958757058575957,46.026090916797145],[13.956101557187647,46.0272698128253],[13.951754714389013,46.02558546717524],[13.949938010515435,46.02585449005385],[13.945828591119344,46.02375389326581],[13.944880139146608,46.02435634103249],[13.949184724836286,46.025624992015224],[13.94934400013686,46.026453616362105]],[[13.959740265720395,46.027378844973164],[13.957393024987574,46.02847043288798],[13.956841494794416,46.028049273839045],[13.958955989634006,46.026703779014916],[13.959740265720395,46.027378844973164]]]}},{"type":"Feature","properties":{"_zoneType":"SI_BUILT","name":"Pozidano zemljišče","authority":"MKGP","dataSource":"raba-3000"},"geometry":{"type":"Polygon","coordinates":[[[13.96022155652525,46.028412929142725],[13.960799177199599,46.02680700079827],[13.96346952307829,46.02529369557129],[13.962682801876484,46.02684947844124],[13.963405075940807,46.026988441270426],[13.966686178032063,46.024785956386744],[13.966713299845168,46.02333033436764],[13.960504408357028,46.02531959697367],[13.96,46.025085194871245],[13.96,46.028470784197744],[13.96022155652525,46.028412929142725]],[[13.961952957682039,46.025633739279314],[13.961575470273917,46.02624147728331],[13.960479814916367,46.02592076041653],[13.961952957682039,46.025633739279314]]]}},{"type":"Feature","properties":{"_zoneType":"SI_BUILT","name":"Pozidano zemljišče","authority":"MKGP","dataSource":"raba-3000"},"geometry":{"type":"Polygon","coordinates":[[[13.958018995499158,46.02989641847425],[13.95733131118284,46.03046219737133],[13.95808192479844,46.03022281548927],[13.958018995499158,46.02989641847425]]]}},{"type":"Feature","properties":{"_zoneType":"SI_BUILT","name":"Pozidano zemljišče","authority":"MKGP","dataSource":"raba-3000"},"geometry":{"type":"Polygon","coordinates":[[[13.964246514970153,46.02825143236945],[13.964020427509626,46.02821365592324],[13.964201354092882,46.02841762236538],[13.964246514970153,46.02825143236945]]]}},{"type":"Feature","properties":{"_zoneType":"SI_BUILT","name":"Pozidano zemljišče","authority":"MKGP","dataSource":"raba-3000"},"geometry":{"type":"Polygon","coordinates":[[[13.959457795527587,46.00462417733995],[13.959030796111236,46.00464551889537],[13.958787221949873,46.00524492618896],[13.959457795527587,46.00462417733995]]]}},{"type":"Feature","properties":{"_zoneType":"SI_BUILT","name":"Pozidano zemljišče","authority":"MKGP","dataSource":"raba-3000"},"geometry":{"type":"Polygon","coordinates":[[[13.957965274625748,46.003323980673194],[13.9575938519475,46.003383535333064],[13.957607114585429,46.00376101424077],[13.957965274625748,46.003323980673194]]]}},{"type":"Feature","properties":{"_zoneType":"SI_BUILT","name":"Pozidano zemljišče","authority":"MKGP","dataSource":"raba-3000"},"geometry":{"type":"Polygon","coordinates":[[[13.956773290066979,46.0196213768266],[13.95652330992701,46.0187031031689],[13.956512641490672,46.01962618236556],[13.956773290066979,46.0196213768266]]]}},{"type":"Feature","properties":{"_zoneType":"SI_BUILT","name":"Pozidano zemljišče","authority":"MKGP","dataSource":"raba-3000"},"geometry":{"type":"Polygon","coordinates":[[[13.919355467899544,46.00381630100941],[13.92,46.00331311691772],[13.92,46.002676395939304],[13.917012335381566,46.00406604113149],[13.915345624463162,46.002981331407625],[13.92,46.00166690162343],[13.92,46.00118915978375],[13.915052918478173,46.002523788499005],[13.915785614919866,46.0044901516663],[13.919355467899544,46.00381630100941]]]}},{"type":"Feature","properties":{"_zoneType":"SI_BUILT","name":"Pozidano zemljišče","authority":"MKGP","dataSource":"raba-3000"},"geometry":{"type":"Polygon","coordinates":[[[13.920809716384747,46.00268097399839],[13.928243986241291,46.00301578654521],[13.930219949187487,46.002152094932036],[13.931179419668883,46.00421740937339],[13.929738850833791,46.005361373872475],[13.926342874126917,46.00441233415571],[13.927091100109507,46.00519185670176],[13.926519789539052,46.00593691178224],[13.929494349891815,46.00612919690691],[13.931710102362999,46.00447816612815],[13.931774337951033,46.00330691271666],[13.930778555159359,46.00287782322489],[13.931552716719473,46.00109029949088],[13.927989915606954,46.00262863393142],[13.920596893122893,46.00239876448986],[13.92,46.002676395939304],[13.92,46.00331311691772],[13.920809716384747,46.00268097399839]]]}},{"type":"Feature","properties":{"_zoneType":"SI_BUILT","name":"Pozidano zemljišče","authority":"MKGP","dataSource":"raba-3000"},"geometry":{"type":"Polygon","coordinates":[[[13.925124646065926,46.000219663993114],[13.925301731015384,46.0],[13.924384978184195,46.0],[13.924372566386095,46.0000095243497],[13.92,46.00118915978375],[13.92,46.00166690162343],[13.925124646065926,46.000219663993114]]]}},{"type":"Feature","properties":{"_zoneType":"SI_BUILT","name":"Pozidano zemljišče","authority":"MKGP","dataSource":"raba-3000"},"geometry":{"type":"Polygon","coordinates":[[[13.928094119516176,46.023833220762405],[13.927885224504871,46.025437603221896],[13.930607701874028,46.0271395845889],[13.938819721584581,46.02877118676473],[13.93867041598729,46.031383312163065],[13.940492916023262,46.03197948698525],[13.937926667503879,46.03451067660278],[13.941368225981668,46.03489965212752],[13.941270878002943,46.03396081388175],[13.940095638253782,46.03472085839392],[13.93901479529663,46.03418220099807],[13.94078106035652,46.03218249936417],[13.941021683763868,46.030011422061705],[13.942847808466405,46.02878478867235],[13.941598815991737,46.02829649749414],[13.941701746924837,46.02927947971753],[13.939594634900784,46.03032412664588],[13.939695064366447,46.027976440647606],[13.93789615082272,46.0283237917176],[13.929211356244908,46.02601557065936],[13.928418312028368,46.0236905646096],[13.925821123720388,46.022739169097605],[13.929995536400702,46.02064768506826],[13.925592986474308,46.02208609666933],[13.925256171109737,46.02299759764069],[13.928094119516176,46.023833220762405]]]}},{"type":"Feature","properties":{"_zoneType":"SI_BUILT","name":"Pozidano zemljišče","authority":"MKGP","dataSource":"raba-3000"},"geometry":{"type":"Polygon","coordinates":[[[13.94227285497111,46.03490802841732],[13.942782837505202,46.03491274737452],[13.942733647400292,46.03455274853598],[13.94227285497111,46.03490802841732]]]}},{"type":"Feature","properties":{"_zoneType":"SI_BUILT","name":"Pozidano zemljišče","authority":"MKGP","dataSource":"raba-3000"},"geometry":{"type":"Polygon","coordinates":[[[13.941873373177964,46.023549516526195],[13.940703476439692,46.021124790400556],[13.939210218349254,46.0208633035261],[13.94059898918988,46.02152205517267],[13.941873373177964,46.023549516526195]]]}},{"type":"Feature","properties":{"_zoneType":"SI_BUILT","name":"Pozidano zemljišče","authority":"MKGP","dataSource":"raba-3000"},"geometry":{"type":"Polygon","coordinates":[[[13.941033826721572,46.02608852409752],[13.938638468418059,46.02522445907556],[13.935929861456263,46.02500220406952],[13.93657813769888,46.02616856626433],[13.941033826721572,46.02608852409752]]]}},{"type":"Feature","properties":{"_zoneType":"SI_BUILT","name":"Pozidano zemljišče","authority":"MKGP","dataSource":"raba-3000"},"geometry":{"type":"Polygon","coordinates":[[[13.937806870887815,46.01003476884888],[13.93714820923903,46.01009248687245],[13.937566522391245,46.01047136461998],[13.937806870887815,46.01003476884888]]]}},{"type":"Feature","properties":{"_zoneType":"SI_BUILT","name":"Pozidano zemljišče","authority":"MKGP","dataSource":"raba-3000"},"geometry":{"type":"Polygon","coordinates":[[[13.935172061472123,46.017673039826924],[13.934793720207535,46.01735751577801],[13.934908551439246,46.01780654205444],[13.935172061472123,46.017673039826924]]]}},{"type":"Feature","properties":{"_zoneType":"SI_BUILT","name":"Pozidano zemljišče","authority":"MKGP","dataSource":"raba-3000"},"geometry":{"type":"Polygon","coordinates":[[[13.925222123039887,46.03345699457204],[13.924030277231978,46.03175380078],[13.925769673937223,46.03117594065253],[13.92729314564202,46.031989470895425],[13.925314309709586,46.03029637727743],[13.92120551634232,46.03183532879171],[13.924527539078067,46.03368953558609],[13.925222123039887,46.03345699457204]]]}},{"type":"Feature","properties":{"_zoneType":"SI_BUILT","name":"Pozidano zemljišče","authority":"MKGP","dataSource":"raba-3000"},"geometry":{"type":"Polygon","coordinates":[[[13.903194813845118,46.02078074560597],[13.903121391318217,46.02126544011315],[13.903506832899094,46.02076766572655],[13.903194813845118,46.02078074560597]]]}},{"type":"Feature","properties":{"_zoneType":"SI_BUILT","name":"Pozidano zemljišče","authority":"MKGP","dataSource":"raba-3000"},"geometry":{"type":"Polygon","coordinates":[[[13.922274696371417,46.0269923087701],[13.921901645383684,46.026683253055786],[13.92146705946331,46.027163455654126],[13.922274696371417,46.0269923087701]]]}},{"type":"Feature","properties":{"_zoneType":"SI_BUILT","name":"Pozidano zemljišče","authority":"MKGP","dataSource":"raba-3000"},"geometry":{"type":"Polygon","coordinates":[[[13.921724524958815,46.03421995544786],[13.921856513163625,46.03436704056106],[13.921973633753012,46.03411504965508],[13.921724524958815,46.03421995544786]]]}},{"type":"Feature","properties":{"_zoneType":"SI_BUILT","name":"Pozidano zemljišče","authority":"MKGP","dataSource":"raba-3000"},"geometry":{"type":"Polygon","coordinates":[[[13.919259338265858,46.0324032235338],[13.918292995788834,46.03254979272917],[13.919181161667215,46.03251324669728],[13.919259338265858,46.0324032235338]]]}},{"type":"Feature","properties":{"_zoneType":"SI_BUILT","name":"Pozidano zemljišče","authority":"MKGP","dataSource":"raba-3000"},"geometry":{"type":"Polygon","coordinates":[[[13.91063078818542,46.03108520932283],[13.909565851789365,46.02902988252479],[13.908578858871742,46.03039209066407],[13.91040947868281,46.03117247612491],[13.91063078818542,46.03108520932283]]]}},{"type":"Feature","properties":{"_zoneType":"SI_BUILT","name":"Pozidano zemljišče","authority":"MKGP","dataSource":"raba-3000"},"geometry":{"type":"Polygon","coordinates":[[[13.895736936156018,46.027303758482276],[13.895577691903801,46.02717870764616],[13.895135270362905,46.0275447685953],[13.895736936156018,46.027303758482276]]]}},{"type":"Feature","properties":{"_zoneType":"SI_BUILT","name":"Pozidano zemljišče","authority":"MKGP","dataSource":"raba-3000"},"geometry":{"type":"Polygon","coordinates":[[[13.887310858066975,46.03176575438085],[13.888175025412977,46.03199576554597],[13.887974511744215,46.0328248115007],[13.888759577467155,46.03022394179429],[13.891421101265218,46.02977166848923],[13.89331440527168,46.027766401966],[13.888947775376463,46.029788047388834],[13.883707448507995,46.03298538152144],[13.887310858066975,46.03176575438085]]]}},{"type":"Feature","properties":{"_zoneType":"SI_BUILT","name":"Pozidano zemljišče","authority":"MKGP","dataSource":"raba-3000"},"geometry":{"type":"Polygon","coordinates":[[[13.883693170484388,46.00573906124409],[13.883517922389514,46.00562895062626],[13.882842608789241,46.00570994348305],[13.883392808947743,46.00612165527367],[13.883693170484388,46.00573906124409]]]}},{"type":"Feature","properties":{"_zoneType":"SI_BUILT","name":"Pozidano zemljišče","authority":"MKGP","dataSource":"raba-3000"},"geometry":{"type":"Polygon","coordinates":[[[13.882411301085854,46.03326086891259],[13.881617227799168,46.0321620847497],[13.880768966219797,46.03190859243539],[13.882022557950679,46.03319913272697],[13.882411301085854,46.03326086891259]]]}},{"type":"Feature","properties":{"_zoneType":"SI_BUILT","name":"Pozidano zemljišče","authority":"MKGP","dataSource":"raba-3000"},"geometry":{"type":"Polygon","coordinates":[[[13.876444896296267,46.025716562074884],[13.875954343123878,46.02547805957442],[13.875088423150693,46.02618139958272],[13.876444896296267,46.025716562074884]]]}},{"type":"Feature","properties":{"_zoneType":"SI_BUILT","name":"Pozidano zemljišče","authority":"MKGP","dataSource":"raba-3000"},"geometry":{"type":"Polygon","coordinates":[[[13.87223972800449,46.01044091288395],[13.873582846438481,46.00985368401072],[13.872751841410295,46.00995211283569],[13.87223972800449,46.01044091288395]]]}},{"type":"Feature","properties":{"_zoneType":"SI_BUILT","name":"Pozidano zemljišče","authority":"MKGP","dataSource":"raba-3000"},"geometry":{"type":"Polygon","coordinates":[[[13.865222673469743,46.02323770387088],[13.865259718159601,46.0234248062439],[13.865616986341722,46.023188010218064],[13.865222673469743,46.02323770387088]]]}},{"type":"Feature","properties":{"_zoneType":"SI_BUILT","name":"Pozidano zemljišče","authority":"MKGP","dataSource":"raba-3000"},"geometry":{"type":"Polygon","coordinates":[[[13.853342182872867,46.02615176479604],[13.85366380069778,46.02626158263499],[13.853500999383126,46.025945396863634],[13.853342182872867,46.02615176479604]]]}},{"type":"Feature","properties":{"_zoneType":"SI_BUILT","name":"Pozidano zemljišče","authority":"MKGP","dataSource":"raba-3000"},"geometry":{"type":"Polygon","coordinates":[[[13.858089895568716,46.03335939132552],[13.85831512711522,46.0335413396918],[13.858406510638863,46.03315728947177],[13.858089895568716,46.03335939132552]]]}},{"type":"Feature","properties":{"_zoneType":"SI_BUILT","name":"Pozidano zemljišče","authority":"MKGP","dataSource":"raba-3000"},"geometry":{"type":"Polygon","coordinates":[[[13.858574587197866,46.031994150249695],[13.858269087179282,46.03186926297786],[13.858437534420077,46.03215886464702],[13.858574587197866,46.031994150249695]]]}},{"type":"Feature","properties":{"_zoneType":"SI_BUILT","name":"Pozidano zemljišče","authority":"MKGP","dataSource":"raba-3000"},"geometry":{"type":"Polygon","coordinates":[[[13.854906109682148,46.019244001394505],[13.854555248136469,46.019169102220324],[13.85391440551933,46.01986997041807],[13.854713442917284,46.01963823938459],[13.854906109682148,46.019244001394505]]]}},{"type":"Feature","properties":{"_zoneType":"SI_BUILT","name":"Pozidano zemljišče","authority":"MKGP","dataSource":"raba-3000"},"geometry":{"type":"Polygon","coordinates":[[[13.835390090370135,46.027794568001084],[13.835385899911342,46.02799407841576],[13.835754681736729,46.027798355421396],[13.835390090370135,46.027794568001084]]]}},{"type":"Feature","properties":{"_zoneType":"SI_BUILT","name":"Pozidano zemljišče","authority":"MKGP","dataSource":"raba-3000"},"geometry":{"type":"Polygon","coordinates":[[[13.83013259637042,46.024529873561924],[13.829851888020743,46.02456122993216],[13.830096723628918,46.02531536273761],[13.83013259637042,46.024529873561924]]]}},{"type":"Feature","properties":{"_zoneType":"SI_BUILT","name":"Pozidano zemljišče","authority":"MKGP","dataSource":"raba-3000"},"geometry":{"type":"Polygon","coordinates":[[[13.825860431931153,46.01120179580484],[13.82571137724271,46.011043875472595],[13.825376380324625,46.01144982036071],[13.825860431931153,46.01120179580484]]]}},{"type":"Feature","properties":{"_zoneType":"SI_BUILT","name":"Pozidano zemljišče","authority":"MKGP","dataSource":"raba-3000"},"geometry":{"type":"Polygon","coordinates":[[[13.808683259726445,46.010248433161344],[13.808627110686261,46.01088454592129],[13.808903484237021,46.010294015541184],[13.808683259726445,46.010248433161344]]]}},{"type":"Feature","properties":{"_zoneType":"SI_BUILT","name":"Pozidano zemljišče","authority":"MKGP","dataSource":"raba-3000"},"geometry":{"type":"Polygon","coordinates":[[[13.97454755418512,46.11850352391015],[13.964973867090944,46.116458278015585],[13.965875595005977,46.117887934414696],[13.967513659520122,46.117914426043804],[13.966638858829743,46.11875470970802],[13.967032818428475,46.119659776210355],[13.96936915863469,46.11937706318317],[13.969069292866298,46.12],[13.969975629710058,46.12],[13.969901880556343,46.119945477837966],[13.970256123066804,46.12],[13.971205776592624,46.12],[13.970009343595555,46.11900277113745],[13.973430759435598,46.118780229673234],[13.97499329550896,46.12],[13.977306010287725,46.12],[13.97454755418512,46.11850352391015]]]}},{"type":"Feature","properties":{"_zoneType":"SI_BUILT","name":"Pozidano zemljišče","authority":"MKGP","dataSource":"raba-3000"},"geometry":{"type":"Polygon","coordinates":[[[13.993697116964764,46.09596480082775],[13.993817285138398,46.09495382635696],[13.992728842178213,46.094483756781266],[13.993781511910017,46.09635810385467],[13.997365382747851,46.09458051689222],[13.998810105251886,46.09483458641836],[14.0,46.09599054395121],[14.0,46.0952375919811],[13.99753522405921,46.093873075918204],[13.993697116964764,46.09596480082775]]]}},{"type":"Feature","properties":{"_zoneType":"SI_BUILT","name":"Pozidano zemljišče","authority":"MKGP","dataSource":"raba-3000"},"geometry":{"type":"Polygon","coordinates":[[[13.997210384509469,46.0963531959108],[13.995505406992201,46.09828295582081],[13.9975702244694,46.09733337858325],[14.0,46.0980958675089],[14.0,46.097105600999434],[13.999439328595793,46.0973789737803],[13.997210384509469,46.0963531959108]]]}},{"type":"Feature","properties":{"_zoneType":"SI_BUILT","name":"Pozidano zemljišče","authority":"MKGP","dataSource":"raba-3000"},"geometry":{"type":"Polygon","coordinates":[[[13.997943256417757,46.10024693086316],[13.996962468827698,46.101167408834],[13.990877689487998,46.102112197951676],[13.989993785422657,46.10374348633914],[13.987338255571768,46.10345036370153],[13.989885303412342,46.10399861628113],[13.991923388395673,46.10310870499292],[13.994329564597315,46.10465453779545],[13.990436302906948,46.10708994327892],[13.988732796408026,46.10714501178545],[13.988317512617213,46.10609628882615],[13.985208637882952,46.10571452930681],[13.983626853622598,46.103183308863386],[13.9829599866065,46.10393539303012],[13.978961991177972,46.101840735285826],[13.984762559757817,46.10645238347899],[13.987768806322748,46.106235487589935],[13.98882989136499,46.10740726023771],[13.990618442847497,46.107299945918605],[13.993455675533164,46.10621866378803],[13.996465647690455,46.10418695661666],[13.998044088232577,46.104898932137154],[14.0,46.104306018250064],[14.0,46.1030841417895],[13.998534884269144,46.104046549754806],[13.993056605370692,46.103582789141704],[13.993898954154488,46.10186880350526],[13.996672110858375,46.10223075144466],[13.997784258855843,46.10073810298261],[13.999427581267565,46.101260689895845],[14.0,46.100771968220826],[14.0,46.100296950761816],[13.999453695098607,46.100902422454176],[13.997943256417757,46.10024693086316]]]}},{"type":"Feature","properties":{"_zoneType":"SI_BUILT","name":"Pozidano zemljišče","authority":"MKGP","dataSource":"raba-3000"},"geometry":{"type":"Polygon","coordinates":[[[13.996672365416357,46.105718783669694],[13.995844855880678,46.107034781652395],[13.993580835148977,46.10714285812647],[13.997434726235264,46.10719004730952],[13.996439996667158,46.10751585805479],[13.996674703131175,46.108814597878236],[13.991937681293614,46.11174609689017],[13.988964273037585,46.11154778881232],[13.986489032705066,46.10952101631478],[13.982185270105285,46.10942299612252],[13.980833337312848,46.11026109600901],[13.97725440019818,46.10931993960643],[13.975884943156572,46.108253350685715],[13.97704767867802,46.106803106544234],[13.97277105524018,46.10855743803841],[13.974109274264993,46.10967292568791],[13.973107064207916,46.110356790951],[13.974724699091258,46.11157393805554],[13.975566471873705,46.11005890746469],[13.977185478081937,46.10992591347224],[13.977343349725388,46.11088351082214],[13.979547680226414,46.1114018907322],[13.982226511082843,46.109669496552634],[13.986546399395689,46.10981395005121],[13.98875458490886,46.11189845967321],[13.987765611420368,46.11241270726852],[13.986566098771103,46.11140296001607],[13.985287086100676,46.11209962669139],[13.986890524742691,46.11298800195663],[13.99531532298049,46.11112265469904],[13.996177475468713,46.10931052156807],[14.0,46.108066403796556],[14.0,46.107639774120614],[13.998498817223773,46.10788669793344],[14.0,46.10579098609957],[14.0,46.104700646620124],[13.999495564113664,46.10597673654746],[13.996672365416357,46.105718783669694]],[[13.997511009291589,46.106477043207036],[13.997791452651349,46.106162227834716],[13.998647999778328,46.106217612961665],[13.998491259626666,46.10712727666204],[13.997511009291589,46.106477043207036]],[[13.979359706927317,46.11070464505054],[13.979790402473325,46.11026746699715],[13.980310430063026,46.110861639461866],[13.979359706927317,46.11070464505054]],[[13.976575105369855,46.10963079319662],[13.975019803312968,46.109780937999574],[13.973927861606942,46.10910831289982],[13.97607812868352,46.10887922661597],[13.976575105369855,46.10963079319662]]]}},{"type":"Feature","properties":{"_zoneType":"SI_BUILT","name":"Pozidano zemljišče","authority":"MKGP","dataSource":"raba-3000"},"geometry":{"type":"Polygon","coordinates":[[[13.999978003548382,46.111139488257884],[13.997034698107242,46.112743603964326],[13.996677975321843,46.113480595391465],[13.997805965889505,46.11378556664124],[13.997179554697354,46.11311154854747],[13.998451218542566,46.112041705471114],[14.0,46.11179754278621],[14.0,46.11077236550682],[13.996930898735569,46.11114667351444],[13.999978003548382,46.111139488257884]]]}},{"type":"Feature","properties":{"_zoneType":"SI_BUILT","name":"Pozidano zemljišče","authority":"MKGP","dataSource":"raba-3000"},"geometry":{"type":"Polygon","coordinates":[[[13.965257289239984,46.13825609746317],[13.966398230359891,46.13702539567134],[13.970743111701903,46.13804096950155],[13.97255491617357,46.14045067652113],[13.971572157213314,46.13806909827399],[13.973116827904997,46.13786022463719],[13.97557634473951,46.1399649461514],[13.974199875320446,46.14117035371762],[13.972779305450743,46.140674954363995],[13.971631335845247,46.14332708809039],[13.973912134335176,46.144814166371035],[13.973476493144252,46.1457557759331],[13.974337105057092,46.1467271670787],[13.97305807114426,46.148854986236756],[13.973440065726809,46.149732954479525],[13.971626636290114,46.149588275707224],[13.971462611687954,46.148283753307425],[13.96773092182513,46.149007622929695],[13.968862943098813,46.14729451161257],[13.970949651138081,46.14637635348472],[13.970195859001631,46.146297065511426],[13.96869880283206,46.14707491482873],[13.967078629386974,46.14879304745328],[13.965326575222027,46.148828246411824],[13.969863003500489,46.149739246654136],[13.967824196129214,46.15048225047912],[13.969045340201875,46.15159023032061],[13.96540285989739,46.15089056551839],[13.964790853953605,46.14968083473479],[13.964310343282364,46.1518617898085],[13.969892098755633,46.15214508452619],[13.972801352467068,46.151160662988524],[13.976110991756919,46.15303009735139],[13.97586314428225,46.15195283014285],[13.9768842618349,46.1515513975793],[13.97959697598622,46.15354713330994],[13.979883257909984,46.15166772463805],[13.981112130341897,46.1549892519305],[13.983183207397264,46.154012756490474],[13.981898537684453,46.15623616825301],[13.984002891728984,46.15471739349949],[13.986465291013598,46.155837690908655],[13.98897180463975,46.15348622850198],[13.992358408143009,46.15352942001436],[13.989752911308585,46.15252102690623],[13.9902855386636,46.15179278325308],[13.99237769222555,46.15219435146003],[13.98966247472871,46.15125501213001],[13.988033023963576,46.152792009871305],[13.988704016228445,46.151459364715144],[13.987649066441152,46.15086522540359],[13.994694143569307,46.14824884046082],[13.995593717254662,46.14716866898208],[13.999646891817445,46.14831421375736],[14.0,46.149005557261894],[14.0,46.14822271178934],[13.999950081244346,46.14812325456993],[13.99742784376478,46.147541784597884],[13.998168435809394,46.14579633354505],[13.995974362394987,46.146609093002326],[13.994063551448766,46.145434689611555],[13.996407007514119,46.143330671405266],[13.998845421760944,46.14371656233222],[13.999306777154814,46.142840515382225],[14.0,46.14316899389135],[14.0,46.141502004032986],[13.999582073713448,46.141999247741865],[13.99746334752853,46.14089771348905],[13.998318849922352,46.13948017569268],[13.995965600000709,46.13898469120208],[13.997340594664971,46.142218971149866],[13.993252038486892,46.14506373704073],[13.993732665490949,46.14673763561828],[13.991660622743474,46.146828485677105],[13.993876174215083,46.14736118944635],[13.992993255598952,46.148577995709175],[13.990343403670876,46.14870136516131],[13.990474474615905,46.147695546995266],[13.988973662880237,46.14712171723191],[13.989663407653852,46.14867030717016],[13.987414451568025,46.15009767047928],[13.985019881402122,46.14992976587037],[13.986054693730608,46.15109815402913],[13.984432026450326,46.15105644863272],[13.985182580048686,46.15192257921655],[13.983696246699209,46.15267515545426],[13.983123856761438,46.14970529188923],[13.985985180711575,46.14814586335414],[13.985078761476409,46.14694112034374],[13.98385866501463,46.14737906072165],[13.983880621623028,46.145898846877415],[13.983189012285068,46.14693056220994],[13.9845335383205,46.14842143048721],[13.982264463385995,46.150214049788346],[13.983022641190473,46.15254010164444],[13.981958012054617,46.1535287265388],[13.980370339113993,46.15139337059378],[13.980932700861597,46.14973655390788],[13.979832478575759,46.14802601916713],[13.982288811284022,46.14657174584192],[13.981276373728939,46.14619665075222],[13.981458732834504,46.14514377956967],[13.985146280556206,46.14515906387874],[13.984937657587103,46.14418578530158],[13.98631056513863,46.14460511316399],[13.991259452406062,46.1428071301766],[13.988487080805426,46.141735208755165],[13.989760089879448,46.140303133999794],[13.98671732995237,46.14192447178987],[13.985977246226858,46.140960423857855],[13.98802353426495,46.13901191815637],[13.988387226853597,46.13603991656487],[13.990283114713856,46.136663925725834],[13.990896520482083,46.1341037971634],[13.992738757990017,46.13584832038954],[13.993266201612014,46.13520380682349],[13.992415789762466,46.13423093554728],[13.99410017420278,46.13510444254142],[13.996804878211593,46.13401814061969],[14.0,46.13610973165152],[14.0,46.135687138627866],[13.998535622323457,46.13509344152414],[14.0,46.13514922950243],[14.0,46.13424016669529],[13.999121114232079,46.13410663536265],[13.995493461299265,46.1316406226773],[13.997448213241558,46.13154429380117],[13.996456040263466,46.130876017416895],[13.996865047407741,46.13027851964501],[13.995462525830789,46.130043072842525],[13.994843835544977,46.13131586961069],[13.99384544029002,46.128859025598864],[13.99267703063434,46.12944553911267],[13.99211536773543,46.1288064319892],[13.994160340179924,46.12785262985438],[13.99268493687159,46.12801094889167],[13.993304003296254,46.1271138663232],[13.992338477781827,46.12664634817717],[13.993914352853265,46.12653757965587],[13.994962106725964,46.12756781955227],[13.995719706571041,46.12657863153947],[14.0,46.12549643391237],[14.0,46.1235765405854],[13.997082725681013,46.125756219074596],[13.993155738847175,46.12624056282284],[13.992845173941669,46.125143055024495],[13.991276008973644,46.124635220944995],[13.987815099448296,46.12634642898719],[13.983449777867339,46.12503418290471],[13.983705668416448,46.12404245820692],[13.981965788341972,46.12311408693087],[13.982126254931444,46.121038264478145],[13.980615290432922,46.121795300859496],[13.977306010287725,46.12],[13.97499329550896,46.12],[13.981038333542646,46.124718968184695],[13.980271159625534,46.12534724964364],[13.975101359361666,46.12155972768829],[13.975759407875834,46.12290055999081],[13.97513617063928,46.1234182934789],[13.978405945876457,46.124325664017555],[13.98112360767795,46.12732275556648],[13.979992696371305,46.12972799454529],[13.978260274270419,46.12920778384419],[13.977389965917572,46.129451429238095],[13.978605384643426,46.13040124308482],[13.976035481344724,46.130095489943415],[13.975851699506855,46.13192791405581],[13.978787681467743,46.13140816755552],[13.983101548831181,46.12784923547842],[13.986563791785082,46.12915130763903],[13.985799040335419,46.13011700008731],[13.986386207618674,46.136831379920416],[13.98371262211721,46.13877343999963],[13.987178422479566,46.13947120712853],[13.985052305535307,46.14051685574131],[13.985562554022064,46.141463526650725],[13.983470535885708,46.14296314076748],[13.983757946361788,46.14389585158038],[13.981736773104629,46.14323143382965],[13.980550829846715,46.14396104181657],[13.981280963177253,46.14470730894335],[13.980582935214148,46.14518543131731],[13.978928061293821,46.14387880366006],[13.978308098712557,46.14515878891852],[13.97680834596348,46.14402394268576],[13.976990692443028,46.14510459116538],[13.978925469701501,46.145824130668295],[13.97408543516492,46.14841985830925],[13.9747997681955,46.14678005154992],[13.973920886125198,46.14563547273615],[13.974484124598755,46.144644604684395],[13.972495743513106,46.14342442623038],[13.97527948590065,46.140722765523265],[13.977201007986025,46.141287840614154],[13.97348254021176,46.13762839349964],[13.974359508043019,46.13553364281767],[13.975849437437942,46.13469737577566],[13.975345698748882,46.134168562887155],[13.974509216042682,46.13517950383501],[13.972325789080022,46.13531571755251],[13.971472366678745,46.136871648359644],[13.969418516777804,46.13551859924618],[13.969425205588282,46.13450280904963],[13.97547230215775,46.13227690690938],[13.97369089540576,46.13185758394393],[13.970292040260182,46.13287414759849],[13.97009675451194,46.13188286542699],[13.967333345249434,46.131385016910954],[13.966501447651982,46.13253427913025],[13.965618162493584,46.12988805881942],[13.967582779612007,46.12891959624923],[13.97018548990319,46.12638118081934],[13.969952510731986,46.12535393580814],[13.96739508505564,46.128695623055954],[13.965286841396335,46.12959121500158],[13.965850557465187,46.13194883621279],[13.964655497065756,46.133453801008606],[13.968277596589147,46.132287457824276],[13.967230994606629,46.13349576178468],[13.968437242069935,46.13439204411726],[13.967725224952753,46.13550508052118],[13.964631927375747,46.13471140981575],[13.96458605539143,46.137401739114836],[13.965414540251283,46.137464481123295],[13.965257289239984,46.13825609746317]],[[13.993453882280587,46.133142027465794],[13.994343139942444,46.13220363846782],[13.995453012832519,46.132766167811916],[13.993061257804658,46.13401966289051],[13.991255871690289,46.13188455160313],[13.993276757263157,46.131902460927236],[13.993453882280587,46.133142027465794]],[[13.995070247811423,46.146464698284134],[13.99467489579896,46.146797891213204],[13.994577809925486,46.14616648446707],[13.995070247811423,46.146464698284134]],[[13.990609017240756,46.14935354972504],[13.98990102821339,46.14961848637872],[13.98944937444904,46.149112477730114],[13.990201007427384,46.148957445240214],[13.990609017240756,46.14935354972504]],[[13.98951726415705,46.130662269777496],[13.990747572155716,46.133112134138095],[13.988889569050535,46.13373543051356],[13.98846651086345,46.13116189136214],[13.98951726415705,46.130662269777496]],[[13.989927012633247,46.13398862854022],[13.989649676556402,46.13571027110142],[13.98863251864536,46.13530642498163],[13.988820991207561,46.13408481726935],[13.989927012633247,46.13398862854022]],[[13.98779642687254,46.14328807858964],[13.987087247070052,46.14328656328003],[13.987815239439962,46.14294452346388],[13.98779642687254,46.14328807858964]],[[13.987379089287037,46.152837475963786],[13.986790412782376,46.1530400152636],[13.986101483501557,46.15242890823039],[13.986771415089985,46.15162915216398],[13.987379089287037,46.152837475963786]],[[13.987144956038621,46.15434043806284],[13.98602408014492,46.15487308987179],[13.985685503581852,46.153989604471],[13.98677505223127,46.15394564568427],[13.987144956038621,46.15434043806284]],[[13.983697159158496,46.12662637573198],[13.982019517614933,46.127669141263084],[13.981246842690224,46.126887733336424],[13.982554502233695,46.12611151685051],[13.983697159158496,46.12662637573198]],[[13.977566443072162,46.146609695144555],[13.980203998113176,46.146127745731334],[13.980392487195939,46.147053105699435],[13.978411263363183,46.147925422835556],[13.979385741281806,46.14880572827468],[13.978483097287741,46.14927823238668],[13.978677450013976,46.15092256979116],[13.974419867451314,46.14907116887324],[13.977066236046767,46.14804349727108],[13.978056798331398,46.14878491679585],[13.977566443072162,46.146609695144555]],[[13.974799142988756,46.1516062055234],[13.975392094607153,46.15138137109113],[13.975083009967733,46.15193925534634],[13.974799142988756,46.1516062055234]],[[13.973326924750271,46.15036514019912],[13.972930034120042,46.15075511216657],[13.971786849625284,46.149905715456036],[13.973326924750271,46.15036514019912]],[[13.970338532311933,46.151559443728566],[13.969779748815089,46.15184481931302],[13.969873109449397,46.1511288105043],[13.970338532311933,46.151559443728566]],[[13.970045669257036,46.13732079517785],[13.968525693611753,46.137086656682655],[13.968311053783191,46.13651586859056],[13.969843511632183,46.13685714828014],[13.970045669257036,46.13732079517785]]]}},{"type":"Feature","properties":{"_zoneType":"SI_BUILT","name":"Pozidano zemljišče","authority":"MKGP","dataSource":"raba-3000"},"geometry":{"type":"Polygon","coordinates":[[[13.968471476904618,46.121241894245586],[13.97431758290641,46.120784073178534],[13.971602176430826,46.12033039991435],[13.971205776592624,46.12],[13.970256123066804,46.12],[13.970636908787283,46.12005860747973],[13.970525227530034,46.12040631329152],[13.969975629710058,46.12],[13.969069292866298,46.12],[13.968471476904618,46.121241894245586]]]}},{"type":"Feature","properties":{"_zoneType":"SI_BUILT","name":"Pozidano zemljišče","authority":"MKGP","dataSource":"raba-3000"},"geometry":{"type":"Polygon","coordinates":[[[14.0,46.129833103350045],[14.0,46.128041613799454],[13.998822723398622,46.12919625029526],[14.0,46.129833103350045]]]}},{"type":"Feature","properties":{"_zoneType":"SI_BUILT","name":"Pozidano zemljišče","authority":"MKGP","dataSource":"raba-3000"},"geometry":{"type":"Polygon","coordinates":[[[13.995703229134474,46.135382486535846],[13.99329370964189,46.136639135059724],[13.993412098913506,46.13760135439722],[13.995760491743921,46.13567361822661],[13.998368207748427,46.137351241153034],[14.0,46.137465344236126],[14.0,46.13683069095874],[13.99857779713286,46.137090643957876],[13.995703229134474,46.135382486535846]]]}},{"type":"Feature","properties":{"_zoneType":"SI_BUILT","name":"Pozidano zemljišče","authority":"MKGP","dataSource":"raba-3000"},"geometry":{"type":"Polygon","coordinates":[[[13.997418179012158,46.181851793740606],[14.0,46.1817853525036],[14.0,46.18117337603716],[13.998272890326467,46.18089549446719],[13.997418179012158,46.181851793740606]]]}},{"type":"Feature","properties":{"_zoneType":"SI_BUILT","name":"Pozidano zemljišče","authority":"MKGP","dataSource":"raba-3000"},"geometry":{"type":"Polygon","coordinates":[[[13.964839143745715,46.19460862842061],[13.963507070762617,46.194632860475636],[13.963491844191338,46.19592709439334],[13.964598295382087,46.19537517310629],[13.964839143745715,46.19460862842061]]]}},{"type":"Feature","properties":{"_zoneType":"SI_BUILT","name":"Pozidano zemljišče","authority":"MKGP","dataSource":"raba-3000"},"geometry":{"type":"Polygon","coordinates":[[[13.964415024493734,46.19143061507157],[13.963571114158304,46.191226371301816],[13.964330620407738,46.19155984037207],[13.964415024493734,46.19143061507157]]]}},{"type":"Feature","properties":{"_zoneType":"SI_BUILT","name":"Pozidano zemljišče","authority":"MKGP","dataSource":"raba-3000"},"geometry":{"type":"Polygon","coordinates":[[[13.97024287402493,46.13037287634865],[13.969993112950007,46.13061212947122],[13.970837293426376,46.13143253904663],[13.97024287402493,46.13037287634865]]]}},{"type":"Feature","properties":{"_zoneType":"SI_BUILT","name":"Pozidano zemljišče","authority":"MKGP","dataSource":"raba-3000"},"geometry":{"type":"Polygon","coordinates":[[[13.96873940512669,46.13086673313646],[13.969011099092342,46.1309537469892],[13.96897099024053,46.13040492851998],[13.96873940512669,46.13086673313646]]]}},{"type":"Feature","properties":{"_zoneType":"SI_BUILT","name":"Pozidano zemljišče","authority":"MKGP","dataSource":"raba-3000"},"geometry":{"type":"Polygon","coordinates":[[[13.984329081136494,46.12933749784685],[13.984432669596186,46.1295125578478],[13.985444396174472,46.12940446991618],[13.984329081136494,46.12933749784685]]]}},{"type":"Feature","properties":{"_zoneType":"SI_BUILT","name":"Pozidano zemljišče","authority":"MKGP","dataSource":"raba-3000"},"geometry":{"type":"Polygon","coordinates":[[[13.984212489661822,46.130296773196015],[13.984347139202967,46.13015578431738],[13.983961907251548,46.13018775873139],[13.984212489661822,46.130296773196015]]]}},{"type":"Feature","properties":{"_zoneType":"SI_BUILT","name":"Pozidano zemljišče","authority":"MKGP","dataSource":"raba-3000"},"geometry":{"type":"Polygon","coordinates":[[[13.975119248375998,46.137189085864755],[13.974897311332787,46.13697053031954],[13.974857706243265,46.137325023259855],[13.975119248375998,46.137189085864755]]]}},{"type":"Feature","properties":{"_zoneType":"SI_BUILT","name":"Pozidano zemljišče","authority":"MKGP","dataSource":"raba-3000"},"geometry":{"type":"Polygon","coordinates":[[[13.971444990640988,46.13476693080867],[13.971576212649914,46.13493772055683],[13.97170382997489,46.13465758620408],[13.971444990640988,46.13476693080867]]]}},{"type":"Feature","properties":{"_zoneType":"SI_BUILT","name":"Pozidano zemljišče","authority":"MKGP","dataSource":"raba-3000"},"geometry":{"type":"Polygon","coordinates":[[[13.980443482712797,46.12075081611312],[13.980145995387339,46.12071809298614],[13.980393968458749,46.12093150655676],[13.980443482712797,46.12075081611312]]]}},{"type":"Feature","properties":{"_zoneType":"SI_BUILT","name":"Pozidano zemljišče","authority":"MKGP","dataSource":"raba-3000"},"geometry":{"type":"Polygon","coordinates":[[[13.981999245510833,46.11122800499569],[13.981945210113107,46.11107191469127],[13.98168032490525,46.11127851331114],[13.981999245510833,46.11122800499569]]]}},{"type":"Feature","properties":{"_zoneType":"SI_BUILT","name":"Pozidano zemljišče","authority":"MKGP","dataSource":"raba-3000"},"geometry":{"type":"Polygon","coordinates":[[[13.995046538059666,46.094441114917984],[13.994925097922017,46.094589822501334],[13.99528273391808,46.09455146623979],[13.995046538059666,46.094441114917984]]]}},{"type":"Feature","properties":{"_zoneType":"SI_BUILT","name":"Pozidano zemljišče","authority":"MKGP","dataSource":"raba-3000"},"geometry":{"type":"Polygon","coordinates":[[[13.971169794307448,46.1398534477588],[13.971315334359794,46.139642534756646],[13.970823712590462,46.13975346758222],[13.971169794307448,46.1398534477588]]]}},{"type":"Feature","properties":{"_zoneType":"SI_BUILT","name":"Pozidano zemljišče","authority":"MKGP","dataSource":"raba-3000"},"geometry":{"type":"Polygon","coordinates":[[[13.981212946485957,46.1570549463113],[13.98172147703712,46.156993730361165],[13.98123398874553,46.15692230599408],[13.981212946485957,46.1570549463113]]]}},{"type":"Feature","properties":{"_zoneType":"SI_BUILT","name":"Pozidano zemljišče","authority":"MKGP","dataSource":"raba-3000"},"geometry":{"type":"Polygon","coordinates":[[[13.9921658435792,46.14992403346352],[13.99191742700846,46.149831290761156],[13.99140790333621,46.15035693084001],[13.9921658435792,46.14992403346352]]]}},{"type":"Feature","properties":{"_zoneType":"SI_BUILT","name":"Pozidano zemljišče","authority":"MKGP","dataSource":"raba-3000"},"geometry":{"type":"Polygon","coordinates":[[[13.965557932869599,46.11831548537327],[13.965906889242769,46.11827995166987],[13.965539568605793,46.11820458773531],[13.965557932869599,46.11831548537327]]]}},{"type":"Feature","properties":{"_zoneType":"SI_BUILT","name":"Pozidano zemljišče","authority":"MKGP","dataSource":"raba-3000"},"geometry":{"type":"Polygon","coordinates":[[[13.971595083804829,46.121841906122135],[13.972937581652864,46.121718398608685],[13.972203132227799,46.12137189976632],[13.971595083804829,46.121841906122135]]]}},{"type":"Feature","properties":{"_zoneType":"SI_BUILT","name":"Pozidano zemljišče","authority":"MKGP","dataSource":"raba-3000"},"geometry":{"type":"Polygon","coordinates":[[[13.974361758710568,46.12176818647166],[13.974077562155102,46.121575414397626],[13.974110383081621,46.121934120971325],[13.974361758710568,46.12176818647166]]]}},{"type":"Feature","properties":{"_zoneType":"SI_BUILT","name":"Pozidano zemljišče","authority":"MKGP","dataSource":"raba-3000"},"geometry":{"type":"Polygon","coordinates":[[[14.0,46.12661043972962],[14.0,46.12652050286298],[13.999515589569459,46.126137603315165],[13.999771938047239,46.12668921075522],[14.0,46.12661043972962]]]}},{"type":"Feature","properties":{"_zoneType":"SI_BUILT","name":"Pozidano zemljišče","authority":"MKGP","dataSource":"raba-3000"},"geometry":{"type":"Polygon","coordinates":[[[13.996265601427323,46.1295058191768],[13.996210920955914,46.129730233337035],[13.996571439865543,46.12956429978851],[13.996265601427323,46.1295058191768]]]}},{"type":"Feature","properties":{"_zoneType":"SI_BUILT","name":"Pozidano zemljišče","authority":"MKGP","dataSource":"raba-3000"},"geometry":{"type":"Polygon","coordinates":[[[13.996063419565253,46.12857694963698],[13.995017242786211,46.128367113242255],[13.993928815075803,46.12882234505971],[13.995864504320402,46.128730441487924],[13.996063419565253,46.12857694963698]]]}},{"type":"Feature","properties":{"_zoneType":"SI_BUILT","name":"Pozidano zemljišče","authority":"MKGP","dataSource":"raba-3000"},"geometry":{"type":"Polygon","coordinates":[[[13.997256256585395,46.12837341986517],[13.99702652410709,46.12819815949727],[13.997074943004195,46.128533692568055],[13.997256256585395,46.12837341986517]]]}},{"type":"Feature","properties":{"_zoneType":"SI_BUILT","name":"Pozidano zemljišče","authority":"MKGP","dataSource":"raba-3000"},"geometry":{"type":"Polygon","coordinates":[[[13.996697092827329,46.12758248792124],[13.9967228370962,46.127725074192966],[13.997058663448545,46.127528042709606],[13.996697092827329,46.12758248792124]]]}},{"type":"Feature","properties":{"_zoneType":"SI_BUILT","name":"Pozidano zemljišče","authority":"MKGP","dataSource":"raba-3000"},"geometry":{"type":"Polygon","coordinates":[[[13.998563738008666,46.128090426348784],[13.998038833965461,46.12764849204353],[13.99827230418241,46.12815773962935],[13.998563738008666,46.128090426348784]]]}},{"type":"Feature","properties":{"_zoneType":"SI_BUILT","name":"Pozidano zemljišče","authority":"MKGP","dataSource":"raba-3000"},"geometry":{"type":"Polygon","coordinates":[[[13.99974405471075,46.131238760774906],[14.0,46.13125997864276],[14.0,46.131167030175654],[13.999790293318316,46.131096880358385],[13.99974405471075,46.131238760774906]]]}},{"type":"Feature","properties":{"_zoneType":"SI_BUILT","name":"Pozidano zemljišče","authority":"MKGP","dataSource":"raba-3000"},"geometry":{"type":"Polygon","coordinates":[[[13.996993386890912,46.14470469355688],[13.997526006643305,46.14486361259545],[13.998386708901593,46.14413734955812],[13.997625004857223,46.14411125964397],[13.996993386890912,46.14470469355688]]]}},{"type":"Feature","properties":{"_zoneType":"SI_BUILT","name":"Pozidano zemljišče","authority":"MKGP","dataSource":"raba-3000"},"geometry":{"type":"Polygon","coordinates":[[[13.965353750067639,46.096158907395306],[13.968986430586895,46.09550534120192],[13.96539571886329,46.093914925360814],[13.965399145493747,46.0949117022604],[13.96720693534529,46.09520284656009],[13.965353750067639,46.096158907395306]]]}},{"type":"Feature","properties":{"_zoneType":"SI_BUILT","name":"Pozidano zemljišče","authority":"MKGP","dataSource":"raba-3000"},"geometry":{"type":"Polygon","coordinates":[[[13.99324154553287,46.079530140004444],[13.997995823218872,46.08],[13.998134500757642,46.08],[13.994228004003832,46.07935166960642],[13.994704395665327,46.077982017129266],[13.993850128324366,46.07707717326772],[13.991761184204151,46.076457222322716],[13.98970666286142,46.07661859908276],[13.986208805752192,46.07946465541835],[13.98708460874428,46.08],[13.991377919791967,46.08],[13.99324154553287,46.079530140004444]],[[13.991994162265103,46.076801930105084],[13.9941557875393,46.07807979034567],[13.989588203808289,46.07856942571685],[13.989056242090125,46.07793327551811],[13.989823359173194,46.07683063415404],[13.991994162265103,46.076801930105084]]]}},{"type":"Feature","properties":{"_zoneType":"SI_BUILT","name":"Pozidano zemljišče","authority":"MKGP","dataSource":"raba-3000"},"geometry":{"type":"Polygon","coordinates":[[[14.0,46.079496917857334],[13.999548427566545,46.07923427934887],[13.998679868998483,46.07536391588161],[14.0,46.0752183535161],[14.0,46.07520095846443],[13.999186642302599,46.07446055942486],[14.0,46.07448211077669],[14.0,46.07391078067906],[13.995601114948508,46.07345843834081],[13.994330802542004,46.074068728345],[13.998271145532534,46.07492057169848],[13.999149656890097,46.07797973575157],[13.99822296030504,46.08],[14.0,46.08],[14.0,46.079496917857334]]]}},{"type":"Feature","properties":{"_zoneType":"SI_BUILT","name":"Pozidano zemljišče","authority":"MKGP","dataSource":"raba-3000"},"geometry":{"type":"Polygon","coordinates":[[[13.983842955226013,46.079905232594065],[13.983730369193758,46.08],[13.983773227639238,46.08],[13.983842955226013,46.079905232594065]]]}},{"type":"Feature","properties":{"_zoneType":"SI_BUILT","name":"Pozidano zemljišče","authority":"MKGP","dataSource":"raba-3000"},"geometry":{"type":"Polygon","coordinates":[[[13.971283409908388,46.08973529419012],[13.96681359929677,46.0911851319268],[13.968000865914268,46.091122529171535],[13.973082028709129,46.09448554943722],[13.973286622907189,46.09255959452993],[13.975669810801858,46.09420657068469],[13.977406609457288,46.09401116237308],[13.976611773779412,46.09579911704888],[13.97851122299318,46.096150871155224],[13.977588601168186,46.092805634199884],[13.973947117866809,46.090627584428866],[13.976589349919303,46.08937167808925],[13.975828079151697,46.087843028535005],[13.979225775779073,46.085757298464884],[13.980090880717688,46.08646571764617],[13.986286486150039,46.085736041785104],[13.984909580418803,46.08414704818854],[13.985349749576137,46.081519830923476],[13.991377919791967,46.08],[13.98708460874428,46.08],[13.987559092163794,46.080290033409355],[13.984599720498498,46.08149375751987],[13.984435153372551,46.08359746114457],[13.982624864234298,46.08156075128924],[13.983773227639238,46.08],[13.983730369193758,46.08],[13.981928874486341,46.08151637798049],[13.985203959159064,46.0856289079784],[13.981540551380805,46.085632199238155],[13.982959242394251,46.08477399010476],[13.977117082839047,46.08521183795694],[13.975820621890852,46.08329533216376],[13.975987769270198,46.08657641128887],[13.97245662702038,46.086238215482474],[13.973638181256225,46.08695448078082],[13.972196139117948,46.088320933733215],[13.969986066809684,46.08842801197247],[13.970469969083798,46.08734169150268],[13.969752635346635,46.08720728558062],[13.965553090670655,46.09046093086743],[13.9720754480647,46.08864052542218],[13.971283409908388,46.08973529419012]],[[13.976225590459226,46.09349108131267],[13.975580693075315,46.09364867845477],[13.974478471022467,46.09267333526025],[13.97525742925082,46.09222930341758],[13.976225590459226,46.09349108131267]],[[13.974722560756582,46.08791228120923],[13.974543482053743,46.08932466293117],[13.972920048326403,46.08956845660239],[13.972568071176354,46.08857839184998],[13.975986858639073,46.087263817708276],[13.974722560756582,46.08791228120923]],[[13.971824858672964,46.092729489399495],[13.968622156140365,46.09133999199999],[13.970370567995998,46.09026419209785],[13.971904891664796,46.09142587755677],[13.971824858672964,46.092729489399495]]]}},{"type":"Feature","properties":{"_zoneType":"SI_BUILT","name":"Pozidano zemljišče","authority":"MKGP","dataSource":"raba-3000"},"geometry":{"type":"Polygon","coordinates":[[[14.0,46.080198070570475],[14.0,46.08],[13.99822296030504,46.08],[13.998216702536252,46.08001364237956],[13.998134500757642,46.08],[13.997995823218872,46.08],[14.0,46.080198070570475]]]}},{"type":"Feature","properties":{"_zoneType":"SI_BUILT","name":"Pozidano zemljišče","authority":"MKGP","dataSource":"raba-3000"},"geometry":{"type":"Polygon","coordinates":[[[13.9806076650712,46.07644027356427],[13.984290233271107,46.075085354921335],[13.985674969092909,46.07250564914188],[13.989814970229867,46.071989699693205],[13.991092616216635,46.07347827524638],[13.991542216059306,46.07252788722588],[13.99410736592316,46.07189763966035],[13.991544618447943,46.07193995936726],[13.995340495043031,46.06906244270636],[13.998025944838822,46.06809374599793],[13.996939410377001,46.06927027109952],[13.99895600065302,46.07003910526704],[13.998609236634138,46.06770321724446],[14.0,46.06686645791845],[14.0,46.064350682948906],[13.99788298457796,46.066542005331726],[13.992966376128525,46.068475956160626],[13.988571155609131,46.06894236813878],[13.990010668490351,46.0691097080609],[13.988993341957288,46.07012430517753],[13.9938337295463,46.06907919112691],[13.989345022694623,46.07175888358462],[13.985319849797175,46.07230187063016],[13.983319504503873,46.07510370430317],[13.978751149134807,46.07696538520047],[13.982210907431085,46.07331155609806],[13.977360618458844,46.07778065388069],[13.976067234935659,46.077882186523],[13.980315869130315,46.07317146975937],[13.979628035724671,46.07279704749369],[13.97605803185588,46.07671185242111],[13.974792543900652,46.08],[13.97563792739889,46.08],[13.976732024149497,46.078952458361705],[13.977309107302831,46.07929332658218],[13.976731750504758,46.08],[13.977632617734637,46.08],[13.9806076650712,46.07644027356427]],[[13.99858963858854,46.066948166249844],[13.994925428272127,46.06888583780139],[13.993914602615789,46.06860817288711],[13.997082565664362,46.066902129896114],[13.99858963858854,46.066948166249844]],[[13.99240488084495,46.07039231764518],[13.99250157832354,46.07071785849513],[13.991278275612322,46.07069587435237],[13.99240488084495,46.07039231764518]],[[13.977046450785423,46.078387602034795],[13.977896680691353,46.07816703041415],[13.977071881587955,46.07888226020787],[13.977046450785423,46.078387602034795]]]}},{"type":"Feature","properties":{"_zoneType":"SI_BUILT","name":"Pozidano zemljišče","authority":"MKGP","dataSource":"raba-3000"},"geometry":{"type":"Polygon","coordinates":[[[13.972417812472466,46.07903496192841],[13.972191081552253,46.07749871584208],[13.971075287755282,46.07702166239642],[13.970378528616234,46.078174329632745],[13.96861813464863,46.07654197841535],[13.967319321151857,46.078222922956805],[13.970220929655365,46.07852209045288],[13.971561400437293,46.07809772800949],[13.972098965117794,46.078898090768845],[13.96932258629792,46.079749694058435],[13.969148449932248,46.08],[13.971565943451628,46.08],[13.972417812472466,46.07903496192841]]]}},{"type":"Feature","properties":{"_zoneType":"SI_BUILT","name":"Pozidano zemljišče","authority":"MKGP","dataSource":"raba-3000"},"geometry":{"type":"Polygon","coordinates":[[[13.970991561112095,46.08278890070593],[13.97462890451407,46.08174003418583],[13.973286898941637,46.08272730603279],[13.97324167166095,46.08389341451159],[13.973658759083746,46.08275693066039],[13.975625000091215,46.08236829784855],[13.975075589618493,46.08163177569568],[13.976584829997517,46.08125370701199],[13.977632617734637,46.08],[13.976731750504758,46.08],[13.976028744578793,46.080860465490495],[13.970656906766857,46.08262932052554],[13.965566718014601,46.088160762643064],[13.967418626015146,46.087459976800936],[13.970991561112095,46.08278890070593]]]}},{"type":"Feature","properties":{"_zoneType":"SI_BUILT","name":"Pozidano zemljišče","authority":"MKGP","dataSource":"raba-3000"},"geometry":{"type":"Polygon","coordinates":[[[13.974780498330801,46.080031298291836],[13.971190563909675,46.080425247943545],[13.971565943451628,46.08],[13.969148449932248,46.08],[13.968054510736629,46.08157244283418],[13.975565888507743,46.08006897355102],[13.97563792739889,46.08],[13.974792543900652,46.08],[13.974780498330801,46.080031298291836]]]}},{"type":"Feature","properties":{"_zoneType":"SI_BUILT","name":"Pozidano zemljišče","authority":"MKGP","dataSource":"raba-3000"},"geometry":{"type":"Polygon","coordinates":[[[13.9993475980191,46.03542202294073],[13.996102335214319,46.036482491790096],[13.99543067380247,46.03732379064739],[13.99607702877872,46.03856147830841],[13.996658818502889,46.03728791037275],[14.0,46.03770093946016],[14.0,46.0369740362105],[13.998735778995101,46.037224283512636],[13.9993475980191,46.03542202294073]]]}},{"type":"Feature","properties":{"_zoneType":"SI_BUILT","name":"Pozidano zemljišče","authority":"MKGP","dataSource":"raba-3000"},"geometry":{"type":"Polygon","coordinates":[[[13.997417701268999,46.04],[13.99837631752787,46.04],[13.998614544967348,46.039539372712504],[14.0,46.03972053863777],[14.0,46.039234224134724],[13.99894795169653,46.03905209764872],[14.0,46.038597655769024],[14.0,46.037960922909015],[13.997569907660937,46.03881450869718],[13.997417701268999,46.04]]]}},{"type":"Feature","properties":{"_zoneType":"SI_BUILT","name":"Pozidano zemljišče","authority":"MKGP","dataSource":"raba-3000"},"geometry":{"type":"Polygon","coordinates":[[[13.997288121944989,46.04100925565402],[13.99117434130655,46.041889326180744],[13.997052033239637,46.04393141352238],[13.996433655308184,46.04510861101796],[13.993993824867248,46.044679769189855],[13.991882269138937,46.04536064647271],[13.992919771060116,46.04632004578667],[13.991089293318488,46.04750548504795],[13.988244917597543,46.046234633992434],[13.985073430283743,46.046124984566184],[13.983860726910963,46.04755774806466],[13.981858503141298,46.04739324058977],[13.979998986753742,46.04982233545018],[13.97865164582697,46.050026431432656],[13.977855813270066,46.04880503402881],[13.977619417166954,46.050081545030125],[13.976374107317508,46.04909418752185],[13.974446301637613,46.04896793081913],[13.973056801575568,46.04789465514737],[13.975063690131222,46.04644969713019],[13.977002767059968,46.046593165836406],[13.977335452066812,46.045528452882465],[13.976397029094551,46.04598344276283],[13.975186018333652,46.04507112824182],[13.974403895981578,46.0467529782779],[13.9724605726385,46.04736064653197],[13.970382058765365,46.04630463208844],[13.967842596774728,46.04697402814631],[13.966306974818862,46.045125941634865],[13.967626340260747,46.047326088368266],[13.966453564790253,46.04792620239454],[13.967330573939392,46.04946621975625],[13.966217547868663,46.04991949207867],[13.966201102960252,46.05080085527067],[13.968896991091027,46.05056510649093],[13.973297837237483,46.04857885842182],[13.974524025403777,46.049290293750666],[13.976458754130157,46.049434091168564],[13.977153793816782,46.05114543703859],[13.97901314960266,46.051621753573365],[13.979321885698353,46.05260600117718],[13.97787528719374,46.05338809119122],[13.97318003868958,46.05202009934474],[13.975307565363678,46.05288176161059],[13.974022244375838,46.05452963577145],[13.969421616304984,46.05345912714398],[13.967238308149462,46.055412970252675],[13.96611884317431,46.055208941011145],[13.96687523018144,46.05607860049074],[13.969106276790324,46.0554599208632],[13.96922507672265,46.05390362348405],[13.973720308059336,46.05482711660343],[13.977967567296389,46.05394876246039],[13.977059701376964,46.05494845433475],[13.97711292376785,46.05717517322239],[13.97540739862565,46.058359933905216],[13.975472272037116,46.061109500613554],[13.97188055600338,46.06211435949462],[13.970714547387976,46.065259619303625],[13.969335784214568,46.06523684169847],[13.967817167366688,46.06662258436115],[13.969408156284407,46.06718356982827],[13.968151680747859,46.06802256098353],[13.967225284757678,46.070801231030316],[13.96819579461818,46.0730996569068],[13.965776821366985,46.073525933919015],[13.969434414520471,46.0736764043642],[13.967560655948839,46.070922466257805],[13.96877733528956,46.06912763915747],[13.971123732365497,46.06932567126335],[13.968931772511537,46.06863227255977],[13.969952118609564,46.06713004046462],[13.969450927228307,46.06652218253009],[13.970256691565742,46.06564968485942],[13.972148161030848,46.066223296894854],[13.973208112435566,46.06453034411815],[13.972156979242092,46.063587595395894],[13.97254034093466,46.06231803429574],[13.974583701067466,46.06187021926937],[13.976186740794141,46.06073075978077],[13.976391891089909,46.05842571301991],[13.978114029281281,46.055687767369236],[13.977766432673524,46.05452021553907],[13.979305947143382,46.05357650420914],[13.9785755116231,46.05567205608018],[13.98121798123945,46.0562435931961],[13.985353888013181,46.052716493056444],[13.986020722240193,46.05091717867916],[13.983907241302488,46.05356633115832],[13.981868114236065,46.05414958150829],[13.98110189952478,46.055953589872864],[13.979744700307934,46.055741092882876],[13.980195211341652,46.05289641158675],[13.979362395531831,46.05118716753905],[13.982044595682837,46.04839735985954],[13.987802854432326,46.04647003382198],[13.991392845900434,46.04952517581405],[13.993716240753157,46.05045910999215],[13.998060270450246,46.049744373910215],[13.992801594725556,46.049880056026225],[13.993554348678286,46.04869539160543],[13.991432423258418,46.04798286068913],[13.992171716521822,46.046903957703314],[13.998344649091857,46.047775975385555],[14.0,46.04738459206712],[14.0,46.04712579028639],[13.998677153630709,46.04748088451355],[13.992783691444092,46.04556308837355],[13.993921788222785,46.04494726699149],[13.999427920052453,46.04564202023168],[14.0,46.045362480890105],[14.0,46.044403231362],[13.998854947275364,46.04494596028699],[13.998820444742776,46.044113352673065],[13.99375361419875,46.04197354231566],[13.997818782450222,46.04107802808552],[13.99837631752787,46.04],[13.997417701268999,46.04],[13.997288121944989,46.04100925565402]],[[13.968378006827267,46.04719783427927],[13.972061697407279,46.04810998619503],[13.968497831613393,46.04977549607091],[13.967303421499961,46.048315093161335],[13.968378006827267,46.04719783427927]],[[13.967740466547566,46.05021469671757],[13.967347157498175,46.05068157134908],[13.966597908657702,46.05004614852552],[13.967740466547566,46.05021469671757]]]}},{"type":"Feature","properties":{"_zoneType":"SI_BUILT","name":"Pozidano zemljišče","authority":"MKGP","dataSource":"raba-3000"},"geometry":{"type":"Polygon","coordinates":[[[13.971053957151168,46.085937537282234],[13.97122569302623,46.08617916115506],[13.972037737390803,46.0854685708707],[13.971053957151168,46.085937537282234]]]}},{"type":"Feature","properties":{"_zoneType":"SI_BUILT","name":"Pozidano zemljišče","authority":"MKGP","dataSource":"raba-3000"},"geometry":{"type":"Polygon","coordinates":[[[13.990871746184942,46.075781235662994],[13.990893246801942,46.075960626930474],[13.991202698524217,46.07576237533295],[13.990871746184942,46.075781235662994]]]}},{"type":"Feature","properties":{"_zoneType":"SI_BUILT","name":"Pozidano zemljišče","authority":"MKGP","dataSource":"raba-3000"},"geometry":{"type":"Polygon","coordinates":[[[13.966359479022389,46.091994571396334],[13.96620243382662,46.09167554639764],[13.966087549558702,46.092100123016884],[13.966359479022389,46.091994571396334]]]}},{"type":"Feature","properties":{"_zoneType":"SI_BUILT","name":"Pozidano zemljišče","authority":"MKGP","dataSource":"raba-3000"},"geometry":{"type":"Polygon","coordinates":[[[13.97575373490711,46.09664914037661],[13.975995514385998,46.09659050597266],[13.975493276952692,46.09586921715807],[13.97575373490711,46.09664914037661]]]}},{"type":"Feature","properties":{"_zoneType":"SI_BUILT","name":"Pozidano zemljišče","authority":"MKGP","dataSource":"raba-3000"},"geometry":{"type":"Polygon","coordinates":[[[13.974451806414669,46.096571249174545],[13.974655393520147,46.096708653423214],[13.974647595429207,46.096433727071194],[13.974451806414669,46.096571249174545]]]}},{"type":"Feature","properties":{"_zoneType":"SI_BUILT","name":"Pozidano zemljišče","authority":"MKGP","dataSource":"raba-3000"},"geometry":{"type":"Polygon","coordinates":[[[13.977962125854928,46.08130389707268],[13.978205941820699,46.08048794684326],[13.977734064467088,46.081203554068566],[13.977962125854928,46.08130389707268]]]}},{"type":"Feature","properties":{"_zoneType":"SI_BUILT","name":"Pozidano zemljišče","authority":"MKGP","dataSource":"raba-3000"},"geometry":{"type":"Polygon","coordinates":[[[13.99777718716447,46.16110468211015],[13.998529928770317,46.16366485437035],[14.0,46.16497194923146],[14.0,46.16328756152683],[13.997900122096055,46.16074210635039],[13.994943718729143,46.16305275223958],[13.99777718716447,46.16110468211015]]]}},{"type":"Feature","properties":{"_zoneType":"SI_BUILT","name":"Pozidano zemljišče","authority":"MKGP","dataSource":"raba-3000"},"geometry":{"type":"Polygon","coordinates":[[[13.99730915807236,46.16335317048581],[13.997577972761402,46.16347711966827],[13.99748443299425,46.16318012661718],[13.99730915807236,46.16335317048581]]]}},{"type":"Feature","properties":{"_zoneType":"SI_BUILT","name":"Pozidano zemljišče","authority":"MKGP","dataSource":"raba-3000"},"geometry":{"type":"Polygon","coordinates":[[[13.999148589308476,46.167188706101776],[13.999419359349712,46.167525097162375],[13.999396779055417,46.16712426525722],[13.999148589308476,46.167188706101776]]]}},{"type":"Feature","properties":{"_zoneType":"SI_BUILT","name":"Pozidano zemljišče","authority":"MKGP","dataSource":"raba-3000"},"geometry":{"type":"Polygon","coordinates":[[[14.0,46.08874043720281],[14.0,46.08707865179995],[13.999981947702294,46.08707417226144],[13.997212506329449,46.08812982043035],[13.9981775066687,46.089207994380565],[14.0,46.08874043720281]]]}},{"type":"Feature","properties":{"_zoneType":"SI_BUILT","name":"Pozidano zemljišče","authority":"MKGP","dataSource":"raba-3000"},"geometry":{"type":"Polygon","coordinates":[[[13.99582239607114,46.08511859356816],[13.99742976922946,46.08505077423947],[13.996699485391845,46.08707118219673],[13.998102967846092,46.08474052135069],[14.0,46.08429779487007],[14.0,46.08340178150592],[13.995268335607886,46.08289483572484],[13.996684992357867,46.083302843883764],[13.99582239607114,46.08511859356816]]]}},{"type":"Feature","properties":{"_zoneType":"SI_BUILT","name":"Pozidano zemljišče","authority":"MKGP","dataSource":"raba-3000"},"geometry":{"type":"Polygon","coordinates":[[[13.997933407213461,46.188304071144344],[14.0,46.18757550443478],[14.0,46.18738828510838],[13.993904664642143,46.18775736852177],[13.997933407213461,46.188304071144344]]]}},{"type":"Feature","properties":{"_zoneType":"SI_BUILT","name":"Pozidano zemljišče","authority":"MKGP","dataSource":"raba-3000"},"geometry":{"type":"Polygon","coordinates":[[[13.992048308791597,46.142888315207166],[13.991937744785377,46.14272697020287],[13.991813173274057,46.142973294851366],[13.992048308791597,46.142888315207166]]]}},{"type":"Feature","properties":{"_zoneType":"SI_BUILT","name":"Pozidano zemljišče","authority":"MKGP","dataSource":"raba-3000"},"geometry":{"type":"Polygon","coordinates":[[[13.99491063278108,46.13770455756791],[13.994828955492187,46.13753051064274],[13.994612413019926,46.13777380376065],[13.99491063278108,46.13770455756791]]]}},{"type":"Feature","properties":{"_zoneType":"SI_BUILT","name":"Pozidano zemljišče","authority":"MKGP","dataSource":"raba-3000"},"geometry":{"type":"Polygon","coordinates":[[[13.982832118299338,46.148233110564476],[13.98311222769881,46.1482881005029],[13.982887983063303,46.14807093408325],[13.982832118299338,46.148233110564476]]]}},{"type":"Feature","properties":{"_zoneType":"SI_BUILT","name":"Pozidano zemljišče","authority":"MKGP","dataSource":"raba-3000"},"geometry":{"type":"Polygon","coordinates":[[[13.997319377816709,46.19679292261632],[13.996467766647267,46.1942615043627],[13.99635781702125,46.19825021455948],[13.99456551735862,46.2],[13.995524303262448,46.2],[13.996094061352332,46.19957288066471],[13.997319377816709,46.19679292261632]]]}},{"type":"Feature","properties":{"_zoneType":"SI_BUILT","name":"Pozidano zemljišče","authority":"MKGP","dataSource":"raba-3000"},"geometry":{"type":"Polygon","coordinates":[[[14.0,46.174527106632794],[13.999955073488621,46.17444354227174],[13.998777886037573,46.17501344242656],[13.998980225118233,46.17601497879092],[14.0,46.1752130423831],[14.0,46.174527106632794]]]}},{"type":"Feature","properties":{"_zoneType":"SI_BUILT","name":"Pozidano zemljišče","authority":"MKGP","dataSource":"raba-3000"},"geometry":{"type":"Polygon","coordinates":[[[13.997173676759244,46.116803125462496],[13.99664807819471,46.11685971822873],[13.996134788894887,46.11803462396443],[13.997173676759244,46.116803125462496]]]}},{"type":"Feature","properties":{"_zoneType":"SI_BUILT","name":"Pozidano zemljišče","authority":"MKGP","dataSource":"raba-3000"},"geometry":{"type":"Polygon","coordinates":[[[14.0,46.11704800278639],[14.0,46.116125471990365],[13.99897479590158,46.116877078633614],[13.996562659708939,46.11541824883588],[13.999429064659912,46.11790952391733],[14.0,46.11704800278639]]]}},{"type":"Feature","properties":{"_zoneType":"SI_BUILT","name":"Pozidano zemljišče","authority":"MKGP","dataSource":"raba-3000"},"geometry":{"type":"Polygon","coordinates":[[[13.99912654974561,46.12267344805628],[13.998828132380096,46.12263361978461],[13.999088113353434,46.122819421594876],[13.99912654974561,46.12267344805628]]]}},{"type":"Feature","properties":{"_zoneType":"SI_BUILT","name":"Pozidano zemljišče","authority":"MKGP","dataSource":"raba-3000"},"geometry":{"type":"Polygon","coordinates":[[[13.998280638255492,46.12996537276729],[13.998374332518608,46.130109289238305],[13.998569789666881,46.12986727496229],[13.998280638255492,46.12996537276729]]]}},{"type":"Feature","properties":{"_zoneType":"SI_BUILT","name":"Pozidano zemljišče","authority":"MKGP","dataSource":"raba-3000"},"geometry":{"type":"Polygon","coordinates":[[[13.995712665740905,46.17598714920636],[13.996569368829908,46.17593748119658],[13.995780318022076,46.17583767525506],[13.995712665740905,46.17598714920636]]]}},{"type":"Feature","properties":{"_zoneType":"SI_BUILT","name":"Pozidano zemljišče","authority":"MKGP","dataSource":"raba-3000"},"geometry":{"type":"Polygon","coordinates":[[[13.995782222945556,46.148842281431875],[13.995877352727897,46.14905529284838],[13.996092577347412,46.148773920531966],[13.995782222945556,46.148842281431875]]]}},{"type":"Feature","properties":{"_zoneType":"SI_BUILT","name":"Pozidano zemljišče","authority":"MKGP","dataSource":"raba-3000"},"geometry":{"type":"Polygon","coordinates":[[[13.994216174805729,46.18912696154043],[13.994501188958335,46.18923650231044],[13.994337596498028,46.188969726372946],[13.994216174805729,46.18912696154043]]]}},{"type":"Feature","properties":{"_zoneType":"SI_BUILT","name":"Pozidano zemljišče","authority":"MKGP","dataSource":"raba-3000"},"geometry":{"type":"Polygon","coordinates":[[[13.995748243637184,46.12523983106487],[13.995553593683304,46.125121856197374],[13.995592224288362,46.12538238887497],[13.995748243637184,46.12523983106487]]]}},{"type":"Feature","properties":{"_zoneType":"SI_BUILT","name":"Pozidano zemljišče","authority":"MKGP","dataSource":"raba-3000"},"geometry":{"type":"Polygon","coordinates":[[[13.994680674689697,46.18284883550042],[13.993582671814297,46.1828801351018],[13.993479668635068,46.183942836205766],[13.994680674689697,46.18284883550042]]]}},{"type":"Feature","properties":{"_zoneType":"SI_BUILT","name":"Pozidano zemljišče","authority":"MKGP","dataSource":"raba-3000"},"geometry":{"type":"Polygon","coordinates":[[[13.993001860619595,46.118478399384735],[13.993132801218003,46.118625504294506],[13.993236263291978,46.11835746791591],[13.993001860619595,46.118478399384735]]]}},{"type":"Feature","properties":{"_zoneType":"SI_BUILT","name":"Pozidano zemljišče","authority":"MKGP","dataSource":"raba-3000"},"geometry":{"type":"Polygon","coordinates":[[[13.99575027685287,46.11909651382705],[13.995611851218797,46.11871925060978],[13.994176611468331,46.11848026887446],[13.994992782674306,46.11895891700884],[13.99575027685287,46.11909651382705]]]}},{"type":"Feature","properties":{"_zoneType":"SI_BUILT","name":"Pozidano zemljišče","authority":"MKGP","dataSource":"raba-3000"},"geometry":{"type":"Polygon","coordinates":[[[13.994921217266372,46.12415316786764],[13.994799748482018,46.12431984524583],[13.99521911118108,46.1242696003692],[13.994921217266372,46.12415316786764]]]}},{"type":"Feature","properties":{"_zoneType":"SI_BUILT","name":"Pozidano zemljišče","authority":"MKGP","dataSource":"raba-3000"},"geometry":{"type":"Polygon","coordinates":[[[13.992070602828095,46.09241545018062],[13.993884551989952,46.092854544517394],[13.995047977323313,46.09183454136397],[13.991115032656294,46.09228117030099],[13.99179071710273,46.09366757044105],[13.992070602828095,46.09241545018062]]]}},{"type":"Feature","properties":{"_zoneType":"SI_BUILT","name":"Pozidano zemljišče","authority":"MKGP","dataSource":"raba-3000"},"geometry":{"type":"Polygon","coordinates":[[[13.977107639179913,46.18033913535585],[13.97753137344016,46.176598482659486],[13.981222342068195,46.17524688561729],[13.982783730094281,46.172127754976366],[13.982446683021582,46.17092259447235],[13.985005540310317,46.172200609186184],[13.987208642234592,46.171531392746786],[13.985079511155812,46.16670439703833],[13.991262249238549,46.166977081497436],[13.990811769816604,46.16493976573213],[13.993703563146193,46.16409840453299],[13.9905631872722,46.164742723105036],[13.990468700755109,46.16619367865707],[13.984590686237828,46.166702599521784],[13.986943594515763,46.17126436148314],[13.982121683606952,46.17081458443765],[13.98092721378788,46.17516449174265],[13.977428166100228,46.17628488865919],[13.977048232279731,46.179108840674026],[13.975255921391975,46.17876799722582],[13.977107639179913,46.18033913535585]]]}},{"type":"Feature","properties":{"_zoneType":"SI_BUILT","name":"Pozidano zemljišče","authority":"MKGP","dataSource":"raba-3000"},"geometry":{"type":"Polygon","coordinates":[[[13.983545359960798,46.16600698476309],[13.983556285619319,46.16643721672172],[13.983850872346842,46.16600192809785],[13.983545359960798,46.16600698476309]]]}},{"type":"Feature","properties":{"_zoneType":"SI_BUILT","name":"Pozidano zemljišče","authority":"MKGP","dataSource":"raba-3000"},"geometry":{"type":"Polygon","coordinates":[[[13.993504540300624,46.0618786349866],[13.99360242325121,46.06207058376063],[13.993873685118102,46.061788623625304],[13.993504540300624,46.0618786349866]]]}},{"type":"Feature","properties":{"_zoneType":"SI_BUILT","name":"Pozidano zemljišče","authority":"MKGP","dataSource":"raba-3000"},"geometry":{"type":"Polygon","coordinates":[[[13.992305471450134,46.11890678960979],[13.99203067625794,46.11884502325924],[13.99221287352343,46.119067296811956],[13.992305471450134,46.11890678960979]]]}},{"type":"Feature","properties":{"_zoneType":"SI_BUILT","name":"Pozidano zemljišče","authority":"MKGP","dataSource":"raba-3000"},"geometry":{"type":"Polygon","coordinates":[[[13.991318279576022,46.14187421345047],[13.991496756297861,46.14203514264869],[13.991619001465091,46.141725389719234],[13.991318279576022,46.14187421345047]]]}},{"type":"Feature","properties":{"_zoneType":"SI_BUILT","name":"Pozidano zemljišče","authority":"MKGP","dataSource":"raba-3000"},"geometry":{"type":"Polygon","coordinates":[[[13.990306466317163,46.07430893595579],[13.99037223441266,46.074452624301365],[13.991251256815287,46.07440837201939],[13.990306466317163,46.07430893595579]]]}},{"type":"Feature","properties":{"_zoneType":"SI_BUILT","name":"Pozidano zemljišče","authority":"MKGP","dataSource":"raba-3000"},"geometry":{"type":"Polygon","coordinates":[[[13.98845408837419,46.17440607347179],[13.987920804947981,46.17394147059417],[13.984832152588544,46.17365500796662],[13.988252824181155,46.1745195101355],[13.98845408837419,46.17440607347179]]]}},{"type":"Feature","properties":{"_zoneType":"SI_BUILT","name":"Pozidano zemljišče","authority":"MKGP","dataSource":"raba-3000"},"geometry":{"type":"Polygon","coordinates":[[[13.99052152626008,46.053626028165084],[13.989302578485486,46.0529872766471],[13.987347646383963,46.054275618061986],[13.99052152626008,46.053626028165084]]]}},{"type":"Feature","properties":{"_zoneType":"SI_BUILT","name":"Pozidano zemljišče","authority":"MKGP","dataSource":"raba-3000"},"geometry":{"type":"Polygon","coordinates":[[[13.988796032449532,46.119702186970734],[13.989057041610787,46.11967036886991],[13.988813120197245,46.11885896129407],[13.988796032449532,46.119702186970734]]]}},{"type":"Feature","properties":{"_zoneType":"SI_BUILT","name":"Pozidano zemljišče","authority":"MKGP","dataSource":"raba-3000"},"geometry":{"type":"Polygon","coordinates":[[[13.98791931350964,46.14782629684703],[13.986892745239421,46.14775320570668],[13.987790403876113,46.14799420419146],[13.98791931350964,46.14782629684703]]]}},{"type":"Feature","properties":{"_zoneType":"SI_BUILT","name":"Pozidano zemljišče","authority":"MKGP","dataSource":"raba-3000"},"geometry":{"type":"Polygon","coordinates":[[[13.988152382206033,46.11784204201288],[13.987799073395148,46.11733450658801],[13.987910847024528,46.11791105773838],[13.988152382206033,46.11784204201288]]]}},{"type":"Feature","properties":{"_zoneType":"SI_BUILT","name":"Pozidano zemljišče","authority":"MKGP","dataSource":"raba-3000"},"geometry":{"type":"Polygon","coordinates":[[[13.988005009783135,46.073870459329555],[13.98773372420429,46.07383544956676],[13.987336003309178,46.074895827902346],[13.988005009783135,46.073870459329555]]]}},{"type":"Feature","properties":{"_zoneType":"SI_BUILT","name":"Pozidano zemljišče","authority":"MKGP","dataSource":"raba-3000"},"geometry":{"type":"Polygon","coordinates":[[[13.988885961126536,46.07490559934744],[13.988829635910218,46.074552316223176],[13.988577453619909,46.07490843315706],[13.988885961126536,46.07490559934744]]]}},{"type":"Feature","properties":{"_zoneType":"SI_BUILT","name":"Pozidano zemljišče","authority":"MKGP","dataSource":"raba-3000"},"geometry":{"type":"Polygon","coordinates":[[[13.986992521561485,46.11648096651653],[13.986597004385844,46.116181730402865],[13.986799181507473,46.11658473726675],[13.986992521561485,46.11648096651653]]]}},{"type":"Feature","properties":{"_zoneType":"SI_BUILT","name":"Pozidano zemljišče","authority":"MKGP","dataSource":"raba-3000"},"geometry":{"type":"Polygon","coordinates":[[[13.986808857538255,46.12497381681228],[13.985626543120079,46.12414192390988],[13.985140919445724,46.12476875095095],[13.986808857538255,46.12497381681228]]]}},{"type":"Feature","properties":{"_zoneType":"SI_BUILT","name":"Pozidano zemljišče","authority":"MKGP","dataSource":"raba-3000"},"geometry":{"type":"Polygon","coordinates":[[[13.98727167978128,46.0975982062994],[13.986493504631792,46.096988175877584],[13.986087509833062,46.09795609611679],[13.98727167978128,46.0975982062994]]]}},{"type":"Feature","properties":{"_zoneType":"SI_BUILT","name":"Pozidano zemljišče","authority":"MKGP","dataSource":"raba-3000"},"geometry":{"type":"Polygon","coordinates":[[[13.987322157980568,46.07640657123733],[13.986980997748862,46.07632723467986],[13.987243056232318,46.076575892959944],[13.987322157980568,46.07640657123733]]]}},{"type":"Feature","properties":{"_zoneType":"SI_BUILT","name":"Pozidano zemljišče","authority":"MKGP","dataSource":"raba-3000"},"geometry":{"type":"Polygon","coordinates":[[[13.986086517841574,46.11836196577059],[13.985807747884815,46.11825423693348],[13.985905024606303,46.11852995614346],[13.986086517841574,46.11836196577059]]]}},{"type":"Feature","properties":{"_zoneType":"SI_BUILT","name":"Pozidano zemljišče","authority":"MKGP","dataSource":"raba-3000"},"geometry":{"type":"Polygon","coordinates":[[[13.984440005482664,46.12],[13.9857882296924,46.12],[13.984714576169665,46.11834519263954],[13.98113576898098,46.117823795894694],[13.985046969711233,46.11934021251984],[13.984440005482664,46.12]]]}},{"type":"Feature","properties":{"_zoneType":"SI_BUILT","name":"Pozidano zemljišče","authority":"MKGP","dataSource":"raba-3000"},"geometry":{"type":"Polygon","coordinates":[[[13.98337655611973,46.121155999880095],[13.984567555508725,46.12260676212969],[13.984324977911355,46.12133431986232],[13.985827806212662,46.120060998744606],[13.9857882296924,46.12],[13.984440005482664,46.12],[13.98337655611973,46.121155999880095]]]}},{"type":"Feature","properties":{"_zoneType":"SI_BUILT","name":"Pozidano zemljišče","authority":"MKGP","dataSource":"raba-3000"},"geometry":{"type":"Polygon","coordinates":[[[13.986127121658365,46.06773759953559],[13.985230578893209,46.06807023675362],[13.985280362332414,46.0691030664179],[13.98647326194858,46.069350748359696],[13.986127121658365,46.06773759953559]]]}},{"type":"Feature","properties":{"_zoneType":"SI_BUILT","name":"Pozidano zemljišče","authority":"MKGP","dataSource":"raba-3000"},"geometry":{"type":"Polygon","coordinates":[[[13.98528936766379,46.10141991659129],[13.984062435859132,46.1009727304124],[13.982958119033547,46.101731710536214],[13.983951673065544,46.10210836414921],[13.98528936766379,46.10141991659129]]]}},{"type":"Feature","properties":{"_zoneType":"SI_BUILT","name":"Pozidano zemljišče","authority":"MKGP","dataSource":"raba-3000"},"geometry":{"type":"Polygon","coordinates":[[[13.98374514500121,46.16928895391255],[13.983457438329278,46.169226685368955],[13.983651651634814,46.16944083815127],[13.98374514500121,46.16928895391255]]]}},{"type":"Feature","properties":{"_zoneType":"SI_BUILT","name":"Pozidano zemljišče","authority":"MKGP","dataSource":"raba-3000"},"geometry":{"type":"Polygon","coordinates":[[[13.984800086282817,46.07896007880788],[13.984936995262228,46.07913324366241],[13.985109376898674,46.07884288865129],[13.984800086282817,46.07896007880788]]]}},{"type":"Feature","properties":{"_zoneType":"SI_BUILT","name":"Pozidano zemljišče","authority":"MKGP","dataSource":"raba-3000"},"geometry":{"type":"Polygon","coordinates":[[[13.984777807941907,46.09752729535828],[13.982498505466728,46.09690001835981],[13.984557085807365,46.097640504565426],[13.984777807941907,46.09752729535828]]]}},{"type":"Feature","properties":{"_zoneType":"SI_BUILT","name":"Pozidano zemljišče","authority":"MKGP","dataSource":"raba-3000"},"geometry":{"type":"Polygon","coordinates":[[[13.98394844119444,46.13412049008795],[13.983314326177146,46.13383177919453],[13.983596110406122,46.134760491202265],[13.98394844119444,46.13412049008795]]]}},{"type":"Feature","properties":{"_zoneType":"SI_BUILT","name":"Pozidano zemljišče","authority":"MKGP","dataSource":"raba-3000"},"geometry":{"type":"Polygon","coordinates":[[[13.981667559656826,46.13955707041947],[13.981587470489208,46.13849249289834],[13.981455054377134,46.13944210357553],[13.981667559656826,46.13955707041947]]]}},{"type":"Feature","properties":{"_zoneType":"SI_BUILT","name":"Pozidano zemljišče","authority":"MKGP","dataSource":"raba-3000"},"geometry":{"type":"Polygon","coordinates":[[[13.982806898866196,46.1393754408726],[13.982612823748942,46.13924144917433],[13.98255773793632,46.13952429722889],[13.982806898866196,46.1393754408726]]]}},{"type":"Feature","properties":{"_zoneType":"SI_BUILT","name":"Pozidano zemljišče","authority":"MKGP","dataSource":"raba-3000"},"geometry":{"type":"Polygon","coordinates":[[[13.982729617123471,46.14094183280127],[13.982598415492262,46.142235185616684],[13.983735622149753,46.14022262983058],[13.98155284907166,46.140136493109964],[13.982729617123471,46.14094183280127]]]}},{"type":"Feature","properties":{"_zoneType":"SI_BUILT","name":"Pozidano zemljišče","authority":"MKGP","dataSource":"raba-3000"},"geometry":{"type":"Polygon","coordinates":[[[13.982707169760097,46.16796678991337],[13.982518472046387,46.16783476987768],[13.981581229829612,46.1681961190655],[13.982707169760097,46.16796678991337]]]}},{"type":"Feature","properties":{"_zoneType":"SI_BUILT","name":"Pozidano zemljišče","authority":"MKGP","dataSource":"raba-3000"},"geometry":{"type":"Polygon","coordinates":[[[13.983751829161525,46.07780607705219],[13.983843655827709,46.077966771365304],[13.98405530031501,46.07771730710381],[13.983751829161525,46.07780607705219]]]}},{"type":"Feature","properties":{"_zoneType":"SI_BUILT","name":"Pozidano zemljišče","authority":"MKGP","dataSource":"raba-3000"},"geometry":{"type":"Polygon","coordinates":[[[13.982540254033868,46.13135248641625],[13.981963036649251,46.13097557466253],[13.980927474982181,46.131911082920425],[13.982540254033868,46.13135248641625]]]}},{"type":"Feature","properties":{"_zoneType":"SI_BUILT","name":"Pozidano zemljišče","authority":"MKGP","dataSource":"raba-3000"},"geometry":{"type":"Polygon","coordinates":[[[13.98224874015339,46.09393408098654],[13.981708119918393,46.09450853373275],[13.982394512906406,46.09540348227487],[13.98224874015339,46.09393408098654]]]}},{"type":"Feature","properties":{"_zoneType":"SI_BUILT","name":"Pozidano zemljišče","authority":"MKGP","dataSource":"raba-3000"},"geometry":{"type":"Polygon","coordinates":[[[13.979282174337404,46.08820894235143],[13.979348268976185,46.088361458860994],[13.97956848527576,46.08813763704839],[13.979282174337404,46.08820894235143]]]}},{"type":"Feature","properties":{"_zoneType":"SI_BUILT","name":"Pozidano zemljišče","authority":"MKGP","dataSource":"raba-3000"},"geometry":{"type":"Polygon","coordinates":[[[13.982277992065207,46.08870971050886],[13.980904091342234,46.08830023351611],[13.980140957697268,46.088640256399025],[13.981248501874282,46.08913936517833],[13.982277992065207,46.08870971050886]]]}},{"type":"Feature","properties":{"_zoneType":"SI_BUILT","name":"Pozidano zemljišče","authority":"MKGP","dataSource":"raba-3000"},"geometry":{"type":"Polygon","coordinates":[[[13.980338955587024,46.18586108236621],[13.979983545909825,46.185419745841195],[13.980055378812281,46.18596131022329],[13.980338955587024,46.18586108236621]]]}},{"type":"Feature","properties":{"_zoneType":"SI_BUILT","name":"Pozidano zemljišče","authority":"MKGP","dataSource":"raba-3000"},"geometry":{"type":"Polygon","coordinates":[[[13.98200195485871,46.08735377763224],[13.981729127298069,46.08729935395637],[13.981935266427222,46.087515990282526],[13.98200195485871,46.08735377763224]]]}},{"type":"Feature","properties":{"_zoneType":"SI_BUILT","name":"Pozidano zemljišče","authority":"MKGP","dataSource":"raba-3000"},"geometry":{"type":"Polygon","coordinates":[[[13.978446925806292,46.08305802289089],[13.978115888388214,46.082920646338145],[13.978295386627789,46.08316691196077],[13.978446925806292,46.08305802289089]]]}},{"type":"Feature","properties":{"_zoneType":"SI_BUILT","name":"Pozidano zemljišče","authority":"MKGP","dataSource":"raba-3000"},"geometry":{"type":"Polygon","coordinates":[[[13.981831271105488,46.08396560910262],[13.98048153728748,46.08139567693778],[13.979089193956005,46.08217398996496],[13.980593940003008,46.08383693469637],[13.979046346903964,46.083131718841585],[13.979930548412053,46.084380086279616],[13.981831271105488,46.08396560910262]]]}},{"type":"Feature","properties":{"_zoneType":"SI_BUILT","name":"Pozidano zemljišče","authority":"MKGP","dataSource":"raba-3000"},"geometry":{"type":"Polygon","coordinates":[[[13.979878634382967,46.07963806208111],[13.979169696202144,46.07992436904721],[13.979204604628388,46.08],[13.979995193184706,46.08],[13.980074431234101,46.07978413581525],[13.979878634382967,46.07963806208111]]]}},{"type":"Feature","properties":{"_zoneType":"SI_BUILT","name":"Pozidano zemljišče","authority":"MKGP","dataSource":"raba-3000"},"geometry":{"type":"Polygon","coordinates":[[[13.979644974153576,46.080954083880336],[13.979995193184706,46.08],[13.979204604628388,46.08],[13.979644974153576,46.080954083880336]]]}},{"type":"Feature","properties":{"_zoneType":"SI_BUILT","name":"Pozidano zemljišče","authority":"MKGP","dataSource":"raba-3000"},"geometry":{"type":"Polygon","coordinates":[[[13.980357032355387,46.1378087221523],[13.980440145373088,46.13797319896946],[13.980662022192051,46.137727931735405],[13.980357032355387,46.1378087221523]]]}},{"type":"Feature","properties":{"_zoneType":"SI_BUILT","name":"Pozidano zemljišče","authority":"MKGP","dataSource":"raba-3000"},"geometry":{"type":"Polygon","coordinates":[[[13.981664348487579,46.07771000603939],[13.979490493458384,46.078757793013786],[13.981022065587835,46.078806006506376],[13.981664348487579,46.07771000603939]]]}},{"type":"Feature","properties":{"_zoneType":"SI_BUILT","name":"Pozidano zemljišče","authority":"MKGP","dataSource":"raba-3000"},"geometry":{"type":"Polygon","coordinates":[[[13.976302896701126,46.0978830307428],[13.976379731350981,46.09808693616672],[13.97664871125371,46.09785195827491],[13.976302896701126,46.0978830307428]]]}},{"type":"Feature","properties":{"_zoneType":"SI_BUILT","name":"Pozidano zemljišče","authority":"MKGP","dataSource":"raba-3000"},"geometry":{"type":"Polygon","coordinates":[[[13.981281721015112,46.098507135184676],[13.978249393081981,46.09833198743214],[13.976617446007062,46.09908197224629],[13.981281721015112,46.098507135184676]]]}},{"type":"Feature","properties":{"_zoneType":"SI_BUILT","name":"Pozidano zemljišče","authority":"MKGP","dataSource":"raba-3000"},"geometry":{"type":"Polygon","coordinates":[[[13.979287046386338,46.162227560375364],[13.978583177505888,46.162902713791944],[13.978644075455199,46.16480632724113],[13.979287046386338,46.162227560375364]]]}},{"type":"Feature","properties":{"_zoneType":"SI_BUILT","name":"Pozidano zemljišče","authority":"MKGP","dataSource":"raba-3000"},"geometry":{"type":"Polygon","coordinates":[[[13.981167615545866,46.036959986434475],[13.98080478003713,46.03687461302254],[13.98094859346834,46.03741044265444],[13.981167615545866,46.036959986434475]]]}},{"type":"Feature","properties":{"_zoneType":"SI_BUILT","name":"Pozidano zemljišče","authority":"MKGP","dataSource":"raba-3000"},"geometry":{"type":"Polygon","coordinates":[[[13.97941105513001,46.093988429336804],[13.979747020050226,46.09533876493553],[13.97967553811257,46.09402327691127],[13.97941105513001,46.093988429336804]]]}},{"type":"Feature","properties":{"_zoneType":"SI_BUILT","name":"Pozidano zemljišče","authority":"MKGP","dataSource":"raba-3000"},"geometry":{"type":"Polygon","coordinates":[[[13.979363471262033,46.11637541989315],[13.979108476550127,46.11642827695331],[13.979470831681569,46.11710067442527],[13.979363471262033,46.11637541989315]]]}},{"type":"Feature","properties":{"_zoneType":"SI_BUILT","name":"Pozidano zemljišče","authority":"MKGP","dataSource":"raba-3000"},"geometry":{"type":"Polygon","coordinates":[[[13.978776895981616,46.140487278338966],[13.97873556305642,46.1406456665696],[13.97908319066444,46.14054448867353],[13.978776895981616,46.140487278338966]]]}},{"type":"Feature","properties":{"_zoneType":"SI_BUILT","name":"Pozidano zemljišče","authority":"MKGP","dataSource":"raba-3000"},"geometry":{"type":"Polygon","coordinates":[[[13.979604715928756,46.09128128358429],[13.979650559975735,46.091448612187676],[13.979941191377032,46.09123783048197],[13.979604715928756,46.09128128358429]]]}},{"type":"Feature","properties":{"_zoneType":"SI_BUILT","name":"Pozidano zemljišče","authority":"MKGP","dataSource":"raba-3000"},"geometry":{"type":"Polygon","coordinates":[[[13.978203029822536,46.1657075589042],[13.97662764031588,46.16562595490504],[13.976179268404522,46.16606287317537],[13.976806565296231,46.16586767280822],[13.978203029822536,46.1657075589042]]]}},{"type":"Feature","properties":{"_zoneType":"SI_BUILT","name":"Pozidano zemljišče","authority":"MKGP","dataSource":"raba-3000"},"geometry":{"type":"Polygon","coordinates":[[[13.978814285652925,46.115301696330455],[13.978816383791374,46.11519208373734],[13.977355898295784,46.11444550234307],[13.978814285652925,46.115301696330455]]]}},{"type":"Feature","properties":{"_zoneType":"SI_BUILT","name":"Pozidano zemljišče","authority":"MKGP","dataSource":"raba-3000"},"geometry":{"type":"Polygon","coordinates":[[[13.979064389736708,46.0927017402745],[13.978318690448019,46.09135490619535],[13.976679339011751,46.09114177117801],[13.977160802603409,46.091895084361276],[13.979064389736708,46.0927017402745]]]}},{"type":"Feature","properties":{"_zoneType":"SI_BUILT","name":"Pozidano zemljišče","authority":"MKGP","dataSource":"raba-3000"},"geometry":{"type":"Polygon","coordinates":[[[13.97776381391441,46.138167882460706],[13.977852147222013,46.13833431473801],[13.978033357396251,46.13810300952769],[13.97776381391441,46.138167882460706]]]}},{"type":"Feature","properties":{"_zoneType":"SI_BUILT","name":"Pozidano zemljišče","authority":"MKGP","dataSource":"raba-3000"},"geometry":{"type":"Polygon","coordinates":[[[13.97821971646433,46.089661083009055],[13.977891174035292,46.089593921165296],[13.978167068401747,46.08997803499585],[13.97821971646433,46.089661083009055]]]}},{"type":"Feature","properties":{"_zoneType":"SI_BUILT","name":"Pozidano zemljišče","authority":"MKGP","dataSource":"raba-3000"},"geometry":{"type":"Polygon","coordinates":[[[13.977849484775836,46.10507068723525],[13.977218724690948,46.104913249255176],[13.977292005374398,46.105245155896334],[13.977849484775836,46.10507068723525]]]}},{"type":"Feature","properties":{"_zoneType":"SI_BUILT","name":"Pozidano zemljišče","authority":"MKGP","dataSource":"raba-3000"},"geometry":{"type":"Polygon","coordinates":[[[13.97348573691165,46.10349683469029],[13.97749899637279,46.10423791693792],[13.977844351691282,46.10302585960649],[13.974445803719412,46.10284988066107],[13.97348573691165,46.10349683469029]]]}},{"type":"Feature","properties":{"_zoneType":"SI_BUILT","name":"Pozidano zemljišče","authority":"MKGP","dataSource":"raba-3000"},"geometry":{"type":"Polygon","coordinates":[[[13.975318881777081,46.12921742524598],[13.975603008011904,46.129303451406926],[13.975401363745531,46.129077204165256],[13.975318881777081,46.12921742524598]]]}},{"type":"Feature","properties":{"_zoneType":"SI_BUILT","name":"Pozidano zemljišče","authority":"MKGP","dataSource":"raba-3000"},"geometry":{"type":"Polygon","coordinates":[[[13.977241458476474,46.041390373119455],[13.97700174138823,46.041200783597326],[13.97679352988608,46.041679986448926],[13.977241458476474,46.041390373119455]]]}},{"type":"Feature","properties":{"_zoneType":"SI_BUILT","name":"Pozidano zemljišče","authority":"MKGP","dataSource":"raba-3000"},"geometry":{"type":"Polygon","coordinates":[[[13.974301086365646,46.17706322442104],[13.974304782404854,46.17725166180551],[13.974606660425005,46.17705819298917],[13.974301086365646,46.17706322442104]]]}},{"type":"Feature","properties":{"_zoneType":"SI_BUILT","name":"Pozidano zemljišče","authority":"MKGP","dataSource":"raba-3000"},"geometry":{"type":"Polygon","coordinates":[[[13.975074180202649,46.07254685152802],[13.974122659589723,46.072294385457],[13.971339160409983,46.073693465082904],[13.975074180202649,46.07254685152802]]]}},{"type":"Feature","properties":{"_zoneType":"SI_BUILT","name":"Pozidano zemljišče","authority":"MKGP","dataSource":"raba-3000"},"geometry":{"type":"Polygon","coordinates":[[[13.9738080124902,46.078287728132686],[13.974015821303853,46.07843841929767],[13.974009775512108,46.078153172285894],[13.9738080124902,46.078287728132686]]]}},{"type":"Feature","properties":{"_zoneType":"SI_BUILT","name":"Pozidano zemljišče","authority":"MKGP","dataSource":"raba-3000"},"geometry":{"type":"Polygon","coordinates":[[[13.973105390693258,46.12299006502247],[13.972967674856967,46.1227562502172],[13.972653745219699,46.12313277893808],[13.973105390693258,46.12299006502247]]]}},{"type":"Feature","properties":{"_zoneType":"SI_BUILT","name":"Pozidano zemljišče","authority":"MKGP","dataSource":"raba-3000"},"geometry":{"type":"Polygon","coordinates":[[[13.971390263725569,46.03517381163733],[13.97016977062486,46.03523831685942],[13.969757867070934,46.0362799171382],[13.971390263725569,46.03517381163733]]]}},{"type":"Feature","properties":{"_zoneType":"SI_BUILT","name":"Pozidano zemljišče","authority":"MKGP","dataSource":"raba-3000"},"geometry":{"type":"Polygon","coordinates":[[[13.972194129866644,46.130631156174914],[13.971895690247413,46.130591257441424],[13.972152312279675,46.13078881557979],[13.972194129866644,46.130631156174914]]]}},{"type":"Feature","properties":{"_zoneType":"SI_BUILT","name":"Pozidano zemljišče","authority":"MKGP","dataSource":"raba-3000"},"geometry":{"type":"Polygon","coordinates":[[[13.971045957845634,46.17980882904109],[13.966593185197953,46.17664856213334],[13.967570130671977,46.1754965291318],[13.966085401225037,46.17666175986815],[13.969972196279334,46.17945166348711],[13.971045957845634,46.17980882904109]]]}},{"type":"Feature","properties":{"_zoneType":"SI_BUILT","name":"Pozidano zemljišče","authority":"MKGP","dataSource":"raba-3000"},"geometry":{"type":"Polygon","coordinates":[[[13.97178343321785,46.12359814303734],[13.971270038791127,46.12350857795327],[13.971679335108197,46.12376521300598],[13.97178343321785,46.12359814303734]]]}},{"type":"Feature","properties":{"_zoneType":"SI_BUILT","name":"Pozidano zemljišče","authority":"MKGP","dataSource":"raba-3000"},"geometry":{"type":"Polygon","coordinates":[[[13.971030392901383,46.164217278189966],[13.970783574953101,46.16403416890748],[13.970789370740354,46.164361029357146],[13.971030392901383,46.164217278189966]]]}},{"type":"Feature","properties":{"_zoneType":"SI_BUILT","name":"Pozidano zemljišče","authority":"MKGP","dataSource":"raba-3000"},"geometry":{"type":"Polygon","coordinates":[[[13.97007049112591,46.173085889987995],[13.969638066247832,46.1723870034942],[13.968515634069265,46.17509321088429],[13.97007049112591,46.173085889987995]]]}},{"type":"Feature","properties":{"_zoneType":"SI_BUILT","name":"Pozidano zemljišče","authority":"MKGP","dataSource":"raba-3000"},"geometry":{"type":"Polygon","coordinates":[[[13.971134801390937,46.084606684450655],[13.971436779608137,46.08466709964163],[13.971200478926947,46.08444537935355],[13.971134801390937,46.084606684450655]]]}},{"type":"Feature","properties":{"_zoneType":"SI_BUILT","name":"Pozidano zemljišče","authority":"MKGP","dataSource":"raba-3000"},"geometry":{"type":"Polygon","coordinates":[[[13.970968999981137,46.04185893378722],[13.971983448414399,46.04138175525224],[13.970992440932916,46.04171309168874],[13.970968999981137,46.04185893378722]]]}},{"type":"Feature","properties":{"_zoneType":"SI_BUILT","name":"Pozidano zemljišče","authority":"MKGP","dataSource":"raba-3000"},"geometry":{"type":"Polygon","coordinates":[[[13.968786329413419,46.187682118268334],[13.96755792553287,46.18721423967985],[13.967769779392176,46.18867399686747],[13.968786329413419,46.187682118268334]]]}},{"type":"Feature","properties":{"_zoneType":"SI_BUILT","name":"Pozidano zemljišče","authority":"MKGP","dataSource":"raba-3000"},"geometry":{"type":"Polygon","coordinates":[[[13.96892366081004,46.1451987211974],[13.966852088983474,46.145020294707514],[13.966193347927309,46.14598954488603],[13.967670333446518,46.146568176305784],[13.96892366081004,46.1451987211974]]]}},{"type":"Feature","properties":{"_zoneType":"SI_BUILT","name":"Pozidano zemljišče","authority":"MKGP","dataSource":"raba-3000"},"geometry":{"type":"Polygon","coordinates":[[[13.968018785742025,46.12307792694307],[13.967841662091681,46.12291512784122],[13.967795356105873,46.12319827979324],[13.968018785742025,46.12307792694307]]]}},{"type":"Feature","properties":{"_zoneType":"SI_BUILT","name":"Pozidano zemljišče","authority":"MKGP","dataSource":"raba-3000"},"geometry":{"type":"Polygon","coordinates":[[[13.968792570287206,46.0611413512236],[13.965996186930223,46.06177985098278],[13.967134263063222,46.0627122020275],[13.968792570287206,46.0611413512236]]]}},{"type":"Feature","properties":{"_zoneType":"SI_BUILT","name":"Pozidano zemljišče","authority":"MKGP","dataSource":"raba-3000"},"geometry":{"type":"Polygon","coordinates":[[[13.966149795459518,46.16904247399605],[13.964023324113835,46.16715559354743],[13.965862071857797,46.16905492129068],[13.966149795459518,46.16904247399605]]]}},{"type":"Feature","properties":{"_zoneType":"SI_BUILT","name":"Pozidano zemljišče","authority":"MKGP","dataSource":"raba-3000"},"geometry":{"type":"Polygon","coordinates":[[[13.965779111238161,46.16254111573952],[13.965357868765826,46.164355762288885],[13.964153511832896,46.16534940508843],[13.96565512056919,46.16447243772384],[13.965779111238161,46.16254111573952]]]}},{"type":"Feature","properties":{"_zoneType":"SI_BUILT","name":"Pozidano zemljišče","authority":"MKGP","dataSource":"raba-3000"},"geometry":{"type":"Polygon","coordinates":[[[13.965628467827088,46.15973852474738],[13.964162046887822,46.15976530959063],[13.964449495315195,46.160000000000004],[13.965503384897731,46.160000000000004],[13.965628467827088,46.15973852474738]]]}},{"type":"Feature","properties":{"_zoneType":"SI_BUILT","name":"Pozidano zemljišče","authority":"MKGP","dataSource":"raba-3000"},"geometry":{"type":"Polygon","coordinates":[[[13.965286858319825,46.16045263044246],[13.965503384897731,46.160000000000004],[13.964449495315195,46.160000000000004],[13.966849148298312,46.16195922289818],[13.965286858319825,46.16045263044246]]]}},{"type":"Feature","properties":{"_zoneType":"SI_BUILT","name":"Pozidano zemljišče","authority":"MKGP","dataSource":"raba-3000"},"geometry":{"type":"Polygon","coordinates":[[[13.966712582421726,46.08638534828486],[13.966509476635006,46.08623695532686],[13.96651796039119,46.08652343185674],[13.966712582421726,46.08638534828486]]]}},{"type":"Feature","properties":{"_zoneType":"SI_BUILT","name":"Pozidano zemljišče","authority":"MKGP","dataSource":"raba-3000"},"geometry":{"type":"Polygon","coordinates":[[[13.965607604120661,46.13993859877433],[13.96475601056882,46.13964885049586],[13.965317709239487,46.140092531486715],[13.965607604120661,46.13993859877433]]]}},{"type":"Feature","properties":{"_zoneType":"SI_BUILT","name":"Pozidano zemljišče","authority":"MKGP","dataSource":"raba-3000"},"geometry":{"type":"Polygon","coordinates":[[[13.965103712949915,46.10952231667073],[13.965096215306268,46.10992288699637],[13.965343466310575,46.10975995195128],[13.965103712949915,46.10952231667073]]]}},{"type":"Feature","properties":{"_zoneType":"SI_BUILT","name":"Pozidano zemljišče","authority":"MKGP","dataSource":"raba-3000"},"geometry":{"type":"Polygon","coordinates":[[[13.968795532107322,46.023715996507505],[13.974357140793183,46.02336853926364],[13.971162416492191,46.02546136515599],[13.972525086285804,46.02793379224054],[13.970666758880098,46.03191012654841],[13.969765202947144,46.032167034915496],[13.968599249283029,46.030993670937605],[13.96658701298162,46.03233252861909],[13.966504206019666,46.034549448206945],[13.967648853602398,46.03246240018427],[13.969955858441292,46.032909712827646],[13.974520059049201,46.031612251549944],[13.970452765728789,46.035165369782824],[13.97629217636614,46.0304187482388],[13.980034412931095,46.03149850092812],[13.98552890609865,46.03094875478046],[13.98658943927477,46.032797962505626],[13.988285427411938,46.03331670486403],[13.986471806034327,46.03224277533199],[13.986463392593842,46.0311389416975],[13.9840025473009,46.03007025415243],[13.980546511747564,46.03111737802486],[13.975833021314182,46.02987160875579],[13.971557666365152,46.031289301247135],[13.972484176169445,46.03028873677632],[13.973044061097509,46.026686654178754],[13.972427629118421,46.02616781319198],[13.973269228283616,46.02455937875434],[13.97718389536947,46.02298598289783],[13.981322526408782,46.02270136313239],[13.986530517739258,46.0237260980533],[13.99387162855301,46.03060290528369],[13.998529821747423,46.03160819241509],[14.0,46.030464689585074],[14.0,46.02914964503999],[13.999537565081488,46.02967129673491],[13.993343838617529,46.029659867165705],[13.991742027960008,46.02836679239151],[13.992114336787601,46.02698041118574],[13.991117643158143,46.02689165981833],[13.99093430999981,46.02562213244511],[13.988649092651206,46.02556702381716],[13.987621775952148,46.02372188174093],[13.986175553684674,46.02326797505009],[13.984959304341386,46.020186020938404],[13.985693002597595,46.018466434719684],[13.990905473175774,46.01531085258379],[13.996929163075691,46.01370942143782],[13.999421230278765,46.011789856753815],[14.0,46.01189016118063],[14.0,46.0105283319584],[13.996285975275672,46.01354554385325],[13.993091190144645,46.014106714059785],[13.989212510860849,46.01266260356395],[13.98738506489282,46.01355228937751],[13.986438475997474,46.012469710511624],[13.982318579156761,46.01206821487098],[13.983087959794387,46.011174228953394],[13.985675024541397,46.01173349100049],[13.990616046896305,46.009943882230836],[13.993547740973554,46.01080679766047],[14.0,46.01038418699607],[14.0,46.009936506518365],[13.996286135661027,46.00999411885703],[13.991357195759422,46.00817898856339],[13.983102473301074,46.00860286452431],[13.985351257296509,46.0093313770987],[13.991859787532222,46.008461779744515],[13.99454875609816,46.00992491869404],[13.990447424398514,46.00959609819797],[13.985484913677393,46.01150382859643],[13.982595345690786,46.009992666793615],[13.981499299290244,46.01107688425879],[13.981958728287285,46.01312221225123],[13.985069844658003,46.01285765808378],[13.986906184496654,46.014572814145446],[13.989084897385634,46.01302447835152],[13.991248972192844,46.01451317558882],[13.988222849029935,46.01624730392756],[13.98730038439218,46.01579324831893],[13.98721670798691,46.01696311590911],[13.984711530491657,46.01897840126498],[13.980667326249602,46.01760426764152],[13.984570631534242,46.0193634649839],[13.985196255570763,46.02095477517497],[13.984205967386758,46.021665129819596],[13.98205817330426,46.01955192769341],[13.98046655640558,46.01924645935461],[13.984683747248857,46.022696065850326],[13.97632429369187,46.021083652207295],[13.976613957429022,46.02204927545667],[13.969405217790731,46.02356282731472],[13.972714662663948,46.021444045561445],[13.970116056506996,46.02245531255279],[13.970942688346978,46.0212427774072],[13.966905082163061,46.0231215669265],[13.966694763639438,46.024784193340366],[13.968570127536262,46.024859270480135],[13.968795532107322,46.023715996507505]],[[13.966834446191143,46.02392444841106],[13.96716894509749,46.023324557535545],[13.96793382009965,46.02403416884358],[13.966834446191143,46.02392444841106]]]}},{"type":"Feature","properties":{"_zoneType":"SI_BUILT","name":"Pozidano zemljišče","authority":"MKGP","dataSource":"raba-3000"},"geometry":{"type":"Polygon","coordinates":[[[14.0,46.032348197987695],[14.0,46.03173501736854],[13.999156195968403,46.032143168657484],[14.0,46.032348197987695]]]}},{"type":"Feature","properties":{"_zoneType":"SI_BUILT","name":"Pozidano zemljišče","authority":"MKGP","dataSource":"raba-3000"},"geometry":{"type":"Polygon","coordinates":[[[13.99936571662081,46.03472117782948],[13.999011325370564,46.03541907808464],[13.999544114901449,46.034829303010966],[13.99936571662081,46.03472117782948]]]}},{"type":"Feature","properties":{"_zoneType":"SI_BUILT","name":"Pozidano zemljišče","authority":"MKGP","dataSource":"raba-3000"},"geometry":{"type":"Polygon","coordinates":[[[13.969631883855731,46.03072401570743],[13.969351959134684,46.03063682265259],[13.96955788139354,46.03083607754684],[13.969631883855731,46.03072401570743]]]}},{"type":"Feature","properties":{"_zoneType":"SI_BUILT","name":"Pozidano zemljišče","authority":"MKGP","dataSource":"raba-3000"},"geometry":{"type":"Polygon","coordinates":[[[13.982503622505636,46.02974355046612],[13.982540872184925,46.02992017906843],[13.982783369498987,46.02969710350227],[13.982503622505636,46.02974355046612]]]}},{"type":"Feature","properties":{"_zoneType":"SI_BUILT","name":"Pozidano zemljišče","authority":"MKGP","dataSource":"raba-3000"},"geometry":{"type":"Polygon","coordinates":[[[14.0,46.03365945901543],[14.0,46.033014104549096],[13.99936592247466,46.03271100847893],[13.999156021238365,46.03355085832302],[14.0,46.03365945901543]]]}},{"type":"Feature","properties":{"_zoneType":"SI_BUILT","name":"Pozidano zemljišče","authority":"MKGP","dataSource":"raba-3000"},"geometry":{"type":"Polygon","coordinates":[[[13.997377798469786,46.02512248484271],[13.997410853558577,46.02460829783309],[13.99634218383212,46.02425762692155],[13.99666953564247,46.02488813446317],[13.997377798469786,46.02512248484271]]]}},{"type":"Feature","properties":{"_zoneType":"SI_BUILT","name":"Pozidano zemljišče","authority":"MKGP","dataSource":"raba-3000"},"geometry":{"type":"Polygon","coordinates":[[[13.995561841391662,46.027580493075085],[13.994397137913674,46.026731035574564],[13.995061569954197,46.027810340043935],[13.995561841391662,46.027580493075085]]]}},{"type":"Feature","properties":{"_zoneType":"SI_BUILT","name":"Pozidano zemljišče","authority":"MKGP","dataSource":"raba-3000"},"geometry":{"type":"Polygon","coordinates":[[[13.992074944893458,46.00165077289744],[13.993693911494496,46.00056172642711],[13.989117468113653,46.001646923172],[13.992074944893458,46.00165077289744]]]}},{"type":"Feature","properties":{"_zoneType":"SI_BUILT","name":"Pozidano zemljišče","authority":"MKGP","dataSource":"raba-3000"},"geometry":{"type":"Polygon","coordinates":[[[13.99297579173499,46.01775553874522],[13.992017489102594,46.01795737908151],[13.992261719716414,46.018638567589456],[13.99297579173499,46.01775553874522]]]}},{"type":"Feature","properties":{"_zoneType":"SI_BUILT","name":"Pozidano zemljišče","authority":"MKGP","dataSource":"raba-3000"},"geometry":{"type":"Polygon","coordinates":[[[13.975935904781412,46.0],[13.97529464631076,46.0],[13.974543734962523,46.00045248377408],[13.975935904781412,46.0]]]}},{"type":"Feature","properties":{"_zoneType":"SI_BUILT","name":"Pozidano zemljišče","authority":"MKGP","dataSource":"raba-3000"},"geometry":{"type":"Polygon","coordinates":[[[13.977519180392132,46.001285872076274],[13.983164667659794,46.001069726449344],[13.984555222817207,46.00197873206443],[13.98388861429119,46.00381141107826],[13.985141671311247,46.00567760757119],[13.986842882017232,46.00581155163104],[13.984296713718292,46.00397487724089],[13.985131636394975,46.00219812163268],[13.987030686418398,46.00309831082015],[13.985946068695325,46.001871282411116],[13.9843414186302,46.000929653323],[13.978853661597498,46.000699812168044],[13.977962518106706,46.0],[13.977342033709586,46.0],[13.977929051245786,46.000425852216324],[13.977519180392132,46.001285872076274]]]}},{"type":"Feature","properties":{"_zoneType":"SI_BUILT","name":"Pozidano zemljišče","authority":"MKGP","dataSource":"raba-3000"},"geometry":{"type":"Polygon","coordinates":[[[13.968355498925957,46.01690610986032],[13.968958225439607,46.01728038547845],[13.973567455928986,46.01473457804851],[13.97428333468501,46.012732530724584],[13.97338129238669,46.011399026065725],[13.975331995556305,46.00937416228344],[13.975070041673424,46.00784207514871],[13.977041635353189,46.00878712223035],[13.977438668101321,46.0114278703212],[13.97819324728782,46.01077190031956],[13.97774733562085,46.0089211787859],[13.97448751068107,46.006389290181936],[13.973929298933083,46.00774415434948],[13.974957245293561,46.009155472626425],[13.973035804262329,46.01128983593093],[13.973817601103647,46.0128398689408],[13.973234258251653,46.01431628061945],[13.968262514027032,46.015356126282136],[13.969878264783484,46.01614663529752],[13.968355498925957,46.01690610986032]]]}},{"type":"Feature","properties":{"_zoneType":"SI_BUILT","name":"Pozidano zemljišče","authority":"MKGP","dataSource":"raba-3000"},"geometry":{"type":"Polygon","coordinates":[[[13.97682304810374,46.01199545562568],[13.97656404256947,46.0120399080271],[13.976645176627128,46.0130694989795],[13.97682304810374,46.01199545562568]]]}},{"type":"Feature","properties":{"_zoneType":"SI_BUILT","name":"Pozidano zemljišče","authority":"MKGP","dataSource":"raba-3000"},"geometry":{"type":"Polygon","coordinates":[[[13.969174126826921,46.004722506064304],[13.968905083964676,46.00464820829291],[13.9690862806362,46.004895046271116],[13.969174126826921,46.004722506064304]]]}},{"type":"Feature","properties":{"_zoneType":"SI_BUILT","name":"Pozidano zemljišče","authority":"MKGP","dataSource":"raba-3000"},"geometry":{"type":"Polygon","coordinates":[[[13.967895292724497,46.02187446981918],[13.967843087946735,46.02176205899919],[13.967004228311898,46.02161466249131],[13.967895292724497,46.02187446981918]]]}}]}