{"type":"FeatureCollection","features":[{"type":"Feature","properties":{"_zoneType":"SI_BUILT","name":"Pozidano zemljišče","authority":"MKGP","dataSource":"raba-3000"},"geometry":{"type":"Polygon","coordinates":[[[13.955758123235938,46.397534480387925],[13.955948802301311,46.39768855419286],[13.95598573479628,46.39741335183858],[13.955758123235938,46.397534480387925]]]}},{"type":"Feature","properties":{"_zoneType":"SI_BUILT","name":"Pozidano zemljišče","authority":"MKGP","dataSource":"raba-3000"},"geometry":{"type":"Polygon","coordinates":[[[13.916812323476348,46.39457216057948],[13.92,46.396175316812304],[13.92,46.39601330083904],[13.916812323476348,46.39457216057948]]]}},{"type":"Feature","properties":{"_zoneType":"SI_BUILT","name":"Pozidano zemljišče","authority":"MKGP","dataSource":"raba-3000"},"geometry":{"type":"Polygon","coordinates":[[[13.923069850057969,46.399231777029236],[13.923056613044546,46.4],[13.923855466531922,46.4],[13.921888470163257,46.39686707328459],[13.92,46.39601330083904],[13.92,46.396175316812304],[13.921588066155522,46.396973992002984],[13.923069850057969,46.399231777029236]]]}},{"type":"Feature","properties":{"_zoneType":"SI_BUILT","name":"Pozidano zemljišče","authority":"MKGP","dataSource":"raba-3000"},"geometry":{"type":"Polygon","coordinates":[[[13.923056613044546,46.400000000000006],[13.923855466531927,46.400000000000006],[13.923855466531922,46.4],[13.923056613044546,46.4],[13.923056613044546,46.400000000000006]]]}},{"type":"Feature","properties":{"_zoneType":"SI_BUILT","name":"Pozidano zemljišče","authority":"MKGP","dataSource":"raba-3000"},"geometry":{"type":"Polygon","coordinates":[[[13.9170394287634,46.39599855683366],[13.91739194749774,46.39601796800457],[13.91705977467341,46.395754751187674],[13.9170394287634,46.39599855683366]]]}},{"type":"Feature","properties":{"_zoneType":"SI_BUILT","name":"Pozidano zemljišče","authority":"MKGP","dataSource":"raba-3000"},"geometry":{"type":"Polygon","coordinates":[[[13.8,46.20023733255567],[13.8,46.200806348968776],[13.802175811035754,46.20050453291149],[13.8,46.20023733255567]]]}},{"type":"Feature","properties":{"_zoneType":"SI_BUILT","name":"Pozidano zemljišče","authority":"MKGP","dataSource":"raba-3000"},"geometry":{"type":"Polygon","coordinates":[[[13.879735518561011,46.206442281639625],[13.87887731941867,46.206265156701846],[13.879596689235527,46.205571498265364],[13.878691613199976,46.2048604952012],[13.877570302816435,46.20550433749741],[13.878931251679047,46.20540966847505],[13.878120300149186,46.20698290291832],[13.87627319672035,46.206100474795704],[13.876767300658173,46.20872412933577],[13.879195923129105,46.208222838857004],[13.88,46.20699308583916],[13.88,46.20611960941261],[13.879735518561011,46.206442281639625]]]}},{"type":"Feature","properties":{"_zoneType":"SI_BUILT","name":"Pozidano zemljišče","authority":"MKGP","dataSource":"raba-3000"},"geometry":{"type":"Polygon","coordinates":[[[13.89122068915019,46.20047425806447],[13.89075355593245,46.20367149219956],[13.888567275825006,46.20254400057036],[13.883445832375944,46.20399129683273],[13.882198726363569,46.20343712275104],[13.88,46.20611960941261],[13.88,46.20699308583916],[13.881595819611276,46.204552443589726],[13.888416626390635,46.20278718798051],[13.889583597485679,46.2031688710347],[13.88838432515021,46.20509814888245],[13.88978953652687,46.206397483046814],[13.88649362812892,46.20804586926149],[13.885952040084648,46.20939984094306],[13.887133573353697,46.20890594380819],[13.888706124155059,46.20989704431128],[13.888802688491062,46.208725454161105],[13.887070234449014,46.208234412901376],[13.889256196385787,46.20729905892669],[13.89195389939146,46.208184973824096],[13.89201459411743,46.2089265797766],[13.893147628257006,46.208411149770676],[13.89119095416727,46.207581313423326],[13.891617490635843,46.20635873441715],[13.898753391865215,46.20487443753877],[13.893818831138397,46.20569733434922],[13.892341399381026,46.205152297377744],[13.893681765781114,46.202944869996784],[13.891379776491675,46.20267529748287],[13.892551677093154,46.20256469077656],[13.891699393205997,46.20172944370657],[13.893195894465169,46.2],[13.88956830209184,46.2],[13.888643699328524,46.20035135521682],[13.89122068915019,46.20047425806447]]]}},{"type":"Feature","properties":{"_zoneType":"SI_BUILT","name":"Pozidano zemljišče","authority":"MKGP","dataSource":"raba-3000"},"geometry":{"type":"Polygon","coordinates":[[[13.926785393159475,46.20217006320335],[13.927181526714573,46.206282117092734],[13.925492346657283,46.20653838711958],[13.924792709414476,46.20758706658173],[13.922176878139222,46.20555164544306],[13.920355744298394,46.20582939013447],[13.921813882418414,46.20625897512342],[13.92050345277304,46.20778243833349],[13.921823288291032,46.2072635375027],[13.922711367534857,46.2079816909642],[13.923312284509406,46.20695512356228],[13.925304297749438,46.2087799037503],[13.924013180483058,46.21219466823182],[13.92089467859277,46.21322078255472],[13.921310486832331,46.214589274162364],[13.923540640897821,46.2134688587495],[13.9274185666003,46.21471970952641],[13.927490982345754,46.213920167536884],[13.92850109382108,46.21452787748717],[13.931852067641188,46.213208377064895],[13.934505346963808,46.21478598437786],[13.931054969762455,46.2123641177396],[13.929460031344684,46.21344863547048],[13.92733568797282,46.21172570193797],[13.928109197379706,46.21314114324701],[13.927442469061338,46.21368413651078],[13.924100456540407,46.21275072218469],[13.926848594623625,46.208065317061646],[13.925646059138314,46.20690902083894],[13.927383764254644,46.206570335304264],[13.927703509742178,46.206051928122655],[13.927206823093169,46.201580961027894],[13.928296643604138,46.2],[13.92752865974807,46.2],[13.92753283921181,46.20001321367036],[13.926785393159475,46.20217006320335]]]}},{"type":"Feature","properties":{"_zoneType":"SI_BUILT","name":"Pozidano zemljišče","authority":"MKGP","dataSource":"raba-3000"},"geometry":{"type":"Polygon","coordinates":[[[13.941233597369488,46.20354765438573],[13.94180335653115,46.20878094371853],[13.942279341873853,46.20569043528874],[13.941579097439863,46.20360039119989],[13.942559754796061,46.2006706427489],[13.943483971362278,46.2],[13.942821729048882,46.2],[13.942247758641559,46.20061769169846],[13.941233597369488,46.20354765438573]]]}},{"type":"Feature","properties":{"_zoneType":"SI_BUILT","name":"Pozidano zemljišče","authority":"MKGP","dataSource":"raba-3000"},"geometry":{"type":"Polygon","coordinates":[[[13.95809425898154,46.20534765097537],[13.958587782931467,46.20654664330587],[13.96,46.206730955012844],[13.96,46.20474095470725],[13.953190818257282,46.20253881152263],[13.94818204497023,46.2],[13.946093775430612,46.2],[13.952605292514393,46.20360749761304],[13.95809425898154,46.20534765097537]],[[13.948910056265893,46.20086245150707],[13.949294986518476,46.20056511049265],[13.949799845462335,46.20157790769705],[13.948910056265893,46.20086245150707]]]}},{"type":"Feature","properties":{"_zoneType":"SI_BUILT","name":"Pozidano zemljišče","authority":"MKGP","dataSource":"raba-3000"},"geometry":{"type":"Polygon","coordinates":[[[13.963271494583232,46.2071579253168],[13.963296907081164,46.20580720051084],[13.96,46.20474095470725],[13.96,46.206730955012844],[13.963271494583232,46.2071579253168]]]}},{"type":"Feature","properties":{"_zoneType":"SI_BUILT","name":"Pozidano zemljišče","authority":"MKGP","dataSource":"raba-3000"},"geometry":{"type":"Polygon","coordinates":[[[13.938923820864112,46.214096662536335],[13.939363892358887,46.21483116708687],[13.940438671692847,46.21483400948479],[13.939423172628892,46.21402000271265],[13.938923820864112,46.214096662536335]]]}},{"type":"Feature","properties":{"_zoneType":"SI_BUILT","name":"Pozidano zemljišče","authority":"MKGP","dataSource":"raba-3000"},"geometry":{"type":"Polygon","coordinates":[[[13.93534556032688,46.21479381282852],[13.93615458254875,46.21480134482704],[13.935985539672735,46.214413442813],[13.93534556032688,46.21479381282852]]]}},{"type":"Feature","properties":{"_zoneType":"SI_BUILT","name":"Pozidano zemljišče","authority":"MKGP","dataSource":"raba-3000"},"geometry":{"type":"Polygon","coordinates":[[[13.958929096213293,46.208617065277856],[13.96,46.20975686449914],[13.96,46.208743953218715],[13.958929096213293,46.208617065277856]]]}},{"type":"Feature","properties":{"_zoneType":"SI_BUILT","name":"Pozidano zemljišče","authority":"MKGP","dataSource":"raba-3000"},"geometry":{"type":"Polygon","coordinates":[[[13.96,46.208743953218715],[13.96,46.20975686449914],[13.96033050935208,46.210108636812215],[13.963202271357876,46.21083678512802],[13.961668357518286,46.209422076842316],[13.963246474494953,46.20844307553433],[13.96165534295598,46.20894008947457],[13.96,46.208743953218715]]]}},{"type":"Feature","properties":{"_zoneType":"SI_BUILT","name":"Pozidano zemljišče","authority":"MKGP","dataSource":"raba-3000"},"geometry":{"type":"Polygon","coordinates":[[[13.958835972396543,46.2],[13.95808429836682,46.20051669899969],[13.9587331637955,46.202283284827224],[13.96,46.20200655863215],[13.96,46.2],[13.958835972396543,46.2]]]}},{"type":"Feature","properties":{"_zoneType":"SI_BUILT","name":"Pozidano zemljišče","authority":"MKGP","dataSource":"raba-3000"},"geometry":{"type":"Polygon","coordinates":[[[13.96,46.2],[13.96,46.20200655863215],[13.961747151573991,46.20162491291854],[13.962092861779846,46.20266028499818],[13.963331284332883,46.20251656926948],[13.961077402910103,46.2],[13.96,46.2]]]}},{"type":"Feature","properties":{"_zoneType":"SI_BUILT","name":"Pozidano zemljišče","authority":"MKGP","dataSource":"raba-3000"},"geometry":{"type":"Polygon","coordinates":[[[13.88990110273951,46.20883129359277],[13.88969193651408,46.20871927310938],[13.889744220210195,46.20898774790584],[13.88990110273951,46.20883129359277]]]}},{"type":"Feature","properties":{"_zoneType":"SI_BUILT","name":"Pozidano zemljišče","authority":"MKGP","dataSource":"raba-3000"},"geometry":{"type":"Polygon","coordinates":[[[13.880086311208528,46.204142493721065],[13.880232864921194,46.20429926163506],[13.88047523330567,46.20400857743221],[13.880086311208528,46.204142493721065]]]}},{"type":"Feature","properties":{"_zoneType":"SI_BUILT","name":"Pozidano zemljišče","authority":"MKGP","dataSource":"raba-3000"},"geometry":{"type":"Polygon","coordinates":[[[13.881232826881595,46.20336825495606],[13.880803921881224,46.20343157272562],[13.881269736949527,46.203558953650955],[13.881232826881595,46.20336825495606]]]}},{"type":"Feature","properties":{"_zoneType":"SI_BUILT","name":"Pozidano zemljišče","authority":"MKGP","dataSource":"raba-3000"},"geometry":{"type":"Polygon","coordinates":[[[13.899104185561477,46.205807625568205],[13.899000594245312,46.205649650355426],[13.898229644153114,46.20571491063041],[13.899104185561477,46.205807625568205]]]}},{"type":"Feature","properties":{"_zoneType":"SI_BUILT","name":"Pozidano zemljišče","authority":"MKGP","dataSource":"raba-3000"},"geometry":{"type":"Polygon","coordinates":[[[13.962541326604994,46.21380331239759],[13.962889733865028,46.21380858762879],[13.96263726992732,46.21362359508011],[13.962541326604994,46.21380331239759]]]}},{"type":"Feature","properties":{"_zoneType":"SI_BUILT","name":"Pozidano zemljišče","authority":"MKGP","dataSource":"raba-3000"},"geometry":{"type":"Polygon","coordinates":[[[13.932629730222333,46.2095872923259],[13.932598767435811,46.20947862842701],[13.931726163365898,46.209330796263096],[13.932629730222333,46.2095872923259]]]}},{"type":"Feature","properties":{"_zoneType":"SI_BUILT","name":"Pozidano zemljišče","authority":"MKGP","dataSource":"raba-3000"},"geometry":{"type":"Polygon","coordinates":[[[13.929875265891678,46.21201761262465],[13.929679022507358,46.21189304145405],[13.929774838468829,46.21224561396123],[13.929875265891678,46.21201761262465]]]}},{"type":"Feature","properties":{"_zoneType":"SI_BUILT","name":"Pozidano zemljišče","authority":"MKGP","dataSource":"raba-3000"},"geometry":{"type":"Polygon","coordinates":[[[13.929839495340156,46.211179283376126],[13.929438480856048,46.211327005671365],[13.929943493366387,46.21133500387838],[13.929839495340156,46.211179283376126]]]}},{"type":"Feature","properties":{"_zoneType":"SI_BUILT","name":"Pozidano zemljišče","authority":"MKGP","dataSource":"raba-3000"},"geometry":{"type":"Polygon","coordinates":[[[13.927241781609789,46.21084618092252],[13.92734745630935,46.21100379358297],[13.92754291939534,46.21074358199177],[13.927241781609789,46.21084618092252]]]}},{"type":"Feature","properties":{"_zoneType":"SI_BUILT","name":"Pozidano zemljišče","authority":"MKGP","dataSource":"raba-3000"},"geometry":{"type":"Polygon","coordinates":[[[13.916560422800739,46.213124770646786],[13.915375150390963,46.21293556633379],[13.916203126625867,46.21365882624679],[13.916560422800739,46.213124770646786]]]}},{"type":"Feature","properties":{"_zoneType":"SI_BUILT","name":"Pozidano zemljišče","authority":"MKGP","dataSource":"raba-3000"},"geometry":{"type":"Polygon","coordinates":[[[13.913092893384368,46.205714269680804],[13.91252416036401,46.20528360110224],[13.912266713341635,46.20593300640995],[13.913092893384368,46.205714269680804]]]}},{"type":"Feature","properties":{"_zoneType":"SI_BUILT","name":"Pozidano zemljišče","authority":"MKGP","dataSource":"raba-3000"},"geometry":{"type":"Polygon","coordinates":[[[13.895975519420782,46.20953353739629],[13.89588253199475,46.20931714389125],[13.894502105757377,46.210118021241215],[13.895975519420782,46.20953353739629]]]}},{"type":"Feature","properties":{"_zoneType":"SI_BUILT","name":"Pozidano zemljišče","authority":"MKGP","dataSource":"raba-3000"},"geometry":{"type":"Polygon","coordinates":[[[13.896322651103459,46.208898327454925],[13.895937427959293,46.20882207873102],[13.896212275787795,46.209009356889474],[13.896322651103459,46.208898327454925]]]}},{"type":"Feature","properties":{"_zoneType":"SI_BUILT","name":"Pozidano zemljišče","authority":"MKGP","dataSource":"raba-3000"},"geometry":{"type":"Polygon","coordinates":[[[13.897805464585897,46.208011332080154],[13.897047145610836,46.20827721076025],[13.897171848216379,46.208893214950805],[13.897805464585897,46.208011332080154]]]}},{"type":"Feature","properties":{"_zoneType":"SI_BUILT","name":"Pozidano zemljišče","authority":"MKGP","dataSource":"raba-3000"},"geometry":{"type":"Polygon","coordinates":[[[13.893823080962274,46.204769669386096],[13.89391726334824,46.204941111825],[13.894150642303629,46.20466722378872],[13.893823080962274,46.204769669386096]]]}},{"type":"Feature","properties":{"_zoneType":"SI_BUILT","name":"Pozidano zemljišče","authority":"MKGP","dataSource":"raba-3000"},"geometry":{"type":"Polygon","coordinates":[[[13.893952288696292,46.20147017806697],[13.89354704946188,46.201447040383236],[13.893852153323088,46.201754454309025],[13.893952288696292,46.20147017806697]]]}},{"type":"Feature","properties":{"_zoneType":"SI_BUILT","name":"Pozidano zemljišče","authority":"MKGP","dataSource":"raba-3000"},"geometry":{"type":"Polygon","coordinates":[[[13.883807479865393,46.20503460370771],[13.883861599970505,46.20519392480933],[13.884119010221227,46.20498741280208],[13.883807479865393,46.20503460370771]]]}},{"type":"Feature","properties":{"_zoneType":"SI_BUILT","name":"Pozidano zemljišče","authority":"MKGP","dataSource":"raba-3000"},"geometry":{"type":"Polygon","coordinates":[[[13.879357789412213,46.201473152614064],[13.879366721326972,46.20168078560861],[13.87969847909026,46.20146709641203],[13.879357789412213,46.201473152614064]]]}},{"type":"Feature","properties":{"_zoneType":"SI_BUILT","name":"Pozidano zemljišče","authority":"MKGP","dataSource":"raba-3000"},"geometry":{"type":"Polygon","coordinates":[[[13.879460883639107,46.202882793276395],[13.879146486745999,46.20282794645989],[13.87933944435918,46.2030707669692],[13.879460883639107,46.202882793276395]]]}},{"type":"Feature","properties":{"_zoneType":"SI_BUILT","name":"Pozidano zemljišče","authority":"MKGP","dataSource":"raba-3000"},"geometry":{"type":"Polygon","coordinates":[[[13.878490416938075,46.20914855088445],[13.878138526082624,46.20903761029931],[13.878342289520994,46.209335477610985],[13.878490416938075,46.20914855088445]]]}},{"type":"Feature","properties":{"_zoneType":"SI_BUILT","name":"Pozidano zemljišče","authority":"MKGP","dataSource":"raba-3000"},"geometry":{"type":"Polygon","coordinates":[[[13.878267101035778,46.202284977469716],[13.877571660149856,46.20213262275083],[13.877617469170762,46.20274161367292],[13.878267101035778,46.202284977469716]]]}},{"type":"Feature","properties":{"_zoneType":"SI_BUILT","name":"Pozidano zemljišče","authority":"MKGP","dataSource":"raba-3000"},"geometry":{"type":"Polygon","coordinates":[[[13.876372421166971,46.203397175454405],[13.876670743411934,46.20349293886826],[13.876548408219392,46.203194748268864],[13.876372421166971,46.203397175454405]]]}},{"type":"Feature","properties":{"_zoneType":"SI_BUILT","name":"Pozidano zemljišče","authority":"MKGP","dataSource":"raba-3000"},"geometry":{"type":"Polygon","coordinates":[[[13.876200859507662,46.20507659313474],[13.876209893026855,46.20527623857903],[13.876553674031715,46.20507998873978],[13.876200859507662,46.20507659313474]]]}},{"type":"Feature","properties":{"_zoneType":"SI_BUILT","name":"Pozidano zemljišče","authority":"MKGP","dataSource":"raba-3000"},"geometry":{"type":"Polygon","coordinates":[[[13.872282801634881,46.204690924229325],[13.871944212310494,46.20468229060318],[13.872285728450283,46.20491275715647],[13.872282801634881,46.204690924229325]]]}},{"type":"Feature","properties":{"_zoneType":"SI_BUILT","name":"Pozidano zemljišče","authority":"MKGP","dataSource":"raba-3000"},"geometry":{"type":"Polygon","coordinates":[[[13.842003781543477,46.20204682516404],[13.84223212446344,46.202173696740594],[13.842170885254346,46.201885919294824],[13.842003781543477,46.20204682516404]]]}},{"type":"Feature","properties":{"_zoneType":"SI_BUILT","name":"Pozidano zemljišče","authority":"MKGP","dataSource":"raba-3000"},"geometry":{"type":"Polygon","coordinates":[[[13.823848798143818,46.20807377648165],[13.822794553000627,46.208669227915955],[13.83005322931182,46.2109762087288],[13.83138807296982,46.21324483034314],[13.830338525915302,46.21376758280428],[13.83248301101798,46.213789505910555],[13.83038521981103,46.21087500791515],[13.82741445613204,46.20950857339138],[13.827687947464085,46.207986708764075],[13.826405498857607,46.207441853724575],[13.826634432943386,46.20835757184593],[13.825660726195629,46.208407761255756],[13.821310784242641,46.204753575618795],[13.820110209411153,46.20218013514141],[13.820576280365731,46.20091021771168],[13.81949826547758,46.20209926083541],[13.821969985646406,46.206651560884374],[13.823848798143818,46.20807377648165]]]}},{"type":"Feature","properties":{"_zoneType":"SI_BUILT","name":"Pozidano zemljišče","authority":"MKGP","dataSource":"raba-3000"},"geometry":{"type":"Polygon","coordinates":[[[13.804032667455287,46.206208645612456],[13.803530935197422,46.205092079145494],[13.803644815388516,46.20623285791852],[13.804032667455287,46.206208645612456]]]}},{"type":"Feature","properties":{"_zoneType":"SI_BUILT","name":"Pozidano zemljišče","authority":"MKGP","dataSource":"raba-3000"},"geometry":{"type":"Polygon","coordinates":[[[14.0,46.213585982847626],[14.0,46.212483886942756],[13.999629659158057,46.21179022146644],[13.999278671820205,46.213185377102036],[13.997454993643274,46.21376373876108],[13.995449089566403,46.21301656526146],[13.995922154345571,46.21211903474575],[13.994875830257152,46.211536705376716],[13.993442763234006,46.212899159833576],[13.992378920508886,46.212252039124046],[13.98825537906328,46.21268565579901],[13.98743217536446,46.21315442202066],[13.988947886473161,46.213707143179],[13.985565844339668,46.21344554575438],[13.977859801136342,46.21517666286521],[13.969890978543525,46.21176161890307],[13.973923103265365,46.20971605647377],[13.976160252822762,46.20978572426135],[13.975764840367617,46.20885662634687],[13.970341734112889,46.20943856155778],[13.970234040592862,46.20748766669841],[13.968341360042754,46.2053633285013],[13.963358811853446,46.2025164324433],[13.969640837173724,46.207138373183895],[13.970191746343078,46.20848355977111],[13.96932078051951,46.209967984324386],[13.97094663599822,46.209988721531055],[13.968593536123597,46.210675653640635],[13.968167387574036,46.2091450056828],[13.963296907081164,46.20580720051084],[13.963271494583232,46.2071579253168],[13.96509154328539,46.208198641637225],[13.965186407891284,46.20925517005238],[13.96323870942749,46.208900378157274],[13.966449877782061,46.21087585377665],[13.965614393442053,46.21147134408975],[13.966573395504788,46.211745467948305],[13.966447124248921,46.21315464457377],[13.96810737947761,46.21194795382229],[13.97322045859601,46.21514028627024],[13.985873034292341,46.215253233057794],[13.991422757642466,46.212981152418514],[13.99417623044133,46.21300683300356],[13.997082751151915,46.213936247460076],[13.998136527083016,46.21528612840831],[14.0,46.215358133037654],[14.0,46.2143870733903],[13.999363468598013,46.21398214949894],[14.0,46.213585982847626]]]}},{"type":"Feature","properties":{"_zoneType":"SI_BUILT","name":"Pozidano zemljišče","authority":"MKGP","dataSource":"raba-3000"},"geometry":{"type":"Polygon","coordinates":[[[13.963215219342437,46.21014872082722],[13.963202271357876,46.21083678512802],[13.963546621308966,46.21044399422603],[13.963215219342437,46.21014872082722]]]}},{"type":"Feature","properties":{"_zoneType":"SI_BUILT","name":"Pozidano zemljišče","authority":"MKGP","dataSource":"raba-3000"},"geometry":{"type":"Polygon","coordinates":[[[13.968526487256455,46.20828927260397],[13.968303183850727,46.20841128096485],[13.96875045505843,46.20864669609808],[13.968526487256455,46.20828927260397]]]}},{"type":"Feature","properties":{"_zoneType":"SI_BUILT","name":"Pozidano zemljišče","authority":"MKGP","dataSource":"raba-3000"},"geometry":{"type":"Polygon","coordinates":[[[13.99539830661942,46.20635627250047],[13.994366758532578,46.20758165867168],[13.994990115892058,46.20897780984145],[13.999754415595115,46.21026798649968],[13.99500535603165,46.20847093786487],[13.995014645075502,46.20732546728437],[13.997312045998061,46.20554840656353],[13.996736356748182,46.20499154977995],[13.99447426695356,46.205970507365706],[13.99272554805814,46.204742943566615],[13.993612853373527,46.204047296434936],[13.993069970708872,46.201839891188],[13.995524303262448,46.2],[13.994566236083463,46.2],[13.992754963337601,46.20176760679663],[13.992226792546003,46.20427024004508],[13.993621771996953,46.205962445834224],[13.99539830661942,46.20635627250047]]]}},{"type":"Feature","properties":{"_zoneType":"SI_BUILT","name":"Pozidano zemljišče","authority":"MKGP","dataSource":"raba-3000"},"geometry":{"type":"Polygon","coordinates":[[[13.98742221317201,46.20684143053562],[13.987717215970273,46.206960641822924],[13.987625746699862,46.20660720139401],[13.98742221317201,46.20684143053562]]]}},{"type":"Feature","properties":{"_zoneType":"SI_BUILT","name":"Pozidano zemljišče","authority":"MKGP","dataSource":"raba-3000"},"geometry":{"type":"Polygon","coordinates":[[[13.98640993717665,46.206078424306234],[13.984791241521101,46.20477968999762],[13.984451491246087,46.206036852753705],[13.985827665757478,46.20656999214392],[13.98640993717665,46.206078424306234]]]}},{"type":"Feature","properties":{"_zoneType":"SI_BUILT","name":"Pozidano zemljišče","authority":"MKGP","dataSource":"raba-3000"},"geometry":{"type":"Polygon","coordinates":[[[13.810513539370493,46.27926724911182],[13.81363089412434,46.27729990186105],[13.819807401615329,46.27766413393703],[13.82047280658693,46.276400120742146],[13.823786524037994,46.276122390245476],[13.826011073273271,46.276419463161304],[13.826450520478442,46.277408310134845],[13.830948737256561,46.277174105454755],[13.83136804626481,46.27797899935333],[13.826777962851443,46.27882040265502],[13.825604997550242,46.28],[13.830113164039215,46.28],[13.831233885548174,46.27943058531481],[13.832350368530388,46.28],[13.832568541680354,46.28],[13.831933777090542,46.27950056438924],[13.8326367813053,46.27871029775267],[13.83395430438752,46.27901916059891],[13.833765336438754,46.27989395143877],[13.837847394650584,46.279823677290246],[13.838464907625474,46.278859778581804],[13.84,46.279281016560475],[13.84,46.278903512293],[13.838710430804436,46.27855369889242],[13.837912813020196,46.27797001298125],[13.838451564127414,46.277033164891236],[13.83696485844881,46.27586419273106],[13.828911202339459,46.273649799533814],[13.813884220153014,46.27254545309257],[13.810854239490006,46.26957371493363],[13.813975292066887,46.26819964210579],[13.82051126736628,46.267873219502434],[13.821814456731932,46.26705068471454],[13.819504090418544,46.26396355406329],[13.81926725849181,46.25907049773915],[13.82299900383635,46.25684219435795],[13.824012234807057,46.25509880149264],[13.828183143941027,46.25559021943363],[13.832722456789417,46.25993906813178],[13.836606067017717,46.26122197197067],[13.837616809857165,46.2639785551313],[13.837800103455042,46.26242421645815],[13.839830886192338,46.26413986515905],[13.84,46.26412513661201],[13.84,46.26150791297385],[13.839737844188125,46.26148207367575],[13.84,46.25974388713963],[13.84,46.2568117112631],[13.835967833854722,46.25386700085993],[13.836451108134652,46.252135351116756],[13.838093514050774,46.25105576484466],[13.836268962227216,46.250761448318954],[13.836867339117891,46.25134541291526],[13.835915045114769,46.25237426402807],[13.835599843145358,46.25377071808844],[13.83922304239053,46.257009434144194],[13.839842172939289,46.25874805104882],[13.8353552212688,46.260271842789166],[13.832251466033377,46.25790151591145],[13.829557086639813,46.250907235636966],[13.826606599493312,46.24983896936079],[13.827671365485596,46.25205809739842],[13.826111813502404,46.25447562290296],[13.823745711682125,46.25474495657182],[13.824049679204341,46.25363633580571],[13.822934706484494,46.25355230923565],[13.822671602888724,46.25668114013965],[13.818322062111676,46.2587517029457],[13.819076469811261,46.25957094185423],[13.819156872032533,46.26402840608729],[13.821472798175327,46.26688919622188],[13.812930326467336,46.26791259722921],[13.810225192398866,46.269594508645966],[13.813607831378734,46.27273168381237],[13.82887648404181,46.273912980671156],[13.833012234856692,46.275028851810475],[13.834508243748202,46.27675445395254],[13.82714394700426,46.27578996637278],[13.82041891648448,46.276026728758794],[13.817040434551144,46.27730834370416],[13.8131430948172,46.27716398358807],[13.810188393680152,46.279109157884356],[13.809928028992243,46.28],[13.810194406427131,46.28],[13.810513539370493,46.27926724911182]],[[13.838004532295969,46.27727484172484],[13.837104030593638,46.27756115470676],[13.835613702094834,46.27649694918409],[13.836537910964358,46.27616157497655],[13.838004532295969,46.27727484172484]],[[13.83803481026226,46.26047778955589],[13.837328616958933,46.261195667559605],[13.836468573081119,46.26045690567024],[13.837155769485003,46.25997312065302],[13.83803481026226,46.26047778955589]],[[13.833446078435998,46.27823820636393],[13.83243101451978,46.278379931683546],[13.831864450393379,46.27763913805914],[13.833262211254347,46.27723325030925],[13.833446078435998,46.27823820636393]],[[13.826577518554355,46.25451509375164],[13.8277600681201,46.25305813588038],[13.827970887193283,46.25074294046761],[13.829631126123626,46.25152137215241],[13.830888812991214,46.257184851694014],[13.826577518554355,46.25451509375164]]]}},{"type":"Feature","properties":{"_zoneType":"SI_BUILT","name":"Pozidano zemljišče","authority":"MKGP","dataSource":"raba-3000"},"geometry":{"type":"Polygon","coordinates":[[[13.807151061989819,46.28919721806045],[13.807787171008375,46.28405386967836],[13.813336848285815,46.28139737934327],[13.809367436315249,46.28189877947917],[13.810194406427131,46.28],[13.809928028992243,46.28],[13.809585256338615,46.281172802342724],[13.808012044135975,46.28219790154613],[13.806658110155619,46.28898990047701],[13.803372731602403,46.28992078685176],[13.802899407432305,46.288815546713415],[13.801267379749497,46.28900614347703],[13.802676219376997,46.290326722197],[13.807151061989819,46.28919721806045]]]}},{"type":"Feature","properties":{"_zoneType":"SI_BUILT","name":"Pozidano zemljišče","authority":"MKGP","dataSource":"raba-3000"},"geometry":{"type":"Polygon","coordinates":[[[13.825018446740888,46.28058986721662],[13.822989561351685,46.280551784924185],[13.823286892208687,46.281288682477516],[13.824938055181379,46.28095930222619],[13.826133213106923,46.28274289859472],[13.82371876718721,46.283275209272446],[13.825022014427294,46.28444901186189],[13.823412409292564,46.28479455762427],[13.822678418331279,46.28365559541313],[13.821640271377762,46.28507723489967],[13.814726109908047,46.28607125705807],[13.808850457622677,46.288517460835415],[13.80823943582766,46.289689235881376],[13.814894197093057,46.28628523256832],[13.823078926403971,46.28555884234613],[13.827692853224555,46.28378488863211],[13.829112901726377,46.2848351687537],[13.831655849596041,46.28296404359284],[13.831691381803276,46.281783010171715],[13.829559782412462,46.280281161396715],[13.830113164039215,46.28],[13.825604997550242,46.28],[13.825018446740888,46.28058986721662]],[[13.830508578903258,46.2818709738941],[13.830091348721876,46.282409000545194],[13.829674806051653,46.28154390165313],[13.830508578903258,46.2818709738941]],[[13.82886992998507,46.28181884244307],[13.828017459476667,46.282706596511524],[13.826629902194547,46.281494698774864],[13.827901096713683,46.28027467783057],[13.82886992998507,46.28181884244307]]]}},{"type":"Feature","properties":{"_zoneType":"SI_BUILT","name":"Pozidano zemljišče","authority":"MKGP","dataSource":"raba-3000"},"geometry":{"type":"Polygon","coordinates":[[[13.832970532862973,46.28031628845565],[13.832568541680354,46.28],[13.832350368530388,46.28],[13.832970532862973,46.28031628845565]]]}},{"type":"Feature","properties":{"_zoneType":"SI_BUILT","name":"Pozidano zemljišče","authority":"MKGP","dataSource":"raba-3000"},"geometry":{"type":"Polygon","coordinates":[[[13.84262014835158,46.28],[13.844042145806725,46.28],[13.84,46.278903512293],[13.84,46.279281016560475],[13.84262014835158,46.28]]]}},{"type":"Feature","properties":{"_zoneType":"SI_BUILT","name":"Pozidano zemljišče","authority":"MKGP","dataSource":"raba-3000"},"geometry":{"type":"Polygon","coordinates":[[[13.85913718120739,46.27959248060417],[13.86129207994924,46.278531643119976],[13.86673358920572,46.27931983784066],[13.873988916196124,46.27859873561046],[13.88,46.27777213770089],[13.88,46.277389742507346],[13.86853117659181,46.27869627418851],[13.868333983664018,46.27767202731878],[13.865612091942369,46.27866216855224],[13.862382432424074,46.27673280857226],[13.858997825949466,46.27930769918481],[13.856182435727627,46.28],[13.857413521754022,46.28],[13.85913718120739,46.27959248060417]]]}},{"type":"Feature","properties":{"_zoneType":"SI_BUILT","name":"Pozidano zemljišče","authority":"MKGP","dataSource":"raba-3000"},"geometry":{"type":"Polygon","coordinates":[[[13.841159393804364,46.26402416208823],[13.841571535655337,46.26200366861733],[13.843045005442642,46.26248933832125],[13.842354591947556,46.26362871858913],[13.84405827803239,46.263223083595335],[13.842684940109052,46.26177255317904],[13.84,46.26150791297385],[13.84,46.26412513661201],[13.841159393804364,46.26402416208823]]]}},{"type":"Feature","properties":{"_zoneType":"SI_BUILT","name":"Pozidano zemljišče","authority":"MKGP","dataSource":"raba-3000"},"geometry":{"type":"Polygon","coordinates":[[[13.840246360108521,46.2581104317506],[13.841760757879493,46.25809760124342],[13.84,46.2568117112631],[13.84,46.25974388713963],[13.840246360108521,46.2581104317506]]]}},{"type":"Feature","properties":{"_zoneType":"SI_BUILT","name":"Pozidano zemljišče","authority":"MKGP","dataSource":"raba-3000"},"geometry":{"type":"Polygon","coordinates":[[[13.84792705607159,46.281456245316605],[13.850659769009225,46.28159676856862],[13.857413521754022,46.28],[13.856182435727627,46.28],[13.851082269440782,46.28125412429531],[13.850407972115507,46.28001255712258],[13.847629902669308,46.280973228449355],[13.844042145806725,46.28],[13.84262014835158,46.28],[13.84792705607159,46.281456245316605]]]}},{"type":"Feature","properties":{"_zoneType":"SI_BUILT","name":"Pozidano zemljišče","authority":"MKGP","dataSource":"raba-3000"},"geometry":{"type":"Polygon","coordinates":[[[13.879059192892848,46.28809672907423],[13.875976609472184,46.28736570904295],[13.86711818997135,46.287466072963596],[13.863897532537049,46.28655348251826],[13.861457509172642,46.28697907618756],[13.868905277188206,46.28780657208712],[13.875912563219382,46.2875912030191],[13.879407663118856,46.288495632521446],[13.88,46.288233228682515],[13.88,46.28781938622476],[13.879059192892848,46.28809672907423]]]}},{"type":"Feature","properties":{"_zoneType":"SI_BUILT","name":"Pozidano zemljišče","authority":"MKGP","dataSource":"raba-3000"},"geometry":{"type":"Polygon","coordinates":[[[13.881301314636687,46.27759319094296],[13.882895740131387,46.27634475942001],[13.88626889744126,46.27820606427027],[13.884806128315375,46.27966776252722],[13.88685473810238,46.27995691738199],[13.886830405477617,46.28],[13.887034164621669,46.28],[13.887293378160805,46.27832324952425],[13.889760595703939,46.278554252909174],[13.889261776047864,46.28],[13.889620065289014,46.28],[13.88979728816378,46.279251956052946],[13.89453567281313,46.27622717605889],[13.891387354910549,46.278073032181275],[13.890287400877652,46.2773088233415],[13.890416075432102,46.276068750188394],[13.89251273751466,46.27443752469507],[13.893568300426493,46.27481717516804],[13.893397454462523,46.27399189132635],[13.894440574806007,46.27429055445687],[13.8952062198715,46.2729762805676],[13.896933805257333,46.27362078173978],[13.899779839276501,46.270951198994865],[13.899779166512838,46.26983973372334],[13.90067188470532,46.26979645294952],[13.900908529725736,46.270772602417374],[13.901231547583118,46.2694284442908],[13.903372907665435,46.270175575082106],[13.907773154221367,46.26963809618027],[13.912337340619871,46.27242913227005],[13.910678430917386,46.27123372032687],[13.912158076961871,46.26995469224469],[13.912893051747512,46.27190199227806],[13.915445291151173,46.27263858964452],[13.915347094972521,46.27448933532703],[13.916448300594697,46.2734412180151],[13.919937245457481,46.274126605999164],[13.92,46.27414877900912],[13.92,46.27175435038266],[13.918973926810319,46.27176312426008],[13.91819794982832,46.27021470974363],[13.913652622036045,46.27035849543108],[13.913148656798178,46.26963867311057],[13.917444060375855,46.26778714009184],[13.92,46.268051803097485],[13.92,46.26775890400651],[13.916229818662062,46.26676810153835],[13.918834656319735,46.265157696446686],[13.918866483420263,46.263681064448576],[13.917394184093393,46.26294525368429],[13.918685115117569,46.26283175851592],[13.918168485650584,46.26220920400817],[13.916797080829777,46.26271083138616],[13.918509904846404,46.26498801302883],[13.916139612650797,46.2654787140189],[13.915487201169244,46.2646451953634],[13.912654314043643,46.26336171052048],[13.912294776005023,46.26080787926698],[13.911253449131125,46.262923308355326],[13.907675370630917,46.26199375391683],[13.908811808594946,46.26348548215499],[13.911994404903751,46.26335283896663],[13.915327151973722,46.26488048095148],[13.915846193167395,46.266704368299074],[13.913342395214762,46.26747103480531],[13.910712272992761,46.266342780384456],[13.909069754188572,46.26696690758657],[13.908480251042223,46.26574745173895],[13.905751663333602,46.26632742681533],[13.905002423457539,46.264050948514154],[13.90652953596239,46.2622879811737],[13.905686968902206,46.260906240385765],[13.901709474427623,46.26319108023142],[13.89910659678606,46.26329123323608],[13.898035442808554,46.26486671144175],[13.903691057187388,46.26455638827031],[13.904794238331087,46.2674381737795],[13.899578926720036,46.26815804193958],[13.895347253850746,46.26669944175577],[13.890453551446358,46.267365491342105],[13.893880175979552,46.268087186194414],[13.895423070840518,46.26754084390683],[13.897589133014364,46.26891754544564],[13.896597712081205,46.269284988159896],[13.895865799156184,46.271540008066026],[13.891930754225932,46.271595709642455],[13.892761077739621,46.27036049191615],[13.89100290750103,46.27075447113735],[13.890308809797645,46.26969044336422],[13.890216092502378,46.27101641119833],[13.885859349640825,46.271481465127124],[13.890006919215155,46.27132599585485],[13.890380984702368,46.27244864050829],[13.882652470028201,46.27398889104176],[13.882137890203927,46.274420459565654],[13.883609545184388,46.27585827454007],[13.88029243691134,46.27735642800979],[13.88,46.277389742507346],[13.88,46.27777213770089],[13.881301314636687,46.27759319094296]],[[13.916777137996915,46.26780304783923],[13.915036552026786,46.26881773710134],[13.91377765294666,46.26864037787521],[13.914496909059503,46.26775765525495],[13.916777137996915,46.26780304783923]],[[13.912722227386768,46.26919314551084],[13.91028253965378,46.27050840847815],[13.908695497173602,46.269662189261425],[13.909333883351746,46.268852069301154],[13.912722227386768,46.26919314551084]],[[13.908793739728925,46.26736010244557],[13.906301689552016,46.267544907139566],[13.907026155674599,46.266392564997346],[13.908793739728925,46.26736010244557]],[[13.907162081862447,46.26805147779233],[13.907011125287047,46.26941134879924],[13.900530340362192,46.269246572833616],[13.899362656071204,46.269792888239266],[13.897584022273175,46.272381549124134],[13.896188135877436,46.27293541648643],[13.898460730785356,46.268794714406845],[13.907162081862447,46.26805147779233]],[[13.89246221545651,46.27392309556369],[13.891321351638075,46.27415608427851],[13.891900147899419,46.27290803053569],[13.89246221545651,46.27392309556369]],[[13.886302336531834,46.27403654017875],[13.885739555812037,46.276458255252464],[13.884830393865052,46.27402752337093],[13.886302336531834,46.27403654017875]]]}},{"type":"Feature","properties":{"_zoneType":"SI_BUILT","name":"Pozidano zemljišče","authority":"MKGP","dataSource":"raba-3000"},"geometry":{"type":"Polygon","coordinates":[[[13.885921460617672,46.28160935059732],[13.883355499365464,46.28218105744459],[13.881748805996272,46.28080003039378],[13.88088700711666,46.28138605775753],[13.882825661468772,46.285445842999266],[13.881253916197089,46.28744974117377],[13.88,46.28781938622476],[13.88,46.288233228682515],[13.882579552474493,46.2870904930306],[13.884617084585603,46.28754770303751],[13.884918475560212,46.28850558400348],[13.883921422255854,46.28894205076617],[13.885739471679043,46.28823482246955],[13.887951436454765,46.28909033740613],[13.885726048649818,46.290368097294014],[13.88675483750336,46.29210889527123],[13.886272035487407,46.2932335555429],[13.88347108640823,46.29631534198157],[13.881560369145962,46.296567901460115],[13.882995936625449,46.29676474687354],[13.882200706304909,46.29797635450629],[13.884429373165807,46.295702636054884],[13.885383957197982,46.295712204872714],[13.885348007312524,46.29671277208067],[13.886453925262874,46.29544949615444],[13.885099463318538,46.2949812746153],[13.88814514165756,46.291028939570516],[13.88739780426848,46.29030788128325],[13.890508424751284,46.29025287446304],[13.888424954582755,46.2934779736337],[13.891111418208455,46.292242462531135],[13.893384124754942,46.2926221954046],[13.899793315512264,46.289967496432666],[13.905726139803507,46.290876773402516],[13.907037669524504,46.29221086092999],[13.911634956828763,46.293575251669964],[13.914363972701844,46.296069773176534],[13.914134406059826,46.2974986729007],[13.9178971325238,46.298370672794285],[13.912446841891219,46.298922526705105],[13.913755854282355,46.300042463268944],[13.909770058126783,46.300482554557],[13.905135947820234,46.29923700336145],[13.905111970438563,46.298448718065],[13.904431950357605,46.299120981476186],[13.902899037731931,46.298083264144616],[13.899706820228527,46.29840874417871],[13.898834811861809,46.297298843067956],[13.89826085845628,46.29793335929543],[13.905523338076843,46.30175824998726],[13.901003978290243,46.29898141516297],[13.908137163998457,46.30050319825419],[13.911451399503608,46.30066428786482],[13.917929490539587,46.300007680178155],[13.918044593287407,46.298984129279425],[13.919701494195321,46.298593375817916],[13.92,46.29866140005445],[13.92,46.294714228937636],[13.919329613547472,46.29397747922426],[13.92,46.29385883623288],[13.92,46.29331436560248],[13.919565955398816,46.2933750496587],[13.918018138037743,46.29094461460985],[13.916468177848179,46.2904073314778],[13.918578245838154,46.292198771431515],[13.918260525316308,46.293433270729984],[13.915815961590432,46.29200746132267],[13.911682214288673,46.29075250148567],[13.913901128933547,46.29033082646107],[13.91122242189761,46.289960037351406],[13.909436826100134,46.287813699011586],[13.90849247493209,46.28827348169569],[13.905641513038452,46.28689007076331],[13.90566929300511,46.28504714420842],[13.907250658746692,46.28526834855309],[13.908400485387862,46.28434055317934],[13.904994608376855,46.28461175447145],[13.904967008173973,46.28318077765393],[13.906403102242958,46.28346287964039],[13.905386864109929,46.282400395414065],[13.906698928092469,46.28202906350234],[13.906227038158857,46.281606337633995],[13.904798079513727,46.281235258478326],[13.904311859814563,46.28536306991029],[13.903047669087064,46.28532177125395],[13.90269030024768,46.28356564292172],[13.901605477483375,46.28597822263605],[13.899401161214094,46.28675727801352],[13.898438474585754,46.28588886361512],[13.899716092434716,46.28388501671979],[13.898428961138205,46.28508387730788],[13.897319748535116,46.28411453460425],[13.897601901814072,46.285196309808704],[13.896527394746723,46.2855484757857],[13.896794701885163,46.28376469063221],[13.895605008353051,46.283781002681735],[13.895441855926364,46.28465722364213],[13.893561732789198,46.283164455338095],[13.890193631992368,46.282829231504856],[13.890889970903647,46.28210122407025],[13.889340117617149,46.28118163731237],[13.889620065289014,46.28],[13.889261776047864,46.28],[13.889097980801665,46.28047473369944],[13.886923497117733,46.28071586457442],[13.887034164621669,46.28],[13.886830405477617,46.28],[13.885921460617672,46.28160935059732]],[[13.919963865481192,46.29561204493678],[13.918628612715487,46.297014062916745],[13.916898684191237,46.29552101614927],[13.918486640915935,46.29442773145559],[13.919963865481192,46.29561204493678]],[[13.917849523407272,46.29405325561263],[13.917151582482695,46.29467762782048],[13.915559332072556,46.29408315238051],[13.914603195274136,46.29243455982711],[13.915781287617225,46.29229494850486],[13.917849523407272,46.29405325561263]],[[13.916317739450172,46.29690939411957],[13.915463543421085,46.29695418922266],[13.916266834349063,46.29652572998816],[13.916317739450172,46.29690939411957]],[[13.912003518426504,46.291890920787544],[13.91075966888394,46.293085571420576],[13.908477235746318,46.29156893517271],[13.910222406331142,46.29102754967928],[13.912003518426504,46.291890920787544]],[[13.90547630669062,46.289857294791155],[13.909950238124578,46.28964761429108],[13.910944190014263,46.29046508086656],[13.907523648506606,46.2913341619016],[13.90587675513606,46.290628139601345],[13.899026066115894,46.289649009420145],[13.898399280646574,46.288688542869096],[13.900776588182408,46.28740446641136],[13.90547630669062,46.289857294791155]],[[13.910125582493219,46.288856616573014],[13.909789069614733,46.289176553998956],[13.908400991196896,46.28911888167792],[13.908858795235542,46.288379671781826],[13.910125582493219,46.288856616573014]],[[13.905273653468985,46.28696760348549],[13.907644033308467,46.2887013941255],[13.904601065276205,46.28869767540781],[13.901039740152749,46.287147278110886],[13.90296044834187,46.285829191022465],[13.904937214756602,46.28592158571994],[13.905273653468985,46.28696760348549]],[[13.898988158282302,46.287731804645524],[13.897665510727807,46.28845217048807],[13.896354271367805,46.287188863419125],[13.897555024580392,46.28610756271845],[13.898988158282302,46.287731804645524]],[[13.895540531972188,46.28576431977625],[13.894689480910893,46.28595945248711],[13.89328513315477,46.284536994453646],[13.894185817599578,46.28376578523706],[13.895540531972188,46.28576431977625]],[[13.894213267197063,46.291309243550714],[13.893672919152634,46.29157683925502],[13.893416015970978,46.2907344394861],[13.894213267197063,46.291309243550714]],[[13.89270671837807,46.29153951426748],[13.892441399190727,46.29186918803067],[13.89157045058159,46.29130741626872],[13.89270671837807,46.29153951426748]],[[13.891095116853068,46.288340363819664],[13.890401032154504,46.28894063243694],[13.887860515796536,46.28844472652328],[13.891095116853068,46.288340363819664]],[[13.886855800838452,46.28297335293202],[13.89060534539371,46.284174260651206],[13.890022706022279,46.28493629216967],[13.888028937626054,46.28414329430996],[13.88658131363389,46.28526594290895],[13.886729481189086,46.286950111332594],[13.887948703923549,46.28614414851029],[13.890434495921742,46.28717456426517],[13.886890871289486,46.28810899291968],[13.88272941827336,46.286820216633544],[13.883154234392421,46.285330549685064],[13.881884879481273,46.282388625484806],[13.886695086305329,46.28176025376357],[13.886855800838452,46.28297335293202]],[[13.890311726046527,46.285997503029854],[13.889421973777829,46.28626343735365],[13.889934522995906,46.285596751183476],[13.890311726046527,46.285997503029854]],[[13.888561523635993,46.281544194596535],[13.888248116973053,46.28187732060264],[13.888023351065783,46.281287671734155],[13.888561523635993,46.281544194596535]]]}},{"type":"Feature","properties":{"_zoneType":"SI_BUILT","name":"Pozidano zemljišče","authority":"MKGP","dataSource":"raba-3000"},"geometry":{"type":"Polygon","coordinates":[[[13.9335416492899,46.27891699835998],[13.928808017662204,46.2770649699301],[13.932734948126042,46.275505632241675],[13.935739002568772,46.27610516834103],[13.935301431537033,46.2772159253903],[13.937281727131468,46.27717891588546],[13.93724508716875,46.278284780173216],[13.938490671961363,46.27772491081273],[13.93788690184799,46.27619116500987],[13.939547772634832,46.27644421895703],[13.93858312099629,46.27732806210883],[13.942421757424748,46.27690657746032],[13.942969510677978,46.27787953360698],[13.944139213190612,46.27680392556859],[13.947231426127802,46.27757489579418],[13.951918784333593,46.2798587483831],[13.952050108455843,46.28],[13.95347729315155,46.28],[13.95313620648154,46.27974664258969],[13.954300114071488,46.2793839508785],[13.954227910836988,46.27839559534383],[13.950677460024789,46.277175150152125],[13.952707175143251,46.27597911246572],[13.953402658212394,46.277025965491326],[13.955884880418568,46.277156463533096],[13.957132339750567,46.27917307472627],[13.96,46.279997095329286],[13.96,46.279528392062076],[13.957207947501482,46.27889098652475],[13.957726744912932,46.27733248099651],[13.95975187738595,46.27732798349725],[13.96,46.278298260913445],[13.96,46.27609388734186],[13.959915516012936,46.276020716489185],[13.96,46.27598432785769],[13.96,46.267566301565644],[13.959562453994435,46.267649745725585],[13.95939765617533,46.26677828752608],[13.96,46.265142628247325],[13.96,46.26447239178303],[13.956704385674573,46.267612313081806],[13.955554634739865,46.266479914194925],[13.956388154158827,46.2654618827494],[13.954327981201626,46.26612386428374],[13.95188188729961,46.26419575271606],[13.946086690741824,46.26199343022104],[13.948440121472519,46.264101377231384],[13.952233617214382,46.26469035459733],[13.955216876151324,46.26692428198867],[13.95596306796767,46.26910875304022],[13.954432386961038,46.270203515759704],[13.953370622957081,46.26859525391571],[13.954304746513962,46.26796295776807],[13.95343766691178,46.26734007873509],[13.95342170298152,46.26837421171382],[13.952222888469498,46.2684702611783],[13.950309143155398,46.267126339523436],[13.949597073627762,46.265097321003616],[13.949951380235932,46.26673541559431],[13.948049804927086,46.268722826372624],[13.94732210401694,46.26685276821319],[13.947944056229064,46.266339799525745],[13.945772750888754,46.26666333187271],[13.942469034754676,46.26413717653857],[13.940497521717976,46.26402509077437],[13.943211353166939,46.26514329369056],[13.94243666369122,46.26626398497975],[13.934580009166101,46.26287300987414],[13.935164621980757,46.26399553577127],[13.933397097564187,46.26412369596698],[13.932642176911926,46.261098123823075],[13.932019513290097,46.26237740259486],[13.930278694556334,46.26250246618078],[13.932249187763,46.26344628896773],[13.932286891951234,46.26449099665858],[13.928406547990182,46.26476359236746],[13.928206238785503,46.2628538281543],[13.927225536737545,46.263058721525184],[13.928048693334762,46.2639200191551],[13.927249529714098,46.264811536626944],[13.924877964508601,46.26444258285583],[13.924954207956365,46.26513786843344],[13.923480619571972,46.26533885191789],[13.921255383735337,46.26456067179408],[13.920186849311701,46.26525264984965],[13.924999300235811,46.26582080916426],[13.920599470920306,46.26791644477556],[13.92,46.26775890400651],[13.92,46.268051803097485],[13.920781289039924,46.26813270418906],[13.92510309991122,46.26672147735545],[13.930717377778722,46.26854329321606],[13.93085405808818,46.269693968353195],[13.932083007186973,46.26846294649495],[13.935088882371906,46.269393943334585],[13.933179885382462,46.267814275587114],[13.936657465586153,46.26715599954512],[13.93963859392408,46.269364003066535],[13.93950952662119,46.270142097095174],[13.947315257340327,46.27039239862573],[13.949978044258923,46.2719926097673],[13.947869887416822,46.27310388138811],[13.946883809120786,46.27290603317613],[13.946976989329727,46.27192648903334],[13.945627947070186,46.272993626814326],[13.939453391899281,46.27033660807654],[13.938427727018729,46.270770199138994],[13.94331557700113,46.27250573953693],[13.940708506445672,46.27265755626589],[13.93774706838516,46.273566691948545],[13.930736971396637,46.27147992808353],[13.92571008382233,46.27339884699901],[13.925029589094695,46.27225174580531],[13.926335452434332,46.27149619602613],[13.923161636162732,46.27279305987876],[13.921426263394757,46.27174215450781],[13.92,46.27175435038266],[13.92,46.27414877900912],[13.922511798420222,46.275036270641486],[13.922449058313802,46.27654379982712],[13.927570623289126,46.27691858672826],[13.931434188607248,46.27863503126002],[13.928852504918206,46.27930541957406],[13.9303582906382,46.28],[13.931343102969217,46.28],[13.932382964687493,46.27888002881173],[13.93294790869472,46.28],[13.933557179610451,46.28],[13.9335416492899,46.27891699835998]],[[13.957490207473052,46.277117480163795],[13.956701586770697,46.27750081132152],[13.95485256099431,46.27607327462372],[13.95656708711239,46.275667521140186],[13.957490207473052,46.277117480163795]],[[13.956829541286984,46.27439392322631],[13.955476838202049,46.274559037107906],[13.956396262673723,46.27357361432682],[13.956829541286984,46.27439392322631]],[[13.950911773885554,46.27786003374651],[13.9494356281043,46.278478831565145],[13.947875253822303,46.277057459477064],[13.949949739743502,46.27627049944262],[13.950911773885554,46.27786003374651]],[[13.93650387988733,46.27451804148508],[13.940802502118778,46.27292882729996],[13.944488684955923,46.27296501693045],[13.94580486367462,46.2734132921037],[13.947408016217146,46.27701533059097],[13.943968391416918,46.275777420206104],[13.942644580018413,46.2766065926878],[13.941642707795564,46.2753074068217],[13.94121736195102,46.27665404100409],[13.929980024601637,46.27506843931844],[13.931113437908536,46.274050341617134],[13.93650387988733,46.27451804148508]],[[13.947100369226423,46.26928677790892],[13.94332740555964,46.26868316421096],[13.941600653361085,46.2668151903741],[13.946726956582582,46.268207270208464],[13.947100369226423,46.26928677790892]],[[13.945269440861143,46.26702011298636],[13.94397941743312,46.267100662226035],[13.943336606152334,46.265692682242936],[13.944057863873937,46.26555955917134],[13.945269440861143,46.26702011298636]],[[13.945238284697261,46.270113873581],[13.941572967850298,46.26986378467563],[13.941489033963892,46.269183462757745],[13.94404066962179,46.26906200300169],[13.945238284697261,46.270113873581]],[[13.933715345226577,46.26593656747466],[13.93191907788679,46.26496309177109],[13.936166846899557,46.26445819164008],[13.940176984375036,46.26618574529921],[13.941479378365713,46.26873696013283],[13.93906449899342,46.2688848756445],[13.936882001706065,46.26622208820634],[13.934976220628558,46.26742337369515],[13.930037049832041,46.26828400634574],[13.926252058084975,46.26638508249299],[13.927503706137403,46.265111958812774],[13.933715345226577,46.26593656747466]],[[13.937175723203833,46.27663467444104],[13.936466029401755,46.27690879459539],[13.936685553807127,46.27613018349621],[13.937175723203833,46.27663467444104]],[[13.934683182972325,46.27308557166004],[13.933136579628405,46.27339748618753],[13.932153508978129,46.27212193415829],[13.934683182972325,46.27308557166004]],[[13.92582276669318,46.27441558165709],[13.926912332412346,46.2749088038325],[13.926415571664961,46.27369548005885],[13.93134419785489,46.27192723475961],[13.93131783762532,46.27372736902289],[13.929611478632909,46.27381767912944],[13.926189424064761,46.27625982195641],[13.924448710909292,46.27619474679953],[13.923974312031154,46.27528093674215],[13.92582276669318,46.27441558165709]],[[13.930899000110568,46.27577701994833],[13.930592294699883,46.276211976740896],[13.930164035691417,46.275593063608945],[13.930899000110568,46.27577701994833]],[[13.923461638758337,46.27388655509557],[13.922763295297203,46.27424577423601],[13.920310165404878,46.2732360538913],[13.922967729994182,46.27303039187124],[13.923461638758337,46.27388655509557]]]}},{"type":"Feature","properties":{"_zoneType":"SI_BUILT","name":"Pozidano zemljišče","authority":"MKGP","dataSource":"raba-3000"},"geometry":{"type":"Polygon","coordinates":[[[13.9243730600359,46.29965794372497],[13.92607058354084,46.297962550114526],[13.931089090308,46.29778293017593],[13.932537771791166,46.29858188244955],[13.93345062249236,46.297263892036774],[13.929724786944442,46.296960915623735],[13.934894915990846,46.29515971013726],[13.936956578129047,46.29619111975386],[13.93645210995071,46.29509000842777],[13.938815010756038,46.29454215587375],[13.939551202344353,46.296124788720284],[13.939716759649217,46.29458834046268],[13.941164203882327,46.29458311646916],[13.941317457618187,46.29652687023495],[13.939660608858283,46.2963227409097],[13.939572793548741,46.29730364251987],[13.941760050769512,46.29707504931821],[13.941444098520886,46.298059896154335],[13.942237049301651,46.298226433331926],[13.94394545085616,46.29672579623581],[13.949136205088521,46.296698785908085],[13.948774718420147,46.29546966194956],[13.949820489679976,46.2951283206651],[13.955681830844918,46.297006066624405],[13.954836004421395,46.29529746475704],[13.957058420968268,46.29509657551796],[13.958372476366435,46.29605593134257],[13.957508806532527,46.29678186855783],[13.957338995821472,46.299762493671516],[13.959414726234082,46.30129238673955],[13.958066238094217,46.302940078102296],[13.955220004255981,46.303973593566496],[13.954901133393097,46.3047360944311],[13.956416113054319,46.30513654168658],[13.957137949545896,46.3071358753422],[13.954155761998543,46.307077512895845],[13.956194496714913,46.308191944102525],[13.95429183343728,46.30881499018078],[13.958164726945606,46.30811817324129],[13.959510358247051,46.30914112680033],[13.958811526264032,46.31047401475265],[13.95785045280778,46.3104057585054],[13.95792168457961,46.3090782590887],[13.95616855818696,46.31062564641842],[13.954102066345316,46.31070787719876],[13.957737762503902,46.31145508878588],[13.95866368768434,46.313994638734684],[13.96,46.31440798412562],[13.96,46.30882110160692],[13.95809017231436,46.30753984572098],[13.959938172856367,46.30722614991545],[13.95950698519176,46.30558885723451],[13.957842229792107,46.305720986728105],[13.955515804628696,46.30419390532472],[13.95621459006405,46.30369663263698],[13.95733609867337,46.304485071198464],[13.959298685108614,46.302177258441084],[13.96,46.3019989894746],[13.96,46.300490904323624],[13.958788368283297,46.30033164773703],[13.958197766104155,46.2966365827229],[13.96,46.29673558826277],[13.96,46.29527972626365],[13.958022525153115,46.294931030920885],[13.958465991694942,46.294100294565176],[13.96,46.29410175705531],[13.96,46.29344758064039],[13.958537767460518,46.293826966532414],[13.957247762040407,46.29245808896631],[13.957885272890332,46.29386403401678],[13.957270037362793,46.29470208750716],[13.951724828010985,46.295082096159916],[13.949673486499206,46.2946268772481],[13.94971534869367,46.293711698826385],[13.951055847537445,46.29385219163653],[13.950006335157191,46.293231202261],[13.944139129670829,46.29271945834333],[13.94386287512853,46.29128047722579],[13.946525094508669,46.29023699016158],[13.944598887493614,46.28879477738044],[13.944503312431637,46.2902301684703],[13.94302799327645,46.2907281964037],[13.941443521517517,46.28886601352338],[13.942857663690514,46.28834368773282],[13.941255966174559,46.28799595791173],[13.941795193709948,46.28747718079153],[13.940903624696876,46.28657374919702],[13.94067804230126,46.28364493143441],[13.93821154827261,46.28319641777451],[13.937232109508257,46.28163293004853],[13.937486422101514,46.28316014456015],[13.935841110522732,46.28324983969056],[13.933577620693194,46.28142545197696],[13.933557179610451,46.28],[13.93294790869472,46.28],[13.93304924234491,46.28020088852553],[13.931302723316541,46.280043490443774],[13.931343102969217,46.28],[13.9303582906382,46.28],[13.93126322470649,46.28041742293227],[13.929506391863427,46.28056279865738],[13.92935718710514,46.281490494490136],[13.932785067254384,46.280835533848226],[13.933557902428587,46.28375590754125],[13.93297398901806,46.284545464681564],[13.930049394873317,46.28465441971825],[13.928575654979927,46.2863060156135],[13.930705364712688,46.28579461807302],[13.935127290980532,46.28764910621233],[13.929321066471916,46.288214205660665],[13.928947014960503,46.28897664790921],[13.933544380178379,46.28849545370405],[13.936495517922939,46.290104738651685],[13.938358530844491,46.290013803586014],[13.933810582363952,46.291186277347634],[13.929631017544697,46.29032011428267],[13.927159991496671,46.291484501736846],[13.925067872236019,46.28984602572578],[13.926364520889189,46.29225937613236],[13.923332462168142,46.29272130834143],[13.923919557452615,46.29160309948297],[13.922255583399641,46.29135497741076],[13.92311783231843,46.2907977758465],[13.922530255979344,46.29036147394999],[13.921701007764428,46.29109797853113],[13.922483245557888,46.292967181436076],[13.92,46.29331436560248],[13.92,46.29385883623288],[13.922732786829329,46.293375195784854],[13.923515795574637,46.295308183200994],[13.921819205308266,46.29585307379447],[13.921571979691526,46.29490591547761],[13.920609959807887,46.29538457021905],[13.92,46.294714228937636],[13.92,46.29866140005445],[13.9243730600359,46.29965794372497]],[[13.958496972080894,46.31229620840248],[13.958478067625038,46.311383451355105],[13.959816060877417,46.31137786930103],[13.959861918437447,46.312336010306964],[13.958496972080894,46.31229620840248]],[[13.947193625718006,46.29358875707599],[13.947507198932948,46.2932636380237],[13.948788352827428,46.2932734523512],[13.948818314257165,46.29460750262845],[13.947193625718006,46.29358875707599]],[[13.94726238371876,46.29461232634063],[13.945591917956593,46.29479376932114],[13.943768726006189,46.2932746368978],[13.946583063954648,46.29337993312681],[13.94726238371876,46.29461232634063]],[[13.943367274327123,46.29298590665332],[13.942518394661866,46.29380957396153],[13.941974375000783,46.29233982976956],[13.943367274327123,46.29298590665332]],[[13.942528727735313,46.290971272599705],[13.940574970444596,46.29132842909378],[13.939568639653258,46.29087579948981],[13.940906027004782,46.2888073347208],[13.942528727735313,46.290971272599705]],[[13.929444145449521,46.29174551011698],[13.934344929717758,46.291702117916934],[13.93811798788868,46.29092099888304],[13.941181666283608,46.292859353352895],[13.940111892112993,46.29412792635767],[13.938129079269483,46.292638261400306],[13.930751953807961,46.29238123971289],[13.928214197575349,46.29346040439201],[13.927991959043979,46.292793871607635],[13.9291326632022,46.2926833528313],[13.927453223329119,46.29212078060247],[13.928755690662403,46.29104855614762],[13.929444145449521,46.29174551011698]],[[13.940435734237267,46.285359094925525],[13.939783621248754,46.28693888884503],[13.940537496179026,46.288018639732684],[13.939657478615723,46.28921762881055],[13.934609034667583,46.28815936835104],[13.936653276484154,46.2880014736383],[13.9347908546208,46.2865157951082],[13.940435734237267,46.285359094925525]],[[13.930351646142755,46.2851255238137],[13.93339233241387,46.28466093603713],[13.934265012408998,46.28239155728671],[13.936847567463253,46.28418697231701],[13.938446984025985,46.283529998064026],[13.940152420075256,46.28412182611416],[13.937650557958612,46.2854592113638],[13.936112690754573,46.28553217577338],[13.935634777129364,46.28466284341058],[13.933440589102302,46.28641044085833],[13.930351646142755,46.2851255238137]],[[13.930262896210746,46.29289685719956],[13.938776567822313,46.29358259487055],[13.937897876456194,46.29443318356834],[13.936995185005902,46.293691592120354],[13.937323741430104,46.29443816948226],[13.936293718435182,46.29479344860928],[13.934105652605846,46.29421096744423],[13.933791471587291,46.29512456489725],[13.92995058782175,46.29504074060841],[13.92999308119635,46.295783247827536],[13.927438139609016,46.296395906419825],[13.92826684874532,46.2939061991866],[13.930262896210746,46.29289685719956]],[[13.923317012386816,46.29319475424973],[13.926658215905682,46.292837186586084],[13.92666175767498,46.29458739113955],[13.923777792817594,46.294763692074945],[13.923317012386816,46.29319475424973]],[[13.9239299807724,46.29901842838009],[13.923864609565834,46.29856240356271],[13.924640315821968,46.298989273492964],[13.9239299807724,46.29901842838009]],[[13.92179345795491,46.29787100478008],[13.920715826279213,46.29803332103255],[13.921596833845069,46.29754090885572],[13.92179345795491,46.29787100478008]]]}},{"type":"Feature","properties":{"_zoneType":"SI_BUILT","name":"Pozidano zemljišče","authority":"MKGP","dataSource":"raba-3000"},"geometry":{"type":"Polygon","coordinates":[[[13.95373210755389,46.28180915042992],[13.95920407814249,46.28446231572416],[13.959751761375074,46.28946919564297],[13.96,46.2896841872599],[13.96,46.28811913364868],[13.95965775619401,46.28512028235757],[13.96,46.284918392410354],[13.96,46.28257356031174],[13.95584247274618,46.28225790137099],[13.953969303036798,46.28155353104722],[13.957615502772397,46.28150008853333],[13.96,46.28239023969246],[13.96,46.28141149771085],[13.954309900792781,46.280618456639715],[13.95347729315155,46.28],[13.952050108455843,46.28],[13.95373210755389,46.28180915042992]]]}},{"type":"Feature","properties":{"_zoneType":"SI_BUILT","name":"Pozidano zemljišče","authority":"MKGP","dataSource":"raba-3000"},"geometry":{"type":"Polygon","coordinates":[[[13.96088920472246,46.27959514703432],[13.960218905977378,46.27732923583029],[13.960839231494138,46.27682073850206],[13.96,46.27609388734186],[13.96,46.278298260913445],[13.960334076616498,46.27960465935482],[13.96,46.279528392062076],[13.96,46.279997095329286],[13.960010108495732,46.28],[13.961500980662384,46.28],[13.96088920472246,46.27959514703432]]]}},{"type":"Feature","properties":{"_zoneType":"SI_BUILT","name":"Pozidano zemljišče","authority":"MKGP","dataSource":"raba-3000"},"geometry":{"type":"Polygon","coordinates":[[[13.961907576233381,46.27516270365393],[13.962117447519017,46.268395718487156],[13.960859323290292,46.267402420489915],[13.96,46.267566301565644],[13.96,46.27598432785769],[13.961907576233381,46.27516270365393]]]}},{"type":"Feature","properties":{"_zoneType":"SI_BUILT","name":"Pozidano zemljišče","authority":"MKGP","dataSource":"raba-3000"},"geometry":{"type":"Polygon","coordinates":[[[13.960190072297264,46.264626488620884],[13.962181879037846,46.26498201224884],[13.96075820227126,46.26375000887495],[13.96,46.26447239178303],[13.96,46.265142628247325],[13.960190072297264,46.264626488620884]]]}},{"type":"Feature","properties":{"_zoneType":"SI_BUILT","name":"Pozidano zemljišče","authority":"MKGP","dataSource":"raba-3000"},"geometry":{"type":"Polygon","coordinates":[[[13.961240590168869,46.314791720938],[13.961305609139613,46.31135539075974],[13.960343881364086,46.3106742370267],[13.961336590138217,46.30971778668199],[13.96,46.30882110160692],[13.96,46.31440798412562],[13.961240590168869,46.314791720938]]]}},{"type":"Feature","properties":{"_zoneType":"SI_BUILT","name":"Pozidano zemljišče","authority":"MKGP","dataSource":"raba-3000"},"geometry":{"type":"Polygon","coordinates":[[[13.960972080715374,46.30175189387376],[13.961604272036428,46.29556261339545],[13.96,46.29527972626365],[13.96,46.29673558826277],[13.96023500461319,46.29674849821783],[13.960787441663587,46.30059440546985],[13.96,46.300490904323624],[13.96,46.3019989894746],[13.960972080715374,46.30175189387376]]]}},{"type":"Feature","properties":{"_zoneType":"SI_BUILT","name":"Pozidano zemljišče","authority":"MKGP","dataSource":"raba-3000"},"geometry":{"type":"Polygon","coordinates":[[[13.961631856715204,46.29410331283199],[13.961652354260616,46.29301886641185],[13.96,46.29344758064039],[13.96,46.29410175705531],[13.961631856715204,46.29410331283199]]]}},{"type":"Feature","properties":{"_zoneType":"SI_BUILT","name":"Pozidano zemljišče","authority":"MKGP","dataSource":"raba-3000"},"geometry":{"type":"Polygon","coordinates":[[[13.96168775320084,46.29114589689403],[13.960150949695434,46.2894418038654],[13.96,46.28811913364868],[13.96,46.2896841872599],[13.96168775320084,46.29114589689403]]]}},{"type":"Feature","properties":{"_zoneType":"SI_BUILT","name":"Pozidano zemljišče","authority":"MKGP","dataSource":"raba-3000"},"geometry":{"type":"Polygon","coordinates":[[[13.96073800787934,46.284483040859214],[13.961787133262424,46.2858866664422],[13.961838666276885,46.28315893969244],[13.960897831515998,46.28282408784614],[13.961893431155639,46.280259710681165],[13.961500980662384,46.28],[13.960010108495732,46.28],[13.960424101772308,46.28011896074142],[13.960863824019953,46.28153189067785],[13.96,46.28141149771085],[13.96,46.28239023969246],[13.960616446176715,46.28262036379258],[13.96,46.28257356031174],[13.96,46.284918392410354],[13.96073800787934,46.284483040859214]]]}},{"type":"Feature","properties":{"_zoneType":"SI_BUILT","name":"Pozidano zemljišče","authority":"MKGP","dataSource":"raba-3000"},"geometry":{"type":"Polygon","coordinates":[[[13.958343277618276,46.257381321836824],[13.95600408709644,46.25738685831635],[13.955169458872584,46.25606918833731],[13.955983119295347,46.25500201257052],[13.95889761516531,46.254926330769564],[13.96,46.25410992140838],[13.96,46.25342639020102],[13.959820296159599,46.25348543133172],[13.95978772766155,46.25229511450406],[13.96,46.252248064609674],[13.96,46.251918992826184],[13.958975667590545,46.25192837783506],[13.958185211485866,46.250707178417514],[13.96,46.250491998945904],[13.96,46.2503257837249],[13.959223148778472,46.250365421138156],[13.958241947085428,46.249599007667946],[13.957153297999842,46.25111135677376],[13.959359433924675,46.25252783763794],[13.958566167228213,46.254458135200025],[13.955478166624006,46.254462887380356],[13.954083724096492,46.25594053611289],[13.952112608684905,46.25398423947029],[13.950770416042959,46.25446982798983],[13.950041288491134,46.25621726202636],[13.95106632442514,46.25660269772886],[13.950677632305327,46.25596614167604],[13.951929549389217,46.25499672794426],[13.957358013109168,46.258603769479635],[13.96,46.25949400815241],[13.96,46.2583190489135],[13.958343277618276,46.257381321836824]]]}},{"type":"Feature","properties":{"_zoneType":"SI_BUILT","name":"Pozidano zemljišče","authority":"MKGP","dataSource":"raba-3000"},"geometry":{"type":"Polygon","coordinates":[[[13.961019827927037,46.25889628519115],[13.96,46.2583190489135],[13.96,46.25949400815241],[13.960629517210002,46.259706129025325],[13.962288285825906,46.25917268966465],[13.962308000578062,46.25829805301948],[13.961019827927037,46.25889628519115]]]}},{"type":"Feature","properties":{"_zoneType":"SI_BUILT","name":"Pozidano zemljišče","authority":"MKGP","dataSource":"raba-3000"},"geometry":{"type":"Polygon","coordinates":[[[13.961658903857005,46.252881362564366],[13.96,46.25342639020102],[13.96,46.25410992140838],[13.961658903857005,46.252881362564366]]]}},{"type":"Feature","properties":{"_zoneType":"SI_BUILT","name":"Pozidano zemljišče","authority":"MKGP","dataSource":"raba-3000"},"geometry":{"type":"Polygon","coordinates":[[[13.961548670339468,46.25190480379463],[13.96,46.251918992826184],[13.96,46.252248064609674],[13.961548670339468,46.25190480379463]]]}},{"type":"Feature","properties":{"_zoneType":"SI_BUILT","name":"Pozidano zemljišče","authority":"MKGP","dataSource":"raba-3000"},"geometry":{"type":"Polygon","coordinates":[[[13.962460740623795,46.250200228933544],[13.96,46.2503257837249],[13.96,46.250491998945904],[13.962460740623795,46.250200228933544]]]}},{"type":"Feature","properties":{"_zoneType":"SI_BUILT","name":"Pozidano zemljišče","authority":"MKGP","dataSource":"raba-3000"},"geometry":{"type":"Polygon","coordinates":[[[13.922709560402998,46.2639560659456],[13.92238580594381,46.26398581294036],[13.922736685055636,46.26414476377146],[13.922709560402998,46.2639560659456]]]}},{"type":"Feature","properties":{"_zoneType":"SI_BUILT","name":"Pozidano zemljišče","authority":"MKGP","dataSource":"raba-3000"},"geometry":{"type":"Polygon","coordinates":[[[13.930224503685213,46.26139233437258],[13.93024590434864,46.261562949190164],[13.93055467942529,46.261420181764386],[13.930224503685213,46.26139233437258]]]}},{"type":"Feature","properties":{"_zoneType":"SI_BUILT","name":"Pozidano zemljišče","authority":"MKGP","dataSource":"raba-3000"},"geometry":{"type":"Polygon","coordinates":[[[13.961083928372839,46.25767221961127],[13.960759032425267,46.25766829761772],[13.961056925468778,46.25784337498874],[13.961083928372839,46.25767221961127]]]}},{"type":"Feature","properties":{"_zoneType":"SI_BUILT","name":"Pozidano zemljišče","authority":"MKGP","dataSource":"raba-3000"},"geometry":{"type":"Polygon","coordinates":[[[13.959949479253531,46.30517454582496],[13.96,46.305253741480776],[13.96,46.30518579673298],[13.959949479253531,46.30517454582496]]]}},{"type":"Feature","properties":{"_zoneType":"SI_BUILT","name":"Pozidano zemljišče","authority":"MKGP","dataSource":"raba-3000"},"geometry":{"type":"Polygon","coordinates":[[[13.960243145218131,46.30523994487361],[13.96,46.30518579673298],[13.96,46.305253741480776],[13.960126312269841,46.30545174692896],[13.960243145218131,46.30523994487361]]]}},{"type":"Feature","properties":{"_zoneType":"SI_BUILT","name":"Pozidano zemljišče","authority":"MKGP","dataSource":"raba-3000"},"geometry":{"type":"Polygon","coordinates":[[[13.961044320219871,46.30801010539602],[13.960608977589773,46.30767181411928],[13.96088866451158,46.308114217067306],[13.961044320219871,46.30801010539602]]]}},{"type":"Feature","properties":{"_zoneType":"SI_BUILT","name":"Pozidano zemljišče","authority":"MKGP","dataSource":"raba-3000"},"geometry":{"type":"Polygon","coordinates":[[[13.883497296968958,46.280344906090875],[13.882858079815097,46.28011028156722],[13.88284584225608,46.280739695392654],[13.883497296968958,46.280344906090875]]]}},{"type":"Feature","properties":{"_zoneType":"SI_BUILT","name":"Pozidano zemljišče","authority":"MKGP","dataSource":"raba-3000"},"geometry":{"type":"Polygon","coordinates":[[[13.902222972076975,46.29734308644755],[13.902235927140845,46.29753214772578],[13.902559442835408,46.29731564967272],[13.902222972076975,46.29734308644755]]]}},{"type":"Feature","properties":{"_zoneType":"SI_BUILT","name":"Pozidano zemljišče","authority":"MKGP","dataSource":"raba-3000"},"geometry":{"type":"Polygon","coordinates":[[[13.9350706323737,46.298305208179244],[13.935792044063623,46.29765519470488],[13.93595098235161,46.29634395016586],[13.934868747549686,46.296488710095566],[13.9350706323737,46.298305208179244]]]}},{"type":"Feature","properties":{"_zoneType":"SI_BUILT","name":"Pozidano zemljišče","authority":"MKGP","dataSource":"raba-3000"},"geometry":{"type":"Polygon","coordinates":[[[13.95646302492828,46.30203505299508],[13.956508093038707,46.3021869191755],[13.95676961809552,46.3019810739116],[13.95646302492828,46.30203505299508]]]}},{"type":"Feature","properties":{"_zoneType":"SI_BUILT","name":"Pozidano zemljišče","authority":"MKGP","dataSource":"raba-3000"},"geometry":{"type":"Polygon","coordinates":[[[13.953705707234013,46.309925407699616],[13.95500001956476,46.309489476581334],[13.953593059487822,46.308991328697836],[13.953705707234013,46.309925407699616]]]}},{"type":"Feature","properties":{"_zoneType":"SI_BUILT","name":"Pozidano zemljišče","authority":"MKGP","dataSource":"raba-3000"},"geometry":{"type":"Polygon","coordinates":[[[13.960065709437886,46.31535163026886],[13.960364367810698,46.31537160931749],[13.96009081742294,46.315192606046786],[13.960065709437886,46.31535163026886]]]}},{"type":"Feature","properties":{"_zoneType":"SI_BUILT","name":"Pozidano zemljišče","authority":"MKGP","dataSource":"raba-3000"},"geometry":{"type":"Polygon","coordinates":[[[13.911863446627928,46.26439243225803],[13.91216323856885,46.26441135880114],[13.911883044201895,46.26418460417878],[13.911863446627928,46.26439243225803]]]}},{"type":"Feature","properties":{"_zoneType":"SI_BUILT","name":"Pozidano zemljišče","authority":"MKGP","dataSource":"raba-3000"},"geometry":{"type":"Polygon","coordinates":[[[13.89017334372891,46.26862276436068],[13.890460034688394,46.2684840910624],[13.889997520353967,46.26845231034143],[13.89017334372891,46.26862276436068]]]}},{"type":"Feature","properties":{"_zoneType":"SI_BUILT","name":"Pozidano zemljišče","authority":"MKGP","dataSource":"raba-3000"},"geometry":{"type":"Polygon","coordinates":[[[13.884123925682923,46.271563216788664],[13.884369634489907,46.272448675527954],[13.885044149094899,46.27183217503612],[13.884393927217012,46.271474833217844],[13.884123925682923,46.271563216788664]]]}},{"type":"Feature","properties":{"_zoneType":"SI_BUILT","name":"Pozidano zemljišče","authority":"MKGP","dataSource":"raba-3000"},"geometry":{"type":"Polygon","coordinates":[[[13.842103467509494,46.25886147431948],[13.842195321111365,46.25865723286775],[13.84178619191935,46.25880975840269],[13.842103467509494,46.25886147431948]]]}},{"type":"Feature","properties":{"_zoneType":"SI_BUILT","name":"Pozidano zemljišče","authority":"MKGP","dataSource":"raba-3000"},"geometry":{"type":"Polygon","coordinates":[[[13.949974283943293,46.35804030672438],[13.949673309778298,46.35940155290245],[13.946940909623567,46.359718381748124],[13.947094500170152,46.36],[13.948837029785917,46.36],[13.948695145833346,46.35960835611962],[13.949303564955967,46.36],[13.950629609849617,46.36],[13.949974283943293,46.35804030672438]]]}},{"type":"Feature","properties":{"_zoneType":"SI_BUILT","name":"Pozidano zemljišče","authority":"MKGP","dataSource":"raba-3000"},"geometry":{"type":"Polygon","coordinates":[[[13.955116142026958,46.362946363517274],[13.96,46.36414491066448],[13.96,46.3641278253714],[13.955279504904864,46.36270410947255],[13.94956995924663,46.362974863916726],[13.94971586257752,46.36066644836685],[13.950710957731536,46.36024326353596],[13.950629609849617,46.36],[13.949303564955967,46.36],[13.949400959465734,46.36006269356487],[13.948977330068937,46.360387272459384],[13.948837029785917,46.36],[13.947094500170152,46.36],[13.947490240197185,46.36072561506608],[13.949219307770782,46.360920402246705],[13.949011497515816,46.3624917390213],[13.945780426951142,46.36233109635877],[13.942896326699826,46.363308834670285],[13.945236565252786,46.36276789309129],[13.951509265617267,46.363586227924756],[13.955116142026958,46.362946363517274]]]}},{"type":"Feature","properties":{"_zoneType":"SI_BUILT","name":"Pozidano zemljišče","authority":"MKGP","dataSource":"raba-3000"},"geometry":{"type":"Polygon","coordinates":[[[13.960304045681514,46.364219526487915],[13.96,46.3641278253714],[13.96,46.36414491066448],[13.960304045681514,46.364219526487915]]]}},{"type":"Feature","properties":{"_zoneType":"SI_BUILT","name":"Pozidano zemljišče","authority":"MKGP","dataSource":"raba-3000"},"geometry":{"type":"Polygon","coordinates":[[[13.951270861129222,46.36097637939831],[13.95113975425054,46.360760648358934],[13.950923360141683,46.36105351178294],[13.951270861129222,46.36097637939831]]]}},{"type":"Feature","properties":{"_zoneType":"SI_BUILT","name":"Pozidano zemljišče","authority":"MKGP","dataSource":"raba-3000"},"geometry":{"type":"Polygon","coordinates":[[[13.962682485317208,46.23843776681578],[13.962588822853807,46.23794710708631],[13.962295202123684,46.23805807232249],[13.962682485317208,46.23843776681578]]]}},{"type":"Feature","properties":{"_zoneType":"SI_BUILT","name":"Pozidano zemljišče","authority":"MKGP","dataSource":"raba-3000"},"geometry":{"type":"Polygon","coordinates":[[[13.910885811934362,46.31926383820126],[13.912327573066822,46.31839512454902],[13.910963908066682,46.318081958803845],[13.910720654163821,46.31707514849166],[13.906860509293889,46.31376343261891],[13.905279729867429,46.31367460915669],[13.905078581922396,46.31476085167585],[13.90290391048388,46.315482436175266],[13.905219186591292,46.31528049083301],[13.904821809696006,46.31667696241054],[13.90669881633605,46.31558188071931],[13.90660452553649,46.31455564649731],[13.907995956572588,46.31492024426746],[13.909201486791956,46.316187089867725],[13.907827854032634,46.31694920126334],[13.910152696097141,46.31705533524722],[13.90954104990302,46.31926083095627],[13.910661713500156,46.319849769725614],[13.910009744744833,46.32],[13.91136931163641,46.32],[13.910885811934362,46.31926383820126]],[[13.906094795316399,46.315242608744136],[13.90537109343467,46.31529190474863],[13.90605920013883,46.314901621416375],[13.906094795316399,46.315242608744136]]]}},{"type":"Feature","properties":{"_zoneType":"SI_BUILT","name":"Pozidano zemljišče","authority":"MKGP","dataSource":"raba-3000"},"geometry":{"type":"Polygon","coordinates":[[[13.906050655737136,46.31869667377794],[13.905596999358739,46.32],[13.908460419295487,46.32],[13.906050655737136,46.31869667377794]]]}},{"type":"Feature","properties":{"_zoneType":"SI_BUILT","name":"Pozidano zemljišče","authority":"MKGP","dataSource":"raba-3000"},"geometry":{"type":"Polygon","coordinates":[[[13.899825766172635,46.323992591464126],[13.901142829398974,46.32426406561054],[13.901504911073696,46.32313671862028],[13.903444761902186,46.32283540868125],[13.903200071730625,46.3238577366494],[13.905012637640283,46.324128795495376],[13.904029622392377,46.32545531310609],[13.907201040783903,46.32459587616414],[13.905139000845343,46.326855442309885],[13.904464280270433,46.32911478281104],[13.902739751326912,46.329849293362685],[13.903661303354017,46.33036994491171],[13.901029508022777,46.332935077939396],[13.900452595446584,46.33626437850018],[13.903767626261647,46.33087790470956],[13.911267977308363,46.32671018747425],[13.918190274209017,46.32978995162248],[13.919045058305791,46.33237506391523],[13.917987113791442,46.33680730876478],[13.92,46.339967389535936],[13.92,46.33827796619144],[13.918504981581567,46.3362741286548],[13.919339576399953,46.333229863853205],[13.919062816631136,46.33043283735509],[13.92,46.32937824841344],[13.92,46.329169373901706],[13.91896177778907,46.32995492878698],[13.914270065265557,46.32724736844953],[13.916882641597871,46.32634800566361],[13.918166350775417,46.3253302337017],[13.92,46.32569817059491],[13.92,46.325377292824626],[13.919554903747295,46.32503235573124],[13.917352618512883,46.32478009536991],[13.916793454060615,46.326098899870374],[13.91416465246874,46.32683351874267],[13.912063709017902,46.326250784703035],[13.91315962181169,46.32486137045197],[13.917996968991098,46.32379881508739],[13.918985061644186,46.322225693329834],[13.919856295052575,46.32253173655915],[13.91909019047579,46.32359479569502],[13.92,46.32451529764968],[13.92,46.3215082989713],[13.91883783639436,46.321789910406295],[13.917503087397352,46.3234407146018],[13.912989028232758,46.32462801365062],[13.909954421869177,46.32708912876989],[13.90872727845079,46.32383373801896],[13.911898540503516,46.32080578762118],[13.91136931163641,46.32],[13.910009744744833,46.32],[13.908923292931805,46.32025034628216],[13.908460419295487,46.32],[13.905596999358739,46.32],[13.904970704676622,46.32179930520281],[13.900118162362187,46.32290365139579],[13.90065776815762,46.32334752981205],[13.899825766172635,46.323992591464126]],[[13.909936555530441,46.322055769186434],[13.90813133411442,46.32183795087079],[13.908962844915907,46.32082925751467],[13.909936555530441,46.322055769186434]],[[13.90855047830266,46.324237095983754],[13.909260805770096,46.32527981339093],[13.907691862873179,46.32830043935508],[13.905052866033657,46.33008393237193],[13.906285930501666,46.32574852154709],[13.90855047830266,46.324237095983754]],[[13.907747824441104,46.32017537748378],[13.907350886737872,46.32173917496689],[13.906418985046798,46.32199304099382],[13.90620195144939,46.32054900583696],[13.907747824441104,46.32017537748378]],[[13.907549185466092,46.3234569949963],[13.907370474792879,46.32388544979809],[13.90649818200946,46.323438748324264],[13.907549185466092,46.3234569949963]],[[13.905037578392193,46.323196594690316],[13.904759065225782,46.32368135314273],[13.904457806447592,46.322962303239215],[13.905037578392193,46.323196594690316]],[[13.904399303357067,46.32236838203836],[13.903783595152255,46.32255573169296],[13.904200650115028,46.32203456238744],[13.904399303357067,46.32236838203836]]]}},{"type":"Feature","properties":{"_zoneType":"SI_BUILT","name":"Pozidano zemljišče","authority":"MKGP","dataSource":"raba-3000"},"geometry":{"type":"Polygon","coordinates":[[[13.91950593545662,46.34762844007567],[13.914394711247219,46.34801709933788],[13.915463675894513,46.34865930593586],[13.9196604979271,46.347871461012105],[13.92,46.347700047698694],[13.92,46.34730321096877],[13.91950593545662,46.34762844007567]]]}},{"type":"Feature","properties":{"_zoneType":"SI_BUILT","name":"Pozidano zemljišče","authority":"MKGP","dataSource":"raba-3000"},"geometry":{"type":"Polygon","coordinates":[[[13.919965499554575,46.32642261026067],[13.92,46.32662542496437],[13.92,46.326436680912146],[13.919965499554575,46.32642261026067]]]}},{"type":"Feature","properties":{"_zoneType":"SI_BUILT","name":"Pozidano zemljišče","authority":"MKGP","dataSource":"raba-3000"},"geometry":{"type":"Polygon","coordinates":[[[13.92783932033909,46.31798289155452],[13.929850385042574,46.31500456109029],[13.934307359548008,46.314988265811465],[13.939935734961354,46.3107502215958],[13.942472585910185,46.31190765778879],[13.945696964392816,46.312053395639325],[13.945028904464845,46.313164307104174],[13.944378501543058,46.32],[13.945920754602813,46.32],[13.946038490609611,46.31956834430284],[13.946944173934872,46.32],[13.947221798783657,46.32],[13.947557145601737,46.31915856603628],[13.950181092858143,46.31863416192739],[13.946929927341534,46.3168590964395],[13.948558888466815,46.31860513978273],[13.945386361192988,46.31829621038991],[13.945400019599521,46.313087856562476],[13.94624551405593,46.31194394086016],[13.94541751637339,46.311129251334634],[13.942568143718939,46.31160391809403],[13.940305440800357,46.31058473568723],[13.935863810085218,46.309566714679825],[13.936008085183596,46.31168223592012],[13.930988444819222,46.31313729307859],[13.931379231104172,46.314071090164326],[13.929666894259107,46.31479196660839],[13.928231571681547,46.31622200008011],[13.927477455591914,46.318329853997795],[13.92756151810868,46.32],[13.927937138540841,46.32],[13.92783932033909,46.31798289155452]],[[13.937268555973116,46.312049962609585],[13.936651213854255,46.312271063685664],[13.937018765120156,46.31171099895332],[13.937268555973116,46.312049962609585]],[[13.936154956996473,46.312531085821746],[13.934084222420354,46.31461747079337],[13.93204823346014,46.314306468749116],[13.935424750219768,46.312377495007595],[13.936154956996473,46.312531085821746]]]}},{"type":"Feature","properties":{"_zoneType":"SI_BUILT","name":"Pozidano zemljišče","authority":"MKGP","dataSource":"raba-3000"},"geometry":{"type":"Polygon","coordinates":[[[13.955942649193084,46.31980043095615],[13.955893472520332,46.32],[13.956270824226598,46.32],[13.956440205174715,46.31940736418576],[13.953921960279468,46.32],[13.955527800960114,46.32],[13.955942649193084,46.31980043095615]]]}},{"type":"Feature","properties":{"_zoneType":"SI_BUILT","name":"Pozidano zemljišče","authority":"MKGP","dataSource":"raba-3000"},"geometry":{"type":"Polygon","coordinates":[[[13.951895512535573,46.31912681791845],[13.951642714706022,46.32],[13.953288956186238,46.32],[13.951895512535573,46.31912681791845]]]}},{"type":"Feature","properties":{"_zoneType":"SI_BUILT","name":"Pozidano zemljišče","authority":"MKGP","dataSource":"raba-3000"},"geometry":{"type":"Polygon","coordinates":[[[13.92295824647764,46.31945928005492],[13.922792233176684,46.32],[13.922937904662064,46.32],[13.92295824647764,46.31945928005492]]]}},{"type":"Feature","properties":{"_zoneType":"SI_BUILT","name":"Pozidano zemljišče","authority":"MKGP","dataSource":"raba-3000"},"geometry":{"type":"Polygon","coordinates":[[[13.921265415150117,46.34195399666077],[13.920335074355345,46.34390797389025],[13.922349716747881,46.345756457028195],[13.92,46.34730321096877],[13.92,46.347700047698694],[13.921419616311171,46.34698328878882],[13.923334655893688,46.34838946612126],[13.936544273828758,46.35233515933763],[13.941012391401776,46.35141100699302],[13.943315034783712,46.349640845801694],[13.958157130430527,46.3443808078062],[13.956018162970407,46.348474603652875],[13.953542110507025,46.350301263265564],[13.950350217143844,46.354611964225505],[13.950396498777332,46.356240058589364],[13.952583852527445,46.35198467956492],[13.9565630521254,46.348261696876754],[13.959185069381673,46.34246941852214],[13.96,46.34210338880464],[13.96,46.341708588429746],[13.958826193565102,46.3423223059782],[13.956146528029947,46.345061661516255],[13.94310701941325,46.349391218883305],[13.939300039955828,46.35158785650686],[13.936104161320808,46.352041883737556],[13.928727648023548,46.34988766065399],[13.925184095755707,46.34790453443521],[13.924384770000739,46.345958157416334],[13.924952713891496,46.34455400621492],[13.92266312061855,46.34331794138468],[13.923132494634123,46.34194472467861],[13.920615709826107,46.3404502124999],[13.920603752958293,46.339087202268914],[13.92,46.33827796619144],[13.92,46.339967389535936],[13.921265415150117,46.34195399666077]]]}},{"type":"Feature","properties":{"_zoneType":"SI_BUILT","name":"Pozidano zemljišče","authority":"MKGP","dataSource":"raba-3000"},"geometry":{"type":"Polygon","coordinates":[[[13.92314413280467,46.32584023461908],[13.921056174182045,46.326867430678774],[13.92,46.326436680912146],[13.92,46.32662542496437],[13.920383399351449,46.32887928067275],[13.92,46.329169373901706],[13.92,46.32937824841344],[13.92314413280467,46.32584023461908]]]}},{"type":"Feature","properties":{"_zoneType":"SI_BUILT","name":"Pozidano zemljišče","authority":"MKGP","dataSource":"raba-3000"},"geometry":{"type":"Polygon","coordinates":[[[13.920558715223235,46.32581028142869],[13.92,46.325377292824626],[13.92,46.32569817059491],[13.920558715223235,46.32581028142869]]]}},{"type":"Feature","properties":{"_zoneType":"SI_BUILT","name":"Pozidano zemljišče","authority":"MKGP","dataSource":"raba-3000"},"geometry":{"type":"Polygon","coordinates":[[[13.92050763357054,46.325028897124625],[13.920535459071758,46.32360368750499],[13.927096384201416,46.322836089155324],[13.928972414515432,46.3212516766927],[13.927965432870762,46.32058345717691],[13.927937138540841,46.32],[13.92756151810868,46.32],[13.927591389861396,46.320593489111396],[13.928326569840525,46.3213864722462],[13.926876117393453,46.322638812785854],[13.922824707271344,46.32300897855785],[13.922937904662064,46.32],[13.922792233176684,46.32],[13.921968184167753,46.32268400021137],[13.920399044759275,46.32293184890972],[13.920519807759563,46.32196714132442],[13.921473580204157,46.3218846423888],[13.920745610006115,46.32132762535293],[13.92,46.3215082989713],[13.92,46.32451529764968],[13.92050763357054,46.325028897124625]]]}},{"type":"Feature","properties":{"_zoneType":"SI_BUILT","name":"Pozidano zemljišče","authority":"MKGP","dataSource":"raba-3000"},"geometry":{"type":"Polygon","coordinates":[[[13.944303973882526,46.320783280921056],[13.95256166612342,46.32142690421761],[13.955527800960114,46.32],[13.953921960279468,46.32],[13.953461779695047,46.3201082974479],[13.953288956186238,46.32],[13.951642714706022,46.32],[13.951519550461581,46.32042541825428],[13.953108149479537,46.320597751604005],[13.952405913709068,46.321177353564174],[13.945814192846974,46.32039068752422],[13.945920754602813,46.32],[13.944378501543058,46.32],[13.944303973882526,46.320783280921056]]]}},{"type":"Feature","properties":{"_zoneType":"SI_BUILT","name":"Pozidano zemljišče","authority":"MKGP","dataSource":"raba-3000"},"geometry":{"type":"Polygon","coordinates":[[[13.955541710147896,46.32142752399466],[13.958648102567375,46.32404234277297],[13.95794372121234,46.326399151367525],[13.958293658179606,46.32873162841559],[13.95932627988107,46.329488987043185],[13.96,46.32948415354274],[13.96,46.328818895761486],[13.959557844543156,46.3291359775974],[13.958644555144076,46.32865141033943],[13.959192746086211,46.32683384766832],[13.958307696231405,46.32643160443623],[13.96,46.32542826742217],[13.96,46.32453647209173],[13.959138753878973,46.32512511050469],[13.958918241633087,46.32383583465133],[13.955886036590039,46.32134630805198],[13.956270824226598,46.32],[13.955893472520332,46.32],[13.955541710147896,46.32142752399466]]]}},{"type":"Feature","properties":{"_zoneType":"SI_BUILT","name":"Pozidano zemljišče","authority":"MKGP","dataSource":"raba-3000"},"geometry":{"type":"Polygon","coordinates":[[[13.94717748227648,46.320111196565115],[13.947221798783657,46.32],[13.946944173934872,46.32],[13.94717748227648,46.320111196565115]]]}},{"type":"Feature","properties":{"_zoneType":"SI_BUILT","name":"Pozidano zemljišče","authority":"MKGP","dataSource":"raba-3000"},"geometry":{"type":"Polygon","coordinates":[[[13.96072961133014,46.341775680625496],[13.96077116675972,46.339582655106256],[13.960588738967138,46.34140076984497],[13.96,46.341708588429746],[13.96,46.34210338880464],[13.96072961133014,46.341775680625496]]]}},{"type":"Feature","properties":{"_zoneType":"SI_BUILT","name":"Pozidano zemljišče","authority":"MKGP","dataSource":"raba-3000"},"geometry":{"type":"Polygon","coordinates":[[[13.960962590410784,46.329477247587214],[13.960988481305593,46.32811002863727],[13.96,46.328818895761486],[13.96,46.32948415354274],[13.960962590410784,46.329477247587214]]]}},{"type":"Feature","properties":{"_zoneType":"SI_BUILT","name":"Pozidano zemljišče","authority":"MKGP","dataSource":"raba-3000"},"geometry":{"type":"Polygon","coordinates":[[[13.960657197791292,46.32503862645948],[13.961069989815869,46.32380516301327],[13.96,46.32453647209173],[13.96,46.32542826742217],[13.960657197791292,46.32503862645948]]]}},{"type":"Feature","properties":{"_zoneType":"SI_BUILT","name":"Pozidano zemljišče","authority":"MKGP","dataSource":"raba-3000"},"geometry":{"type":"Polygon","coordinates":[[[13.960840012671266,46.33594885109212],[13.960859002930308,46.334946389154915],[13.960468104563477,46.33572294397911],[13.960840012671266,46.33594885109212]]]}},{"type":"Feature","properties":{"_zoneType":"SI_BUILT","name":"Pozidano zemljišče","authority":"MKGP","dataSource":"raba-3000"},"geometry":{"type":"Polygon","coordinates":[[[13.960794889701134,46.33833059747969],[13.960813297162542,46.337359024528915],[13.960401665717818,46.33786269321634],[13.960794889701134,46.33833059747969]]]}},{"type":"Feature","properties":{"_zoneType":"SI_BUILT","name":"Pozidano zemljišče","authority":"MKGP","dataSource":"raba-3000"},"geometry":{"type":"Polygon","coordinates":[[[13.959613220255227,46.32666454254532],[13.96,46.32665229848947],[13.96,46.32646739595636],[13.959613220255227,46.32666454254532]]]}},{"type":"Feature","properties":{"_zoneType":"SI_BUILT","name":"Pozidano zemljišče","authority":"MKGP","dataSource":"raba-3000"},"geometry":{"type":"Polygon","coordinates":[[[13.96,46.32646739595636],[13.96,46.32665229848947],[13.96101669353612,46.32662011362816],[13.96037201664006,46.32627777431092],[13.96,46.32646739595636]]]}},{"type":"Feature","properties":{"_zoneType":"SI_BUILT","name":"Pozidano zemljišče","authority":"MKGP","dataSource":"raba-3000"},"geometry":{"type":"Polygon","coordinates":[[[13.95875584135321,46.32273473180126],[13.96,46.322764678019674],[13.96,46.322404100291095],[13.959728005805156,46.322307509624615],[13.95875584135321,46.32273473180126]]]}},{"type":"Feature","properties":{"_zoneType":"SI_BUILT","name":"Pozidano zemljišče","authority":"MKGP","dataSource":"raba-3000"},"geometry":{"type":"Polygon","coordinates":[[[13.961089191302412,46.32279089425883],[13.96,46.322404100291095],[13.96,46.322764678019674],[13.961089191302412,46.32279089425883]]]}},{"type":"Feature","properties":{"_zoneType":"SI_BUILT","name":"Pozidano zemljišče","authority":"MKGP","dataSource":"raba-3000"},"geometry":{"type":"Polygon","coordinates":[[[13.946489264233186,46.31526330903769],[13.946307300149256,46.3150310620577],[13.946205047947034,46.31537178642837],[13.946489264233186,46.31526330903769]]]}},{"type":"Feature","properties":{"_zoneType":"SI_BUILT","name":"Pozidano zemljišče","authority":"MKGP","dataSource":"raba-3000"},"geometry":{"type":"Polygon","coordinates":[[[13.947673677107604,46.31530833848441],[13.94742015630813,46.315209076441015],[13.947553840452883,46.31545870058298],[13.947673677107604,46.31530833848441]]]}},{"type":"Feature","properties":{"_zoneType":"SI_BUILT","name":"Pozidano zemljišče","authority":"MKGP","dataSource":"raba-3000"},"geometry":{"type":"Polygon","coordinates":[[[13.91824460076031,46.32396934757909],[13.918302946819301,46.32424733829113],[13.918692248307261,46.32399729554622],[13.91824460076031,46.32396934757909]]]}},{"type":"Feature","properties":{"_zoneType":"SI_BUILT","name":"Pozidano zemljišče","authority":"MKGP","dataSource":"raba-3000"},"geometry":{"type":"Polygon","coordinates":[[[13.901624280750625,46.32498177556203],[13.902672630923176,46.32455748599346],[13.902540494943544,46.3240709765559],[13.901624280750625,46.32498177556203]]]}},{"type":"Feature","properties":{"_zoneType":"SI_BUILT","name":"Pozidano zemljišče","authority":"MKGP","dataSource":"raba-3000"},"geometry":{"type":"Polygon","coordinates":[[[13.942166215275455,46.28587667835233],[13.941975509745914,46.28573620132823],[13.941926805734072,46.285987673834704],[13.942166215275455,46.28587667835233]]]}},{"type":"Feature","properties":{"_zoneType":"SI_BUILT","name":"Pozidano zemljišče","authority":"MKGP","dataSource":"raba-3000"},"geometry":{"type":"Polygon","coordinates":[[[13.943453973778732,46.286666973370046],[13.943289981458722,46.28586382387321],[13.943128120311812,46.28667613574543],[13.943453973778732,46.286666973370046]]]}},{"type":"Feature","properties":{"_zoneType":"SI_BUILT","name":"Pozidano zemljišče","authority":"MKGP","dataSource":"raba-3000"},"geometry":{"type":"Polygon","coordinates":[[[13.941759600427345,46.28395341383737],[13.94166292023979,46.283767512267524],[13.941484340331439,46.284035565565],[13.941759600427345,46.28395341383737]]]}},{"type":"Feature","properties":{"_zoneType":"SI_BUILT","name":"Pozidano zemljišče","authority":"MKGP","dataSource":"raba-3000"},"geometry":{"type":"Polygon","coordinates":[[[13.940352699067422,46.28264232970173],[13.94013184983275,46.28251042631431],[13.940170056491711,46.28277404975445],[13.940352699067422,46.28264232970173]]]}},{"type":"Feature","properties":{"_zoneType":"SI_BUILT","name":"Pozidano zemljišče","authority":"MKGP","dataSource":"raba-3000"},"geometry":{"type":"Polygon","coordinates":[[[13.941593933372259,46.28256278421086],[13.941399508663281,46.28244902967156],[13.941343883247566,46.282741102628],[13.941593933372259,46.28256278421086]]]}},{"type":"Feature","properties":{"_zoneType":"SI_BUILT","name":"Pozidano zemljišče","authority":"MKGP","dataSource":"raba-3000"},"geometry":{"type":"Polygon","coordinates":[[[13.942814776166847,46.282385956571616],[13.942557956066283,46.2822707834408],[13.942634604652493,46.28256374700656],[13.942814776166847,46.282385956571616]]]}},{"type":"Feature","properties":{"_zoneType":"SI_BUILT","name":"Pozidano zemljišče","authority":"MKGP","dataSource":"raba-3000"},"geometry":{"type":"Polygon","coordinates":[[[13.937508047329754,46.28094557766997],[13.937186766054626,46.281100554234776],[13.937682197539752,46.28114415928844],[13.937508047329754,46.28094557766997]]]}},{"type":"Feature","properties":{"_zoneType":"SI_BUILT","name":"Pozidano zemljišče","authority":"MKGP","dataSource":"raba-3000"},"geometry":{"type":"Polygon","coordinates":[[[13.959627783720986,46.33232381899253],[13.959339583511445,46.3324187080937],[13.959705569654215,46.33252402535642],[13.959627783720986,46.33232381899253]]]}},{"type":"Feature","properties":{"_zoneType":"SI_BUILT","name":"Pozidano zemljišče","authority":"MKGP","dataSource":"raba-3000"},"geometry":{"type":"Polygon","coordinates":[[[13.959897193957506,46.33121802430256],[13.96,46.33136620226654],[13.96,46.331211258117314],[13.959897193957506,46.33121802430256]]]}},{"type":"Feature","properties":{"_zoneType":"SI_BUILT","name":"Pozidano zemljišče","authority":"MKGP","dataSource":"raba-3000"},"geometry":{"type":"Polygon","coordinates":[[[13.960361189269127,46.33118748642604],[13.96,46.331211258117314],[13.96,46.33136620226654],[13.960314105305761,46.331818933288496],[13.960361189269127,46.33118748642604]]]}},{"type":"Feature","properties":{"_zoneType":"SI_BUILT","name":"Pozidano zemljišče","authority":"MKGP","dataSource":"raba-3000"},"geometry":{"type":"Polygon","coordinates":[[[13.959926823032767,46.33338861745017],[13.959675396323684,46.33319754868113],[13.959628461151626,46.33357410632027],[13.959926823032767,46.33338861745017]]]}},{"type":"Feature","properties":{"_zoneType":"SI_BUILT","name":"Pozidano zemljišče","authority":"MKGP","dataSource":"raba-3000"},"geometry":{"type":"Polygon","coordinates":[[[13.959393100380934,46.33685962139293],[13.959144760489886,46.33667533144738],[13.959240417238084,46.33703363617164],[13.959393100380934,46.33685962139293]]]}},{"type":"Feature","properties":{"_zoneType":"SI_BUILT","name":"Pozidano zemljišče","authority":"MKGP","dataSource":"raba-3000"},"geometry":{"type":"Polygon","coordinates":[[[13.96037769733782,46.23992036330376],[13.960403806704546,46.24],[13.960549973521017,46.24],[13.96037769733782,46.23992036330376]]]}},{"type":"Feature","properties":{"_zoneType":"SI_BUILT","name":"Pozidano zemljišče","authority":"MKGP","dataSource":"raba-3000"},"geometry":{"type":"Polygon","coordinates":[[[13.960616169066295,46.24003059967103],[13.960549973521017,46.24],[13.960403806704546,46.24],[13.960460257474246,46.24017218161002],[13.960616169066295,46.24003059967103]]]}},{"type":"Feature","properties":{"_zoneType":"SI_BUILT","name":"Pozidano zemljišče","authority":"MKGP","dataSource":"raba-3000"},"geometry":{"type":"Polygon","coordinates":[[[13.958438448985584,46.2898602978454],[13.958477109163331,46.28968012960687],[13.958058711141396,46.28981913036419],[13.958438448985584,46.2898602978454]]]}},{"type":"Feature","properties":{"_zoneType":"SI_BUILT","name":"Pozidano zemljišče","authority":"MKGP","dataSource":"raba-3000"},"geometry":{"type":"Polygon","coordinates":[[[13.959532433064718,46.22337718580213],[13.958718132743304,46.221798182844836],[13.957755904363689,46.22232943112074],[13.959244991914426,46.22345771926241],[13.959532433064718,46.22337718580213]]]}},{"type":"Feature","properties":{"_zoneType":"SI_BUILT","name":"Pozidano zemljišče","authority":"MKGP","dataSource":"raba-3000"},"geometry":{"type":"Polygon","coordinates":[[[13.95712206057007,46.31758994734439],[13.956202453272969,46.317494340932214],[13.956786016284825,46.31788147358283],[13.95712206057007,46.31758994734439]]]}},{"type":"Feature","properties":{"_zoneType":"SI_BUILT","name":"Pozidano zemljišče","authority":"MKGP","dataSource":"raba-3000"},"geometry":{"type":"Polygon","coordinates":[[[13.958205832984435,46.23837804560956],[13.957776522058795,46.23835805891496],[13.957733198960161,46.23915885727404],[13.958205832984435,46.23837804560956]]]}},{"type":"Feature","properties":{"_zoneType":"SI_BUILT","name":"Pozidano zemljišče","authority":"MKGP","dataSource":"raba-3000"},"geometry":{"type":"Polygon","coordinates":[[[13.956302865176688,46.29823203652976],[13.95564194311287,46.29767224496042],[13.954874112368124,46.29787599688283],[13.956302865176688,46.29823203652976]]]}},{"type":"Feature","properties":{"_zoneType":"SI_BUILT","name":"Pozidano zemljišče","authority":"MKGP","dataSource":"raba-3000"},"geometry":{"type":"Polygon","coordinates":[[[13.956589407746195,46.25664432059958],[13.956690999465478,46.25647036716699],[13.956239177860372,46.25656731427286],[13.956589407746195,46.25664432059958]]]}},{"type":"Feature","properties":{"_zoneType":"SI_BUILT","name":"Pozidano zemljišče","authority":"MKGP","dataSource":"raba-3000"},"geometry":{"type":"Polygon","coordinates":[[[13.954214774726449,46.313042222299885],[13.953240333038664,46.312740413988706],[13.953910227567729,46.31309847787468],[13.954214774726449,46.313042222299885]]]}},{"type":"Feature","properties":{"_zoneType":"SI_BUILT","name":"Pozidano zemljišče","authority":"MKGP","dataSource":"raba-3000"},"geometry":{"type":"Polygon","coordinates":[[[13.955442120803529,46.3131038667266],[13.955257764942383,46.312985491001555],[13.954956176975394,46.31326956574985],[13.955442120803529,46.3131038667266]]]}},{"type":"Feature","properties":{"_zoneType":"SI_BUILT","name":"Pozidano zemljišče","authority":"MKGP","dataSource":"raba-3000"},"geometry":{"type":"Polygon","coordinates":[[[13.954993624966393,46.30639307499379],[13.955548650113613,46.30630280563243],[13.955019083894621,46.30627129110779],[13.954993624966393,46.30639307499379]]]}},{"type":"Feature","properties":{"_zoneType":"SI_BUILT","name":"Pozidano zemljišče","authority":"MKGP","dataSource":"raba-3000"},"geometry":{"type":"Polygon","coordinates":[[[13.95517337121685,46.30251852866406],[13.955138904809633,46.3026836090979],[13.95547049538285,46.30253968538693],[13.95517337121685,46.30251852866406]]]}},{"type":"Feature","properties":{"_zoneType":"SI_BUILT","name":"Pozidano zemljišče","authority":"MKGP","dataSource":"raba-3000"},"geometry":{"type":"Polygon","coordinates":[[[13.952972715211805,46.36833580926975],[13.952781439194775,46.36820577688882],[13.952397322329539,46.36863246767794],[13.952972715211805,46.36833580926975]]]}},{"type":"Feature","properties":{"_zoneType":"SI_BUILT","name":"Pozidano zemljišče","authority":"MKGP","dataSource":"raba-3000"},"geometry":{"type":"Polygon","coordinates":[[[13.953814261371177,46.293994034028906],[13.953914291818878,46.29416385591686],[13.954068692471484,46.29391665406715],[13.953814261371177,46.293994034028906]]]}},{"type":"Feature","properties":{"_zoneType":"SI_BUILT","name":"Pozidano zemljišče","authority":"MKGP","dataSource":"raba-3000"},"geometry":{"type":"Polygon","coordinates":[[[13.951629908291787,46.316892234136795],[13.951840614619698,46.31675820871497],[13.951426404553844,46.316746371556405],[13.951629908291787,46.316892234136795]]]}},{"type":"Feature","properties":{"_zoneType":"SI_BUILT","name":"Pozidano zemljišče","authority":"MKGP","dataSource":"raba-3000"},"geometry":{"type":"Polygon","coordinates":[[[13.952970621402423,46.31622863505371],[13.951918402514956,46.315807919965394],[13.952310417355555,46.31601004471883],[13.952970621402423,46.31622863505371]]]}},{"type":"Feature","properties":{"_zoneType":"SI_BUILT","name":"Pozidano zemljišče","authority":"MKGP","dataSource":"raba-3000"},"geometry":{"type":"Polygon","coordinates":[[[13.953031870255385,46.317514878071776],[13.95371292687739,46.31658933729222],[13.952690299600603,46.31722647491002],[13.953031870255385,46.317514878071776]]]}},{"type":"Feature","properties":{"_zoneType":"SI_BUILT","name":"Pozidano zemljišče","authority":"MKGP","dataSource":"raba-3000"},"geometry":{"type":"Polygon","coordinates":[[[13.952380393786576,46.38354294373562],[13.94211377751477,46.379931643585145],[13.943876544443636,46.38123976944196],[13.952380393786576,46.38354294373562]]]}},{"type":"Feature","properties":{"_zoneType":"SI_BUILT","name":"Pozidano zemljišče","authority":"MKGP","dataSource":"raba-3000"},"geometry":{"type":"Polygon","coordinates":[[[13.95245900469459,46.37470632801846],[13.948635088642861,46.37324955360565],[13.946191790859208,46.37324710653255],[13.951057056446599,46.37481013520411],[13.95245900469459,46.37470632801846]]]}},{"type":"Feature","properties":{"_zoneType":"SI_BUILT","name":"Pozidano zemljišče","authority":"MKGP","dataSource":"raba-3000"},"geometry":{"type":"Polygon","coordinates":[[[13.954058429548152,46.25354502779852],[13.954375279056537,46.25370259930179],[13.954266810209674,46.25336944912476],[13.954058429548152,46.25354502779852]]]}},{"type":"Feature","properties":{"_zoneType":"SI_BUILT","name":"Pozidano zemljišče","authority":"MKGP","dataSource":"raba-3000"},"geometry":{"type":"Polygon","coordinates":[[[13.95323698831816,46.31149183159396],[13.952829104909183,46.31082097151202],[13.951973786519796,46.31133432709753],[13.95323698831816,46.31149183159396]]]}},{"type":"Feature","properties":{"_zoneType":"SI_BUILT","name":"Pozidano zemljišče","authority":"MKGP","dataSource":"raba-3000"},"geometry":{"type":"Polygon","coordinates":[[[13.951825011578055,46.37938774151629],[13.951528291417144,46.379282315890805],[13.95166121581836,46.37958196830932],[13.951825011578055,46.37938774151629]]]}},{"type":"Feature","properties":{"_zoneType":"SI_BUILT","name":"Pozidano zemljišče","authority":"MKGP","dataSource":"raba-3000"},"geometry":{"type":"Polygon","coordinates":[[[13.954351240259658,46.22144581899759],[13.954075601469308,46.22114568899833],[13.953967358834403,46.2216448481976],[13.954351240259658,46.22144581899759]]]}},{"type":"Feature","properties":{"_zoneType":"SI_BUILT","name":"Pozidano zemljišče","authority":"MKGP","dataSource":"raba-3000"},"geometry":{"type":"Polygon","coordinates":[[[13.95270759837337,46.29344471303769],[13.952438506819872,46.29336726819831],[13.952635303293093,46.293599738669265],[13.95270759837337,46.29344471303769]]]}},{"type":"Feature","properties":{"_zoneType":"SI_BUILT","name":"Pozidano zemljišče","authority":"MKGP","dataSource":"raba-3000"},"geometry":{"type":"Polygon","coordinates":[[[13.952210189311876,46.26683145759671],[13.951184493516909,46.26590355621952],[13.951889609147761,46.26684276341213],[13.952210189311876,46.26683145759671]]]}},{"type":"Feature","properties":{"_zoneType":"SI_BUILT","name":"Pozidano zemljišče","authority":"MKGP","dataSource":"raba-3000"},"geometry":{"type":"Polygon","coordinates":[[[13.95140500616867,46.296699877045114],[13.951159037201084,46.29660414122768],[13.951262169437566,46.29689276529347],[13.95140500616867,46.296699877045114]]]}},{"type":"Feature","properties":{"_zoneType":"SI_BUILT","name":"Pozidano zemljišče","authority":"MKGP","dataSource":"raba-3000"},"geometry":{"type":"Polygon","coordinates":[[[13.950093104250504,46.315183591801556],[13.950335356004766,46.315314482664235],[13.95026814103408,46.315036202555454],[13.950093104250504,46.315183591801556]]]}},{"type":"Feature","properties":{"_zoneType":"SI_BUILT","name":"Pozidano zemljišče","authority":"MKGP","dataSource":"raba-3000"},"geometry":{"type":"Polygon","coordinates":[[[13.95066461279837,46.300114841155015],[13.944080811262788,46.298354427719616],[13.945395251603735,46.29924707618505],[13.95066461279837,46.300114841155015]]]}},{"type":"Feature","properties":{"_zoneType":"SI_BUILT","name":"Pozidano zemljišče","authority":"MKGP","dataSource":"raba-3000"},"geometry":{"type":"Polygon","coordinates":[[[13.950680055048512,46.25794917637152],[13.950894133961526,46.25810578960141],[13.950932382226767,46.257784215022134],[13.950680055048512,46.25794917637152]]]}},{"type":"Feature","properties":{"_zoneType":"SI_BUILT","name":"Pozidano zemljišče","authority":"MKGP","dataSource":"raba-3000"},"geometry":{"type":"Polygon","coordinates":[[[13.950767849718417,46.23843922965596],[13.950018335683625,46.23750862224933],[13.949980420030185,46.238200570952976],[13.950767849718417,46.23843922965596]]]}},{"type":"Feature","properties":{"_zoneType":"SI_BUILT","name":"Pozidano zemljišče","authority":"MKGP","dataSource":"raba-3000"},"geometry":{"type":"Polygon","coordinates":[[[13.946238534129346,46.27128849867453],[13.946289518079404,46.2715339640247],[13.94665221027556,46.271300713323406],[13.946238534129346,46.27128849867453]]]}},{"type":"Feature","properties":{"_zoneType":"SI_BUILT","name":"Pozidano zemljišče","authority":"MKGP","dataSource":"raba-3000"},"geometry":{"type":"Polygon","coordinates":[[[13.935445129936515,46.2683616050629],[13.93512265745414,46.26831122874458],[13.935387580960107,46.26853184930357],[13.935445129936515,46.2683616050629]]]}},{"type":"Feature","properties":{"_zoneType":"SI_BUILT","name":"Pozidano zemljišče","authority":"MKGP","dataSource":"raba-3000"},"geometry":{"type":"Polygon","coordinates":[[[13.928028833926142,46.27144994459881],[13.93043271055269,46.27051841312403],[13.93042443141276,46.2698619667879],[13.928277246299743,46.27039330886674],[13.928028833926142,46.27144994459881]]]}},{"type":"Feature","properties":{"_zoneType":"SI_BUILT","name":"Pozidano zemljišče","authority":"MKGP","dataSource":"raba-3000"},"geometry":{"type":"Polygon","coordinates":[[[13.949022988354058,46.31482553300327],[13.948695651812768,46.31481345009084],[13.949006405583383,46.31498047277539],[13.949022988354058,46.31482553300327]]]}},{"type":"Feature","properties":{"_zoneType":"SI_BUILT","name":"Pozidano zemljišče","authority":"MKGP","dataSource":"raba-3000"},"geometry":{"type":"Polygon","coordinates":[[[13.94908735616431,46.25730851299145],[13.94944447369921,46.25736971160265],[13.949161462114157,46.25713502762057],[13.94908735616431,46.25730851299145]]]}},{"type":"Feature","properties":{"_zoneType":"SI_BUILT","name":"Pozidano zemljišče","authority":"MKGP","dataSource":"raba-3000"},"geometry":{"type":"Polygon","coordinates":[[[13.947027999744012,46.30690817418345],[13.946293799226511,46.306321904482736],[13.945212368109534,46.30648329065627],[13.946312958579302,46.30698715249097],[13.947027999744012,46.30690817418345]]]}},{"type":"Feature","properties":{"_zoneType":"SI_BUILT","name":"Pozidano zemljišče","authority":"MKGP","dataSource":"raba-3000"},"geometry":{"type":"Polygon","coordinates":[[[13.944658469778872,46.30774877149906],[13.944763290909295,46.307928245861824],[13.944993165072752,46.307657301857816],[13.944658469778872,46.30774877149906]]]}},{"type":"Feature","properties":{"_zoneType":"SI_BUILT","name":"Pozidano zemljišče","authority":"MKGP","dataSource":"raba-3000"},"geometry":{"type":"Polygon","coordinates":[[[13.945049836765735,46.28532332334581],[13.945069727017918,46.28512524521517],[13.94471099217236,46.28530412275457],[13.945049836765735,46.28532332334581]]]}},{"type":"Feature","properties":{"_zoneType":"SI_BUILT","name":"Pozidano zemljišče","authority":"MKGP","dataSource":"raba-3000"},"geometry":{"type":"Polygon","coordinates":[[[13.944423346920855,46.255550390220094],[13.9445258410975,46.255684502174084],[13.94474750966754,46.25541189442642],[13.944423346920855,46.255550390220094]]]}},{"type":"Feature","properties":{"_zoneType":"SI_BUILT","name":"Pozidano zemljišče","authority":"MKGP","dataSource":"raba-3000"},"geometry":{"type":"Polygon","coordinates":[[[13.943303271027318,46.25994731399187],[13.943789964253904,46.26066014350337],[13.944602583271006,46.26089694207443],[13.943303271027318,46.25994731399187]]]}},{"type":"Feature","properties":{"_zoneType":"SI_BUILT","name":"Pozidano zemljišče","authority":"MKGP","dataSource":"raba-3000"},"geometry":{"type":"Polygon","coordinates":[[[13.94323401296667,46.31986422313396],[13.942898524882857,46.31978913585059],[13.943077953001703,46.32],[13.943164489515725,46.32],[13.94323401296667,46.31986422313396]]]}},{"type":"Feature","properties":{"_zoneType":"SI_BUILT","name":"Pozidano zemljišče","authority":"MKGP","dataSource":"raba-3000"},"geometry":{"type":"Polygon","coordinates":[[[13.943164489515725,46.32],[13.943077953001703,46.32],[13.943131979152964,46.32006349160045],[13.943164489515725,46.32]]]}},{"type":"Feature","properties":{"_zoneType":"SI_BUILT","name":"Pozidano zemljišče","authority":"MKGP","dataSource":"raba-3000"},"geometry":{"type":"Polygon","coordinates":[[[13.944499819642528,46.25013228610531],[13.944502720598784,46.24997524250216],[13.944215297130206,46.250149272089146],[13.944499819642528,46.25013228610531]]]}},{"type":"Feature","properties":{"_zoneType":"SI_BUILT","name":"Pozidano zemljišče","authority":"MKGP","dataSource":"raba-3000"},"geometry":{"type":"Polygon","coordinates":[[[13.942914478162855,46.30713962290988],[13.94261124173897,46.30737819968922],[13.943044986349264,46.30741342307516],[13.942914478162855,46.30713962290988]]]}},{"type":"Feature","properties":{"_zoneType":"SI_BUILT","name":"Pozidano zemljišče","authority":"MKGP","dataSource":"raba-3000"},"geometry":{"type":"Polygon","coordinates":[[[13.943161457209474,46.306649813895305],[13.942850354868003,46.30672756930341],[13.943245420142986,46.30680878690726],[13.943161457209474,46.306649813895305]]]}},{"type":"Feature","properties":{"_zoneType":"SI_BUILT","name":"Pozidano zemljišče","authority":"MKGP","dataSource":"raba-3000"},"geometry":{"type":"Polygon","coordinates":[[[13.943270429706669,46.27396110115278],[13.942939038606415,46.2739126895915],[13.943040428179637,46.27426559727159],[13.943270429706669,46.27396110115278]]]}},{"type":"Feature","properties":{"_zoneType":"SI_BUILT","name":"Pozidano zemljišče","authority":"MKGP","dataSource":"raba-3000"},"geometry":{"type":"Polygon","coordinates":[[[13.943056542420784,46.28482976941605],[13.942952658925543,46.28463356644925],[13.942764967070866,46.284881799120775],[13.943056542420784,46.28482976941605]]]}},{"type":"Feature","properties":{"_zoneType":"SI_BUILT","name":"Pozidano zemljišče","authority":"MKGP","dataSource":"raba-3000"},"geometry":{"type":"Polygon","coordinates":[[[13.937767737554461,46.29169445578591],[13.937813890140193,46.29151708805365],[13.937442136303424,46.29163809161347],[13.937767737554461,46.29169445578591]]]}},{"type":"Feature","properties":{"_zoneType":"SI_BUILT","name":"Pozidano zemljišče","authority":"MKGP","dataSource":"raba-3000"},"geometry":{"type":"Polygon","coordinates":[[[13.939529232870054,46.30528176102085],[13.93983727613509,46.30537295783424],[13.939667932211744,46.30508088313309],[13.939529232870054,46.30528176102085]]]}},{"type":"Feature","properties":{"_zoneType":"SI_BUILT","name":"Pozidano zemljišče","authority":"MKGP","dataSource":"raba-3000"},"geometry":{"type":"Polygon","coordinates":[[[13.927481516021928,46.21499422129423],[13.927418566601805,46.21471970952642],[13.92704183852202,46.21515558335832],[13.927481516021928,46.21499422129423]]]}},{"type":"Feature","properties":{"_zoneType":"SI_BUILT","name":"Pozidano zemljišče","authority":"MKGP","dataSource":"raba-3000"},"geometry":{"type":"Polygon","coordinates":[[[13.93916094878648,46.21524128695241],[13.941643237892933,46.21710119465901],[13.94070303248407,46.21488656225362],[13.93402223201214,46.214786248821355],[13.934481212846705,46.2156668039171],[13.93916094878648,46.21524128695241]]]}},{"type":"Feature","properties":{"_zoneType":"SI_BUILT","name":"Pozidano zemljišče","authority":"MKGP","dataSource":"raba-3000"},"geometry":{"type":"Polygon","coordinates":[[[13.934129249272843,46.285500552110754],[13.934265990449793,46.28564433191102],[13.934389800366162,46.28539883498122],[13.934129249272843,46.285500552110754]]]}},{"type":"Feature","properties":{"_zoneType":"SI_BUILT","name":"Pozidano zemljišče","authority":"MKGP","dataSource":"raba-3000"},"geometry":{"type":"Polygon","coordinates":[[[13.939781072883642,46.29839293030465],[13.93961797443421,46.29824978105102],[13.939545376119607,46.29852151496369],[13.939781072883642,46.29839293030465]]]}},{"type":"Feature","properties":{"_zoneType":"SI_BUILT","name":"Pozidano zemljišče","authority":"MKGP","dataSource":"raba-3000"},"geometry":{"type":"Polygon","coordinates":[[[13.939703670692237,46.281550113529256],[13.939506205841873,46.281388484469424],[13.93948056274785,46.28168013684185],[13.939703670692237,46.281550113529256]]]}},{"type":"Feature","properties":{"_zoneType":"SI_BUILT","name":"Pozidano zemljišče","authority":"MKGP","dataSource":"raba-3000"},"geometry":{"type":"Polygon","coordinates":[[[13.938156495979376,46.303952244294],[13.937830482859885,46.3039851763343],[13.938214943858496,46.30410044155871],[13.938156495979376,46.303952244294]]]}},{"type":"Feature","properties":{"_zoneType":"SI_BUILT","name":"Pozidano zemljišče","authority":"MKGP","dataSource":"raba-3000"},"geometry":{"type":"Polygon","coordinates":[[[13.938311473393858,46.30487620248738],[13.938291049611731,46.304691171419094],[13.938017670677953,46.30488026077577],[13.938311473393858,46.30487620248738]]]}},{"type":"Feature","properties":{"_zoneType":"SI_BUILT","name":"Pozidano zemljišče","authority":"MKGP","dataSource":"raba-3000"},"geometry":{"type":"Polygon","coordinates":[[[13.937413079066848,46.297951833761125],[13.937056747607862,46.29760673923973],[13.936858309289489,46.2981711764947],[13.937413079066848,46.297951833761125]]]}},{"type":"Feature","properties":{"_zoneType":"SI_BUILT","name":"Pozidano zemljišče","authority":"MKGP","dataSource":"raba-3000"},"geometry":{"type":"Polygon","coordinates":[[[13.938281211849995,46.298082751762],[13.938157316460845,46.29793031469968],[13.938032336119987,46.29816757703245],[13.938281211849995,46.298082751762]]]}},{"type":"Feature","properties":{"_zoneType":"SI_BUILT","name":"Pozidano zemljišče","authority":"MKGP","dataSource":"raba-3000"},"geometry":{"type":"Polygon","coordinates":[[[13.931541506483605,46.28164173094774],[13.931731388281223,46.28178039906029],[13.931742963102309,46.281501911917566],[13.931541506483605,46.28164173094774]]]}},{"type":"Feature","properties":{"_zoneType":"SI_BUILT","name":"Pozidano zemljišče","authority":"MKGP","dataSource":"raba-3000"},"geometry":{"type":"Polygon","coordinates":[[[13.931993886586595,46.29040857507038],[13.931705432183152,46.29033557562424],[13.931927103532848,46.290558175821076],[13.931993886586595,46.29040857507038]]]}},{"type":"Feature","properties":{"_zoneType":"SI_BUILT","name":"Pozidano zemljišče","authority":"MKGP","dataSource":"raba-3000"},"geometry":{"type":"Polygon","coordinates":[[[13.924224830537183,46.290436672948964],[13.923933279089717,46.290392719512745],[13.924156376659706,46.290603848781835],[13.924224830537183,46.290436672948964]]]}},{"type":"Feature","properties":{"_zoneType":"SI_BUILT","name":"Pozidano zemljišče","authority":"MKGP","dataSource":"raba-3000"},"geometry":{"type":"Polygon","coordinates":[[[13.919795815081361,46.292113055618145],[13.92,46.292306294225114],[13.92,46.292088444628625],[13.919795815081361,46.292113055618145]]]}},{"type":"Feature","properties":{"_zoneType":"SI_BUILT","name":"Pozidano zemljišče","authority":"MKGP","dataSource":"raba-3000"},"geometry":{"type":"Polygon","coordinates":[[[13.920180739568133,46.29206665957395],[13.92,46.292088444628625],[13.92,46.292306294225114],[13.920030140553623,46.29233481894983],[13.920180739568133,46.29206665957395]]]}},{"type":"Feature","properties":{"_zoneType":"SI_BUILT","name":"Pozidano zemljišče","authority":"MKGP","dataSource":"raba-3000"},"geometry":{"type":"Polygon","coordinates":[[[13.920821372395878,46.29171032725397],[13.9205102880405,46.29168440609318],[13.920800025786626,46.29188659332331],[13.920821372395878,46.29171032725397]]]}},{"type":"Feature","properties":{"_zoneType":"SI_BUILT","name":"Pozidano zemljišče","authority":"MKGP","dataSource":"raba-3000"},"geometry":{"type":"Polygon","coordinates":[[[13.901351319363355,46.28413096845203],[13.901394551266904,46.28429326727526],[13.901675607577335,46.284091351906255],[13.901351319363355,46.28413096845203]]]}},{"type":"Feature","properties":{"_zoneType":"SI_BUILT","name":"Pozidano zemljišče","authority":"MKGP","dataSource":"raba-3000"},"geometry":{"type":"Polygon","coordinates":[[[13.92864281608021,46.28717719415834],[13.928865695107827,46.28703534363186],[13.928425638075622,46.28702942651184],[13.92864281608021,46.28717719415834]]]}},{"type":"Feature","properties":{"_zoneType":"SI_BUILT","name":"Pozidano zemljišče","authority":"MKGP","dataSource":"raba-3000"},"geometry":{"type":"Polygon","coordinates":[[[13.900033212050818,46.271476952586795],[13.900109013787022,46.271326629869876],[13.899745071741222,46.27141447052729],[13.900033212050818,46.271476952586795]]]}},{"type":"Feature","properties":{"_zoneType":"SI_BUILT","name":"Pozidano zemljišče","authority":"MKGP","dataSource":"raba-3000"},"geometry":{"type":"Polygon","coordinates":[[[13.938388822162102,46.28701392207523],[13.938140268677856,46.28688391866789],[13.938214193859382,46.28715891601261],[13.938388822162102,46.28701392207523]]]}},{"type":"Feature","properties":{"_zoneType":"SI_BUILT","name":"Pozidano zemljišče","authority":"MKGP","dataSource":"raba-3000"},"geometry":{"type":"Polygon","coordinates":[[[13.9375503262972,46.27115720730644],[13.936649808550278,46.270520231741784],[13.936452936404377,46.27099761405088],[13.9375503262972,46.27115720730644]]]}},{"type":"Feature","properties":{"_zoneType":"SI_BUILT","name":"Pozidano zemljišče","authority":"MKGP","dataSource":"raba-3000"},"geometry":{"type":"Polygon","coordinates":[[[13.937646714501042,46.24163382027545],[13.937039857384464,46.241379701279754],[13.937500365858687,46.24190404066836],[13.937646714501042,46.24163382027545]]]}},{"type":"Feature","properties":{"_zoneType":"SI_BUILT","name":"Pozidano zemljišče","authority":"MKGP","dataSource":"raba-3000"},"geometry":{"type":"Polygon","coordinates":[[[13.936907119998732,46.272514611925516],[13.936724040966402,46.27238196785672],[13.936712932228328,46.272639571897635],[13.936907119998732,46.272514611925516]]]}},{"type":"Feature","properties":{"_zoneType":"SI_BUILT","name":"Pozidano zemljišče","authority":"MKGP","dataSource":"raba-3000"},"geometry":{"type":"Polygon","coordinates":[[[13.936445736379033,46.26934348534604],[13.936202933221052,46.26952437736192],[13.936532206150584,46.269669708298515],[13.936445736379033,46.26934348534604]]]}},{"type":"Feature","properties":{"_zoneType":"SI_BUILT","name":"Pozidano zemljišče","authority":"MKGP","dataSource":"raba-3000"},"geometry":{"type":"Polygon","coordinates":[[[13.936704990732684,46.26886689435342],[13.93641763736454,46.268895353090336],[13.936718035468806,46.26904283886208],[13.936704990732684,46.26886689435342]]]}},{"type":"Feature","properties":{"_zoneType":"SI_BUILT","name":"Pozidano zemljišče","authority":"MKGP","dataSource":"raba-3000"},"geometry":{"type":"Polygon","coordinates":[[[13.934832897442975,46.27040946375976],[13.934639360435568,46.27027545736881],[13.934610720327328,46.27054137322275],[13.934832897442975,46.27040946375976]]]}},{"type":"Feature","properties":{"_zoneType":"SI_BUILT","name":"Pozidano zemljišče","authority":"MKGP","dataSource":"raba-3000"},"geometry":{"type":"Polygon","coordinates":[[[13.932634226924726,46.377238148772655],[13.932122679738939,46.37711794299617],[13.931872782243488,46.377883871051715],[13.932634226924726,46.377238148772655]]]}},{"type":"Feature","properties":{"_zoneType":"SI_BUILT","name":"Pozidano zemljišče","authority":"MKGP","dataSource":"raba-3000"},"geometry":{"type":"Polygon","coordinates":[[[13.932237863828945,46.30332663478988],[13.932621371853681,46.303592056769126],[13.93296107919461,46.303103812690495],[13.932237863828945,46.30332663478988]]]}},{"type":"Feature","properties":{"_zoneType":"SI_BUILT","name":"Pozidano zemljišče","authority":"MKGP","dataSource":"raba-3000"},"geometry":{"type":"Polygon","coordinates":[[[13.93084346112589,46.306272263828944],[13.92947703492726,46.30637185476899],[13.929956248860602,46.307343871596146],[13.93084346112589,46.306272263828944]]]}},{"type":"Feature","properties":{"_zoneType":"SI_BUILT","name":"Pozidano zemljišče","authority":"MKGP","dataSource":"raba-3000"},"geometry":{"type":"Polygon","coordinates":[[[13.932061496721714,46.30783058423943],[13.932332161285954,46.307158845026734],[13.931568520392116,46.306795403502306],[13.931598547971465,46.30787378269269],[13.932061496721714,46.30783058423943]]]}},{"type":"Feature","properties":{"_zoneType":"SI_BUILT","name":"Pozidano zemljišče","authority":"MKGP","dataSource":"raba-3000"},"geometry":{"type":"Polygon","coordinates":[[[13.930129244324785,46.30866761356906],[13.930676371715347,46.30863278907666],[13.931445506500202,46.307962783235986],[13.930840961580532,46.3079828503065],[13.930129244324785,46.30866761356906]]]}},{"type":"Feature","properties":{"_zoneType":"SI_BUILT","name":"Pozidano zemljišče","authority":"MKGP","dataSource":"raba-3000"},"geometry":{"type":"Polygon","coordinates":[[[13.930541900070741,46.37487970665118],[13.929079355104683,46.37453621777935],[13.927227046745129,46.3750524742304],[13.927535162916756,46.37575285047083],[13.930541900070741,46.37487970665118]]]}},{"type":"Feature","properties":{"_zoneType":"SI_BUILT","name":"Pozidano zemljišče","authority":"MKGP","dataSource":"raba-3000"},"geometry":{"type":"Polygon","coordinates":[[[13.931682320513868,46.31169331943462],[13.931364185594374,46.31146044177524],[13.931434064927506,46.311837372420044],[13.931682320513868,46.31169331943462]]]}},{"type":"Feature","properties":{"_zoneType":"SI_BUILT","name":"Pozidano zemljišče","authority":"MKGP","dataSource":"raba-3000"},"geometry":{"type":"Polygon","coordinates":[[[13.931791743436632,46.243771460506025],[13.931209756414956,46.2436723427088],[13.93152968448734,46.24410561986301],[13.931791743436632,46.243771460506025]]]}},{"type":"Feature","properties":{"_zoneType":"SI_BUILT","name":"Pozidano zemljišče","authority":"MKGP","dataSource":"raba-3000"},"geometry":{"type":"Polygon","coordinates":[[[13.931258977129142,46.26735092369748],[13.930993633434106,46.267256053907055],[13.931120166268487,46.267520907437344],[13.931258977129142,46.26735092369748]]]}},{"type":"Feature","properties":{"_zoneType":"SI_BUILT","name":"Pozidano zemljišče","authority":"MKGP","dataSource":"raba-3000"},"geometry":{"type":"Polygon","coordinates":[[[13.93177213007622,46.2309608222369],[13.93130993221022,46.23068232333321],[13.931582202273809,46.23116038068151],[13.93177213007622,46.2309608222369]]]}},{"type":"Feature","properties":{"_zoneType":"SI_BUILT","name":"Pozidano zemljišče","authority":"MKGP","dataSource":"raba-3000"},"geometry":{"type":"Polygon","coordinates":[[[13.930041697199252,46.310493294047376],[13.92990456754799,46.310323312081366],[13.929757404302313,46.31059678988332],[13.930041697199252,46.310493294047376]]]}},{"type":"Feature","properties":{"_zoneType":"SI_BUILT","name":"Pozidano zemljišče","authority":"MKGP","dataSource":"raba-3000"},"geometry":{"type":"Polygon","coordinates":[[[13.93044862437614,46.26640905659581],[13.930203756160594,46.2663012816424],[13.930313961872573,46.266543817416995],[13.93044862437614,46.26640905659581]]]}},{"type":"Feature","properties":{"_zoneType":"SI_BUILT","name":"Pozidano zemljišče","authority":"MKGP","dataSource":"raba-3000"},"geometry":{"type":"Polygon","coordinates":[[[13.929283899768977,46.30941487904933],[13.929096013720695,46.309141927720006],[13.928982546316748,46.30953410566497],[13.929283899768977,46.30941487904933]]]}},{"type":"Feature","properties":{"_zoneType":"SI_BUILT","name":"Pozidano zemljišče","authority":"MKGP","dataSource":"raba-3000"},"geometry":{"type":"Polygon","coordinates":[[[13.929382921638034,46.28417888332561],[13.929090276738048,46.28406287891453],[13.929233243470991,46.28433664460845],[13.929382921638034,46.28417888332561]]]}},{"type":"Feature","properties":{"_zoneType":"SI_BUILT","name":"Pozidano zemljišče","authority":"MKGP","dataSource":"raba-3000"},"geometry":{"type":"Polygon","coordinates":[[[13.925164409577288,46.31013251374763],[13.92744677465085,46.308217815325925],[13.925362158476172,46.307681895369676],[13.926247117048913,46.3090870827341],[13.923962951828027,46.310588327876225],[13.925063779560954,46.31130958226581],[13.925164409577288,46.31013251374763]]]}},{"type":"Feature","properties":{"_zoneType":"SI_BUILT","name":"Pozidano zemljišče","authority":"MKGP","dataSource":"raba-3000"},"geometry":{"type":"Polygon","coordinates":[[[13.928481426827519,46.30791236780479],[13.928161181020604,46.307761741991264],[13.928234476762576,46.308188497028446],[13.928481426827519,46.30791236780479]]]}},{"type":"Feature","properties":{"_zoneType":"SI_BUILT","name":"Pozidano zemljišče","authority":"MKGP","dataSource":"raba-3000"},"geometry":{"type":"Polygon","coordinates":[[[13.928853818667212,46.26619664956925],[13.928570869316099,46.26612626825109],[13.928777582072641,46.266392114539606],[13.928853818667212,46.26619664956925]]]}},{"type":"Feature","properties":{"_zoneType":"SI_BUILT","name":"Pozidano zemljišče","authority":"MKGP","dataSource":"raba-3000"},"geometry":{"type":"Polygon","coordinates":[[[13.927866608323486,46.31012796755259],[13.927366842112466,46.309601498181614],[13.926651906584581,46.310429899121225],[13.927590934959367,46.31047242175064],[13.927866608323486,46.31012796755259]]]}},{"type":"Feature","properties":{"_zoneType":"SI_BUILT","name":"Pozidano zemljišče","authority":"MKGP","dataSource":"raba-3000"},"geometry":{"type":"Polygon","coordinates":[[[13.927558478404274,46.31139353737472],[13.927322809634138,46.31127167794423],[13.927218397981065,46.3117512409141],[13.927558478404274,46.31139353737472]]]}},{"type":"Feature","properties":{"_zoneType":"SI_BUILT","name":"Pozidano zemljišče","authority":"MKGP","dataSource":"raba-3000"},"geometry":{"type":"Polygon","coordinates":[[[13.92779331274173,46.28888882665383],[13.927783248732094,46.288734160830714],[13.927465885879387,46.28888575541807],[13.92779331274173,46.28888882665383]]]}},{"type":"Feature","properties":{"_zoneType":"SI_BUILT","name":"Pozidano zemljišče","authority":"MKGP","dataSource":"raba-3000"},"geometry":{"type":"Polygon","coordinates":[[[13.92767549694402,46.26818366220784],[13.92741718999457,46.26809409842823],[13.927545796519917,46.26833373278223],[13.92767549694402,46.26818366220784]]]}},{"type":"Feature","properties":{"_zoneType":"SI_BUILT","name":"Pozidano zemljišče","authority":"MKGP","dataSource":"raba-3000"},"geometry":{"type":"Polygon","coordinates":[[[13.919729193724713,46.26109054933353],[13.92,46.26127896393004],[13.92,46.26034661462818],[13.919729193724713,46.26109054933353]]]}},{"type":"Feature","properties":{"_zoneType":"SI_BUILT","name":"Pozidano zemljišče","authority":"MKGP","dataSource":"raba-3000"},"geometry":{"type":"Polygon","coordinates":[[[13.927602373179875,46.26198665350157],[13.926185422220138,46.26098239645901],[13.924720908033244,46.26178719147702],[13.92112635809802,46.26137454774456],[13.920288254153022,46.25971078095359],[13.92284274973188,46.25861865961026],[13.920942211050491,46.25775825695633],[13.92,46.26034661462818],[13.92,46.26127896393004],[13.921141560313123,46.26207320928331],[13.927602373179875,46.26198665350157]]]}},{"type":"Feature","properties":{"_zoneType":"SI_BUILT","name":"Pozidano zemljišče","authority":"MKGP","dataSource":"raba-3000"},"geometry":{"type":"Polygon","coordinates":[[[13.92358605863442,46.218271473749134],[13.927804281201757,46.21868450731119],[13.924496670022199,46.21702008472552],[13.925920938528606,46.21642759967335],[13.922911967093553,46.21612037816481],[13.925041959386395,46.21779519038075],[13.92358605863442,46.218271473749134]]]}},{"type":"Feature","properties":{"_zoneType":"SI_BUILT","name":"Pozidano zemljišče","authority":"MKGP","dataSource":"raba-3000"},"geometry":{"type":"Polygon","coordinates":[[[13.925791157336372,46.26956888771708],[13.925533859456014,46.26949460236561],[13.925702739043775,46.26974138180849],[13.925791157336372,46.26956888771708]]]}},{"type":"Feature","properties":{"_zoneType":"SI_BUILT","name":"Pozidano zemljišče","authority":"MKGP","dataSource":"raba-3000"},"geometry":{"type":"Polygon","coordinates":[[[13.926767514375122,46.27012467231124],[13.926665886793383,46.27001393896767],[13.926515710041343,46.27026926008891],[13.926767514375122,46.27012467231124]]]}},{"type":"Feature","properties":{"_zoneType":"SI_BUILT","name":"Pozidano zemljišče","authority":"MKGP","dataSource":"raba-3000"},"geometry":{"type":"Polygon","coordinates":[[[13.923382307270309,46.30549626042467],[13.923483095917272,46.305675994638335],[13.9237220248209,46.305408660126005],[13.923382307270309,46.30549626042467]]]}},{"type":"Feature","properties":{"_zoneType":"SI_BUILT","name":"Pozidano zemljišče","authority":"MKGP","dataSource":"raba-3000"},"geometry":{"type":"Polygon","coordinates":[[[13.92569355646925,46.30586482148301],[13.925583748977058,46.30565843779283],[13.924466012041588,46.30567500714353],[13.925392719133846,46.30594904530214],[13.92569355646925,46.30586482148301]]]}},{"type":"Feature","properties":{"_zoneType":"SI_BUILT","name":"Pozidano zemljišče","authority":"MKGP","dataSource":"raba-3000"},"geometry":{"type":"Polygon","coordinates":[[[13.92640923031936,46.26791976816633],[13.926150915779177,46.267830290445175],[13.926292704468512,46.268061045941124],[13.92640923031936,46.26791976816633]]]}},{"type":"Feature","properties":{"_zoneType":"SI_BUILT","name":"Pozidano zemljišče","authority":"MKGP","dataSource":"raba-3000"},"geometry":{"type":"Polygon","coordinates":[[[13.909634420566238,46.388050617066504],[13.91303018163532,46.38913335829503],[13.916195810684222,46.39156445092069],[13.917260194498501,46.39456861037446],[13.91608547780833,46.39104859131905],[13.913183532234266,46.388901952118324],[13.90954405748226,46.387728287168805],[13.906957832531578,46.38531432773409],[13.90760866436602,46.38687062682485],[13.909634420566238,46.388050617066504]]]}},{"type":"Feature","properties":{"_zoneType":"SI_BUILT","name":"Pozidano zemljišče","authority":"MKGP","dataSource":"raba-3000"},"geometry":{"type":"Polygon","coordinates":[[[13.920652712393794,46.309176023869504],[13.920381425991451,46.30903503743792],[13.920451320299174,46.3093331741444],[13.920652712393794,46.309176023869504]]]}},{"type":"Feature","properties":{"_zoneType":"SI_BUILT","name":"Pozidano zemljišče","authority":"MKGP","dataSource":"raba-3000"},"geometry":{"type":"Polygon","coordinates":[[[13.921281621170962,46.30808319656454],[13.92060308476767,46.308166395414],[13.921162780271366,46.30841915705866],[13.921281621170962,46.30808319656454]]]}},{"type":"Feature","properties":{"_zoneType":"SI_BUILT","name":"Pozidano zemljišče","authority":"MKGP","dataSource":"raba-3000"},"geometry":{"type":"Polygon","coordinates":[[[13.924399831017837,46.307613499881874],[13.922113555105971,46.30664173481176],[13.921393609171565,46.3079979985086],[13.92338853318671,46.30819793038831],[13.924399831017837,46.307613499881874]]]}},{"type":"Feature","properties":{"_zoneType":"SI_BUILT","name":"Pozidano zemljišče","authority":"MKGP","dataSource":"raba-3000"},"geometry":{"type":"Polygon","coordinates":[[[13.9241250447132,46.30373128373526],[13.923934003824428,46.30359139431213],[13.923995108611402,46.30384162282306],[13.9241250447132,46.30373128373526]]]}},{"type":"Feature","properties":{"_zoneType":"SI_BUILT","name":"Pozidano zemljišče","authority":"MKGP","dataSource":"raba-3000"},"geometry":{"type":"Polygon","coordinates":[[[13.92291605078599,46.30971630878567],[13.92249244245034,46.30941991280082],[13.92269440483491,46.31003300923529],[13.92291605078599,46.30971630878567]]]}},{"type":"Feature","properties":{"_zoneType":"SI_BUILT","name":"Pozidano zemljišče","authority":"MKGP","dataSource":"raba-3000"},"geometry":{"type":"Polygon","coordinates":[[[13.92236532578642,46.31678775513611],[13.922594074226355,46.3169009076339],[13.922504234345569,46.316650039821134],[13.92236532578642,46.31678775513611]]]}},{"type":"Feature","properties":{"_zoneType":"SI_BUILT","name":"Pozidano zemljišče","authority":"MKGP","dataSource":"raba-3000"},"geometry":{"type":"Polygon","coordinates":[[[13.92308056953813,46.27106499883555],[13.923333787662488,46.27116488426922],[13.92320714955793,46.27091611906549],[13.92308056953813,46.27106499883555]]]}},{"type":"Feature","properties":{"_zoneType":"SI_BUILT","name":"Pozidano zemljišče","authority":"MKGP","dataSource":"raba-3000"},"geometry":{"type":"Polygon","coordinates":[[[13.919565292209343,46.35456258542114],[13.917690577566683,46.35497158452237],[13.92,46.35627378970077],[13.92,46.35465930960191],[13.919565292209343,46.35456258542114]]]}},{"type":"Feature","properties":{"_zoneType":"SI_BUILT","name":"Pozidano zemljišče","authority":"MKGP","dataSource":"raba-3000"},"geometry":{"type":"Polygon","coordinates":[[[13.921392582771478,46.35496916470599],[13.92,46.35465930960191],[13.92,46.35627378970077],[13.920506629843096,46.35655946112913],[13.921392582771478,46.35496916470599]]]}},{"type":"Feature","properties":{"_zoneType":"SI_BUILT","name":"Pozidano zemljišče","authority":"MKGP","dataSource":"raba-3000"},"geometry":{"type":"Polygon","coordinates":[[[13.922598073096156,46.23785939527642],[13.922277023792134,46.237789972534124],[13.922502964178506,46.238015640508706],[13.922598073096156,46.23785939527642]]]}},{"type":"Feature","properties":{"_zoneType":"SI_BUILT","name":"Pozidano zemljišče","authority":"MKGP","dataSource":"raba-3000"},"geometry":{"type":"Polygon","coordinates":[[[13.921434795621387,46.27008469739201],[13.92146223077616,46.269913799566446],[13.921131507845642,46.27005859179368],[13.921434795621387,46.27008469739201]]]}},{"type":"Feature","properties":{"_zoneType":"SI_BUILT","name":"Pozidano zemljišče","authority":"MKGP","dataSource":"raba-3000"},"geometry":{"type":"Polygon","coordinates":[[[13.919846153425805,46.28356837004402],[13.917635474861592,46.281952496403825],[13.916255959104543,46.28205593269048],[13.917414486492355,46.28214258068041],[13.919846153425805,46.28356837004402]]]}},{"type":"Feature","properties":{"_zoneType":"SI_BUILT","name":"Pozidano zemljišče","authority":"MKGP","dataSource":"raba-3000"},"geometry":{"type":"Polygon","coordinates":[[[13.92062164059706,46.28382223397113],[13.920467242955592,46.28368522133247],[13.920389158685037,46.28396513560384],[13.92062164059706,46.28382223397113]]]}},{"type":"Feature","properties":{"_zoneType":"SI_BUILT","name":"Pozidano zemljišče","authority":"MKGP","dataSource":"raba-3000"},"geometry":{"type":"Polygon","coordinates":[[[13.920928283538482,46.26680591012247],[13.92065800401022,46.26673150037831],[13.920840207752475,46.26696040919378],[13.920928283538482,46.26680591012247]]]}},{"type":"Feature","properties":{"_zoneType":"SI_BUILT","name":"Pozidano zemljišče","authority":"MKGP","dataSource":"raba-3000"},"geometry":{"type":"Polygon","coordinates":[[[13.920701642893764,46.26322936376687],[13.920452601255255,46.263134667315576],[13.920576581624875,46.263390959380786],[13.920701642893764,46.26322936376687]]]}},{"type":"Feature","properties":{"_zoneType":"SI_BUILT","name":"Pozidano zemljišče","authority":"MKGP","dataSource":"raba-3000"},"geometry":{"type":"Polygon","coordinates":[[[13.917884602778406,46.26946257844986],[13.918024571607544,46.26959827691405],[13.91810581943721,46.26934896763397],[13.917884602778406,46.26946257844986]]]}},{"type":"Feature","properties":{"_zoneType":"SI_BUILT","name":"Pozidano zemljišče","authority":"MKGP","dataSource":"raba-3000"},"geometry":{"type":"Polygon","coordinates":[[[13.916127754813791,46.35191333422401],[13.914410680116541,46.35045266497674],[13.914739696989857,46.35263564218774],[13.916127754813791,46.35191333422401]]]}},{"type":"Feature","properties":{"_zoneType":"SI_BUILT","name":"Pozidano zemljišče","authority":"MKGP","dataSource":"raba-3000"},"geometry":{"type":"Polygon","coordinates":[[[13.914934306854343,46.28010608896524],[13.914615149868478,46.28005628770055],[13.914921709728455,46.28080793788387],[13.914934306854343,46.28010608896524]]]}},{"type":"Feature","properties":{"_zoneType":"SI_BUILT","name":"Pozidano zemljišče","authority":"MKGP","dataSource":"raba-3000"},"geometry":{"type":"Polygon","coordinates":[[[13.912926167943127,46.28143331621537],[13.912007245406159,46.281395343484455],[13.91292771813989,46.28193086016392],[13.912926167943127,46.28143331621537]]]}},{"type":"Feature","properties":{"_zoneType":"SI_BUILT","name":"Pozidano zemljišče","authority":"MKGP","dataSource":"raba-3000"},"geometry":{"type":"Polygon","coordinates":[[[13.913239247663283,46.22349155159286],[13.913386869575266,46.22365403618089],[13.913588327414557,46.223329117897684],[13.913239247663283,46.22349155159286]]]}},{"type":"Feature","properties":{"_zoneType":"SI_BUILT","name":"Pozidano zemljišče","authority":"MKGP","dataSource":"raba-3000"},"geometry":{"type":"Polygon","coordinates":[[[13.910001629208562,46.354047795989985],[13.909756821334176,46.353913525348965],[13.909885618686713,46.354153165684856],[13.910001629208562,46.354047795989985]]]}},{"type":"Feature","properties":{"_zoneType":"SI_BUILT","name":"Pozidano zemljišče","authority":"MKGP","dataSource":"raba-3000"},"geometry":{"type":"Polygon","coordinates":[[[13.91064841503474,46.28223046914217],[13.90895374029383,46.28208905689538],[13.907704548805174,46.283039609690796],[13.91064841503474,46.28223046914217]]]}},{"type":"Feature","properties":{"_zoneType":"SI_BUILT","name":"Pozidano zemljišče","authority":"MKGP","dataSource":"raba-3000"},"geometry":{"type":"Polygon","coordinates":[[[13.90955227602172,46.28359590144927],[13.909674999077698,46.28341447231041],[13.909252936275982,46.283498409820076],[13.90955227602172,46.28359590144927]]]}},{"type":"Feature","properties":{"_zoneType":"SI_BUILT","name":"Pozidano zemljišče","authority":"MKGP","dataSource":"raba-3000"},"geometry":{"type":"Polygon","coordinates":[[[13.906505755422911,46.384038422320096],[13.90635512750254,46.383879601045784],[13.906190748325155,46.38418420108562],[13.906505755422911,46.384038422320096]]]}},{"type":"Feature","properties":{"_zoneType":"SI_BUILT","name":"Pozidano zemljišče","authority":"MKGP","dataSource":"raba-3000"},"geometry":{"type":"Polygon","coordinates":[[[13.90542465320394,46.38490769550292],[13.904767714842363,46.3850045345984],[13.905382146483932,46.385074808135755],[13.90542465320394,46.38490769550292]]]}},{"type":"Feature","properties":{"_zoneType":"SI_BUILT","name":"Pozidano zemljišče","authority":"MKGP","dataSource":"raba-3000"},"geometry":{"type":"Polygon","coordinates":[[[13.904954872655471,46.33937516360073],[13.904662989156272,46.33786279386847],[13.90437952830853,46.33877039489307],[13.904954872655471,46.33937516360073]]]}},{"type":"Feature","properties":{"_zoneType":"SI_BUILT","name":"Pozidano zemljišče","authority":"MKGP","dataSource":"raba-3000"},"geometry":{"type":"Polygon","coordinates":[[[13.905406599600667,46.2775867381849],[13.905147556666579,46.27749465580371],[13.904992586172556,46.27787006247077],[13.905406599600667,46.2775867381849]]]}},{"type":"Feature","properties":{"_zoneType":"SI_BUILT","name":"Pozidano zemljišče","authority":"MKGP","dataSource":"raba-3000"},"geometry":{"type":"Polygon","coordinates":[[[13.904829364759749,46.28],[13.905028025535152,46.28],[13.90495153423074,46.279848758988564],[13.904829364759749,46.28]]]}},{"type":"Feature","properties":{"_zoneType":"SI_BUILT","name":"Pozidano zemljišče","authority":"MKGP","dataSource":"raba-3000"},"geometry":{"type":"Polygon","coordinates":[[[13.904817880938277,46.280014216520385],[13.905075443838074,46.28009375695904],[13.905028025535152,46.28],[13.904829364759749,46.28],[13.904817880938277,46.280014216520385]]]}},{"type":"Feature","properties":{"_zoneType":"SI_BUILT","name":"Pozidano zemljišče","authority":"MKGP","dataSource":"raba-3000"},"geometry":{"type":"Polygon","coordinates":[[[13.903735992448597,46.28717656614145],[13.904008093254383,46.287263247219066],[13.90388064564801,46.28700591234499],[13.903735992448597,46.28717656614145]]]}},{"type":"Feature","properties":{"_zoneType":"SI_BUILT","name":"Pozidano zemljišče","authority":"MKGP","dataSource":"raba-3000"},"geometry":{"type":"Polygon","coordinates":[[[13.902311272019011,46.33730104413109],[13.90284447205438,46.33703939605326],[13.902282460582645,46.33719325908438],[13.902311272019011,46.33730104413109]]]}},{"type":"Feature","properties":{"_zoneType":"SI_BUILT","name":"Pozidano zemljišče","authority":"MKGP","dataSource":"raba-3000"},"geometry":{"type":"Polygon","coordinates":[[[13.901968511304501,46.32842015072991],[13.901646229276874,46.32742218821778],[13.902936089738125,46.32636818040278],[13.898650724469084,46.32741352768027],[13.89918878161872,46.32814769646132],[13.896699486063996,46.329178358691415],[13.900370189459906,46.32787405175122],[13.901968511304501,46.32842015072991]]]}},{"type":"Feature","properties":{"_zoneType":"SI_BUILT","name":"Pozidano zemljišče","authority":"MKGP","dataSource":"raba-3000"},"geometry":{"type":"Polygon","coordinates":[[[13.902708671615429,46.278429528637126],[13.902929799791444,46.278548364118876],[13.902875736583686,46.27829776538139],[13.902708671615429,46.278429528637126]]]}},{"type":"Feature","properties":{"_zoneType":"SI_BUILT","name":"Pozidano zemljišče","authority":"MKGP","dataSource":"raba-3000"},"geometry":{"type":"Polygon","coordinates":[[[13.901836945923906,46.330057155025465],[13.901585012050061,46.3299432082584],[13.901648742503426,46.33021633091299],[13.901836945923906,46.330057155025465]]]}},{"type":"Feature","properties":{"_zoneType":"SI_BUILT","name":"Pozidano zemljišče","authority":"MKGP","dataSource":"raba-3000"},"geometry":{"type":"Polygon","coordinates":[[[13.902407088090428,46.27682398746283],[13.902140997090859,46.27672256792221],[13.9022926040008,46.27696955500258],[13.902407088090428,46.27682398746283]]]}},{"type":"Feature","properties":{"_zoneType":"SI_BUILT","name":"Pozidano zemljišče","authority":"MKGP","dataSource":"raba-3000"},"geometry":{"type":"Polygon","coordinates":[[[13.899911271926156,46.3447166694402],[13.898017402768945,46.34531724247526],[13.89667392185851,46.34454085834914],[13.897012744673564,46.3465639225429],[13.899911271926156,46.3447166694402]]]}},{"type":"Feature","properties":{"_zoneType":"SI_BUILT","name":"Pozidano zemljišče","authority":"MKGP","dataSource":"raba-3000"},"geometry":{"type":"Polygon","coordinates":[[[13.90072757798148,46.28114554349784],[13.900702846747835,46.2809839615064],[13.900411221226685,46.28117741111124],[13.90072757798148,46.28114554349784]]]}},{"type":"Feature","properties":{"_zoneType":"SI_BUILT","name":"Pozidano zemljišče","authority":"MKGP","dataSource":"raba-3000"},"geometry":{"type":"Polygon","coordinates":[[[13.89978063014818,46.319274479635546],[13.899744085986418,46.31857262476969],[13.89947626156569,46.31925258713161],[13.89978063014818,46.319274479635546]]]}},{"type":"Feature","properties":{"_zoneType":"SI_BUILT","name":"Pozidano zemljišče","authority":"MKGP","dataSource":"raba-3000"},"geometry":{"type":"Polygon","coordinates":[[[13.89878253044878,46.330729419804335],[13.898238813684518,46.329790228356686],[13.89760159361062,46.330613230322584],[13.89878253044878,46.330729419804335]]]}},{"type":"Feature","properties":{"_zoneType":"SI_BUILT","name":"Pozidano zemljišče","authority":"MKGP","dataSource":"raba-3000"},"geometry":{"type":"Polygon","coordinates":[[[13.899451627144105,46.33106931060049],[13.899388188515465,46.33087277677296],[13.899066466651872,46.33111896932497],[13.899451627144105,46.33106931060049]]]}},{"type":"Feature","properties":{"_zoneType":"SI_BUILT","name":"Pozidano zemljišče","authority":"MKGP","dataSource":"raba-3000"},"geometry":{"type":"Polygon","coordinates":[[[13.899993786632132,46.28287025219008],[13.899712414690965,46.2827771057701],[13.899871198098383,46.28303220117899],[13.899993786632132,46.28287025219008]]]}},{"type":"Feature","properties":{"_zoneType":"SI_BUILT","name":"Pozidano zemljišče","authority":"MKGP","dataSource":"raba-3000"},"geometry":{"type":"Polygon","coordinates":[[[13.899133422363644,46.32470247591793],[13.89882721980224,46.324629036388146],[13.89901893090706,46.32487253101794],[13.899133422363644,46.32470247591793]]]}},{"type":"Feature","properties":{"_zoneType":"SI_BUILT","name":"Pozidano zemljišče","authority":"MKGP","dataSource":"raba-3000"},"geometry":{"type":"Polygon","coordinates":[[[13.897902006108918,46.34968189071075],[13.896889228314686,46.348746870103454],[13.897468543201128,46.34752897347887],[13.895970311460287,46.34832791680208],[13.897005941910153,46.34980957577946],[13.897902006108918,46.34968189071075]]]}},{"type":"Feature","properties":{"_zoneType":"SI_BUILT","name":"Pozidano zemljišče","authority":"MKGP","dataSource":"raba-3000"},"geometry":{"type":"Polygon","coordinates":[[[13.898050854567428,46.33419378311237],[13.897922264092816,46.33338536524333],[13.89769874089585,46.334174315658565],[13.898050854567428,46.33419378311237]]]}},{"type":"Feature","properties":{"_zoneType":"SI_BUILT","name":"Pozidano zemljišče","authority":"MKGP","dataSource":"raba-3000"},"geometry":{"type":"Polygon","coordinates":[[[13.897643243542385,46.325556351370395],[13.89732269046711,46.32552070056951],[13.897588268969043,46.32573347540153],[13.897643243542385,46.325556351370395]]]}},{"type":"Feature","properties":{"_zoneType":"SI_BUILT","name":"Pozidano zemljišče","authority":"MKGP","dataSource":"raba-3000"},"geometry":{"type":"Polygon","coordinates":[[[13.89833713071175,46.243149218807545],[13.898057406610922,46.243055788201275],[13.898208478302651,46.24331204530324],[13.89833713071175,46.243149218807545]]]}},{"type":"Feature","properties":{"_zoneType":"SI_BUILT","name":"Pozidano zemljišče","authority":"MKGP","dataSource":"raba-3000"},"geometry":{"type":"Polygon","coordinates":[[[13.896760575941366,46.30806469983333],[13.89586364589861,46.30832764193088],[13.895713138269034,46.30895104348573],[13.896187883506807,46.30841440799848],[13.896760575941366,46.30806469983333]]]}},{"type":"Feature","properties":{"_zoneType":"SI_BUILT","name":"Pozidano zemljišče","authority":"MKGP","dataSource":"raba-3000"},"geometry":{"type":"Polygon","coordinates":[[[13.896862770418938,46.28283510258163],[13.89659877768685,46.28273234377351],[13.896735902583655,46.28297998306509],[13.896862770418938,46.28283510258163]]]}},{"type":"Feature","properties":{"_zoneType":"SI_BUILT","name":"Pozidano zemljišče","authority":"MKGP","dataSource":"raba-3000"},"geometry":{"type":"Polygon","coordinates":[[[13.895656624618121,46.333904527849064],[13.895221467514801,46.33342901790983],[13.894992297348384,46.33398095609473],[13.895656624618121,46.333904527849064]]]}},{"type":"Feature","properties":{"_zoneType":"SI_BUILT","name":"Pozidano zemljišče","authority":"MKGP","dataSource":"raba-3000"},"geometry":{"type":"Polygon","coordinates":[[[13.89301657791911,46.33562836268976],[13.892700333457054,46.33554422620174],[13.892886280838667,46.335801526198395],[13.89301657791911,46.33562836268976]]]}},{"type":"Feature","properties":{"_zoneType":"SI_BUILT","name":"Pozidano zemljišče","authority":"MKGP","dataSource":"raba-3000"},"geometry":{"type":"Polygon","coordinates":[[[13.893549086644548,46.23729487769939],[13.892844566818367,46.23692006017282],[13.893278524946744,46.237397554377466],[13.893549086644548,46.23729487769939]]]}},{"type":"Feature","properties":{"_zoneType":"SI_BUILT","name":"Pozidano zemljišče","authority":"MKGP","dataSource":"raba-3000"},"geometry":{"type":"Polygon","coordinates":[[[13.888184886441987,46.32223003834165],[13.888318438348595,46.32239572488732],[13.888459106816546,46.32212498968585],[13.888184886441987,46.32223003834165]]]}},{"type":"Feature","properties":{"_zoneType":"SI_BUILT","name":"Pozidano zemljišče","authority":"MKGP","dataSource":"raba-3000"},"geometry":{"type":"Polygon","coordinates":[[[13.888555308018743,46.323630249643955],[13.888393465094543,46.323430040159806],[13.888161947860713,46.32384130248183],[13.888555308018743,46.323630249643955]]]}},{"type":"Feature","properties":{"_zoneType":"SI_BUILT","name":"Pozidano zemljišče","authority":"MKGP","dataSource":"raba-3000"},"geometry":{"type":"Polygon","coordinates":[[[13.88,46.32791883662495],[13.88,46.327187472077945],[13.878864877388295,46.32831848880579],[13.877897905866613,46.32807074740985],[13.878219137980215,46.32875470236367],[13.876486859761066,46.329981072705664],[13.8784600364327,46.32969768838184],[13.88,46.32791883662495]]]}},{"type":"Feature","properties":{"_zoneType":"SI_BUILT","name":"Pozidano zemljišče","authority":"MKGP","dataSource":"raba-3000"},"geometry":{"type":"Polygon","coordinates":[[[13.886783316346133,46.31946277566525],[13.888254206369902,46.31900382668134],[13.886541933395296,46.318792850864455],[13.885255246329963,46.32],[13.886844194832314,46.32],[13.886783316346133,46.31946277566525]]]}},{"type":"Feature","properties":{"_zoneType":"SI_BUILT","name":"Pozidano zemljišče","authority":"MKGP","dataSource":"raba-3000"},"geometry":{"type":"Polygon","coordinates":[[[13.88325699114304,46.31886483261238],[13.882431421498852,46.31699260043717],[13.883358174460637,46.3159375805509],[13.881991627457431,46.31434993681302],[13.883994192277314,46.31413499011616],[13.882135327450564,46.31380411378924],[13.883116356247953,46.312661507209],[13.881706112273411,46.3114053285373],[13.882731520226145,46.31039237990719],[13.882237089879535,46.30940499482986],[13.880475833219812,46.313585456117956],[13.882162041270936,46.315569594468336],[13.882126621711327,46.3174013329518],[13.883133126194927,46.319281786175935],[13.882974271091816,46.32],[13.884683730568005,46.32],[13.88325699114304,46.31886483261238]]]}},{"type":"Feature","properties":{"_zoneType":"SI_BUILT","name":"Pozidano zemljišče","authority":"MKGP","dataSource":"raba-3000"},"geometry":{"type":"Polygon","coordinates":[[[13.881012374853418,46.32674941624068],[13.88323932290939,46.326537828711224],[13.883583523620175,46.32493384773886],[13.884924411249042,46.324342599806116],[13.884459300010437,46.32368410405585],[13.887097840034821,46.322238300978356],[13.886844194832314,46.32],[13.885255246329963,46.32],[13.884992982083931,46.320246052102654],[13.884683730568005,46.32],[13.882974271091816,46.32],[13.882397761199297,46.32260650974636],[13.883591968533047,46.323579149120285],[13.882609718453326,46.32575792804929],[13.880466554087178,46.326722605576656],[13.88,46.327187472077945],[13.88,46.32791883662495],[13.881012374853418,46.32674941624068]],[[13.886661364854024,46.32099727487008],[13.885943092463403,46.32096810615308],[13.886680343620414,46.32041066743418],[13.886661364854024,46.32099727487008]],[[13.885666709416888,46.32131918236516],[13.884759395487894,46.32301691443614],[13.88302337875345,46.32211725646204],[13.88361159129937,46.32014184680011],[13.885666709416888,46.32131918236516]]]}},{"type":"Feature","properties":{"_zoneType":"SI_BUILT","name":"Pozidano zemljišče","authority":"MKGP","dataSource":"raba-3000"},"geometry":{"type":"Polygon","coordinates":[[[13.882310675306082,46.327526743448765],[13.882271425603523,46.32733456081861],[13.881982995552654,46.32755398093193],[13.882310675306082,46.327526743448765]]]}},{"type":"Feature","properties":{"_zoneType":"SI_BUILT","name":"Pozidano zemljišče","authority":"MKGP","dataSource":"raba-3000"},"geometry":{"type":"Polygon","coordinates":[[[13.888147503072187,46.319910673724884],[13.888554587576058,46.319706228301],[13.88804091432812,46.319735433331694],[13.888147503072187,46.319910673724884]]]}},{"type":"Feature","properties":{"_zoneType":"SI_BUILT","name":"Pozidano zemljišče","authority":"MKGP","dataSource":"raba-3000"},"geometry":{"type":"Polygon","coordinates":[[[13.880578292940863,46.315056108266035],[13.880886661541167,46.31502193123824],[13.88051838271377,46.3148760838415],[13.880578292940863,46.315056108266035]]]}},{"type":"Feature","properties":{"_zoneType":"SI_BUILT","name":"Pozidano zemljišče","authority":"MKGP","dataSource":"raba-3000"},"geometry":{"type":"Polygon","coordinates":[[[13.887721588531088,46.33119816500555],[13.88739639044168,46.331090611351414],[13.887473749183927,46.33138236666451],[13.887721588531088,46.33119816500555]]]}},{"type":"Feature","properties":{"_zoneType":"SI_BUILT","name":"Pozidano zemljišče","authority":"MKGP","dataSource":"raba-3000"},"geometry":{"type":"Polygon","coordinates":[[[13.88599670794198,46.315885982685195],[13.886593723693418,46.315932107077806],[13.886045600119626,46.31569828120043],[13.88599670794198,46.315885982685195]]]}},{"type":"Feature","properties":{"_zoneType":"SI_BUILT","name":"Pozidano zemljišče","authority":"MKGP","dataSource":"raba-3000"},"geometry":{"type":"Polygon","coordinates":[[[13.88714117502843,46.31668617254412],[13.887266502153969,46.31642225969355],[13.886817240507243,46.316499952669],[13.88714117502843,46.31668617254412]]]}},{"type":"Feature","properties":{"_zoneType":"SI_BUILT","name":"Pozidano zemljišče","authority":"MKGP","dataSource":"raba-3000"},"geometry":{"type":"Polygon","coordinates":[[[13.887530806375123,46.31725036344059],[13.887534485191017,46.31706885045163],[13.887216288196976,46.317247302661066],[13.887530806375123,46.31725036344059]]]}},{"type":"Feature","properties":{"_zoneType":"SI_BUILT","name":"Pozidano zemljišče","authority":"MKGP","dataSource":"raba-3000"},"geometry":{"type":"Polygon","coordinates":[[[13.885241695329116,46.31464381871134],[13.884970454627513,46.31456955142564],[13.885165599014579,46.31482126009108],[13.885241695329116,46.31464381871134]]]}},{"type":"Feature","properties":{"_zoneType":"SI_BUILT","name":"Pozidano zemljišče","authority":"MKGP","dataSource":"raba-3000"},"geometry":{"type":"Polygon","coordinates":[[[13.886473736088243,46.314835108872806],[13.886279447936214,46.314673764076694],[13.886246613599445,46.31495064616751],[13.886473736088243,46.314835108872806]]]}},{"type":"Feature","properties":{"_zoneType":"SI_BUILT","name":"Pozidano zemljišče","authority":"MKGP","dataSource":"raba-3000"},"geometry":{"type":"Polygon","coordinates":[[[13.887617292655982,46.253744937882594],[13.887350050234215,46.253524905709],[13.88734303971033,46.253906255064244],[13.887617292655982,46.253744937882594]]]}},{"type":"Feature","properties":{"_zoneType":"SI_BUILT","name":"Pozidano zemljišče","authority":"MKGP","dataSource":"raba-3000"},"geometry":{"type":"Polygon","coordinates":[[[13.885388368119894,46.325354062697635],[13.885144922314586,46.32521142861095],[13.8851685050982,46.32551752613602],[13.885388368119894,46.325354062697635]]]}},{"type":"Feature","properties":{"_zoneType":"SI_BUILT","name":"Pozidano zemljišče","authority":"MKGP","dataSource":"raba-3000"},"geometry":{"type":"Polygon","coordinates":[[[13.88428798459046,46.316017906623564],[13.884341699510049,46.31623250343353],[13.884612030163376,46.31598767500883],[13.88428798459046,46.316017906623564]]]}},{"type":"Feature","properties":{"_zoneType":"SI_BUILT","name":"Pozidano zemljišče","authority":"MKGP","dataSource":"raba-3000"},"geometry":{"type":"Polygon","coordinates":[[[13.884531239568515,46.31712086640388],[13.88397510671772,46.31695791836506],[13.884358963308296,46.3173142821849],[13.884531239568515,46.31712086640388]]]}},{"type":"Feature","properties":{"_zoneType":"SI_BUILT","name":"Pozidano zemljišče","authority":"MKGP","dataSource":"raba-3000"},"geometry":{"type":"Polygon","coordinates":[[[13.88398048915599,46.283158891133446],[13.883992849238565,46.283313042197925],[13.884306973947597,46.28314600437869],[13.88398048915599,46.283158891133446]]]}},{"type":"Feature","properties":{"_zoneType":"SI_BUILT","name":"Pozidano zemljišče","authority":"MKGP","dataSource":"raba-3000"},"geometry":{"type":"Polygon","coordinates":[[[13.883527457693924,46.29051981199094],[13.883379433347166,46.29039772514398],[13.882484767727881,46.29076164101912],[13.883527457693924,46.29051981199094]]]}},{"type":"Feature","properties":{"_zoneType":"SI_BUILT","name":"Pozidano zemljišče","authority":"MKGP","dataSource":"raba-3000"},"geometry":{"type":"Polygon","coordinates":[[[13.880687077264545,46.26901021667245],[13.880343996054721,46.26907564459356],[13.880731457983286,46.2696679586134],[13.880687077264545,46.26901021667245]]]}},{"type":"Feature","properties":{"_zoneType":"SI_BUILT","name":"Pozidano zemljišče","authority":"MKGP","dataSource":"raba-3000"},"geometry":{"type":"Polygon","coordinates":[[[13.8834525355856,46.269251616175204],[13.883244914950323,46.26905567229481],[13.88151337548832,46.26947487951595],[13.88279443496013,46.26998324416609],[13.8834525355856,46.269251616175204]]]}},{"type":"Feature","properties":{"_zoneType":"SI_BUILT","name":"Pozidano zemljišče","authority":"MKGP","dataSource":"raba-3000"},"geometry":{"type":"Polygon","coordinates":[[[13.882475580547467,46.267751122794905],[13.88262206977623,46.26790996566712],[13.882757393393932,46.26763448495551],[13.882475580547467,46.267751122794905]]]}},{"type":"Feature","properties":{"_zoneType":"SI_BUILT","name":"Pozidano zemljišče","authority":"MKGP","dataSource":"raba-3000"},"geometry":{"type":"Polygon","coordinates":[[[13.877145620845218,46.32671432452563],[13.875020791715999,46.32878061407053],[13.88,46.32594602319506],[13.88,46.32521829686808],[13.877145620845218,46.32671432452563]]]}},{"type":"Feature","properties":{"_zoneType":"SI_BUILT","name":"Pozidano zemljišče","authority":"MKGP","dataSource":"raba-3000"},"geometry":{"type":"Polygon","coordinates":[[[13.881062842979517,46.32466124315981],[13.88,46.32521829686808],[13.88,46.32594602319506],[13.880590329663281,46.32560995710149],[13.881062842979517,46.32466124315981]]]}},{"type":"Feature","properties":{"_zoneType":"SI_BUILT","name":"Pozidano zemljišče","authority":"MKGP","dataSource":"raba-3000"},"geometry":{"type":"Polygon","coordinates":[[[13.881087854931025,46.26775442547283],[13.881074103461074,46.267581496188036],[13.880758637467242,46.26775333962065],[13.881087854931025,46.26775442547283]]]}},{"type":"Feature","properties":{"_zoneType":"SI_BUILT","name":"Pozidano zemljišče","authority":"MKGP","dataSource":"raba-3000"},"geometry":{"type":"Polygon","coordinates":[[[13.879543999584477,46.304939057847065],[13.879423382195041,46.30479321427054],[13.879290872405514,46.305031087752035],[13.879543999584477,46.304939057847065]]]}},{"type":"Feature","properties":{"_zoneType":"SI_BUILT","name":"Pozidano zemljišče","authority":"MKGP","dataSource":"raba-3000"},"geometry":{"type":"Polygon","coordinates":[[[13.879740280981697,46.27115448864444],[13.879595607050886,46.27099754211248],[13.879467385736476,46.271254949293514],[13.879740280981697,46.27115448864444]]]}},{"type":"Feature","properties":{"_zoneType":"SI_BUILT","name":"Pozidano zemljišče","authority":"MKGP","dataSource":"raba-3000"},"geometry":{"type":"Polygon","coordinates":[[[13.848350487644662,46.31592073866862],[13.851344694936722,46.31430634315056],[13.84942886551482,46.309402245933235],[13.85209817501365,46.3097381566596],[13.855183558293641,46.308619526867],[13.855863772025215,46.30749690137669],[13.8624749581078,46.308094924849094],[13.863916570669703,46.309725218681294],[13.869629056901584,46.310783937000636],[13.872981211634368,46.30996406871111],[13.87122327951866,46.30913773366854],[13.872078579168313,46.30834233954163],[13.875880445204132,46.30790146465427],[13.876949006915833,46.3067681546462],[13.868820157152221,46.30901130634114],[13.869569596835106,46.309750751872016],[13.868955229925803,46.310225624522204],[13.8642007690525,46.30953465871596],[13.86268564597371,46.30782173760686],[13.857901916369142,46.30720422003455],[13.858403444702331,46.305949565206774],[13.851275292448674,46.30877257811545],[13.854141221682971,46.30691642354757],[13.85745722015193,46.3037637857653],[13.859123641499131,46.30347958858698],[13.860149201236887,46.304365732015995],[13.86213972339588,46.30396256471882],[13.862697156682671,46.302595058370436],[13.864809528081658,46.30147706186336],[13.866627065232173,46.30233221900572],[13.866834294914925,46.30166145869261],[13.864942913115225,46.30097004266831],[13.866814896316217,46.30020795380293],[13.865339635962899,46.298418906856824],[13.867572038744175,46.29681669921918],[13.866753525750402,46.296458036697395],[13.863726159379109,46.298494862569264],[13.865294827451816,46.29903056098581],[13.864548770963381,46.299577322633866],[13.865188059877775,46.30017221127669],[13.862798113923377,46.30026987432426],[13.864148220505596,46.301411662769034],[13.862028069323333,46.30206243399714],[13.862072465705587,46.303690443607174],[13.860171523765047,46.30397850005089],[13.859372727684994,46.30311711168904],[13.857375131987235,46.30348254007165],[13.853855078205074,46.306727112836434],[13.850555831856505,46.307441921033636],[13.848661502854888,46.3100219556746],[13.85099793654826,46.31408632660491],[13.849905095896677,46.314353044621335],[13.848526878652144,46.313188125987466],[13.847470826078265,46.31424009144069],[13.849183961876928,46.31516757114217],[13.847746604401433,46.31557481234953],[13.846591009717308,46.3139402708712],[13.847433000786394,46.315738122513054],[13.848350487644662,46.31592073866862]]]}},{"type":"Feature","properties":{"_zoneType":"SI_BUILT","name":"Pozidano zemljišče","authority":"MKGP","dataSource":"raba-3000"},"geometry":{"type":"Polygon","coordinates":[[[13.866753181578808,46.30062806225351],[13.866465683451242,46.30101014533528],[13.867076688678935,46.30091643159929],[13.866753181578808,46.30062806225351]]]}},{"type":"Feature","properties":{"_zoneType":"SI_BUILT","name":"Pozidano zemljišče","authority":"MKGP","dataSource":"raba-3000"},"geometry":{"type":"Polygon","coordinates":[[[13.877036299214657,46.27282810815728],[13.876312748516282,46.271695130383314],[13.872887029937921,46.272786330602635],[13.876158474461288,46.27243868251585],[13.877036299214657,46.27282810815728]]]}},{"type":"Feature","properties":{"_zoneType":"SI_BUILT","name":"Pozidano zemljišče","authority":"MKGP","dataSource":"raba-3000"},"geometry":{"type":"Polygon","coordinates":[[[13.875266256318355,46.2714196426612],[13.875382449989907,46.27158667818008],[13.87554262948165,46.27132718894229],[13.875266256318355,46.2714196426612]]]}},{"type":"Feature","properties":{"_zoneType":"SI_BUILT","name":"Pozidano zemljišče","authority":"MKGP","dataSource":"raba-3000"},"geometry":{"type":"Polygon","coordinates":[[[13.874871874017852,46.29552939580614],[13.873512488653143,46.29511526475936],[13.869039468461422,46.29602667227015],[13.871200105923766,46.29639758563011],[13.874871874017852,46.29552939580614]]]}},{"type":"Feature","properties":{"_zoneType":"SI_BUILT","name":"Pozidano zemljišče","authority":"MKGP","dataSource":"raba-3000"},"geometry":{"type":"Polygon","coordinates":[[[13.869408308466308,46.29508310196278],[13.869168472393245,46.29522211648948],[13.869620117348767,46.29527852464725],[13.869408308466308,46.29508310196278]]]}},{"type":"Feature","properties":{"_zoneType":"SI_BUILT","name":"Pozidano zemljišče","authority":"MKGP","dataSource":"raba-3000"},"geometry":{"type":"Polygon","coordinates":[[[13.871987093340158,46.296742738337116],[13.871898514734838,46.29656484626104],[13.871617319033652,46.29682177667793],[13.871987093340158,46.296742738337116]]]}},{"type":"Feature","properties":{"_zoneType":"SI_BUILT","name":"Pozidano zemljišče","authority":"MKGP","dataSource":"raba-3000"},"geometry":{"type":"Polygon","coordinates":[[[13.873308095154961,46.37087059876405],[13.8730447877104,46.3707786536851],[13.87324378602774,46.370978296349165],[13.873308095154961,46.37087059876405]]]}},{"type":"Feature","properties":{"_zoneType":"SI_BUILT","name":"Pozidano zemljišče","authority":"MKGP","dataSource":"raba-3000"},"geometry":{"type":"Polygon","coordinates":[[[13.873640639083792,46.31252148503092],[13.87343264060417,46.31238854864752],[13.873447521010721,46.312657455421906],[13.873640639083792,46.31252148503092]]]}},{"type":"Feature","properties":{"_zoneType":"SI_BUILT","name":"Pozidano zemljišče","authority":"MKGP","dataSource":"raba-3000"},"geometry":{"type":"Polygon","coordinates":[[[13.870289314689005,46.366786714122355],[13.869979095244858,46.366701338686426],[13.870172640699735,46.366964117966255],[13.870289314689005,46.366786714122355]]]}},{"type":"Feature","properties":{"_zoneType":"SI_BUILT","name":"Pozidano zemljišče","authority":"MKGP","dataSource":"raba-3000"},"geometry":{"type":"Polygon","coordinates":[[[13.871662744417623,46.270959843455095],[13.87143914537524,46.27080985651401],[13.871554827707282,46.27106929204232],[13.871662744417623,46.270959843455095]]]}},{"type":"Feature","properties":{"_zoneType":"SI_BUILT","name":"Pozidano zemljišče","authority":"MKGP","dataSource":"raba-3000"},"geometry":{"type":"Polygon","coordinates":[[[13.869360957596136,46.29775406387358],[13.868805597885178,46.297380335626315],[13.868907034091606,46.29801854135463],[13.869360957596136,46.29775406387358]]]}},{"type":"Feature","properties":{"_zoneType":"SI_BUILT","name":"Pozidano zemljišče","authority":"MKGP","dataSource":"raba-3000"},"geometry":{"type":"Polygon","coordinates":[[[13.867036992259422,46.36860201445402],[13.866404823727457,46.36839915595848],[13.866805331258439,46.36886888724724],[13.867036992259422,46.36860201445402]]]}},{"type":"Feature","properties":{"_zoneType":"SI_BUILT","name":"Pozidano zemljišče","authority":"MKGP","dataSource":"raba-3000"},"geometry":{"type":"Polygon","coordinates":[[[13.867838189912785,46.36827181977597],[13.867520590766347,46.36818597679579],[13.86773538089672,46.36846274568702],[13.867838189912785,46.36827181977597]]]}},{"type":"Feature","properties":{"_zoneType":"SI_BUILT","name":"Pozidano zemljišče","authority":"MKGP","dataSource":"raba-3000"},"geometry":{"type":"Polygon","coordinates":[[[13.868648207037957,46.241205535882074],[13.868562041394254,46.241019170999124],[13.8683585402386,46.24127032233147],[13.868648207037957,46.241205535882074]]]}},{"type":"Feature","properties":{"_zoneType":"SI_BUILT","name":"Pozidano zemljišče","authority":"MKGP","dataSource":"raba-3000"},"geometry":{"type":"Polygon","coordinates":[[[13.865313209042709,46.32706111548282],[13.865199713881584,46.326898705092816],[13.864672263229448,46.32764703104786],[13.865313209042709,46.32706111548282]]]}},{"type":"Feature","properties":{"_zoneType":"SI_BUILT","name":"Pozidano zemljišče","authority":"MKGP","dataSource":"raba-3000"},"geometry":{"type":"Polygon","coordinates":[[[13.8657310818773,46.32615896276704],[13.865378424454885,46.32617146513493],[13.865743398088007,46.326313114284396],[13.8657310818773,46.32615896276704]]]}},{"type":"Feature","properties":{"_zoneType":"SI_BUILT","name":"Pozidano zemljišče","authority":"MKGP","dataSource":"raba-3000"},"geometry":{"type":"Polygon","coordinates":[[[13.865805836696724,46.32919514810174],[13.865985292714274,46.328611944666946],[13.865081386587777,46.328140076599496],[13.865283955091407,46.32881783494355],[13.865805836696724,46.32919514810174]]]}},{"type":"Feature","properties":{"_zoneType":"SI_BUILT","name":"Pozidano zemljišče","authority":"MKGP","dataSource":"raba-3000"},"geometry":{"type":"Polygon","coordinates":[[[13.865826022737714,46.29591829183844],[13.865331179861943,46.29589750786318],[13.865815954147559,46.29637645485845],[13.865826022737714,46.29591829183844]]]}},{"type":"Feature","properties":{"_zoneType":"SI_BUILT","name":"Pozidano zemljišče","authority":"MKGP","dataSource":"raba-3000"},"geometry":{"type":"Polygon","coordinates":[[[13.865197494560272,46.272294809053406],[13.865162338598411,46.27248427259044],[13.86553553832491,46.27232610066594],[13.865197494560272,46.272294809053406]]]}},{"type":"Feature","properties":{"_zoneType":"SI_BUILT","name":"Pozidano zemljišče","authority":"MKGP","dataSource":"raba-3000"},"geometry":{"type":"Polygon","coordinates":[[[13.8636239449961,46.361693806972305],[13.863377677725207,46.36160666018798],[13.86352047343497,46.361841794340876],[13.8636239449961,46.361693806972305]]]}},{"type":"Feature","properties":{"_zoneType":"SI_BUILT","name":"Pozidano zemljišče","authority":"MKGP","dataSource":"raba-3000"},"geometry":{"type":"Polygon","coordinates":[[[13.864152973473438,46.261272302032424],[13.864292051132399,46.26161656029958],[13.865285914532851,46.261909604698666],[13.864152973473438,46.261272302032424]]]}},{"type":"Feature","properties":{"_zoneType":"SI_BUILT","name":"Pozidano zemljišče","authority":"MKGP","dataSource":"raba-3000"},"geometry":{"type":"Polygon","coordinates":[[[13.86173650480505,46.35579246437237],[13.861149590710635,46.35574744507476],[13.861630026397485,46.35618371522763],[13.86173650480505,46.35579246437237]]]}},{"type":"Feature","properties":{"_zoneType":"SI_BUILT","name":"Pozidano zemljišče","authority":"MKGP","dataSource":"raba-3000"},"geometry":{"type":"Polygon","coordinates":[[[13.863247486689627,46.262982819450606],[13.862332294231196,46.26111798925099],[13.861179449754118,46.26198013097532],[13.861587658157342,46.26249806667017],[13.863247486689627,46.262982819450606]]]}},{"type":"Feature","properties":{"_zoneType":"SI_BUILT","name":"Pozidano zemljišče","authority":"MKGP","dataSource":"raba-3000"},"geometry":{"type":"Polygon","coordinates":[[[13.860526960068547,46.387512230296],[13.860141572791921,46.387097885656374],[13.860305375453931,46.38765232371377],[13.860526960068547,46.387512230296]]]}},{"type":"Feature","properties":{"_zoneType":"SI_BUILT","name":"Pozidano zemljišče","authority":"MKGP","dataSource":"raba-3000"},"geometry":{"type":"Polygon","coordinates":[[[13.8597275602783,46.26531226007883],[13.859387394438581,46.265204932896594],[13.859601482380674,46.2655071307019],[13.8597275602783,46.26531226007883]]]}},{"type":"Feature","properties":{"_zoneType":"SI_BUILT","name":"Pozidano zemljišče","authority":"MKGP","dataSource":"raba-3000"},"geometry":{"type":"Polygon","coordinates":[[[13.857968966579561,46.28769071683592],[13.857825902192255,46.28744906258789],[13.857552814975223,46.287799830789396],[13.857968966579561,46.28769071683592]]]}},{"type":"Feature","properties":{"_zoneType":"SI_BUILT","name":"Pozidano zemljišče","authority":"MKGP","dataSource":"raba-3000"},"geometry":{"type":"Polygon","coordinates":[[[13.856260065867602,46.35710566991654],[13.855794587243876,46.35650142435354],[13.85459132269927,46.3567676680004],[13.855442413116428,46.35761745908562],[13.856260065867602,46.35710566991654]]]}},{"type":"Feature","properties":{"_zoneType":"SI_BUILT","name":"Pozidano zemljišče","authority":"MKGP","dataSource":"raba-3000"},"geometry":{"type":"Polygon","coordinates":[[[13.854529569432987,46.35808012842679],[13.854886521015505,46.358222197424865],[13.854689613821554,46.35789929194981],[13.854529569432987,46.35808012842679]]]}},{"type":"Feature","properties":{"_zoneType":"SI_BUILT","name":"Pozidano zemljišče","authority":"MKGP","dataSource":"raba-3000"},"geometry":{"type":"Polygon","coordinates":[[[13.854726496203842,46.35183823298101],[13.854269425991896,46.35184290042408],[13.85390523077991,46.35256215748204],[13.854726907591955,46.35209969461626],[13.854726496203842,46.35183823298101]]]}},{"type":"Feature","properties":{"_zoneType":"SI_BUILT","name":"Pozidano zemljišče","authority":"MKGP","dataSource":"raba-3000"},"geometry":{"type":"Polygon","coordinates":[[[13.855362910702993,46.29666100677876],[13.855106252974213,46.2965853005114],[13.855259955120356,46.2968504936958],[13.855362910702993,46.29666100677876]]]}},{"type":"Feature","properties":{"_zoneType":"SI_BUILT","name":"Pozidano zemljišče","authority":"MKGP","dataSource":"raba-3000"},"geometry":{"type":"Polygon","coordinates":[[[13.855997373516567,46.241857034192996],[13.855844082986268,46.24154189832353],[13.855722362020515,46.24198019317061],[13.855997373516567,46.241857034192996]]]}},{"type":"Feature","properties":{"_zoneType":"SI_BUILT","name":"Pozidano zemljišče","authority":"MKGP","dataSource":"raba-3000"},"geometry":{"type":"Polygon","coordinates":[[[13.856421792546497,46.24107641073049],[13.856106141142321,46.24106226014224],[13.856392940058592,46.24120628242893],[13.856421792546497,46.24107641073049]]]}},{"type":"Feature","properties":{"_zoneType":"SI_BUILT","name":"Pozidano zemljišče","authority":"MKGP","dataSource":"raba-3000"},"geometry":{"type":"Polygon","coordinates":[[[13.852412614228028,46.36],[13.852555005009648,46.36],[13.85246851583813,46.3599167355932],[13.852412614228028,46.36]]]}},{"type":"Feature","properties":{"_zoneType":"SI_BUILT","name":"Pozidano zemljišče","authority":"MKGP","dataSource":"raba-3000"},"geometry":{"type":"Polygon","coordinates":[[[13.852364169200012,46.3600721579667],[13.85273453375099,46.36017283497909],[13.852555005009648,46.36],[13.852412614228028,46.36],[13.852364169200012,46.3600721579667]]]}},{"type":"Feature","properties":{"_zoneType":"SI_BUILT","name":"Pozidano zemljišče","authority":"MKGP","dataSource":"raba-3000"},"geometry":{"type":"Polygon","coordinates":[[[13.852512172162395,46.32576391241268],[13.851320215845384,46.32556257135732],[13.851611509918158,46.324461534180735],[13.849620329016748,46.324727705325614],[13.849853536941794,46.326350810423115],[13.852512172162395,46.32576391241268]]]}},{"type":"Feature","properties":{"_zoneType":"SI_BUILT","name":"Pozidano zemljišče","authority":"MKGP","dataSource":"raba-3000"},"geometry":{"type":"Polygon","coordinates":[[[13.853872677663333,46.2391614175199],[13.853218572620376,46.23875570918086],[13.853527698562488,46.2393470742634],[13.853872677663333,46.2391614175199]]]}},{"type":"Feature","properties":{"_zoneType":"SI_BUILT","name":"Pozidano zemljišče","authority":"MKGP","dataSource":"raba-3000"},"geometry":{"type":"Polygon","coordinates":[[[13.850974713817438,46.32235012918507],[13.850978514180566,46.32216861864802],[13.85063420312204,46.3223467065433],[13.850974713817438,46.32235012918507]]]}},{"type":"Feature","properties":{"_zoneType":"SI_BUILT","name":"Pozidano zemljišče","authority":"MKGP","dataSource":"raba-3000"},"geometry":{"type":"Polygon","coordinates":[[[13.849457427248401,46.379080045999906],[13.848856625646489,46.378688411287904],[13.848592524138553,46.379211707862474],[13.849457427248401,46.379080045999906]]]}},{"type":"Feature","properties":{"_zoneType":"SI_BUILT","name":"Pozidano zemljišče","authority":"MKGP","dataSource":"raba-3000"},"geometry":{"type":"Polygon","coordinates":[[[13.846527148863714,46.37129663032555],[13.846406378826646,46.37118388033609],[13.845855670616414,46.37169681480524],[13.846527148863714,46.37129663032555]]]}},{"type":"Feature","properties":{"_zoneType":"SI_BUILT","name":"Pozidano zemljišče","authority":"MKGP","dataSource":"raba-3000"},"geometry":{"type":"Polygon","coordinates":[[[13.848152405337332,46.28230442902357],[13.848206651770539,46.28213520064672],[13.847839634955545,46.282264718144305],[13.848152405337332,46.28230442902357]]]}},{"type":"Feature","properties":{"_zoneType":"SI_BUILT","name":"Pozidano zemljišče","authority":"MKGP","dataSource":"raba-3000"},"geometry":{"type":"Polygon","coordinates":[[[13.846172221321465,46.34999718363975],[13.846160566398598,46.34935253093805],[13.845017588514976,46.349308468957574],[13.845294739435024,46.3500949773884],[13.846172221321465,46.34999718363975]]]}},{"type":"Feature","properties":{"_zoneType":"SI_BUILT","name":"Pozidano zemljišče","authority":"MKGP","dataSource":"raba-3000"},"geometry":{"type":"Polygon","coordinates":[[[13.845213886230896,46.30162332438945],[13.844455415053933,46.30078248874174],[13.842300346299512,46.301184170763264],[13.843510369538325,46.3017221354667],[13.845213886230896,46.30162332438945]]]}},{"type":"Feature","properties":{"_zoneType":"SI_BUILT","name":"Pozidano zemljišče","authority":"MKGP","dataSource":"raba-3000"},"geometry":{"type":"Polygon","coordinates":[[[13.841797328198718,46.28685381560239],[13.841430745969216,46.286586319165444],[13.841500065637252,46.286995631888686],[13.841797328198718,46.28685381560239]]]}},{"type":"Feature","properties":{"_zoneType":"SI_BUILT","name":"Pozidano zemljišče","authority":"MKGP","dataSource":"raba-3000"},"geometry":{"type":"Polygon","coordinates":[[[13.84,46.33450002930467],[13.84,46.334350589598735],[13.839701465237601,46.33448919884737],[13.84,46.33450002930467]]]}},{"type":"Feature","properties":{"_zoneType":"SI_BUILT","name":"Pozidano zemljišče","authority":"MKGP","dataSource":"raba-3000"},"geometry":{"type":"Polygon","coordinates":[[[13.840047714378198,46.334501760320954],[13.840060666115946,46.33432242241083],[13.84,46.334350589598735],[13.84,46.33450002930467],[13.840047714378198,46.334501760320954]]]}},{"type":"Feature","properties":{"_zoneType":"SI_BUILT","name":"Pozidano zemljišče","authority":"MKGP","dataSource":"raba-3000"},"geometry":{"type":"Polygon","coordinates":[[[13.840664703690166,46.25022700182354],[13.840400085389607,46.250093967254365],[13.840113596684642,46.25042283170854],[13.840664703690166,46.25022700182354]]]}},{"type":"Feature","properties":{"_zoneType":"SI_BUILT","name":"Pozidano zemljišče","authority":"MKGP","dataSource":"raba-3000"},"geometry":{"type":"Polygon","coordinates":[[[13.836968224871978,46.24165390935031],[13.836813355999299,46.24147394122451],[13.836759580538809,46.24185088632862],[13.836968224871978,46.24165390935031]]]}},{"type":"Feature","properties":{"_zoneType":"SI_BUILT","name":"Pozidano zemljišče","authority":"MKGP","dataSource":"raba-3000"},"geometry":{"type":"Polygon","coordinates":[[[13.8223370686285,46.21548700965414],[13.824571168036933,46.21758062316283],[13.826758493173111,46.21747661306626],[13.825529161141098,46.219867218982],[13.82811408129651,46.2194540196538],[13.828617323280003,46.22082157792258],[13.82666769726286,46.22090994875153],[13.826262950163176,46.22288515811123],[13.824920406416258,46.22303297977639],[13.825555859228961,46.22416666158466],[13.829809979995941,46.224194997683206],[13.829096326037362,46.225342809849806],[13.830456782973199,46.22420661421292],[13.828405221216693,46.22332079842939],[13.825610392291773,46.22365633275341],[13.82667240364192,46.22294312569351],[13.826976715472354,46.221074461290165],[13.830749914346036,46.22131384252194],[13.828749673363076,46.22039058363749],[13.828414425237819,46.21867700996544],[13.830704496453329,46.21668092388851],[13.832139006699622,46.21744608242231],[13.835448206918347,46.21607013242678],[13.832509488662083,46.21528723694973],[13.83248301101993,46.213789505910576],[13.830338525913376,46.21376758280425],[13.828323708736823,46.21619381417055],[13.831114479958504,46.214485367503414],[13.833522715282616,46.216532099387685],[13.832178552441594,46.21715792090285],[13.83088196087418,46.21613829305549],[13.827515799891035,46.218242860363425],[13.82707388894277,46.21518710548042],[13.822583911675164,46.214408778331126],[13.821417040492019,46.21554637257098],[13.822709039086481,46.21748599180912],[13.8223370686285,46.21548700965414]],[[13.82594207169642,46.216119264608245],[13.825474832358614,46.2165482337701],[13.8246886445694,46.216110881009186],[13.82527124843544,46.21557460785848],[13.82594207169642,46.216119264608245]]]}},{"type":"Feature","properties":{"_zoneType":"SI_BUILT","name":"Pozidano zemljišče","authority":"MKGP","dataSource":"raba-3000"},"geometry":{"type":"Polygon","coordinates":[[[13.83251277973519,46.30990771242752],[13.832665209759297,46.31007672563281],[13.832860831749679,46.30972587688083],[13.83251277973519,46.30990771242752]]]}},{"type":"Feature","properties":{"_zoneType":"SI_BUILT","name":"Pozidano zemljišče","authority":"MKGP","dataSource":"raba-3000"},"geometry":{"type":"Polygon","coordinates":[[[13.830542558825456,46.3169873583917],[13.830389922093643,46.316877577093656],[13.829999289940226,46.317178656622296],[13.830542558825456,46.3169873583917]]]}},{"type":"Feature","properties":{"_zoneType":"SI_BUILT","name":"Pozidano zemljišče","authority":"MKGP","dataSource":"raba-3000"},"geometry":{"type":"Polygon","coordinates":[[[13.831775568872265,46.31543212454457],[13.831499753899939,46.315485456188746],[13.83097804521365,46.3165688736804],[13.831803722377094,46.31589250980061],[13.831775568872265,46.31543212454457]]]}},{"type":"Feature","properties":{"_zoneType":"SI_BUILT","name":"Pozidano zemljišče","authority":"MKGP","dataSource":"raba-3000"},"geometry":{"type":"Polygon","coordinates":[[[13.831892343919357,46.22847171009866],[13.831690462204415,46.228195536971924],[13.83163514424456,46.22859013970677],[13.831892343919357,46.22847171009866]]]}},{"type":"Feature","properties":{"_zoneType":"SI_BUILT","name":"Pozidano zemljišče","authority":"MKGP","dataSource":"raba-3000"},"geometry":{"type":"Polygon","coordinates":[[[13.814519040507458,46.31459962996575],[13.820479056607654,46.31314425439833],[13.825977814270859,46.31012428733219],[13.828274306042307,46.3099249395975],[13.828543146931253,46.30879616815695],[13.826166912082341,46.30919919790378],[13.81992172740959,46.31310338031446],[13.811717340968556,46.31493817262313],[13.811086614536451,46.3157138306862],[13.812086618267678,46.31609596435044],[13.814519040507458,46.31459962996575]]]}},{"type":"Feature","properties":{"_zoneType":"SI_BUILT","name":"Pozidano zemljišče","authority":"MKGP","dataSource":"raba-3000"},"geometry":{"type":"Polygon","coordinates":[[[13.828437993528585,46.25840912620711],[13.827913962310395,46.25831042974286],[13.828381199347934,46.25868731387148],[13.828437993528585,46.25840912620711]]]}},{"type":"Feature","properties":{"_zoneType":"SI_BUILT","name":"Pozidano zemljišče","authority":"MKGP","dataSource":"raba-3000"},"geometry":{"type":"Polygon","coordinates":[[[13.826841745112656,46.32781790901541],[13.824169150220321,46.32824477457598],[13.826269917277493,46.32913629616674],[13.826841745112656,46.32781790901541]]]}},{"type":"Feature","properties":{"_zoneType":"SI_BUILT","name":"Pozidano zemljišče","authority":"MKGP","dataSource":"raba-3000"},"geometry":{"type":"Polygon","coordinates":[[[13.825770291019744,46.318571426111944],[13.825907093345096,46.31869272223641],[13.826047367464533,46.31838106892385],[13.825770291019744,46.318571426111944]]]}},{"type":"Feature","properties":{"_zoneType":"SI_BUILT","name":"Pozidano zemljišče","authority":"MKGP","dataSource":"raba-3000"},"geometry":{"type":"Polygon","coordinates":[[[13.825962235123786,46.28532385500074],[13.826267907374183,46.28546970679066],[13.826145247085933,46.28517310903479],[13.825962235123786,46.28532385500074]]]}},{"type":"Feature","properties":{"_zoneType":"SI_BUILT","name":"Pozidano zemljišče","authority":"MKGP","dataSource":"raba-3000"},"geometry":{"type":"Polygon","coordinates":[[[13.82531045235028,46.323124534118165],[13.82508503785065,46.32270366686153],[13.825063327855478,46.32318915734917],[13.82531045235028,46.323124534118165]]]}},{"type":"Feature","properties":{"_zoneType":"SI_BUILT","name":"Pozidano zemljišče","authority":"MKGP","dataSource":"raba-3000"},"geometry":{"type":"Polygon","coordinates":[[[13.824002364113674,46.32597811615936],[13.82376742158803,46.325928909200236],[13.822594309893146,46.32678836440075],[13.82334063607202,46.32653422769717],[13.824002364113674,46.32597811615936]]]}},{"type":"Feature","properties":{"_zoneType":"SI_BUILT","name":"Pozidano zemljišče","authority":"MKGP","dataSource":"raba-3000"},"geometry":{"type":"Polygon","coordinates":[[[13.826214406334227,46.2143448844713],[13.82597069605543,46.21426725326176],[13.826112768987286,46.214511430408315],[13.826214406334227,46.2143448844713]]]}},{"type":"Feature","properties":{"_zoneType":"SI_BUILT","name":"Pozidano zemljišče","authority":"MKGP","dataSource":"raba-3000"},"geometry":{"type":"Polygon","coordinates":[[[13.825049639450082,46.25023355135507],[13.824693998620814,46.249915820063876],[13.824696020632611,46.25039117275778],[13.825049639450082,46.25023355135507]]]}},{"type":"Feature","properties":{"_zoneType":"SI_BUILT","name":"Pozidano zemljišče","authority":"MKGP","dataSource":"raba-3000"},"geometry":{"type":"Polygon","coordinates":[[[13.822020558989939,46.391193524473806],[13.821728428404045,46.39108416825345],[13.821872589358101,46.39135815302043],[13.822020558989939,46.391193524473806]]]}},{"type":"Feature","properties":{"_zoneType":"SI_BUILT","name":"Pozidano zemljišče","authority":"MKGP","dataSource":"raba-3000"},"geometry":{"type":"Polygon","coordinates":[[[13.819746000961892,46.36471469292268],[13.819118730977848,46.364654700904346],[13.819480684409173,46.36511459422184],[13.819746000961892,46.36471469292268]]]}},{"type":"Feature","properties":{"_zoneType":"SI_BUILT","name":"Pozidano zemljišče","authority":"MKGP","dataSource":"raba-3000"},"geometry":{"type":"Polygon","coordinates":[[[13.820823340632364,46.2163582926878],[13.819178379918835,46.21595742972502],[13.81938030296033,46.21698206986209],[13.81795566817721,46.21780785216876],[13.818865358092484,46.217938575829386],[13.820823340632364,46.2163582926878]]]}},{"type":"Feature","properties":{"_zoneType":"SI_BUILT","name":"Pozidano zemljišče","authority":"MKGP","dataSource":"raba-3000"},"geometry":{"type":"Polygon","coordinates":[[[13.817873256396727,46.30594171664142],[13.81672998282902,46.30537389340645],[13.817527185411388,46.306316278600654],[13.817873256396727,46.30594171664142]]]}},{"type":"Feature","properties":{"_zoneType":"SI_BUILT","name":"Pozidano zemljišče","authority":"MKGP","dataSource":"raba-3000"},"geometry":{"type":"Polygon","coordinates":[[[13.810300464568021,46.3143252475721],[13.809797620834747,46.31425167780636],[13.81000269309885,46.31451857407895],[13.810300464568021,46.3143252475721]]]}},{"type":"Feature","properties":{"_zoneType":"SI_BUILT","name":"Pozidano zemljišče","authority":"MKGP","dataSource":"raba-3000"},"geometry":{"type":"Polygon","coordinates":[[[13.806990680394717,46.299431581799944],[13.806988314724723,46.29926997459748],[13.806652258038493,46.29945854784552],[13.806990680394717,46.299431581799944]]]}},{"type":"Feature","properties":{"_zoneType":"SI_BUILT","name":"Pozidano zemljišče","authority":"MKGP","dataSource":"raba-3000"},"geometry":{"type":"Polygon","coordinates":[[[13.80138703799056,46.30868246604441],[13.8010049773188,46.308393307468435],[13.800552740306856,46.30913750096352],[13.80138703799056,46.30868246604441]]]}},{"type":"Feature","properties":{"_zoneType":"SI_BUILT","name":"Pozidano zemljišče","authority":"MKGP","dataSource":"raba-3000"},"geometry":{"type":"Polygon","coordinates":[[[13.800922847526495,46.268257150375135],[13.800651177657324,46.268092434106045],[13.800682741356336,46.268442683264894],[13.800922847526495,46.268257150375135]]]}},{"type":"Feature","properties":{"_zoneType":"SI_BUILT","name":"Pozidano zemljišče","authority":"MKGP","dataSource":"raba-3000"},"geometry":{"type":"Polygon","coordinates":[[[13.971358907853302,46.27872123731697],[13.969646714329429,46.27873122380386],[13.968870515051842,46.28],[13.969943518173716,46.28],[13.9698886261674,46.27908466150437],[13.970745301627792,46.278882396368274],[13.97279192264627,46.28],[13.973257005620807,46.28],[13.971358907853302,46.27872123731697]]]}},{"type":"Feature","properties":{"_zoneType":"SI_BUILT","name":"Pozidano zemljišče","authority":"MKGP","dataSource":"raba-3000"},"geometry":{"type":"Polygon","coordinates":[[[13.961549637039418,46.298452610675604],[13.962239895387773,46.29766827367309],[13.963513363576173,46.298433400836],[13.964900914538573,46.29548945881989],[13.967407528528277,46.2944310617607],[13.967373731141661,46.29230336173329],[13.972623287574008,46.29358741146359],[13.974325886375446,46.29353804197235],[13.969380502978387,46.29762329399156],[13.970229268340569,46.29923563545168],[13.968265064889811,46.30123677628616],[13.968131680016029,46.302979984149935],[13.966319923840238,46.30234391499222],[13.968040125341233,46.30389838746213],[13.971538247803151,46.30402481167135],[13.971572383111758,46.306058892237395],[13.97272892861254,46.30686442610949],[13.971339906605298,46.30710448790247],[13.971191564681217,46.30869801727473],[13.96872679077432,46.30789741837694],[13.96933682871497,46.308964560916465],[13.967867099485172,46.30864730247315],[13.968034305391427,46.30997566279343],[13.969950229109298,46.30880393887124],[13.971695384985185,46.30918531027336],[13.972075041487388,46.307832041261044],[13.973466986192465,46.30744937647162],[13.97204257918688,46.3040482265442],[13.974684289721747,46.30201708215937],[13.975632238792375,46.29944269842535],[13.982375584447844,46.298879123843825],[13.982065906058214,46.301080410605856],[13.976800266277891,46.30278868699749],[13.979266541632676,46.30286845204633],[13.981633458754724,46.30164507851344],[13.982432849537387,46.30362896846924],[13.983407293140907,46.30444711747343],[13.982191807385284,46.30555043088777],[13.981627294335246,46.304084240444716],[13.979374825892613,46.30354954313651],[13.980329797420211,46.30575012060247],[13.983007670142149,46.30607956203444],[13.980054047950413,46.307316397595336],[13.979128215892127,46.30589559545959],[13.977070797485897,46.30719204562985],[13.97481317124033,46.30509003384296],[13.975395747775217,46.305918440247005],[13.97461534041107,46.306389097884974],[13.976448886927031,46.30754694887525],[13.975467713190724,46.30871611882497],[13.977850252066744,46.308597587010766],[13.977184690415728,46.31046446027022],[13.974412602463666,46.31092538854759],[13.975784782848944,46.31161137180692],[13.97544954275865,46.31239685588544],[13.972815721349324,46.31271214497278],[13.97525876155006,46.31320158339481],[13.975531065602011,46.314728400317385],[13.971962027956474,46.31494916830295],[13.9709488616178,46.313527714823444],[13.970797940108309,46.314364553115986],[13.968703918456878,46.314335861413696],[13.96827518865012,46.316068028110905],[13.965475640911176,46.31643680690417],[13.961871441645883,46.31486348764558],[13.963387346489753,46.313120569992066],[13.962317443635499,46.31303946708503],[13.961305609139613,46.31135539075974],[13.961261298013222,46.31369735493567],[13.962120291764368,46.31382824947033],[13.961240590168869,46.314791720938],[13.965266547521917,46.316874800596764],[13.968277859675743,46.31786711691008],[13.966573744204139,46.316458539891684],[13.968635360540384,46.31658565819781],[13.96972668337666,46.31531030389773],[13.971299485483254,46.31629373135245],[13.97270643600497,46.31515912288812],[13.9740763001178,46.316599107345496],[13.97648902354928,46.31535227115736],[13.978271035804024,46.31740219526782],[13.980039368915975,46.317592266012426],[13.98131340778312,46.32],[13.982013302135352,46.32],[13.981994617367807,46.31941819718876],[13.982771859229064,46.31937141581206],[13.98300418327206,46.32],[13.983869662226825,46.32],[13.984286043481347,46.31889257650533],[13.980204700873655,46.31609857228281],[13.979528959472397,46.31371116879362],[13.981450024667538,46.3124762023351],[13.97849843279686,46.31273219533372],[13.977493681804118,46.31089918723543],[13.980986491245668,46.310751941446284],[13.983069920128914,46.31338924268683],[13.983921241343621,46.31269327156855],[13.981681915317273,46.31081247432301],[13.981966330592117,46.30992794797706],[13.98401131709192,46.3096111697893],[13.984364772509426,46.31142915570209],[13.985338648377653,46.30918603862851],[13.9882498155109,46.31047862892082],[13.986372919544166,46.30824843206599],[13.988197808491599,46.30863054477362],[13.986896343150566,46.30738900910118],[13.988755890713813,46.30601125747941],[13.99003472379964,46.30690140609619],[13.989779238249058,46.30610823418083],[13.99119888617352,46.30591673146268],[13.990988569731105,46.30465537949677],[13.99214081148368,46.30564816963946],[13.997049228783823,46.30575578037805],[13.997931398509088,46.30415683870517],[14.0,46.30545388633554],[14.0,46.30397545338979],[13.998680038731115,46.30224565444288],[13.998542389351703,46.30382681228252],[13.995201533203884,46.30358478099548],[13.995512213912686,46.304802600196794],[13.994635136914189,46.305136836488],[13.990722709567612,46.304300336515745],[13.991355955122108,46.30346211698151],[13.988872776564788,46.30372328072508],[13.989608897294794,46.3028922968622],[13.988748175993914,46.302508282973506],[13.987536872418953,46.3025474661077],[13.98782842358043,46.30318674731043],[13.9862790097159,46.304331386721195],[13.98542504568191,46.30326167670711],[13.98388143175874,46.30410313113613],[13.982782342024699,46.303553292069466],[13.982211752198884,46.30162029521728],[13.9836912805129,46.29896403569622],[13.98081517711517,46.29819066706534],[13.975356304566812,46.299186054180886],[13.975349512120651,46.297710396423206],[13.97196587761212,46.298263183997086],[13.971702598742677,46.29633029206767],[13.97681434653769,46.29123800538138],[13.9729902873069,46.29330886694082],[13.967326216144626,46.291959772897755],[13.967100965904933,46.29419872467671],[13.965685616241345,46.29448953641933],[13.965255519088739,46.29139061896924],[13.964883636130885,46.29346167857592],[13.963922396250462,46.29399842402222],[13.962643070749953,46.291894684925836],[13.963209139524686,46.291204971797164],[13.961688416819786,46.29114623428276],[13.9622699695955,46.29481479435296],[13.961549637039418,46.298452610675604]],[[13.98619597728134,46.30528677133032],[13.988367185873056,46.30406504725591],[13.990083143684405,46.305055377787504],[13.989531665270562,46.30584932971883],[13.987605247098273,46.30563777732964],[13.987613673633275,46.30663483561747],[13.985350565016534,46.30835161940693],[13.983828997483535,46.30823296312481],[13.98416412460525,46.3049714745115],[13.98619597728134,46.30528677133032]],[[13.98384525378673,46.31894525753821],[13.983272619302959,46.31924307326214],[13.983265198408763,46.31843646950874],[13.98384525378673,46.31894525753821]],[[13.982424061757193,46.30817460092262],[13.983308275773107,46.30830946240228],[13.982478257163587,46.30861693353557],[13.982424061757193,46.30817460092262]],[[13.981632097860222,46.30746955357095],[13.982345921280443,46.30930421613767],[13.979785305784848,46.3077752511798],[13.981632097860222,46.30746955357095]],[[13.981017248770252,46.30993513897257],[13.98097041248493,46.31048431576227],[13.98015197245102,46.30994475165851],[13.981017248770252,46.30993513897257]],[[13.980271636168581,46.30946055343966],[13.978472267527277,46.31024680064911],[13.978849922544278,46.3086290579029],[13.980271636168581,46.30946055343966]],[[13.97844815614782,46.31301279954978],[13.979291418466948,46.31588029722348],[13.97755469752913,46.31536893613987],[13.976475866569574,46.313670743017404],[13.976922739714812,46.312825122343355],[13.97844815614782,46.31301279954978]],[[13.97220452776211,46.29931487322703],[13.974612452145736,46.298380956909064],[13.973554605723223,46.29998903588513],[13.97464385702488,46.301302532327234],[13.971874593661928,46.30368128178162],[13.968639776771726,46.30360863870058],[13.96856192586737,46.30140435277205],[13.970545578605721,46.29943287114236],[13.970462514375585,46.29767546406506],[13.971294415124405,46.29761906138705],[13.97220452776211,46.29931487322703]]]}},{"type":"Feature","properties":{"_zoneType":"SI_BUILT","name":"Pozidano zemljišče","authority":"MKGP","dataSource":"raba-3000"},"geometry":{"type":"Polygon","coordinates":[[[13.98144957189693,46.286718352359244],[13.98406417908573,46.28560330913556],[13.991382006928834,46.2864861749753],[13.994588551852283,46.28644508411837],[13.997932538250186,46.28556512642489],[13.999859001161475,46.28436339196187],[14.0,46.28435876606745],[14.0,46.284124657939216],[13.99981164618802,46.28412027539836],[13.997378678843207,46.28546072659717],[13.996285101929335,46.28478101496771],[13.99650788332184,46.28564830403499],[13.994935485206202,46.28612738545266],[13.991525882831208,46.2862588959678],[13.979299759351825,46.284071048449796],[13.973257005620807,46.28],[13.97279192264627,46.28],[13.973666244049838,46.280477442949675],[13.972262047426526,46.2810152345077],[13.969959338039942,46.280263800387786],[13.969943518173716,46.28],[13.968870515051842,46.28],[13.968813029538534,46.28009396588352],[13.961893431155639,46.280259710681165],[13.961867699574269,46.28162198523215],[13.964987130243358,46.28265903037852],[13.961838666276885,46.28315893969244],[13.961787133262424,46.2858866664422],[13.96370847216589,46.28396618320777],[13.969030805541868,46.28192754967407],[13.969489038440424,46.28300654114515],[13.971392988769372,46.28320173754267],[13.978013277336588,46.28733711679995],[13.977921583887609,46.288439955685334],[13.979390883339686,46.28764173663113],[13.982107259168071,46.28938343940235],[13.983071996762037,46.289208029284836],[13.980769794592398,46.28819171799972],[13.986942639070337,46.288432383024826],[13.988837881821466,46.289318577640856],[13.995190079626234,46.28906741926163],[13.998105691805186,46.29011758716302],[13.999390510519314,46.29204994403371],[14.0,46.29216804363107],[14.0,46.29135551372784],[13.999100417667607,46.29108607134197],[13.99793152350611,46.28938429342463],[14.0,46.289626041737975],[14.0,46.28873642256061],[13.982064756326952,46.28764907420296],[13.98144957189693,46.286718352359244]],[[13.97919042554773,46.28438015792768],[13.983747655732195,46.28521948805159],[13.980778390038115,46.28604788129754],[13.976543133075307,46.28260351571559],[13.97919042554773,46.28438015792768]],[[13.979247592163023,46.28693010941924],[13.976253636616708,46.28616779511535],[13.970757772389774,46.28179646114173],[13.973338229499578,46.28104502790799],[13.976171339681288,46.28224641630254],[13.979247592163023,46.28693010941924]],[[13.969936723954184,46.281062577152966],[13.965239050293539,46.282152282052614],[13.96237431193435,46.28087765810424],[13.966794737322433,46.280213945921105],[13.969936723954184,46.281062577152966]],[[13.96326919450891,46.28377253751673],[13.962313265633991,46.2841620734856],[13.96293216840024,46.283450649585184],[13.96326919450891,46.28377253751673]]]}},{"type":"Feature","properties":{"_zoneType":"SI_BUILT","name":"Pozidano zemljišče","authority":"MKGP","dataSource":"raba-3000"},"geometry":{"type":"Polygon","coordinates":[[[14.0,46.3153408574259],[14.0,46.315246361035],[13.99982466089592,46.31528205900288],[14.0,46.3153408574259]]]}},{"type":"Feature","properties":{"_zoneType":"SI_BUILT","name":"Pozidano zemljišče","authority":"MKGP","dataSource":"raba-3000"},"geometry":{"type":"Polygon","coordinates":[[[13.981923851603318,46.32115364324535],[13.981040487668844,46.32431440955023],[13.978996544506247,46.323912918112825],[13.979935279418987,46.32441525427571],[13.97964586741856,46.32692591294872],[13.975744134665717,46.326664352624334],[13.976989761881537,46.32754275573495],[13.975784706965356,46.328511749314416],[13.971084948764593,46.32668033876679],[13.968095061144837,46.326562610643215],[13.966238141747013,46.32494457063499],[13.965278277290746,46.32521396229593],[13.967370900988142,46.32611010543086],[13.966760916553472,46.3279766441047],[13.965758096469115,46.32729797005341],[13.961636486749786,46.328702789851306],[13.96195081932695,46.32718813398214],[13.961020001939426,46.326445385920024],[13.960962590410784,46.329477247587214],[13.96337758732805,46.32857170244424],[13.966841648681415,46.3287629676874],[13.969411140474172,46.32678356727159],[13.975496045769578,46.32960960781594],[13.974250164741221,46.33156001860245],[13.970821129501047,46.33023210379852],[13.968058795941385,46.33044697559167],[13.969931302269693,46.330981192899344],[13.969530113625897,46.331978493237564],[13.968274985678283,46.33145240508572],[13.96731071296043,46.332585034866504],[13.965460223780367,46.33247467240146],[13.965597493943797,46.33448350407637],[13.963261937295668,46.333851310066876],[13.964063385501781,46.33561528504998],[13.960859002930308,46.334946389154915],[13.961442887653853,46.33876519698675],[13.96077116675972,46.339582655106256],[13.96072961133014,46.341775680625496],[13.967785489075341,46.342996940012895],[13.969512753241915,46.34502021441277],[13.96805401395663,46.346427610416676],[13.963171210532016,46.348026525403796],[13.9646456203799,46.351049068866196],[13.962875821511519,46.35346924430463],[13.963628905125157,46.35507832247039],[13.962764912617907,46.35675325298594],[13.964933786244401,46.35671211230721],[13.968403022966587,46.359668829380745],[13.967995030684994,46.36],[13.968373203396535,46.36],[13.969136085300438,46.359347912007344],[13.966966855715855,46.35816690319915],[13.966673658641875,46.35674619571476],[13.972576248001456,46.35349863626266],[13.972112183216364,46.35246457617861],[13.975209562496323,46.34923965577061],[13.977020390455978,46.34873114822361],[13.983956333804256,46.349808168861344],[13.981490374191631,46.35109235099866],[13.982677648294509,46.35316220409762],[13.976731437042607,46.35733076161506],[13.976851219216924,46.36],[13.977216443025462,46.36],[13.977074802114059,46.35756165915467],[13.983024713040294,46.35326648793586],[13.982674277911112,46.35131853264913],[13.98555333675025,46.350084236354206],[13.98685674617828,46.35296958810759],[13.986846308353156,46.34972358870862],[13.991915208737248,46.3496967415003],[13.995496104749812,46.35118433214773],[13.998283339317357,46.35570980539137],[14.0,46.356815982839045],[14.0,46.356472806018374],[13.999215746351105,46.35609569691863],[13.995897038550169,46.35107463837292],[13.994267096032338,46.350254538972656],[13.99637909881188,46.34676877324738],[14.0,46.348063329505685],[14.0,46.34769955476677],[13.999581789643067,46.34782227390108],[13.995857514674933,46.34541414191153],[13.99214730413344,46.34455295504158],[13.99618429151476,46.34313512976064],[13.999247580738418,46.34446485449495],[14.0,46.34442002687539],[14.0,46.344274260281125],[13.99908866937981,46.34146946424608],[14.0,46.34110719203511],[14.0,46.34075425207136],[13.998893554845278,46.34119050904523],[13.998001445880696,46.34300520624664],[13.995993365533959,46.342907021448596],[13.992002535506153,46.34408459361569],[13.991722651204197,46.34440927283406],[13.992329526361766,46.34513450309883],[13.996145635476061,46.345957447025114],[13.994323647630429,46.34964603514814],[13.986547675543195,46.34893219868307],[13.985646226403324,46.34751537226602],[13.98712076768795,46.3462732511763],[13.985928452061648,46.34288086129295],[13.986578324000877,46.34093035366374],[13.988051069558177,46.34098407352381],[13.999647608972476,46.33544746270385],[14.0,46.33549123404412],[14.0,46.33498617888309],[13.992117851407317,46.3380036627087],[13.987836813314999,46.34075812709903],[13.986370392056676,46.340691997739825],[13.9855418988357,46.343185792599186],[13.98670451913208,46.34627851647534],[13.985215603849989,46.34738729999675],[13.98605101648687,46.34890608567756],[13.98513370307425,46.349640640605216],[13.972096060373007,46.34759575432914],[13.968355934264423,46.34292159073608],[13.961242907052196,46.341396899394006],[13.96082998662814,46.34009123164404],[13.96248134104436,46.3380479721282],[13.964729667510595,46.337178453026134],[13.966512856071214,46.338115261570955],[13.967945866766005,46.33776082051017],[13.967854106342056,46.336193240412214],[13.971007487796388,46.33744547742054],[13.97124592292123,46.33614145884467],[13.97388098329476,46.33375963087288],[13.976036297527607,46.33347184615227],[13.975015937679583,46.33197628842534],[13.976980708827353,46.329714908222535],[13.976272123994411,46.32864989411778],[13.98065860653665,46.32891945831332],[13.980823339632666,46.32973711776239],[13.978400922740654,46.33053938156167],[13.982513727095334,46.33084965292518],[13.983828464244258,46.3338283781996],[13.983032712762316,46.329437813438766],[13.981423666859271,46.32935176107394],[13.979513748769342,46.327734811040465],[13.980339783804872,46.32496450087743],[13.981446740845945,46.32454962831336],[13.982115098096939,46.32316970368962],[13.982013302135352,46.32],[13.98131340778312,46.32],[13.981923851603318,46.32115364324535]],[[13.999868960609476,46.344017861882605],[13.999227134551882,46.34419583397171],[13.997922422720025,46.3432491910671],[13.999172902418243,46.34279636977183],[13.999868960609476,46.344017861882605]],[[13.96333902696092,46.353583315233195],[13.965217817170139,46.35104066726396],[13.963893012663721,46.34799884603779],[13.968375969320967,46.34660107534028],[13.969482373326978,46.345782953398306],[13.971696213248434,46.34777665693717],[13.97530300604453,46.34858883127009],[13.971694439406207,46.3524671032033],[13.971999100794184,46.35348308820865],[13.967124775508776,46.355395166612],[13.966003212814933,46.35676706715752],[13.964693283069504,46.35640160240471],[13.963279167392892,46.356636213035266],[13.964116549724542,46.35500756832419],[13.96333902696092,46.353583315233195]],[[13.972267450921212,46.33475462230632],[13.97000429380299,46.335992548467395],[13.965961833317127,46.33573320416467],[13.965840239347678,46.33503919651304],[13.970232668741362,46.33396188494784],[13.972267450921212,46.33475462230632]],[[13.971884659042168,46.33315807559881],[13.971332986285304,46.333469560725106],[13.971501988525564,46.33282124752287],[13.971884659042168,46.33315807559881]],[[13.968437329644107,46.32702135099004],[13.967955934477319,46.32752104829323],[13.967844438582935,46.326716267683175],[13.968437329644107,46.32702135099004]],[[13.963258136070694,46.33637099591779],[13.962697970295677,46.336884927856005],[13.961994778741387,46.33615628531079],[13.963258136070694,46.33637099591779]]]}},{"type":"Feature","properties":{"_zoneType":"SI_BUILT","name":"Pozidano zemljišče","authority":"MKGP","dataSource":"raba-3000"},"geometry":{"type":"Polygon","coordinates":[[[13.983433212806199,46.321160797556054],[13.983869662226825,46.32],[13.98300418327206,46.32],[13.983433212806199,46.321160797556054]]]}},{"type":"Feature","properties":{"_zoneType":"SI_BUILT","name":"Pozidano zemljišče","authority":"MKGP","dataSource":"raba-3000"},"geometry":{"type":"Polygon","coordinates":[[[13.96649479581884,46.36121775271756],[13.963921478435728,46.361221467459686],[13.962595430613879,46.364189810410515],[13.960304045681514,46.364219526487915],[13.963296711621041,46.364775815750555],[13.966292498186172,46.36771748590766],[13.969355478829943,46.367876874622134],[13.969944318582096,46.36927070494142],[13.970017809495218,46.3673236053046],[13.973579250072147,46.36624272926764],[13.974726721732635,46.366982722035864],[13.977309817258886,46.36160743252078],[13.977216443025462,46.36],[13.976851219216924,46.36],[13.976922187446949,46.36158146339202],[13.974810699169023,46.36511181601188],[13.967046959793484,46.367637286109954],[13.963351368637252,46.364449737874246],[13.964153719350483,46.36146773923944],[13.966696034805317,46.36143359213844],[13.968373203396535,46.36],[13.967995030684994,46.36],[13.96649479581884,46.36121775271756]]]}},{"type":"Feature","properties":{"_zoneType":"SI_BUILT","name":"Pozidano zemljišče","authority":"MKGP","dataSource":"raba-3000"},"geometry":{"type":"Polygon","coordinates":[[[13.96151985749971,46.300027655227645],[13.96151799299957,46.300126264538164],[13.96153127069875,46.30008656278012],[13.96151985749971,46.300027655227645]]]}},{"type":"Feature","properties":{"_zoneType":"SI_BUILT","name":"Pozidano zemljišče","authority":"MKGP","dataSource":"raba-3000"},"geometry":{"type":"Polygon","coordinates":[[[13.962018125643159,46.299466680749404],[13.961533314391517,46.29931593446344],[13.962001940168054,46.29957706192746],[13.962018125643159,46.299466680749404]]]}},{"type":"Feature","properties":{"_zoneType":"SI_BUILT","name":"Pozidano zemljišče","authority":"MKGP","dataSource":"raba-3000"},"geometry":{"type":"Polygon","coordinates":[[[13.962145565634044,46.30945048457732],[13.961762014941927,46.309394357734554],[13.961497860726132,46.30968076268572],[13.962145565634044,46.30945048457732]]]}},{"type":"Feature","properties":{"_zoneType":"SI_BUILT","name":"Pozidano zemljišče","authority":"MKGP","dataSource":"raba-3000"},"geometry":{"type":"Polygon","coordinates":[[[13.961649536620492,46.32272308031717],[13.962227584252103,46.32198419117145],[13.96110077624703,46.32217892307338],[13.961067874311215,46.324313032736036],[13.962734986700461,46.32399542650426],[13.961649536620492,46.32272308031717]]]}},{"type":"Feature","properties":{"_zoneType":"SI_BUILT","name":"Pozidano zemljišče","authority":"MKGP","dataSource":"raba-3000"},"geometry":{"type":"Polygon","coordinates":[[[13.995413435223949,46.23701195393958],[13.99783943830784,46.2366492576531],[14.0,46.23784638538691],[14.0,46.23729855006711],[13.996965193600767,46.23623569869954],[13.995413435223949,46.23701195393958]]]}},{"type":"Feature","properties":{"_zoneType":"SI_BUILT","name":"Pozidano zemljišče","authority":"MKGP","dataSource":"raba-3000"},"geometry":{"type":"Polygon","coordinates":[[[13.964355803880341,46.274363472333164],[13.963790499223952,46.27603829413411],[13.96818946970114,46.27345110126153],[13.972946954447508,46.27250644204668],[13.992274072075364,46.274449673922526],[13.995735905824498,46.27250289757993],[13.996299446941459,46.27130210910954],[13.995246973527662,46.27032523902149],[13.996889421558754,46.27045734458371],[14.0,46.26888043617907],[14.0,46.268683947550024],[13.999736476563568,46.268495901738405],[13.994667016619324,46.27001056196606],[13.995178258584733,46.27181592808854],[13.992994157523066,46.272624657701705],[13.992112693805609,46.27406066471446],[13.984918559906784,46.27360964867806],[13.983101578277777,46.27276817575957],[13.983180965070456,46.271465650054424],[13.986255050001985,46.27094968633782],[13.982479584373475,46.27044010680349],[13.98195271512577,46.27137625624861],[13.979934706089514,46.271199741299874],[13.979640131659892,46.270605888503795],[13.981039863749537,46.269825102858476],[13.977763418172275,46.26756499136369],[13.97790317600323,46.26585215230547],[13.978723177322514,46.26556598046754],[13.978064557268238,46.26535343144662],[13.976087967121549,46.26787298970131],[13.97947755382264,46.2693375788611],[13.979021954893973,46.27068754947053],[13.973313546841794,46.269791209926716],[13.9722812208937,46.27105530754568],[13.968799291810226,46.270387486067996],[13.968739255060596,46.271496032488656],[13.972500446484855,46.27199822151782],[13.966225440657729,46.274003717646714],[13.963875668149933,46.272641383467224],[13.964387373612645,46.27170501030705],[13.966059479900094,46.271853657087235],[13.96319195577253,46.269068863043614],[13.963267120984279,46.26774007570532],[13.962117447519017,46.268395718487156],[13.962095097152245,46.272089989592864],[13.963466023598185,46.271937488284294],[13.964355803880341,46.274363472333164]],[[13.978955870759272,46.27216649930994],[13.978588411186326,46.27247495229244],[13.97705685385528,46.27229719939849],[13.977544429706278,46.27151447806532],[13.978955870759272,46.27216649930994]],[[13.976422366178118,46.27095565738904],[13.974764948212622,46.27254992623828],[13.97290924118079,46.27215433713531],[13.973971847560497,46.27048175827582],[13.976422366178118,46.27095565738904]]]}},{"type":"Feature","properties":{"_zoneType":"SI_BUILT","name":"Pozidano zemljišče","authority":"MKGP","dataSource":"raba-3000"},"geometry":{"type":"Polygon","coordinates":[[[13.994189253893758,46.24992150742587],[13.99932299950825,46.24967300636229],[14.0,46.249371359167306],[14.0,46.24905124823044],[13.999132854627076,46.24944468042323],[13.994189253893758,46.24992150742587]]]}},{"type":"Feature","properties":{"_zoneType":"SI_BUILT","name":"Pozidano zemljišče","authority":"MKGP","dataSource":"raba-3000"},"geometry":{"type":"Polygon","coordinates":[[[13.996949803901021,46.256871553430315],[13.992425831565361,46.25604208830345],[13.983257288594844,46.25696701448157],[13.976868929148717,46.25375532329437],[13.983294570929456,46.257396960324996],[13.986772269579754,46.25741629232399],[13.988061967182718,46.25885790186849],[13.990126630376864,46.25860441507646],[13.99124410573599,46.2594888550075],[13.990032285019733,46.26007044395248],[13.992065179178232,46.260730961056936],[13.99134118010071,46.26152101043524],[13.993034588059048,46.26171190352398],[13.9862356904056,46.262622942458975],[13.985911944382613,46.26331794560937],[13.990459287667838,46.2633546691264],[13.992825082786158,46.262349706094255],[13.99358343779976,46.26293843033474],[13.992598164834288,46.263746685150124],[13.994443163111658,46.26315912909992],[13.994681818410678,46.26395689878264],[14.0,46.26433767308964],[14.0,46.2637302522961],[13.999909754486245,46.2636718865741],[14.0,46.26358814984828],[14.0,46.26318614167463],[13.998397037739734,46.26344713610852],[13.997959594566533,46.262407379429284],[13.997722609708573,46.2632872704171],[13.996318359628752,46.26349851797675],[13.992825998505198,46.2611697402879],[13.992157883981543,46.259944708874585],[13.993055146583748,46.259243922049286],[13.985744688002079,46.25687763265712],[13.993190754938894,46.2562928541826],[13.9970320925397,46.25711619365119],[13.999894114166645,46.255433950235954],[14.0,46.255465905393606],[14.0,46.25532871782593],[13.998912288231287,46.25531942799638],[13.996949803901021,46.256871553430315]],[[13.994689869242643,46.26263321715954],[13.994115876238792,46.26289581054023],[13.994326141096112,46.26226217450894],[13.994689869242643,46.26263321715954]]]}},{"type":"Feature","properties":{"_zoneType":"SI_BUILT","name":"Pozidano zemljišče","authority":"MKGP","dataSource":"raba-3000"},"geometry":{"type":"Polygon","coordinates":[[[14.0,46.216006273373125],[14.0,46.21544573460103],[13.998402566928878,46.215363701096585],[14.0,46.216006273373125]]]}},{"type":"Feature","properties":{"_zoneType":"SI_BUILT","name":"Pozidano zemljišče","authority":"MKGP","dataSource":"raba-3000"},"geometry":{"type":"Polygon","coordinates":[[[13.970331034168378,46.26199452340794],[13.96983869032886,46.25975318545637],[13.968390948834584,46.26107161591023],[13.966313033043296,46.26054736850683],[13.965170367068685,46.257886828846054],[13.962291460582776,46.25917474503687],[13.962869383706327,46.260718245841716],[13.963962204611793,46.26011959672136],[13.968292954557144,46.261605934336224],[13.967342601793442,46.26233249422368],[13.964246937833403,46.26117835288964],[13.964317679748651,46.261979014873894],[13.967211950230736,46.26336649296019],[13.962569234209656,46.264200105336656],[13.962205135573347,46.26528453616542],[13.969350890801934,46.26299598625862],[13.970331034168378,46.26199452340794]]]}},{"type":"Feature","properties":{"_zoneType":"SI_BUILT","name":"Pozidano zemljišče","authority":"MKGP","dataSource":"raba-3000"},"geometry":{"type":"Polygon","coordinates":[[[13.962431395081023,46.25830217190104],[13.962308000578062,46.25829805301948],[13.96255793329925,46.25855180482321],[13.962431395081023,46.25830217190104]]]}},{"type":"Feature","properties":{"_zoneType":"SI_BUILT","name":"Pozidano zemljišče","authority":"MKGP","dataSource":"raba-3000"},"geometry":{"type":"Polygon","coordinates":[[[13.984640743724364,46.27178067173587],[13.984392506466833,46.27165605795159],[13.984447805159121,46.27196613166941],[13.984640743724364,46.27178067173587]]]}},{"type":"Feature","properties":{"_zoneType":"SI_BUILT","name":"Pozidano zemljišče","authority":"MKGP","dataSource":"raba-3000"},"geometry":{"type":"Polygon","coordinates":[[[13.998959886625087,46.235781885264956],[13.99857637522838,46.23574705329994],[13.998991571273923,46.235960303776714],[13.998959886625087,46.235781885264956]]]}},{"type":"Feature","properties":{"_zoneType":"SI_BUILT","name":"Pozidano zemljišče","authority":"MKGP","dataSource":"raba-3000"},"geometry":{"type":"Polygon","coordinates":[[[13.997842596677975,46.23545126451236],[13.997988298119513,46.235610254814866],[13.998086987669293,46.23535587855855],[13.997842596677975,46.23545126451236]]]}},{"type":"Feature","properties":{"_zoneType":"SI_BUILT","name":"Pozidano zemljišče","authority":"MKGP","dataSource":"raba-3000"},"geometry":{"type":"Polygon","coordinates":[[[13.97489777977891,46.21794935645438],[13.975161663426025,46.21899894334742],[13.97695426741479,46.21986342321493],[13.977943040377038,46.222848815270964],[13.980530615012885,46.223743549840655],[13.979526753599455,46.22217339621303],[13.977813809447483,46.22216770605005],[13.977448180300154,46.21976252560103],[13.975511850664688,46.21875884951314],[13.974413352827925,46.21661503737259],[13.97451146592777,46.21527967743872],[13.97673090423975,46.215171763658226],[13.973243868695615,46.21516091888224],[13.97329314538245,46.21776453383334],[13.97489777977891,46.21794935645438]]]}},{"type":"Feature","properties":{"_zoneType":"SI_BUILT","name":"Pozidano zemljišče","authority":"MKGP","dataSource":"raba-3000"},"geometry":{"type":"Polygon","coordinates":[[[13.981280894498214,46.2152124019622],[13.976754987031295,46.21517197923087],[13.980430031657995,46.21592419010155],[13.981280894498214,46.2152124019622]]]}},{"type":"Feature","properties":{"_zoneType":"SI_BUILT","name":"Pozidano zemljišče","authority":"MKGP","dataSource":"raba-3000"},"geometry":{"type":"Polygon","coordinates":[[[13.985873034301989,46.21525323305788],[13.985419791121284,46.21524921124481],[13.985643192412056,46.2153228339412],[13.985873034301989,46.21525323305788]]]}},{"type":"Feature","properties":{"_zoneType":"SI_BUILT","name":"Pozidano zemljišče","authority":"MKGP","dataSource":"raba-3000"},"geometry":{"type":"Polygon","coordinates":[[[13.963370763262345,46.32292283433612],[13.963152385786218,46.322757586158154],[13.962820496314777,46.323140702736566],[13.963370763262345,46.32292283433612]]]}},{"type":"Feature","properties":{"_zoneType":"SI_BUILT","name":"Pozidano zemljišče","authority":"MKGP","dataSource":"raba-3000"},"geometry":{"type":"Polygon","coordinates":[[[13.971633638768397,46.326005878022684],[13.971315367590883,46.325991504108615],[13.971615791796465,46.326178846275326],[13.971633638768397,46.326005878022684]]]}},{"type":"Feature","properties":{"_zoneType":"SI_BUILT","name":"Pozidano zemljišče","authority":"MKGP","dataSource":"raba-3000"},"geometry":{"type":"Polygon","coordinates":[[[13.977704887257007,46.30579240899134],[13.977898631026209,46.30592720307354],[13.977927616320851,46.30565233008378],[13.977704887257007,46.30579240899134]]]}},{"type":"Feature","properties":{"_zoneType":"SI_BUILT","name":"Pozidano zemljišče","authority":"MKGP","dataSource":"raba-3000"},"geometry":{"type":"Polygon","coordinates":[[[13.976384353165766,46.31674898110352],[13.976439984462308,46.316598419749646],[13.976088182190729,46.31679703558358],[13.976384353165766,46.31674898110352]]]}},{"type":"Feature","properties":{"_zoneType":"SI_BUILT","name":"Pozidano zemljišče","authority":"MKGP","dataSource":"raba-3000"},"geometry":{"type":"Polygon","coordinates":[[[14.0,46.28762924204694],[13.999766824508564,46.28771330436656],[13.99987780920552,46.287874656495546],[14.0,46.28763339066717],[14.0,46.28762924204694]]]}},{"type":"Feature","properties":{"_zoneType":"SI_BUILT","name":"Pozidano zemljišče","authority":"MKGP","dataSource":"raba-3000"},"geometry":{"type":"Polygon","coordinates":[[[13.997690810836318,46.27091635626685],[13.997592647997386,46.27072279054614],[13.997393199801024,46.27100868004685],[13.997690810836318,46.27091635626685]]]}},{"type":"Feature","properties":{"_zoneType":"SI_BUILT","name":"Pozidano zemljišče","authority":"MKGP","dataSource":"raba-3000"},"geometry":{"type":"Polygon","coordinates":[[[13.987565033606135,46.259398613239654],[13.987884949854593,46.259438834314636],[13.987587555185117,46.259250993133314],[13.987565033606135,46.259398613239654]]]}},{"type":"Feature","properties":{"_zoneType":"SI_BUILT","name":"Pozidano zemljišče","authority":"MKGP","dataSource":"raba-3000"},"geometry":{"type":"Polygon","coordinates":[[[13.985045780090882,46.319952664667085],[13.98476285134159,46.31988062988464],[13.984855150957635,46.32],[13.985017363621466,46.32],[13.985045780090882,46.319952664667085]]]}},{"type":"Feature","properties":{"_zoneType":"SI_BUILT","name":"Pozidano zemljišče","authority":"MKGP","dataSource":"raba-3000"},"geometry":{"type":"Polygon","coordinates":[[[13.985017363621466,46.32],[13.984855150957635,46.32],[13.98494646682146,46.320118097839035],[13.985017363621466,46.32]]]}},{"type":"Feature","properties":{"_zoneType":"SI_BUILT","name":"Pozidano zemljišče","authority":"MKGP","dataSource":"raba-3000"},"geometry":{"type":"Polygon","coordinates":[[[13.981200099727857,46.31531635192627],[13.980929085047448,46.31516243075155],[13.98101780318305,46.315437722396716],[13.981200099727857,46.31531635192627]]]}},{"type":"Feature","properties":{"_zoneType":"SI_BUILT","name":"Pozidano zemljišče","authority":"MKGP","dataSource":"raba-3000"},"geometry":{"type":"Polygon","coordinates":[[[13.985830999617638,46.31366621225986],[13.98564451417888,46.31199506914867],[13.985114373199158,46.31241844534369],[13.985830999617638,46.31366621225986]]]}},{"type":"Feature","properties":{"_zoneType":"SI_BUILT","name":"Pozidano zemljišče","authority":"MKGP","dataSource":"raba-3000"},"geometry":{"type":"Polygon","coordinates":[[[13.989260149797051,46.30833411307326],[13.98922276092535,46.30817433622021],[13.988990527424308,46.3083958929923],[13.989260149797051,46.30833411307326]]]}},{"type":"Feature","properties":{"_zoneType":"SI_BUILT","name":"Pozidano zemljišče","authority":"MKGP","dataSource":"raba-3000"},"geometry":{"type":"Polygon","coordinates":[[[13.989950052097871,46.30762202171519],[13.989634234325912,46.3075541080346],[13.989872144304213,46.3077926872563],[13.989950052097871,46.30762202171519]]]}},{"type":"Feature","properties":{"_zoneType":"SI_BUILT","name":"Pozidano zemljišče","authority":"MKGP","dataSource":"raba-3000"},"geometry":{"type":"Polygon","coordinates":[[[13.998357124586787,46.305345975855374],[13.998749231413225,46.305402475571306],[13.998433381067132,46.30513773924864],[13.998357124586787,46.305345975855374]]]}},{"type":"Feature","properties":{"_zoneType":"SI_BUILT","name":"Pozidano zemljišče","authority":"MKGP","dataSource":"raba-3000"},"geometry":{"type":"Polygon","coordinates":[[[13.998886203403064,46.30629480243426],[13.998813466258262,46.30611439270311],[13.998435798235986,46.306218207207316],[13.998886203403064,46.30629480243426]]]}},{"type":"Feature","properties":{"_zoneType":"SI_BUILT","name":"Pozidano zemljišče","authority":"MKGP","dataSource":"raba-3000"},"geometry":{"type":"Polygon","coordinates":[[[13.999914454516048,46.30657257098012],[13.999680920076212,46.30641288131342],[13.999662198042882,46.30673969313765],[13.999914454516048,46.30657257098012]]]}},{"type":"Feature","properties":{"_zoneType":"SI_BUILT","name":"Pozidano zemljišče","authority":"MKGP","dataSource":"raba-3000"},"geometry":{"type":"Polygon","coordinates":[[[13.996728187340134,46.23512906627095],[14.0,46.23314374186936],[14.0,46.233005478045506],[13.994249871208304,46.236157278009365],[13.996728187340134,46.23512906627095]]]}},{"type":"Feature","properties":{"_zoneType":"SI_BUILT","name":"Pozidano zemljišče","authority":"MKGP","dataSource":"raba-3000"},"geometry":{"type":"Polygon","coordinates":[[[13.999396527516442,46.360976049761284],[13.999531237490956,46.36115396521043],[13.999690274265397,46.36088020011917],[13.999396527516442,46.360976049761284]]]}},{"type":"Feature","properties":{"_zoneType":"SI_BUILT","name":"Pozidano zemljišče","authority":"MKGP","dataSource":"raba-3000"},"geometry":{"type":"Polygon","coordinates":[[[13.999646225808245,46.362249092558564],[13.999543993780206,46.36204692852136],[13.99932244209045,46.362332037413694],[13.999646225808245,46.362249092558564]]]}},{"type":"Feature","properties":{"_zoneType":"SI_BUILT","name":"Pozidano zemljišče","authority":"MKGP","dataSource":"raba-3000"},"geometry":{"type":"Polygon","coordinates":[[[13.999061625665295,46.32210725907591],[13.999375248667604,46.32222278663366],[13.999201630180405,46.321953611267105],[13.999061625665295,46.32210725907591]]]}},{"type":"Feature","properties":{"_zoneType":"SI_BUILT","name":"Pozidano zemljišče","authority":"MKGP","dataSource":"raba-3000"},"geometry":{"type":"Polygon","coordinates":[[[13.998015741623012,46.3610362121079],[13.998326963083505,46.36110122233935],[13.998091323803546,46.36083640754521],[13.998015741623012,46.3610362121079]]]}},{"type":"Feature","properties":{"_zoneType":"SI_BUILT","name":"Pozidano zemljišče","authority":"MKGP","dataSource":"raba-3000"},"geometry":{"type":"Polygon","coordinates":[[[13.998323193787025,46.35998864124563],[13.99801293825379,46.359946707561036],[13.998071423461608,46.36],[13.998318695970303,46.36],[13.998323193787025,46.35998864124563]]]}},{"type":"Feature","properties":{"_zoneType":"SI_BUILT","name":"Pozidano zemljišče","authority":"MKGP","dataSource":"raba-3000"},"geometry":{"type":"Polygon","coordinates":[[[13.998318695970303,46.36],[13.998071423461608,46.36],[13.998253131922816,46.36016557497937],[13.998318695970303,46.36]]]}},{"type":"Feature","properties":{"_zoneType":"SI_BUILT","name":"Pozidano zemljišče","authority":"MKGP","dataSource":"raba-3000"},"geometry":{"type":"Polygon","coordinates":[[[13.998577054653298,46.30825148058581],[13.998738502343398,46.308427258681185],[13.998882051945303,46.30811769374104],[13.998577054653298,46.30825148058581]]]}},{"type":"Feature","properties":{"_zoneType":"SI_BUILT","name":"Pozidano zemljišče","authority":"MKGP","dataSource":"raba-3000"},"geometry":{"type":"Polygon","coordinates":[[[13.998266422779373,46.30723316294707],[13.997981843354436,46.3071436182555],[13.998149831250943,46.30738350959867],[13.998266422779373,46.30723316294707]]]}},{"type":"Feature","properties":{"_zoneType":"SI_BUILT","name":"Pozidano zemljišče","authority":"MKGP","dataSource":"raba-3000"},"geometry":{"type":"Polygon","coordinates":[[[13.997961947111772,46.31611739502903],[13.997656077893435,46.31608425954943],[13.997929475008586,46.31627055641634],[13.997961947111772,46.31611739502903]]]}},{"type":"Feature","properties":{"_zoneType":"SI_BUILT","name":"Pozidano zemljišče","authority":"MKGP","dataSource":"raba-3000"},"geometry":{"type":"Polygon","coordinates":[[[13.997897423884245,46.30156141755757],[13.997622785059647,46.30146367174604],[13.997748059458534,46.30171967536827],[13.997897423884245,46.30156141755757]]]}},{"type":"Feature","properties":{"_zoneType":"SI_BUILT","name":"Pozidano zemljišče","authority":"MKGP","dataSource":"raba-3000"},"geometry":{"type":"Polygon","coordinates":[[[13.996298531532807,46.360893479826885],[13.995809728421948,46.36049708010027],[13.996058476874323,46.361030457544324],[13.996298531532807,46.360893479826885]]]}},{"type":"Feature","properties":{"_zoneType":"SI_BUILT","name":"Pozidano zemljišče","authority":"MKGP","dataSource":"raba-3000"},"geometry":{"type":"Polygon","coordinates":[[[13.996379047680918,46.31669312538897],[13.996052880552442,46.31662476324053],[13.99631508948467,46.316846785378814],[13.996379047680918,46.31669312538897]]]}},{"type":"Feature","properties":{"_zoneType":"SI_BUILT","name":"Pozidano zemljišče","authority":"MKGP","dataSource":"raba-3000"},"geometry":{"type":"Polygon","coordinates":[[[13.994106224486377,46.38130268634985],[13.9940649033281,46.3815504018021],[13.995087199195895,46.38210419295679],[13.994106224486377,46.38130268634985]]]}},{"type":"Feature","properties":{"_zoneType":"SI_BUILT","name":"Pozidano zemljišče","authority":"MKGP","dataSource":"raba-3000"},"geometry":{"type":"Polygon","coordinates":[[[13.994604593051344,46.385877583584865],[13.994300335683267,46.38585714604505],[13.994568199085986,46.386042024890656],[13.994604593051344,46.385877583584865]]]}},{"type":"Feature","properties":{"_zoneType":"SI_BUILT","name":"Pozidano zemljišče","authority":"MKGP","dataSource":"raba-3000"},"geometry":{"type":"Polygon","coordinates":[[[13.994575184206079,46.303086247061984],[13.994693677158795,46.30269696252228],[13.99413090983776,46.30304971598432],[13.994575184206079,46.303086247061984]]]}},{"type":"Feature","properties":{"_zoneType":"SI_BUILT","name":"Pozidano zemljišče","authority":"MKGP","dataSource":"raba-3000"},"geometry":{"type":"Polygon","coordinates":[[[13.995479606452653,46.23053362298364],[13.995626638946145,46.2306990080219],[13.995727218101385,46.23042764982705],[13.995479606452653,46.23053362298364]]]}},{"type":"Feature","properties":{"_zoneType":"SI_BUILT","name":"Pozidano zemljišče","authority":"MKGP","dataSource":"raba-3000"},"geometry":{"type":"Polygon","coordinates":[[[13.994506908927077,46.27440830215863],[13.994764908917078,46.27457908981763],[13.994661563678532,46.27430826298589],[13.994506908927077,46.27440830215863]]]}},{"type":"Feature","properties":{"_zoneType":"SI_BUILT","name":"Pozidano zemljišče","authority":"MKGP","dataSource":"raba-3000"},"geometry":{"type":"Polygon","coordinates":[[[13.99551628015009,46.23950431241365],[13.995256360203014,46.239466594766895],[13.994996661203444,46.24],[13.995151362195804,46.24],[13.99551628015009,46.23950431241365]]]}},{"type":"Feature","properties":{"_zoneType":"SI_BUILT","name":"Pozidano zemljišče","authority":"MKGP","dataSource":"raba-3000"},"geometry":{"type":"Polygon","coordinates":[[[13.995151362195804,46.24],[13.994996661203444,46.24],[13.994694556829959,46.240620503174945],[13.995151362195804,46.24]]]}},{"type":"Feature","properties":{"_zoneType":"SI_BUILT","name":"Pozidano zemljišče","authority":"MKGP","dataSource":"raba-3000"},"geometry":{"type":"Polygon","coordinates":[[[13.9944909952463,46.26051918785103],[13.994802763510123,46.26053298554156],[13.994525991580993,46.260353970885284],[13.9944909952463,46.26051918785103]]]}},{"type":"Feature","properties":{"_zoneType":"SI_BUILT","name":"Pozidano zemljišče","authority":"MKGP","dataSource":"raba-3000"},"geometry":{"type":"Polygon","coordinates":[[[13.993594902756975,46.30940489775345],[13.993324459342206,46.30932633787062],[13.993470194074929,46.30958139530359],[13.993594902756975,46.30940489775345]]]}},{"type":"Feature","properties":{"_zoneType":"SI_BUILT","name":"Pozidano zemljišče","authority":"MKGP","dataSource":"raba-3000"},"geometry":{"type":"Polygon","coordinates":[[[13.992232524526687,46.302150366406046],[13.991962064756065,46.302023375265016],[13.991747161007781,46.30254115014945],[13.992232524526687,46.302150366406046]]]}},{"type":"Feature","properties":{"_zoneType":"SI_BUILT","name":"Pozidano zemljišče","authority":"MKGP","dataSource":"raba-3000"},"geometry":{"type":"Polygon","coordinates":[[[13.9910221337119,46.300691200123474],[13.991001296996467,46.30089138190352],[13.991340597848753,46.30071356097952],[13.9910221337119,46.300691200123474]]]}},{"type":"Feature","properties":{"_zoneType":"SI_BUILT","name":"Pozidano zemljišče","authority":"MKGP","dataSource":"raba-3000"},"geometry":{"type":"Polygon","coordinates":[[[13.989324820494224,46.33194196044005],[13.989540224243983,46.33206323358768],[13.98991481393533,46.331575754820875],[13.989324820494224,46.33194196044005]]]}},{"type":"Feature","properties":{"_zoneType":"SI_BUILT","name":"Pozidano zemljišče","authority":"MKGP","dataSource":"raba-3000"},"geometry":{"type":"Polygon","coordinates":[[[13.986216014356831,46.329061129649],[13.986429338605243,46.32825315201567],[13.988971100030348,46.32799511978826],[13.988149080433883,46.326925916204054],[13.98728365878909,46.32789752468409],[13.984849548783167,46.32804733597199],[13.984049334090411,46.3291469251976],[13.984915999493454,46.32845289316184],[13.986216014356831,46.329061129649]]]}},{"type":"Feature","properties":{"_zoneType":"SI_BUILT","name":"Pozidano zemljišče","authority":"MKGP","dataSource":"raba-3000"},"geometry":{"type":"Polygon","coordinates":[[[13.989867668873606,46.32827459149022],[13.989639977735976,46.32812570330603],[13.989648048542534,46.3284235431943],[13.989867668873606,46.32827459149022]]]}},{"type":"Feature","properties":{"_zoneType":"SI_BUILT","name":"Pozidano zemljišče","authority":"MKGP","dataSource":"raba-3000"},"geometry":{"type":"Polygon","coordinates":[[[13.986902092772688,46.326651446714386],[13.987015607738643,46.32678973610616],[13.987155402737502,46.32654592784328],[13.986902092772688,46.326651446714386]]]}},{"type":"Feature","properties":{"_zoneType":"SI_BUILT","name":"Pozidano zemljišče","authority":"MKGP","dataSource":"raba-3000"},"geometry":{"type":"Polygon","coordinates":[[[13.984898148911363,46.307153323264274],[13.98511816542052,46.30729535606857],[13.985476277161029,46.306682265704275],[13.984898148911363,46.307153323264274]]]}},{"type":"Feature","properties":{"_zoneType":"SI_BUILT","name":"Pozidano zemljišče","authority":"MKGP","dataSource":"raba-3000"},"geometry":{"type":"Polygon","coordinates":[[[13.990381687103334,46.26463621438918],[13.990137327220818,46.26457475580482],[13.989772867371522,46.265160959944936],[13.990381687103334,46.26463621438918]]]}},{"type":"Feature","properties":{"_zoneType":"SI_BUILT","name":"Pozidano zemljišče","authority":"MKGP","dataSource":"raba-3000"},"geometry":{"type":"Polygon","coordinates":[[[13.989455892555627,46.261540635060896],[13.989436754337714,46.261739483084014],[13.989781638831387,46.26155958743759],[13.989455892555627,46.261540635060896]]]}},{"type":"Feature","properties":{"_zoneType":"SI_BUILT","name":"Pozidano zemljišče","authority":"MKGP","dataSource":"raba-3000"},"geometry":{"type":"Polygon","coordinates":[[[13.988994944191496,46.26365497215499],[13.98869791668156,46.26359832719371],[13.988911627700082,46.26381805127902],[13.988994944191496,46.26365497215499]]]}},{"type":"Feature","properties":{"_zoneType":"SI_BUILT","name":"Pozidano zemljišče","authority":"MKGP","dataSource":"raba-3000"},"geometry":{"type":"Polygon","coordinates":[[[13.988450877077096,46.26537480014933],[13.988246099018689,46.264996473159876],[13.988117040531854,46.265430188325965],[13.988450877077096,46.26537480014933]]]}},{"type":"Feature","properties":{"_zoneType":"SI_BUILT","name":"Pozidano zemljišče","authority":"MKGP","dataSource":"raba-3000"},"geometry":{"type":"Polygon","coordinates":[[[13.987077429207366,46.301701111350255],[13.98673139243209,46.301626373774944],[13.986965313319427,46.301893884987315],[13.987077429207366,46.301701111350255]]]}},{"type":"Feature","properties":{"_zoneType":"SI_BUILT","name":"Pozidano zemljišče","authority":"MKGP","dataSource":"raba-3000"},"geometry":{"type":"Polygon","coordinates":[[[13.986396032309592,46.323579109153805],[13.986115707018705,46.323490410772784],[13.986279328842947,46.32375067896602],[13.986396032309592,46.323579109153805]]]}},{"type":"Feature","properties":{"_zoneType":"SI_BUILT","name":"Pozidano zemljišče","authority":"MKGP","dataSource":"raba-3000"},"geometry":{"type":"Polygon","coordinates":[[[13.985964745043018,46.32550333422931],[13.986276215357117,46.32559942701323],[13.986046818753358,46.32539043045981],[13.985964745043018,46.32550333422931]]]}},{"type":"Feature","properties":{"_zoneType":"SI_BUILT","name":"Pozidano zemljišče","authority":"MKGP","dataSource":"raba-3000"},"geometry":{"type":"Polygon","coordinates":[[[13.987318228731029,46.24684348011286],[13.987046684511672,46.24675892355596],[13.987193297953363,46.24700464292133],[13.987318228731029,46.24684348011286]]]}},{"type":"Feature","properties":{"_zoneType":"SI_BUILT","name":"Pozidano zemljišče","authority":"MKGP","dataSource":"raba-3000"},"geometry":{"type":"Polygon","coordinates":[[[13.986894634465967,46.2606273874062],[13.986654820035632,46.26051148772028],[13.98653160641996,46.261043749142694],[13.986894634465967,46.2606273874062]]]}},{"type":"Feature","properties":{"_zoneType":"SI_BUILT","name":"Pozidano zemljišče","authority":"MKGP","dataSource":"raba-3000"},"geometry":{"type":"Polygon","coordinates":[[[13.985305679242657,46.319197679752406],[13.985367362456904,46.31934633623713],[13.985615485822589,46.31913452617189],[13.985305679242657,46.319197679752406]]]}},{"type":"Feature","properties":{"_zoneType":"SI_BUILT","name":"Pozidano zemljišče","authority":"MKGP","dataSource":"raba-3000"},"geometry":{"type":"Polygon","coordinates":[[[13.984869800212701,46.322133241546034],[13.985113951455446,46.32221956862228],[13.984971168324305,46.32196656964806],[13.984869800212701,46.322133241546034]]]}},{"type":"Feature","properties":{"_zoneType":"SI_BUILT","name":"Pozidano zemljišče","authority":"MKGP","dataSource":"raba-3000"},"geometry":{"type":"Polygon","coordinates":[[[13.984970340382388,46.30148141177583],[13.984664308800156,46.301423903977025],[13.984908819174693,46.30164040062742],[13.984970340382388,46.30148141177583]]]}},{"type":"Feature","properties":{"_zoneType":"SI_BUILT","name":"Pozidano zemljišče","authority":"MKGP","dataSource":"raba-3000"},"geometry":{"type":"Polygon","coordinates":[[[13.986306899122132,46.221469685337226],[13.986150763408112,46.22128961331197],[13.986019010072127,46.22158080251198],[13.986306899122132,46.221469685337226]]]}},{"type":"Feature","properties":{"_zoneType":"SI_BUILT","name":"Pozidano zemljišče","authority":"MKGP","dataSource":"raba-3000"},"geometry":{"type":"Polygon","coordinates":[[[13.984750823333767,46.29815136759243],[13.984597724934506,46.29803006499015],[13.984540598362601,46.29829333523342],[13.984750823333767,46.29815136759243]]]}},{"type":"Feature","properties":{"_zoneType":"SI_BUILT","name":"Pozidano zemljišče","authority":"MKGP","dataSource":"raba-3000"},"geometry":{"type":"Polygon","coordinates":[[[13.98388131374536,46.31622022322222],[13.983502059865309,46.31624507349524],[13.983857568211496,46.316395027642784],[13.98388131374536,46.31622022322222]]]}},{"type":"Feature","properties":{"_zoneType":"SI_BUILT","name":"Pozidano zemljišče","authority":"MKGP","dataSource":"raba-3000"},"geometry":{"type":"Polygon","coordinates":[[[13.983207347738842,46.32375213940575],[13.983287131749634,46.32392753876094],[13.983555078879037,46.32368567418603],[13.983207347738842,46.32375213940575]]]}},{"type":"Feature","properties":{"_zoneType":"SI_BUILT","name":"Pozidano zemljišče","authority":"MKGP","dataSource":"raba-3000"},"geometry":{"type":"Polygon","coordinates":[[[13.983610725851216,46.32190907723215],[13.983277594809374,46.32182361757245],[13.983528398577965,46.32206290801371],[13.983610725851216,46.32190907723215]]]}},{"type":"Feature","properties":{"_zoneType":"SI_BUILT","name":"Pozidano zemljišče","authority":"MKGP","dataSource":"raba-3000"},"geometry":{"type":"Polygon","coordinates":[[[13.985127867388432,46.22221235971497],[13.984734893203193,46.221812028530465],[13.98289047491872,46.22199699671672],[13.984270152727674,46.22281363291918],[13.985127867388432,46.22221235971497]]]}},{"type":"Feature","properties":{"_zoneType":"SI_BUILT","name":"Pozidano zemljišče","authority":"MKGP","dataSource":"raba-3000"},"geometry":{"type":"Polygon","coordinates":[[[13.983213292033886,46.317048778124324],[13.982935228387278,46.316958491585595],[13.983065231493855,46.31721239889602],[13.983213292033886,46.317048778124324]]]}},{"type":"Feature","properties":{"_zoneType":"SI_BUILT","name":"Pozidano zemljišče","authority":"MKGP","dataSource":"raba-3000"},"geometry":{"type":"Polygon","coordinates":[[[13.98196651869569,46.314590953171745],[13.982028287069797,46.314768343981285],[13.982251704386467,46.31454578861308],[13.98196651869569,46.314590953171745]]]}},{"type":"Feature","properties":{"_zoneType":"SI_BUILT","name":"Pozidano zemljišče","authority":"MKGP","dataSource":"raba-3000"},"geometry":{"type":"Polygon","coordinates":[[[13.980824247067817,46.36793764289326],[13.980705405320888,46.36812144539584],[13.981140812499307,46.36805644603959],[13.980824247067817,46.36793764289326]]]}},{"type":"Feature","properties":{"_zoneType":"SI_BUILT","name":"Pozidano zemljišče","authority":"MKGP","dataSource":"raba-3000"},"geometry":{"type":"Polygon","coordinates":[[[13.983086701173592,46.216176325992755],[13.983504338465414,46.216152566664334],[13.983014316709035,46.215873810481895],[13.983086701173592,46.216176325992755]]]}},{"type":"Feature","properties":{"_zoneType":"SI_BUILT","name":"Pozidano zemljišče","authority":"MKGP","dataSource":"raba-3000"},"geometry":{"type":"Polygon","coordinates":[[[13.97975235118055,46.37639880771042],[13.979731826452378,46.37651411994618],[13.9803858943,46.37670197145876],[13.97975235118055,46.37639880771042]]]}},{"type":"Feature","properties":{"_zoneType":"SI_BUILT","name":"Pozidano zemljišče","authority":"MKGP","dataSource":"raba-3000"},"geometry":{"type":"Polygon","coordinates":[[[13.978014413979054,46.3867365674991],[13.978277203595507,46.38686055437796],[13.978154046082363,46.386582956448166],[13.978014413979054,46.3867365674991]]]}},{"type":"Feature","properties":{"_zoneType":"SI_BUILT","name":"Pozidano zemljišče","authority":"MKGP","dataSource":"raba-3000"},"geometry":{"type":"Polygon","coordinates":[[[13.980757480585364,46.236990978074886],[13.980646599038975,46.2368386193198],[13.980403320759734,46.23715579958145],[13.980757480585364,46.236990978074886]]]}},{"type":"Feature","properties":{"_zoneType":"SI_BUILT","name":"Pozidano zemljišče","authority":"MKGP","dataSource":"raba-3000"},"geometry":{"type":"Polygon","coordinates":[[[13.980255671222077,46.22610639301473],[13.97936248889245,46.22613291406991],[13.98010304405758,46.226511835376904],[13.980255671222077,46.22610639301473]]]}},{"type":"Feature","properties":{"_zoneType":"SI_BUILT","name":"Pozidano zemljišče","authority":"MKGP","dataSource":"raba-3000"},"geometry":{"type":"Polygon","coordinates":[[[13.9783611961086,46.32258976561431],[13.97776062639716,46.32197111531177],[13.978143492190629,46.32267702273632],[13.9783611961086,46.32258976561431]]]}},{"type":"Feature","properties":{"_zoneType":"SI_BUILT","name":"Pozidano zemljišče","authority":"MKGP","dataSource":"raba-3000"},"geometry":{"type":"Polygon","coordinates":[[[13.97980930942384,46.22462930861044],[13.97981217227395,46.224474774800534],[13.979495311168666,46.22462650594885],[13.97980930942384,46.22462930861044]]]}},{"type":"Feature","properties":{"_zoneType":"SI_BUILT","name":"Pozidano zemljišče","authority":"MKGP","dataSource":"raba-3000"},"geometry":{"type":"Polygon","coordinates":[[[13.976617898008534,46.36744125614829],[13.976240206091784,46.36706382510698],[13.976375034153211,46.3675787589734],[13.976617898008534,46.36744125614829]]]}},{"type":"Feature","properties":{"_zoneType":"SI_BUILT","name":"Pozidano zemljišče","authority":"MKGP","dataSource":"raba-3000"},"geometry":{"type":"Polygon","coordinates":[[[13.978267531641462,46.26149577336246],[13.975812807612673,46.261032741059964],[13.97659591114178,46.262918686808526],[13.978267531641462,46.26149577336246]]]}},{"type":"Feature","properties":{"_zoneType":"SI_BUILT","name":"Pozidano zemljišče","authority":"MKGP","dataSource":"raba-3000"},"geometry":{"type":"Polygon","coordinates":[[[13.974821216294197,46.37550209777852],[13.97385828914862,46.3740727142967],[13.973825014600308,46.37554178462488],[13.974821216294197,46.37550209777852]]]}},{"type":"Feature","properties":{"_zoneType":"SI_BUILT","name":"Pozidano zemljišče","authority":"MKGP","dataSource":"raba-3000"},"geometry":{"type":"Polygon","coordinates":[[[13.97748311422205,46.2269280154146],[13.976739607533611,46.22629296600848],[13.975520677515718,46.22696724836474],[13.97618188909726,46.22751962523975],[13.97748311422205,46.2269280154146]]]}},{"type":"Feature","properties":{"_zoneType":"SI_BUILT","name":"Pozidano zemljišče","authority":"MKGP","dataSource":"raba-3000"},"geometry":{"type":"Polygon","coordinates":[[[13.97552905822559,46.31759002102278],[13.975221581417019,46.31755675113144],[13.975490180961971,46.3177361687609],[13.97552905822559,46.31759002102278]]]}},{"type":"Feature","properties":{"_zoneType":"SI_BUILT","name":"Pozidano zemljišče","authority":"MKGP","dataSource":"raba-3000"},"geometry":{"type":"Polygon","coordinates":[[[13.968559768134156,46.222472567017924],[13.971156020013346,46.22410709674859],[13.97254118420338,46.22398573995807],[13.973642988459996,46.226098426923166],[13.975988364887623,46.22548367978664],[13.973815884628777,46.225150239732486],[13.972189346216032,46.22352756844346],[13.972594457519063,46.221570704405806],[13.97093075480766,46.2231527163445],[13.968913099696723,46.22230196936443],[13.96836823517521,46.22088413190382],[13.967546226714948,46.22258647702403],[13.965918904063598,46.22226010103982],[13.965695969014417,46.21983187277789],[13.964990147646338,46.22314747468401],[13.968559768134156,46.222472567017924]]]}},{"type":"Feature","properties":{"_zoneType":"SI_BUILT","name":"Pozidano zemljišče","authority":"MKGP","dataSource":"raba-3000"},"geometry":{"type":"Polygon","coordinates":[[[13.977125616202782,46.225022142061476],[13.976792053878702,46.22488859307089],[13.97695637468402,46.22524002669743],[13.977125616202782,46.225022142061476]]]}},{"type":"Feature","properties":{"_zoneType":"SI_BUILT","name":"Pozidano zemljišče","authority":"MKGP","dataSource":"raba-3000"},"geometry":{"type":"Polygon","coordinates":[[[13.975023376573224,46.31899334363929],[13.974757863974608,46.3188916709888],[13.974911046093592,46.319138155488076],[13.975023376573224,46.31899334363929]]]}},{"type":"Feature","properties":{"_zoneType":"SI_BUILT","name":"Pozidano zemljišče","authority":"MKGP","dataSource":"raba-3000"},"geometry":{"type":"Polygon","coordinates":[[[13.974828277299569,46.322772685352746],[13.974326057360365,46.32254258803284],[13.974698158670142,46.32287717782416],[13.974828277299569,46.322772685352746]]]}},{"type":"Feature","properties":{"_zoneType":"SI_BUILT","name":"Pozidano zemljišče","authority":"MKGP","dataSource":"raba-3000"},"geometry":{"type":"Polygon","coordinates":[[[13.974608029219105,46.32678020134505],[13.974304995169812,46.32672604163426],[13.97451219054613,46.32694688968094],[13.974608029219105,46.32678020134505]]]}},{"type":"Feature","properties":{"_zoneType":"SI_BUILT","name":"Pozidano zemljišče","authority":"MKGP","dataSource":"raba-3000"},"geometry":{"type":"Polygon","coordinates":[[[13.976204076138046,46.236468401825704],[13.97621765579894,46.23618607223025],[13.975602400549546,46.23643162043126],[13.976204076138046,46.236468401825704]]]}},{"type":"Feature","properties":{"_zoneType":"SI_BUILT","name":"Pozidano zemljišče","authority":"MKGP","dataSource":"raba-3000"},"geometry":{"type":"Polygon","coordinates":[[[13.9749231188142,46.27539340529166],[13.974918672006728,46.27518604813946],[13.974565106127146,46.27539796755347],[13.9749231188142,46.27539340529166]]]}},{"type":"Feature","properties":{"_zoneType":"SI_BUILT","name":"Pozidano zemljišče","authority":"MKGP","dataSource":"raba-3000"},"geometry":{"type":"Polygon","coordinates":[[[13.975109784164408,46.26019369589796],[13.974758180620839,46.259923579938864],[13.974042537190885,46.26013528879301],[13.975109784164408,46.26019369589796]]]}},{"type":"Feature","properties":{"_zoneType":"SI_BUILT","name":"Pozidano zemljišče","authority":"MKGP","dataSource":"raba-3000"},"geometry":{"type":"Polygon","coordinates":[[[13.975154034977034,46.24123043730136],[13.975398899543839,46.24043457089737],[13.974444574013107,46.24070994275383],[13.975154034977034,46.24123043730136]]]}},{"type":"Feature","properties":{"_zoneType":"SI_BUILT","name":"Pozidano zemljišče","authority":"MKGP","dataSource":"raba-3000"},"geometry":{"type":"Polygon","coordinates":[[[13.972827683118014,46.372870753966914],[13.972847256026041,46.37275465677208],[13.972004944283013,46.372349474791996],[13.972827683118014,46.372870753966914]]]}},{"type":"Feature","properties":{"_zoneType":"SI_BUILT","name":"Pozidano zemljišče","authority":"MKGP","dataSource":"raba-3000"},"geometry":{"type":"Polygon","coordinates":[[[13.975091046240506,46.22045240671301],[13.975095883777781,46.22061746553039],[13.975377590101187,46.22045113449682],[13.975091046240506,46.22045240671301]]]}},{"type":"Feature","properties":{"_zoneType":"SI_BUILT","name":"Pozidano zemljišče","authority":"MKGP","dataSource":"raba-3000"},"geometry":{"type":"Polygon","coordinates":[[[13.974590637994572,46.24754168909078],[13.974580987358486,46.24437139727852],[13.973348642380406,46.246985046599306],[13.974590637994572,46.24754168909078]]]}},{"type":"Feature","properties":{"_zoneType":"SI_BUILT","name":"Pozidano zemljišče","authority":"MKGP","dataSource":"raba-3000"},"geometry":{"type":"Polygon","coordinates":[[[13.97507621107004,46.221688680238685],[13.974640857388732,46.221354991145176],[13.97470406159702,46.221844862829606],[13.97507621107004,46.221688680238685]]]}},{"type":"Feature","properties":{"_zoneType":"SI_BUILT","name":"Pozidano zemljišče","authority":"MKGP","dataSource":"raba-3000"},"geometry":{"type":"Polygon","coordinates":[[[13.972875778879986,46.31121841647252],[13.973380714528185,46.310314248717596],[13.972456551140656,46.31080661646974],[13.972875778879986,46.31121841647252]]]}},{"type":"Feature","properties":{"_zoneType":"SI_BUILT","name":"Pozidano zemljišče","authority":"MKGP","dataSource":"raba-3000"},"geometry":{"type":"Polygon","coordinates":[[[13.974240444907423,46.25201401731074],[13.966555370428576,46.25058621744972],[13.962520278139882,46.25042981806759],[13.973197175140628,46.252289699767886],[13.974240444907423,46.25201401731074]]]}},{"type":"Feature","properties":{"_zoneType":"SI_BUILT","name":"Pozidano zemljišče","authority":"MKGP","dataSource":"raba-3000"},"geometry":{"type":"Polygon","coordinates":[[[13.972419651719308,46.26905556141878],[13.97267726241567,46.26919061076092],[13.97259713766358,46.268894122074585],[13.972419651719308,46.26905556141878]]]}},{"type":"Feature","properties":{"_zoneType":"SI_BUILT","name":"Pozidano zemljišče","authority":"MKGP","dataSource":"raba-3000"},"geometry":{"type":"Polygon","coordinates":[[[13.971508420933633,46.31174071673262],[13.971685464161565,46.31195447352744],[13.971821224535729,46.31162726815794],[13.971508420933633,46.31174071673262]]]}},{"type":"Feature","properties":{"_zoneType":"SI_BUILT","name":"Pozidano zemljišče","authority":"MKGP","dataSource":"raba-3000"},"geometry":{"type":"Polygon","coordinates":[[[13.971710971761214,46.32056050491724],[13.97164381436618,46.32037543970608],[13.971255431578157,46.320711722896846],[13.971710971761214,46.32056050491724]]]}},{"type":"Feature","properties":{"_zoneType":"SI_BUILT","name":"Pozidano zemljišče","authority":"MKGP","dataSource":"raba-3000"},"geometry":{"type":"Polygon","coordinates":[[[13.968923866405685,46.23797327110467],[13.972728393173341,46.239270209267325],[13.968984520347208,46.23774022725108],[13.962745770269327,46.2384700084161],[13.96401945724604,46.23910633508237],[13.968923866405685,46.23797327110467]]]}},{"type":"Feature","properties":{"_zoneType":"SI_BUILT","name":"Pozidano zemljišče","authority":"MKGP","dataSource":"raba-3000"},"geometry":{"type":"Polygon","coordinates":[[[13.972272975905565,46.242276190183944],[13.971680214665955,46.24273133068698],[13.972343724955557,46.242708398030715],[13.972272975905565,46.242276190183944]]]}},{"type":"Feature","properties":{"_zoneType":"SI_BUILT","name":"Pozidano zemljišče","authority":"MKGP","dataSource":"raba-3000"},"geometry":{"type":"Polygon","coordinates":[[[13.971024148944199,46.25984778782506],[13.97115028290789,46.2600027012466],[13.971294360264155,46.259729376866794],[13.971024148944199,46.25984778782506]]]}},{"type":"Feature","properties":{"_zoneType":"SI_BUILT","name":"Pozidano zemljišče","authority":"MKGP","dataSource":"raba-3000"},"geometry":{"type":"Polygon","coordinates":[[[13.970421195687987,46.263402644280994],[13.97045080456,46.26355557733248],[13.970756743211146,46.26336319848808],[13.970421195687987,46.263402644280994]]]}},{"type":"Feature","properties":{"_zoneType":"SI_BUILT","name":"Pozidano zemljišče","authority":"MKGP","dataSource":"raba-3000"},"geometry":{"type":"Polygon","coordinates":[[[13.968228107446109,46.31226026756875],[13.967468778209147,46.31216618320777],[13.966965115386273,46.31312683325713],[13.967769275534573,46.31298501487391],[13.968228107446109,46.31226026756875]]]}},{"type":"Feature","properties":{"_zoneType":"SI_BUILT","name":"Pozidano zemljišče","authority":"MKGP","dataSource":"raba-3000"},"geometry":{"type":"Polygon","coordinates":[[[13.96868902038873,46.269439340397234],[13.968378996382016,46.26944219840491],[13.968670103467652,46.26962141963317],[13.96868902038873,46.269439340397234]]]}},{"type":"Feature","properties":{"_zoneType":"SI_BUILT","name":"Pozidano zemljišče","authority":"MKGP","dataSource":"raba-3000"},"geometry":{"type":"Polygon","coordinates":[[[13.966269959588745,46.39166445041714],[13.965425395852494,46.39138992846485],[13.964854304348659,46.391811461412054],[13.965655870177095,46.392225166831224],[13.966269959588745,46.39166445041714]]]}},{"type":"Feature","properties":{"_zoneType":"SI_BUILT","name":"Pozidano zemljišče","authority":"MKGP","dataSource":"raba-3000"},"geometry":{"type":"Polygon","coordinates":[[[13.966995977484384,46.322079574264514],[13.967038402627201,46.32225876839088],[13.967371391099327,46.32203973653238],[13.966995977484384,46.322079574264514]]]}},{"type":"Feature","properties":{"_zoneType":"SI_BUILT","name":"Pozidano zemljišče","authority":"MKGP","dataSource":"raba-3000"},"geometry":{"type":"Polygon","coordinates":[[[13.966892808509549,46.31398549834733],[13.967206255529774,46.314009345603665],[13.966946904890108,46.313808117768986],[13.966892808509549,46.31398549834733]]]}},{"type":"Feature","properties":{"_zoneType":"SI_BUILT","name":"Pozidano zemljišče","authority":"MKGP","dataSource":"raba-3000"},"geometry":{"type":"Polygon","coordinates":[[[13.966893910389095,46.257260892215385],[13.967096052368746,46.257398652438866],[13.967119046578434,46.2571037687713],[13.966893910389095,46.257260892215385]]]}},{"type":"Feature","properties":{"_zoneType":"SI_BUILT","name":"Pozidano zemljišče","authority":"MKGP","dataSource":"raba-3000"},"geometry":{"type":"Polygon","coordinates":[[[13.964969508468055,46.313352845320445],[13.965213781982394,46.313443670648674],[13.965104137749671,46.31320218532714],[13.964969508468055,46.313352845320445]]]}},{"type":"Feature","properties":{"_zoneType":"SI_BUILT","name":"Pozidano zemljišče","authority":"MKGP","dataSource":"raba-3000"},"geometry":{"type":"Polygon","coordinates":[[[13.964993393365582,46.32205350263384],[13.964661263611873,46.32193990607634],[13.964842573121821,46.32220136828238],[13.964993393365582,46.32205350263384]]]}},{"type":"Feature","properties":{"_zoneType":"SI_BUILT","name":"Pozidano zemljišče","authority":"MKGP","dataSource":"raba-3000"},"geometry":{"type":"Polygon","coordinates":[[[13.963637684037865,46.329747693661524],[13.964692226335488,46.32986021834401],[13.96369786652642,46.329575167802076],[13.963637684037865,46.329747693661524]]]}},{"type":"Feature","properties":{"_zoneType":"SI_BUILT","name":"Pozidano zemljišče","authority":"MKGP","dataSource":"raba-3000"},"geometry":{"type":"Polygon","coordinates":[[[13.964405029171047,46.31163586867837],[13.964067056830961,46.31154109061824],[13.964296314744908,46.3117937313405],[13.964405029171047,46.31163586867837]]]}},{"type":"Feature","properties":{"_zoneType":"SI_BUILT","name":"Pozidano zemljišče","authority":"MKGP","dataSource":"raba-3000"},"geometry":{"type":"Polygon","coordinates":[[[13.964782794807684,46.31080932167074],[13.964459573621422,46.31076053053647],[13.964739889991927,46.31097083495128],[13.964782794807684,46.31080932167074]]]}},{"type":"Feature","properties":{"_zoneType":"SI_BUILT","name":"Pozidano zemljišče","authority":"MKGP","dataSource":"raba-3000"},"geometry":{"type":"Polygon","coordinates":[[[13.96436345189012,46.28108889184107],[13.964451616153553,46.28125017572549],[13.964634959409109,46.28101717452666],[13.96436345189012,46.28108889184107]]]}},{"type":"Feature","properties":{"_zoneType":"SI_BUILT","name":"Pozidano zemljišče","authority":"MKGP","dataSource":"raba-3000"},"geometry":{"type":"Polygon","coordinates":[[[13.962007735566756,46.39357453857811],[13.961292131051804,46.39394878786727],[13.9620789332589,46.39376265544386],[13.962007735566756,46.39357453857811]]]}},{"type":"Feature","properties":{"_zoneType":"SI_BUILT","name":"Pozidano zemljišče","authority":"MKGP","dataSource":"raba-3000"},"geometry":{"type":"Polygon","coordinates":[[[13.964036810907547,46.28940887979373],[13.963758295088612,46.289353559065006],[13.963806924359147,46.289742110817045],[13.964036810907547,46.28940887979373]]]}},{"type":"Feature","properties":{"_zoneType":"SI_BUILT","name":"Pozidano zemljišče","authority":"MKGP","dataSource":"raba-3000"},"geometry":{"type":"Polygon","coordinates":[[[13.99975666463716,46.39556637240585],[13.999427425897723,46.39554418727588],[13.999720826201152,46.39574710432758],[13.99975666463716,46.39556637240585]]]}},{"type":"Feature","properties":{"_zoneType":"SI_BUILT","name":"Pozidano zemljišče","authority":"MKGP","dataSource":"raba-3000"},"geometry":{"type":"Polygon","coordinates":[[[13.965061896242442,46.395801480947085],[13.964914726651399,46.395694161814326],[13.963061050542429,46.39599957107395],[13.965061896242442,46.395801480947085]]]}},{"type":"Feature","properties":{"_zoneType":"SI_BUILT","name":"Pozidano zemljišče","authority":"MKGP","dataSource":"raba-3000"},"geometry":{"type":"Polygon","coordinates":[[[13.961235676408768,46.39507193132376],[13.96053615352666,46.39505398486769],[13.960649562279695,46.395525441858005],[13.961235676408768,46.39507193132376]]]}}]}