{"type":"FeatureCollection","features":[{"type":"Feature","properties":{"_zoneType":"SI_BUILT","name":"Pozidano zemljišče","authority":"MKGP","dataSource":"raba-3000"},"geometry":{"type":"Polygon","coordinates":[[[14.8,46.03528803465461],[14.8,46.036572536903996],[14.801049577158887,46.03601441430624],[14.8,46.03528803465461]]]}},{"type":"Feature","properties":{"_zoneType":"SI_BUILT","name":"Pozidano zemljišče","authority":"MKGP","dataSource":"raba-3000"},"geometry":{"type":"Polygon","coordinates":[[[14.803117809203291,46.03304339160319],[14.801942598205619,46.03516925489287],[14.804540528936691,46.031493676980496],[14.809370815370972,46.034276461691995],[14.81063558717503,46.030302302002866],[14.80762910707405,46.02811254176138],[14.80947477851618,46.02659494919021],[14.81176184053188,46.02715162650547],[14.812159364311482,46.026203952137],[14.815602367408255,46.02510643637695],[14.822117466706159,46.028088307557994],[14.820904700067906,46.024718698766875],[14.822993348492897,46.02590522883923],[14.82551855379722,46.02585650149191],[14.82290015402809,46.02557301359047],[14.822194138067031,46.02448929915806],[14.823975518506296,46.023857490043696],[14.820744478364666,46.02171155471279],[14.825544605026101,46.02019561760579],[14.82702358727524,46.021331579143066],[14.828652440651956,46.01893700247427],[14.830645833761334,46.01925358656975],[14.83234549559629,46.021804787210726],[14.833732061385524,46.0209742474016],[14.83529303718972,46.021707702787204],[14.836365917683464,46.02512992025124],[14.833719305399889,46.026179004898836],[14.833493396237571,46.0245782366476],[14.830561687126421,46.02434069237041],[14.829459048863432,46.02619084509403],[14.827134271121428,46.02675606871817],[14.826759959170781,46.02766439805836],[14.823127944982392,46.028238884072195],[14.827413450695737,46.02886316461454],[14.829513571744751,46.02653320992008],[14.832636218774534,46.02507568002617],[14.834003249896046,46.02690258541205],[14.83625396500037,46.026539189353365],[14.839045514772558,46.029115782460785],[14.83780096283285,46.02999344398873],[14.83895999861157,46.029979508507466],[14.84,46.03102886340229],[14.84,46.0300359338837],[14.837085944406951,46.02711754812639],[14.836799372797806,46.02626930455683],[14.83784513969223,46.02603289535053],[14.84,46.02788866966763],[14.84,46.02686850924286],[14.839451679066777,46.02612689726712],[14.84,46.02529026383131],[14.84,46.023425229857274],[14.837957188843069,46.02454215549594],[14.838050595270524,46.022931968501254],[14.84,46.021899559520044],[14.84,46.01897639298093],[14.839552902634656,46.021061524592675],[14.837367534483064,46.02327474446752],[14.836170411572008,46.02231702899358],[14.836272129613386,46.02113432594979],[14.83797477830277,46.02018283858546],[14.836934550936125,46.01987478760465],[14.835382705562695,46.0211078847177],[14.830825464982341,46.01759883990497],[14.831140192831926,46.01654438950841],[14.833014832043762,46.01645743220183],[14.831158018246045,46.01579135525607],[14.830425727142748,46.01380337531397],[14.831180960099267,46.01286391319079],[14.83390516683141,46.012576196386206],[14.832596724600027,46.01233907893979],[14.830112359254949,46.01324238957724],[14.829020998087948,46.01230109061398],[14.83030786989039,46.010967364710496],[14.82874246572043,46.0104508905107],[14.829187905973377,46.00883832299312],[14.831500885934947,46.00787329370134],[14.82985073820294,46.00785571306497],[14.828839123824658,46.00631447473858],[14.827052224189323,46.00913439631727],[14.827124498098405,46.01099744435993],[14.82478008468874,46.01006073021512],[14.823809318802061,46.008592046440256],[14.820582022095593,46.0085740725203],[14.820468016663517,46.00596001547521],[14.819946185819711,46.008325183245184],[14.81437750473661,46.008799279763764],[14.812589665417315,46.00805164638289],[14.81098174089311,46.00582306103994],[14.80937622669243,46.005685864389925],[14.810207820946708,46.00639598142365],[14.809484773170624,46.006974664206545],[14.805961972237837,46.005185774595624],[14.80567423612578,46.00405785589516],[14.80723624747881,46.004306032512645],[14.807734850481834,46.00280339937806],[14.806652797248237,46.00289496463045],[14.806178111557958,46.00136284532822],[14.80450210465701,46.0],[14.80377324756734,46.0],[14.803572538600164,46.00085506357676],[14.805953627100676,46.00168305764031],[14.805609447891158,46.00288046126084],[14.804040691833631,46.003193060209576],[14.805674065593397,46.00543904125533],[14.810136757467253,46.008149553620385],[14.811119176900808,46.0062973893821],[14.812129783861648,46.00817445711822],[14.814346134644522,46.00905413084328],[14.819471098128014,46.00858726808128],[14.824343441208484,46.009975088784216],[14.822111705022582,46.00997197830225],[14.824035581020654,46.01212583974857],[14.82559762878336,46.01207325047612],[14.824383716412722,46.01502076115269],[14.821154277494864,46.01615912992635],[14.82021603480218,46.0154519835871],[14.82100357302661,46.0165854317193],[14.82031663168418,46.017024034818824],[14.81785067405379,46.016137093997145],[14.818726325046025,46.01730147402043],[14.821224805178803,46.01790527208362],[14.824465936085826,46.0166507146722],[14.828839628814993,46.01842089806771],[14.824351709559929,46.02011935316937],[14.823483991790303,46.01971897317518],[14.81532916677446,46.02043021698334],[14.812695168664627,46.0184675809203],[14.812578986017154,46.01541739924168],[14.811802533060016,46.019380546722246],[14.809692863042777,46.019757581026866],[14.803383449411912,46.01643347327616],[14.80450330658972,46.01894993969434],[14.80400086092268,46.020229813380766],[14.802819476521323,46.02118677773444],[14.800640408747169,46.021122277522636],[14.8,46.02196750589309],[14.8,46.02203568521732],[14.801377758831963,46.02397046424572],[14.802749374247162,46.024582360383945],[14.800858004185232,46.02490687604319],[14.8014028323811,46.02947210129479],[14.8,46.03053589623131],[14.8,46.03217371537917],[14.800011430934783,46.03216858998193],[14.802144621024965,46.028224748434305],[14.807389858030461,46.028468037056314],[14.810036386369486,46.030020424066166],[14.810156477120323,46.03165348511854],[14.808783177121603,46.03264512893968],[14.804547193984067,46.03103348784996],[14.80378176963266,46.03227876978652],[14.801615563217322,46.03201698995443],[14.80159121722044,46.03279499664222],[14.8,46.033360328241145],[14.8,46.03450758240287],[14.800169546520294,46.03354283734848],[14.803117809203291,46.03304339160319]],[[14.833544959285364,46.020276080046784],[14.832588505325829,46.02119501354416],[14.832003401282616,46.02052313048416],[14.832692256049699,46.01969471034065],[14.833544959285364,46.020276080046784]],[[14.82796786181328,46.01503157154608],[14.830445210560436,46.01576109337984],[14.829618744605844,46.01671184374109],[14.830397035817889,46.01772229579556],[14.826857916258822,46.01559584033009],[14.825946428363899,46.013638858116956],[14.827126288333204,46.01342563180147],[14.82796786181328,46.01503157154608]],[[14.82678222830413,46.01220887226146],[14.828917960658796,46.01259576410447],[14.830021230331075,46.01407733330364],[14.828688182538178,46.014471017868495],[14.82678222830413,46.01220887226146]],[[14.827200939152952,46.019660381174155],[14.827071247218347,46.020091980853145],[14.82629322840751,46.01961838696977],[14.827200939152952,46.019660381174155]],[[14.825781659409902,46.01500514288549],[14.825238088551346,46.01526414932628],[14.825306593081455,46.01437673675402],[14.825781659409902,46.01500514288549]],[[14.822506119078014,46.01647246462834],[14.822027609870931,46.01700788752593],[14.821273855864327,46.01637657807726],[14.822506119078014,46.01647246462834]],[[14.805053626133931,46.01755418148697],[14.810699070343517,46.02070790760927],[14.811077103460658,46.01978367573545],[14.812149238196561,46.020921048171736],[14.814194420017243,46.020256039066055],[14.814180543971956,46.02170433870952],[14.816086686875735,46.02145315373291],[14.815426873394388,46.022859050496976],[14.8163206122035,46.021904807448244],[14.817998742334959,46.022457761627834],[14.816244940134656,46.02036319191927],[14.821018389195133,46.02059083679758],[14.81937211116264,46.022048698132345],[14.819074679869507,46.023692518395066],[14.821099410833579,46.022956381753666],[14.822162346171938,46.023580789092364],[14.818937977328662,46.0260738465371],[14.815390465841226,46.02436005270708],[14.813255667716117,46.025652168934656],[14.806969109869382,46.02423313233852],[14.80895034971325,46.024752441177384],[14.809232456084441,46.025664291606624],[14.80767056426931,46.02633696132472],[14.805791869111884,46.02823104235125],[14.802040970380355,46.02777794018588],[14.802253614964377,46.02549254068023],[14.804432203019621,46.02480727382974],[14.803662098123327,46.023800677354195],[14.801733497094107,46.02389176583663],[14.804932570883224,46.02032027500547],[14.805053626133931,46.01755418148697]],[[14.808939518537294,46.02658233464642],[14.808354503939643,46.02738373800156],[14.808101073671466,46.02642804743462],[14.808939518537294,46.02658233464642]],[[14.800401300193155,46.02200528260401],[14.800827302402823,46.02139745960912],[14.801541129433826,46.02221284620814],[14.800401300193155,46.02200528260401]]]}},{"type":"Feature","properties":{"_zoneType":"SI_BUILT","name":"Pozidano zemljišče","authority":"MKGP","dataSource":"raba-3000"},"geometry":{"type":"Polygon","coordinates":[[[14.839758982451496,46.03748329082239],[14.836589327687788,46.0367809111251],[14.84,46.03906315115001],[14.84,46.03778272780698],[14.839758982451496,46.03748329082239]]]}},{"type":"Feature","properties":{"_zoneType":"SI_BUILT","name":"Pozidano zemljišče","authority":"MKGP","dataSource":"raba-3000"},"geometry":{"type":"Polygon","coordinates":[[[14.838866621095933,46.0],[14.83890622410976,46.00069667870988],[14.834010984199095,46.00128716768078],[14.835171193311703,46.00164043541954],[14.83516083106312,46.00275668071233],[14.839398301240932,46.00077191262665],[14.84,46.00077261281635],[14.84,46.0],[14.838866621095933,46.0]]]}},{"type":"Feature","properties":{"_zoneType":"SI_BUILT","name":"Pozidano zemljišče","authority":"MKGP","dataSource":"raba-3000"},"geometry":{"type":"Polygon","coordinates":[[[14.837529211855516,46.009002266327315],[14.835359418847794,46.01099173275911],[14.836650372468041,46.01225601886275],[14.833595205402146,46.01376835697884],[14.835975883080435,46.01371128331345],[14.835292934717687,46.01555362609571],[14.837385737699776,46.01582959843238],[14.83670326397888,46.017128437971856],[14.84,46.01711589322016],[14.84,46.01644326723882],[14.836699693080304,46.01432294355795],[14.837272813152143,46.01213673056487],[14.835854255471641,46.0109282042547],[14.83784832916995,46.00916157565641],[14.84,46.00858286401964],[14.84,46.00819282663013],[14.837529211855516,46.009002266327315]]]}},{"type":"Feature","properties":{"_zoneType":"SI_BUILT","name":"Pozidano zemljišče","authority":"MKGP","dataSource":"raba-3000"},"geometry":{"type":"Polygon","coordinates":[[[14.802391568759866,46.00886049880387],[14.80370012844396,46.00873669471017],[14.803175021641287,46.010297435835675],[14.801472602188806,46.01131438847731],[14.803354102158718,46.013029373700846],[14.803111073171953,46.01143824737583],[14.804648281774686,46.01082823456173],[14.803493028319313,46.010656073278646],[14.804073010459845,46.0085359353805],[14.800889236149558,46.00531743073459],[14.801611612665116,46.004029890615435],[14.800184145731777,46.001847003591884],[14.802264207560562,46.0],[14.801424045502065,46.0],[14.801469584235921,46.000152676356514],[14.8,46.00149119147252],[14.8,46.00279159602046],[14.800673128539263,46.00314312189795],[14.8,46.004348266221086],[14.8,46.00596423253647],[14.8019342729753,46.007125474545084],[14.802391568759866,46.00886049880387]]]}},{"type":"Feature","properties":{"_zoneType":"SI_BUILT","name":"Pozidano zemljišče","authority":"MKGP","dataSource":"raba-3000"},"geometry":{"type":"Polygon","coordinates":[[[14.841106833013834,46.03214565098906],[14.840178161181411,46.03337103307224],[14.841320074860466,46.03605907992646],[14.842652454241628,46.03652159771644],[14.840690760544726,46.03864091948586],[14.84,46.03778272780698],[14.84,46.03906315115001],[14.840939629213262,46.039691900910405],[14.845489259615338,46.03969814188814],[14.843074801741391,46.03571020974247],[14.844664404901602,46.03425720673165],[14.845793298600189,46.037491492489565],[14.849156276294805,46.03828176877414],[14.852474522006359,46.03682846180524],[14.849097624770964,46.037561411436464],[14.846257266928092,46.03677713528051],[14.844263204120708,46.03059896628989],[14.846033698247721,46.02947988120899],[14.847465348525422,46.03068103578631],[14.847335829512161,46.02925699044003],[14.848625707204725,46.028920991014225],[14.848874583277947,46.027552091291525],[14.852297051495334,46.02581373120865],[14.853196592409974,46.027012780308034],[14.85253429310777,46.02955449194953],[14.85477841603641,46.029216102557854],[14.853562894009787,46.028659712547906],[14.853510918691411,46.027361803641476],[14.854793059250675,46.02405495271345],[14.853022168131186,46.023964175080394],[14.853099008463499,46.0231246769766],[14.86129217225538,46.024999627717655],[14.856183814135498,46.02268588897293],[14.859786463961806,46.01720333099665],[14.857679613214689,46.01563160771169],[14.857858499245513,46.01456514089504],[14.860665628733262,46.01369703082929],[14.861594929157556,46.01230164232127],[14.86663406022388,46.01296213735491],[14.86714164283584,46.01388001449896],[14.866186071071764,46.01528615517329],[14.86759664185572,46.01399782063957],[14.870318261385545,46.01531616254756],[14.870279132255774,46.014500288166616],[14.872469638080096,46.01491509004488],[14.876217732301004,46.01258493228299],[14.877981478188222,46.01287229147397],[14.878591549916198,46.01452840833589],[14.88,46.015277674401815],[14.88,46.01454175185204],[14.87715786897877,46.0120433767186],[14.878460260273894,46.01028775416399],[14.88,46.01056824360825],[14.88,46.010327136449845],[14.877937381626468,46.01014997452629],[14.876606641657558,46.01201111533908],[14.872384952242152,46.014420576584655],[14.867954799601147,46.01359690629559],[14.870679044838818,46.01122015399595],[14.867304990401191,46.012792537905696],[14.864468920029902,46.01259596971502],[14.863017960937796,46.011975789982785],[14.862053910906992,46.00991136504797],[14.864634121856017,46.00826925026941],[14.862028369490055,46.00847976367933],[14.862885987494563,46.00679048677773],[14.866418214353102,46.00530662330873],[14.868169328900125,46.00537114290969],[14.869457806525835,46.00697311614122],[14.869462691134839,46.0045509336801],[14.87134752537583,46.00129264803434],[14.875561311953204,46.00385232404132],[14.873954699213481,46.0018698389116],[14.876876883098072,46.00065073201799],[14.876039534549134,46.0],[14.873364432130101,46.0],[14.875580729838639,46.00057050361812],[14.875169748464902,46.0012641824568],[14.8719652609408,46.00108852969818],[14.871423601506683,46.0],[14.868852122059472,46.0],[14.867767821415994,46.00062968254226],[14.870237893975043,46.001564481903586],[14.869835213171777,46.00333980077948],[14.868890751766907,46.00464890265877],[14.862219216068187,46.005688760120286],[14.858819524691233,46.00385110958379],[14.861240668376713,46.00533015732451],[14.859632138248768,46.00669667929042],[14.861407759201388,46.00785303740579],[14.859475392935956,46.00871645673279],[14.860004170639447,46.01299822033259],[14.857944819094804,46.01383819116712],[14.852702431775704,46.01204501812535],[14.853357595365235,46.01082433921318],[14.852014332709524,46.01147713102638],[14.850912240491034,46.01012074718147],[14.847805684525238,46.008975784304745],[14.850057389246356,46.00635789138205],[14.85613345030289,46.00634479032796],[14.858512619884918,46.00490153055568],[14.856221110048793,46.00604021729851],[14.85282662162335,46.006115877932864],[14.845470883184856,46.005059393313964],[14.846277961859712,46.002728018900676],[14.845491598707522,46.00195310500361],[14.848199008435182,46.00160486553333],[14.846620768169096,46.00068684756486],[14.844017647881838,46.001173258967555],[14.843528081720612,46.0002573771366],[14.843898979639492,46.0],[14.84,46.0],[14.84,46.00077261281635],[14.842493522040037,46.00077551449832],[14.843805567060617,46.00195522286631],[14.842629129800711,46.002289727338535],[14.843450675150743,46.00283606190631],[14.84299762573031,46.00428817963998],[14.841627548713408,46.00415164269407],[14.843694801299735,46.005493327756454],[14.84294913591082,46.00722667836528],[14.84,46.00819282663013],[14.84,46.00858286401964],[14.842141213980666,46.00800696484857],[14.84590153667195,46.005346704580724],[14.849456341753436,46.00649224654564],[14.846979285241103,46.009073901044566],[14.855646281375034,46.014715876936776],[14.853952567424399,46.01595359584169],[14.855973450569113,46.016614145899084],[14.856027480409557,46.01745301430645],[14.854868372225175,46.01792501265599],[14.85362274014817,46.02041658141575],[14.855471593633194,46.019808137311145],[14.855537022984905,46.01856985293675],[14.857426040290676,46.01692465373242],[14.859379347518942,46.01713976297879],[14.85749968423298,46.018551380309276],[14.858014410775288,46.01987190009625],[14.856018929491519,46.02114498878916],[14.855601491995696,46.022712461735175],[14.85127332430835,46.02255251756701],[14.854030789815647,46.024785948441405],[14.84866572121376,46.027326989605676],[14.847785528010006,46.0269598322737],[14.844024643671823,46.02971910377436],[14.843328188451522,46.02869064762858],[14.840734285368848,46.02811960989913],[14.842075551248275,46.02696476716764],[14.840300508763004,46.02727495168187],[14.84,46.02686850924286],[14.84,46.02788866966763],[14.8406423031463,46.02844182370662],[14.84381648425024,46.03005067557435],[14.84438813385429,46.034017171770905],[14.843147856313504,46.0340573883357],[14.841273850088788,46.031311676860234],[14.84,46.0300359338837],[14.84,46.03102886340229],[14.841106833013834,46.03214565098906]],[[14.863569252383561,46.00555996291622],[14.864454915087558,46.00537889918428],[14.86367777309271,46.00590184959276],[14.863569252383561,46.00555996291622]],[[14.862466636046575,46.01181261438256],[14.861090171981486,46.01211086596935],[14.861567311812387,46.01079737373695],[14.862466636046575,46.01181261438256]],[[14.86137688197993,46.009120257632674],[14.860470221113179,46.00947782486571],[14.860531432726981,46.008484214645044],[14.86137688197993,46.009120257632674]],[[14.856415515450578,46.01659710566137],[14.856613000209407,46.01589376757446],[14.857225222828816,46.01680661898262],[14.856415515450578,46.01659710566137]],[[14.841248758873663,46.033609853617506],[14.842070659412924,46.03309593447317],[14.842123490444623,46.034240236721274],[14.841248758873663,46.033609853617506]]]}},{"type":"Feature","properties":{"_zoneType":"SI_BUILT","name":"Pozidano zemljišče","authority":"MKGP","dataSource":"raba-3000"},"geometry":{"type":"Polygon","coordinates":[[[14.877315263430104,46.02263970706635],[14.876569818028704,46.02194279453684],[14.878415383105335,46.01977793465088],[14.877469624120733,46.018188004624776],[14.87733066690294,46.020797981651924],[14.875892407025109,46.02232154646213],[14.876822165713357,46.024085182395964],[14.873278126398437,46.02564278442004],[14.872127849046201,46.02527661103552],[14.873121045320138,46.024524173274834],[14.872715986664055,46.02284463996907],[14.874402889232178,46.01821883007057],[14.872776557838268,46.01696282623183],[14.873570164171154,46.019705178537826],[14.87260616794522,46.02251300898074],[14.869758133035377,46.021276939414065],[14.870510230255958,46.022670514091025],[14.869746684299674,46.0235014093745],[14.867240682231994,46.021269812655824],[14.86671895748685,46.0224422940575],[14.86487348906947,46.021186271736596],[14.862960546239178,46.023617652483566],[14.865680105213663,46.022331300581],[14.866951492736364,46.02368502735323],[14.869229677309978,46.02355188809406],[14.87009360851116,46.02463000874795],[14.868726950578289,46.024924306848966],[14.868531663558082,46.02598809515008],[14.87098632388052,46.02692098630731],[14.86420004844638,46.030078817036596],[14.864071594318672,46.03161220003822],[14.862487463506442,46.03100347743908],[14.860974724175607,46.032101614013484],[14.859884966067739,46.03105294110571],[14.861333725256761,46.03043276389539],[14.85950391851671,46.03074570660491],[14.861544346692199,46.033139191532676],[14.86367117621592,46.033760940965266],[14.862882293916904,46.03501002357823],[14.861175809669145,46.03413875019398],[14.861088819079841,46.03513427714778],[14.85939395504389,46.035935608333354],[14.861492582804951,46.036973918859324],[14.860337226522866,46.038115698068836],[14.857723367203732,46.0384139387747],[14.859126540205018,46.03971576389557],[14.862084287585027,46.039719371153595],[14.860169436662247,46.03922138421439],[14.861193307736615,46.03845236363048],[14.86189987016615,46.03926210743076],[14.863504857809794,46.038805005101686],[14.863618864834036,46.03972121256052],[14.865324257210764,46.037896999556615],[14.862529492233785,46.036916941933654],[14.864664090275655,46.03544922127996],[14.864534456167378,46.033221350357934],[14.867007298352439,46.03320340166348],[14.86483920465402,46.03113402333665],[14.866891526975381,46.02963835356583],[14.869609840786023,46.028798003762056],[14.871404161857901,46.02973531852702],[14.88,46.03157126076853],[14.88,46.03120274877917],[14.878688057228048,46.031131066957215],[14.877275315854618,46.03016167574039],[14.878367049510432,46.02912216364178],[14.88,46.02967290763321],[14.88,46.02937490256589],[14.877295492742432,46.02690859601714],[14.879407795273583,46.02619970226409],[14.88,46.02654157180697],[14.88,46.025873934355104],[14.877701636231132,46.02496120278389],[14.88,46.02474842061706],[14.88,46.02315110125194],[14.879209060955276,46.02290594799883],[14.88,46.02240755479249],[14.88,46.02036027454571],[14.877315263430104,46.02263970706635]],[[14.879272896937373,46.023744433859406],[14.878899258281066,46.02407540033821],[14.878706321624783,46.02343814448842],[14.879272896937373,46.023744433859406]],[[14.874290004057158,46.0280233776364],[14.873758325183642,46.026970282615494],[14.876142698739464,46.02686727028167],[14.878602823651942,46.028327463447404],[14.876613356149258,46.03007151447952],[14.872516897327364,46.029121635202195],[14.872637962150854,46.02795724814755],[14.874290004057158,46.0280233776364]],[[14.878472422573617,46.02293183101562],[14.877797475518927,46.023468191975546],[14.877748090399113,46.02267423235234],[14.878472422573617,46.02293183101562]],[[14.877487347825234,46.02561715879567],[14.876131700749534,46.026390760867244],[14.875405429629803,46.025695523126004],[14.877033124691238,46.02533350528753],[14.877487347825234,46.02561715879567]],[[14.872021391765223,46.02378221521243],[14.8705801880174,46.02390200293437],[14.87068866283561,46.02303400659338],[14.87174643770969,46.02302245601462],[14.872021391765223,46.02378221521243]],[[14.863679811038887,46.03279183494048],[14.862874918720753,46.03288715799168],[14.86355907847755,46.03226699245808],[14.863679811038887,46.03279183494048]],[[14.862478024938348,46.035705619076154],[14.86194285922567,46.03655540323766],[14.86096467206514,46.03620505960443],[14.861557718989506,46.035213893614284],[14.862478024938348,46.035705619076154]]]}},{"type":"Feature","properties":{"_zoneType":"SI_BUILT","name":"Pozidano zemljišče","authority":"MKGP","dataSource":"raba-3000"},"geometry":{"type":"Polygon","coordinates":[[[14.877073360017153,46.03270815231662],[14.875464614669319,46.03180316918613],[14.87567860394482,46.03299822077509],[14.87305578398591,46.034504255885714],[14.872729000375843,46.03557193313173],[14.874131642802116,46.03419906367582],[14.878764833580044,46.0338048143141],[14.879224091263133,46.03280664607781],[14.88,46.03283159307155],[14.88,46.0323667811268],[14.877073360017153,46.03270815231662]]]}},{"type":"Feature","properties":{"_zoneType":"SI_BUILT","name":"Pozidano zemljišče","authority":"MKGP","dataSource":"raba-3000"},"geometry":{"type":"Polygon","coordinates":[[[14.878516672099641,46.03762170535341],[14.878432488469269,46.03862493326096],[14.876127085363702,46.03973545331958],[14.88,46.038949308563886],[14.88,46.03785507948829],[14.878516672099641,46.03762170535341]]]}},{"type":"Feature","properties":{"_zoneType":"SI_BUILT","name":"Pozidano zemljišče","authority":"MKGP","dataSource":"raba-3000"},"geometry":{"type":"Polygon","coordinates":[[[14.878992768378541,46.00114612941799],[14.88,46.00370333118281],[14.88,46.00111131633339],[14.878992768378541,46.00114612941799]]]}},{"type":"Feature","properties":{"_zoneType":"SI_BUILT","name":"Pozidano zemljišče","authority":"MKGP","dataSource":"raba-3000"},"geometry":{"type":"Polygon","coordinates":[[[14.87863414627971,46.00576500952258],[14.88,46.00538777029951],[14.88,46.004816713614446],[14.87863414627971,46.00576500952258]]]}},{"type":"Feature","properties":{"_zoneType":"SI_BUILT","name":"Pozidano zemljišče","authority":"MKGP","dataSource":"raba-3000"},"geometry":{"type":"Polygon","coordinates":[[[14.879543298455548,46.00615865909737],[14.878706174386767,46.00715342617233],[14.88,46.008072510616834],[14.88,46.00630499380279],[14.879543298455548,46.00615865909737]]]}},{"type":"Feature","properties":{"_zoneType":"SI_BUILT","name":"Pozidano zemljišče","authority":"MKGP","dataSource":"raba-3000"},"geometry":{"type":"Polygon","coordinates":[[[14.878856414182628,46.00865131795626],[14.88,46.00871636899792],[14.88,46.00842751670736],[14.878856414182628,46.00865131795626]]]}},{"type":"Feature","properties":{"_zoneType":"SI_BUILT","name":"Pozidano zemljišče","authority":"MKGP","dataSource":"raba-3000"},"geometry":{"type":"Polygon","coordinates":[[[14.840399257193859,46.017114373965256],[14.84,46.01897639298093],[14.84,46.021899559520044],[14.840861172278505,46.02144348080983],[14.840075057498096,46.021010781801],[14.84095105274468,46.01861121019875],[14.840359008304786,46.01793936624216],[14.841816914560676,46.01773979107047],[14.841100443894812,46.01616447028327],[14.841704593945728,46.013987434881415],[14.840127105342273,46.01652492766427],[14.84,46.01644326723882],[14.84,46.01711589322016],[14.840399257193859,46.017114373965256]]]}},{"type":"Feature","properties":{"_zoneType":"SI_BUILT","name":"Pozidano zemljišče","authority":"MKGP","dataSource":"raba-3000"},"geometry":{"type":"Polygon","coordinates":[[[14.841904941267158,46.02238368583877],[14.84,46.023425229857274],[14.84,46.02529026383131],[14.841904941267158,46.02238368583877]]]}},{"type":"Feature","properties":{"_zoneType":"SI_BUILT","name":"Pozidano zemljišče","authority":"MKGP","dataSource":"raba-3000"},"geometry":{"type":"Polygon","coordinates":[[[14.882287725888482,46.01649469685513],[14.88468899313983,46.016085638264414],[14.885562344791705,46.0177305095254],[14.88115300164097,46.02158013296452],[14.880479629739915,46.020458820485416],[14.88213213719542,46.01971062304198],[14.880086504384899,46.018629164899366],[14.880455163103136,46.01997382561395],[14.88,46.02036027454571],[14.88,46.02240755479249],[14.880348540938794,46.02218792922566],[14.883150235562299,46.02259521098655],[14.883596940659784,46.02160000012619],[14.885605124225687,46.02303806540419],[14.884995781599617,46.02195472502015],[14.886217323071117,46.02104069579144],[14.88703944890217,46.02152772366229],[14.886271018076272,46.02291484562159],[14.88681197894971,46.02354398055569],[14.887489662254975,46.02373217603987],[14.886950044724031,46.02248935399061],[14.887769446846042,46.02165526659667],[14.890344446752827,46.02392533267519],[14.890125435851987,46.022643941887516],[14.887780440610973,46.0210658016475],[14.888476842718742,46.020290783507306],[14.890542215175353,46.020835844896915],[14.88859335821214,46.019926401494224],[14.88858385788813,46.01910180314189],[14.886359971502156,46.01937200851384],[14.889654927439391,46.016887744338995],[14.900164200443058,46.017023522015954],[14.90296648935992,46.01862902972323],[14.902450216566136,46.02036347946036],[14.903103920682394,46.02121735406402],[14.90427018884157,46.02068865624987],[14.903055306886895,46.01954642018572],[14.90470574871777,46.01864155809727],[14.905471071125545,46.01881585658312],[14.905175090732511,46.02016819565714],[14.906171725204953,46.02011411653946],[14.906099620837248,46.01857847907423],[14.903112383751807,46.018337790370865],[14.901287256989349,46.017050004141005],[14.897116108472988,46.01626950869872],[14.903425371525797,46.01381323807193],[14.897031235273952,46.014994231844874],[14.895271796091889,46.01639390249477],[14.888373522169728,46.016806549497836],[14.887707929266163,46.014848306164716],[14.888551366860016,46.01393007457148],[14.887787790401873,46.012161745992216],[14.888604067686645,46.01075291006053],[14.891980026191328,46.009583672883714],[14.902450415268675,46.008764690300225],[14.900404014216901,46.008224978039856],[14.901296484789233,46.007139270581035],[14.901020438587723,46.005551028983696],[14.90181955645847,46.00432357938963],[14.90380780332555,46.00392529940805],[14.903337502536635,46.003294191491484],[14.900132109802492,46.00480590845953],[14.898429172142228,46.0038513179612],[14.897655881050568,46.001344913384784],[14.896958265696528,46.00144825196414],[14.897514193271169,46.002402491754616],[14.895201638467016,46.0022356266613],[14.894816261039383,46.00016887727207],[14.89435282434308,46.0],[14.881328862981759,46.0],[14.880743448322535,46.00108562042712],[14.88,46.00111131633339],[14.88,46.00370333118281],[14.880344366752272,46.00457762389552],[14.88,46.004816713614446],[14.88,46.00538777029951],[14.880775042820439,46.00517370890546],[14.881306150817133,46.006723506061796],[14.88,46.00630499380279],[14.88,46.008072510616834],[14.880391811605719,46.00835083866067],[14.88,46.00842751670736],[14.88,46.00871636899792],[14.882446279549882,46.00885552167936],[14.881413497674131,46.010448544253684],[14.88,46.010327136449845],[14.88,46.01056824360825],[14.88277557432396,46.011073861074905],[14.884488545012157,46.00942112060162],[14.88656444138035,46.00923994434067],[14.88865012685623,46.01023851804828],[14.886878924752207,46.01297665193839],[14.887549823295757,46.01630950883911],[14.881010940724517,46.01543041924585],[14.88,46.01454175185204],[14.88,46.015277674401815],[14.882287725888482,46.01649469685513]],[[14.8895406894992,46.004243897881395],[14.896376027769383,46.00240644535162],[14.900951490165886,46.007110581728845],[14.897330768929276,46.00776813930645],[14.896278346287058,46.008852136769576],[14.894822470358223,46.00843741291403],[14.894457470678775,46.00938078980582],[14.891102352845811,46.00863207740688],[14.892329806239927,46.00772520640127],[14.889209217271459,46.007770880784165],[14.887093806189647,46.00320683693853],[14.8895406894992,46.004243897881395]],[[14.883485794765985,46.00342601595677],[14.886202304109363,46.003220124468164],[14.888795694738015,46.00786326230321],[14.8905122761229,46.00894290317186],[14.887896933988692,46.00972535082667],[14.88625378767568,46.008281157397086],[14.883532810014957,46.00936051157185],[14.883197566212928,46.007196349750814],[14.881677501430127,46.00679225965434],[14.881096865781577,46.00445436826818],[14.881701080487385,46.003983611686685],[14.880443625897898,46.00376474599033],[14.881020136705914,46.0015005748357],[14.883485794765985,46.00342601595677]],[[14.888674811901724,46.000619240898295],[14.887029043131086,46.001820481685044],[14.887854977425452,46.00008494494992],[14.888674811901724,46.000619240898295]],[[14.886360673491069,46.01790825798146],[14.886209908484416,46.017565694080105],[14.886860164062927,46.01692220506172],[14.887581781523414,46.01762944568768],[14.886360673491069,46.01790825798146]],[[14.886020336044691,46.01944664173209],[14.886050732020363,46.01977727798633],[14.8848460243135,46.02070823660592],[14.883874640118474,46.02033412002611],[14.886020336044691,46.01944664173209]],[[14.880101154313321,46.00738307226515],[14.882173400498447,46.00741666648974],[14.88154231805674,46.008262741763566],[14.88044970052214,46.00789859384724],[14.880101154313321,46.00738307226515]]]}},{"type":"Feature","properties":{"_zoneType":"SI_BUILT","name":"Pozidano zemljišče","authority":"MKGP","dataSource":"raba-3000"},"geometry":{"type":"Polygon","coordinates":[[[14.882409005408832,46.032085788231356],[14.88,46.0323667811268],[14.88,46.03283159307155],[14.883487260475508,46.03294371536263],[14.88380174748307,46.03172140490293],[14.885104102740447,46.03168053505184],[14.886510289335536,46.02980000811657],[14.889629799226133,46.0301871945087],[14.89200634513925,46.029009961335035],[14.889908905153845,46.02896776944216],[14.892115196805383,46.027797321747975],[14.892055248735465,46.02686152936763],[14.8946159408659,46.026903635528],[14.893316000570653,46.027720752689284],[14.89988046293769,46.027735420591945],[14.902783984732354,46.0238578723898],[14.909317589039008,46.02410292747501],[14.90917840671567,46.02303110865228],[14.911506576970206,46.02136154070209],[14.911277701573418,46.02350227158362],[14.913692779315364,46.02469988433209],[14.913668592130177,46.0262261194605],[14.91479422458918,46.026848881644845],[14.914317017726518,46.02894653000056],[14.915433679122012,46.02841687056642],[14.918675355915505,46.02979926569543],[14.916984662624774,46.02828163471993],[14.92,46.02761376919044],[14.92,46.02758205098236],[14.915621654965467,46.027852878028256],[14.913765514649512,46.02402806259748],[14.913566328393065,46.0213394797658],[14.916818006180996,46.01927281080087],[14.919393590986484,46.01942129327923],[14.919261762995458,46.01618123885206],[14.918356110891004,46.01662841624958],[14.918728970476314,46.01879028419728],[14.916881520879354,46.01878566685583],[14.91677915412004,46.01444821223327],[14.92,46.011204612145754],[14.92,46.00998181931464],[14.919624234246331,46.010760463208584],[14.915613769842057,46.01152344519776],[14.918361053057593,46.01184762967873],[14.91538638539292,46.014981182219444],[14.913704828579487,46.01270582445009],[14.911318709903771,46.01131926002652],[14.911315564519475,46.010048673605894],[14.908760460963054,46.00824727881808],[14.91427448353336,46.00781520600266],[14.909678585529408,46.007411722153726],[14.9091631299973,46.005127659060435],[14.916899249194751,46.00229883308734],[14.917216107333909,46.00333059822329],[14.92,46.00460575022562],[14.92,46.004241870958744],[14.919681215267474,46.00419067021181],[14.91825810142768,46.00294166772541],[14.91848920940052,46.00209771007696],[14.915521333484454,46.00242602728332],[14.915382751926494,46.00180733079535],[14.919931731828749,46.001535160541245],[14.92,46.001408492004884],[14.92,46.0],[14.919729537412756,46.0],[14.919916238855123,46.00018449905761],[14.91977542083421,46.001216155153216],[14.915720552724475,46.00108497761486],[14.916868215088481,46.00015757168012],[14.91612092713964,46.0],[14.915656302310689,46.0],[14.912921849187171,46.00156620565245],[14.911008448085019,46.00434972786865],[14.90994122120038,46.00126947248086],[14.911873467093846,46.000621992404696],[14.911508956336181,46.0],[14.910319887911953,46.0],[14.910331904039914,46.000019716122246],[14.906078264485611,46.00173089483563],[14.909614208567655,46.00156707750448],[14.908282296977784,46.00596302295104],[14.904291048422053,46.00520126749007],[14.904562801174619,46.00694772697742],[14.906895336463958,46.007811043748276],[14.903403932626066,46.0094910500854],[14.90645931331726,46.01048002052949],[14.90618039823565,46.011679769246975],[14.907832322922545,46.01360337258988],[14.903273635217994,46.016982709533565],[14.907939791003187,46.01438169304063],[14.908124071771837,46.01309218202176],[14.906490046174678,46.0113403629178],[14.907539497598556,46.01019145012722],[14.908303133533071,46.0116172098819],[14.909239053292774,46.01145022972775],[14.908032103607738,46.01003175077807],[14.906090716149444,46.00935368858486],[14.907722522885814,46.0079746070837],[14.911179864690983,46.01158864406455],[14.91342067574985,46.0128564417875],[14.91450402354006,46.014937948185704],[14.916688169509026,46.016206117735805],[14.91501568313425,46.017227198216354],[14.91498999487431,46.018364030726254],[14.909131122558104,46.01954625469251],[14.906785556167069,46.02229579581407],[14.903734969407761,46.02353230662091],[14.901517315329714,46.023121945673736],[14.903349831302874,46.022178251039335],[14.90017045795069,46.02273232564194],[14.89680312300452,46.020206458055235],[14.900195642318803,46.02044152715976],[14.8991916047377,46.01893921454556],[14.898565000635623,46.01967755845567],[14.895956021898371,46.01941647429685],[14.899158165856859,46.02378769922502],[14.901922529751753,46.024115481913164],[14.899713014682385,46.02709208078919],[14.89391426101401,46.02616559674996],[14.896511872215228,46.02530953347104],[14.891881714623803,46.025701498842245],[14.891934633525413,46.02464748858577],[14.892856975820958,46.024505009027116],[14.891457935662261,46.02399031296309],[14.891387652884124,46.02599576902483],[14.888565060276317,46.02892617474493],[14.886252148626088,46.029488483115856],[14.88353860404825,46.027279193033735],[14.88,46.025873934355104],[14.88,46.02654157180697],[14.885793035628152,46.02988579105038],[14.883705787545974,46.031405225296254],[14.88,46.03120274877917],[14.88,46.03157126076853],[14.882409005408832,46.032085788231356]],[[14.916509376928913,46.01813249075928],[14.91549942710881,46.019851932033404],[14.913519261740142,46.020129505873896],[14.91560009844641,46.01781290654487],[14.916509376928913,46.01813249075928]],[[14.913158086384627,46.02181159471497],[14.9132712075628,46.02365185834533],[14.911641475416857,46.02317856987865],[14.912349740108251,46.02184675294813],[14.913158086384627,46.02181159471497]],[[14.911806118625353,46.020801967868394],[14.91107502979806,46.02089550405831],[14.91167478981629,46.02039903008355],[14.911806118625353,46.020801967868394]],[[14.909132894777155,46.02304545133853],[14.908084479387949,46.023960119368056],[14.907372220091007,46.02337840895897],[14.908283284156512,46.02273554974637],[14.909132894777155,46.02304545133853]],[[14.908134473022345,46.00768228146046],[14.905788924283469,46.006926218888445],[14.90816040675499,46.00680398529943],[14.908134473022345,46.00768228146046]],[[14.894972401124893,46.02728100066347],[14.895277342928367,46.02693725343359],[14.896389037935078,46.02764051412718],[14.894972401124893,46.02728100066347]]]}},{"type":"Feature","properties":{"_zoneType":"SI_BUILT","name":"Pozidano zemljišče","authority":"MKGP","dataSource":"raba-3000"},"geometry":{"type":"Polygon","coordinates":[[[14.917042258248662,46.00550423827305],[14.91752641692936,46.00618429393729],[14.92,46.00614564471339],[14.92,46.00491025712087],[14.917042258248662,46.00550423827305]]]}},{"type":"Feature","properties":{"_zoneType":"SI_BUILT","name":"Pozidano zemljišče","authority":"MKGP","dataSource":"raba-3000"},"geometry":{"type":"Polygon","coordinates":[[[14.909627109442523,46.03437699161055],[14.903559562649939,46.03811784961363],[14.900337424659886,46.038588379341874],[14.899012342605666,46.03716963750234],[14.900841695235238,46.034258146544545],[14.904722035853231,46.03401659739828],[14.905193384819476,46.032365222493276],[14.904936659745262,46.03082380331309],[14.901310933554413,46.0309034298546],[14.900658492146404,46.02981083732911],[14.899643395177526,46.03041016652266],[14.900734691446603,46.0335563878642],[14.898615117980242,46.037059538754086],[14.898963842872567,46.03867551523215],[14.896382962593245,46.037931079995296],[14.897127266038641,46.036430182575266],[14.892542933986196,46.03631635145442],[14.893003077623053,46.03504535225577],[14.895241216307069,46.034563782156944],[14.892938002947474,46.032833831876374],[14.893557622492608,46.034629287810056],[14.88869929516545,46.03648191257617],[14.891566526706873,46.03612208225262],[14.890126583176626,46.03748868393655],[14.886221670810272,46.03733807193956],[14.885650976927487,46.03621027048493],[14.883245931419777,46.03793757557099],[14.883020861499766,46.036456807248946],[14.881285457018436,46.03668376000756],[14.880344893109667,46.037138401201204],[14.880830590242757,46.03798575745861],[14.88,46.03785507948829],[14.88,46.038949308563886],[14.885590018224951,46.037814617013865],[14.892674654823784,46.03915505121575],[14.893507683234514,46.03772708069565],[14.894906426217768,46.03742919525893],[14.896160732983182,46.03828068025623],[14.895013753803132,46.03975436210322],[14.896848768165858,46.039756032922895],[14.896506502821701,46.03915367564328],[14.897565494529017,46.03886373752422],[14.900927331646681,46.0397596410307],[14.900148736623635,46.03901681484618],[14.903572829954715,46.03843532684635],[14.904208358142371,46.03891834970943],[14.902996626760084,46.03976141598318],[14.907521644029988,46.039765166812636],[14.906532166948754,46.03856404130605],[14.907652769199789,46.03752130587605],[14.905830746907313,46.037101874539644],[14.907660672815648,46.036641957434504],[14.907699077533902,46.03562830969424],[14.910667940882616,46.035773865253255],[14.912124223151412,46.034375548576506],[14.92,46.03387018856685],[14.92,46.03357016068905],[14.909627109442523,46.03437699161055]],[[14.905028191635669,46.03749405379994],[14.906524761122409,46.037860195997446],[14.904932968263905,46.03882107108955],[14.904236691626647,46.03820036902413],[14.905028191635669,46.03749405379994]]]}},{"type":"Feature","properties":{"_zoneType":"SI_BUILT","name":"Pozidano zemljišče","authority":"MKGP","dataSource":"raba-3000"},"geometry":{"type":"Polygon","coordinates":[[[14.882512739856397,46.02451579154477],[14.881798375624657,46.02541721951433],[14.88366140264964,46.02586299145028],[14.883491687479207,46.02423335727419],[14.88,46.02315110125194],[14.88,46.02474842061706],[14.882512739856397,46.02451579154477]]]}},{"type":"Feature","properties":{"_zoneType":"SI_BUILT","name":"Pozidano zemljišče","authority":"MKGP","dataSource":"raba-3000"},"geometry":{"type":"Polygon","coordinates":[[[14.8805185805676,46.02984780891375],[14.88,46.02937490256589],[14.88,46.02967290763321],[14.8805185805676,46.02984780891375]]]}},{"type":"Feature","properties":{"_zoneType":"SI_BUILT","name":"Pozidano zemljišče","authority":"MKGP","dataSource":"raba-3000"},"geometry":{"type":"Polygon","coordinates":[[[14.901889188584116,46.0008181053436],[14.901966585985646,46.0],[14.898512306459889,46.0],[14.898504705639086,46.000034088971724],[14.901889188584116,46.0008181053436]]]}},{"type":"Feature","properties":{"_zoneType":"SI_BUILT","name":"Pozidano zemljišče","authority":"MKGP","dataSource":"raba-3000"},"geometry":{"type":"Polygon","coordinates":[[[14.920198693987997,46.027569760560894],[14.92,46.02758205098236],[14.92,46.02761376919044],[14.920198693987997,46.027569760560894]]]}},{"type":"Feature","properties":{"_zoneType":"SI_BUILT","name":"Pozidano zemljišče","authority":"MKGP","dataSource":"raba-3000"},"geometry":{"type":"Polygon","coordinates":[[[14.922273024468014,46.008915529514],[14.920893841688258,46.00853001099653],[14.921824550360954,46.009098541386884],[14.920313142460607,46.00933294042532],[14.92,46.00998181931464],[14.92,46.011204612145754],[14.922273024468014,46.008915529514]]]}},{"type":"Feature","properties":{"_zoneType":"SI_BUILT","name":"Pozidano zemljišče","authority":"MKGP","dataSource":"raba-3000"},"geometry":{"type":"Polygon","coordinates":[[[14.920462166127225,46.00481744375451],[14.92,46.00491025712087],[14.92,46.00614564471339],[14.923223037540506,46.00609528541841],[14.930521250947418,46.00861442514562],[14.931024261754139,46.01312947823582],[14.93016303332196,46.013886813731055],[14.9312355301245,46.01539589710591],[14.930997232792606,46.01774015001072],[14.931471665530465,46.01986660438104],[14.929726036357465,46.025721592575465],[14.931577814037983,46.02319434804002],[14.93325009832317,46.02260992656455],[14.931652321853534,46.021782585000096],[14.931369904475602,46.01803340757471],[14.932132491092794,46.01767319082941],[14.930888600243955,46.0138856522274],[14.931621677407183,46.012971840891055],[14.931192719562361,46.009199247577705],[14.935401411488607,46.009991310033506],[14.937944438717269,46.01209223105003],[14.942523948532479,46.01346367600287],[14.945982330615175,46.01399230704061],[14.94863697885379,46.013126582984405],[14.95030855147152,46.016424258008655],[14.948682763881811,46.016422035072644],[14.947973688773274,46.01970648776595],[14.941098848015987,46.021373741626896],[14.939062516728447,46.02361616911266],[14.936348094159843,46.02083163563626],[14.936430915751608,46.01896127855744],[14.93599641900887,46.02086178196966],[14.938465850398083,46.02418562630601],[14.930072144934067,46.029818791052],[14.923644455786848,46.03193910058689],[14.92328400560113,46.030483008028796],[14.926336759351555,46.02213338838222],[14.924354092760382,46.02602462118734],[14.922960275251782,46.03043520904365],[14.923015679460056,46.03202404289017],[14.921152964092498,46.03348048008594],[14.92,46.03357016068905],[14.92,46.03387018856685],[14.923311811357449,46.03365768165462],[14.923662785437331,46.0322800843081],[14.929987972925176,46.03018433541484],[14.935415495819903,46.026590078701744],[14.936689197923023,46.027615088920804],[14.93521847162404,46.027940472961276],[14.934765170256663,46.02973298278343],[14.930789807337812,46.03188853175927],[14.937054511774834,46.033630313548414],[14.947071137745771,46.03191034459712],[14.954298256843689,46.033820830199296],[14.955543402305603,46.034802820773486],[14.95524486913076,46.0373100772264],[14.958086106162936,46.03773250590942],[14.956483227859913,46.03910235316557],[14.957111156730646,46.039794532680766],[14.957823362628709,46.03979479771278],[14.957080398634734,46.03896299704854],[14.959038735379027,46.038473104258976],[14.958390538629661,46.03648931265413],[14.96,46.03764008965001],[14.96,46.037550118222654],[14.959574608826722,46.036237512532715],[14.95768281162602,46.03566563346246],[14.9581322825286,46.0344817793467],[14.96,46.034846347910786],[14.96,46.03438727583132],[14.958475954048405,46.034090336484695],[14.957662568895122,46.03443102775824],[14.957056607126868,46.03586727066878],[14.955807566126927,46.03576536889193],[14.955966416615023,46.03469978412384],[14.955003484326896,46.0338344411871],[14.948286118363939,46.031919345813954],[14.945797778572851,46.03030644774316],[14.94080401591062,46.03104993512565],[14.945936483429392,46.03152913901499],[14.936488591613786,46.033369296659394],[14.931483511350113,46.03172159601367],[14.935202240206218,46.03004492221669],[14.935522480097385,46.028135529267615],[14.93743102111932,46.028053225882736],[14.936252723660218,46.026560907793254],[14.93766467390345,46.025087558152876],[14.941993534082954,46.02559492499347],[14.939255725837182,46.02418402119249],[14.940928171925625,46.02180529896062],[14.947997181637971,46.0200271063983],[14.948793478480432,46.01869261192031],[14.949916983194278,46.019367760424004],[14.950182582742297,46.01768080131495],[14.951394362754463,46.01708447868305],[14.952462462566563,46.01909889020208],[14.951761556575024,46.02079368433989],[14.95273607582895,46.0229457266948],[14.949159174303054,46.0240726826224],[14.95271843972805,46.02403977002821],[14.954384158778247,46.02739510444741],[14.956260055730327,46.02849925716841],[14.96,46.0293070291557],[14.96,46.028461119231196],[14.95874063015946,46.02888587824632],[14.956310057618591,46.02823786030349],[14.954429132154281,46.02649511303936],[14.953792460564358,46.025410567225194],[14.954362664188404,46.02382650300973],[14.952126763808577,46.02094860952323],[14.952813412700257,46.01940987436133],[14.956523616359462,46.018466239903],[14.958944117508343,46.01997124672087],[14.96,46.019671688940385],[14.96,46.0182283754088],[14.956343491590419,46.01822898676834],[14.95275703103105,46.01885360257449],[14.952154858087946,46.01633605364997],[14.950685053761063,46.015143168991024],[14.952027583148844,46.01397824841043],[14.949674593561344,46.012807830892235],[14.954607469503298,46.00655247481929],[14.958909364496305,46.0070523401746],[14.959329626116597,46.00594622508728],[14.96,46.00600830752967],[14.96,46.0],[14.9592035090009,46.0],[14.95928755908417,46.00018527927894],[14.952009277650154,46.00455253094581],[14.954140089877047,46.00405037717501],[14.957817558238313,46.00510594628872],[14.957827545729149,46.0059368308313],[14.95421655622156,46.0054345772903],[14.951920881899577,46.007741008040846],[14.953000122738672,46.008160229460145],[14.952741146376155,46.00886673867694],[14.949205914311568,46.01256893826396],[14.946230821913979,46.01299169868381],[14.945266727385832,46.01173652091706],[14.940963524196619,46.01042088959444],[14.942924476691681,46.008609159861095],[14.948534149891342,46.0075707089356],[14.94959417844411,46.00685877005807],[14.949316548402734,46.006020144532634],[14.948212771875962,46.007045524539585],[14.944538363721488,46.00627677608415],[14.943300185920126,46.00833545169138],[14.936238875551716,46.00659296181136],[14.93365473487787,46.008155416356004],[14.930501038840587,46.00537959053638],[14.932003692971287,46.00387952667937],[14.946785574141451,46.002182296626785],[14.946457233741699,46.00358168987213],[14.944315159848784,46.00362818527574],[14.942649209939411,46.00526515422447],[14.944380916019655,46.003881995563056],[14.946714941643007,46.003776708757954],[14.949741888793385,46.0],[14.948219333295738,46.0],[14.94776240903932,46.00027205648889],[14.946755124009284,46.0],[14.943648459585075,46.0],[14.943515439252428,46.00053145317943],[14.941148097660802,46.00027393701957],[14.941193399184057,46.0],[14.938443494708947,46.0],[14.938663171698137,46.000774055894965],[14.937149853036201,46.00003470309151],[14.934830937929531,46.00097840532892],[14.935015289572387,46.00278263584321],[14.931865264006507,46.00124421708521],[14.933063063973284,46.0],[14.931741680957925,46.0],[14.931751884147026,46.0019333585963],[14.934037135788266,46.00322588776675],[14.931659791706332,46.003694785113886],[14.930615833134446,46.00446742131789],[14.929015575385082,46.00736421177358],[14.926168727949612,46.006893330496304],[14.922891051313242,46.00470620933996],[14.92,46.004241870958744],[14.92,46.00460575022562],[14.920462166127225,46.00481744375451]],[[14.95840325649177,46.003341415213605],[14.957760252896907,46.003487407061996],[14.958233409409134,46.00293205574388],[14.95840325649177,46.003341415213605]],[[14.95697610446995,46.002820815816506],[14.956158711819967,46.00374576653306],[14.956427132479881,46.00257738641951],[14.95697610446995,46.002820815816506]],[[14.948084631202102,46.007250075839956],[14.947811080765218,46.007637820302776],[14.946893144042898,46.007626996645],[14.947178043662726,46.00700834978851],[14.948084631202102,46.007250075839956]],[[14.9461334922803,46.01346379426783],[14.9425866569133,46.01320526400315],[14.94042529849461,46.011519748746636],[14.94294173194027,46.0112100041578],[14.9461334922803,46.01346379426783]],[[14.945846283293728,46.00735482100404],[14.945849455053791,46.007686068690866],[14.944887210924334,46.007393645457036],[14.945846283293728,46.00735482100404]],[[14.943734939421464,46.00118212575298],[14.942110617282742,46.002157858077716],[14.939590170933617,46.00221893729358],[14.941219897511017,46.00078628154863],[14.943734939421464,46.00118212575298]],[[14.940571481151999,46.01024822427691],[14.94073402861155,46.01096738899778],[14.93945984438257,46.01086553099402],[14.939699041672599,46.00944430601056],[14.941814303006906,46.00916743490538],[14.940571481151999,46.01024822427691]],[[14.939754892919499,46.00770794066843],[14.93818278062979,46.00868229350249],[14.938124775349566,46.01004039178641],[14.931447095740806,46.00856462487737],[14.9351421010341,46.00843163622649],[14.937078830852169,46.00689190222853],[14.939754892919499,46.00770794066843]],[[14.939406140538296,46.01162857280606],[14.938801583831612,46.01182279473229],[14.938933410442562,46.01099976126756],[14.939406140538296,46.01162857280606]],[[14.937154479642892,46.01058334063178],[14.937728421219282,46.01032885296449],[14.937448611497938,46.010911489814404],[14.937154479642892,46.01058334063178]],[[14.93779554563743,46.00214700894092],[14.935539825467972,46.00214282639327],[14.935856875383735,46.001104927410076],[14.937335108184099,46.001515640713826],[14.93779554563743,46.00214700894092]],[[14.93170750767647,46.00723923347637],[14.930148929658577,46.00709859735433],[14.929886536787,46.00626262584631],[14.93145434206224,46.00650409482901],[14.93170750767647,46.00723923347637]],[[14.923679645383173,46.00557811027892],[14.921683928505235,46.00604484129868],[14.920694952229379,46.0051532669913],[14.922594908563614,46.00488819306998],[14.923679645383173,46.00557811027892]]]}},{"type":"Feature","properties":{"_zoneType":"SI_BUILT","name":"Pozidano zemljišče","authority":"MKGP","dataSource":"raba-3000"},"geometry":{"type":"Polygon","coordinates":[[[14.95946766649266,46.009634850827595],[14.96,46.01010847536721],[14.96,46.00879219217929],[14.95946766649266,46.009634850827595]]]}},{"type":"Feature","properties":{"_zoneType":"SI_BUILT","name":"Pozidano zemljišče","authority":"MKGP","dataSource":"raba-3000"},"geometry":{"type":"Polygon","coordinates":[[[14.95814936340303,46.01041142576697],[14.96,46.01084144323711],[14.96,46.01030786650764],[14.95814936340303,46.01041142576697]]]}},{"type":"Feature","properties":{"_zoneType":"SI_BUILT","name":"Pozidano zemljišče","authority":"MKGP","dataSource":"raba-3000"},"geometry":{"type":"Polygon","coordinates":[[[14.9204044400206,46.00065807164769],[14.920235517835023,46.0],[14.92,46.0],[14.92,46.001408492004884],[14.9204044400206,46.00065807164769]]]}},{"type":"Feature","properties":{"_zoneType":"SI_BUILT","name":"Pozidano zemljišče","authority":"MKGP","dataSource":"raba-3000"},"geometry":{"type":"Polygon","coordinates":[[[14.959773571175075,46.03135232311428],[14.96,46.03219045522748],[14.96,46.03068156303801],[14.959773571175075,46.03135232311428]]]}},{"type":"Feature","properties":{"_zoneType":"SI_BUILT","name":"Pozidano zemljišče","authority":"MKGP","dataSource":"raba-3000"},"geometry":{"type":"Polygon","coordinates":[[[14.953037531236381,46.0],[14.952015815008679,46.0],[14.951411208275445,46.00045007486686],[14.951167230620433,46.0],[14.950221486547788,46.0],[14.951597763921692,46.00075398239753],[14.953037531236381,46.0]]]}},{"type":"Feature","properties":{"_zoneType":"SI_BUILT","name":"Pozidano zemljišče","authority":"MKGP","dataSource":"raba-3000"},"geometry":{"type":"Polygon","coordinates":[[[14.96090369059455,46.03828623522813],[14.960104821429162,46.03979561683003],[14.961304067998295,46.03896080525568],[14.961235184528384,46.038047350325336],[14.960030028167914,46.03764277445658],[14.96,46.037550118222654],[14.96,46.03764008965001],[14.96090369059455,46.03828623522813]]]}},{"type":"Feature","properties":{"_zoneType":"SI_BUILT","name":"Pozidano zemljišče","authority":"MKGP","dataSource":"raba-3000"},"geometry":{"type":"Polygon","coordinates":[[[14.962259995444168,46.03528748705873],[14.964446519140987,46.0350254191419],[14.96630833954858,46.037015115537066],[14.967852977440074,46.034815325238206],[14.972484686399717,46.03201040976919],[14.974706564251134,46.032504880865396],[14.976193300608921,46.03581041628105],[14.973673301799229,46.03511845608869],[14.972844874147391,46.03580478776738],[14.973689587843221,46.03635165546942],[14.970685654644647,46.039280516563124],[14.96682808132072,46.03979776585337],[14.970830108082216,46.039566521116726],[14.973487062226951,46.036798574678286],[14.976193862826282,46.03623659582246],[14.97838286777622,46.037915311874855],[14.976440470826146,46.039277349040475],[14.98159397489356,46.03978809885344],[14.987160986326609,46.03603798928059],[14.988783075712929,46.03608025759702],[14.992163442253638,46.035016721332966],[14.994894297995288,46.0326211085809],[14.999157065025406,46.031022291203506],[14.993593814711215,46.03277775596086],[14.995840369813328,46.03045871419773],[14.996237970565048,46.02864534080017],[14.992868734769004,46.0321580623429],[14.990950101377575,46.03150793715176],[14.992568836018656,46.03325448299853],[14.988205658805722,46.03590494785],[14.984899443431482,46.034287676838666],[14.982999818444839,46.0319652195448],[14.988278464942752,46.025027799625214],[14.989608165564345,46.02586945878742],[14.990470318942426,46.023388951214166],[14.991130115329783,46.02376962007476],[14.99080586426408,46.026080537560766],[14.991425376872332,46.02392273824031],[14.992531385398635,46.023580514860534],[14.99168263368228,46.02231732269405],[14.99283015665339,46.02152572213795],[14.994672702022267,46.02194445593279],[14.994728569512763,46.02399441220362],[14.997990383583087,46.02648468992972],[14.999999999999998,46.02723459278867],[14.998026705497146,46.02610362442213],[14.996987893647312,46.02475780878594],[14.997237582899166,46.023461167144376],[14.995943254233854,46.02261592387831],[14.998925492367642,46.019142837536634],[14.999986336698532,46.01941197782766],[14.999999999999998,46.017962723440775],[14.99547994245034,46.021834994385564],[14.993522636042387,46.021379065835255],[14.99276824402189,46.01891948262888],[14.994338049291063,46.01846263359992],[14.99479359307588,46.01561546785764],[14.995772466469651,46.015397491207395],[14.99466739518346,46.01187332224785],[14.995226028065494,46.01049439700219],[14.99732307710116,46.01004487413269],[14.999999999999998,46.01155587501294],[14.998780611910423,46.01055956501453],[14.99941210732884,46.009634030500735],[14.997710415630651,46.00978999383668],[14.999999999999998,46.008392369173635],[14.99956199318973,46.00758091296435],[14.997947951724154,46.00919235685987],[14.996508274429795,46.00878724629647],[14.997766145312815,46.00784341764372],[14.995050785527066,46.00911498292024],[14.995673015433278,46.00638383170276],[14.994577010114066,46.00537566115439],[14.995878946428325,46.00411846643334],[14.995678704517914,46.00252339829026],[14.996804333356254,46.00232911955984],[14.997081188797804,46.0],[14.99509870277782,46.0],[14.995746050997854,46.00037574358828],[14.99520386574456,46.00161260310916],[14.991966459197716,46.001038823322645],[14.992635417435196,46.0],[14.991963455603322,46.0],[14.991807433289754,46.00045472209608],[14.991284203077628,46.0],[14.981562829352958,46.0],[14.982011380208093,46.0015780971691],[14.978632482858432,46.00320080580529],[14.981748118617842,46.002198955396956],[14.980443989104634,46.00340606197806],[14.979689674871569,46.00699956368673],[14.980432771020899,46.007702843261896],[14.979392414002746,46.00762939770758],[14.97802920198009,46.0095725239568],[14.976104174284895,46.01002357584843],[14.975556910494157,46.009327117632715],[14.975645410176961,46.011280123751305],[14.97268911486524,46.011670119630786],[14.970557605129041,46.01419354376338],[14.967117714560507,46.01340728157382],[14.966183268883675,46.01213446808818],[14.966928607885025,46.010726301226846],[14.971202852663557,46.0086584128582],[14.972263703323799,46.00943939606929],[14.974744883555562,46.00911914555125],[14.975336381550473,46.00769395992775],[14.97850228103008,46.00670203202271],[14.978500950925973,46.00569996902318],[14.976382932875095,46.00712061424355],[14.97374890922728,46.00706491419624],[14.973311660091658,46.009167897976106],[14.971345110633003,46.00740002015663],[14.97380781804708,46.00285279287183],[14.973607268285724,46.0019436967038],[14.975169740352154,46.001153559545905],[14.976107304408822,46.0],[14.975204274608906,46.0],[14.975223783682727,46.000055342158745],[14.973580740665904,46.000088012651766],[14.973767789127518,46.0],[14.969873177137552,46.0],[14.970235223324948,46.00126234309424],[14.971482923253864,46.00117022484865],[14.970254098186544,46.00253618624636],[14.972956875462497,46.00049295049718],[14.972462423410605,46.002203064526526],[14.973487058752902,46.002729105640476],[14.971550426527374,46.00359850603715],[14.97209474182228,46.004281954037545],[14.97080813842027,46.00800292441979],[14.965402326182332,46.0111229219377],[14.966355735295744,46.013229940182825],[14.968596430998192,46.014111622702984],[14.966446759507221,46.015218954597955],[14.96874368716712,46.01467726878946],[14.968518350576712,46.016203488227866],[14.971366664189103,46.01616477685146],[14.971798227799662,46.01571137476714],[14.97062449211725,46.01522357813465],[14.971966828847433,46.01322419922708],[14.97331796939682,46.013063690724856],[14.9798071516784,46.00887029038888],[14.981234056629672,46.00913418844296],[14.980715358992384,46.010742261054],[14.976344063112602,46.01234524543589],[14.977042039102635,46.01297955384908],[14.97774281602376,46.01186447810767],[14.980383636597413,46.011314754282346],[14.9804136368602,46.012892343406655],[14.977024998268593,46.01504811930027],[14.975648771249126,46.01496776270801],[14.97497674528778,46.01659158233475],[14.970809057490149,46.017690122008055],[14.969048708518272,46.019894119443606],[14.969462493872514,46.021072112218164],[14.968617606900517,46.02230356073766],[14.970708368466685,46.02146444861789],[14.970522010783366,46.02024311116087],[14.969385915892696,46.020120327497516],[14.97088406303278,46.01833498692012],[14.97401767906713,46.01715582360149],[14.974150453509171,46.01879059867152],[14.972515141111083,46.01974677175438],[14.974240554181462,46.01913173065966],[14.975166496141243,46.01753503527442],[14.976664792275352,46.018483960804815],[14.977427693728696,46.017442084504104],[14.97984575973686,46.01895290879467],[14.97901910916135,46.017952378113954],[14.980386296353362,46.017773335526],[14.97718069650672,46.016694059659585],[14.979636115126208,46.01348041446583],[14.980677937678355,46.01362523086342],[14.980545169045143,46.01488668470957],[14.98320714830187,46.01575506946222],[14.981985063306654,46.017585932513846],[14.982859590887962,46.018103748526016],[14.983528185636299,46.015345138564584],[14.982065908521998,46.01516510759454],[14.980749257059616,46.013058515710036],[14.982262906086605,46.00858303736013],[14.989022739429677,46.00798479121479],[14.990624194062601,46.008651893993914],[14.993017173457279,46.00771992673899],[14.992797782817195,46.00914824879001],[14.994370317616136,46.010954648289385],[14.995144387704595,46.01389217451537],[14.994049090412217,46.018255849521296],[14.99174017166651,46.01883812920539],[14.992900795776725,46.01964605067432],[14.99202119056088,46.02183042966805],[14.99033991266642,46.022275736156594],[14.984333852244655,46.020065287154694],[14.990379057991795,46.022720722844745],[14.989525066964678,46.02460696389195],[14.98802113132035,46.0248643484126],[14.986202056816406,46.02724823285186],[14.977676697773958,46.03006500835471],[14.975836547615168,46.029183339267405],[14.973855294980636,46.029930701629354],[14.971528243856833,46.02771999664889],[14.973366838878466,46.03005628912432],[14.973031658326056,46.0307768695709],[14.971921522663713,46.031727380364835],[14.970292568943787,46.03141886519493],[14.96832561906052,46.03275980538719],[14.967666043400696,46.030955242359354],[14.965007209845142,46.03008508144657],[14.965062488151009,46.02938238618665],[14.962841190372657,46.03120662693982],[14.961508878223382,46.02693756321429],[14.961467762713777,46.027966073673745],[14.96,46.028461119231196],[14.96,46.0293070291557],[14.960432470602562,46.02940043633316],[14.96,46.03068156303801],[14.96,46.03219045522748],[14.960351474872022,46.03349144849687],[14.962416876053501,46.03411036558618],[14.960930071477545,46.033336246896745],[14.960121499345586,46.0313027220582],[14.960989213368398,46.03008839102188],[14.963028401029074,46.03199371484121],[14.966838382639024,46.0307024585624],[14.96769124775753,46.03340568469167],[14.970443917623914,46.03165075322899],[14.97129420271507,46.031956065820296],[14.967583380351918,46.03463173623455],[14.966529614373881,46.0360922583855],[14.965375929590426,46.035419659398244],[14.965077542414715,46.033481490040096],[14.963401348453436,46.0350499816942],[14.96,46.03438727583132],[14.96,46.034846347910786],[14.962259995444168,46.03528748705873]],[[14.990681031499301,46.004916004226565],[14.991722897169387,46.00389532166978],[14.990352910933709,46.0025791435961],[14.9930721895499,46.00336573042989],[14.992569148094338,46.00205096204599],[14.993541608617686,46.001830517007456],[14.994776281077803,46.00283743570245],[14.994355668056128,46.00409146165889],[14.990357705748334,46.00638854276936],[14.988324831573332,46.00511896831075],[14.98848537181702,46.00391258448305],[14.989866277779257,46.00355844035415],[14.990681031499301,46.004916004226565]],[[14.994341293149484,46.0061624931478],[14.993750215728172,46.006448705441045],[14.993738339326143,46.005512210362824],[14.994341293149484,46.0061624931478]],[[14.98983790924933,46.00708019530084],[14.989893821856697,46.0067322807472],[14.990707300243976,46.0071678248898],[14.98983790924933,46.00708019530084]],[[14.989494117379197,46.001328362949415],[14.988811410801224,46.00131062898261],[14.989605369229956,46.00049906819573],[14.989494117379197,46.001328362949415]],[[14.987869787285785,46.00213953371567],[14.988889481923767,46.0018261402982],[14.988440083926793,46.0026957937577],[14.987869787285785,46.00213953371567]],[[14.983312669379247,46.005479248793264],[14.986818285059726,46.00548638574861],[14.987739610067996,46.004333913681506],[14.988680227441936,46.00688544987708],[14.985269668369872,46.00625540415952],[14.983500106173693,46.00776567421225],[14.981839380805644,46.00712979305474],[14.982871609932898,46.00660689227223],[14.980695831802038,46.00478964889618],[14.981450702317492,46.00285168820712],[14.983312669379247,46.005479248793264]],[[14.987534169830246,46.00279215576295],[14.986629241156109,46.00270066018415],[14.987581396736585,46.00244537739845],[14.987534169830246,46.00279215576295]],[[14.983007812939743,46.03257186171908],[14.98463301524503,46.03449209790706],[14.986860174137348,46.03581656251127],[14.982773200789554,46.038727275456196],[14.979693145491435,46.037832034664774],[14.981370917089126,46.035853382376516],[14.979123613759285,46.03763664543364],[14.9770399864945,46.03656368003056],[14.977946902266433,46.03518116674474],[14.983007812939743,46.03257186171908]],[[14.985485593047972,46.005017416431535],[14.984571609400014,46.00517525011184],[14.985168124921122,46.00451676125594],[14.985485593047972,46.005017416431535]],[[14.985191637963295,46.00218401036442],[14.983940474184026,46.00474258856857],[14.982278021182069,46.003212456778286],[14.983020294716317,46.00118130411029],[14.9840893064491,46.00089324995349],[14.985191637963295,46.00218401036442]],[[14.979489655912287,46.030051721157776],[14.98518147798252,46.02808377742981],[14.982398563578492,46.031825216817076],[14.979446539546725,46.03155977411424],[14.974203534964092,46.032069514779245],[14.975535306566622,46.03016750678667],[14.979489655912287,46.030051721157776]],[[14.982535861910145,46.00809302222866],[14.981649247136048,46.008235772927264],[14.982327469758783,46.00774142165239],[14.982535861910145,46.00809302222866]],[[14.982475908179277,46.032385554541996],[14.977141012554686,46.0353244846493],[14.97511549461291,46.03274539442667],[14.980088182854221,46.031750853782505],[14.982475908179277,46.032385554541996]],[[14.98072098827648,46.03873671624478],[14.980464609708532,46.0390620401146],[14.979210964608782,46.038221636165424],[14.98072098827648,46.03873671624478]],[[14.973772894459179,46.00122160209392],[14.973809408621202,46.00081933359674],[14.974607611960703,46.00118253200662],[14.973772894459179,46.00122160209392]]]}},{"type":"Feature","properties":{"_zoneType":"SI_BUILT","name":"Pozidano zemljišče","authority":"MKGP","dataSource":"raba-3000"},"geometry":{"type":"Polygon","coordinates":[[[14.960059155112283,46.019654906415546],[14.960280791990073,46.01822832846105],[14.96,46.0182283754088],[14.96,46.019671688940385],[14.960059155112283,46.019654906415546]]]}},{"type":"Feature","properties":{"_zoneType":"SI_BUILT","name":"Pozidano zemljišče","authority":"MKGP","dataSource":"raba-3000"},"geometry":{"type":"Polygon","coordinates":[[[14.96085749678775,46.00608771917776],[14.961246799188297,46.00681856830587],[14.96,46.00879219217929],[14.96,46.01010847536721],[14.960210845834315,46.01029606784416],[14.96,46.01030786650764],[14.96,46.01084144323711],[14.961373070917764,46.01116049262982],[14.960886505949906,46.014858767541654],[14.962724604292033,46.01861063831122],[14.960921423320196,46.02073253196746],[14.963598769064516,46.018595181815535],[14.96525581539401,46.02012163711716],[14.962928340836,46.022141989159614],[14.965510021117344,46.02203504282097],[14.966070287261152,46.01995647515894],[14.965087184705464,46.015612331376126],[14.963887239717794,46.014564082472994],[14.96439308342447,46.01191667802467],[14.962253189583956,46.01364939408514],[14.961701343102092,46.01137815151917],[14.962670236892706,46.009167644151624],[14.96474056816892,46.008750751466536],[14.962919567064263,46.008575762100456],[14.963434117512225,46.007379835980785],[14.964973739132832,46.00653609327637],[14.96718559798722,46.00685035023037],[14.965690080890145,46.00523261103832],[14.967415853506008,46.00545430664564],[14.968546057785566,46.004461717630896],[14.967749235982975,46.00290169559159],[14.969707525377009,46.0],[14.968673112040557,46.0],[14.967215394426566,46.002963367258914],[14.966299987366082,46.0016646809596],[14.967206186393058,46.0],[14.966893497485263,46.0],[14.966811460085214,46.00060697721188],[14.965115210771387,46.00128772342194],[14.966659060748816,46.003802688829374],[14.962917173462824,46.00790352155521],[14.961397180696663,46.00839286835867],[14.961621063022253,46.00656424406278],[14.960504408840436,46.00546548600493],[14.960756657497083,46.00360717179322],[14.964234693684062,46.003505596451],[14.962347186012645,46.00246386257022],[14.963050075309413,46.00119358110147],[14.96169556338121,46.00082250459079],[14.962182612997083,46.00149379837108],[14.96144634142636,46.00208173086667],[14.960660077484933,46.00016637376744],[14.960891165701339,46.0],[14.96,46.0],[14.96,46.00600830752967],[14.96085749678775,46.00608771917776]],[[14.9651070230036,46.01777435876519],[14.964957247466057,46.018239731475624],[14.964150551084986,46.017507517122155],[14.9651070230036,46.01777435876519]],[[14.963347564315981,46.01344949462974],[14.964888706734648,46.01699521297873],[14.961891009169314,46.01551930709031],[14.963347564315981,46.01344949462974]],[[14.962164511187364,46.009747317409364],[14.961672932021932,46.010831995955726],[14.961289839547279,46.00969221193412],[14.962164511187364,46.009747317409364]]]}},{"type":"Feature","properties":{"_zoneType":"SI_BUILT","name":"Pozidano zemljišče","authority":"MKGP","dataSource":"raba-3000"},"geometry":{"type":"Polygon","coordinates":[[[14.978486491544817,46.000391056254955],[14.97687509944626,46.00213408743904],[14.977846670417216,46.00148847531685],[14.978674014122173,46.002154637098634],[14.97812078884576,46.00103361085861],[14.980892805130232,46.0],[14.977211219948394,46.0],[14.977117574581305,46.00021185197729],[14.978486491544817,46.000391056254955]]]}},{"type":"Feature","properties":{"_zoneType":"SI_BUILT","name":"Pozidano zemljišče","authority":"MKGP","dataSource":"raba-3000"},"geometry":{"type":"Polygon","coordinates":[[[14.908200985661242,46.03976571445867],[14.909282317978654,46.03976657783769],[14.90898980729328,46.039577791790336],[14.908200985661242,46.03976571445867]]]}},{"type":"Feature","properties":{"_zoneType":"SI_BUILT","name":"Pozidano zemljišče","authority":"MKGP","dataSource":"raba-3000"},"geometry":{"type":"Polygon","coordinates":[[[14.868947452526385,46.03833999032559],[14.869695505403875,46.03972830185986],[14.874977842277113,46.039725787355046],[14.872585097267878,46.03620989791895],[14.868947452526385,46.03833999032559]]]}},{"type":"Feature","properties":{"_zoneType":"SI_BUILT","name":"Pozidano zemljišče","authority":"MKGP","dataSource":"raba-3000"},"geometry":{"type":"Polygon","coordinates":[[[14.858145543167012,46.039714550571965],[14.858340940040243,46.03971479291562],[14.858228271689782,46.03968857973776],[14.858145543167012,46.039714550571965]]]}},{"type":"Feature","properties":{"_zoneType":"SI_BUILT","name":"Pozidano zemljišče","authority":"MKGP","dataSource":"raba-3000"},"geometry":{"type":"Polygon","coordinates":[[[14.853659848629189,46.039289099593056],[14.853723282469069,46.039708976470365],[14.855787165797038,46.03970193323632],[14.855534208434799,46.038594417828534],[14.853659848629189,46.039289099593056]]]}},{"type":"Feature","properties":{"_zoneType":"SI_BUILT","name":"Pozidano zemljišče","authority":"MKGP","dataSource":"raba-3000"},"geometry":{"type":"Polygon","coordinates":[[[14.830536169349074,46.02160838617909],[14.830839414372944,46.02172106087627],[14.830688766425428,46.02143423641913],[14.830536169349074,46.02160838617909]]]}},{"type":"Feature","properties":{"_zoneType":"SI_BUILT","name":"Pozidano zemljišče","authority":"MKGP","dataSource":"raba-3000"},"geometry":{"type":"Polygon","coordinates":[[[14.962847378449316,46.02054404349523],[14.962932639123851,46.02071042703517],[14.963152400126486,46.020472042542146],[14.962847378449316,46.02054404349523]]]}},{"type":"Feature","properties":{"_zoneType":"SI_BUILT","name":"Pozidano zemljišče","authority":"MKGP","dataSource":"raba-3000"},"geometry":{"type":"Polygon","coordinates":[[[14.968738190423515,46.00693128752343],[14.96814688568291,46.00626835896976],[14.968324095236301,46.00714135032018],[14.968738190423515,46.00693128752343]]]}},{"type":"Feature","properties":{"_zoneType":"SI_BUILT","name":"Pozidano zemljišče","authority":"MKGP","dataSource":"raba-3000"},"geometry":{"type":"Polygon","coordinates":[[[14.971419938287283,46.01998382312225],[14.971682228119798,46.02002294363358],[14.971445423491536,46.0194684265439],[14.971419938287283,46.01998382312225]]]}},{"type":"Feature","properties":{"_zoneType":"SI_BUILT","name":"Pozidano zemljišče","authority":"MKGP","dataSource":"raba-3000"},"geometry":{"type":"Polygon","coordinates":[[[14.992851228350624,46.016002501137606],[14.993420812641089,46.01607911207947],[14.993062710674735,46.01529369894555],[14.993951496037282,46.01469661206608],[14.992876782909622,46.015032362092114],[14.992851228350624,46.016002501137606]]]}},{"type":"Feature","properties":{"_zoneType":"SI_BUILT","name":"Pozidano zemljišče","authority":"MKGP","dataSource":"raba-3000"},"geometry":{"type":"Polygon","coordinates":[[[14.969570036409316,46.027293691447056],[14.9700110304194,46.0275376968064],[14.971115884581096,46.0274643975321],[14.969570036409316,46.027293691447056]]]}},{"type":"Feature","properties":{"_zoneType":"SI_BUILT","name":"Pozidano zemljišče","authority":"MKGP","dataSource":"raba-3000"},"geometry":{"type":"Polygon","coordinates":[[[14.989726286392557,46.01852123613551],[14.990238961549846,46.019329739499824],[14.991486440130297,46.01934771686589],[14.99034627829613,46.01910724509292],[14.989726286392557,46.01852123613551]]]}},{"type":"Feature","properties":{"_zoneType":"SI_BUILT","name":"Pozidano zemljišče","authority":"MKGP","dataSource":"raba-3000"},"geometry":{"type":"Polygon","coordinates":[[[14.992086950016596,46.03980230564792],[14.989367093605253,46.03892068004049],[14.987450028826034,46.03979540995452],[14.98931250253755,46.03944294360527],[14.992086950016596,46.03980230564792]]]}},{"type":"Feature","properties":{"_zoneType":"SI_BUILT","name":"Pozidano zemljišče","authority":"MKGP","dataSource":"raba-3000"},"geometry":{"type":"Polygon","coordinates":[[[14.99311750020952,46.03949335482832],[14.993129664344956,46.03980237308187],[14.994788975398675,46.03933304216694],[14.99311750020952,46.03949335482832]]]}},{"type":"Feature","properties":{"_zoneType":"SI_BUILT","name":"Pozidano zemljišče","authority":"MKGP","dataSource":"raba-3000"},"geometry":{"type":"Polygon","coordinates":[[[14.981828607424527,46.01620282846542],[14.980801486267238,46.01610270563518],[14.981643530781122,46.01631482510968],[14.981828607424527,46.01620282846542]]]}},{"type":"Feature","properties":{"_zoneType":"SI_BUILT","name":"Pozidano zemljišče","authority":"MKGP","dataSource":"raba-3000"},"geometry":{"type":"Polygon","coordinates":[[[14.978998217143705,46.02106754975328],[14.977394344981297,46.0220486148718],[14.975107055638633,46.02091795922516],[14.977387129466427,46.022612515414224],[14.978998217143705,46.02106754975328]]]}},{"type":"Feature","properties":{"_zoneType":"SI_BUILT","name":"Pozidano zemljišče","authority":"MKGP","dataSource":"raba-3000"},"geometry":{"type":"Polygon","coordinates":[[[14.968899851147086,46.01796483288766],[14.968038879954126,46.01846458036627],[14.96900076345353,46.01858197655159],[14.968899851147086,46.01796483288766]]]}},{"type":"Feature","properties":{"_zoneType":"SI_BUILT","name":"Pozidano zemljišče","authority":"MKGP","dataSource":"raba-3000"},"geometry":{"type":"Polygon","coordinates":[[[14.963875240331944,46.00038076934915],[14.963114237934708,46.0],[14.963097578033752,46.0],[14.963660681624132,46.000539664829816],[14.963875240331944,46.00038076934915]]]}},{"type":"Feature","properties":{"_zoneType":"SI_BUILT","name":"Pozidano zemljišče","authority":"MKGP","dataSource":"raba-3000"},"geometry":{"type":"Polygon","coordinates":[[[14.941380890977111,46.00571286444233],[14.941711556392839,46.006105551957916],[14.942299616627578,46.0058250783006],[14.941586723792101,46.00553579866721],[14.941380890977111,46.00571286444233]]]}},{"type":"Feature","properties":{"_zoneType":"SI_BUILT","name":"Pozidano zemljišče","authority":"MKGP","dataSource":"raba-3000"},"geometry":{"type":"Polygon","coordinates":[[[14.867351780478053,46.0320998422731],[14.867250820330108,46.032259597038355],[14.867868578600705,46.03255145758058],[14.867351780478053,46.0320998422731]]]}},{"type":"Feature","properties":{"_zoneType":"SI_BUILT","name":"Pozidano zemljišče","authority":"MKGP","dataSource":"raba-3000"},"geometry":{"type":"Polygon","coordinates":[[[14.946667196102966,46.0397901364808],[14.947201416117322,46.039790384510354],[14.947116665462246,46.039511420299895],[14.946667196102966,46.0397901364808]]]}},{"type":"Feature","properties":{"_zoneType":"SI_BUILT","name":"Pozidano zemljišče","authority":"MKGP","dataSource":"raba-3000"},"geometry":{"type":"Polygon","coordinates":[[[14.942695925330597,46.01480789545314],[14.942170794359656,46.01532193396529],[14.943018606948646,46.016797643185654],[14.942695925330597,46.01480789545314]]]}},{"type":"Feature","properties":{"_zoneType":"SI_BUILT","name":"Pozidano zemljišče","authority":"MKGP","dataSource":"raba-3000"},"geometry":{"type":"Polygon","coordinates":[[[14.926684252614352,46.017754159932736],[14.926595626474445,46.01808323369889],[14.927273745998788,46.01910970901193],[14.926684252614352,46.017754159932736]]]}},{"type":"Feature","properties":{"_zoneType":"SI_BUILT","name":"Pozidano zemljišče","authority":"MKGP","dataSource":"raba-3000"},"geometry":{"type":"Polygon","coordinates":[[[14.919799899131508,46.039703730386556],[14.919370935233122,46.03833383341058],[14.917367866406911,46.03892425794642],[14.919799899131508,46.039703730386556]]]}},{"type":"Feature","properties":{"_zoneType":"SI_BUILT","name":"Pozidano zemljišče","authority":"MKGP","dataSource":"raba-3000"},"geometry":{"type":"Polygon","coordinates":[[[14.920762691932701,46.00254255408175],[14.920390806550186,46.00243866472639],[14.920639431581057,46.00286408909383],[14.920762691932701,46.00254255408175]]]}},{"type":"Feature","properties":{"_zoneType":"SI_BUILT","name":"Pozidano zemljišče","authority":"MKGP","dataSource":"raba-3000"},"geometry":{"type":"Polygon","coordinates":[[[14.91145222025618,46.03822153834486],[14.911632074568754,46.03842112910434],[14.911736729549435,46.038093902332726],[14.91145222025618,46.03822153834486]]]}},{"type":"Feature","properties":{"_zoneType":"SI_BUILT","name":"Pozidano zemljišče","authority":"MKGP","dataSource":"raba-3000"},"geometry":{"type":"Polygon","coordinates":[[[14.910924917560708,46.01831745730103],[14.909725763872455,46.01786877696782],[14.909327534022289,46.01873818228315],[14.910924917560708,46.01831745730103]]]}},{"type":"Feature","properties":{"_zoneType":"SI_BUILT","name":"Pozidano zemljišče","authority":"MKGP","dataSource":"raba-3000"},"geometry":{"type":"Polygon","coordinates":[[[14.91034338236539,46.03927091430897],[14.910403130122308,46.03946399468879],[14.910635163227205,46.039217773693274],[14.91034338236539,46.03927091430897]]]}},{"type":"Feature","properties":{"_zoneType":"SI_BUILT","name":"Pozidano zemljišče","authority":"MKGP","dataSource":"raba-3000"},"geometry":{"type":"Polygon","coordinates":[[[14.898283926586254,46.02404432027518],[14.897756237246782,46.02377008416814],[14.898121037635429,46.024154817288625],[14.898283926586254,46.02404432027518]]]}},{"type":"Feature","properties":{"_zoneType":"SI_BUILT","name":"Pozidano zemljišče","authority":"MKGP","dataSource":"raba-3000"},"geometry":{"type":"Polygon","coordinates":[[[14.894927053048058,46.032604181670536],[14.895132472657087,46.032701432390844],[14.895011462975246,46.03242019325263],[14.894927053048058,46.032604181670536]]]}},{"type":"Feature","properties":{"_zoneType":"SI_BUILT","name":"Pozidano zemljišče","authority":"MKGP","dataSource":"raba-3000"},"geometry":{"type":"Polygon","coordinates":[[[14.894417208009612,46.01947233099708],[14.894476187162393,46.01977952438321],[14.894686606929692,46.01947717078906],[14.894417208009612,46.01947233099708]]]}},{"type":"Feature","properties":{"_zoneType":"SI_BUILT","name":"Pozidano zemljišče","authority":"MKGP","dataSource":"raba-3000"},"geometry":{"type":"Polygon","coordinates":[[[14.882858692041095,46.01456573325669],[14.882212326876,46.01457038268693],[14.88282573172825,46.014719157726994],[14.882858692041095,46.01456573325669]]]}},{"type":"Feature","properties":{"_zoneType":"SI_BUILT","name":"Pozidano zemljišče","authority":"MKGP","dataSource":"raba-3000"},"geometry":{"type":"Polygon","coordinates":[[[14.867545934973647,46.009817166699726],[14.869673777155937,46.0084557866358],[14.871267665351395,46.00933805435583],[14.86961694051156,46.007344009125134],[14.869610542747946,46.008121267711275],[14.867545934973647,46.009817166699726]]]}},{"type":"Feature","properties":{"_zoneType":"SI_BUILT","name":"Pozidano zemljišče","authority":"MKGP","dataSource":"raba-3000"},"geometry":{"type":"Polygon","coordinates":[[[14.881335447618348,46.03028222257747],[14.881297732601196,46.03039449194651],[14.881870470724401,46.0303662766477],[14.881335447618348,46.03028222257747]]]}},{"type":"Feature","properties":{"_zoneType":"SI_BUILT","name":"Pozidano zemljišče","authority":"MKGP","dataSource":"raba-3000"},"geometry":{"type":"Polygon","coordinates":[[[14.87946428427269,46.01787368450004],[14.87950625117435,46.018041662046436],[14.88,46.01788950491061],[14.88,46.01788763293779],[14.87946428427269,46.01787368450004]]]}},{"type":"Feature","properties":{"_zoneType":"SI_BUILT","name":"Pozidano zemljišče","authority":"MKGP","dataSource":"raba-3000"},"geometry":{"type":"Polygon","coordinates":[[[14.88,46.01788763293779],[14.88,46.01788950491061],[14.88000560128626,46.01788777877856],[14.88,46.01788763293779]]]}},{"type":"Feature","properties":{"_zoneType":"SI_BUILT","name":"Pozidano zemljišče","authority":"MKGP","dataSource":"raba-3000"},"geometry":{"type":"Polygon","coordinates":[[[14.854476317406654,46.03692891830807],[14.855035512511112,46.03721917147001],[14.855778592265109,46.03813574848929],[14.85544009004541,46.036651942304594],[14.854476317406654,46.03692891830807]]]}},{"type":"Feature","properties":{"_zoneType":"SI_BUILT","name":"Pozidano zemljišče","authority":"MKGP","dataSource":"raba-3000"},"geometry":{"type":"Polygon","coordinates":[[[14.846369659329087,46.03969932866733],[14.846783706927793,46.03969988445903],[14.846522663303297,46.03959156323422],[14.846369659329087,46.03969932866733]]]}},{"type":"Feature","properties":{"_zoneType":"SI_BUILT","name":"Pozidano zemljišče","authority":"MKGP","dataSource":"raba-3000"},"geometry":{"type":"Polygon","coordinates":[[[14.859349072610334,46.005091919003185],[14.859183295181888,46.00488400522876],[14.859094079477778,46.00519397704115],[14.859349072610334,46.005091919003185]]]}},{"type":"Feature","properties":{"_zoneType":"SI_BUILT","name":"Pozidano zemljišče","authority":"MKGP","dataSource":"raba-3000"},"geometry":{"type":"Polygon","coordinates":[[[14.856176626983435,46.00490289383516],[14.856349178631342,46.00505303678682],[14.856487438084189,46.00476663684503],[14.856176626983435,46.00490289383516]]]}},{"type":"Feature","properties":{"_zoneType":"SI_BUILT","name":"Pozidano zemljišče","authority":"MKGP","dataSource":"raba-3000"},"geometry":{"type":"Polygon","coordinates":[[[14.87856439050753,46.036191577099814],[14.878240195393944,46.03478469047713],[14.878307336948078,46.03619959767547],[14.87856439050753,46.036191577099814]]]}},{"type":"Feature","properties":{"_zoneType":"SI_BUILT","name":"Pozidano zemljišče","authority":"MKGP","dataSource":"raba-3000"},"geometry":{"type":"Polygon","coordinates":[[[14.875712758868566,46.01616327571873],[14.877802124280793,46.01555945848412],[14.87576157514373,46.0157194576236],[14.874945110023308,46.01641522969183],[14.87549086146221,46.01726934142941],[14.875712758868566,46.01616327571873]]]}},{"type":"Feature","properties":{"_zoneType":"SI_BUILT","name":"Pozidano zemljišče","authority":"MKGP","dataSource":"raba-3000"},"geometry":{"type":"Polygon","coordinates":[[[14.874939614878317,46.010226653139284],[14.874932354495165,46.01033601072258],[14.875646251645087,46.01058727522639],[14.874939614878317,46.010226653139284]]]}},{"type":"Feature","properties":{"_zoneType":"SI_BUILT","name":"Pozidano zemljišče","authority":"MKGP","dataSource":"raba-3000"},"geometry":{"type":"Polygon","coordinates":[[[14.872251030462877,46.00416881003778],[14.872521227350639,46.003036702361555],[14.872049371137319,46.00397711251733],[14.872251030462877,46.00416881003778]]]}},{"type":"Feature","properties":{"_zoneType":"SI_BUILT","name":"Pozidano zemljišče","authority":"MKGP","dataSource":"raba-3000"},"geometry":{"type":"Polygon","coordinates":[[[14.87249180021143,46.011791208858405],[14.872291852106633,46.011652954093485],[14.872324781857769,46.011933603465444],[14.87249180021143,46.011791208858405]]]}},{"type":"Feature","properties":{"_zoneType":"SI_BUILT","name":"Pozidano zemljišče","authority":"MKGP","dataSource":"raba-3000"},"geometry":{"type":"Polygon","coordinates":[[[14.8698481149171,46.031575430320984],[14.869369858882596,46.03143709683592],[14.869049429749428,46.032327271223124],[14.8698481149171,46.031575430320984]]]}},{"type":"Feature","properties":{"_zoneType":"SI_BUILT","name":"Pozidano zemljišče","authority":"MKGP","dataSource":"raba-3000"},"geometry":{"type":"Polygon","coordinates":[[[14.86710093029322,46.025221854650816],[14.86570973977757,46.02454898389414],[14.863780689805495,46.02481170247054],[14.86710093029322,46.025221854650816]]]}},{"type":"Feature","properties":{"_zoneType":"SI_BUILT","name":"Pozidano zemljišče","authority":"MKGP","dataSource":"raba-3000"},"geometry":{"type":"Polygon","coordinates":[[[14.863146284484632,46.01483435144638],[14.862483397947567,46.014546308060595],[14.861974290345524,46.01473465614872],[14.863146284484632,46.01483435144638]]]}},{"type":"Feature","properties":{"_zoneType":"SI_BUILT","name":"Pozidano zemljišče","authority":"MKGP","dataSource":"raba-3000"},"geometry":{"type":"Polygon","coordinates":[[[14.83536073435568,46.01973269009785],[14.835508915218357,46.01992244796906],[14.835626675180295,46.01963942145089],[14.83536073435568,46.01973269009785]]]}},{"type":"Feature","properties":{"_zoneType":"SI_BUILT","name":"Pozidano zemljišče","authority":"MKGP","dataSource":"raba-3000"},"geometry":{"type":"Polygon","coordinates":[[[14.848376927299215,46.00059920643303],[14.848571819160302,46.0007318992743],[14.848559064376959,46.00046457892384],[14.848376927299215,46.00059920643303]]]}},{"type":"Feature","properties":{"_zoneType":"SI_BUILT","name":"Pozidano zemljišče","authority":"MKGP","dataSource":"raba-3000"},"geometry":{"type":"Polygon","coordinates":[[[14.83809666985217,46.018595540091646],[14.837034360995842,46.01783188923018],[14.836311201932503,46.01888431583442],[14.837700321713719,46.01917013580143],[14.83809666985217,46.018595540091646]]]}},{"type":"Feature","properties":{"_zoneType":"SI_BUILT","name":"Pozidano zemljišče","authority":"MKGP","dataSource":"raba-3000"},"geometry":{"type":"Polygon","coordinates":[[[14.832241061533104,46.03257978939419],[14.835878374761169,46.030959619015285],[14.829279166823733,46.03099024155477],[14.832241061533104,46.03257978939419]]]}},{"type":"Feature","properties":{"_zoneType":"SI_BUILT","name":"Pozidano zemljišče","authority":"MKGP","dataSource":"raba-3000"},"geometry":{"type":"Polygon","coordinates":[[[14.826925244092521,46.03894116474932],[14.825731152556472,46.03844851969977],[14.825791152717594,46.039669815535184],[14.826925244092521,46.03894116474932]]]}},{"type":"Feature","properties":{"_zoneType":"SI_BUILT","name":"Pozidano zemljišče","authority":"MKGP","dataSource":"raba-3000"},"geometry":{"type":"Polygon","coordinates":[[[14.815430319485012,46.013348883461425],[14.814522839683661,46.01245701933448],[14.81516541226924,46.01336528001995],[14.815430319485012,46.013348883461425]]]}},{"type":"Feature","properties":{"_zoneType":"SI_BUILT","name":"Pozidano zemljišče","authority":"MKGP","dataSource":"raba-3000"},"geometry":{"type":"Polygon","coordinates":[[[14.808420056970071,46.01451532999519],[14.807724936609494,46.014205408820416],[14.806300680908837,46.0145995641388],[14.808420056970071,46.01451532999519]]]}},{"type":"Feature","properties":{"_zoneType":"SI_BUILT","name":"Pozidano zemljišče","authority":"MKGP","dataSource":"raba-3000"},"geometry":{"type":"Polygon","coordinates":[[[14.805671006613887,46.034522658473264],[14.804918531230761,46.03440199555762],[14.804785337754712,46.03518682343857],[14.805727246599941,46.0349723292226],[14.805671006613887,46.034522658473264]]]}},{"type":"Feature","properties":{"_zoneType":"SI_BUILT","name":"Pozidano zemljišče","authority":"MKGP","dataSource":"raba-3000"},"geometry":{"type":"Polygon","coordinates":[[[14.8,46.0118640994207],[14.8,46.01204178553495],[14.800063863035783,46.01189422478041],[14.8,46.0118640994207]]]}},{"type":"Feature","properties":{"_zoneType":"SI_BUILT","name":"Pozidano zemljišče","authority":"MKGP","dataSource":"raba-3000"},"geometry":{"type":"Polygon","coordinates":[[[14.839487996891188,46.04],[14.84,46.04],[14.84,46.03989133082166],[14.839487996891188,46.04]]]}},{"type":"Feature","properties":{"_zoneType":"SI_BUILT","name":"Pozidano zemljišče","authority":"MKGP","dataSource":"raba-3000"},"geometry":{"type":"Polygon","coordinates":[[[14.826209133216596,46.03967045185528],[14.82646822695729,46.04],[14.82654780888357,46.04],[14.826209133216596,46.03967045185528]]]}},{"type":"Feature","properties":{"_zoneType":"SI_BUILT","name":"Pozidano zemljišče","authority":"MKGP","dataSource":"raba-3000"},"geometry":{"type":"Polygon","coordinates":[[[14.838160862580883,46.04028167523315],[14.837656501755648,46.04136166221435],[14.835776607843702,46.04124693117329],[14.83678167231056,46.04198667997584],[14.838086256350845,46.04146233025653],[14.83847849264863,46.0405074687641],[14.83986307531762,46.0406844548939],[14.84,46.04146991964823],[14.84,46.04],[14.839487996891188,46.04],[14.838160862580883,46.04028167523315]]]}},{"type":"Feature","properties":{"_zoneType":"SI_BUILT","name":"Pozidano zemljišče","authority":"MKGP","dataSource":"raba-3000"},"geometry":{"type":"Polygon","coordinates":[[[14.838107313397735,46.04286282754874],[14.84,46.043595981435914],[14.84,46.0421630986455],[14.838107313397735,46.04286282754874]]]}},{"type":"Feature","properties":{"_zoneType":"SI_BUILT","name":"Pozidano zemljišče","authority":"MKGP","dataSource":"raba-3000"},"geometry":{"type":"Polygon","coordinates":[[[14.836624723568328,46.04450798555571],[14.83592974845256,46.04580317199838],[14.831229920061325,46.04438233602896],[14.832779046491712,46.04366842625047],[14.833147734934753,46.04229676567635],[14.82894724081251,46.042334765729194],[14.82654780888357,46.04],[14.82646822695729,46.04],[14.828114557575116,46.04209401122251],[14.827633139508427,46.04279572739088],[14.824004960331465,46.0431475658305],[14.817636742799547,46.041951979053934],[14.81670139061658,46.043331112375824],[14.813704761883061,46.04377202682546],[14.81500673723794,46.043912319697334],[14.815676264120127,46.04542616673075],[14.813446502219342,46.044824304068094],[14.810252546662287,46.04547557992717],[14.801859692717636,46.04305363661421],[14.8,46.04303770604892],[14.8,46.044789848097395],[14.802504998506567,46.04499851040153],[14.803007355143881,46.04409881294268],[14.805455569842172,46.044889501583825],[14.804437387364755,46.045608507169874],[14.805379769984222,46.04629756820027],[14.808901675407567,46.04645686539656],[14.8087222277842,46.04855884592451],[14.810974557368153,46.0476457570193],[14.818035980254406,46.047460119476995],[14.820307288051005,46.049431751550046],[14.822558643832636,46.04711691680035],[14.823640432657507,46.048647742748884],[14.824745758176507,46.04758628550817],[14.828323537863737,46.04864418210154],[14.830618755815559,46.05038726012032],[14.829616985542861,46.05133470273476],[14.831908083573792,46.05050583220596],[14.833142236736744,46.053187563068455],[14.83423492050256,46.05347071003351],[14.833156425156433,46.05493999257652],[14.82973524109137,46.05588394122372],[14.821924183152223,46.055041082732984],[14.816662727361576,46.0559092948432],[14.81297292833693,46.05798351678159],[14.811726963631962,46.05939483372854],[14.809685830624948,46.05978768211672],[14.8,46.0561985494676],[14.8,46.05703304318673],[14.80025065817524,46.05800234636826],[14.8,46.058293301228176],[14.8,46.0624132998815],[14.802488726883997,46.06248710163615],[14.803101105065501,46.06346293442518],[14.80231062575868,46.06438974804869],[14.8,46.06439786768595],[14.8,46.06606487360852],[14.800810106687619,46.06481317056988],[14.803509858093609,46.06554608691912],[14.806886256617664,46.064440712456765],[14.808472152533508,46.06574891228128],[14.807986242190552,46.063486318463156],[14.806230146922205,46.06333763776215],[14.80489988073877,46.06443253229045],[14.803613905715803,46.064066070379425],[14.8031767937576,46.061897881161364],[14.800629642697864,46.0619306434024],[14.80135219176179,46.06061415104242],[14.804867657484179,46.059888577041804],[14.803794726727755,46.05852606739773],[14.810838853735707,46.060245561145734],[14.810927509729913,46.06342584016205],[14.812235832933805,46.06775209396678],[14.810426678939239,46.06705289963877],[14.809532523104405,46.065337142119944],[14.808421967631869,46.067156361855645],[14.806690270792968,46.066906593369445],[14.808353371849611,46.06771981098844],[14.809717812575519,46.066596709400805],[14.810157079150052,46.068427422953796],[14.80374916636668,46.069456032259374],[14.81130221304748,46.0687483714583],[14.814692131543513,46.071071356135654],[14.811603247123909,46.07187692824781],[14.813101276010407,46.07282252113733],[14.811081713341684,46.074616853001125],[14.808171551494839,46.0750163879191],[14.809853621793541,46.07509097461305],[14.808953572528324,46.07618787229055],[14.806423526593461,46.076010983148095],[14.80406105849785,46.07762701980002],[14.801445636353316,46.077951221082195],[14.802785455979718,46.07874373978461],[14.807441123082432,46.077436488439204],[14.813276298175248,46.074010962342584],[14.813652083907204,46.07249208011635],[14.815747145817207,46.07322950360023],[14.81141539693055,46.07639238901989],[14.810570960319321,46.07974658844808],[14.810168952185055,46.08],[14.810593939128104,46.08],[14.811934201129649,46.079103983411436],[14.81151423707254,46.07677693821362],[14.814133181924117,46.07514251570283],[14.816775086161218,46.08],[14.817922602287517,46.08],[14.815590192598599,46.07742816904606],[14.814851944079896,46.07484943878036],[14.81790975534647,46.07315369195662],[14.818744945778263,46.0742523505496],[14.819012669588227,46.072604999907774],[14.816197927793446,46.0711221871271],[14.816957181134578,46.07011064067747],[14.815619056029547,46.07053008809022],[14.815509456210751,46.069440894292924],[14.812617675731353,46.06830499604475],[14.813019284966728,46.06683921900904],[14.811291285490606,46.063201612368836],[14.812077256556112,46.05948081410041],[14.815506876401805,46.0566035082061],[14.818437279838264,46.05574886885049],[14.824943303007009,46.055731820272754],[14.828462962384894,46.05692578135825],[14.827797403643455,46.05757014311436],[14.820403773278423,46.05634308568329],[14.815767023164902,46.05773694018497],[14.813960602794458,46.06110992135953],[14.81505628106227,46.06468978765131],[14.813171219621701,46.065212340561686],[14.816137434810194,46.06590327006155],[14.821254335542644,46.071346442329514],[14.822508307234216,46.07370453510461],[14.82066929198641,46.074619446887205],[14.821890219891063,46.07442833866218],[14.82370102002621,46.07624820447733],[14.817439413069435,46.07701170190619],[14.823830423244615,46.076763944462],[14.824775511672696,46.0797756702885],[14.824707842694451,46.08],[14.82566395462714,46.08],[14.825743128569533,46.0797884112504],[14.826303383502685,46.08],[14.82938073489598,46.08],[14.827536044101262,46.07839301509233],[14.827537777322224,46.07637233694089],[14.825061565199604,46.07469514528306],[14.825238096004536,46.07375104601517],[14.821999117201056,46.070665418646065],[14.822577373790764,46.06992927203317],[14.821790396651549,46.06943212642861],[14.82255855564778,46.06480218789054],[14.82490294358058,46.06625773655651],[14.82177386728032,46.0635310574207],[14.82200534653195,46.06167652921758],[14.82490567382326,46.06259660787902],[14.824829557127073,46.064208981925724],[14.826109871894332,46.06289354961911],[14.826176842502676,46.06417307379211],[14.82755290726438,46.064438018727984],[14.831117033301883,46.06337611033437],[14.838103111310929,46.06476574215649],[14.84,46.065542629900314],[14.84,46.0647166594966],[14.834584192624845,46.06341382376667],[14.828601054440323,46.05775273980423],[14.829667643263688,46.05737608794678],[14.834476960593193,46.06129475056104],[14.839261722648533,46.06058927819533],[14.84,46.06096985717207],[14.84,46.05829810186158],[14.838334581589647,46.058255762208134],[14.838758308104874,46.05705488862266],[14.84,46.05788338391576],[14.84,46.05307152127487],[14.836750464627753,46.05300578256662],[14.837764090432412,46.051633111549236],[14.839216733356867,46.05178366691582],[14.839629907904904,46.04980366945916],[14.84,46.04982748774516],[14.84,46.04450220044242],[14.836624723568328,46.04450798555571]],[[14.833680306380675,46.04596039172701],[14.83489935002918,46.04739904219668],[14.83504597865747,46.046007192876864],[14.838833425121772,46.046147591049284],[14.839748105364189,46.046975886228836],[14.836822668801949,46.04847154807108],[14.836695739771912,46.04929316201926],[14.839149447169868,46.04963414446026],[14.83626077526869,46.05238639494221],[14.834849111905962,46.0515278209642],[14.835347253585095,46.05023966066567],[14.832492787975177,46.048376207139086],[14.828110466512166,46.04810308727647],[14.829686540625618,46.04664522844506],[14.833680306380675,46.04596039172701]],[[14.839699714839202,46.0551425708425],[14.838802734485233,46.05595780850489],[14.838034118759259,46.055194197757],[14.838659402096853,46.05459119874288],[14.839699714839202,46.0551425708425]],[[14.837410178045394,46.04870414578436],[14.838132394935116,46.04811844396221],[14.838296319909807,46.049048506316566],[14.837410178045394,46.04870414578436]],[[14.829869415301873,46.04530719273572],[14.83257465385393,46.04565158463289],[14.829409154935572,46.04634158668981],[14.828919464295875,46.0457338010096],[14.829869415301873,46.04530719273572]],[[14.831516421229818,46.04261508645619],[14.830684222603363,46.04402890920183],[14.828594751466579,46.042821969737375],[14.830681417243056,46.04232379575667],[14.831516421229818,46.04261508645619]],[[14.820610385698705,46.04326775662747],[14.827753337465305,46.043064551489444],[14.8290494226643,46.04403411743426],[14.826166928069732,46.04612394198519],[14.82167276849419,46.045385597969435],[14.820589282442114,46.04345534938924],[14.821034309342265,46.045121905216426],[14.820242653474278,46.04592673905647],[14.816985328393947,46.0457900778589],[14.81549907954528,46.044296351869754],[14.818243512832783,46.042747982958495],[14.820610385698705,46.04326775662747]],[[14.828508949559,46.04703454761386],[14.827134444869383,46.04779146935829],[14.82237919226257,46.046399414128075],[14.82468438175726,46.04611084387286],[14.828508949559,46.04703454761386]],[[14.821371010434852,46.069135022840925],[14.820692173769794,46.06918498461463],[14.820321754461448,46.06828893930717],[14.8214439285906,46.06809430552879],[14.821371010434852,46.069135022840925]],[[14.821274983216576,46.06606713790934],[14.821396901332905,46.06749461368843],[14.818970472756439,46.06756945923921],[14.819374431793284,46.06580063177319],[14.821274983216576,46.06606713790934]],[[14.82058349898085,46.06329322608206],[14.820349100666379,46.06377085475246],[14.819931122616126,46.06310254082861],[14.82058349898085,46.06329322608206]],[[14.820582290592442,46.04728787719318],[14.818718097224698,46.04754143601863],[14.81866936387016,46.046732962186],[14.820289452605326,46.04678984958397],[14.820582290592442,46.04728787719318]],[[14.816846520451795,46.047085273077776],[14.816910003530412,46.046615709967696],[14.81753608858742,46.047133598927076],[14.816846520451795,46.047085273077776]],[[14.815117403940246,46.045842922051975],[14.812552962660781,46.04672553435439],[14.811835410148692,46.04568257136001],[14.815117403940246,46.045842922051975]],[[14.810995282176112,46.04652318161444],[14.810672876780465,46.04720348706657],[14.809429418144713,46.047082943088185],[14.810189893979542,46.04607903550742],[14.810995282176112,46.04652318161444]],[[14.802776808446044,46.05861425156772],[14.801872935951062,46.059060711220724],[14.801573604353289,46.05788519031799],[14.802776808446044,46.05861425156772]],[[14.801936025267006,46.04398867159657],[14.801936848086559,46.04432428227216],[14.801012083428175,46.043940158056884],[14.801936025267006,46.04398867159657]],[[14.801014048682909,46.060400872509575],[14.80007923537278,46.06093275059635],[14.800414923618758,46.06003895067517],[14.801014048682909,46.060400872509575]]]}},{"type":"Feature","properties":{"_zoneType":"SI_BUILT","name":"Pozidano zemljišče","authority":"MKGP","dataSource":"raba-3000"},"geometry":{"type":"Polygon","coordinates":[[[14.8,46.05516155455948],[14.8,46.05550317397319],[14.800546100341018,46.05545306122535],[14.8,46.05516155455948]]]}},{"type":"Feature","properties":{"_zoneType":"SI_BUILT","name":"Pozidano zemljišče","authority":"MKGP","dataSource":"raba-3000"},"geometry":{"type":"Polygon","coordinates":[[[14.805123726114761,46.05431014009666],[14.811154303470525,46.05243650247913],[14.804867243000997,46.05401438637767],[14.803180342108545,46.05185219692457],[14.800671991007198,46.050702250016926],[14.801200830739164,46.04855643953],[14.800818651640107,46.04936468624601],[14.8,46.04919107615744],[14.8,46.05049111186176],[14.800184540652571,46.05077450904986],[14.802772376216458,46.051988468011984],[14.802705491211164,46.05304341358232],[14.800020032093084,46.05299742845546],[14.8,46.05298348943348],[14.8,46.05428966374456],[14.801098174586377,46.053189256425014],[14.805123726114761,46.05431014009666]]]}},{"type":"Feature","properties":{"_zoneType":"SI_BUILT","name":"Pozidano zemljišče","authority":"MKGP","dataSource":"raba-3000"},"geometry":{"type":"Polygon","coordinates":[[[14.8,46.06684544243451],[14.8,46.0672885071765],[14.800431403521243,46.06774572752456],[14.8,46.06684544243451]]]}},{"type":"Feature","properties":{"_zoneType":"SI_BUILT","name":"Pozidano zemljišče","authority":"MKGP","dataSource":"raba-3000"},"geometry":{"type":"Polygon","coordinates":[[[14.807994083454386,46.081370959473894],[14.802905394525773,46.08213739536697],[14.801124654968595,46.081155581331714],[14.802628853017223,46.08258336967114],[14.804672714768047,46.08293140379156],[14.808219590427816,46.0815873432359],[14.810593939128104,46.08],[14.810168952185055,46.08],[14.807994083454386,46.081370959473894]]]}},{"type":"Feature","properties":{"_zoneType":"SI_BUILT","name":"Pozidano zemljišče","authority":"MKGP","dataSource":"raba-3000"},"geometry":{"type":"Polygon","coordinates":[[[14.816790563403849,46.080028456922086],[14.822173684156182,46.08410650736716],[14.810952353776662,46.08431496100065],[14.806481071141482,46.08610667947367],[14.804625600991635,46.085325406598116],[14.803108820472508,46.086999705868024],[14.8,46.085055819802],[14.8,46.08572511836539],[14.802972663372671,46.08815419338651],[14.8,46.09033724307541],[14.8,46.09167565024533],[14.800339632510298,46.0911604400608],[14.803852730017784,46.09074633575639],[14.807452647743,46.08897836338538],[14.807827530813606,46.0877114330922],[14.809489769712588,46.087890885478465],[14.807049905787384,46.08680071005477],[14.80912637681131,46.0854505454802],[14.823829664919273,46.084480453687604],[14.827827706874087,46.086369346006116],[14.831856026640763,46.08376255912125],[14.827771318990882,46.08599656040129],[14.825739342040047,46.08489722857398],[14.824338315332904,46.083542710546084],[14.82566395462714,46.08],[14.824707842694451,46.08],[14.823756262860929,46.08315458626775],[14.820269977078082,46.08258833221949],[14.817922602287517,46.08],[14.816775086161218,46.08],[14.816790563403849,46.080028456922086]],[[14.807303938495336,46.08792654150256],[14.807196673131738,46.0887835978158],[14.802096834581109,46.090775088315866],[14.805513354995144,46.087029568036826],[14.807303938495336,46.08792654150256]]]}},{"type":"Feature","properties":{"_zoneType":"SI_BUILT","name":"Pozidano zemljišče","authority":"MKGP","dataSource":"raba-3000"},"geometry":{"type":"Polygon","coordinates":[[[14.835120000350742,46.08332972870777],[14.837282621143684,46.0859717609611],[14.835649515032749,46.08857290981332],[14.828038609315819,46.09190820750072],[14.82719229434206,46.09063797768527],[14.827877545111388,46.090226424899576],[14.827643856517026,46.0876955263148],[14.821975930144568,46.08645771976379],[14.82642423164954,46.08760340865965],[14.825570968143179,46.089116159803034],[14.824069570352338,46.089063042947494],[14.826803959661854,46.08993851487222],[14.825734005573679,46.09175158439441],[14.820851461696574,46.09016258484939],[14.82169902503964,46.08870885266229],[14.823031029202,46.08892847347068],[14.821542737179016,46.08799830691399],[14.820682469456589,46.08786028435448],[14.821397572885243,46.08844821669475],[14.820199915226677,46.090022797024695],[14.81663495907932,46.09005995849043],[14.814932771827417,46.0886301679318],[14.81776105858733,46.08790637976711],[14.81783061318795,46.08704667519994],[14.816174524546255,46.086406382883226],[14.81391512947528,46.08714918946085],[14.80933579611739,46.08915467626526],[14.80372982798453,46.09317216771776],[14.8,46.09860704351821],[14.8,46.10027272226544],[14.803027320480606,46.09495441880276],[14.808042883682024,46.09251349653299],[14.806034016993307,46.095179722280214],[14.807926164313503,46.09829659355102],[14.805431345296284,46.09815919983068],[14.807023680377547,46.098736906352244],[14.806408710753459,46.10043042638733],[14.805087309638198,46.1005663346856],[14.804020606723915,46.09928403945171],[14.804003523798308,46.100856112582434],[14.802220925620187,46.10204620431158],[14.806423456209895,46.104199218017726],[14.80183496441612,46.105839819641105],[14.803959347311773,46.106500496656196],[14.800354383633946,46.10712279700635],[14.801647112741115,46.10828136760616],[14.80130520506229,46.10931118006974],[14.8,46.10894656249806],[14.8,46.109804677333436],[14.800108709914399,46.11003302133584],[14.8,46.11006931445446],[14.8,46.112869246432446],[14.80238610509435,46.11205113787052],[14.80514890783426,46.10863259784824],[14.806891621460412,46.108302997945444],[14.809785192337921,46.109676568867364],[14.81193110201931,46.11301440798911],[14.814036555601005,46.113120484276045],[14.815233503957824,46.11161267546041],[14.817192874015594,46.11182729094097],[14.816150585026651,46.11157084849727],[14.816161114478371,46.11067304590382],[14.81379926357058,46.11152864328529],[14.814162990611466,46.10893547365219],[14.811836516587912,46.11140816411008],[14.810062862969772,46.109527668726955],[14.806801639102401,46.10803271002343],[14.804862588224088,46.10844457981428],[14.802482403653645,46.11044632166345],[14.801710367397822,46.109994937030294],[14.80213107074585,46.108389752482395],[14.80141907642154,46.10736898141781],[14.804517846332793,46.10671621972041],[14.808301723729278,46.10380053201412],[14.806928585184602,46.101907008059335],[14.808364850056307,46.10130276983137],[14.806949774496251,46.10011974622205],[14.808454336821372,46.09800630730025],[14.807690146702264,46.09498898884406],[14.809026007835579,46.09416623139007],[14.81049013336675,46.09557222600051],[14.81194176868853,46.09480957528147],[14.810907142317303,46.09266471328488],[14.812486865760267,46.093003796195546],[14.813400946509793,46.094562223630156],[14.814578366548535,46.093895957203415],[14.81455237995866,46.0948695934227],[14.818247144140349,46.09299374630418],[14.82055633431019,46.09323027764086],[14.820704941227445,46.09440083094371],[14.824765245545997,46.096024512796404],[14.824661481208492,46.0971737345519],[14.823011028476758,46.096222229819126],[14.818928345611718,46.095567454747226],[14.821406345907283,46.096633279506584],[14.816926924181463,46.09800005359493],[14.818132904735641,46.099051038925104],[14.816581579797331,46.09951761316001],[14.818855818710533,46.09927561141937],[14.820141747272679,46.1007119822764],[14.819725907604958,46.101851680353974],[14.81802862027988,46.10170859276658],[14.819697824179913,46.10299109213775],[14.82166240633206,46.101112718598706],[14.820354509815665,46.09721220896406],[14.822681962022836,46.09641783515249],[14.825932434089754,46.09780722182832],[14.825446963322628,46.09576054889123],[14.827871216441444,46.09582499531748],[14.83052361216984,46.10322199344949],[14.833904221402102,46.105762496958114],[14.833659560453196,46.1081759107183],[14.832272836523423,46.108715843439725],[14.833984536635688,46.109034924474486],[14.833470096679429,46.11084526540384],[14.834866917310272,46.1129202221],[14.833279663492622,46.11475737508433],[14.834918027038869,46.114771974515726],[14.835783512959415,46.113205080280395],[14.835776671068365,46.111716444590265],[14.834301472640822,46.11114930131221],[14.835448811951577,46.10898892461592],[14.838860410242019,46.1124834325726],[14.84,46.11309887777901],[14.84,46.11161765022658],[14.839412694992207,46.11251959865935],[14.834245485178538,46.10684896359246],[14.834039657281975,46.10528317983661],[14.830794053223794,46.10292914317033],[14.828673580619686,46.09647117492104],[14.830679013154743,46.095057410624214],[14.82849337962512,46.09212727104455],[14.83105952633781,46.091728055266096],[14.831243568500337,46.093060404305895],[14.834619427972443,46.09190791547562],[14.835835034525127,46.09236817595822],[14.839590934907177,46.09000551158415],[14.84,46.08896583003071],[14.84,46.08528901648308],[14.83940786648329,46.08606939836565],[14.839708629758862,46.08795732756634],[14.838745188120868,46.08956255133121],[14.836200600497628,46.09093238992176],[14.833860141109884,46.09079617248627],[14.837074458928683,46.08764061162856],[14.837395196967092,46.08530862346203],[14.835370587304752,46.08301731836926],[14.831429175242794,46.08178447939948],[14.82938073489598,46.08],[14.826303383502685,46.08],[14.835120000350742,46.08332972870777]],[[14.833124764153045,46.090038620033695],[14.832762029662122,46.0908874501989],[14.831060277983532,46.090728108545186],[14.833124764153045,46.090038620033695]],[[14.829235189597005,46.09533364389495],[14.829179897947375,46.09565912155389],[14.828452997659253,46.09520608199028],[14.829235189597005,46.09533364389495]],[[14.826930430611283,46.089425880021636],[14.825959393605487,46.089325980354694],[14.827003798971399,46.08897057067348],[14.826930430611283,46.089425880021636]],[[14.824411263131589,46.092781551345176],[14.824677798950564,46.091997979965434],[14.825504378749509,46.09285211952717],[14.824411263131589,46.092781551345176]],[[14.820319949074587,46.09041702683701],[14.823797249248353,46.09173452060651],[14.82245628339367,46.09325168401825],[14.81633562834587,46.09239790867578],[14.820319949074587,46.09041702683701]],[[14.819348546822704,46.090483481836785],[14.816084875067437,46.092024164301705],[14.814452157626324,46.091697424105],[14.815183362245833,46.0905789605025],[14.819348546822704,46.090483481836785]],[[14.814395566546052,46.089122843417115],[14.814215628364238,46.08947265004131],[14.813172095496535,46.089085724736314],[14.814395566546052,46.089122843417115]],[[14.813565754291673,46.09150747335117],[14.811736958361221,46.09266733026005],[14.810855584544212,46.0920711261361],[14.812226386226687,46.090918600327846],[14.813565754291673,46.09150747335117]],[[14.811106158364812,46.08915101886201],[14.810504771161868,46.089775470374725],[14.810437858873462,46.08899157595956],[14.811106158364812,46.08915101886201]],[[14.810684583125303,46.091506263104776],[14.809561398195799,46.09152691793796],[14.809479879442147,46.090711142088026],[14.810766758812298,46.09067835544547],[14.810684583125303,46.091506263104776]],[[14.809454834794781,46.09313258569906],[14.808797714147829,46.093269994070454],[14.809153124348503,46.09243752639885],[14.809454834794781,46.09313258569906]],[[14.809094402650969,46.091748226415014],[14.80882986816277,46.092342799240434],[14.808513169482296,46.09152566096561],[14.809094402650969,46.091748226415014]],[[14.807291965865517,46.091012933630246],[14.807947528990113,46.09122405588731],[14.80696738829603,46.09147219956265],[14.807291965865517,46.091012933630246]],[[14.802250647962744,46.11092527009389],[14.801872476601153,46.11136936368022],[14.801651927396506,46.110723216536],[14.802250647962744,46.11092527009389]]]}},{"type":"Feature","properties":{"_zoneType":"SI_BUILT","name":"Pozidano zemljišče","authority":"MKGP","dataSource":"raba-3000"},"geometry":{"type":"Polygon","coordinates":[[[14.838125173452815,46.113148888401575],[14.839116148764038,46.1160841762193],[14.836585662967003,46.1183339313697],[14.834789830774968,46.11621161510348],[14.829853485767018,46.11671405366536],[14.827881732329965,46.11604537072158],[14.828940744410156,46.114874088056936],[14.827410317171507,46.115626497425],[14.827344296485636,46.11635272867431],[14.829411931615189,46.11716045106995],[14.832504859871714,46.116755350739936],[14.835834084569727,46.11956417400068],[14.834484307731978,46.12],[14.84,46.12],[14.84,46.11966716488255],[14.839506661980037,46.11891960767491],[14.84,46.11900254431702],[14.84,46.1132801064244],[14.838125173452815,46.113148888401575]],[[14.839242602340622,46.117414082154546],[14.838837808311284,46.11802207522171],[14.83863719819496,46.117136260294906],[14.839242602340622,46.117414082154546]]]}},{"type":"Feature","properties":{"_zoneType":"SI_BUILT","name":"Pozidano zemljišče","authority":"MKGP","dataSource":"raba-3000"},"geometry":{"type":"Polygon","coordinates":[[[14.830550943404242,46.119007776078014],[14.82834560600756,46.12],[14.830289796419791,46.12],[14.829700724004875,46.11972124055226],[14.831385659699116,46.119283067591354],[14.832883612847752,46.12],[14.833892172227166,46.12],[14.830550943404242,46.119007776078014]]]}},{"type":"Feature","properties":{"_zoneType":"SI_BUILT","name":"Pozidano zemljišče","authority":"MKGP","dataSource":"raba-3000"},"geometry":{"type":"Polygon","coordinates":[[[14.824513960617981,46.11988788393323],[14.824392857775576,46.12],[14.82493392563579,46.12],[14.824513960617981,46.11988788393323]]]}},{"type":"Feature","properties":{"_zoneType":"SI_BUILT","name":"Pozidano zemljišče","authority":"MKGP","dataSource":"raba-3000"},"geometry":{"type":"Polygon","coordinates":[[[14.823339914840115,46.11961777189888],[14.822636860681708,46.12],[14.823283728838843,46.12],[14.823339914840115,46.11961777189888]]]}},{"type":"Feature","properties":{"_zoneType":"SI_BUILT","name":"Pozidano zemljišče","authority":"MKGP","dataSource":"raba-3000"},"geometry":{"type":"Polygon","coordinates":[[[14.817571634676991,46.11872350290015],[14.81576504179998,46.11679524531375],[14.816378626940674,46.11592699224336],[14.814231681795524,46.1162186657823],[14.813367436148942,46.11484346956632],[14.812455667653389,46.11557988855802],[14.810835855387735,46.113358834891066],[14.809418636724677,46.11280954941315],[14.809584786968166,46.11151747283843],[14.80666597529219,46.11232983420201],[14.809251207819491,46.11434187183788],[14.811259932746344,46.11431916313247],[14.81207822142441,46.11565229622668],[14.813802455966911,46.11636704572568],[14.813901423043044,46.11784474085253],[14.815366488327179,46.11915648573701],[14.81532601681838,46.12],[14.81673093849716,46.12],[14.815793669457975,46.11971618449259],[14.816344112647993,46.11884125595392],[14.819011339348243,46.11981659792049],[14.819147128938553,46.12],[14.820100421580623,46.12],[14.817571634676991,46.11872350290015]],[[14.814249133094798,46.11762332249628],[14.814992436472698,46.11691730793101],[14.81659295996243,46.11782646008332],[14.815972612420428,46.11840010139267],[14.814249133094798,46.11762332249628]]]}},{"type":"Feature","properties":{"_zoneType":"SI_BUILT","name":"Pozidano zemljišče","authority":"MKGP","dataSource":"raba-3000"},"geometry":{"type":"Polygon","coordinates":[[[14.839970903673622,46.090621785294935],[14.84,46.09061588175342],[14.84,46.09059804357384],[14.839970903673622,46.090621785294935]]]}},{"type":"Feature","properties":{"_zoneType":"SI_BUILT","name":"Pozidano zemljišče","authority":"MKGP","dataSource":"raba-3000"},"geometry":{"type":"Polygon","coordinates":[[[14.83900049170616,46.10890027405482],[14.84,46.10932968572213],[14.84,46.109021610567126],[14.83900049170616,46.10890027405482]]]}},{"type":"Feature","properties":{"_zoneType":"SI_BUILT","name":"Pozidano zemljišče","authority":"MKGP","dataSource":"raba-3000"},"geometry":{"type":"Polygon","coordinates":[[[14.800193911623717,46.09409154725951],[14.8,46.09444692984752],[14.8,46.09573080334859],[14.800922356776105,46.09422658611688],[14.800193911623717,46.09409154725951]]]}},{"type":"Feature","properties":{"_zoneType":"SI_BUILT","name":"Pozidano zemljišče","authority":"MKGP","dataSource":"raba-3000"},"geometry":{"type":"Polygon","coordinates":[[[14.8,46.09308345794843],[14.8,46.09314236720065],[14.800079879188603,46.09313886054096],[14.8,46.09308345794843]]]}},{"type":"Feature","properties":{"_zoneType":"SI_BUILT","name":"Pozidano zemljišče","authority":"MKGP","dataSource":"raba-3000"},"geometry":{"type":"Polygon","coordinates":[[[14.834200622247618,46.12009159848225],[14.833892172227166,46.12],[14.832883612847752,46.12],[14.833817582782466,46.12044700551249],[14.832498684576516,46.12104528480216],[14.830289796419791,46.12],[14.82834560600756,46.12],[14.827075108449144,46.12057162140912],[14.82493392563579,46.12],[14.824392857775576,46.12],[14.82310901334032,46.12118857316279],[14.823283728838843,46.12],[14.822636860681708,46.12],[14.821415672808246,46.120663920860714],[14.820100421580623,46.12],[14.819147128938553,46.12],[14.8202257755001,46.12145685705355],[14.817841924974832,46.12205918284766],[14.817118986941386,46.12011750539225],[14.81673093849716,46.12],[14.81532601681838,46.12],[14.815304319593073,46.12045221736372],[14.813465266934333,46.12150823030159],[14.814148140490364,46.122278210162825],[14.813466823493945,46.12332787551488],[14.809700580853974,46.12701460501207],[14.813059411271471,46.12495068908094],[14.814347994885525,46.12578877035973],[14.814325208870846,46.127539100873065],[14.814777163059329,46.1237343150834],[14.816777105047674,46.12250244541163],[14.817860359791585,46.12284217026039],[14.81841505444964,46.12509454551579],[14.81840645051701,46.12331900876622],[14.819338697092965,46.1243527591113],[14.819914203824359,46.1235601935115],[14.822288394214027,46.12365025682368],[14.820271069713796,46.122685431838335],[14.822005131059242,46.12154476417269],[14.823006111539799,46.12181323177975],[14.822510750930267,46.123041617159636],[14.82324590528301,46.12383549023243],[14.821708444914726,46.124986860565535],[14.821931497598527,46.126679230535046],[14.817735151414814,46.12672278191623],[14.815727221384204,46.12825768767817],[14.81446203060771,46.13012405271686],[14.811330089645535,46.13020374914164],[14.812685779724237,46.13144966676251],[14.810104836713121,46.13253321424645],[14.80238832008443,46.130064223379975],[14.802695880829381,46.12913879819066],[14.8,46.12924776420317],[14.8,46.130191469658904],[14.800571363622172,46.129959668303854],[14.804948390953514,46.13118922024941],[14.802813580074469,46.132183509410524],[14.800984133808981,46.13155616890115],[14.800462607776115,46.132887855834994],[14.8,46.13295272077598],[14.8,46.133147883022644],[14.805518589992761,46.13411438432916],[14.806443713277814,46.13533133256101],[14.803791651900067,46.136317158991154],[14.801606872244886,46.135339140969826],[14.800771797249297,46.13619278357203],[14.80010446859094,46.13479600918946],[14.8,46.13479633875072],[14.8,46.13539780930621],[14.800060341102334,46.13541296473542],[14.8,46.135463636476736],[14.8,46.13684199635126],[14.80182291420694,46.13718999086011],[14.807989815481333,46.13534890135572],[14.809716002691696,46.13611277586532],[14.81261668264803,46.13592944110442],[14.813014865274695,46.136678335062705],[14.807618506807108,46.136492520368506],[14.800466410661198,46.13828538866549],[14.8,46.138298459177015],[14.8,46.138757287332304],[14.803410964832445,46.13895218592287],[14.805060110890475,46.138370137841825],[14.804706574014746,46.13738151404105],[14.80811130987608,46.1367776389868],[14.810921270873976,46.13756180560253],[14.809423302217988,46.13995869679751],[14.811182139702785,46.143860490109915],[14.808213220355185,46.14682613072253],[14.806140705164495,46.145715791430796],[14.806579705244715,46.14354242004],[14.804877396208028,46.14561033488578],[14.803516104801531,46.14487428019636],[14.803484633435685,46.14231979993191],[14.803022846246222,46.14411227866932],[14.800205517858789,46.14345597376922],[14.800150737780601,46.14205116776751],[14.8,46.142091438105915],[14.8,46.143758619792756],[14.801858144132158,46.14425555474009],[14.805496148647707,46.146965260512445],[14.804430637711512,46.148105744130326],[14.801119685971132,46.14834506638604],[14.800879394071913,46.147042125048614],[14.8,46.14812602711583],[14.8,46.15043343435188],[14.800261020923378,46.15063772435824],[14.8,46.151006547266846],[14.8,46.15164427333912],[14.801789958255865,46.1514446991168],[14.801210417205978,46.152725224427535],[14.802232421834363,46.1557591475479],[14.803401959651184,46.151296450153275],[14.802553213207155,46.15050640123607],[14.803790130176528,46.15023308047822],[14.807062038596218,46.15177496924406],[14.808312519818328,46.15346156822687],[14.813372164038697,46.15574075419574],[14.813575409836464,46.1590580588913],[14.814315208771799,46.15674714661899],[14.817973495667184,46.157857654021704],[14.832000505837769,46.156685018502245],[14.832740415928754,46.158389353057366],[14.83009585695129,46.15970243115421],[14.833535427913514,46.15911538840562],[14.832482784931019,46.15721472819086],[14.833471819840389,46.155984069106495],[14.84,46.15301924286704],[14.84,46.15224971362643],[14.839890408074007,46.15231555305073],[14.838467472784561,46.1496955199961],[14.83909352959022,46.153003167858365],[14.830959691947704,46.1564320254716],[14.830919097734,46.15422672184445],[14.834769254991238,46.15155219237905],[14.83510838528111,46.15044015987631],[14.83462879819099,46.147869914249455],[14.832466164121305,46.14650071542893],[14.832323106392359,46.14500145817165],[14.84,46.14375564091836],[14.84,46.14298913267217],[14.832449221903893,46.144300849652986],[14.828671259983132,46.1426965323283],[14.827508704273356,46.14025455717358],[14.8271677186369,46.1358861786058],[14.829210650612449,46.13681628049541],[14.829644433410893,46.139670626253654],[14.83330828535279,46.13898347567806],[14.833865317113709,46.13864360038315],[14.830530642600934,46.138495738457465],[14.829696933252473,46.13672937383485],[14.828168267044513,46.13563085488926],[14.833899081315158,46.136617563621954],[14.833991374168262,46.13495784903834],[14.835973287242453,46.13445081534767],[14.837029474105236,46.13250755446992],[14.83866209730053,46.132963642945796],[14.838740599186256,46.1343665893977],[14.83985734777729,46.13357873853821],[14.84,46.13383517745091],[14.84,46.13205343518442],[14.83735056822202,46.1313649307985],[14.837426273208088,46.129641698056076],[14.835487584426948,46.13024894273493],[14.833928890302088,46.128766695589945],[14.832631720125208,46.125049684174044],[14.83377703742125,46.1243577737661],[14.832505152464266,46.12369160040139],[14.832220808584001,46.1218669508549],[14.834342578773791,46.12078680270037],[14.839063728586794,46.12266137239129],[14.837065526075369,46.12172840541073],[14.838156836231876,46.12038257648334],[14.84,46.12159233965789],[14.84,46.12],[14.834484307731978,46.12],[14.834200622247618,46.12009159848225]],[[14.819493995844113,46.13058042838542],[14.818738378154439,46.13123714534444],[14.819974413925284,46.13181819191404],[14.817863753620106,46.1328431179696],[14.818426058994541,46.13368912761388],[14.82025851825434,46.13240188031717],[14.821826542403537,46.13291251148597],[14.82207228272152,46.13122100657243],[14.819340337315287,46.12992348815207],[14.819422680349115,46.12856115272274],[14.81845353453549,46.13016240815609],[14.814863464971268,46.130200316836955],[14.816336769495974,46.12815117847828],[14.818923430325407,46.12805286671555],[14.817173474877423,46.12798213295296],[14.818058568009144,46.126872510800304],[14.822858460738546,46.127086171501325],[14.824695488515804,46.128652915402824],[14.825040011758796,46.12774637511751],[14.827503899928862,46.12752841406109],[14.825283444468,46.12660237751338],[14.827003242613367,46.12525282362303],[14.824156491160169,46.12690132773325],[14.82264634117101,46.12664153987164],[14.822077116338038,46.12519459618636],[14.824214146944142,46.12407282958646],[14.826556570232741,46.12427887261535],[14.82583156312061,46.12283830246681],[14.827669655377758,46.1222032979789],[14.827737640961455,46.12329954951238],[14.829114351188236,46.12247180411644],[14.830694859850274,46.12448139554283],[14.832042819955538,46.12470686526831],[14.83341596526566,46.12760058965614],[14.83281010458024,46.12833709730792],[14.829110711521373,46.12680509601415],[14.829442125021213,46.12803120499698],[14.834830713456281,46.12964138832305],[14.833143458623683,46.13022933138962],[14.833992936303925,46.13127266640307],[14.832704750157509,46.13264539292832],[14.83500349495823,46.13181742582017],[14.834883037212535,46.13072125133812],[14.836726198318114,46.13082876665266],[14.835563776756231,46.13424726662974],[14.833705233435163,46.134736637299525],[14.833350537692814,46.13583982684251],[14.827111755565348,46.13526569583429],[14.82589134302355,46.134415728387026],[14.821637326605861,46.134573874022024],[14.821181395514724,46.13366051748507],[14.819211269574252,46.13513861477021],[14.813665813824823,46.13653722629203],[14.8129682594544,46.13571973099675],[14.811626384363201,46.13542440193905],[14.816097321161054,46.13075714855729],[14.819493995844113,46.13058042838542]],[[14.814844126783587,46.15010685492688],[14.814895610271098,46.15115511525826],[14.816184264376695,46.15070474526958],[14.812886466936886,46.14889997172795],[14.814284895077927,46.148195081988476],[14.818335555501697,46.15065271139222],[14.818829809548916,46.14869733500931],[14.817885075988457,46.148507263111355],[14.817436534041926,46.15007177808566],[14.815258311029893,46.14758343702721],[14.820003376918013,46.14781508558717],[14.820130444728749,46.14675021349719],[14.82427343546765,46.14631779111337],[14.824582606964213,46.14766267751202],[14.825420990254798,46.14660057673364],[14.828739548065496,46.14664738125932],[14.830938343397202,46.145205015475796],[14.834757588781184,46.149032043817726],[14.834586438183441,46.15129816270305],[14.829175192629924,46.15426784319458],[14.829214110826163,46.156207531346446],[14.825215197027507,46.157132372400056],[14.823609333718188,46.15560129053119],[14.821370687811791,46.15714034426578],[14.81795884081137,46.157631496035805],[14.815877672086188,46.15708064322631],[14.814601260838794,46.155394946940184],[14.812976052293525,46.15530657434857],[14.812700007388337,46.15437442719559],[14.80851447948577,46.15327261831607],[14.807182814928543,46.151402553712344],[14.805232556809369,46.15059906081569],[14.812606738890123,46.149215502017185],[14.814844126783587,46.15010685492688]],[[14.829952061129422,46.12267551312213],[14.831474741947126,46.12234985677735],[14.832225000031213,46.123798838284735],[14.8315775759908,46.124140607540106],[14.829952061129422,46.12267551312213]],[[14.814568615847236,46.14541290726447],[14.811659404590488,46.144694460720956],[14.813783586383668,46.14384323899439],[14.811582888867788,46.14332207554732],[14.810680504832018,46.14213824960748],[14.811002837913703,46.13866577444427],[14.81268732818964,46.13865346010118],[14.813050414549814,46.137275275358164],[14.81497819596368,46.136231627741616],[14.817623749452423,46.13573596463313],[14.817897360590125,46.137026519890355],[14.818939245124326,46.13572212641984],[14.819877232599266,46.138299744422845],[14.819813905863551,46.13628515532268],[14.822591493400463,46.1365565323742],[14.82412943862825,46.138609325657995],[14.823939986705266,46.13945486868722],[14.820063870816723,46.13954054039662],[14.818295524439831,46.14149816631114],[14.821299706289262,46.14003126241926],[14.825554092070782,46.13985510911208],[14.823054006575118,46.136450157956006],[14.820650931225256,46.136075836009574],[14.820885464859362,46.13479338750937],[14.826202799508248,46.134840042050165],[14.82720955620519,46.14136428573195],[14.830273587244024,46.14418089940965],[14.828823627610474,46.146344900755025],[14.826827542857338,46.14648783688609],[14.824181346921533,46.14597606529873],[14.823385139835352,46.14489680192537],[14.824082363617947,46.14433592796479],[14.819103108455751,46.1436908169462],[14.8202555206431,46.14460422483567],[14.822377581462666,46.14431642755774],[14.822537461586993,46.14570770542876],[14.812326304528245,46.14775553436687],[14.811016591564142,46.14684521760519],[14.812248550203499,46.145293502318246],[14.814568615847236,46.14541290726447]],[[14.827999913503923,46.121627746888294],[14.82657145723233,46.12242170402035],[14.824869960497907,46.122333128261126],[14.825379010119752,46.120815444091676],[14.827999913503923,46.121627746888294]],[[14.82372180325203,46.12332607708962],[14.825262982936206,46.12277653633931],[14.824052514415486,46.12365092985958],[14.82372180325203,46.12332607708962]],[[14.814096391616149,46.13178966744474],[14.813520285731922,46.13330746812525],[14.81127785054889,46.134406939795156],[14.808009980775518,46.13432959030908],[14.810660486352074,46.134814827247425],[14.80956321502357,46.13558936733],[14.806341914511187,46.13483239405749],[14.806347397763219,46.133438294588636],[14.803059539929297,46.13359248479938],[14.803334805528372,46.13259279873962],[14.810245304300434,46.13276784640988],[14.814096391616149,46.13178966744474]],[[14.811908768672831,46.148733746188476],[14.811576271303622,46.14908200111926],[14.811240560158167,46.14848456274428],[14.811908768672831,46.148733746188476]],[[14.81002864257092,46.14895213326326],[14.808003458116874,46.1500712700349],[14.800809130357127,46.1496016953117],[14.802779030234674,46.14837162564281],[14.81002864257092,46.14895213326326]],[[14.808204848306335,46.14792993328774],[14.806230218189558,46.14861127241079],[14.80550141121553,46.14751065128664],[14.807358269524554,46.14731936705666],[14.808204848306335,46.14792993328774]],[[14.8029724713186,46.13623011389385],[14.802697545473437,46.13655748458281],[14.801982873004432,46.13598976146321],[14.8029724713186,46.13623011389385]],[[14.801169136083038,46.132445053455406],[14.801499010669692,46.132079801161765],[14.801812778342493,46.13269658171655],[14.801169136083038,46.132445053455406]]]}},{"type":"Feature","properties":{"_zoneType":"SI_BUILT","name":"Pozidano zemljišče","authority":"MKGP","dataSource":"raba-3000"},"geometry":{"type":"Polygon","coordinates":[[[14.83988787631782,46.13904045057081],[14.84,46.138998498161065],[14.84,46.1389368870047],[14.83988787631782,46.13904045057081]]]}},{"type":"Feature","properties":{"_zoneType":"SI_BUILT","name":"Pozidano zemljišče","authority":"MKGP","dataSource":"raba-3000"},"geometry":{"type":"Polygon","coordinates":[[[14.838612345167434,46.140173724710344],[14.833246473009094,46.14114432715241],[14.831043384867145,46.140642997657224],[14.833211053319985,46.14137065602162],[14.838360235747693,46.14059832043124],[14.838231287776512,46.141428004264135],[14.84,46.14226016949059],[14.84,46.14125233894073],[14.838612345167434,46.140173724710344]]]}},{"type":"Feature","properties":{"_zoneType":"SI_BUILT","name":"Pozidano zemljišče","authority":"MKGP","dataSource":"raba-3000"},"geometry":{"type":"Polygon","coordinates":[[[14.836415572438302,46.146118652102],[14.84,46.14609795323365],[14.84,46.14593050441672],[14.836415572438302,46.146118652102]]]}},{"type":"Feature","properties":{"_zoneType":"SI_BUILT","name":"Pozidano zemljišče","authority":"MKGP","dataSource":"raba-3000"},"geometry":{"type":"Polygon","coordinates":[[[14.801463265933645,46.160000000000004],[14.80430251760843,46.160000000000004],[14.804963918911891,46.159761317063285],[14.8,46.15940371111903],[14.8,46.15956890557125],[14.800548772445415,46.159492330104946],[14.801463265933645,46.160000000000004]]]}},{"type":"Feature","properties":{"_zoneType":"SI_BUILT","name":"Pozidano zemljišče","authority":"MKGP","dataSource":"raba-3000"},"geometry":{"type":"Polygon","coordinates":[[[14.8026281178234,46.185118298948375],[14.803044057109425,46.18607612490791],[14.801937397060964,46.18812106950171],[14.803818072177762,46.1902783597175],[14.803211208520834,46.18828308922123],[14.804785317428836,46.18825520902543],[14.804597738686619,46.189415038691315],[14.80653416036569,46.191899185419466],[14.804590208093227,46.19301709209181],[14.80488400816055,46.19435192996674],[14.803226411587502,46.19510374037784],[14.807068279431885,46.19386999182658],[14.807736355726155,46.198760453257684],[14.809753904602378,46.195034378490654],[14.811376325296507,46.19517421634625],[14.810848749775177,46.19644332044378],[14.812762831753954,46.197929917153715],[14.813387916027361,46.2],[14.813643580696239,46.2],[14.813140881612984,46.19792937731091],[14.811693830844389,46.196302018818784],[14.813594595283826,46.19545771847988],[14.815996331540658,46.196224499696896],[14.81397879494479,46.19513881143398],[14.815348655738008,46.194331405114326],[14.813556620352147,46.19280201484076],[14.814669298596828,46.19065247780157],[14.811983814277298,46.19318676144358],[14.809223227003075,46.19090767116383],[14.811513003030688,46.19358580511257],[14.813235315554099,46.19361015108476],[14.811616101562683,46.19478696192312],[14.809579592446374,46.19471550393802],[14.807856013857641,46.19605301353122],[14.807644788547075,46.19293234524378],[14.806557340690327,46.19243038287356],[14.808998195134636,46.19079545975729],[14.808298317162926,46.18998936617557],[14.810542373962136,46.1893198773261],[14.807492136509524,46.189586089363495],[14.803848379092079,46.18717968360057],[14.80308758093248,46.183267824429066],[14.80475770831424,46.1833952481379],[14.807461440096109,46.186214586900114],[14.811589003528729,46.185671269852655],[14.814480529622362,46.186704300225514],[14.816067864281123,46.1882845185235],[14.81426867212489,46.18901669050943],[14.817837155214189,46.19102277681048],[14.819327795795488,46.193128439586715],[14.820367653226654,46.192026970435],[14.81866553304436,46.192063913795565],[14.818175563995212,46.19096003279939],[14.817057949259853,46.19034312301411],[14.818259710764275,46.18984038260723],[14.814847897171697,46.186618405370176],[14.815250593681736,46.18476802905328],[14.814445459603798,46.184187643739484],[14.81881546110477,46.18289901163534],[14.81976709770002,46.18116445932671],[14.822003719293164,46.180272251489434],[14.822269809051278,46.17749209938804],[14.827542993009867,46.179329695503014],[14.82835593477026,46.18141658391721],[14.827953770875904,46.1847472566928],[14.827110353422785,46.18484642010162],[14.82646521026667,46.1824269786968],[14.826011395979,46.18365907914882],[14.827128920204686,46.185622279923294],[14.829697853546584,46.18759223876586],[14.829291326241375,46.18837020052785],[14.828084613309327,46.18705631611086],[14.828073530856749,46.18810174064615],[14.825638950751589,46.187689789096524],[14.825614215091742,46.18542376975451],[14.82438547122298,46.18718330184095],[14.822387172797336,46.18600129628268],[14.823582840902171,46.187118583943494],[14.823351967976029,46.188663358629626],[14.825710281195422,46.18925946623561],[14.827606310100359,46.188337705742356],[14.83015074984475,46.189180144938206],[14.829241788972489,46.1899362251507],[14.829604295788492,46.191738284005666],[14.825050729229426,46.19147191049717],[14.824609903545323,46.193168582043924],[14.831088004040817,46.19288709848668],[14.832409375886899,46.18743412823667],[14.8364855086695,46.18829591624015],[14.838645262493282,46.188043218294844],[14.839712830596016,46.18897575063718],[14.839247901316297,46.18712103749587],[14.84,46.18727494756042],[14.84,46.186935034993255],[14.838359775576484,46.18660851911248],[14.834040126645156,46.1876190796998],[14.832324535492207,46.18676882720384],[14.834095253240607,46.1858040997641],[14.83157227678769,46.1859500209518],[14.830647950456253,46.18506755648769],[14.832203598834122,46.184368121611804],[14.829248725651464,46.183877808145404],[14.828275645337479,46.18275308484526],[14.829112894501979,46.18132851611424],[14.834609979325702,46.183908540344426],[14.84,46.18383126686969],[14.84,46.182699479194255],[14.835900912066963,46.18268629573968],[14.832144310158315,46.18074456700728],[14.829248675357544,46.17741527333204],[14.831320552200248,46.17839126699587],[14.831721855120358,46.17761791168781],[14.827864653666445,46.17554095684996],[14.829626141897444,46.17396671339321],[14.831544989426254,46.1737038437982],[14.839317411810882,46.175647543735586],[14.837634200780531,46.176494402321595],[14.834693528405829,46.175218801213475],[14.831352136781423,46.17557402863579],[14.833005423099236,46.17682357470738],[14.833157644656822,46.17969220579612],[14.83410777311572,46.17697016788525],[14.84,46.17643197129548],[14.84,46.175054632276904],[14.831181898174153,46.1725536772668],[14.828142036655299,46.17427475265007],[14.82710674343313,46.17383441137996],[14.826448274193893,46.176272869029965],[14.812718229807512,46.17611594988068],[14.807345169558651,46.17420265300767],[14.811334893665409,46.17298588576479],[14.8139692925549,46.17474788195057],[14.81628592753701,46.17288973474756],[14.821585344044914,46.17221625014785],[14.823657308980367,46.173019081176506],[14.823485785650607,46.174102620029466],[14.824903783117556,46.17287434421649],[14.821544941562323,46.17095260477025],[14.82414633620644,46.16952965277925],[14.829550897036771,46.16976763322012],[14.833848115322926,46.168198510237985],[14.84,46.16730658760006],[14.84,46.167196113791924],[14.835607889868726,46.167754726566756],[14.832522504688834,46.166913273287776],[14.831161713080554,46.165369368499995],[14.8341810952058,46.16470067027952],[14.833716709104019,46.16312387594311],[14.84,46.16130966523414],[14.84,46.16004680015645],[14.833458210594445,46.16294048434752],[14.832382328882675,46.16360742892475],[14.83333960767443,46.16414901320577],[14.830479400459577,46.16520979171154],[14.832152349691858,46.166887157635294],[14.831480604434647,46.16860083493619],[14.828800128851695,46.16828881104873],[14.828686143812341,46.16908893809446],[14.824141349642776,46.169270259685625],[14.818331696745728,46.1709171648561],[14.818007385949253,46.16993393983969],[14.814648675876377,46.169702401062786],[14.806137574203834,46.17078281768712],[14.816471966151463,46.17002654127448],[14.817909548308046,46.17113447143025],[14.820649124615873,46.17072746039151],[14.821432305290116,46.17157886507197],[14.81617765184318,46.17267012260827],[14.814082885086245,46.173864166779325],[14.81293963646117,46.17273159293052],[14.809156490174411,46.17268366391938],[14.806902407820628,46.173809845667016],[14.8,46.17329137439428],[14.8,46.17587032025642],[14.800641709381045,46.175900536891724],[14.803668590078589,46.17749627519636],[14.802170363662396,46.181405014855535],[14.8,46.18166906477163],[14.8,46.18250299985474],[14.801995695893574,46.18265317100117],[14.801515560771149,46.183941917450284],[14.8,46.18473246120713],[14.8,46.18623263887647],[14.800958425253377,46.1862720825243],[14.8026281178234,46.185118298948375]],[[14.83564190218902,46.176420557282825],[14.834540476848366,46.17669402736087],[14.835303077043802,46.17610678996483],[14.83564190218902,46.176420557282825]],[[14.835321984273445,46.18340718897626],[14.834893806474625,46.18370694398119],[14.834364546080808,46.18291278269695],[14.835321984273445,46.18340718897626]],[[14.831780886557375,46.181674249521855],[14.829512483266074,46.181146251855395],[14.828044213773227,46.179900041708535],[14.828044841965918,46.178736796583955],[14.825704879331528,46.17741236250615],[14.828619313225186,46.178091457163426],[14.831780886557375,46.181674249521855]],[[14.83111891625888,46.19126604169357],[14.830171198818233,46.19054325309232],[14.83048456239131,46.18920901630787],[14.831662770306176,46.18926302437926],[14.83111891625888,46.19126604169357]],[[14.83066800117151,46.1873415084283],[14.829949827619998,46.1873454931359],[14.828373916911758,46.18507437837625],[14.83003579823927,46.185478993580894],[14.83066800117151,46.1873415084283]],[[14.826977673685327,46.18839458972569],[14.825673123406112,46.18879003629051],[14.825215745588677,46.18788438819435],[14.826977673685327,46.18839458972569]],[[14.823327058600448,46.1768987108743],[14.823524313253976,46.17654923908857],[14.824404686485936,46.17702386506066],[14.823327058600448,46.1768987108743]],[[14.806206710782389,46.17666884323245],[14.80875359755687,46.177432943216644],[14.807305461283619,46.17866683377816],[14.81351640108953,46.17772787041528],[14.814249480723015,46.17820992470325],[14.812784752353418,46.17947990548247],[14.813806825916876,46.179695757077816],[14.814442074081414,46.17884567722078],[14.816445690033573,46.179276273979404],[14.81614578864296,46.178018588732684],[14.820313619634458,46.177395094903815],[14.822028810872137,46.179403837923296],[14.819896469721048,46.180431306871256],[14.81860606057362,46.182661080824964],[14.815555054221601,46.1835488365982],[14.81398167929689,46.18198262010562],[14.81508770981784,46.18052943060821],[14.81139721475125,46.181824708102404],[14.811793038704836,46.18279221972705],[14.813922287660056,46.182978644911174],[14.813263561778696,46.1835958895524],[14.814239954755104,46.18529007621651],[14.813522417670866,46.186117685726714],[14.811506887551534,46.18537044545212],[14.807781662210516,46.18598210322028],[14.80845703952829,46.18508665145674],[14.802523155127805,46.18158262332686],[14.8040749331549,46.17757435582359],[14.806206710782389,46.17666884323245]],[[14.810095424050314,46.1763699636355],[14.808640639197282,46.17689953608883],[14.805850113016348,46.17578455921944],[14.806330957913882,46.17538169426212],[14.810095424050314,46.1763699636355]],[[14.807734822762901,46.19027391278449],[14.807013997584106,46.19044517536527],[14.807582164652677,46.18993641465712],[14.807734822762901,46.19027391278449]],[[14.802489344149892,46.18452629077019],[14.80117703756907,46.18554505289899],[14.800575764506991,46.18493197956102],[14.801800238179581,46.18412881736223],[14.802489344149892,46.18452629077019]]]}},{"type":"Feature","properties":{"_zoneType":"SI_BUILT","name":"Pozidano zemljišče","authority":"MKGP","dataSource":"raba-3000"},"geometry":{"type":"Polygon","coordinates":[[[14.839695265837772,46.17884934582321],[14.84,46.17907607859363],[14.84,46.17901490262436],[14.839695265837772,46.17884934582321]]]}},{"type":"Feature","properties":{"_zoneType":"SI_BUILT","name":"Pozidano zemljišče","authority":"MKGP","dataSource":"raba-3000"},"geometry":{"type":"Polygon","coordinates":[[[14.839225128255801,46.165540650394036],[14.839602920785335,46.164941886648705],[14.837953366125138,46.16438383847667],[14.84,46.167101135284476],[14.84,46.166287002073446],[14.839225128255801,46.165540650394036]]]}},{"type":"Feature","properties":{"_zoneType":"SI_BUILT","name":"Pozidano zemljišče","authority":"MKGP","dataSource":"raba-3000"},"geometry":{"type":"Polygon","coordinates":[[[14.802581824850195,46.160620954326184],[14.80430251760843,46.160000000000004],[14.801463265933645,46.160000000000004],[14.802581824850195,46.160620954326184]]]}},{"type":"Feature","properties":{"_zoneType":"SI_BUILT","name":"Pozidano zemljišče","authority":"MKGP","dataSource":"raba-3000"},"geometry":{"type":"Polygon","coordinates":[[[14.8,46.17855989127511],[14.8,46.17864667712135],[14.80032918126972,46.17861164126933],[14.8,46.17855989127511]]]}},{"type":"Feature","properties":{"_zoneType":"SI_BUILT","name":"Pozidano zemljišče","authority":"MKGP","dataSource":"raba-3000"},"geometry":{"type":"Polygon","coordinates":[[[14.874778483370068,46.03999953047344],[14.876718247249071,46.03996128846766],[14.876753594792033,46.04],[14.878340189908876,46.04],[14.878488640337181,46.03973798835955],[14.869695505403875,46.03972830185986],[14.868909643645589,46.04],[14.869997635688469,46.04],[14.870140049300417,46.03991067486669],[14.870910349785536,46.04],[14.874777949922764,46.04],[14.874778483370068,46.03999953047344]]]}},{"type":"Feature","properties":{"_zoneType":"SI_BUILT","name":"Pozidano zemljišče","authority":"MKGP","dataSource":"raba-3000"},"geometry":{"type":"Polygon","coordinates":[[[14.863618864834036,46.03972121256052],[14.860213060544844,46.04],[14.861422990329972,46.04],[14.861662582595804,46.03989324078734],[14.861997417021442,46.04],[14.86406082739153,46.04],[14.863618864834036,46.03972121256052]]]}},{"type":"Feature","properties":{"_zoneType":"SI_BUILT","name":"Pozidano zemljišče","authority":"MKGP","dataSource":"raba-3000"},"geometry":{"type":"Polygon","coordinates":[[[14.853723282469069,46.039708976470365],[14.854190355630262,46.04],[14.854867857801034,46.04],[14.853723282469069,46.039708976470365]]]}},{"type":"Feature","properties":{"_zoneType":"SI_BUILT","name":"Pozidano zemljišče","authority":"MKGP","dataSource":"raba-3000"},"geometry":{"type":"Polygon","coordinates":[[[14.845039455805162,46.039697532934916],[14.845105204601932,46.04],[14.845413764877886,46.04],[14.845039455805162,46.039697532934916]]]}},{"type":"Feature","properties":{"_zoneType":"SI_BUILT","name":"Pozidano zemljišče","authority":"MKGP","dataSource":"raba-3000"},"geometry":{"type":"Polygon","coordinates":[[[14.843839823990844,46.03969590019368],[14.840939629213262,46.039691900910405],[14.84,46.03989133082166],[14.84,46.04],[14.841027216906996,46.04],[14.841013219116824,46.03996329764676],[14.841089693350652,46.04],[14.843794236349149,46.04],[14.843839823990844,46.03969590019368]]]}},{"type":"Feature","properties":{"_zoneType":"SI_BUILT","name":"Pozidano zemljišče","authority":"MKGP","dataSource":"raba-3000"},"geometry":{"type":"Polygon","coordinates":[[[14.879936785765288,46.05279691313795],[14.87827485419883,46.05304774906262],[14.87900304088105,46.05190288580483],[14.88,46.05195112461586],[14.88,46.05120194316239],[14.879336409790158,46.050500400291334],[14.876768892473672,46.05141384168452],[14.876930553726327,46.053222669761375],[14.874405492771311,46.05192069789603],[14.873689174711757,46.052510069772666],[14.873176181654724,46.05369942856847],[14.87436331429693,46.05537204756527],[14.873650553281086,46.05653276565918],[14.870612422556276,46.05638849225136],[14.867706272978218,46.05420724565397],[14.868549507702905,46.0551871574992],[14.86777674569884,46.056069368998855],[14.873787913338525,46.05723669246199],[14.874232356726514,46.0589507449737],[14.876150539284565,46.05468708340216],[14.87774112691774,46.055650084205276],[14.878893034000393,46.05532751861755],[14.877737943750567,46.054562024733634],[14.879065004772103,46.054222537240854],[14.88,46.054201268836835],[14.88,46.0538351618845],[14.879452487931307,46.054117064446785],[14.87961615685641,46.053462091584386],[14.88,46.05380657774274],[14.88,46.05282763058696],[14.879936785765288,46.05279691313795]],[[14.87375420310335,46.053367785040145],[14.874162669740704,46.052735929058365],[14.875666868219335,46.05354155286831],[14.87375420310335,46.053367785040145]],[[14.875169471829343,46.05632689581335],[14.87476067078125,46.05666543721883],[14.874711433269734,46.05602625749566],[14.875169471829343,46.05632689581335]]]}},{"type":"Feature","properties":{"_zoneType":"SI_BUILT","name":"Pozidano zemljišče","authority":"MKGP","dataSource":"raba-3000"},"geometry":{"type":"Polygon","coordinates":[[[14.879635218037272,46.07955966486585],[14.87958581267671,46.07872828189165],[14.88,46.078755285196834],[14.88,46.07835105487101],[14.87921444746127,46.07800105629317],[14.878103595323715,46.07866014764128],[14.878254437823145,46.0798748198234],[14.870391618608148,46.07622977815291],[14.861667945169499,46.06814367656356],[14.857508748677482,46.06576713159305],[14.861047151174894,46.06482963469928],[14.85942057016721,46.064527323824315],[14.859184574613137,46.063546826758056],[14.860372480430646,46.062762556077075],[14.85930657871653,46.062698119267175],[14.859183767832093,46.06122545925648],[14.857893350670635,46.061149554466446],[14.858525731028623,46.060280345926905],[14.85744936922606,46.05986516028539],[14.857952710898605,46.05884582086794],[14.856405559357578,46.05822454388926],[14.858206640834979,46.056286361254955],[14.859714804526051,46.05674192531067],[14.861241379843975,46.0546456504027],[14.85961163904322,46.055010753797845],[14.85971174822976,46.0541146055854],[14.862607387480983,46.05355709010058],[14.863461662421726,46.05213761781782],[14.868399764421996,46.05317175207168],[14.86344920151331,46.051272410171045],[14.866146368705087,46.04963855298346],[14.864116241529157,46.04907380457188],[14.864906695797032,46.04766857182808],[14.867421135251208,46.04737082253311],[14.867424180088266,46.046578957667855],[14.870135596016626,46.04542722474338],[14.868532527971794,46.04523647835363],[14.870425765099776,46.044130619398814],[14.868907196294272,46.04360705098859],[14.86924781344212,46.04242152844518],[14.873539651967576,46.042847466309404],[14.873998364535911,46.043828570275075],[14.87161007472708,46.044625506462445],[14.871728867735131,46.04540346898724],[14.877064718176639,46.04504979923395],[14.88,46.04680638057488],[14.88,46.046696460988656],[14.876715401487509,46.044535550715686],[14.87701781338891,46.0434191742338],[14.87451148205411,46.04268306288388],[14.877096110805715,46.041367932752735],[14.874630683154228,46.04199221438173],[14.873225680156178,46.041366267822504],[14.874777949922764,46.04],[14.870910349785536,46.04],[14.873368700507404,46.04028507382534],[14.872456797245729,46.04219919259842],[14.867816056617572,46.04136833718818],[14.869997635688469,46.04],[14.868909643645589,46.04],[14.865777517819064,46.041082878448755],[14.86406082739153,46.04],[14.861997417021442,46.04],[14.868898022743101,46.04220020158407],[14.868385067538581,46.04318990487397],[14.866469689691634,46.04290822286221],[14.868326810495496,46.04383485321224],[14.866512278865375,46.04428559853302],[14.866202170018175,46.0460665318334],[14.863436433875169,46.048596719340466],[14.861206953911946,46.046696767019476],[14.860248028143747,46.04693184198281],[14.861005052219793,46.04856179927916],[14.86266537998071,46.04890179771036],[14.861115622300353,46.05053393566164],[14.861164194126015,46.05267805596097],[14.85955618749906,46.05380267353294],[14.856845823017983,46.057116893920885],[14.854890730804772,46.05683060584414],[14.856071157097528,46.058038378938015],[14.853909990706475,46.05886863952791],[14.85108710978693,46.05771486483855],[14.852575349095853,46.05853502498801],[14.851551625882555,46.05970357599222],[14.849414050355003,46.058506000853406],[14.850676348129552,46.0569610244705],[14.849781368386799,46.055783374069314],[14.851213935344905,46.05533413603534],[14.848787646242354,46.05467153746705],[14.846873408525084,46.051581949306396],[14.844000047077227,46.04924588199814],[14.84493674926374,46.04469267652366],[14.846656455970214,46.04505026296239],[14.847781131625965,46.04870006983044],[14.848910483621221,46.04817246822714],[14.847994653390082,46.04662616849338],[14.849456424152352,46.046287983705625],[14.849531082479027,46.04500997252141],[14.851624702071634,46.04582939873728],[14.853934093814669,46.04578493842895],[14.85126898045037,46.04545805187749],[14.849223162782591,46.043688606368086],[14.852983387117922,46.04231333538924],[14.860403767773516,46.04205147813294],[14.854498896312704,46.041807024046285],[14.856475011291106,46.040562944408734],[14.858573049335389,46.04126989682092],[14.861422990329972,46.04],[14.860213060544844,46.04],[14.856169595508343,46.040330984157755],[14.854867857801034,46.04],[14.854190355630262,46.04],[14.855427587840857,46.04077089354478],[14.851782280262558,46.040532091053095],[14.849166947709481,46.04335085805537],[14.848249185994142,46.04225012803927],[14.849536161399085,46.04065742023422],[14.84820757273964,46.0402159468892],[14.848519548695526,46.041460396333655],[14.847778833269034,46.04191113533473],[14.845413764877886,46.04],[14.845105204601932,46.04],[14.845386211318466,46.04129272748697],[14.843576613054767,46.0414516917132],[14.843794236349149,46.04],[14.841089693350652,46.04],[14.84162400610141,46.040256433236905],[14.84126777313071,46.04063074095188],[14.841027216906996,46.04],[14.84,46.04],[14.84,46.04146991964823],[14.84011352099398,46.0421211297741],[14.84,46.0421630986455],[14.84,46.043595981435914],[14.84050787723315,46.04379271351361],[14.840181762079256,46.04450188890817],[14.84,46.04450220044242],[14.84,46.04982748774516],[14.843447488004797,46.05004936023687],[14.84385852731623,46.05172572188783],[14.845386384843431,46.05252700054626],[14.843154573490194,46.053758298704224],[14.844661836284203,46.05622231721679],[14.84109753990765,46.054731141812304],[14.84008025634541,46.053073144875746],[14.84,46.05307152127487],[14.84,46.05788338391576],[14.840646171213494,46.05831452936417],[14.84,46.05829810186158],[14.84,46.06096985717207],[14.84519656080767,46.0636486631666],[14.847645996412522,46.06297346186749],[14.850126222859059,46.06469725219295],[14.860237065985183,46.06763562093262],[14.870415523468075,46.076703532573276],[14.874981400504451,46.08],[14.875866131412044,46.08],[14.872196524914369,46.07748060615249],[14.877113115371753,46.08],[14.88,46.08],[14.88,46.07965046060577],[14.879635218037272,46.07955966486585]],[[14.858570372165989,46.06364253816363],[14.857116874698233,46.063929193249066],[14.858113313286772,46.06275618173166],[14.858570372165989,46.06364253816363]],[[14.85657620151966,46.06556949797631],[14.856133571401092,46.06585605848675],[14.854712496124622,46.065546235352556],[14.855322755678781,46.06478374128373],[14.85657620151966,46.06556949797631]],[[14.856108319583912,46.06107661061847],[14.853288101257972,46.06107216614321],[14.852228547294372,46.05981674166292],[14.856041518455491,46.05850967267409],[14.856108319583912,46.06107661061847]],[[14.851707743118386,46.06000208082942],[14.855432514370674,46.062768655771244],[14.852945255496858,46.06372223557301],[14.85226383863782,46.0632829581007],[14.852669237659345,46.06155885722799],[14.85009183982264,46.06150147193232],[14.850207621996814,46.0601670570836],[14.851707743118386,46.06000208082942]],[[14.849941956984182,46.06338731737173],[14.843793903120647,46.06047205695453],[14.846893569050769,46.05944322321917],[14.849701344742229,46.060061677254964],[14.847065453570957,46.06090137645952],[14.849158081662589,46.06127627286115],[14.849941956984182,46.06338731737173]],[[14.848841622472444,46.04474848387989],[14.847939560814753,46.045714401654074],[14.848094953059622,46.04453253278837],[14.848841622472444,46.04474848387989]],[[14.847051414334247,46.053229798205244],[14.846647306422815,46.05370277788423],[14.846382491151708,46.05298540049313],[14.847051414334247,46.053229798205244]],[[14.846902515155902,46.06277166817059],[14.845701603466102,46.063245025163205],[14.84561266517423,46.06203529888232],[14.846902515155902,46.06277166817059]],[[14.846163973106384,46.05431561904137],[14.84592448597033,46.05492911279622],[14.845278228096154,46.054270093122135],[14.846163973106384,46.05431561904137]],[[14.845979387898018,46.05951524247326],[14.844372982958182,46.059753216913585],[14.84572605770869,46.05871484657243],[14.845979387898018,46.05951524247326]],[[14.843776663174856,46.062013698829944],[14.843805206337713,46.06167951681498],[14.844627824113806,46.06211335432606],[14.843776663174856,46.062013698829944]],[[14.843796010404636,46.05964747414742],[14.841501848953273,46.059487542478536],[14.841374776257705,46.05761731077763],[14.843776559335906,46.05839436729471],[14.843796010404636,46.05964747414742]],[[14.843627408333585,46.04515516984268],[14.84352276904167,46.045495418544455],[14.842759082709446,46.045015278852226],[14.843627408333585,46.04515516984268]]]}},{"type":"Feature","properties":{"_zoneType":"SI_BUILT","name":"Pozidano zemljišče","authority":"MKGP","dataSource":"raba-3000"},"geometry":{"type":"Polygon","coordinates":[[[14.87773267212424,46.041072255116894],[14.878340189908876,46.04],[14.876753594792033,46.04],[14.87773267212424,46.041072255116894]]]}},{"type":"Feature","properties":{"_zoneType":"SI_BUILT","name":"Pozidano zemljišče","authority":"MKGP","dataSource":"raba-3000"},"geometry":{"type":"Polygon","coordinates":[[[14.86759205913484,46.079040064811764],[14.866603148976294,46.077311858657445],[14.862531218989288,46.07448063799159],[14.863103206748942,46.07332741244134],[14.858834512573704,46.07096531231095],[14.84905504604525,46.06739521377526],[14.85251669382719,46.06772769641298],[14.84,46.0647166594966],[14.84,46.065542629900314],[14.846038503990718,46.068015753267254],[14.848550174418012,46.07038696246928],[14.852732332021722,46.07058904213272],[14.85639129092282,46.07229619723967],[14.862907867375753,46.07747575583064],[14.860704945156371,46.07840134473634],[14.859039555211899,46.077167849232616],[14.85891310181425,46.07898218525321],[14.861769138833834,46.07898262325277],[14.85890381479108,46.08],[14.862376644663676,46.08],[14.864988237070875,46.078565881062374],[14.867171725586486,46.079329576701355],[14.86681604930285,46.08],[14.869255821087249,46.08],[14.86759205913484,46.079040064811764]],[[14.862051171013624,46.07937942926755],[14.86246745737146,46.078451537735916],[14.863183204752804,46.079199151987716],[14.862051171013624,46.07937942926755]],[[14.86226239165654,46.07407394239794],[14.861530269701465,46.07400194120324],[14.86234930753319,46.07370850006899],[14.86226239165654,46.07407394239794]],[[14.861879072911405,46.073141791899154],[14.86016864103249,46.073178820730064],[14.853882175669082,46.070058403006904],[14.858656774886331,46.07116036114038],[14.861879072911405,46.073141791899154]],[[14.859414879693507,46.07369422504893],[14.859987012256784,46.07347535643878],[14.860978598575395,46.074060706290986],[14.860266521928066,46.0747308921561],[14.859414879693507,46.07369422504893]],[[14.85120528257655,46.0691808686821],[14.853384033942168,46.069537200418196],[14.852940399110532,46.07010637628514],[14.85120528257655,46.0691808686821]],[[14.848467011210465,46.068082950120484],[14.849160678187786,46.067908711443906],[14.849184953409903,46.068617344264695],[14.848467011210465,46.068082950120484]]]}},{"type":"Feature","properties":{"_zoneType":"SI_BUILT","name":"Pozidano zemljišče","authority":"MKGP","dataSource":"raba-3000"},"geometry":{"type":"Polygon","coordinates":[[[14.840385536145831,46.113307089875676],[14.84,46.1132801064244],[14.84,46.11900254431702],[14.841604552740485,46.119272290841714],[14.847022684432678,46.117619148670016],[14.84637359588506,46.11654988049762],[14.848878028757811,46.11527236100541],[14.851526864836302,46.116934768983164],[14.854043457863975,46.11646618818788],[14.85315479208402,46.116926922886186],[14.853810583428013,46.11763471377355],[14.852976447618884,46.118827603031136],[14.849895139960983,46.118401692538605],[14.850392534164385,46.11986548567808],[14.850109669508132,46.12],[14.85078593168249,46.12],[14.850790786086213,46.11924822709478],[14.851513185161041,46.12],[14.852290029346241,46.12],[14.85429736299484,46.11882287329861],[14.854200744829006,46.117906113727074],[14.856138772760323,46.11772804084641],[14.855871642059016,46.11637588132711],[14.853667456235065,46.1151063459448],[14.856023023344076,46.11485729680109],[14.857990329480703,46.11691730186298],[14.860575324741358,46.116605548654846],[14.858675558578527,46.11416589256231],[14.869593790270526,46.1128603756066],[14.878777429517548,46.1176399754075],[14.875604264333111,46.118388486877265],[14.872048317420798,46.114720909795054],[14.870211338627774,46.11511746885189],[14.873577506242677,46.11646853366151],[14.873922008065009,46.11837090984518],[14.870710895775705,46.11869822474354],[14.871999967359425,46.12],[14.874378587669325,46.12],[14.87384186896896,46.11893659299216],[14.879413162465303,46.11998697828262],[14.877137195108487,46.11836001326388],[14.88,46.11848873130798],[14.88,46.117467511846634],[14.878769997316327,46.116674808047804],[14.88,46.11643570349388],[14.88,46.11598068800624],[14.87860556879136,46.114442913101755],[14.88,46.11433085377747],[14.88,46.113774993753516],[14.877890896324034,46.113707293361124],[14.878152774918023,46.11538136669401],[14.876302366707511,46.11497124105584],[14.87828928929708,46.115815922344794],[14.878168671008403,46.11676776829632],[14.869643719398647,46.112416571793354],[14.86792747772221,46.104959766582745],[14.870058803122486,46.10357694682039],[14.869645599390525,46.10229856585359],[14.872409488237958,46.09754097047157],[14.878596235425114,46.09614088947068],[14.88,46.09375978428431],[14.88,46.093158255150456],[14.878514756475811,46.09585810515928],[14.872042949980338,46.0974649368893],[14.869262413657088,46.102300971891346],[14.86973120554718,46.10340843449876],[14.867566209993672,46.10485226687633],[14.867909915800183,46.106305580317226],[14.866598114289946,46.107168961373375],[14.8687030533684,46.1088997195965],[14.869209606433122,46.11190499961376],[14.868564825243464,46.11285350289108],[14.85894923954437,46.113759071582265],[14.857678411447306,46.11562768880238],[14.855763120897148,46.11387995618656],[14.856567730132081,46.11273649125427],[14.855684904998473,46.111775573736516],[14.854653092162371,46.11277511663023],[14.855463522350673,46.11343969878246],[14.855013208726104,46.11477153522161],[14.853448917568965,46.11491892290238],[14.852078904258654,46.11601787422791],[14.850432392107534,46.11614591736934],[14.849486582492501,46.114889807696095],[14.849874530350942,46.112742744132014],[14.851531295499464,46.112344115323644],[14.850133591538222,46.11060783888967],[14.8481863373994,46.11109749793941],[14.848964473466427,46.10894117742247],[14.851178588637987,46.10870646326498],[14.850698993780593,46.108137235710736],[14.848699809215825,46.10879274583022],[14.8471039698987,46.11145939087073],[14.849445749030076,46.11241648092704],[14.849108746020027,46.114855775663585],[14.842480478740748,46.118376412131276],[14.840973536132893,46.115703129367],[14.84119795057558,46.113554029773155],[14.842583441961116,46.11343807128078],[14.842552542457058,46.11208115947689],[14.844391310284195,46.113650829339605],[14.841862988516148,46.110529304370736],[14.842945752597709,46.10986564691616],[14.843894756419552,46.11048427761704],[14.843928752968162,46.109374249023794],[14.84215258200092,46.10915652783004],[14.843584090714872,46.10809170939809],[14.843042277364834,46.10758140592417],[14.84395900801977,46.10604972071208],[14.846477429467344,46.10540063370973],[14.847092615022337,46.10401714097261],[14.846348405483056,46.10485082622314],[14.845173953246814,46.10463190630642],[14.84547966400623,46.10392054775802],[14.844229734815324,46.10423651540699],[14.845301558035812,46.10535391993579],[14.842820544096782,46.106638859219565],[14.841842859301739,46.10464446641339],[14.841061250316914,46.10915044232663],[14.84,46.109021610567126],[14.84,46.10932968572213],[14.84116414287537,46.10982982817836],[14.84,46.11161765022658],[14.84,46.11309887777901],[14.840385536145831,46.113307089875676]]]}},{"type":"Feature","properties":{"_zoneType":"SI_BUILT","name":"Pozidano zemljišče","authority":"MKGP","dataSource":"raba-3000"},"geometry":{"type":"Polygon","coordinates":[[[14.879887993171192,46.11277586505615],[14.88,46.112664070682555],[14.88,46.1112667421424],[14.87746729403202,46.110559257549625],[14.878440245724237,46.108537823221766],[14.88,46.10916123934534],[14.88,46.109007745403986],[14.87829313918684,46.107763798532694],[14.874812318475243,46.10901118983179],[14.87492018033823,46.11134105505742],[14.876020730950174,46.11027031732357],[14.879142985148897,46.11130687127501],[14.879101718479454,46.11266333886437],[14.88,46.11338822551104],[14.88,46.11286676038393],[14.879887993171192,46.11277586505615]]]}},{"type":"Feature","properties":{"_zoneType":"SI_BUILT","name":"Pozidano zemljišče","authority":"MKGP","dataSource":"raba-3000"},"geometry":{"type":"Polygon","coordinates":[[[14.877428760449106,46.081766942533655],[14.88,46.08235077566636],[14.88,46.08194653457928],[14.87844638560658,46.08177149145197],[14.875866131412044,46.08],[14.874981400504451,46.08],[14.877428760449106,46.081766942533655]]]}},{"type":"Feature","properties":{"_zoneType":"SI_BUILT","name":"Pozidano zemljišče","authority":"MKGP","dataSource":"raba-3000"},"geometry":{"type":"Polygon","coordinates":[[[14.876909642519529,46.084415999841],[14.869255821087249,46.08],[14.86681604930285,46.08],[14.866452458602607,46.08068534138436],[14.867175667882057,46.08210156517222],[14.869030949278406,46.08143184897301],[14.87034247113426,46.08246318304227],[14.86481876568654,46.08730726127639],[14.86375305437977,46.08949476345759],[14.864423021803558,46.091095286968276],[14.863705169804645,46.092831661997145],[14.862178228096463,46.091341369372124],[14.855358016851348,46.09158247157206],[14.856526751808888,46.089630307911364],[14.860319183776962,46.08905045918568],[14.858257674335945,46.08911350741439],[14.857390897729239,46.087971576600424],[14.861034099043232,46.083185534249736],[14.858197347067673,46.08594994206331],[14.85625017680228,46.08650805394213],[14.856314425901484,46.08431926464443],[14.85840934239016,46.083569013171676],[14.857861526783578,46.082479412958776],[14.862376644663676,46.08],[14.85890381479108,46.08],[14.858862514332086,46.08001466435419],[14.859590882682664,46.08109466742195],[14.858923305741854,46.08172348311234],[14.853938620782639,46.08364535794957],[14.851227901976335,46.08323777714758],[14.842330633628247,46.08513093124671],[14.84087988020721,46.08412940880481],[14.84,46.08528901648308],[14.84,46.08896583003071],[14.840395435376877,46.08796078982041],[14.84162169049777,46.08927479324338],[14.84,46.09059804357384],[14.84,46.09061588175342],[14.8454685894357,46.08950632433533],[14.845474579462353,46.08872289987795],[14.849350519617818,46.08740952248172],[14.844668966808715,46.08886839877527],[14.84191537408046,46.08847702881718],[14.840556540759367,46.084916556649574],[14.842454325808486,46.08537488903259],[14.848556425244876,46.084455846317184],[14.851722691923998,46.085817007022975],[14.856161156949781,46.08285677030609],[14.85547430335745,46.08610127595946],[14.855765598970347,46.087149814088875],[14.856900111603712,46.08712076299055],[14.856834692667304,46.08843169426395],[14.8552971612355,46.08970454062933],[14.853488597102915,46.08900527180763],[14.85544456483851,46.09068962839076],[14.854801713006971,46.09264692606352],[14.85336868885658,46.09244148917187],[14.851118680298296,46.090030897115575],[14.850014850339452,46.092033140976234],[14.85348190546167,46.09340992870993],[14.853497227700801,46.095937717500426],[14.85118307535009,46.09933689394172],[14.850313928924383,46.0991907682211],[14.85029258274249,46.0981000565793],[14.84914028811938,46.09901371462047],[14.847459179065098,46.09797601572963],[14.849255017084433,46.099562937877145],[14.847611313696403,46.10086878418401],[14.850315834840508,46.10076296457209],[14.851151121281136,46.09987071547948],[14.853685545542175,46.10072828032003],[14.851635078727886,46.09963995526949],[14.852447697800544,46.09892386795383],[14.853668494982863,46.09940030298155],[14.852637227350465,46.097724491330005],[14.853227198340415,46.09708282769427],[14.854743429200534,46.0990189607209],[14.8567988432048,46.099710710091195],[14.854624710449539,46.09787326981117],[14.855727320431175,46.09730733301023],[14.85482126330227,46.09703037631776],[14.855018215004492,46.09550074862856],[14.85414481169856,46.094904141670135],[14.855203457156454,46.09258157945365],[14.862284516767556,46.09224451307438],[14.863470395967946,46.09399828240392],[14.85884827202507,46.09617148586935],[14.858068512396027,46.097782885226785],[14.860232616497008,46.0983481981844],[14.862405273950866,46.10092179632578],[14.860826156951246,46.10200596886766],[14.862538746730936,46.10303156436553],[14.861764743044294,46.10427932886933],[14.862803916055507,46.10560787825338],[14.860890870323573,46.10761963892581],[14.862617832133491,46.10978198339409],[14.861586509721082,46.11061883448163],[14.862976676779954,46.10990832821678],[14.861298564867193,46.107474667692706],[14.864514254078074,46.105659926150075],[14.86288298677974,46.10329685874407],[14.864395246449062,46.102413707104226],[14.86216485391714,46.10233075256671],[14.86365420699533,46.10124645195066],[14.86384687098111,46.09772819189499],[14.86286904576658,46.09749577904409],[14.862413296273632,46.09987670742641],[14.860432959909186,46.09806162801052],[14.85842503740791,46.097789323349645],[14.860041201777081,46.09708060686766],[14.859273183553274,46.096210002189025],[14.86391656413925,46.09392780682967],[14.864770797735568,46.09112779006367],[14.864108088297227,46.08953344649876],[14.865083911818173,46.08770527680526],[14.866301966798666,46.08670569345082],[14.867535540755505,46.08741567256321],[14.867740170650354,46.08914318213024],[14.866002233452692,46.09036973485066],[14.867276034334632,46.09091304127731],[14.868678239284352,46.08915189661418],[14.868003364458518,46.08778120305428],[14.870477469631988,46.08917349813102],[14.870913728050242,46.09036028051418],[14.873252598510865,46.09159162206242],[14.872856906950531,46.093561557722516],[14.878545392864401,46.089375061113856],[14.875512330417218,46.09060373738613],[14.874647447345271,46.08878830922906],[14.873723671322042,46.08822324961223],[14.874365123417899,46.08668006139093],[14.872562564183733,46.08581984952562],[14.871872976571934,46.08703895907619],[14.874362849466326,46.088928638676364],[14.875156218396473,46.09145470096536],[14.871512660161514,46.090342367622476],[14.87110232041516,46.08882920197254],[14.86710433414346,46.085965065062304],[14.86925683877869,46.0834543170231],[14.874171438523371,46.08377592547432],[14.878902982647887,46.08655946378932],[14.88,46.08671223065126],[14.88,46.08505765472919],[14.876909642519529,46.084415999841]],[[14.873510389647569,46.092507073507456],[14.873429032370474,46.0920732502451],[14.874336412514353,46.0922978688175],[14.873510389647569,46.092507073507456]],[[14.874060667105487,46.08689953953112],[14.873236330958346,46.08780956400355],[14.8721777418671,46.086868850179],[14.872920859533819,46.08639002962233],[14.874060667105487,46.08689953953112]],[[14.850765897340864,46.08437435876648],[14.85113857922096,46.08406692225001],[14.85217127454239,46.08421033946049],[14.85189142794143,46.085133298806966],[14.850765897340864,46.08437435876648]]]}},{"type":"Feature","properties":{"_zoneType":"SI_BUILT","name":"Pozidano zemljišče","authority":"MKGP","dataSource":"raba-3000"},"geometry":{"type":"Polygon","coordinates":[[[14.88,46.081479317717005],[14.88,46.08],[14.877113115371753,46.08],[14.88,46.081479317717005]]]}},{"type":"Feature","properties":{"_zoneType":"SI_BUILT","name":"Pozidano zemljišče","authority":"MKGP","dataSource":"raba-3000"},"geometry":{"type":"Polygon","coordinates":[[[14.84551925368332,46.11923736238275],[14.845362166989867,46.12],[14.846180067570563,46.12],[14.84551925368332,46.11923736238275]]]}},{"type":"Feature","properties":{"_zoneType":"SI_BUILT","name":"Pozidano zemljišče","authority":"MKGP","dataSource":"raba-3000"},"geometry":{"type":"Polygon","coordinates":[[[14.84,46.11966716488255],[14.84,46.12],[14.84021964903306,46.12],[14.84,46.11966716488255]]]}},{"type":"Feature","properties":{"_zoneType":"SI_BUILT","name":"Pozidano zemljišče","authority":"MKGP","dataSource":"raba-3000"},"geometry":{"type":"Polygon","coordinates":[[[14.843302204897082,46.15151951959232],[14.8461916081533,46.149081075588484],[14.850417630989725,46.150584519930234],[14.846347094820812,46.154974123834116],[14.848171506946377,46.155071939517725],[14.847551093507427,46.154443812882484],[14.851147929897849,46.15081950916962],[14.848028015880118,46.149058491074825],[14.84807644392381,46.14828305370737],[14.852050301595924,46.14767541683778],[14.853729947072624,46.14690589220806],[14.856501322687913,46.14740638487709],[14.854727547045167,46.14678504553689],[14.855532520474203,46.14515128527762],[14.86116946495969,46.1472880075038],[14.863587421319869,46.149262164142186],[14.860417898153633,46.150670241659796],[14.861170540145691,46.15123811110075],[14.860100066647528,46.152101359647986],[14.858851725677718,46.15188201991029],[14.859052963359622,46.15310629270248],[14.85775053005745,46.15278232373613],[14.858344311533136,46.150930433827085],[14.854649255795866,46.15100971280035],[14.85532419068414,46.152139061287095],[14.856677267849923,46.15143240009034],[14.857039763813134,46.15294152383145],[14.854306047906567,46.15620682074466],[14.850189668923349,46.156420001885415],[14.850692410322557,46.155482795136955],[14.849805127872964,46.15534000356308],[14.849244254848543,46.15667916357879],[14.848106353208275,46.15608760609641],[14.849428175941165,46.1574204411966],[14.84811227561591,46.15951757851805],[14.846856236120654,46.15878353115206],[14.842714309129743,46.160000000000004],[14.849025026509892,46.160000000000004],[14.849900848334956,46.157452641175425],[14.854689017272495,46.15708021128387],[14.854886853074856,46.15572243041651],[14.857371017632973,46.15360762715095],[14.862955904552035,46.157765483794044],[14.861642104732468,46.15913264423128],[14.856764459120182,46.160000000000004],[14.857281566811787,46.160000000000004],[14.861918139634218,46.15934198305276],[14.862650047337715,46.160000000000004],[14.863474419413986,46.160000000000004],[14.863518563162742,46.15991689781859],[14.86921164404756,46.15960644212578],[14.870408261569166,46.15871535034834],[14.874929616080028,46.15951534448455],[14.876346302829207,46.15859825337243],[14.876316963366747,46.160000000000004],[14.876959986556049,46.160000000000004],[14.877007417008848,46.15942736071609],[14.878851851531815,46.15820311965185],[14.88,46.158127161118934],[14.88,46.157983578917595],[14.87586475306554,46.158385544659495],[14.874808138943408,46.15919528441664],[14.870201640051015,46.15845973329033],[14.867285534127802,46.159062586676264],[14.878733764238392,46.15471026079027],[14.88,46.15472754862833],[14.88,46.15437551504838],[14.878433405244675,46.154516167526815],[14.866032588290473,46.15823000048653],[14.86266565447167,46.15715688049865],[14.861399351036852,46.15576539854221],[14.864660138257639,46.15306573674888],[14.863995724516851,46.15186391980776],[14.866559408584568,46.15312534595539],[14.866728588224264,46.15193959893218],[14.868277446154611,46.152012325869414],[14.873086755877972,46.1499422148344],[14.874665209329157,46.14995601559721],[14.876291723997722,46.151403218842866],[14.874917105651795,46.149398863968784],[14.871441858614503,46.14875346446324],[14.874569215761086,46.146179962762545],[14.88,46.14801474230582],[14.88,46.14760165214948],[14.877655746946173,46.14656499264225],[14.878354623095877,46.14601921379038],[14.88,46.146798587443705],[14.88,46.14445294219121],[14.873796650186653,46.14094242741255],[14.868559778289995,46.13966589032203],[14.868583112101685,46.13762015690227],[14.86766719128329,46.13890745628064],[14.864702121089138,46.13673372227738],[14.866614049185687,46.136812716368134],[14.868023053858652,46.13603272671981],[14.87279035946899,46.13652463464816],[14.875158649330467,46.135180961567826],[14.87912941638034,46.13566498087313],[14.879875027622376,46.13731621882372],[14.875206205660124,46.13807450647834],[14.88,46.13770415373902],[14.88,46.13480847330143],[14.878799988255073,46.135358824853206],[14.876758692000259,46.134244458267965],[14.878867028768472,46.133504154932126],[14.88,46.13384125629185],[14.88,46.1331310656106],[14.876675339796176,46.133166566138634],[14.868375562245019,46.13422369097451],[14.863119661203317,46.13591634484206],[14.861622939711486,46.13411566619163],[14.862018819146632,46.13504889789782],[14.8612219138229,46.13552832555526],[14.8577173542275,46.13392620322613],[14.857506609190526,46.13306342115246],[14.852530304272547,46.133210803578095],[14.8485056324558,46.131631391062214],[14.845301772485959,46.131970481961396],[14.845199910949402,46.130000870048335],[14.842197222177616,46.13048317967628],[14.843584946248704,46.13139896688309],[14.840943465390408,46.1322986123068],[14.84,46.13205343518442],[14.84,46.13383517745091],[14.841661445997108,46.13682187753107],[14.840151155611782,46.13732780044853],[14.841275082333384,46.13775915121358],[14.84,46.1389368870047],[14.84,46.138998498161065],[14.84266248016938,46.138002299527244],[14.844811088473714,46.13844414327304],[14.845491106274272,46.13957910216249],[14.842186001696172,46.1401347403229],[14.841024984242441,46.14072603750437],[14.840619687571028,46.1417340176816],[14.84,46.14125233894073],[14.84,46.14226016949059],[14.84113155860736,46.14279255893882],[14.84,46.14298913267217],[14.84,46.14375564091836],[14.840628508171411,46.14365364571511],[14.842228986143503,46.14510116214819],[14.841938029354875,46.145828776670555],[14.84,46.14593050441672],[14.84,46.14609795323365],[14.842472463105691,46.14608367558752],[14.84150456485295,46.1482573426972],[14.843932768744732,46.14988702834939],[14.84,46.15224971362643],[14.84,46.15301924286704],[14.843302204897082,46.15151951959232]],[[14.876258773077433,46.145296146186276],[14.877334996278528,46.1440870725033],[14.879161164337734,46.14520942507406],[14.87675331197475,46.145701902799324],[14.876258773077433,46.145296146186276]],[[14.863130495219028,46.141451827624934],[14.866218656034638,46.13977195604],[14.873419214482803,46.141108870718426],[14.876853820790863,46.14352647872371],[14.87331243863652,46.14673561744608],[14.869480494784836,46.147701544073826],[14.865663476341632,46.14701023578582],[14.861946201723642,46.14771312513847],[14.861594982082519,46.147016606033944],[14.863458672346418,46.14634311334314],[14.864618231783169,46.1438617215457],[14.863229045439315,46.144860921869],[14.863055492086243,46.146246356432854],[14.860473484988193,46.14697658391098],[14.855346003369993,46.14469208633082],[14.857618176253663,46.14411325610143],[14.857507747184,46.14326037553448],[14.853178234328986,46.143415658890845],[14.854034235436975,46.14459602296548],[14.849981517926134,46.14338270262845],[14.846428002947395,46.14500723505245],[14.843726268256187,46.14434270334273],[14.852966133181644,46.14186532370686],[14.863130495219028,46.141451827624934]],[[14.876500412659803,46.146064403710795],[14.876100132001646,46.14638339796722],[14.875963770754526,46.14576026864023],[14.876500412659803,46.146064403710795]],[[14.872514487111149,46.135581929473474],[14.871712592289974,46.13493576406298],[14.874517963289916,46.13393990011513],[14.874971564718177,46.13495556969871],[14.872514487111149,46.135581929473474]],[[14.87204315293668,46.14952608450862],[14.86809218834277,46.15181812587321],[14.866634942535837,46.150889208581596],[14.865639735211078,46.15182610205906],[14.86513084087504,46.15100503304905],[14.868257785767609,46.14765781515294],[14.87204315293668,46.14952608450862]],[[14.87128506675504,46.13494505218382],[14.86894099022732,46.13535086316834],[14.868197727585704,46.13474097973648],[14.869442964327117,46.13445048344756],[14.87128506675504,46.13494505218382]],[[14.866872385006241,46.13642192831368],[14.865469301907615,46.135918087191776],[14.867450337432803,46.13472837955729],[14.868163713832892,46.135520934749245],[14.866872385006241,46.13642192831368]],[[14.867228247909699,46.14809289197153],[14.86493211602069,46.14924775629337],[14.863024543727281,46.14840137396924],[14.865659534991615,46.14727186200015],[14.867228247909699,46.14809289197153]],[[14.866581686686418,46.15905684399979],[14.864036320383898,46.15968520960691],[14.862944163004952,46.158988823835934],[14.86401390258381,46.15839842196207],[14.866581686686418,46.15905684399979]],[[14.853117255897569,46.13615279671413],[14.856201669047728,46.13397022541773],[14.861904824902286,46.13682565998916],[14.859219684355054,46.13725654125916],[14.857854234191672,46.13581511638557],[14.85682116203702,46.13616990593214],[14.858019219389229,46.13741361948433],[14.86178270140139,46.13748070841097],[14.861720505785357,46.13879905049331],[14.863967286649546,46.13727768401188],[14.865787803202094,46.139430846821774],[14.86125656412428,46.14150855077757],[14.858586210153323,46.14098240301773],[14.851895527711848,46.14184642714662],[14.852736751697913,46.140540332372844],[14.85612419488631,46.14012207219068],[14.851770921180833,46.139772954012976],[14.850872313978158,46.138401039714616],[14.850642508220705,46.13947675889917],[14.84827539546634,46.138858979137204],[14.849173045952668,46.13798357239699],[14.853802833107325,46.13732484833353],[14.853117255897569,46.13615279671413]],[[14.863475374600277,46.15177003567949],[14.862639064207034,46.1529305555201],[14.864105649956437,46.153085500918856],[14.861581170341625,46.15532300637167],[14.85821238065294,46.15387098532005],[14.862584030366177,46.1508370549442],[14.863475374600277,46.15177003567949]],[[14.855053135969486,46.13475387655818],[14.850719131585613,46.136460939551064],[14.849797775025555,46.13405795653008],[14.85301437397614,46.133559231286405],[14.855053135969486,46.13475387655818]],[[14.847155613779373,46.14490440667379],[14.848187988412581,46.14536388156278],[14.850515886454417,46.144228254366794],[14.854253075730908,46.1452204043076],[14.852057378101735,46.14740399159081],[14.848014692294196,46.14741105177005],[14.846609222425332,46.14879330507292],[14.84235230750976,46.14790976714586],[14.847155613779373,46.14490440667379]],[[14.841359503343325,46.1408960025808],[14.846220806103167,46.139951072383276],[14.84771097295714,46.139199433555],[14.848047213221637,46.13995907003314],[14.84930087631948,46.13934526639736],[14.851701263225232,46.14058880291736],[14.85120092374413,46.1419862918731],[14.844320928036746,46.14338902616218],[14.84158515563697,46.142910364033916],[14.841359503343325,46.1408960025808]],[[14.846576788654184,46.132671605263745],[14.845355047161622,46.13526720787229],[14.845994726186317,46.13610654357841],[14.846749702331461,46.13556167353934],[14.845889229766101,46.13452814536679],[14.847214819494493,46.13260887166748],[14.85037582590262,46.13307105197521],[14.849487512828295,46.13398533558939],[14.849667917594484,46.136572989352736],[14.847920734500418,46.13794457622036],[14.84228278420723,46.137279768287385],[14.840740383764004,46.13456847770054],[14.842214128662818,46.134230310558166],[14.840376775824174,46.13343125664792],[14.842903485645204,46.131862245478914],[14.846576788654184,46.132671605263745]],[[14.847862834470343,46.13838497588074],[14.84613342765126,46.139682233954204],[14.845549657425904,46.13909242670898],[14.846523087277744,46.13779228232617],[14.847862834470343,46.13838497588074]]]}},{"type":"Feature","properties":{"_zoneType":"SI_BUILT","name":"Pozidano zemljišče","authority":"MKGP","dataSource":"raba-3000"},"geometry":{"type":"Polygon","coordinates":[[[14.844086797029044,46.15842939888849],[14.844109530660763,46.15739844522167],[14.841417592141095,46.1578894836818],[14.843600487585089,46.15845416649627],[14.840105801721066,46.160000000000004],[14.842235087901773,46.160000000000004],[14.844086797029044,46.15842939888849]]]}},{"type":"Feature","properties":{"_zoneType":"SI_BUILT","name":"Pozidano zemljišče","authority":"MKGP","dataSource":"raba-3000"},"geometry":{"type":"Polygon","coordinates":[[[14.841181831092433,46.12236803618518],[14.844552829264545,46.121142406609565],[14.845139954670081,46.12196578864325],[14.84790251445455,46.12158711490207],[14.851492986586457,46.12263655791623],[14.852193090903922,46.1233105360571],[14.851095432899923,46.12430243960327],[14.853676178720637,46.12556132215877],[14.85559192466899,46.12484313193091],[14.859009404068527,46.125283205010575],[14.86063941429845,46.123478160803685],[14.864106145484513,46.12515122856543],[14.876282234739836,46.12581483787827],[14.878268854205158,46.12505365011662],[14.88,46.125907419542216],[14.88,46.12557258127647],[14.878342511196568,46.12464962602507],[14.876617778805047,46.12535318514868],[14.875987064923384,46.12448372754074],[14.868745464154149,46.124938636591466],[14.867364582039121,46.12438497392153],[14.867579952883103,46.1235628819478],[14.864365960996626,46.124060593123495],[14.864213505149266,46.12315661135733],[14.862224399754457,46.124110339540756],[14.861059316119885,46.12322291793722],[14.859952450494992,46.12340154009835],[14.858866746989458,46.1250183743633],[14.855733158114012,46.12456776342978],[14.853752576973713,46.12478384240538],[14.851696711310995,46.124303650056724],[14.85278561576773,46.12296115465157],[14.849265250862809,46.12094952629341],[14.850472299242481,46.120243080062096],[14.854370695496593,46.1206427174914],[14.85209077762637,46.12011684381414],[14.852290029346241,46.12],[14.851513185161041,46.12],[14.85155751334251,46.12004613063184],[14.85078592151918,46.12000157393206],[14.85078593168249,46.12],[14.850109669508132,46.12],[14.849135572322496,46.12046322514852],[14.846421212413924,46.12027830245747],[14.846180067570563,46.12],[14.845362166989867,46.12],[14.845225751720786,46.120662280257356],[14.840681320635806,46.12069957295045],[14.84021964903306,46.12],[14.84,46.12],[14.84,46.12159233965789],[14.841181831092433,46.12236803618518]]]}},{"type":"Feature","properties":{"_zoneType":"SI_BUILT","name":"Pozidano zemljišče","authority":"MKGP","dataSource":"raba-3000"},"geometry":{"type":"Polygon","coordinates":[[[14.872478874879857,46.120483627106594],[14.874547462343907,46.12033459335826],[14.874378587669325,46.12],[14.871999967359425,46.12],[14.872478874879857,46.120483627106594]]]}},{"type":"Feature","properties":{"_zoneType":"SI_BUILT","name":"Pozidano zemljišče","authority":"MKGP","dataSource":"raba-3000"},"geometry":{"type":"Polygon","coordinates":[[[14.843897075939074,46.18807244823727],[14.844948615425592,46.18754547375297],[14.84159137067996,46.18649586728039],[14.841168096107129,46.18716756532494],[14.84,46.186935034993255],[14.84,46.18727494756042],[14.843897075939074,46.18807244823727]]]}},{"type":"Feature","properties":{"_zoneType":"SI_BUILT","name":"Pozidano zemljišče","authority":"MKGP","dataSource":"raba-3000"},"geometry":{"type":"Polygon","coordinates":[[[14.842403886658277,46.18379680379688],[14.841422180492847,46.18270405320004],[14.84,46.182699479194255],[14.84,46.18383126686969],[14.842403886658277,46.18379680379688]]]}},{"type":"Feature","properties":{"_zoneType":"SI_BUILT","name":"Pozidano zemljišče","authority":"MKGP","dataSource":"raba-3000"},"geometry":{"type":"Polygon","coordinates":[[[14.843061562307314,46.17615232788977],[14.84527217471177,46.17756124446887],[14.846738964289363,46.179926369711765],[14.849420663227358,46.180591757075625],[14.848825419523397,46.181687106791344],[14.855727095796444,46.18215900951367],[14.858508796175679,46.18452918362743],[14.855357815461964,46.18494407614205],[14.859798529567122,46.185255745684884],[14.859628657705933,46.18649629932147],[14.861561773195358,46.18624855326647],[14.863516612538504,46.187595831667934],[14.86250206999229,46.18865972370232],[14.860415329023606,46.18738619324406],[14.85962669190958,46.188695066720776],[14.855049713357088,46.19051690584758],[14.849937980809052,46.18920849422334],[14.84938634148117,46.188077744716175],[14.850364795757635,46.18731463743235],[14.846213867795944,46.1843048666505],[14.846023887453546,46.18228757651821],[14.84,46.17901490262436],[14.84,46.17907607859363],[14.842254495137134,46.18075350105462],[14.840556863719206,46.181168463691854],[14.84363499167972,46.181594652643916],[14.843979849809942,46.183067990058],[14.844265466804773,46.18204395887062],[14.845384328405782,46.18229499404932],[14.845863939901605,46.18437388543503],[14.849035811174113,46.18774092988101],[14.848543479124306,46.189440007145734],[14.844524397998045,46.19119489635526],[14.846085451430492,46.19102690606447],[14.84786600327077,46.19354485052529],[14.84324972524351,46.19619802532145],[14.84813253129391,46.19373869720756],[14.848628835596884,46.19264142666946],[14.84707885132839,46.1918599839683],[14.84888509854826,46.190414286058896],[14.856922676306306,46.19087862492223],[14.859922960863562,46.1895292352495],[14.859891248750905,46.19097030853777],[14.861762365256,46.190762630102036],[14.863282048782283,46.1900401320043],[14.86102792361948,46.19001938534258],[14.861073900715525,46.18846068805579],[14.865086598452098,46.18908319240226],[14.864188235128973,46.18731541995632],[14.868691173092868,46.18622362558078],[14.86951108825124,46.18691020096115],[14.870577829163228,46.18449426528429],[14.872849156293787,46.18810703718741],[14.870229611406245,46.189268220170824],[14.874449045361974,46.18824051676901],[14.87221931079539,46.18495562512329],[14.88,46.18707624197724],[14.88,46.186042433731394],[14.87868673118302,46.186528423231934],[14.873880714182812,46.18528077212434],[14.871442344815215,46.18305675767224],[14.876424131235995,46.181142413332566],[14.88,46.18134285575933],[14.88,46.18032130359502],[14.87449691488655,46.18062938817921],[14.870033897906499,46.18005853165246],[14.8634606313786,46.1765083924977],[14.864355298390882,46.17793246664382],[14.86060636100915,46.1782180892392],[14.862120793585264,46.17890057996829],[14.86484343125539,46.177917221615935],[14.865344135365511,46.17861390196125],[14.872683324197745,46.18112903697156],[14.870341627408271,46.182349120801824],[14.86448670820508,46.18159763776919],[14.86709883395711,46.18204207978091],[14.867119971596228,46.184470989446574],[14.867932764065275,46.185412402460926],[14.864658735437114,46.186567314135345],[14.861684156853538,46.185099142301816],[14.860285703513393,46.18227118681679],[14.847781092120695,46.17954483930467],[14.845622138789786,46.17722291713145],[14.84768332390942,46.176090585814926],[14.84441355031291,46.17630638588391],[14.84,46.175054632276904],[14.84,46.17643197129548],[14.843061562307314,46.17615232788977]],[[14.87121245716816,46.18329331493483],[14.868410811973762,46.184979998024176],[14.867574022820595,46.184757796864886],[14.86880117006064,46.18235368626757],[14.87121245716816,46.18329331493483]]]}},{"type":"Feature","properties":{"_zoneType":"SI_BUILT","name":"Pozidano zemljišče","authority":"MKGP","dataSource":"raba-3000"},"geometry":{"type":"Polygon","coordinates":[[[14.878066156478878,46.18764733206695],[14.88,46.188637694563305],[14.88,46.1882038422597],[14.878066156478878,46.18764733206695]]]}},{"type":"Feature","properties":{"_zoneType":"SI_BUILT","name":"Pozidano zemljišče","authority":"MKGP","dataSource":"raba-3000"},"geometry":{"type":"Polygon","coordinates":[[[14.871169475340485,46.19494164519959],[14.869892381740474,46.19457221732778],[14.868336757303503,46.19703861389984],[14.8688458415362,46.197926587026615],[14.866108582349536,46.19985635957982],[14.86197378861652,46.19997788275108],[14.861927022464315,46.2],[14.866120388492027,46.2],[14.869047633766916,46.19812731794267],[14.86996181207024,46.1963247220268],[14.870027285816434,46.19762116426585],[14.870737880872069,46.198264726359746],[14.872173258097057,46.19862091949379],[14.872728459029428,46.19790579376144],[14.871570819536686,46.19834777229147],[14.87049773816834,46.19747965041125],[14.872071368090717,46.19451274092536],[14.88,46.18991051734702],[14.88,46.18956276720319],[14.871169475340485,46.19494164519959]]]}},{"type":"Feature","properties":{"_zoneType":"SI_BUILT","name":"Pozidano zemljišče","authority":"MKGP","dataSource":"raba-3000"},"geometry":{"type":"Polygon","coordinates":[[[14.841981260767179,46.16021529363001],[14.842235087901773,46.160000000000004],[14.840105801721066,46.160000000000004],[14.84,46.16004680015645],[14.84,46.16130966523414],[14.844269660836066,46.16007686151064],[14.852204237045264,46.16054919564107],[14.853441361319057,46.164216421248796],[14.852735444304475,46.16588730322511],[14.848951012602434,46.166743345460006],[14.845013412798002,46.16620806720577],[14.84743236208271,46.164090827387895],[14.844449780609715,46.16358351079067],[14.845674856301956,46.16509270783411],[14.84315494482292,46.16674446420337],[14.840870079936163,46.16712505769547],[14.84,46.166287002073446],[14.84,46.167101135284476],[14.840065282877829,46.1671878107557],[14.84,46.167196113791924],[14.84,46.16730658760006],[14.845327963022822,46.16653412012326],[14.850003725390456,46.16719811315144],[14.854449587429187,46.166611507395224],[14.853301610291044,46.16604405985126],[14.853791017896455,46.164334806306286],[14.85287573532221,46.16062527040939],[14.857281566811787,46.160000000000004],[14.856764459120182,46.160000000000004],[14.855643493107593,46.160199333123984],[14.848976313127853,46.16014168459847],[14.849025026509892,46.160000000000004],[14.842714309129743,46.160000000000004],[14.841981260767179,46.16021529363001]]]}},{"type":"Feature","properties":{"_zoneType":"SI_BUILT","name":"Pozidano zemljišče","authority":"MKGP","dataSource":"raba-3000"},"geometry":{"type":"Polygon","coordinates":[[[14.862830435471807,46.16016217680009],[14.860651701806495,46.160848231001104],[14.861461456268122,46.16161164348242],[14.862775860922005,46.161315061275175],[14.863474419413986,46.160000000000004],[14.862650047337715,46.160000000000004],[14.862830435471807,46.16016217680009]]]}},{"type":"Feature","properties":{"_zoneType":"SI_BUILT","name":"Pozidano zemljišče","authority":"MKGP","dataSource":"raba-3000"},"geometry":{"type":"Polygon","coordinates":[[[14.876240203313651,46.16366735231453],[14.871836417415443,46.166469270943345],[14.873417348715138,46.16771457189112],[14.871679323365434,46.16856652793139],[14.867061889370015,46.166949236005806],[14.868199589651613,46.165261090287956],[14.866652154911062,46.16660559739593],[14.86696329317617,46.16798823293168],[14.861499396639974,46.16804441922894],[14.860104442993956,46.1667743065895],[14.85544002003623,46.16665795869754],[14.861485853385089,46.1682904395025],[14.868798197370182,46.16810035844966],[14.876168355983038,46.17009919452559],[14.877392747465574,46.16989364373918],[14.8775567543914,46.16899019536159],[14.878960442082626,46.16989556138146],[14.879707429958923,46.16908465131732],[14.88,46.169253757806544],[14.88,46.16850837309756],[14.879932304869882,46.16853154017972],[14.879913560548193,46.16679332861985],[14.879154103944707,46.165701058108326],[14.88,46.165652427687874],[14.88,46.16504475228208],[14.87959223693006,46.16492508038252],[14.878781419981934,46.16322492700747],[14.876668697572041,46.16351680208329],[14.876959986556049,46.160000000000004],[14.876316963366747,46.160000000000004],[14.876240203313651,46.16366735231453]],[[14.877558794510737,46.16510869104007],[14.879539655075861,46.16666908996716],[14.879404003833265,46.16848477044828],[14.874735476422437,46.16917927557604],[14.87420309856228,46.16831920854256],[14.875415046496679,46.16677086899672],[14.874596676498307,46.16623183843808],[14.87374955732697,46.167364421957224],[14.873030044994309,46.166359673906285],[14.87520116290017,46.16470354515455],[14.877558794510737,46.16510869104007]],[[14.876107273437086,46.16423926097786],[14.877623375234943,46.16424343087894],[14.876286617527574,46.16456605555036],[14.876107273437086,46.16423926097786]]]}},{"type":"Feature","properties":{"_zoneType":"SI_BUILT","name":"Pozidano zemljišče","authority":"MKGP","dataSource":"raba-3000"},"geometry":{"type":"Polygon","coordinates":[[[14.91814706464005,46.053530550592825],[14.92,46.053505542058836],[14.92,46.05233951990269],[14.91814706464005,46.053530550592825]]]}},{"type":"Feature","properties":{"_zoneType":"SI_BUILT","name":"Pozidano zemljišče","authority":"MKGP","dataSource":"raba-3000"},"geometry":{"type":"Polygon","coordinates":[[[14.916504872703927,46.05904267052222],[14.917337525748849,46.058191519710185],[14.910697014623516,46.0592729128101],[14.909986643634388,46.05807353953129],[14.908042663818946,46.05811436484545],[14.90770015115051,46.056886550407604],[14.907424959412456,46.058151091743746],[14.90368886557142,46.05731663133313],[14.903078142571522,46.05819536774132],[14.900795718485918,46.056448031427784],[14.90108513017475,46.0555174970482],[14.89910788653595,46.055885956489846],[14.896596817116668,46.05435039866316],[14.894745288730403,46.05532999240928],[14.892668430953117,46.05409051346618],[14.890855770502624,46.05398297423486],[14.890406851106746,46.05262286966223],[14.89257961524456,46.05137452143594],[14.89434801214041,46.05285390195426],[14.894012433359284,46.05131676205254],[14.89138162439728,46.04984762503974],[14.891477085151527,46.05182472050242],[14.890012781168176,46.051791299753354],[14.888362642882683,46.04972672556877],[14.887802446852664,46.05086496553751],[14.890241807716825,46.05331177780695],[14.887401902801301,46.05437283801622],[14.884456000710017,46.05323366408998],[14.882270890967106,46.05393111586684],[14.88,46.05282763058696],[14.88,46.05380657774274],[14.880020238779386,46.05382474135847],[14.88,46.0538351618845],[14.88,46.054201268836835],[14.881620776392545,46.054164400919106],[14.881528851706891,46.05507268452896],[14.883399096427404,46.05412884143337],[14.888239702791607,46.054755549483374],[14.892228988296548,46.05423041369339],[14.89865935616321,46.057267657729824],[14.8988532062244,46.056383435266326],[14.900134888768768,46.05666991789876],[14.901503021765974,46.0587943378187],[14.900598712891037,46.05946552170183],[14.901516624736285,46.05982671611778],[14.900517448850481,46.0617037221133],[14.901053056865754,46.06237698180787],[14.899208249381335,46.06346657854631],[14.896877387464812,46.06339042064518],[14.898162907562773,46.06453419611542],[14.901725608272047,46.06284073593354],[14.902143720277353,46.06342306844601],[14.900725573291151,46.06404338948025],[14.902665766521292,46.064004179752075],[14.903690092664567,46.06548292685582],[14.90630749995973,46.06626130292078],[14.906443612458917,46.06945352188739],[14.907236705211124,46.068745311033446],[14.906681452123655,46.06627348817828],[14.903589930148511,46.06502633441825],[14.901741886114626,46.06246267620387],[14.902437263737093,46.060532427093996],[14.90420686985268,46.05944984658828],[14.904977287885645,46.060973862404104],[14.904706385241992,46.059662645886256],[14.906320792746978,46.058471748531716],[14.91064841088962,46.05966040096948],[14.909921762501037,46.06050948514351],[14.906700099228901,46.06026442510457],[14.908507333784218,46.0631020937123],[14.906266678514566,46.06350274264583],[14.910352337508339,46.06670460750715],[14.9099985886061,46.06957387611021],[14.91196906624127,46.0698929805234],[14.91329654659488,46.07166614516406],[14.912946763953407,46.07363360394232],[14.91096355135254,46.07306028361455],[14.909742452975106,46.071305350501135],[14.908493268465758,46.07181551930269],[14.910988696952606,46.073536114569],[14.910521140632522,46.074461661410965],[14.90932332934187,46.07420954199878],[14.908515410779573,46.072316788239085],[14.905970252372855,46.0709932885169],[14.902965276709608,46.07070618541472],[14.902354337208852,46.068994923207214],[14.899995973809778,46.07040976938136],[14.900924427850784,46.0719819505659],[14.899142994636586,46.07373507967151],[14.89477309533485,46.07488638360043],[14.892632774729142,46.07400666663339],[14.889439218156978,46.07393304631335],[14.887930988334563,46.07453513468765],[14.885948297718027,46.07860235709347],[14.88429970665307,46.07815083623258],[14.883764180769937,46.07539003510136],[14.882788128534855,46.075528733625625],[14.882020385540258,46.076095211409985],[14.882208480732151,46.07880856161245],[14.88133593294346,46.07998297984323],[14.88,46.07965046060577],[14.88,46.08],[14.88207126750054,46.08],[14.882379808307537,46.07964799234106],[14.882450912313615,46.076193319469084],[14.883139143249599,46.07622917492234],[14.884037671390873,46.07846159320626],[14.885129033749417,46.0789406479504],[14.884839017247185,46.08],[14.885427068076519,46.08],[14.887866747000059,46.076963640564415],[14.887179179504221,46.076299530930946],[14.888082410349247,46.07479271220108],[14.889456672800566,46.07424923002239],[14.893951484414682,46.075123016205275],[14.897071186926041,46.074766190745045],[14.899596510177794,46.073831114659164],[14.901279718006483,46.072055441314504],[14.900673818845954,46.07070638027826],[14.902139134923416,46.07003608808401],[14.902809244306148,46.07095199233557],[14.905902690505956,46.07151563152006],[14.906338398810966,46.0732155296647],[14.90838807563954,46.072887404885364],[14.90889976984222,46.07430412557796],[14.910565441319754,46.075048003370846],[14.910063940210495,46.076162893104986],[14.908361576653148,46.076617760471585],[14.90961698718301,46.07721165238815],[14.90666110321374,46.079094640013714],[14.90738588862352,46.079666079079786],[14.907057336350574,46.08],[14.908054605728587,46.08],[14.908279119966947,46.07974102700546],[14.90769585922479,46.07915869115661],[14.909963115056796,46.077764788303874],[14.91367581468013,46.078399699711355],[14.914860774941477,46.08],[14.9150270401472,46.08],[14.914042884638981,46.078163919992484],[14.91034591200955,46.077413099160744],[14.911320917235901,46.074477840808655],[14.913369215817653,46.07370330834467],[14.9139002379476,46.07221268177768],[14.912280978223233,46.06976439415452],[14.910526086735794,46.0693241506222],[14.910974942152476,46.06649121280976],[14.907344315149375,46.0641003333639],[14.909082264297203,46.06315744181287],[14.907556731938987,46.060731168520334],[14.91018817849242,46.060718147347785],[14.912974412542539,46.059443558344796],[14.91932748833408,46.059661853642304],[14.92,46.060349405541245],[14.92,46.05970916178234],[14.916504872703927,46.05904267052222]],[[14.904869453614712,46.059171354409706],[14.904122239653685,46.05920196005107],[14.90486507716076,46.058845434100974],[14.904869453614712,46.059171354409706]],[[14.903787911194332,46.05887522524678],[14.902317010196162,46.06005066732089],[14.902491839676616,46.05831285307725],[14.903787911194332,46.05887522524678]]]}},{"type":"Feature","properties":{"_zoneType":"SI_BUILT","name":"Pozidano zemljišče","authority":"MKGP","dataSource":"raba-3000"},"geometry":{"type":"Polygon","coordinates":[[[14.880742641034528,46.05198705800555],[14.88,46.05120194316239],[14.88,46.05195112461586],[14.880742641034528,46.05198705800555]]]}},{"type":"Feature","properties":{"_zoneType":"SI_BUILT","name":"Pozidano zemljišče","authority":"MKGP","dataSource":"raba-3000"},"geometry":{"type":"Polygon","coordinates":[[[14.88106278910333,46.07882457466295],[14.88,46.07835105487101],[14.88,46.078755285196834],[14.88106278910333,46.07882457466295]]]}},{"type":"Feature","properties":{"_zoneType":"SI_BUILT","name":"Pozidano zemljišče","authority":"MKGP","dataSource":"raba-3000"},"geometry":{"type":"Polygon","coordinates":[[[14.881543271948265,46.04772993165836],[14.893089357037233,46.04783743036173],[14.900029299373973,46.04945144123212],[14.899898539628275,46.05124954056529],[14.901226192280477,46.05014595709862],[14.903149539552713,46.05177279729736],[14.904614137414384,46.0512536711917],[14.906374957906875,46.05251343622668],[14.906448759546176,46.05171594989841],[14.903122106543508,46.049638979862664],[14.90181486485173,46.05004490452413],[14.900033589591503,46.04919517697917],[14.893161185582839,46.04759324664317],[14.881000099550242,46.04735441823484],[14.88,46.046696460988656],[14.88,46.04680638057488],[14.881543271948265,46.04772993165836]],[[14.903903886494886,46.05113795687717],[14.902777485473566,46.05108792777403],[14.903334406082301,46.050531430100285],[14.903903886494886,46.05113795687717]]]}},{"type":"Feature","properties":{"_zoneType":"SI_BUILT","name":"Pozidano zemljišče","authority":"MKGP","dataSource":"raba-3000"},"geometry":{"type":"Polygon","coordinates":[[[14.919235333158728,46.06567513526859],[14.918543038187158,46.06444676614314],[14.917305879330074,46.06540982258472],[14.91985384841574,46.0660102396944],[14.92,46.06601145183035],[14.92,46.06539145867647],[14.919235333158728,46.06567513526859]]]}},{"type":"Feature","properties":{"_zoneType":"SI_BUILT","name":"Pozidano zemljišče","authority":"MKGP","dataSource":"raba-3000"},"geometry":{"type":"Polygon","coordinates":[[[14.919603986561759,46.07575854899082],[14.917614486188619,46.07381909189748],[14.918119998013083,46.074859429410196],[14.91682176217134,46.07560804366499],[14.918033255930123,46.07700020696297],[14.91894338489984,46.07620703811343],[14.919798635737568,46.07716226649818],[14.919220638326502,46.07920344752123],[14.919593147065507,46.08],[14.92,46.08],[14.92,46.078099551474224],[14.919818026159627,46.07789829720218],[14.92,46.077762182718345],[14.92,46.07557907640501],[14.919603986561759,46.07575854899082]]]}},{"type":"Feature","properties":{"_zoneType":"SI_BUILT","name":"Pozidano zemljišče","authority":"MKGP","dataSource":"raba-3000"},"geometry":{"type":"Polygon","coordinates":[[[14.881473608808575,46.091260207332766],[14.883240551266105,46.09022787339382],[14.886037442042113,46.0902271501164],[14.888018431909828,46.08877837051548],[14.893027951431744,46.08988170299281],[14.893946264805347,46.09095146814035],[14.892432240231576,46.091458405951556],[14.890375528855833,46.09422778050514],[14.888694778938993,46.09425682942025],[14.888124418101647,46.09689546143965],[14.886147991743131,46.09811482616155],[14.885915668747739,46.09394685157883],[14.883923476984357,46.09567353649723],[14.884513064716897,46.09688822536779],[14.883652249469192,46.09783226092605],[14.883362922699998,46.09904453888886],[14.881433873923676,46.099223144991356],[14.883731294751039,46.09955245075259],[14.883562624488764,46.100788386844464],[14.884523248072588,46.101312841206564],[14.88376732139964,46.10211974568998],[14.887350845102192,46.10141280393445],[14.887278623324098,46.10268646474055],[14.883465231182099,46.10311998083384],[14.884182737369127,46.10371199671802],[14.883539329136005,46.10500522073903],[14.885066555687338,46.1070352204849],[14.88472846088922,46.10542646248567],[14.886106296589373,46.10452696072216],[14.8856430140919,46.10308378264404],[14.889254081289337,46.10246264396591],[14.889047452513058,46.100899228849094],[14.885596173669379,46.100470758139075],[14.88631172522397,46.09921022034335],[14.885547666074922,46.09863695864479],[14.88852272807366,46.09710261336706],[14.88868422144687,46.09503913588141],[14.890965334179768,46.094118993532554],[14.892845019242351,46.09160841161125],[14.896261353484952,46.091548384719474],[14.8959210010522,46.09035343644611],[14.899264904422244,46.08994679123593],[14.90074483594019,46.09095005080877],[14.895683789740248,46.09353046362223],[14.894990534609006,46.094905981277165],[14.901367462423718,46.091292223636366],[14.909990832842581,46.094013768930175],[14.918616326666857,46.092716140551396],[14.92,46.092949577117054],[14.92,46.09262168254915],[14.917341115774082,46.09244621467252],[14.92,46.091786702606115],[14.92,46.09150278254812],[14.91859711682602,46.09140396526659],[14.908677073518355,46.09249508961005],[14.90227186923873,46.08814794478178],[14.894804600416293,46.08556037965835],[14.894396530051898,46.08222713101713],[14.891650558813375,46.08371476196232],[14.890700423331118,46.08264159370627],[14.887655220099802,46.08318538666386],[14.886589985010083,46.0821631614549],[14.885846839878091,46.083333843611854],[14.882313858435237,46.08245961449069],[14.881009529810537,46.08121131399864],[14.88207126750054,46.08],[14.88,46.08],[14.88,46.081479317717005],[14.881168747179117,46.082078215363225],[14.88,46.08194653457928],[14.88,46.08235077566636],[14.892674534824819,46.085228692416585],[14.903324409053939,46.08945524012377],[14.894176641713504,46.0878019256091],[14.891672011218827,46.08626238648671],[14.890888417277962,46.087318430777],[14.88,46.08505765472919],[14.88,46.08671223065126],[14.884368776489222,46.08732061143345],[14.886589708690517,46.08856066141845],[14.885742356302304,46.08966912834],[14.88308399539788,46.08999679089576],[14.881098101081282,46.09116214598337],[14.88,46.093158255150456],[14.88,46.09375978428431],[14.881473608808575,46.091260207332766]],[[14.91657544373759,46.09237820092322],[14.912444145785443,46.093622808179575],[14.90880380597108,46.09281749684615],[14.91657544373759,46.09237820092322]],[[14.90802902917825,46.09291759098696],[14.905718170104814,46.09221337371234],[14.903279166024248,46.090287888535215],[14.904098217348768,46.08978305445391],[14.90802902917825,46.09291759098696]],[[14.898188657109397,46.089376144309405],[14.895391318195331,46.0901319458303],[14.89324924040801,46.08945181013991],[14.896644109193021,46.08866649245541],[14.898188657109397,46.089376144309405]],[[14.888604216550023,46.10214919847951],[14.888183261322537,46.10245407906775],[14.888151063475268,46.101812559745596],[14.888604216550023,46.10214919847951]],[[14.887557861362453,46.08732339359641],[14.887161114081106,46.08767074605488],[14.886199205544015,46.08689711232624],[14.887557861362453,46.08732339359641]],[[14.884963833187744,46.09553360037219],[14.885414343369934,46.09520365368134],[14.885539537744258,46.09592631132459],[14.884963833187744,46.09553360037219]],[[14.88417475107801,46.09841477660072],[14.883975173887306,46.09788997270595],[14.885700662942398,46.09664786317771],[14.88417475107801,46.09841477660072]],[[14.885558937196299,46.10425230087268],[14.88453223711676,46.104270785215625],[14.885406608958537,46.10354038808726],[14.885558937196299,46.10425230087268]],[[14.88117749559228,46.08044373371584],[14.880420218563494,46.08073516422809],[14.880420377939451,46.080066082333516],[14.88117749559228,46.08044373371584]]]}},{"type":"Feature","properties":{"_zoneType":"SI_BUILT","name":"Pozidano zemljišče","authority":"MKGP","dataSource":"raba-3000"},"geometry":{"type":"Polygon","coordinates":[[[14.918492573768242,46.09878237203329],[14.92,46.100161445516164],[14.92,46.09978335675575],[14.919887948552642,46.099708300113],[14.92,46.0992594918501],[14.92,46.097980699661235],[14.918492573768242,46.09878237203329]]]}},{"type":"Feature","properties":{"_zoneType":"SI_BUILT","name":"Pozidano zemljišče","authority":"MKGP","dataSource":"raba-3000"},"geometry":{"type":"Polygon","coordinates":[[[14.91987021583042,46.10157685968599],[14.918232295751633,46.10010260890302],[14.916976478217597,46.10089352430392],[14.917060241142577,46.10188368203235],[14.919325882457072,46.10168144018463],[14.919955491581797,46.10261290941393],[14.92,46.10256112395081],[14.92,46.10152707535954],[14.91987021583042,46.10157685968599]]]}},{"type":"Feature","properties":{"_zoneType":"SI_BUILT","name":"Pozidano zemljišče","authority":"MKGP","dataSource":"raba-3000"},"geometry":{"type":"Polygon","coordinates":[[[14.918871091621833,46.11377563727502],[14.918396937776281,46.11129366742234],[14.91810730224417,46.11341205815035],[14.91578747695261,46.11157915618131],[14.911942075072211,46.110341064204015],[14.910777441756109,46.10889419298574],[14.911719922174132,46.107042682089],[14.910382705855367,46.10780880011285],[14.910788000051562,46.11009515844304],[14.905116534540255,46.109893279324126],[14.9091114912326,46.10317117967157],[14.911376202765144,46.10348462560172],[14.910451852014527,46.102610276469264],[14.912174037349585,46.10204142654886],[14.909768093681295,46.102118877456036],[14.909198777218936,46.10081570915614],[14.911836653573516,46.09937730050172],[14.906957130363887,46.100490324242855],[14.908559219827142,46.098369062904744],[14.907185148334372,46.09782089465136],[14.903825969647725,46.09928303485496],[14.907699587567015,46.09912128162458],[14.904388735707114,46.10169602184225],[14.903333563755938,46.101507933222244],[14.901110242843917,46.10222752480087],[14.89930761494426,46.10152562074927],[14.901147390374089,46.10246146421076],[14.903540427402858,46.10182161592118],[14.906254317141025,46.103480652355046],[14.902947684471958,46.10460813102341],[14.902550956468241,46.10373219317584],[14.901571743004938,46.10462399174064],[14.899811369450934,46.10366517457998],[14.900965114962323,46.10509391983094],[14.896869487105544,46.10608465702657],[14.901699431379521,46.107107865852896],[14.902135105273507,46.10820686132696],[14.90031508386333,46.10936275301767],[14.902427188967112,46.11362498453041],[14.903217548805674,46.11307822050113],[14.902267834429267,46.112318668146585],[14.902449062069044,46.11103432433618],[14.904282138126309,46.11185883235649],[14.906047055927061,46.11069221387804],[14.907114365778748,46.11223252503218],[14.906246338084221,46.113025117357424],[14.906724945352435,46.11480984370377],[14.904614675830844,46.11615889969753],[14.90483926126474,46.11743642440552],[14.903444883247388,46.118969657845355],[14.901581101588333,46.119421359966836],[14.90054571218504,46.11815882413698],[14.90137628945894,46.117697802235085],[14.89917392387282,46.11664112229019],[14.900674996532128,46.119646707774876],[14.891943544456954,46.11821762957811],[14.889441521210504,46.1163589920331],[14.889827226143804,46.11430732870607],[14.888948599790748,46.115505096721456],[14.886808283483795,46.11505292092593],[14.885754675961977,46.11672068326357],[14.884266964948369,46.116329470485795],[14.88,46.11286676038393],[14.88,46.11338822551104],[14.880499138670146,46.113791015670415],[14.88,46.113774993753516],[14.88,46.11433085377747],[14.880493321894152,46.11429120942802],[14.88190363948704,46.11470815539525],[14.883438675689098,46.116929273002256],[14.887561435385207,46.11779948648153],[14.888751808714321,46.11642251358074],[14.892593922391132,46.1190107071143],[14.895075372516217,46.119300616736915],[14.895686107864373,46.12],[14.897563525291126,46.12],[14.898083445874576,46.119321957641844],[14.900128469372522,46.11981048067718],[14.899925191570537,46.12],[14.904773242188975,46.12],[14.904157094191962,46.11981687015916],[14.906361262690943,46.11821357811199],[14.90830186227804,46.11829932193736],[14.907886675158549,46.11738984059072],[14.905033220397865,46.11784212056778],[14.907877308075417,46.115518368555435],[14.906978139501366,46.115132007493195],[14.907430856836895,46.11324854619132],[14.908845502453936,46.11241068971317],[14.907623015545685,46.11252741739735],[14.907176071360746,46.11138516527719],[14.90849372243807,46.11020376412309],[14.91543382525621,46.1117341359555],[14.917357917227822,46.11315162691464],[14.917331437059296,46.11419543943254],[14.92,46.11485518825285],[14.92,46.11421161925268],[14.918871091621833,46.11377563727502]],[[14.909201840152924,46.10160771014825],[14.908801634314683,46.10302910949606],[14.906327283060474,46.102440946880805],[14.909201840152924,46.10160771014825]],[[14.903890989166756,46.111083019064914],[14.900736891118497,46.10963862924895],[14.906359995036132,46.10630729695766],[14.904460186856669,46.10985594618755],[14.905309175060175,46.11058022785112],[14.903890989166756,46.111083019064914]],[[14.903414920554807,46.105086336909814],[14.905583272225,46.10535777217617],[14.90280956454611,46.10763793308164],[14.901812746958408,46.10681668418805],[14.903917711657657,46.10613745330002],[14.903414920554807,46.105086336909814]],[[14.901897924305882,46.10601187084683],[14.901330445441857,46.10624322869465],[14.901572314680097,46.1055923049955],[14.901897924305882,46.10601187084683]]]}},{"type":"Feature","properties":{"_zoneType":"SI_BUILT","name":"Pozidano zemljišče","authority":"MKGP","dataSource":"raba-3000"},"geometry":{"type":"Polygon","coordinates":[[[14.881736513536522,46.11093085097522],[14.881705557424922,46.10977064974413],[14.880607288635254,46.11143638179194],[14.88,46.1112667421424],[14.88,46.112664070682555],[14.881736513536522,46.11093085097522]]]}},{"type":"Feature","properties":{"_zoneType":"SI_BUILT","name":"Pozidano zemljišče","authority":"MKGP","dataSource":"raba-3000"},"geometry":{"type":"Polygon","coordinates":[[[14.880466400157443,46.10934765420742],[14.88,46.109007745403986],[14.88,46.10916123934534],[14.880466400157443,46.10934765420742]]]}},{"type":"Feature","properties":{"_zoneType":"SI_BUILT","name":"Pozidano zemljišče","authority":"MKGP","dataSource":"raba-3000"},"geometry":{"type":"Polygon","coordinates":[[[14.915517614301663,46.116958331730956],[14.91283657976285,46.11792094586497],[14.915025173934874,46.117780955781825],[14.918019924641015,46.11935667211201],[14.91794759356451,46.12],[14.919364800939073,46.12],[14.915517614301663,46.116958331730956]]]}},{"type":"Feature","properties":{"_zoneType":"SI_BUILT","name":"Pozidano zemljišče","authority":"MKGP","dataSource":"raba-3000"},"geometry":{"type":"Polygon","coordinates":[[[14.884535103322195,46.08111011558606],[14.885427068076519,46.08],[14.884839017247185,46.08],[14.884535103322195,46.08111011558606]]]}},{"type":"Feature","properties":{"_zoneType":"SI_BUILT","name":"Pozidano zemljišče","authority":"MKGP","dataSource":"raba-3000"},"geometry":{"type":"Polygon","coordinates":[[[14.905821461503805,46.081256069429685],[14.908862154248311,46.08140901108543],[14.907439644105358,46.080709346784666],[14.908054605728587,46.08],[14.907057336350574,46.08],[14.905821461503805,46.081256069429685]]]}},{"type":"Feature","properties":{"_zoneType":"SI_BUILT","name":"Pozidano zemljišče","authority":"MKGP","dataSource":"raba-3000"},"geometry":{"type":"Polygon","coordinates":[[[14.91521008349773,46.080471744582184],[14.915630180263014,46.08215207862173],[14.913614767223395,46.084090008410705],[14.911979601542269,46.08384689760171],[14.911934610488352,46.085242977408214],[14.910444763842227,46.08559246723928],[14.909414437582326,46.08435735384212],[14.909479886685116,46.0863169768407],[14.910559829910785,46.0867815365412],[14.912760958201897,46.08443625634982],[14.914032947671018,46.08428044273653],[14.91601900962253,46.08185065805811],[14.9150270401472,46.08],[14.914860774941477,46.08],[14.91521008349773,46.080471744582184]]]}},{"type":"Feature","properties":{"_zoneType":"SI_BUILT","name":"Pozidano zemljišče","authority":"MKGP","dataSource":"raba-3000"},"geometry":{"type":"Polygon","coordinates":[[[14.92,46.08086999224321],[14.92,46.08],[14.919593147065507,46.08],[14.92,46.08086999224321]]]}},{"type":"Feature","properties":{"_zoneType":"SI_BUILT","name":"Pozidano zemljišče","authority":"MKGP","dataSource":"raba-3000"},"geometry":{"type":"Polygon","coordinates":[[[14.919550802751665,46.084611028305915],[14.92,46.08482173389504],[14.92,46.08329636047653],[14.919550802751665,46.084611028305915]]]}},{"type":"Feature","properties":{"_zoneType":"SI_BUILT","name":"Pozidano zemljišče","authority":"MKGP","dataSource":"raba-3000"},"geometry":{"type":"Polygon","coordinates":[[[14.881703420684309,46.11856532087208],[14.88,46.117467511846634],[14.88,46.11848873130798],[14.881703420684309,46.11856532087208]]]}},{"type":"Feature","properties":{"_zoneType":"SI_BUILT","name":"Pozidano zemljišče","authority":"MKGP","dataSource":"raba-3000"},"geometry":{"type":"Polygon","coordinates":[[[14.880350769907436,46.11636751609611],[14.88,46.11598068800624],[14.88,46.11643570349388],[14.880350769907436,46.11636751609611]]]}},{"type":"Feature","properties":{"_zoneType":"SI_BUILT","name":"Pozidano zemljišče","authority":"MKGP","dataSource":"raba-3000"},"geometry":{"type":"Polygon","coordinates":[[[14.89605200150254,46.12236358588714],[14.899596603816828,46.12090659390311],[14.90509468151126,46.121035042369606],[14.905528474539343,46.12022446811608],[14.904773242188975,46.12],[14.899925191570537,46.12],[14.899093583440212,46.12077532228393],[14.896649479192783,46.12119203199817],[14.897563525291126,46.12],[14.895686107864373,46.12],[14.89611353728224,46.12048947057331],[14.89575101213592,46.12361339202378],[14.900590633442944,46.125716276956304],[14.898665984049817,46.12845190687884],[14.896522149135588,46.127535919578484],[14.893500328963123,46.12853440599844],[14.896048481220788,46.127983498357274],[14.898390527522436,46.12911169706087],[14.900250786096615,46.1277337702213],[14.903363205119339,46.12831466363054],[14.90730257587162,46.128201702019766],[14.902292555024832,46.1333158715784],[14.900582626752765,46.1323209873898],[14.895848816595999,46.13468555365816],[14.89426927293892,46.13364459912845],[14.892620051785638,46.13345314787443],[14.889840439754039,46.133996457046116],[14.888048033865614,46.13304512917368],[14.88,46.1331310656106],[14.88,46.13384125629185],[14.88127911814456,46.13422184182993],[14.88,46.13480847330143],[14.88,46.13770415373902],[14.88158553989002,46.137581660156705],[14.880704139661795,46.14021543345866],[14.883217728654778,46.13787584297966],[14.884244557098903,46.13855777650257],[14.882658315070985,46.139242344963755],[14.885434397846439,46.138951657206704],[14.884751395650238,46.14116391944066],[14.885726025752376,46.141254107908196],[14.885926730468618,46.13963103349697],[14.88782575917955,46.13939604651335],[14.887926910482767,46.13759012128341],[14.88950060322237,46.13651517079861],[14.888729435346656,46.134619223418824],[14.893064419089654,46.133692902966565],[14.895432811798418,46.134935406314185],[14.894382239100079,46.135499972492795],[14.896055981900307,46.1369234392751],[14.892173551928462,46.138120189156695],[14.89075891421764,46.137525243534775],[14.890209218813023,46.13833936813054],[14.891272511259777,46.138887181035734],[14.889894257287136,46.141488431381134],[14.891164958965915,46.14156832894438],[14.89035855399471,46.14107147314519],[14.89177683963472,46.13887189250041],[14.894516740924834,46.14008664713175],[14.894772299781945,46.13801913089569],[14.897297230271603,46.13639092038234],[14.918534778419994,46.14294737843575],[14.917589830740132,46.14457575124118],[14.92,46.14395870735871],[14.92,46.14313811441421],[14.915453322423424,46.141940445606814],[14.91438115463777,46.140711590044674],[14.911972084783155,46.140583693020695],[14.91106594828619,46.13816663780396],[14.91362099247643,46.13897857673692],[14.91580992510665,46.14129943412544],[14.91948122576131,46.141028054335166],[14.92,46.14151282191936],[14.92,46.140905153318045],[14.918181944151286,46.14016393965181],[14.91620541487588,46.13791792011785],[14.915074660170962,46.13841147411121],[14.917478837604072,46.13938483043003],[14.916057822436033,46.14029060792654],[14.910579747242554,46.136843869117264],[14.904571076175303,46.13601233293099],[14.90464630826968,46.13471837012005],[14.903131660080136,46.135259256081596],[14.899135941835258,46.13416983626479],[14.90059643006738,46.13284809972706],[14.901527184422873,46.13362442861824],[14.902885058103951,46.133420308698284],[14.9056130905046,46.130240905169586],[14.907941829447166,46.13129575666455],[14.908460897231654,46.13079972200404],[14.906647936039262,46.12910120000946],[14.91468379662465,46.126082254269285],[14.92,46.131173365951824],[14.92,46.129072141434555],[14.917794011243158,46.12874130125892],[14.916863180070829,46.1267012607897],[14.92,46.12748374145267],[14.92,46.12654281782571],[14.91679701979759,46.124369035936866],[14.918834070326458,46.12247906779944],[14.92,46.12255124119931],[14.92,46.12196936905748],[14.919163774076788,46.121216037272276],[14.919646594840243,46.12022279230211],[14.919364800939073,46.12],[14.91794759356451,46.12],[14.917859592620307,46.1207826990045],[14.915432515410957,46.12131360410546],[14.91751403769136,46.12138858091915],[14.917626514129918,46.12211050579681],[14.914487775776108,46.12253790086783],[14.916927037362983,46.12262861550811],[14.916194417313502,46.12629590119601],[14.914671069385058,46.125816344432735],[14.911163429288171,46.127185553729205],[14.903395069977432,46.12797936303028],[14.89998565300416,46.12729732168732],[14.9009827569672,46.12591116522664],[14.900650700029066,46.12497767490472],[14.902004044490111,46.12447817383401],[14.89650029849379,46.123467239408114],[14.89605200150254,46.12236358588714]],[[14.919720331112517,46.12676967977277],[14.918744943422615,46.12697292714689],[14.917056019821027,46.1262087056335],[14.917547859190133,46.125414295141184],[14.919720331112517,46.12676967977277]],[[14.90936029433289,46.13735416860406],[14.910599191987766,46.13949405525704],[14.90845863038012,46.138666892922046],[14.90748939817061,46.13942793211033],[14.903532267639587,46.13623884975572],[14.90936029433289,46.13735416860406]],[[14.895726176445239,46.13550160424467],[14.897331424491528,46.134235168783654],[14.902194220938494,46.135260211774415],[14.90326384243238,46.13568516281304],[14.90338509284693,46.13739764994801],[14.896468649282397,46.136139729477584],[14.895726176445239,46.13550160424467]],[[14.882493770637545,46.13375445580739],[14.88596809496174,46.13333046513519],[14.887160606286942,46.13356004644064],[14.886626724088044,46.13426693273056],[14.88878803310043,46.13600809780594],[14.887649908421103,46.13741967973273],[14.88526463589643,46.13807641483586],[14.883531649419307,46.13765921517294],[14.884904832343398,46.13682677542161],[14.882485247218371,46.137705915238875],[14.880259862832432,46.13653714259974],[14.88288267075876,46.13503595146223],[14.882493770637545,46.13375445580739]]]}},{"type":"Feature","properties":{"_zoneType":"SI_BUILT","name":"Pozidano zemljišče","authority":"MKGP","dataSource":"raba-3000"},"geometry":{"type":"Polygon","coordinates":[[[14.9161931863501,46.13351129208503],[14.92,46.132274332988516],[14.92,46.13158324269897],[14.9161931863501,46.13351129208503]]]}},{"type":"Feature","properties":{"_zoneType":"SI_BUILT","name":"Pozidano zemljišče","authority":"MKGP","dataSource":"raba-3000"},"geometry":{"type":"Polygon","coordinates":[[[14.88293021827895,46.157933305456744],[14.884258635567855,46.157516931599865],[14.885205162186043,46.15855641198251],[14.890550336542612,46.15775098239118],[14.89079033666617,46.158478239442],[14.888719297650674,46.15972947463931],[14.89075226125523,46.15953648009895],[14.891325063206338,46.160000000000004],[14.891854004368996,46.160000000000004],[14.891242824317727,46.15949122377622],[14.892376639006693,46.15814378313952],[14.892329341320657,46.15919344738342],[14.893400051718077,46.160000000000004],[14.893707014463482,46.160000000000004],[14.893024814761256,46.159020079536354],[14.894420709710058,46.153090806332564],[14.895300684810866,46.15237680805453],[14.90492801367611,46.15015357839634],[14.910286527349296,46.15013274954152],[14.906394300136094,46.14888587361888],[14.90589074100916,46.14982388655691],[14.90222376626206,46.15001858787596],[14.904054861078306,46.1479330302682],[14.90721425448766,46.14697880655796],[14.914191369421768,46.14722965053464],[14.91802292379583,46.14897277025693],[14.92,46.149104100180715],[14.92,46.147964285411156],[14.919646422584744,46.14804203822329],[14.91512484037065,46.14682522958166],[14.914898522825009,46.145644394341176],[14.91440840870367,46.1465435322071],[14.910043020828237,46.1469632040698],[14.910318095104577,46.14544526343859],[14.908016833854573,46.14668850781073],[14.908051028942985,46.14554889845486],[14.906609732851825,46.144925010042286],[14.907373135340341,46.1442714258482],[14.905094194264576,46.14407231558454],[14.90406044288332,46.14269455075093],[14.902376199672062,46.143092634946484],[14.903917484443578,46.14345632322326],[14.902847448500397,46.14448749269249],[14.904685691401419,46.144128828247325],[14.905517508529016,46.145809095872316],[14.899735004018472,46.14457022824975],[14.892646481827986,46.145929637036616],[14.8903942785176,46.14532272149492],[14.889574224073023,46.1458098626774],[14.890757972431471,46.14633997898458],[14.889087403134768,46.146880589617],[14.887633528336837,46.14463178765064],[14.888306493900906,46.14670222801755],[14.882698627000721,46.14643822902326],[14.881527736568598,46.14486959739526],[14.882304088082423,46.14362434019995],[14.886500179632858,46.14520527108084],[14.886460960778894,46.14433817895171],[14.889684927233091,46.14343823474891],[14.885369579763081,46.143636257423296],[14.885083299484945,46.14295845110578],[14.885972785170797,46.142700329486146],[14.884704425791245,46.14194943452399],[14.880421323320137,46.14297457473272],[14.881740509370559,46.143576162004784],[14.880313367571018,46.144630278875795],[14.88,46.14445294219121],[14.88,46.146798587443705],[14.881293142155924,46.147411116356565],[14.880299598127138,46.14773413837845],[14.88,46.14760165214948],[14.88,46.14801474230582],[14.881623700337476,46.1485633062024],[14.884060992150664,46.14750748046921],[14.885886753737063,46.14873758751927],[14.885945606250921,46.14973522728858],[14.884462227458444,46.15039471222226],[14.885550288865392,46.15259019741969],[14.884691981390288,46.15395425817319],[14.88,46.15437551504838],[14.88,46.15472754862833],[14.884374475650915,46.15478727307219],[14.884514796166984,46.156957710752735],[14.882827717798294,46.1577087112493],[14.88,46.157983578917595],[14.88,46.158127161118934],[14.88293021827895,46.157933305456744]],[[14.907755652689893,46.14575972003859],[14.907173394585753,46.14653734395449],[14.906307884607063,46.14631623025757],[14.90705871441306,46.14555752102676],[14.907755652689893,46.14575972003859]],[[14.889098809675648,46.14975292675857],[14.891384185127606,46.147836016193565],[14.894195699709435,46.14966287002178],[14.898750558419886,46.149313979730316],[14.89229613791824,46.14771963936908],[14.893823898426014,46.14627507586722],[14.896399563970904,46.14630668910683],[14.897333634377123,46.14536593457599],[14.900411648178395,46.144868020652595],[14.90543103362993,46.146488750092345],[14.899543565040798,46.150214673115464],[14.899126247551273,46.15108257141298],[14.896593950086332,46.151908477112464],[14.893563833785823,46.15213255736163],[14.893190614080645,46.15098092177558],[14.891726276397598,46.15135211776053],[14.891924653841732,46.15242244832787],[14.886859801673559,46.15276242419802],[14.88546529458409,46.151023370285124],[14.887064768868685,46.149244317003635],[14.889098809675648,46.14975292675857]],[[14.901686640609118,46.14999279882081],[14.901512351520006,46.15080835236552],[14.900028388766884,46.150262808901246],[14.901686640609118,46.14999279882081]],[[14.893790848704786,46.155662971359085],[14.892329994029827,46.15465301673727],[14.888931213484781,46.154801293289566],[14.886126628204025,46.155426199813384],[14.885958687641104,46.15706210199158],[14.885017840797337,46.15659612260507],[14.884955788195894,46.15450015199693],[14.886488507944998,46.15322419908106],[14.888451036544115,46.15364427374571],[14.892950977468306,46.152497154657894],[14.894151002202694,46.15350679540117],[14.893790848704786,46.155662971359085]],[[14.890493200888972,46.147914609366126],[14.889277703721437,46.149107389970624],[14.886578042915856,46.148613464645884],[14.884894477524862,46.14675504346482],[14.890493200888972,46.147914609366126]]]}},{"type":"Feature","properties":{"_zoneType":"SI_BUILT","name":"Pozidano zemljišče","authority":"MKGP","dataSource":"raba-3000"},"geometry":{"type":"Polygon","coordinates":[[[14.898028463602545,46.159389114564455],[14.901143727406108,46.157723127887806],[14.90848272038816,46.156418835271424],[14.909757120803457,46.15709470956511],[14.907421359434867,46.158251751680446],[14.910298268865098,46.158562905066574],[14.910913305010368,46.156794131261236],[14.914238210008435,46.1563286187193],[14.906942319626598,46.156193584768545],[14.900508430201592,46.15765898437232],[14.898422123706304,46.15593954202326],[14.89946610675673,46.15488623633261],[14.898719818819695,46.15476533593617],[14.897295294352014,46.15583686343817],[14.899780821977979,46.15793190858757],[14.897777172577428,46.15919228479058],[14.897429740510121,46.160000000000004],[14.89865650706135,46.160000000000004],[14.898028463602545,46.159389114564455]]]}},{"type":"Feature","properties":{"_zoneType":"SI_BUILT","name":"Pozidano zemljišče","authority":"MKGP","dataSource":"raba-3000"},"geometry":{"type":"Polygon","coordinates":[[[14.918687353454132,46.156928657260444],[14.917917021341196,46.155932871708885],[14.916018793259745,46.15663064060083],[14.91859276432649,46.157757000003684],[14.9176376826641,46.1593429394612],[14.916027706126076,46.15851672622989],[14.916384332581773,46.160000000000004],[14.918612771003799,46.160000000000004],[14.918223335147808,46.159384656036615],[14.92,46.15925076769589],[14.92,46.159009897813185],[14.919245566591306,46.15875809514244],[14.919801976754913,46.157865807544034],[14.919027228168916,46.1572502328746],[14.92,46.15666041158188],[14.92,46.1564573139424],[14.918687353454132,46.156928657260444]]]}},{"type":"Feature","properties":{"_zoneType":"SI_BUILT","name":"Pozidano zemljišče","authority":"MKGP","dataSource":"raba-3000"},"geometry":{"type":"Polygon","coordinates":[[[14.913160501798716,46.159310883283766],[14.911908251354978,46.15997386368331],[14.91191295405702,46.160000000000004],[14.913598515502974,46.160000000000004],[14.913668417356044,46.15981705793074],[14.91401685226005,46.160000000000004],[14.915123907910848,46.160000000000004],[14.913160501798716,46.159310883283766]]]}},{"type":"Feature","properties":{"_zoneType":"SI_BUILT","name":"Pozidano zemljišče","authority":"MKGP","dataSource":"raba-3000"},"geometry":{"type":"Polygon","coordinates":[[[14.881354509784448,46.126575438980026],[14.884204590591898,46.12654753717694],[14.88135397806674,46.12632652975829],[14.88,46.12557258127647],[14.88,46.125907419542216],[14.881354509784448,46.126575438980026]]]}},{"type":"Feature","properties":{"_zoneType":"SI_BUILT","name":"Pozidano zemljišče","authority":"MKGP","dataSource":"raba-3000"},"geometry":{"type":"Polygon","coordinates":[[[14.881221750495254,46.18740922850625],[14.880628586802997,46.188384733298236],[14.88,46.1882038422597],[14.88,46.188637694563305],[14.880825040899998,46.18906021559791],[14.88,46.18956276720319],[14.88,46.18991051734702],[14.880887332159144,46.189395459890534],[14.885044637224023,46.18895206024511],[14.888117178486727,46.19069380533811],[14.889292743477021,46.19002850374802],[14.890158704492205,46.19089688833223],[14.893796037538252,46.19040278672232],[14.897520434355394,46.1920026628082],[14.894534093868618,46.19313326060112],[14.892682540719521,46.1921603330225],[14.890763770278893,46.19385405716611],[14.889436977259253,46.193229397579856],[14.888867768426264,46.194053043646306],[14.890903028407065,46.19422980459516],[14.890504063507747,46.195314637192105],[14.886168634409081,46.1963586387368],[14.88990328043692,46.196276399828754],[14.889696319820196,46.19784532231579],[14.891426176634528,46.2],[14.892491249486902,46.2],[14.892043094860442,46.1982872976858],[14.894634305964862,46.1994398354384],[14.895239390798265,46.198814028299395],[14.894293045112663,46.19795728475536],[14.895793624486519,46.19794611294538],[14.894066235572263,46.197209773851164],[14.893279876808032,46.1980288838328],[14.89074052499008,46.19761818537555],[14.890039159230149,46.197176747021985],[14.890544509541646,46.19588269258715],[14.89349177200689,46.19468314369095],[14.895586440200107,46.195557606310715],[14.893553044821308,46.194113718509506],[14.895532265742837,46.194724125861505],[14.894791024403794,46.193502652138115],[14.897793244232364,46.192431054680924],[14.89760584767907,46.19102047594051],[14.899538922942394,46.192131231908675],[14.90176314308982,46.19657069299612],[14.90068425299135,46.1989842538573],[14.89884684606731,46.19978695514132],[14.898973637107202,46.2],[14.902033028690143,46.2],[14.903436108401614,46.195677061688826],[14.900888451529076,46.19073579628077],[14.896157399749145,46.18901012749806],[14.894927593664056,46.19011022495829],[14.890048873082435,46.189146334043016],[14.893120377579693,46.188516681125556],[14.900604749036509,46.18915263651245],[14.902759539165872,46.18843053915791],[14.904136508374009,46.19138261460763],[14.9026984227664,46.191603882491954],[14.904664816633755,46.19323205585813],[14.905383400582817,46.192901520903156],[14.904029992831076,46.18944542206931],[14.904895959821364,46.188618643611285],[14.914876232774368,46.1883804899836],[14.91592177990774,46.189052449046095],[14.913481557312478,46.18963020900728],[14.912155081256463,46.19157263823342],[14.917682318341141,46.192441206443576],[14.918685818497098,46.191716205452956],[14.92,46.192581520359816],[14.92,46.19191284464868],[14.919082168969918,46.19147122188705],[14.92,46.19128774719075],[14.92,46.190783485737576],[14.917926879170263,46.19107125621173],[14.914854188570379,46.19014550325973],[14.916010832151185,46.19206603623505],[14.91311773174855,46.19130573757398],[14.914705399947769,46.18954857357725],[14.92,46.189752601629294],[14.92,46.18930653604844],[14.918753096264245,46.1894412151487],[14.916399744472185,46.187966238625364],[14.909875178860172,46.18761270537926],[14.905524359306293,46.1859460299857],[14.906804998268358,46.18709745378881],[14.906371856214502,46.187850309139854],[14.904111885232975,46.18842057884288],[14.90282827437086,46.187104602423375],[14.900749811520322,46.18885054837726],[14.899221726811982,46.188259037212106],[14.898860433450997,46.18685889583728],[14.901528746009857,46.18578015259364],[14.901219497136482,46.18462886882811],[14.9030325812278,46.183593681659964],[14.90615201865363,46.18332379712941],[14.905612926969956,46.18432754930332],[14.907358886074634,46.18513771232421],[14.907670388386808,46.186306872609634],[14.91047821046912,46.185471445318235],[14.908693438203926,46.18477262628774],[14.909040069767903,46.18417257417124],[14.906952060254728,46.18207713881737],[14.90895052649991,46.182152772426086],[14.909896794584265,46.18365366455564],[14.909830449636043,46.18228707332089],[14.906212925708472,46.18128745795168],[14.905733863924347,46.18012446634296],[14.904284682176778,46.18165490556215],[14.903966878775973,46.18074563471959],[14.900589125274282,46.18048148326662],[14.903140159400012,46.17958485219716],[14.902794658734196,46.178862360653014],[14.904734001325814,46.17677815193628],[14.91014208384589,46.17796926272601],[14.908939415916693,46.175474016609684],[14.909725097498,46.173533307176584],[14.908584419819787,46.17317674955709],[14.909285087231854,46.17392923386374],[14.907990055582632,46.17571667646253],[14.90637744109532,46.175227086841424],[14.907477078086949,46.17243197142445],[14.911237644961847,46.1693083625189],[14.913916786848025,46.171794104771884],[14.912654554485846,46.16949837619641],[14.91333076032459,46.166882400314044],[14.914858240401335,46.16682727455162],[14.915495694042761,46.165260439742006],[14.917626131948806,46.16604089417673],[14.917526115267021,46.164473879997125],[14.9187835959874,46.163758012752815],[14.91816902755498,46.16265128586814],[14.92,46.162173802350665],[14.92,46.16014444110433],[14.918867268705265,46.16040212944413],[14.918612771003799,46.160000000000004],[14.916384332581773,46.160000000000004],[14.916500498778545,46.16048315617054],[14.915123907910848,46.160000000000004],[14.91401685226005,46.160000000000004],[14.915814659157993,46.160943919539264],[14.91527798532465,46.16156472573672],[14.913292397234473,46.1608011505707],[14.913598515502974,46.160000000000004],[14.91191295405702,46.160000000000004],[14.912216531733453,46.16168720072481],[14.908566170444598,46.16073337441973],[14.909548027118603,46.16161869131142],[14.908930027950856,46.16225477087004],[14.910781816857812,46.16163963353306],[14.914209342211192,46.16294829882207],[14.908174023029167,46.164309988939976],[14.911147710986468,46.16383370949322],[14.913549397798938,46.16485968229911],[14.9075465883626,46.166856187526385],[14.905246890754832,46.16666628218574],[14.907472840594094,46.16742066874845],[14.91187740115648,46.166138239091026],[14.912726523138462,46.166960338633565],[14.90776057869411,46.17029668940551],[14.908006128743573,46.17110492613287],[14.904647862777843,46.17430497864852],[14.906059552842112,46.17437050800402],[14.90476220066169,46.17574743222495],[14.901295404298008,46.17650356401816],[14.8984198224873,46.17564703848904],[14.89739812217986,46.17633942871036],[14.897804194008701,46.17750080195505],[14.899006265655578,46.17773377233902],[14.89864070977261,46.17609425114173],[14.901257124047206,46.176736339773434],[14.90377856275903,46.176446257669916],[14.903204880816764,46.17764531829053],[14.898932607644074,46.17873124732708],[14.898897246358674,46.17958107349205],[14.895840552083541,46.18105141327976],[14.894179253841829,46.17949098763902],[14.89555798019338,46.18187492583152],[14.891625545222226,46.182487745099635],[14.894067920185417,46.18326292822283],[14.897023006250224,46.18154429169814],[14.898294118175416,46.18235724513045],[14.901240296281408,46.181262395752775],[14.8997136009173,46.185495821545366],[14.897279332598655,46.18653994496066],[14.89848664577276,46.188162502498116],[14.895058892871877,46.18765502427035],[14.895344108721442,46.18646820660402],[14.891717604384285,46.187593063040296],[14.89384221592398,46.18629559496752],[14.893449227804552,46.185664603027185],[14.89041290767596,46.18744320354731],[14.890434922734562,46.18831736934176],[14.88720075227409,46.186721807675056],[14.882308429437762,46.18751660829598],[14.880230707742632,46.18595705780595],[14.88,46.186042433731394],[14.88,46.18707624197724],[14.881221750495254,46.18740922850625]],[[14.918019987659596,46.16131816723524],[14.91653029425723,46.162240585505465],[14.915951956371112,46.16188056597894],[14.916976043593788,46.16082543593858],[14.918019987659596,46.16131816723524]],[[14.917182991160221,46.16338368459228],[14.9165355528305,46.16501991117925],[14.914794623310415,46.16447969059501],[14.91556264213732,46.163504722534235],[14.917182991160221,46.16338368459228]],[[14.913674859531149,46.16190652313853],[14.912857703866118,46.16191564987942],[14.913681173335467,46.16157658936775],[14.913674859531149,46.16190652313853]],[[14.905469841314233,46.18145366175103],[14.90721480067717,46.18285109661926],[14.901313657478688,46.18367501310877],[14.902430291624382,46.18225923082811],[14.905469841314233,46.18145366175103]],[[14.900508416929439,46.1799071206137],[14.898854737215187,46.18113349695372],[14.897958669722694,46.18041204544096],[14.900508416929439,46.1799071206137]]]}},{"type":"Feature","properties":{"_zoneType":"SI_BUILT","name":"Pozidano zemljišče","authority":"MKGP","dataSource":"raba-3000"},"geometry":{"type":"Polygon","coordinates":[[[14.918285908659007,46.19530523546323],[14.917404473162275,46.19666504218256],[14.913362527830806,46.19700121041254],[14.912722195047985,46.19816184080431],[14.911033857191889,46.198221578575435],[14.91157350734892,46.19629940140471],[14.910860870293643,46.19751138454861],[14.908291860873112,46.197592279381354],[14.909404410570884,46.196315441076685],[14.908874550073197,46.19582880542927],[14.906530525850687,46.19725122032833],[14.910224767380157,46.199248529580046],[14.908766558093678,46.19937122816703],[14.908670830257291,46.2],[14.909749107087498,46.2],[14.909796631883367,46.19979718760162],[14.913452850892684,46.198186365351226],[14.915505213185417,46.19891657410663],[14.915263328216362,46.19811391118519],[14.916403452312606,46.19743573508853],[14.919503836638116,46.19842594576544],[14.919001139885529,46.19730507404946],[14.92,46.19725708995364],[14.92,46.196690828383275],[14.919404585999157,46.196933048823894],[14.919040467289209,46.19640596422304],[14.92,46.195972648909645],[14.92,46.19553713199011],[14.918285908659007,46.19530523546323]]]}},{"type":"Feature","properties":{"_zoneType":"SI_BUILT","name":"Pozidano zemljišče","authority":"MKGP","dataSource":"raba-3000"},"geometry":{"type":"Polygon","coordinates":[[[14.919957931690616,46.17184844367955],[14.92,46.17176081981591],[14.92,46.171099264737535],[14.919549025493936,46.17208483666639],[14.91987390053351,46.17391318160269],[14.92,46.17407886994458],[14.92,46.17186879797842],[14.919957931690616,46.17184844367955]]]}},{"type":"Feature","properties":{"_zoneType":"SI_BUILT","name":"Pozidano zemljišče","authority":"MKGP","dataSource":"raba-3000"},"geometry":{"type":"Polygon","coordinates":[[[14.917387797323682,46.16876548636198],[14.916962072699107,46.17136873830131],[14.91781559342473,46.17271580947535],[14.915451136739648,46.1721959582507],[14.91492690793711,46.17364995488744],[14.911925959443964,46.17170850108886],[14.91023524606299,46.17537701066882],[14.91161260046309,46.17482391969976],[14.917229297144623,46.176782936318936],[14.919883503575031,46.17688569896171],[14.92,46.176844340457784],[14.92,46.17650833304618],[14.919761452350828,46.17660206103368],[14.917901907425952,46.17558333733676],[14.914996015618042,46.17587904518263],[14.91276141965122,46.17452785226159],[14.913441325922037,46.17355540717493],[14.915655169575835,46.17408276649659],[14.9159471020906,46.1729316589227],[14.918034573691937,46.17291048026544],[14.917302616694052,46.17129597181786],[14.918382470061857,46.16981909777127],[14.92,46.1704818930418],[14.92,46.17019845285894],[14.917387797323682,46.16876548636198]],[[14.911839306816633,46.17331287486175],[14.912624734494269,46.173275752325374],[14.91189282377797,46.17372388704754],[14.911839306816633,46.17331287486175]]]}},{"type":"Feature","properties":{"_zoneType":"SI_BUILT","name":"Pozidano zemljišče","authority":"MKGP","dataSource":"raba-3000"},"geometry":{"type":"Polygon","coordinates":[[[14.91945683692107,46.181599817885214],[14.918780250070386,46.18082758176573],[14.91701099726828,46.18196413482662],[14.915831717548206,46.18142769116794],[14.91756645854202,46.18329448580997],[14.917431898963958,46.18502938373632],[14.915803824699225,46.18490768362968],[14.917661782156538,46.18601460548927],[14.917701836619697,46.1833511496302],[14.91841537382846,46.18315937215571],[14.92,46.184477790026634],[14.92,46.18120143063063],[14.91945683692107,46.181599817885214]]]}},{"type":"Feature","properties":{"_zoneType":"SI_BUILT","name":"Pozidano zemljišče","authority":"MKGP","dataSource":"raba-3000"},"geometry":{"type":"Polygon","coordinates":[[[14.882345770160656,46.170609621021136],[14.883608499255379,46.16890532885267],[14.887465669640761,46.16830746414061],[14.89373447698774,46.16780843327281],[14.896731175384813,46.1683274711913],[14.896890514562367,46.169261691725296],[14.900941138582166,46.1673450274367],[14.897110223468955,46.16735684647496],[14.89755826727205,46.16646238550711],[14.898968460404408,46.16667921441471],[14.898689380947776,46.16466411407335],[14.897990981224492,46.16591655037631],[14.896332350266716,46.166149085447344],[14.896347092996129,46.1678602614046],[14.894187338235312,46.16750883042487],[14.890041747787322,46.16783634759507],[14.88944800458681,46.16647363085592],[14.88800427911112,46.16625989625905],[14.889088026727476,46.16691602883543],[14.888525741167994,46.16755343590748],[14.886877086271733,46.16615131716131],[14.887884844651849,46.16454847533718],[14.887265916555629,46.164132391059916],[14.88585115431826,46.166448508840844],[14.887977806853991,46.16800093549275],[14.883375812807643,46.168673465540245],[14.882372980725515,46.16769627569337],[14.88,46.16850837309756],[14.88,46.169253757806544],[14.882345770160656,46.170609621021136]]]}},{"type":"Feature","properties":{"_zoneType":"SI_BUILT","name":"Pozidano zemljišče","authority":"MKGP","dataSource":"raba-3000"},"geometry":{"type":"Polygon","coordinates":[[[14.882474234108631,46.1655101843895],[14.884409606490902,46.164344442676956],[14.88024607719139,46.164001275209095],[14.881934206794307,46.16499051235772],[14.881324855999681,46.16543357619925],[14.88,46.16504475228208],[14.88,46.165652427687874],[14.882474234108631,46.1655101843895]]]}},{"type":"Feature","properties":{"_zoneType":"SI_BUILT","name":"Pozidano zemljišče","authority":"MKGP","dataSource":"raba-3000"},"geometry":{"type":"Polygon","coordinates":[[[14.893553304717548,46.161803126338526],[14.897114602238874,46.162166321884406],[14.896417205707595,46.16331118596584],[14.89279748950519,46.164286472611614],[14.896727797042196,46.16343366928784],[14.898781147051366,46.16012123485011],[14.89865650706135,46.160000000000004],[14.897429740510121,46.160000000000004],[14.896808162428794,46.1614450539181],[14.893823714473536,46.16163968321095],[14.891854004368996,46.160000000000004],[14.891325063206338,46.160000000000004],[14.893553304717548,46.161803126338526]]]}},{"type":"Feature","properties":{"_zoneType":"SI_BUILT","name":"Pozidano zemljišče","authority":"MKGP","dataSource":"raba-3000"},"geometry":{"type":"Polygon","coordinates":[[[14.89404550445093,46.16048621138995],[14.893707014463482,46.160000000000004],[14.893400051718077,46.160000000000004],[14.89404550445093,46.16048621138995]]]}},{"type":"Feature","properties":{"_zoneType":"SI_BUILT","name":"Pozidano zemljišče","authority":"MKGP","dataSource":"raba-3000"},"geometry":{"type":"Polygon","coordinates":[[[14.880869255980787,46.18139158119916],[14.880443207881807,46.182329905078255],[14.881745856679494,46.18270488910984],[14.882024232888309,46.18024766414962],[14.884364588362692,46.1807239251797],[14.885073341790179,46.1816295907592],[14.884307700810515,46.182258280532594],[14.886177529168087,46.181178390727304],[14.888618112778989,46.18188732740436],[14.88745580817512,46.18079069550287],[14.887716130780005,46.17962022292173],[14.886487126285774,46.1806708043307],[14.882659673492375,46.179770812751876],[14.887367308311214,46.17687592868215],[14.88097908779246,46.18026649036768],[14.88,46.18032130359502],[14.88,46.18134285575933],[14.880869255980787,46.18139158119916]]]}},{"type":"Feature","properties":{"_zoneType":"SI_BUILT","name":"Pozidano zemljišče","authority":"MKGP","dataSource":"raba-3000"},"geometry":{"type":"Polygon","coordinates":[[[14.947201416117322,46.039790384510354],[14.947087792113836,46.04],[14.94722136714841,46.04],[14.947201416117322,46.039790384510354]]]}},{"type":"Feature","properties":{"_zoneType":"SI_BUILT","name":"Pozidano zemljišče","authority":"MKGP","dataSource":"raba-3000"},"geometry":{"type":"Polygon","coordinates":[[[14.959332244966376,46.042853400702825],[14.959728856271397,46.04490893390738],[14.955712214812651,46.045392881772756],[14.954335016823537,46.04621929374196],[14.951080973152736,46.04476079374037],[14.948912143543893,46.04647334975492],[14.947773207931542,46.04579791467644],[14.94722136714841,46.04],[14.947087792113836,46.04],[14.946473849989289,46.04113261084896],[14.943355738354283,46.04062353631867],[14.943030748264889,46.04149775121405],[14.946538189752868,46.04220458499991],[14.947300500398688,46.045377922733735],[14.946670752753047,46.046207165473426],[14.949373368550546,46.047052052570436],[14.95137698561082,46.04565173489116],[14.95460212968015,46.04703531688421],[14.955901112706064,46.04559517733645],[14.958245013609131,46.04631474653445],[14.956250822603224,46.04682362753507],[14.954958249818011,46.04849725097842],[14.946042759057638,46.0484955974628],[14.945543082980777,46.04796336803522],[14.946383672750748,46.04749954128131],[14.945236551724781,46.04744855899495],[14.94491693253177,46.049325360425435],[14.938488754693243,46.050305575906826],[14.947821441727983,46.05037032813071],[14.948275644779068,46.052131145893284],[14.958753563916474,46.05385483366545],[14.96,46.05543865860226],[14.96,46.05486027864998],[14.959034169668042,46.0536808810181],[14.948735567882594,46.051962708478996],[14.948302524388412,46.050235382709225],[14.945538194952714,46.049914191231224],[14.946608023493487,46.04877225626227],[14.955061981071669,46.048750260631216],[14.96,46.04595828106381],[14.96,46.042382621989695],[14.959332244966376,46.042853400702825]]]}},{"type":"Feature","properties":{"_zoneType":"SI_BUILT","name":"Pozidano zemljišče","authority":"MKGP","dataSource":"raba-3000"},"geometry":{"type":"Polygon","coordinates":[[[14.957870488397063,46.06080704497991],[14.956014701028167,46.05971376922461],[14.954242061908325,46.06184950805947],[14.951864975716186,46.06289805643219],[14.94806621757078,46.06236091576762],[14.948248617124877,46.064169031469156],[14.943735342849918,46.06469675466308],[14.943742213743443,46.06327896987837],[14.948188182124445,46.06146797595617],[14.948584278657973,46.05994616102326],[14.951726985211103,46.05959822527722],[14.952962153464552,46.05606278950994],[14.945476887107123,46.05665172883493],[14.943653897534142,46.0545013871533],[14.94214799202628,46.05620588605732],[14.93995297774278,46.05555815481583],[14.939187403460853,46.05776523437015],[14.936706021753075,46.05866194882785],[14.935167697078269,46.055362333019694],[14.932347961024211,46.05671520122473],[14.930195124184108,46.05559449852561],[14.929800705500009,46.05659821282861],[14.928421426645047,46.056738948336196],[14.929069121182618,46.05922454290753],[14.928077620007882,46.05996493686166],[14.924587188916677,46.058085780490515],[14.922495548796766,46.058408578933786],[14.925856554763385,46.05624320191655],[14.924780388929223,46.05526319117087],[14.92525284867732,46.05288324611385],[14.92446079040865,46.053679731101674],[14.920034296114572,46.052632346214615],[14.922885236730453,46.05140453441845],[14.922228298454165,46.05090721314065],[14.92,46.05233951990269],[14.92,46.053505542058836],[14.92275642944548,46.053468339325825],[14.925368861890092,46.05644126725235],[14.922662902085886,46.057326057860685],[14.920393540538788,46.059784206639755],[14.92,46.05970916178234],[14.92,46.060349405541245],[14.921230959736272,46.06160789479442],[14.921533203027495,46.064822670040186],[14.92,46.06539145867647],[14.92,46.06601145183035],[14.923440708684925,46.066039988001926],[14.923268439894645,46.06695025659805],[14.924738205939585,46.06661197235694],[14.92525912695739,46.06798345649645],[14.927133685586387,46.06743169755859],[14.926893382817982,46.06621507959214],[14.92468859359444,46.06631555984252],[14.925403940522775,46.065075748384885],[14.923260677334003,46.06514710606155],[14.921447958346315,46.0633300054554],[14.923794637283901,46.05845394056378],[14.928258184924402,46.060230609147396],[14.929442443283213,46.059270230172395],[14.929078468048035,46.05710381963668],[14.930608056622066,46.056104651991674],[14.932069538628694,46.05700373756092],[14.934924559879272,46.056164986626385],[14.936501526003317,46.05891376684212],[14.939673930444403,46.05790933398906],[14.940231095298,46.05603264918402],[14.942353059879892,46.05643365549845],[14.943525446333823,46.055044425386626],[14.945323589909682,46.0568977146447],[14.952298472924664,46.05646784133405],[14.951065773562448,46.0592810473828],[14.948300067121634,46.0597446355978],[14.94784570303649,46.061169390465516],[14.943651403122134,46.062984990489504],[14.942847937273203,46.06466925752401],[14.941378608312892,46.06520638945519],[14.940229228645046,46.06684488074013],[14.941438900255177,46.06817303433123],[14.939995482781377,46.06919714873363],[14.938820705131691,46.06912128440522],[14.937349604833598,46.06682268013592],[14.935823136256023,46.06649888337884],[14.935722038427281,46.06436937977614],[14.936828751387509,46.062996142687744],[14.935482424864572,46.06404884086094],[14.935510146395128,46.06662652445044],[14.937248004312067,46.06713548947307],[14.937032154704276,46.0683344461096],[14.938750563035697,46.06949379068252],[14.9406738736701,46.070098372831986],[14.942383922131942,46.06921145591754],[14.94451806957263,46.071136896434496],[14.948845373742838,46.0701736677826],[14.945577463642687,46.07364517370284],[14.938799014051881,46.0735069323664],[14.93681243734698,46.072422224638096],[14.932680540437554,46.07146370448172],[14.930818035182062,46.07195219558245],[14.92824026808802,46.07380994413967],[14.924021600713761,46.07375649411494],[14.92,46.07557907640501],[14.92,46.077762182718345],[14.92192124895532,46.076325109074496],[14.921435077107795,46.07552326465774],[14.922624213547445,46.07455044890661],[14.92466292032735,46.07395197374425],[14.924671119636244,46.07501892195077],[14.926477716029087,46.075304074429184],[14.920375232839266,46.07851454085818],[14.92,46.078099551474224],[14.92,46.08],[14.921131355495563,46.08],[14.921163123141131,46.07947648006441],[14.923041041692349,46.077695434613595],[14.9258602524886,46.07613744347897],[14.930133219933742,46.076625612699985],[14.932805280364668,46.075893740730315],[14.934353403443207,46.076534234431335],[14.932864908203422,46.0778307938138],[14.9390793097289,46.077557930757294],[14.9383715686021,46.07899338593461],[14.93531522169783,46.07994230745631],[14.939415425809443,46.07873160640956],[14.942170015813904,46.07980451277488],[14.941916312333525,46.078431746787636],[14.94508911639024,46.0788362152662],[14.946979568627022,46.08],[14.95042347905495,46.08],[14.950538679055338,46.07917639001498],[14.951683669691427,46.07946137574841],[14.950610179660396,46.08],[14.95356863869759,46.08],[14.953251560247486,46.07961267218635],[14.953884500463845,46.07933935726062],[14.954416061721668,46.08],[14.95538703254133,46.08],[14.955974744423251,46.07982347966368],[14.954243526074837,46.0791993062047],[14.953701253491381,46.07788655417],[14.95880629546694,46.07473194375717],[14.96,46.07457300328504],[14.96,46.074462918703595],[14.958100081336411,46.07473142956065],[14.956343445609795,46.07399584057445],[14.955079603888297,46.07662486826777],[14.953928030312643,46.07649623174489],[14.954279942149764,46.07714707889069],[14.952887917865727,46.07845738150109],[14.951493706966298,46.078727861704614],[14.950432130751485,46.077709390378466],[14.949731996916755,46.07886653679403],[14.947411476779342,46.0783563388],[14.943380723375082,46.07829268754262],[14.943334611162117,46.07736981014932],[14.94512761009399,46.07710042319653],[14.942812458651893,46.07684957717811],[14.942644568008145,46.07569150706434],[14.94214042935425,46.07699548986611],[14.940565438948559,46.077502606429334],[14.937810180483769,46.07692869796958],[14.937506826662984,46.07586127364823],[14.935910886058624,46.07659517084065],[14.934512512736921,46.07560763484551],[14.935414578926352,46.0736083928762],[14.931858590808895,46.0743908606464],[14.931558255048307,46.075581624252564],[14.928144240214387,46.07540417386238],[14.930893109136933,46.072241290646126],[14.932511356685778,46.07170752617035],[14.933808881454882,46.072985795843294],[14.935507434050297,46.07234835435184],[14.937611438475155,46.073233590806154],[14.937228542291082,46.0742655827721],[14.938084591116455,46.074511567393806],[14.940859757741867,46.07359505852648],[14.944794497959274,46.07428296650835],[14.947520211249254,46.072847099744784],[14.950495327669804,46.06950578456279],[14.950814930194205,46.072853256927154],[14.95544608227401,46.0705811458015],[14.958796476427475,46.07276372944653],[14.96,46.073006270583065],[14.96,46.069586515717],[14.959592664755549,46.07252126625429],[14.957402583341041,46.070867555987604],[14.958105068692381,46.07023283518515],[14.956647655261442,46.06965854689835],[14.957297868074123,46.070714967077464],[14.95537361062783,46.07034057402173],[14.953081878311405,46.070731893650255],[14.95077783197925,46.07204778095892],[14.951691191015323,46.069591577485205],[14.951046201462681,46.06895656590806],[14.9445248160466,46.070880319039844],[14.943005769073196,46.068917662035496],[14.941508786722299,46.068845760281555],[14.942303905619442,46.06766340447454],[14.94056764884714,46.066602177591484],[14.942543688019969,46.06505388479951],[14.948209181644446,46.064439480986714],[14.9497237077506,46.0629043000265],[14.951336736159124,46.06331875391667],[14.954158769368206,46.06224756327695],[14.955709974280449,46.060121118790526],[14.957936845329733,46.06107291681677],[14.96,46.05973714650617],[14.96,46.0592230625687],[14.957870488397063,46.06080704497991]],[[14.94813097289426,46.07890581120575],[14.947735761064765,46.07928408911677],[14.947082445240094,46.0786267516979],[14.94813097289426,46.07890581120575]],[[14.94124605028697,46.06898102248217],[14.941372352092735,46.06932892995137],[14.940238972348592,46.06943360395806],[14.94124605028697,46.06898102248217]],[[14.927947996962391,46.074216501648536],[14.927781844833538,46.074556832860445],[14.927203531081059,46.07402868116584],[14.927947996962391,46.074216501648536]],[[14.926357560058896,46.07427277941884],[14.925866111042577,46.07474573917467],[14.925345905136398,46.073958462022205],[14.926357560058896,46.07427277941884]],[[14.92195693700221,46.05930897750816],[14.922439485019062,46.06055862605569],[14.920834300841543,46.06012170730926],[14.92195693700221,46.05930897750816]]]}},{"type":"Feature","properties":{"_zoneType":"SI_BUILT","name":"Pozidano zemljišče","authority":"MKGP","dataSource":"raba-3000"},"geometry":{"type":"Polygon","coordinates":[[[14.959587324192155,46.08],[14.96,46.08],[14.96,46.07967128857305],[14.959587324192155,46.08]]]}},{"type":"Feature","properties":{"_zoneType":"SI_BUILT","name":"Pozidano zemljišče","authority":"MKGP","dataSource":"raba-3000"},"geometry":{"type":"Polygon","coordinates":[[[14.95969509727245,46.06728366477839],[14.958502514529451,46.06639450719409],[14.957739586566653,46.0672136542851],[14.959136081408648,46.06809325201158],[14.958189668657196,46.06949636868771],[14.96,46.06901184311917],[14.96,46.06717992175666],[14.95969509727245,46.06728366477839]]]}},{"type":"Feature","properties":{"_zoneType":"SI_BUILT","name":"Pozidano zemljišče","authority":"MKGP","dataSource":"raba-3000"},"geometry":{"type":"Polygon","coordinates":[[[14.956895644367336,46.09609888241356],[14.96,46.0976826699952],[14.96,46.09734061120003],[14.951133803296399,46.091320261747235],[14.95523922729173,46.08631652171471],[14.956496968701048,46.08405260857355],[14.956452852228086,46.08287327876807],[14.95911922504265,46.08089211795164],[14.96,46.081088466983445],[14.96,46.08],[14.959587324192155,46.08],[14.956203473941631,46.082695360918386],[14.95607018355097,46.084035606733764],[14.954675154935867,46.08416073155889],[14.954344746051586,46.08174890535149],[14.954912766154298,46.080142446774886],[14.95538703254133,46.08],[14.954416061721668,46.08],[14.954538115731236,46.08015169294986],[14.95387562743618,46.080375002706404],[14.95356863869759,46.08],[14.950610179660396,46.08],[14.950409387269707,46.08010074769959],[14.95042347905495,46.08],[14.946979568627022,46.08],[14.947699049372524,46.08044292084803],[14.950916242764674,46.080483346656585],[14.950220855418785,46.08142920858835],[14.951629752433162,46.083618705479594],[14.952393457460479,46.08136972566907],[14.953981833149971,46.08106039188493],[14.95421590582306,46.085339180310264],[14.955000721862598,46.08576161308343],[14.950530837155956,46.09139775594357],[14.948711489066055,46.09083495507659],[14.948565060073149,46.091592070675645],[14.944137210607982,46.09176388333682],[14.937713435974086,46.09063955051364],[14.925770642625194,46.092217402255194],[14.923936048785295,46.09155031690192],[14.92397677694725,46.089334778544284],[14.923076870909092,46.08660669024728],[14.920870423079323,46.08430007699019],[14.921131355495563,46.08],[14.92,46.08],[14.92,46.08086999224321],[14.920479041248896,46.0818943480617],[14.92,46.08329636047653],[14.92,46.08482173389504],[14.921534164407843,46.08554136656549],[14.923410816367754,46.088518731232334],[14.923309908504338,46.091735928234485],[14.92,46.09150278254812],[14.92,46.091786702606115],[14.920424517436881,46.09168140491421],[14.925273426227518,46.092635350710395],[14.924821840059062,46.09293989047576],[14.92,46.09262168254915],[14.92,46.092949577117054],[14.921242891443294,46.09315926267148],[14.922707247405844,46.09520219589997],[14.921609896545077,46.09712453200615],[14.92,46.097980699661235],[14.92,46.0992594918501],[14.920124218085276,46.098761951618464],[14.922109162451637,46.09705892259122],[14.92392285618153,46.0941273598768],[14.937536839848086,46.09196687052095],[14.947586098795101,46.0935470483572],[14.953876542560337,46.09576906145639],[14.96,46.10280655974751],[14.96,46.10167822896422],[14.957938889127265,46.100068896949956],[14.954792733345222,46.0959058532115],[14.956311579502332,46.09608200359143],[14.96,46.101120195819355],[14.96,46.10048270724717],[14.956895644367336,46.09609888241356]],[[14.95553778592428,46.09476657449586],[14.954893799274615,46.09494247529893],[14.953940102697585,46.09411312782886],[14.954668119190275,46.094044755971034],[14.95553778592428,46.09476657449586]],[[14.952754301248232,46.0944818573483],[14.948198166781507,46.09341747221999],[14.950948896414577,46.093364892985505],[14.952754301248232,46.0944818573483]],[[14.951238856110844,46.08162226701582],[14.951161632071434,46.081163470093095],[14.951938324106859,46.08154772980325],[14.951238856110844,46.08162226701582]],[[14.948457804443581,46.09224540177694],[14.948770957503015,46.09193306967122],[14.95004654479195,46.09277328085037],[14.948457804443581,46.09224540177694]],[[14.948042875361338,46.09292594943653],[14.94077911956499,46.09244929370263],[14.936871596333134,46.09167014215824],[14.938294851037316,46.090941571171285],[14.948042875361338,46.09292594943653]],[[14.935472337641466,46.09127772455402],[14.935287201939506,46.09163025021903],[14.934011900660348,46.09128132668336],[14.935472337641466,46.09127772455402]],[[14.931101377869796,46.092171579986186],[14.930863971132055,46.09251245316784],[14.928712902334023,46.09226375187138],[14.931101377869796,46.092171579986186]],[[14.924341533815468,46.09348857530529],[14.92380744648929,46.09387406834479],[14.923490044047943,46.09317702195891],[14.924341533815468,46.09348857530529]]]}},{"type":"Feature","properties":{"_zoneType":"SI_BUILT","name":"Pozidano zemljišče","authority":"MKGP","dataSource":"raba-3000"},"geometry":{"type":"Polygon","coordinates":[[[14.92105174152028,46.10112363445178],[14.92,46.10152707535954],[14.92,46.10256112395081],[14.921515140998928,46.10079826017154],[14.92,46.09978335675575],[14.92,46.100161445516164],[14.92105174152028,46.10112363445178]]]}},{"type":"Feature","properties":{"_zoneType":"SI_BUILT","name":"Pozidano zemljišče","authority":"MKGP","dataSource":"raba-3000"},"geometry":{"type":"Polygon","coordinates":[[[14.959768249050864,46.110994596803245],[14.96,46.11238337253356],[14.96,46.110588340462456],[14.959768249050864,46.110994596803245]]]}},{"type":"Feature","properties":{"_zoneType":"SI_BUILT","name":"Pozidano zemljišče","authority":"MKGP","dataSource":"raba-3000"},"geometry":{"type":"Polygon","coordinates":[[[14.956794015594923,46.11489188768997],[14.951008301605944,46.1141041498476],[14.951529681417465,46.11136609733175],[14.955394953556493,46.11018478502734],[14.953739697351466,46.10949783768148],[14.951576423300255,46.11097962464031],[14.948908673905713,46.110428960142094],[14.949591170725068,46.107767710310796],[14.951827378527565,46.107116601716186],[14.951915286995472,46.10618705374111],[14.949609222652319,46.10727358812069],[14.948695586828784,46.108833303548685],[14.948650205805533,46.1105982361734],[14.951098653462884,46.111383430280014],[14.950581868486879,46.113919235299086],[14.947414900062777,46.113419130114735],[14.945916347021665,46.112487016050444],[14.946322486558108,46.11181753817628],[14.944318977256872,46.11141512910569],[14.943360139975594,46.10669246386442],[14.946718358947667,46.10519077498808],[14.946156728820055,46.10429449694548],[14.948582536462885,46.103909182413595],[14.945792421075693,46.10371909925918],[14.945458624654467,46.101439526833175],[14.944458483415712,46.103686441104784],[14.945231053638054,46.104725085482016],[14.942708469558681,46.10682004343228],[14.944040675572426,46.11186553031155],[14.945405242754692,46.11313393879651],[14.944022596842208,46.11347391630182],[14.94252461217574,46.11172981565731],[14.941521477582707,46.11183961768367],[14.9404797601808,46.10947803653004],[14.94223365665356,46.10919952789808],[14.938237768622121,46.107713186557135],[14.939360726863898,46.10559369135682],[14.941466636243048,46.10479650749844],[14.937378287959413,46.10573439480116],[14.936149087520352,46.10950567275148],[14.93401761013236,46.110234806791915],[14.933911633999195,46.10877174835952],[14.932912992373668,46.11122637439326],[14.93009723157109,46.11072554550127],[14.931239638606483,46.10771799636254],[14.929848176627422,46.108196596804184],[14.93008295948131,46.10915043694593],[14.92872543187073,46.1104393223978],[14.927393109895664,46.11061285400787],[14.92661483778351,46.10912382623651],[14.925454158147701,46.110177017176476],[14.922829406810918,46.106665110786395],[14.927863443276111,46.10509515605695],[14.9299960008493,46.10316199483858],[14.92931098628954,46.10302521176276],[14.92164107361917,46.10632376354141],[14.92169576430717,46.10781318332156],[14.924915929819747,46.10989569795236],[14.921169576871192,46.11109616867328],[14.92623860343304,46.110611812888536],[14.926561782480185,46.11144110802472],[14.924285326734331,46.112533897101294],[14.92415010413741,46.113493383499836],[14.92765616951018,46.11153457364949],[14.932362132972116,46.111823326523904],[14.928058966045448,46.11442261556314],[14.922142608212651,46.115039089917225],[14.92,46.11421161925268],[14.92,46.11485518825285],[14.921750946320643,46.115288074714634],[14.924170458298438,46.117829921043345],[14.924100062580365,46.11974732093463],[14.925534068902815,46.11892138114809],[14.922400067261101,46.11534693293839],[14.925715060415149,46.11574552524309],[14.925925078017958,46.11483380405102],[14.927652343544507,46.114893206719024],[14.931013240259881,46.112823144897774],[14.934153540512012,46.11318205890256],[14.933498540728289,46.112057055806254],[14.936528532966246,46.11119234781359],[14.939987778355203,46.112858144971284],[14.940887591446513,46.11194053750243],[14.942268773049296,46.112851978008756],[14.9414873894578,46.114878809184226],[14.93804652351517,46.1130635200403],[14.93874284925334,46.115210861208126],[14.93678736321477,46.11518490979897],[14.93942870805235,46.11585450568075],[14.937945179530105,46.1173650771802],[14.938227755945464,46.118550199040975],[14.939958043606214,46.117910452419075],[14.939784869060254,46.11624125669614],[14.941179950160825,46.11551716607068],[14.942422657392829,46.11669520353921],[14.943488396003533,46.11647605176808],[14.94222377504246,46.1159554790838],[14.943002540822434,46.113141799429926],[14.94404454032984,46.11380027068461],[14.94786661850415,46.113828449041684],[14.947907912114928,46.115214108981505],[14.950721104402172,46.11439423506204],[14.950612050327438,46.1159476005221],[14.953446915376762,46.116682927697454],[14.95270409801227,46.11897563115157],[14.95398441829646,46.118194811963605],[14.954602555665497,46.11871875727064],[14.953075642601302,46.12],[14.954659500616202,46.12],[14.95355741828511,46.11995438765189],[14.954932243248841,46.119035007130705],[14.955202967799686,46.11786030427366],[14.959364482320996,46.1196035823664],[14.959389322103739,46.12],[14.959592846055333,46.12],[14.959424906021793,46.11912012617236],[14.954309312619774,46.11737114502953],[14.955723278589723,46.115806335689705],[14.95720194208967,46.115826668393396],[14.96,46.11801467893072],[14.96,46.117475350775386],[14.956794015594923,46.11489188768997]],[[14.940165405889262,46.111259167363954],[14.93746184342568,46.110549638560336],[14.936694225107889,46.10884530639115],[14.938374425922452,46.10836188000147],[14.940165405889262,46.111259167363954]]]}},{"type":"Feature","properties":{"_zoneType":"SI_BUILT","name":"Pozidano zemljišče","authority":"MKGP","dataSource":"raba-3000"},"geometry":{"type":"Polygon","coordinates":[[[14.949673366131,46.117966654014865],[14.949585654290859,46.11943978704814],[14.950225268354739,46.12],[14.951135960976757,46.12],[14.949673366131,46.117966654014865]]]}},{"type":"Feature","properties":{"_zoneType":"SI_BUILT","name":"Pozidano zemljišče","authority":"MKGP","dataSource":"raba-3000"},"geometry":{"type":"Polygon","coordinates":[[[14.948348467388676,46.11804693992364],[14.947716367813475,46.11855279024117],[14.948104383192451,46.12],[14.948890567337967,46.12],[14.948348467388676,46.11804693992364]]]}},{"type":"Feature","properties":{"_zoneType":"SI_BUILT","name":"Pozidano zemljišče","authority":"MKGP","dataSource":"raba-3000"},"geometry":{"type":"Polygon","coordinates":[[[14.959428149654881,46.15742526693721],[14.959878736194522,46.15346760498838],[14.96,46.153467572452264],[14.96,46.15300685305431],[14.959982028428612,46.153011717075366],[14.959303137288675,46.15191300188968],[14.96,46.151555539019405],[14.96,46.150851522809575],[14.959183724231488,46.150861013560274],[14.958203428113807,46.15222729321521],[14.957003721241948,46.151646954355904],[14.953419921216103,46.15308818370909],[14.952823141207407,46.15207472560428],[14.951201169695551,46.15329332243694],[14.94875541303005,46.151010649780595],[14.948789985621104,46.14639757354175],[14.95078868919139,46.1445988218196],[14.952188026947532,46.14433498540528],[14.951956033510404,46.14518629329127],[14.958539174106525,46.14323700759771],[14.96,46.14335663750701],[14.96,46.14198483742966],[14.958330717790481,46.14300466891242],[14.957431945753289,46.142893990549915],[14.95945095190621,46.1415173919197],[14.96,46.14166724104479],[14.96,46.138582547217226],[14.95958258322036,46.1387675848867],[14.957714813615917,46.138452991906824],[14.959857053574124,46.13690870429888],[14.96,46.13701287065486],[14.96,46.13575151546387],[14.957378836426608,46.1356930510945],[14.957277090597223,46.137392631686296],[14.954227318858251,46.13785303302405],[14.952874179204805,46.138824317838896],[14.953135209047698,46.13956480483442],[14.950569594296207,46.140352253990876],[14.953242854616633,46.14238097323851],[14.949493744428063,46.14346507198992],[14.945509814897099,46.143905469746265],[14.943897329313224,46.14280760676838],[14.948487316473301,46.14070055286341],[14.948975883991608,46.13981153423696],[14.947454066551657,46.140695188309074],[14.945633024530537,46.139968858184254],[14.9473578624793,46.138839770703655],[14.948304655247304,46.139208481183694],[14.949541007485903,46.13756744657036],[14.952542787610536,46.137012635301154],[14.952597783204553,46.135350452476594],[14.950645217344137,46.13634742230655],[14.95109876535647,46.13717753569647],[14.949269731425478,46.13738047285102],[14.943483215217725,46.1409694162406],[14.941522289170914,46.1413156302724],[14.941335388506012,46.140506721478246],[14.938151027455211,46.14133213469364],[14.936679587229145,46.14323346344925],[14.934515203089768,46.141791619781],[14.935595858249261,46.14084437138484],[14.925075324611512,46.142974341657485],[14.92,46.140905153318045],[14.92,46.14151282191936],[14.921076983752346,46.14251920730419],[14.925282203541578,46.14357665443851],[14.923415057725034,46.144037696151386],[14.92,46.14313811441421],[14.92,46.14395870735871],[14.921434338639859,46.143591492533666],[14.923837846879016,46.14467018253968],[14.922946760353389,46.1473162833209],[14.92,46.147964285411156],[14.92,46.149104100180715],[14.928115057244863,46.14964315368164],[14.929688719010835,46.15178556031773],[14.928237365191254,46.15473571250035],[14.923938350938306,46.15520483783376],[14.928247237243756,46.15253591232472],[14.92756560653699,46.151728609285335],[14.922419747725936,46.15558843425382],[14.92,46.1564573139424],[14.92,46.15666041158188],[14.920746697222425,46.156207666234074],[14.925664441646362,46.15670468864033],[14.923813246934909,46.15780787795561],[14.923196996447096,46.15941714707561],[14.92063492573719,46.160000000000004],[14.92516853828043,46.160000000000004],[14.925029907651613,46.15949681928471],[14.926672471648075,46.15786512018752],[14.928703548059495,46.158265370866566],[14.92961268920561,46.157461687794175],[14.93228733710603,46.15940362456367],[14.932124376322077,46.160000000000004],[14.933301767297742,46.160000000000004],[14.932836313738875,46.159457717405076],[14.934909044804323,46.15845995451063],[14.932044051467692,46.157184748976135],[14.93412283140001,46.157295217278225],[14.933234979464267,46.15615082560558],[14.936465430979988,46.15491010345174],[14.946491000518966,46.156444744475706],[14.945165205602176,46.157678916715064],[14.948649782097604,46.15702561644087],[14.950241347081173,46.15805042355917],[14.954062759816459,46.158201921821174],[14.951010195136124,46.156674093361374],[14.949520113861714,46.15724489599032],[14.948620942624013,46.15649699081164],[14.948978567287734,46.15563276619668],[14.947685701391263,46.156384516875406],[14.94591949113801,46.155587037098144],[14.948177660406685,46.154292813250834],[14.945639543197078,46.155057406445174],[14.943802489015749,46.154395687152984],[14.943844429696806,46.153661640229885],[14.947685835577962,46.15203699723797],[14.947977540396648,46.15357168029798],[14.949168281286415,46.15360860658227],[14.94901786784665,46.15207197869577],[14.95138617677945,46.15390020856907],[14.952894051835578,46.1536535987624],[14.953159404958749,46.154526891559065],[14.953932029591318,46.15414538873876],[14.953507462661674,46.15335280388304],[14.95705444220381,46.152283740978696],[14.959399391233633,46.15352308845065],[14.958377475067163,46.15509469357159],[14.959239056637017,46.15547941277795],[14.95871629577049,46.156898135466434],[14.957363536484896,46.157449088760444],[14.958984037647518,46.15748354880723],[14.96,46.1594246151736],[14.96,46.15867967057867],[14.959428149654881,46.15742526693721]],[[14.956923338548513,46.142603755130935],[14.95395503295433,46.143943923742846],[14.953386742671045,46.14295315262624],[14.956423589912568,46.14233118327413],[14.956923338548513,46.142603755130935]],[[14.92915924118112,46.14341749175755],[14.93240212775822,46.1446799750983],[14.92886662939008,46.14579914888119],[14.934863872974084,46.14422850598189],[14.937017445091588,46.14473442463664],[14.93775786134088,46.14634844576469],[14.941951226167527,46.147099365580694],[14.94038203650401,46.14612064462119],[14.942630972635744,46.1455168893744],[14.93771058556239,46.145364597946596],[14.941742502678819,46.143339536836805],[14.943664588834297,46.14376339998848],[14.945459081735175,46.14561061481713],[14.94560665800077,46.14423593102985],[14.94680610478378,46.14435537042302],[14.94849771144851,46.14779104742099],[14.947727326558907,46.149580069226054],[14.945859701438295,46.150121004647595],[14.93860992678615,46.14827138268966],[14.930867299406259,46.14929298997338],[14.92429827139898,46.14741920165615],[14.924744343298757,46.144676385175586],[14.926701942630134,46.14345872915509],[14.92915924118112,46.14341749175755]],[[14.935227101772957,46.14872617615354],[14.937331271758163,46.14858805976505],[14.947317385243624,46.150940793437194],[14.946884463425947,46.15206104423293],[14.943620703084886,46.15342212298823],[14.943242623284613,46.154745136991814],[14.93955060488253,46.155041990082005],[14.93689637184054,46.154512862388415],[14.933910843237015,46.1548598341745],[14.933963388521518,46.15388674489291],[14.93713843753154,46.153314009059315],[14.936029822595652,46.15247865594588],[14.932056632119902,46.15327909341164],[14.930863020277776,46.1512955867889],[14.933639136913802,46.15043893736615],[14.935227101772957,46.14872617615354]],[[14.943630655354106,46.14246396982015],[14.943128555239607,46.142926352749164],[14.942557266154505,46.14231440835408],[14.943630655354106,46.14246396982015]],[[14.936777931485121,46.143982873451584],[14.939782191108035,46.14195088699122],[14.941239545563583,46.14291036794027],[14.939710987207032,46.14435025024818],[14.93500156407496,46.144010026905924],[14.935399288695987,46.143244177130775],[14.936777931485121,46.143982873451584]],[[14.934032760818791,46.1552102331464],[14.932819827303614,46.15577011873058],[14.933047913761394,46.15478324093222],[14.934032760818791,46.1552102331464]],[[14.934001406911547,46.144170904699116],[14.931051280314627,46.14380620437323],[14.929871166193415,46.14291110170887],[14.933056991464836,46.14228705652253],[14.934001406911547,46.144170904699116]],[[14.927439695735586,46.15698186956421],[14.926844307762394,46.15737074292183],[14.926207272877523,46.15711269264152],[14.926737051317875,46.1563404917175],[14.927439695735586,46.15698186956421]]]}},{"type":"Feature","properties":{"_zoneType":"SI_BUILT","name":"Pozidano zemljišče","authority":"MKGP","dataSource":"raba-3000"},"geometry":{"type":"Polygon","coordinates":[[[14.951866042831341,46.121014983070765],[14.951135960976757,46.12],[14.950225268354739,46.12],[14.95076149324964,46.12046965842091],[14.948976667195351,46.12031019776751],[14.948890567337967,46.12],[14.948104383192451,46.12],[14.948262178090408,46.120588539343004],[14.94299467271294,46.12057103919684],[14.939214794805375,46.12164332088606],[14.936519059600139,46.123297732189876],[14.936881240320279,46.12406266491942],[14.934822321977864,46.12559910203406],[14.934075834776367,46.12701496986774],[14.93266502827959,46.12722515026098],[14.929996097975677,46.128507693679246],[14.929453984426077,46.130189636363966],[14.932865653967749,46.127413737913194],[14.934175881556813,46.128095292754544],[14.935141250162602,46.125713762270905],[14.939452308070601,46.121860180915014],[14.94301318910156,46.120809089520506],[14.947872603477812,46.12088315289364],[14.951820747855626,46.12226959562483],[14.95192135045477,46.12370414157121],[14.9499106426116,46.12363096317373],[14.95086898566774,46.12491752491293],[14.948381927107912,46.128555036644386],[14.94481668007913,46.131153613350406],[14.941768327252072,46.130517389241646],[14.946293389303223,46.131602056864715],[14.946206282689605,46.130204815189764],[14.949114999583088,46.12826066243642],[14.951308521298843,46.12437039900698],[14.952848644492265,46.12427659088664],[14.953237095450381,46.125480822099526],[14.95356017265819,46.12410625735844],[14.955891113734841,46.12341872265984],[14.953323444965333,46.121989120452874],[14.954882811122168,46.1206244523953],[14.956429038582689,46.12093344445479],[14.956585926093688,46.12007972978697],[14.954659500616202,46.12],[14.953075642601302,46.12],[14.951866042831341,46.121014983070765]]]}},{"type":"Feature","properties":{"_zoneType":"SI_BUILT","name":"Pozidano zemljišče","authority":"MKGP","dataSource":"raba-3000"},"geometry":{"type":"Polygon","coordinates":[[[14.959475334091175,46.12137266371751],[14.958089574666662,46.122657723499195],[14.95872847537727,46.1234949314976],[14.957042715307452,46.1251716566917],[14.95798727905156,46.12644189083919],[14.958805244366461,46.12547160003452],[14.96,46.12559479065643],[14.96,46.125328380689965],[14.959272181575734,46.125127551526695],[14.96,46.12422148602062],[14.96,46.12371747879021],[14.959324062280718,46.12379070562091],[14.958506526901493,46.12270823099643],[14.959872934744533,46.12146744466967],[14.959592846055333,46.12],[14.959389322103739,46.12],[14.959475334091175,46.12137266371751]]]}},{"type":"Feature","properties":{"_zoneType":"SI_BUILT","name":"Pozidano zemljišče","authority":"MKGP","dataSource":"raba-3000"},"geometry":{"type":"Polygon","coordinates":[[[14.920279945101464,46.131441457985915],[14.92,46.13158324269897],[14.92,46.132274332988516],[14.920282977519268,46.132182384275296],[14.921122682653131,46.131093288649645],[14.920654844885174,46.12917035090918],[14.92,46.129072141434555],[14.92,46.131173365951824],[14.920279945101464,46.131441457985915]]]}},{"type":"Feature","properties":{"_zoneType":"SI_BUILT","name":"Pozidano zemljišče","authority":"MKGP","dataSource":"raba-3000"},"geometry":{"type":"Polygon","coordinates":[[[14.921224506034106,46.12778919484656],[14.923077565279657,46.132223902382734],[14.92193274662326,46.13390856013207],[14.92577080655013,46.1309991870789],[14.924319062835355,46.12984720613996],[14.925123998881542,46.13102143295285],[14.923296881535181,46.131591015509294],[14.921506467021738,46.12756521900244],[14.92,46.12654281782571],[14.92,46.12748374145267],[14.921224506034106,46.12778919484656]]]}},{"type":"Feature","properties":{"_zoneType":"SI_BUILT","name":"Pozidano zemljišče","authority":"MKGP","dataSource":"raba-3000"},"geometry":{"type":"Polygon","coordinates":[[[14.920693556103084,46.12259417372183],[14.92,46.12196936905748],[14.92,46.12255124119931],[14.920693556103084,46.12259417372183]]]}},{"type":"Feature","properties":{"_zoneType":"SI_BUILT","name":"Pozidano zemljišče","authority":"MKGP","dataSource":"raba-3000"},"geometry":{"type":"Polygon","coordinates":[[[14.92,46.159009897813185],[14.92,46.15925076769589],[14.920588746411973,46.15920640013827],[14.92,46.159009897813185]]]}},{"type":"Feature","properties":{"_zoneType":"SI_BUILT","name":"Pozidano zemljišče","authority":"MKGP","dataSource":"raba-3000"},"geometry":{"type":"Polygon","coordinates":[[[14.921916979155037,46.193843743755394],[14.920330441746284,46.19558183689671],[14.92,46.19553713199011],[14.92,46.195972648909645],[14.921360863280375,46.19535809675087],[14.921971757630715,46.19588869742661],[14.92,46.196690828383275],[14.92,46.19725708995364],[14.92191929459312,46.19716488923971],[14.92277622060633,46.1991025975021],[14.922575878715392,46.19731895666404],[14.923765454373221,46.19784192380566],[14.924276736034448,46.19708146943622],[14.925895849490274,46.19814882345411],[14.930513004716806,46.19919191206465],[14.929444408578942,46.19808269369277],[14.925272688627013,46.19750381159018],[14.924493626851302,46.195407210468986],[14.925644970595613,46.195217175694566],[14.922569080359048,46.194417708631605],[14.922996648274891,46.1933547092658],[14.92,46.19191284464868],[14.92,46.192581520359816],[14.921916979155037,46.193843743755394]]]}},{"type":"Feature","properties":{"_zoneType":"SI_BUILT","name":"Pozidano zemljišče","authority":"MKGP","dataSource":"raba-3000"},"geometry":{"type":"Polygon","coordinates":[[[14.923595187503057,46.190569068138025],[14.922785870603287,46.19197230443418],[14.923466018735573,46.19217022270234],[14.924398554119664,46.19035203092975],[14.926274404030798,46.18984892968629],[14.928919759894947,46.19095282150909],[14.927721467141884,46.19223740574115],[14.928894475427619,46.19312944963158],[14.930166128829892,46.19155734600189],[14.931174022966193,46.19175024101395],[14.93089619011209,46.195544115925095],[14.93252952822761,46.19617655304372],[14.931091393148934,46.194562985645305],[14.932888782612741,46.193414394561465],[14.935658873322197,46.19390110066809],[14.93670606685125,46.19660090734131],[14.936836524299984,46.19560793543696],[14.941319939034576,46.19537668255327],[14.94319135650963,46.19421775293492],[14.948575471354616,46.197424675651376],[14.945977219317461,46.19791088053111],[14.946448481479225,46.199040176619285],[14.950815036572266,46.1984105336035],[14.949810811858663,46.196841186340045],[14.948433692103173,46.19703986784194],[14.94525788504543,46.19512309057372],[14.945182536094501,46.194094053377846],[14.946442736162105,46.194204991826155],[14.944158923750791,46.19288229156303],[14.938499835704004,46.19272737007941],[14.937115625316812,46.19178618693187],[14.936697448054472,46.192059447819126],[14.939476137461469,46.19323254904528],[14.938859296529765,46.194663253033106],[14.937009117282559,46.194669831367655],[14.93531718128531,46.19331722106664],[14.932847943871984,46.19300629217423],[14.932879759343653,46.1916389785566],[14.929935849777236,46.1905493139475],[14.930459381620176,46.18982239185514],[14.92531868431121,46.18918636902578],[14.925168909969006,46.187514009093604],[14.923165061518944,46.18554744624649],[14.92378835024303,46.18353968170402],[14.929247680649206,46.18269727831164],[14.925897782917259,46.1822316578798],[14.926111777969146,46.1814954595669],[14.9312325443575,46.181717880155105],[14.930957145598757,46.18332884271378],[14.935094199203585,46.18542980632058],[14.935764363605806,46.186388259113485],[14.934919910858872,46.186918483739674],[14.936269415015573,46.18722483064466],[14.937041214564154,46.18656933539307],[14.93596241637203,46.185584418052706],[14.938685729095337,46.184804317629904],[14.94111073355567,46.18308145777876],[14.938008081073873,46.184777861206534],[14.934930175026162,46.18413859811726],[14.937753915604102,46.18343975362726],[14.935034765504021,46.18361689858671],[14.933519208368855,46.18453242777769],[14.931414144259824,46.18062198719373],[14.93600283114959,46.182618056532476],[14.940520241174367,46.18241953297108],[14.943014237346926,46.18111763276976],[14.944177759800175,46.181798619533275],[14.942886785972782,46.1827232931435],[14.944314907028751,46.18306925045321],[14.94523720877892,46.18096753691373],[14.950497703669885,46.182022355159916],[14.953018419133695,46.18157211005157],[14.956256051318078,46.18279919378669],[14.96,46.18191245268028],[14.96,46.18077313978035],[14.958346399976444,46.17887820780826],[14.96,46.17920877443286],[14.96,46.178112254534724],[14.95992499953852,46.178161257717505],[14.956567500232827,46.17616266028345],[14.954635385679921,46.17361909861883],[14.959731426113121,46.16939023653576],[14.959058845275672,46.16865464579916],[14.96,46.167609936214795],[14.96,46.16517577219996],[14.957710104597183,46.16906341975996],[14.958150189266844,46.17058779515373],[14.955447493403806,46.17184844882555],[14.95499035188477,46.17146528500385],[14.95626934025828,46.17049261116394],[14.955769915263176,46.16965761389849],[14.95725271168208,46.16603017545276],[14.956884034365912,46.165009161816954],[14.957889192303588,46.164056070520196],[14.955958832903525,46.162172111344894],[14.956450227559353,46.164241821493825],[14.955220704348713,46.166928119679696],[14.956244580474305,46.167594408896875],[14.954868739586171,46.16913983390593],[14.95590841041499,46.1704679610181],[14.954886641111257,46.17099897489774],[14.95063337803377,46.16710539887547],[14.950650427301973,46.165370233730265],[14.952489950428534,46.163395739056135],[14.950415231819443,46.16361532659659],[14.948658536906047,46.165305089170964],[14.947686331599396,46.164967435273596],[14.948233445454157,46.165992612057586],[14.947122986888825,46.167397309745866],[14.945100293789372,46.16677238975363],[14.946122909145126,46.16442340797091],[14.944935452552627,46.16616364953295],[14.942367630079096,46.16719148836591],[14.94027139245279,46.16623661961528],[14.944407052161976,46.16463385481186],[14.944385896077865,46.162718713370275],[14.942648555578346,46.161785695047065],[14.939373114516291,46.16242830401929],[14.940138654515481,46.16329145426798],[14.943066571231737,46.16264862915873],[14.944246107094894,46.16353444120905],[14.942288433503201,46.16350699036797],[14.941605476503794,46.16558071609939],[14.939529215753545,46.16461551383126],[14.940251156171747,46.16583096315176],[14.93889200377918,46.16617448603571],[14.934353994620267,46.16378107393526],[14.934292963101349,46.16295010906927],[14.935626736727091,46.162708735235256],[14.933301767297742,46.160000000000004],[14.932124376322077,46.160000000000004],[14.931576434075927,46.162005263402676],[14.93020083931042,46.16138888324183],[14.930636516019838,46.16039105151496],[14.929704618873949,46.16101568386315],[14.927467342945675,46.16001672180504],[14.926718327122797,46.162586276154634],[14.922741381202222,46.163525233929214],[14.925001735287694,46.164075928342385],[14.92503935963045,46.16641897991863],[14.924155567496534,46.16684206859845],[14.92664401263814,46.17124286675376],[14.927333744574668,46.170961694490174],[14.926685582734493,46.16923048118656],[14.928464146929937,46.168061464665165],[14.925862652484017,46.16838418558248],[14.925377579583593,46.16691895477472],[14.926964444865467,46.166235613608784],[14.925797150967519,46.16568734782352],[14.92576589398456,46.16455254660638],[14.927776929843507,46.16278301392194],[14.928455444946657,46.16063889852752],[14.930581946344773,46.161944784520564],[14.932155451960131,46.16793560357786],[14.934538812860707,46.16787392766499],[14.934745069804594,46.16947873097314],[14.93742883690305,46.16894919352803],[14.939142360537511,46.170930333987876],[14.935618936727714,46.17013479937814],[14.93685572743024,46.17125172165104],[14.937695080448664,46.1742961560615],[14.938572142443544,46.17327639272903],[14.937500818347285,46.17138574151191],[14.940592468053229,46.17282851627105],[14.943714797617918,46.17247577421937],[14.94816804752566,46.17395452281114],[14.951160090001377,46.17698246314959],[14.95391696018695,46.177852544626994],[14.952367772684724,46.18014999258689],[14.950533712967864,46.180088784824555],[14.948223479155036,46.17922198724512],[14.949539625484228,46.177539491579154],[14.946765046062618,46.17913170016851],[14.944185138352225,46.17801853674011],[14.941810382655653,46.175410412254735],[14.943353712453561,46.177375615388534],[14.942563206036386,46.178706111043454],[14.939896002299985,46.17936257067134],[14.93986736253238,46.17753957795426],[14.938639859725068,46.17919755242881],[14.93710363706384,46.17942732096418],[14.938452621130489,46.18068042056557],[14.941247300567348,46.17953857092264],[14.942452890778394,46.18057570120198],[14.93463712626963,46.1814797034673],[14.934078363048535,46.1809004039797],[14.935657909894339,46.180051428870215],[14.933486307350181,46.18007133144483],[14.932361586862509,46.17885797451968],[14.93392477047109,46.177347673926946],[14.934083766625141,46.1750155152952],[14.93211972430107,46.17429506650353],[14.933721994025303,46.17509850854372],[14.933188033090708,46.17597479369335],[14.932020372202595,46.17558767905377],[14.933225630071373,46.17652095155196],[14.932999953854003,46.17778141312523],[14.931470021685875,46.17855260909602],[14.929994734845469,46.17751901121705],[14.930901386248758,46.180372289291405],[14.92805218934002,46.18084651279824],[14.925587867595363,46.17906958182174],[14.926560535979348,46.177386831752926],[14.926454742465529,46.17420483433599],[14.924403490689487,46.175123008789555],[14.92631445965282,46.174941886391636],[14.925243401185712,46.176393171363756],[14.926190505770148,46.17662753121],[14.925808951089303,46.177344359970924],[14.921824140908925,46.177704705566974],[14.9218269093486,46.17597961003361],[14.920689976969063,46.17449092765922],[14.921371708818349,46.17253248453149],[14.92,46.17186879797842],[14.92,46.17407886994458],[14.92142335183525,46.1759490825003],[14.92,46.17650833304618],[14.92,46.176844340457784],[14.920919246138336,46.17651799014248],[14.92152760526373,46.177830440827336],[14.92322140454062,46.178568818816984],[14.922921229011758,46.180073074811894],[14.921279720315633,46.18026280964744],[14.92,46.18120143063063],[14.92,46.184477790026634],[14.92021229845929,46.18465442353662],[14.920611163575819,46.187197167709435],[14.922757590552441,46.18900868641994],[14.92,46.18930653604844],[14.92,46.189752601629294],[14.921379499950145,46.189805760826374],[14.923364076357299,46.189202379885735],[14.922518397609657,46.1875724061055],[14.924948254094327,46.18782016446608],[14.925010758110394,46.189672641552974],[14.923777534128892,46.19025912518328],[14.92,46.190783485737576],[14.92,46.19128774719075],[14.923595187503057,46.190569068138025]],[[14.95955932188882,46.18160875340049],[14.959084217612698,46.18195858418461],[14.958786831396775,46.18119776681882],[14.95955932188882,46.18160875340049]],[[14.957070951449511,46.177976112499834],[14.958044664065435,46.17928088324674],[14.957060503338688,46.17973410413167],[14.9585785710786,46.18079129702176],[14.955811051879055,46.18217543467358],[14.954746197934154,46.181406267716845],[14.95610045082258,46.17833985879808],[14.957070951449511,46.177976112499834]],[[14.933682007834557,46.164121193066514],[14.93556167146297,46.16556954743826],[14.942117839389926,46.167434282574554],[14.944154264189464,46.167416547731854],[14.947017791550143,46.16926826627468],[14.946224391606801,46.167906388968774],[14.949486968578038,46.166078596524954],[14.949542163556018,46.16772432430718],[14.953753017737588,46.170104063261995],[14.953019359656976,46.17082633593506],[14.95471674595683,46.17278915719011],[14.953783062868983,46.174910821380685],[14.955543536304182,46.17505330745164],[14.956083771662449,46.176030383615],[14.955330209470377,46.17871424788928],[14.954232262272479,46.178720313049396],[14.953983970461723,46.1773463990567],[14.951243932207998,46.17634601108187],[14.94924046691758,46.17395606849522],[14.941444846147583,46.17180836638852],[14.937895407098235,46.16882598742876],[14.933441393384141,46.16695033017745],[14.931772826106945,46.163680638543944],[14.934318289527331,46.16229560193309],[14.933682007834557,46.164121193066514]],[[14.955165949091837,46.17975071940707],[14.953879346718669,46.17995740850475],[14.95381570925055,46.178829487659485],[14.955165949091837,46.17975071940707]],[[14.953375280667247,46.1801147782013],[14.95481116875871,46.18067441656654],[14.953953761047538,46.181537646174846],[14.951215033914302,46.18088885190059],[14.953375280667247,46.1801147782013]],[[14.9499087046179,46.18020000598799],[14.949413548530158,46.18059328039027],[14.947423550958462,46.179894293542894],[14.9499087046179,46.18020000598799]],[[14.948303868544466,46.18104211995005],[14.947855715552013,46.18132823710912],[14.947484229014908,46.180548857163245],[14.948303868544466,46.18104211995005]],[[14.944422884163112,46.193611284312475],[14.94340278967222,46.19359983434535],[14.944213700402365,46.19318698278674],[14.944422884163112,46.193611284312475]],[[14.93983043461604,46.19343641532522],[14.943099558074792,46.193501757666816],[14.941388680181975,46.19488137946727],[14.939551351525415,46.194384660673734],[14.93983043461604,46.19343641532522]],[[14.925886146784016,46.18003740320493],[14.925000229532696,46.180530124593275],[14.925553255258945,46.17968837468472],[14.925886146784016,46.18003740320493]],[[14.925486694701112,46.181049182185916],[14.92250748135217,46.18451483790387],[14.921674500756497,46.18359871275545],[14.922636693627918,46.18179732114345],[14.925486694701112,46.181049182185916]],[[14.924369205392269,46.18001689804273],[14.922774814980386,46.18142898243908],[14.921400159148865,46.18072312023297],[14.924369205392269,46.18001689804273]],[[14.92319680009435,46.18656599505701],[14.922262236716408,46.1869463712469],[14.920751396700748,46.18564012167556],[14.921401164779903,46.18453087999918],[14.92319680009435,46.18656599505701]],[[14.920942028589074,46.18190580283926],[14.920037179456672,46.18176881960983],[14.920898412870766,46.18131859456075],[14.920942028589074,46.18190580283926]]]}},{"type":"Feature","properties":{"_zoneType":"SI_BUILT","name":"Pozidano zemljišče","authority":"MKGP","dataSource":"raba-3000"},"geometry":{"type":"Polygon","coordinates":[[[14.959559104425212,46.17595097642946],[14.96,46.17643761393192],[14.96,46.1757155152102],[14.959559104425212,46.17595097642946]]]}},{"type":"Feature","properties":{"_zoneType":"SI_BUILT","name":"Pozidano zemljišče","authority":"MKGP","dataSource":"raba-3000"},"geometry":{"type":"Polygon","coordinates":[[[14.959825155228444,46.16459763435991],[14.96,46.16435070228478],[14.96,46.16281270016293],[14.959529588370579,46.162206784841054],[14.96,46.162069257963694],[14.96,46.16155847212292],[14.957695550707884,46.16187253912117],[14.953995642337244,46.16046959807683],[14.952708804124015,46.16181825407834],[14.956042908690314,46.161282876156434],[14.958109687818153,46.16312443074642],[14.959141225607485,46.16284545553533],[14.96,46.165113500497824],[14.96,46.16463136834168],[14.959825155228444,46.16459763435991]]]}},{"type":"Feature","properties":{"_zoneType":"SI_BUILT","name":"Pozidano zemljišče","authority":"MKGP","dataSource":"raba-3000"},"geometry":{"type":"Polygon","coordinates":[[[14.925380839604651,46.16077057958325],[14.92516853828043,46.160000000000004],[14.92063492573719,46.160000000000004],[14.92,46.16014444110433],[14.92,46.162173802350665],[14.925380839604651,46.16077057958325]]]}},{"type":"Feature","properties":{"_zoneType":"SI_BUILT","name":"Pozidano zemljišče","authority":"MKGP","dataSource":"raba-3000"},"geometry":{"type":"Polygon","coordinates":[[[14.920593726015603,46.170524150974344],[14.92,46.17019845285894],[14.92,46.1704818930418],[14.920237891226646,46.17057937079242],[14.92,46.171099264737535],[14.92,46.17176081981591],[14.920593726015603,46.170524150974344]]]}},{"type":"Feature","properties":{"_zoneType":"SI_BUILT","name":"Pozidano zemljišče","authority":"MKGP","dataSource":"raba-3000"},"geometry":{"type":"Polygon","coordinates":[[[14.937129654579293,46.2],[14.937510391378716,46.2],[14.937000431688647,46.1998757774601],[14.937129654579293,46.2]]]}},{"type":"Feature","properties":{"_zoneType":"SI_BUILT","name":"Pozidano zemljišče","authority":"MKGP","dataSource":"raba-3000"},"geometry":{"type":"Polygon","coordinates":[[[14.968037822839637,46.039798110552624],[14.966450826113324,46.04],[14.967625167835484,46.04],[14.968037822839637,46.039798110552624]]]}},{"type":"Feature","properties":{"_zoneType":"SI_BUILT","name":"Pozidano zemljišče","authority":"MKGP","dataSource":"raba-3000"},"geometry":{"type":"Polygon","coordinates":[[[14.960104821429162,46.03979561683003],[14.960242789902912,46.04],[14.960326747067139,46.04],[14.960104821429162,46.03979561683003]]]}},{"type":"Feature","properties":{"_zoneType":"SI_BUILT","name":"Pozidano zemljišče","authority":"MKGP","dataSource":"raba-3000"},"geometry":{"type":"Polygon","coordinates":[[[14.979690149530269,46.07993096605338],[14.979264989296862,46.079199169474435],[14.982315209497434,46.078216278663255],[14.986763452134428,46.07915732833216],[14.983737714897384,46.07800134936427],[14.983731770459485,46.07574794729281],[14.981474840741994,46.07829860238505],[14.976654260825937,46.07981635911157],[14.97585209257477,46.076571113886146],[14.971074933119178,46.0723220274318],[14.972460439273396,46.071564652016335],[14.974219079913345,46.072585732062166],[14.973912991828554,46.0718102866381],[14.975760378823756,46.070942829492004],[14.976139473330262,46.07187514817766],[14.97778875632509,46.072669864762],[14.98325808154529,46.072935545951644],[14.982820392829368,46.075058408456705],[14.983692034709476,46.07554886083267],[14.984097566585456,46.0739547967191],[14.987364522741407,46.07322326611159],[14.991699036258597,46.071411001237394],[14.993753406016145,46.07198600390589],[14.99555473242647,46.07444316798183],[14.994904075978955,46.076044237469915],[14.99360155402697,46.075669759279194],[14.994373771875372,46.077978174383084],[14.993056350065455,46.07830435414243],[14.999999999999998,46.07956987862681],[14.996091351431595,46.07663783493858],[14.995711723781822,46.075229489318204],[14.996748237104912,46.07337111337074],[14.999999999999998,46.07190517379196],[14.997477562978242,46.07163872011303],[14.996112154307829,46.07327040376222],[14.993981956726058,46.071205228486846],[14.992315806693739,46.07139162102159],[14.997329343040619,46.06776336136566],[14.998617998258295,46.06829243379307],[14.999999999999998,46.06565748010615],[14.992557754664396,46.07074017615985],[14.991012995217616,46.07045111168879],[14.98699218427798,46.07306993073836],[14.983372020952528,46.072660177765],[14.98278538351741,46.070773499845046],[14.981407704730316,46.07198913672817],[14.976374643328379,46.07151914252312],[14.976654495734492,46.069847705501665],[14.979652396034728,46.06768061339275],[14.98131551935126,46.06764292533675],[14.980404688523828,46.066798379341485],[14.98104200096039,46.0660192437599],[14.984133332584854,46.06544616069492],[14.982953552877058,46.064552467628744],[14.979877071799022,46.06415479919572],[14.980179957826229,46.06340367211879],[14.989029798951327,46.06234185471904],[14.987127558853288,46.06128489011308],[14.988988375889742,46.06072564744228],[14.99437340577007,46.06045849066923],[14.994433636468843,46.06206396145619],[14.99592460524569,46.06249997787839],[14.995107124593966,46.061585733651086],[14.996115128549432,46.06024458618427],[14.999999999999998,46.060362555743644],[14.995786724272966,46.05992105791122],[14.98702734991991,46.06061429762315],[14.985272099683517,46.05931872990795],[14.985693080796313,46.06019316645706],[14.983861272853476,46.06054234995566],[14.982712914809053,46.062399289040954],[14.979588357016626,46.06331604015108],[14.979158930685136,46.06208748428847],[14.976500476283261,46.06456377259278],[14.975155661952424,46.06350656027958],[14.977457328528548,46.062740834637324],[14.974152690763804,46.06215896282205],[14.973564246128602,46.06250740208202],[14.974584359095777,46.06266776822497],[14.97539256674229,46.064720071671395],[14.969880346226008,46.06373264576162],[14.965380148329979,46.06427252871858],[14.964644461835087,46.06168927854891],[14.965982006245634,46.05997976846608],[14.965122856115702,46.0585105520829],[14.966963668084992,46.05892546969892],[14.967861296253052,46.05797641029587],[14.968566798001294,46.05862264793222],[14.967917520707559,46.06016639866163],[14.96630686401507,46.06079982333277],[14.966882846090634,46.061355579523514],[14.968166370565294,46.060439004513285],[14.969342331974657,46.06105509857133],[14.968951911288453,46.05962159477498],[14.97044872105034,46.05874677739549],[14.968248304542387,46.057627042730104],[14.962985655560585,46.057389723920345],[14.961975671640193,46.05569635369887],[14.962380145952652,46.053171776624055],[14.967751173385812,46.05140969916496],[14.96911498401394,46.052597947107735],[14.968494364619335,46.05383638667107],[14.969716299446349,46.053189565260176],[14.974107239898323,46.054541184770564],[14.973998060373741,46.056588361729396],[14.974729982664623,46.05443727460182],[14.977862233230905,46.05395022105136],[14.987455084051456,46.05533169508945],[14.995367393810504,46.052451417302194],[14.999964211296048,46.053650826526855],[14.999999999999998,46.05264985216475],[14.995193587593288,46.05214740064761],[14.991991529191925,46.05021950998274],[14.993931412728882,46.04910308549288],[14.996446085694469,46.05019394314932],[14.999999999999998,46.049536407369075],[14.999999544127263,46.04873792211306],[14.99813310961356,46.04983138679774],[14.996099635631824,46.049220086499325],[14.996095925635105,46.04815173797383],[14.999999999999998,46.04647503384517],[14.99737980829627,46.04714800586841],[14.997934808577993,46.044106407976685],[14.996905739447113,46.046930620407416],[14.994498432258105,46.047069530105816],[14.99349279438506,46.04768580379858],[14.993717822825822,46.04883241654522],[14.990924124382584,46.04969390176202],[14.994456380365698,46.051785325380074],[14.994166483589915,46.052642748505136],[14.987141153560055,46.05504544067282],[14.980526151877608,46.053640046820476],[14.97427920429071,46.054152808883984],[14.969756011240493,46.052707405377205],[14.968809211967512,46.05077639718966],[14.97368386916141,46.04955450419526],[14.971837167575703,46.048769550001836],[14.974216113159752,46.048083652579066],[14.972157658704486,46.047575180850636],[14.97327936172122,46.045059006877494],[14.971921005414838,46.045362858217835],[14.971617270891784,46.04430737807512],[14.97057729518213,46.04520187010808],[14.966632304134214,46.04514623054202],[14.9654467949637,46.04356618848985],[14.967881813582398,46.04405596912581],[14.967493634842855,46.042385996869314],[14.966236593040323,46.043017107274444],[14.963131907072999,46.04219830590474],[14.967625167835484,46.04],[14.966450826113324,46.04],[14.965661758003284,46.04010038112999],[14.962519725152514,46.04201963061526],[14.960326747067139,46.04],[14.960242789902912,46.04],[14.961254250778875,46.041498353750775],[14.96,46.042382621989695],[14.96,46.04595828106381],[14.960709962061854,46.045556865111564],[14.961895842339823,46.04751936453852],[14.960413750823426,46.048351601020514],[14.963437972612688,46.049991314759126],[14.966060226068901,46.05028120034536],[14.961920662553226,46.05314641604467],[14.961239831813407,46.056374265792726],[14.96,46.05486027864998],[14.96,46.05543865860226],[14.961878575636804,46.05782573241904],[14.96,46.0592230625687],[14.96,46.05973714650617],[14.96306867468799,46.057750361608186],[14.965582654875282,46.059894633827916],[14.962645708884828,46.060813038421166],[14.962395513246557,46.062042102282895],[14.963054338715654,46.06084996875596],[14.963819752521196,46.06105440244715],[14.963181643153963,46.06348468519743],[14.962103154708487,46.06393088375034],[14.96328704185376,46.06454748388763],[14.961472121494449,46.06667903305223],[14.96,46.06717992175666],[14.96,46.06901184311917],[14.960082840346017,46.06898967134055],[14.96,46.069586515717],[14.96,46.073006270583065],[14.964248603088848,46.07386247402218],[14.96,46.074462918703595],[14.96,46.07457300328504],[14.96634254144291,46.07372850072721],[14.961984199455411,46.07277209349524],[14.960491980909763,46.070061401930694],[14.96334063614207,46.07187200111418],[14.969257585791011,46.07186576090314],[14.972305896062883,46.073799415883855],[14.974649694063984,46.076227274475876],[14.973450831628867,46.077773435868046],[14.97433347193208,46.076935263945764],[14.975824749419395,46.07778829579516],[14.97572824321096,46.079926126343075],[14.97565134908495,46.08],[14.979581644781264,46.08],[14.979690149530269,46.07993096605338]],[[14.997852391587966,46.07841539428668],[14.994792133904399,46.07750130158204],[14.99498424825962,46.076682176064374],[14.997123041960219,46.07745011238053],[14.997852391587966,46.07841539428668]],[[14.986567880899491,46.06128131873534],[14.983829605590795,46.062730170921945],[14.98327540655608,46.062218433247004],[14.985652209457733,46.060798821653826],[14.986567880899491,46.06128131873534]],[[14.964063243275454,46.065861977406904],[14.964340740205914,46.06423370061508],[14.96905353767357,46.065847557814465],[14.96807603628904,46.06681167507336],[14.969597726855012,46.067627239532975],[14.971567386918148,46.06658914248208],[14.968241774718548,46.06526294544008],[14.967773742409726,46.06407829926458],[14.974427438864643,46.0653883129333],[14.978361403114198,46.06408657976924],[14.981979426163155,46.06476189043132],[14.976000786070884,46.07009942523973],[14.974781488591766,46.06990143142713],[14.975356390153422,46.07069424344161],[14.973325755702085,46.07144778201979],[14.97257350973025,46.071154423680746],[14.973147984795393,46.06937479912468],[14.970293346602624,46.07129721160149],[14.963448254211148,46.0716155700897],[14.961201898577253,46.068846990954846],[14.962368945947436,46.06669052669308],[14.964063243275454,46.065861977406904]],[[14.96346715160587,46.04366971864449],[14.963870207260713,46.04492664845895],[14.964788236588909,46.04409647447454],[14.966711474957883,46.04542752431323],[14.970256826384006,46.04566154906858],[14.971822530617766,46.047630019562675],[14.97085562747596,46.04785780415523],[14.971486785988201,46.048420789654216],[14.970749382288984,46.04969913996722],[14.965748955792716,46.05155008805455],[14.966596339182772,46.04996089725035],[14.963592524748186,46.04974457879641],[14.961314675552073,46.04846741952096],[14.962307414143812,46.04751570623229],[14.961068618441711,46.044837108481644],[14.961934462726143,46.04348333076011],[14.96346715160587,46.04366971864449]],[[14.965395038239706,46.04326058564045],[14.964964462436498,46.043615394050086],[14.964016417513896,46.042914882794385],[14.965395038239706,46.04326058564045]]]}},{"type":"Feature","properties":{"_zoneType":"SI_BUILT","name":"Pozidano zemljišče","authority":"MKGP","dataSource":"raba-3000"},"geometry":{"type":"Polygon","coordinates":[[[14.962671751712938,46.0796642110669],[14.964168205976101,46.08],[14.96621041913546,46.08],[14.970671895128788,46.078980851566264],[14.970015670411858,46.078354145218206],[14.961889890653353,46.07965811762103],[14.960906574122372,46.07894916901156],[14.96,46.07967128857305],[14.96,46.08],[14.961636226857712,46.08],[14.962671751712938,46.0796642110669]]]}},{"type":"Feature","properties":{"_zoneType":"SI_BUILT","name":"Pozidano zemljišče","authority":"MKGP","dataSource":"raba-3000"},"geometry":{"type":"Polygon","coordinates":[[[14.999999999999998,46.114895222977886],[14.99872284017603,46.11474961671814],[14.999999999999998,46.11189225378637],[14.998834753806314,46.11155313904048],[14.996957747629407,46.10824036024787],[14.997648766900413,46.106764167978326],[14.998690095813823,46.10788759874391],[14.999796285928651,46.10757984246274],[14.998822895734696,46.105393846296636],[14.999999999999998,46.10306614428793],[14.996495245480071,46.107241405674955],[14.996734063178591,46.10904080510188],[14.99903158243232,46.112415787523126],[14.998265523231176,46.11471303535507],[14.994843326837787,46.11775993395676],[14.990326181869293,46.119001509671634],[14.986860177773014,46.11725186637328],[14.982492447456574,46.11291112094494],[14.973975270841969,46.11054655654173],[14.962889501197338,46.104563124765164],[14.96,46.10048270724717],[14.96,46.101120195819355],[14.96095367398675,46.10242286531462],[14.96,46.10167822896422],[14.96,46.10280655974751],[14.96222493814452,46.1053636116327],[14.973128133936306,46.11128213522374],[14.980996077391499,46.11342760959771],[14.987843902998433,46.12],[14.989734734782099,46.12],[14.9880935820125,46.119259487921695],[14.993081412937862,46.11892518037278],[14.994090835116667,46.11998995311669],[14.993975151667495,46.12],[14.995470779984101,46.12],[14.999999999999998,46.114895222977886]],[[14.996322770184268,46.11759580017061],[14.996396296440606,46.11792388559963],[14.99491665077826,46.11950876627333],[14.994003521403647,46.118997739784106],[14.996322770184268,46.11759580017061]]]}},{"type":"Feature","properties":{"_zoneType":"SI_BUILT","name":"Pozidano zemljišče","authority":"MKGP","dataSource":"raba-3000"},"geometry":{"type":"Polygon","coordinates":[[[14.960392982157954,46.09788316257248],[14.964643918591072,46.095157826848286],[14.96792685119803,46.09461348294502],[14.966479467326266,46.094398053958045],[14.966998964429015,46.09374676390597],[14.969220408694493,46.093154473813236],[14.97023903953405,46.09405056032978],[14.970303990985824,46.09204555317468],[14.975564898642142,46.08972610914992],[14.976621899538486,46.091411410428876],[14.972571106097616,46.09317730476118],[14.973066664578987,46.09446804773963],[14.975320562569832,46.09630807962704],[14.972459154873023,46.09683318143075],[14.973075278336443,46.09571078194724],[14.970949692252455,46.096542394274174],[14.969474717028081,46.094646093864846],[14.967880078669454,46.09544634137142],[14.969490648895494,46.09524988682886],[14.96895509974848,46.09736034386558],[14.970772657290546,46.09753037361969],[14.971278224328282,46.09884863883209],[14.968940266351577,46.09931444346888],[14.965835031285394,46.09840837284807],[14.968054633658888,46.099348578716175],[14.967490186025042,46.0999828714502],[14.968906799279896,46.10181463005844],[14.970673302765746,46.10209894301119],[14.96990930056238,46.10583158161055],[14.970708166452088,46.10594031229807],[14.970312556944672,46.10425304597875],[14.971724739010256,46.10197424650203],[14.972855352809324,46.10264854031829],[14.971763906506778,46.104141891323955],[14.972870932823268,46.10517637693455],[14.97242008610317,46.105869609119694],[14.974994972536711,46.10619914601831],[14.974702050634741,46.107692453571715],[14.977058437486644,46.10682245690756],[14.976955944751678,46.10574854050849],[14.979032715229978,46.10592508552817],[14.978535930102463,46.10905196297298],[14.981288295823916,46.10470425204734],[14.983292518828273,46.10336816610704],[14.98403494004393,46.10420572331882],[14.984798423509543,46.10145606837468],[14.983026060450287,46.100199825156686],[14.984762474420265,46.09941050732313],[14.986528511247275,46.100762091191456],[14.988074049713413,46.10393347026253],[14.987544708906555,46.10491630418304],[14.98764301162496,46.10665116544766],[14.985002636284923,46.10803486317567],[14.986891744885579,46.107674245753685],[14.987774572560253,46.10921934421775],[14.989156950432706,46.1092796240987],[14.991534168115168,46.11208193970745],[14.99094520763749,46.11020614447855],[14.987437424065545,46.108277527537055],[14.988627936504033,46.10612582553392],[14.98788641839723,46.104985179536996],[14.98838454599969,46.10379580290948],[14.986871649106785,46.100638439270035],[14.985100997924501,46.09919270791726],[14.985284596482227,46.09828919381448],[14.987728741706583,46.09688413070823],[14.99064906724156,46.09700408177275],[14.993699176059907,46.09425463614509],[14.994420677699654,46.09183435780292],[14.997344322581995,46.091983256117125],[14.999999999999998,46.09461505972934],[14.999629745419393,46.09310797738966],[14.997427836098788,46.09165734016669],[14.995374212144034,46.09186833559394],[14.993746989597152,46.09000257268555],[14.991251436306014,46.09084952603968],[14.99004803354757,46.08998722765517],[14.989199830239857,46.09152039827725],[14.984985376749082,46.0922122625466],[14.982275704774523,46.09110843150535],[14.982310324262224,46.08953216958948],[14.983692092791184,46.08951060825059],[14.983478209294965,46.088397618519565],[14.981695561594993,46.089110676681976],[14.98166144368823,46.0900450742317],[14.979987078757441,46.08967965125423],[14.97952796607992,46.08891200290046],[14.980361100643119,46.08823477060481],[14.984436983861986,46.087361268270705],[14.984772669879357,46.08616668061086],[14.988202158464444,46.084555060992685],[14.988797794748344,46.08367808015929],[14.989864889143455,46.08342366360178],[14.9891020591918,46.08256706492286],[14.990312063067641,46.081608588183],[14.986345815473241,46.08318575448632],[14.986410919254457,46.085288890114384],[14.980174854129558,46.08788296987002],[14.980591151279345,46.08596942337853],[14.982051647509595,46.08589084467275],[14.982034242381639,46.08521328501733],[14.980266196344129,46.084575811041525],[14.979475814583619,46.082132193705114],[14.977517678464505,46.08160233333007],[14.977220577309287,46.080558067350864],[14.978459225468711,46.080714116530515],[14.979581644781264,46.08],[14.97565134908495,46.08],[14.974468676455198,46.08113621620579],[14.976477903049231,46.08026626144286],[14.977213043342314,46.08170411208844],[14.979163795888665,46.082536740869266],[14.97970681839991,46.08438488461229],[14.978949754024029,46.08568178488225],[14.97951844392355,46.08639989436171],[14.978282691373618,46.08722410272889],[14.974573325491313,46.085614920414926],[14.970722410839626,46.08553335143418],[14.965300710660816,46.08723180085544],[14.96604925866844,46.087995695176396],[14.964365246539671,46.08800002106461],[14.963197966383968,46.089598190120874],[14.965735630542435,46.08921412252844],[14.965883282307678,46.09107447231941],[14.967024618712397,46.08991030416887],[14.966318834232966,46.08926371761589],[14.96760789650093,46.08904282968724],[14.967895696607533,46.08722299788782],[14.969176732780463,46.08657890718901],[14.974485362945444,46.085850868974816],[14.975600811473468,46.08740179398614],[14.97639279797316,46.08752452781743],[14.976036126150147,46.08669735886286],[14.977083614847524,46.0872610112153],[14.974084920035349,46.09023634635884],[14.965760127830272,46.093980567420175],[14.960334288244512,46.09756760053009],[14.96,46.09734061120003],[14.96,46.0976826699952],[14.960392982157954,46.09788316257248]],[[14.973496729542886,46.09719237849218],[14.976468796402715,46.096664119256324],[14.973229618500362,46.09401626544038],[14.978042714512041,46.09260877775337],[14.977822020862602,46.09111919415361],[14.976092122569893,46.09016035025439],[14.976559023028829,46.088814299164596],[14.97919755970565,46.088290654940444],[14.979588262836494,46.08973431853952],[14.983976227440463,46.09291865292973],[14.987225136310666,46.09194806141359],[14.989469229237969,46.09238099641381],[14.991052248339566,46.091165778387015],[14.993679959918124,46.09176953621535],[14.993387035368997,46.09406220712345],[14.99090764202199,46.09585163918885],[14.984321965145268,46.097188477785146],[14.981672624149562,46.101461117660925],[14.98362764809021,46.100759901763354],[14.984465542528374,46.10163620994697],[14.980275387823712,46.104489555920395],[14.980083771365068,46.10609814288791],[14.972446081942396,46.10431945479445],[14.973269816846631,46.1025810120921],[14.970933279071753,46.100827343940765],[14.974764021597956,46.09855283329175],[14.973496729542886,46.09719237849218]],[[14.988960173393554,46.08303949464856],[14.988206098625142,46.08367252319891],[14.988467774837181,46.08275912251868],[14.988960173393554,46.08303949464856]],[[14.977184191209897,46.09190552225053],[14.97678089762805,46.092606104014315],[14.975498282358215,46.09209216571715],[14.977184191209897,46.09190552225053]],[[14.975755193248819,46.10556431787053],[14.975575832008305,46.10593885438099],[14.975019251428101,46.105425215210786],[14.975755193248819,46.10556431787053]]]}},{"type":"Feature","properties":{"_zoneType":"SI_BUILT","name":"Pozidano zemljišče","authority":"MKGP","dataSource":"raba-3000"},"geometry":{"type":"Polygon","coordinates":[[[14.968116677886027,46.11878610644496],[14.967099315092424,46.118706323733846],[14.965968231772683,46.11665358692971],[14.96624329794805,46.11578525429427],[14.967431263559567,46.115958422781084],[14.96752095859485,46.114521435915385],[14.966573017271605,46.114065961880236],[14.967927098816071,46.11037284283152],[14.963935455443393,46.107687313110944],[14.967696005830172,46.11059317069441],[14.96599621212438,46.11404288994143],[14.964631207176032,46.111977294821045],[14.963802627778843,46.11368782203653],[14.965310978417879,46.11555997528371],[14.964337123168033,46.11643053316708],[14.965854936980623,46.117232969401286],[14.965174616299416,46.11789071610906],[14.966282569308245,46.11798581043316],[14.966754524944331,46.12],[14.967879034362348,46.12],[14.968116677886027,46.11878610644496]]]}},{"type":"Feature","properties":{"_zoneType":"SI_BUILT","name":"Pozidano zemljišče","authority":"MKGP","dataSource":"raba-3000"},"geometry":{"type":"Polygon","coordinates":[[[14.961074115050595,46.11572347016851],[14.96034042617317,46.112999406441936],[14.962805535403067,46.11314410971494],[14.960531554858001,46.11198398549192],[14.960414797897398,46.11094721812668],[14.96316554626941,46.1122987402761],[14.96314056076317,46.11114088667714],[14.965779987890794,46.11037392901449],[14.96023514800801,46.110176129122515],[14.96,46.110588340462456],[14.96,46.11238337253356],[14.960526726615301,46.1155398003392],[14.964520936742346,46.12],[14.966708682026773,46.12],[14.961074115050595,46.11572347016851]]]}},{"type":"Feature","properties":{"_zoneType":"SI_BUILT","name":"Pozidano zemljišče","authority":"MKGP","dataSource":"raba-3000"},"geometry":{"type":"Polygon","coordinates":[[[14.961278443487869,46.118505552779006],[14.96,46.117475350775386],[14.96,46.11801467893072],[14.961557748907572,46.11923279918895],[14.961629553684324,46.12],[14.96242823364231,46.12],[14.961278443487869,46.118505552779006]]]}},{"type":"Feature","properties":{"_zoneType":"SI_BUILT","name":"Pozidano zemljišče","authority":"MKGP","dataSource":"raba-3000"},"geometry":{"type":"Polygon","coordinates":[[[14.960752893517261,46.08125630771498],[14.961000712538977,46.08020607779135],[14.961636226857712,46.08],[14.96,46.08],[14.96,46.081088466983445],[14.960752893517261,46.08125630771498]]]}},{"type":"Feature","properties":{"_zoneType":"SI_BUILT","name":"Pozidano zemljišče","authority":"MKGP","dataSource":"raba-3000"},"geometry":{"type":"Polygon","coordinates":[[[14.96519843014948,46.08023117170003],[14.96621041913546,46.08],[14.964168205976101,46.08],[14.96519843014948,46.08023117170003]]]}},{"type":"Feature","properties":{"_zoneType":"SI_BUILT","name":"Pozidano zemljišče","authority":"MKGP","dataSource":"raba-3000"},"geometry":{"type":"Polygon","coordinates":[[[14.980769184956142,46.15772827856784],[14.98473324749881,46.15844173054152],[14.986830064274656,46.157271286943306],[14.983315100495956,46.15753402125857],[14.982881694433217,46.15628841135299],[14.985533510807153,46.15658277358666],[14.988172943978563,46.15526264348014],[14.990560970915626,46.1567529781752],[14.988129388343108,46.157701219034415],[14.992566540316044,46.15777356898642],[14.993862219949202,46.15477191918856],[14.996729826870105,46.15416302154471],[14.99841005719879,46.156806932058274],[14.996310867205235,46.15772513680807],[14.998398341784153,46.15775587646721],[14.997881011259762,46.160000000000004],[14.998281137886398,46.160000000000004],[14.999999999999998,46.15782436399714],[14.998596463472925,46.156386371696705],[14.999999999999998,46.15394270235442],[14.999999999999998,46.151755921562255],[14.998487541571674,46.15322185958301],[14.997165499897871,46.152475124143145],[14.997642904934933,46.154036824048774],[14.994306223503996,46.15403003446825],[14.989291576491233,46.149831267532136],[14.992292303316747,46.15406269954451],[14.977761407257765,46.15733510201045],[14.973530581545852,46.15975254113847],[14.973437147945301,46.160000000000004],[14.974137629370945,46.160000000000004],[14.980769184956142,46.15772827856784]],[[14.991688567426804,46.155158342039215],[14.99115604695313,46.155409854348356],[14.991361301727231,46.15481946322086],[14.991688567426804,46.155158342039215]]]}},{"type":"Feature","properties":{"_zoneType":"SI_BUILT","name":"Pozidano zemljišče","authority":"MKGP","dataSource":"raba-3000"},"geometry":{"type":"Polygon","coordinates":[[[14.965747277783711,46.159203455094364],[14.964052387351233,46.160000000000004],[14.965310009953743,46.160000000000004],[14.965747277783711,46.159203455094364]]]}},{"type":"Feature","properties":{"_zoneType":"SI_BUILT","name":"Pozidano zemljišče","authority":"MKGP","dataSource":"raba-3000"},"geometry":{"type":"Polygon","coordinates":[[[14.960272923472704,46.15927835203601],[14.96,46.15867967057867],[14.96,46.1594246151736],[14.960014896903319,46.15945307673807],[14.961048760065957,46.160000000000004],[14.962192853850942,46.160000000000004],[14.960272923472704,46.15927835203601]]]}},{"type":"Feature","properties":{"_zoneType":"SI_BUILT","name":"Pozidano zemljišče","authority":"MKGP","dataSource":"raba-3000"},"geometry":{"type":"Polygon","coordinates":[[[14.962765201095541,46.153466830525225],[14.965185680947217,46.152243190073605],[14.96465292792337,46.14869573577954],[14.9663596314766,46.15070838303072],[14.966189246668263,46.149156726860184],[14.967367140447214,46.14852554987339],[14.97010162246813,46.1492839280897],[14.968143569419134,46.150322778765954],[14.969715431540799,46.15093506817552],[14.97027794235945,46.15004654721832],[14.971840905373714,46.15072518681061],[14.97163635768695,46.14989717760703],[14.973774407437563,46.14941714852265],[14.973220321894495,46.148330659280525],[14.974792492432277,46.14798689805393],[14.972043256578036,46.14805010245974],[14.97063352107547,46.146366550158675],[14.971701102520816,46.14872702149725],[14.96764098783944,46.14820933893959],[14.965768715477516,46.148796937870635],[14.963251094330303,46.14751543917269],[14.962349551472037,46.143282190008506],[14.970742558995864,46.14233729309706],[14.97129351891278,46.14116305652581],[14.976479908280345,46.1422726894844],[14.986653812832213,46.14102949117436],[14.991739234294377,46.14151608421374],[14.992001113935963,46.13984359153334],[14.996568059872642,46.140633616507],[14.99374723281929,46.14334309120115],[14.991066257311507,46.142955975915164],[14.991961375044227,46.14435259422055],[14.989404076769354,46.14448017104794],[14.98864982309571,46.14331150167791],[14.987259872588206,46.14379229914215],[14.986681667808696,46.142590075883305],[14.984073341638336,46.14355535663585],[14.9863436611912,46.14491210836599],[14.988037758531254,46.14522493752796],[14.988310495727935,46.144570042024114],[14.992178994830354,46.144562618779425],[14.995639936309344,46.142974012145146],[14.996059822216164,46.143537651557565],[14.994280201020107,46.14462671587662],[14.996213404797905,46.14623998799723],[14.995282500769456,46.14447740123338],[14.996650647206636,46.14358764720908],[14.995637930055999,46.14219607712862],[14.996755562408133,46.14142245989427],[14.999999999999998,46.144248589583526],[14.999999999999998,46.139881267229285],[14.997720889212234,46.138902134176305],[14.999999999999998,46.13542960355036],[14.999999999999998,46.128634902397025],[14.997508522721606,46.12678935203423],[14.998958284687946,46.12537932234692],[14.998507931793078,46.12414149646932],[14.99639944626363,46.122836349956856],[14.995081566967034,46.12043867280884],[14.995470779984101,46.12],[14.993975151667495,46.12],[14.990419175494575,46.120308829637224],[14.989734734782099,46.12],[14.987843902998433,46.12],[14.990174209561117,46.12223657630408],[14.994086191714459,46.12225291554255],[14.992245396808622,46.12365226906525],[14.992506992143754,46.125680845032804],[14.990947300062738,46.12659590822021],[14.989690736076913,46.12586239227316],[14.988297012519165,46.13065372046917],[14.987200409207858,46.13147350970205],[14.988103713007577,46.13327887000179],[14.985780050786527,46.13413031079109],[14.988708741206379,46.13497418123642],[14.986094008478885,46.13651603155489],[14.98598447751174,46.13745212172306],[14.984777014056903,46.13745156473188],[14.985676787760202,46.138525319235754],[14.980575985295237,46.13919713319333],[14.972457922762539,46.13522037691258],[14.970547538940824,46.13379372281304],[14.971956328221601,46.13318302007409],[14.968548280903406,46.13084205467744],[14.970170661115368,46.130722970992835],[14.97073947013821,46.12924438335539],[14.974442191145966,46.13086508624081],[14.973657628886576,46.129529472381286],[14.976302233748214,46.12872008360612],[14.977472286362424,46.130319631338224],[14.977302132194561,46.12951175972164],[14.979023223300457,46.12858649985658],[14.978476529741542,46.12746916145858],[14.976689183535797,46.12748651173792],[14.976820837856845,46.12528600094886],[14.97429008380519,46.12755908710021],[14.975210292632749,46.128846654864965],[14.972682482691946,46.129711656741776],[14.970986880754346,46.1275295037241],[14.970659689787745,46.12893075938645],[14.968890197930788,46.12911371157049],[14.968776807175125,46.128273176188294],[14.970708553402782,46.12738382576397],[14.971414837106714,46.12582808647228],[14.968399384211342,46.124447603978844],[14.967471059664271,46.12208395267392],[14.967879034362348,46.12],[14.966754524944331,46.12],[14.96676444121125,46.120042320167066],[14.966708682026773,46.12],[14.964520936742346,46.12],[14.96553418184568,46.12113145661406],[14.967156338708389,46.12125237425136],[14.96712324092927,46.125071926932094],[14.965984614648463,46.12635738584495],[14.965547809477576,46.12405468895317],[14.96242823364231,46.12],[14.961629553684324,46.12],[14.96182954222281,46.12213678498653],[14.965211461664797,46.124142101011174],[14.965277840881935,46.126873424635356],[14.96778138509083,46.12844884389716],[14.968175540224436,46.13095331482492],[14.970006967749722,46.13246672941574],[14.970186836206322,46.133992766902566],[14.972261689434287,46.135638827619154],[14.962720327489727,46.13444174126776],[14.960750556243903,46.13677430000397],[14.960076607194843,46.13575322416736],[14.96,46.13575151546387],[14.96,46.13701287065486],[14.96133931284722,46.13798884006399],[14.96,46.138582547217226],[14.96,46.14166724104479],[14.960359326623188,46.14176531037736],[14.96,46.14198483742966],[14.96,46.14335663750701],[14.961369173906228,46.143468761854585],[14.96432388018746,46.14997985071262],[14.963135348609832,46.15132178158343],[14.963564505514512,46.152273686457036],[14.96200557907151,46.1519759274419],[14.961405036363043,46.15083518660266],[14.96,46.150851522809575],[14.96,46.151555539019405],[14.960044306290081,46.151532811653794],[14.961218058096955,46.1526771845959],[14.96,46.15300685305431],[14.96,46.153467572452264],[14.962765201095541,46.153466830525225]],[[14.999437264320868,46.14003334757012],[14.998963763592426,46.14100092053798],[14.997926561588272,46.1404438900259],[14.999437264320868,46.14003334757012]],[[14.99855297097987,46.13602012186427],[14.997379455094139,46.13700709307845],[14.995899946549775,46.13673436563684],[14.995809103206113,46.13591969788441],[14.997531692170393,46.13550058569235],[14.99855297097987,46.13602012186427]],[[14.998500368539588,46.13767718284543],[14.996830648234635,46.138935969259286],[14.997017249168687,46.140059217944234],[14.995559958147972,46.13911801108263],[14.997049792334957,46.13718609716278],[14.998500368539588,46.13767718284543]],[[14.995710219599847,46.12459475494818],[14.994966581447015,46.12633777983941],[14.992081462930814,46.12660221560188],[14.995082757876563,46.12437120867898],[14.995710219599847,46.12459475494818]],[[14.995435940371545,46.136011507572725],[14.995056316913772,46.13719016329522],[14.991625870727422,46.138032876070405],[14.994242768270471,46.13537306164177],[14.995435940371545,46.136011507572725]],[[14.995090946612935,46.124101564371195],[14.99445296209961,46.12435827878175],[14.994676683192882,46.12370881635442],[14.995090946612935,46.124101564371195]],[[14.994843782014648,46.13977225613333],[14.99413361736932,46.139743237483856],[14.994836628741302,46.138912815788586],[14.994843782014648,46.13977225613333]],[[14.992894307859126,46.13156426280296],[14.990634316267819,46.133416057326215],[14.989082637635681,46.13368010562066],[14.992058596767992,46.13132130462741],[14.992894307859126,46.13156426280296]],[[14.992734121726551,46.129265089123564],[14.991873430857105,46.12938955623366],[14.992654734783498,46.128435892851215],[14.992734121726551,46.129265089123564]],[[14.991706521617875,46.13405783344104],[14.991476178752675,46.13447806366416],[14.990528714870507,46.13395860009946],[14.991706521617875,46.13405783344104]],[[14.991582411496694,46.12987347099143],[14.990169036906206,46.13075092626397],[14.99068968413671,46.13166260175885],[14.987743252341392,46.1323755409449],[14.989058334092679,46.12905942956253],[14.99101929921114,46.12837122065316],[14.991582411496694,46.12987347099143]],[[14.986708635328034,46.14423111458783],[14.985746167613028,46.14427445086784],[14.98651701782175,46.1437021747818],[14.986708635328034,46.14423111458783]],[[14.98191855843851,46.14003713650816],[14.982019247215451,46.140731323081944],[14.979860582253872,46.140621587530184],[14.98191855843851,46.14003713650816]],[[14.970099576158143,46.13613643156446],[14.973163023940412,46.13609161629996],[14.97599891519297,46.137212389632026],[14.976628344079593,46.13891582082741],[14.978558000235967,46.13879340995148],[14.979680634726197,46.1402511585105],[14.978085608562912,46.14053192043873],[14.976044942854685,46.13909689866331],[14.974650472548994,46.14016170866036],[14.972224356120563,46.14004823982036],[14.968539000480801,46.13895910577467],[14.968465852332432,46.1381268443961],[14.9713840398724,46.13717312989068],[14.970099576158143,46.13613643156446]],[[14.976735089068747,46.141070897456395],[14.97742286981541,46.14115617323092],[14.976646932071427,46.14141829369493],[14.976735089068747,46.141070897456395]],[[14.97057295565029,46.12604399626787],[14.969236752271938,46.126877260456155],[14.968412033268176,46.12615938590035],[14.96987587864518,46.12565494388097],[14.97057295565029,46.12604399626787]],[[14.969220641264817,46.14130147618752],[14.9685507491759,46.141793231267776],[14.966986182097344,46.14155467618199],[14.967188847780637,46.1409376665651],[14.969220641264817,46.14130147618752]],[[14.969116865809731,46.130045177859316],[14.968674759824943,46.13035811616101],[14.968717782934537,46.12973026395261],[14.969116865809731,46.130045177859316]],[[14.96785825827171,46.12631255540054],[14.967086621844528,46.12657511901195],[14.967579605540744,46.12589117102806],[14.96785825827171,46.12631255540054]],[[14.966643624187977,46.14238325863757],[14.966748876491707,46.14189233539058],[14.967550074057076,46.14239896631818],[14.966643624187977,46.14238325863757]]]}},{"type":"Feature","properties":{"_zoneType":"SI_BUILT","name":"Pozidano zemljišče","authority":"MKGP","dataSource":"raba-3000"},"geometry":{"type":"Polygon","coordinates":[[[14.9615415139347,46.12575373534349],[14.96,46.125328380689965],[14.96,46.12559479065643],[14.9615415139347,46.12575373534349]]]}},{"type":"Feature","properties":{"_zoneType":"SI_BUILT","name":"Pozidano zemljišče","authority":"MKGP","dataSource":"raba-3000"},"geometry":{"type":"Polygon","coordinates":[[[14.9604434449429,46.12366943876103],[14.96,46.12371747879021],[14.96,46.12422148602062],[14.9604434449429,46.12366943876103]]]}},{"type":"Feature","properties":{"_zoneType":"SI_BUILT","name":"Pozidano zemljišče","authority":"MKGP","dataSource":"raba-3000"},"geometry":{"type":"Polygon","coordinates":[[[14.960201144009229,46.181864812427584],[14.961461385898527,46.18305075728955],[14.963803828782318,46.18289582653974],[14.966191059221305,46.18411493338671],[14.96643547646292,46.183298911494504],[14.968611695971136,46.18330108742481],[14.974292978125243,46.18704204899431],[14.97870239741625,46.187831938524084],[14.981673044111275,46.1899673017806],[14.987169030729675,46.189329697089825],[14.989751586422063,46.18692873110581],[14.990781799625573,46.18757715322141],[14.990552583747846,46.1901882517253],[14.980751349005658,46.19298325912905],[14.986092136625864,46.19219772097286],[14.988095632844566,46.19417955486194],[14.992807712522206,46.19500699966294],[14.995783573948707,46.193484721628934],[14.999999999999998,46.19413128805876],[14.996141675059993,46.192597386927574],[14.992198079258564,46.19339545518824],[14.994181030608972,46.194086034093516],[14.993289478214347,46.19474915091691],[14.988191972400811,46.193935685924394],[14.987106624591219,46.192227652424066],[14.99092085218977,46.190277834852914],[14.991350907197214,46.186935922053955],[14.993335712864015,46.18623656291596],[14.994509553673012,46.18656297417802],[14.99441977575211,46.18736358956013],[14.999999999999998,46.18780390988681],[14.996826489826876,46.18720373563802],[14.999868095669244,46.186490425688305],[14.99538167281507,46.18535917515064],[14.995354945970085,46.184504993095615],[14.992737924185588,46.185606121280514],[14.990084225000931,46.185370298325246],[14.997928235674483,46.18187840926801],[14.995809076204216,46.179898586360125],[14.991610224956846,46.1807885073541],[14.99039291216006,46.17998771000185],[14.986214346539315,46.17958667423313],[14.986497224795565,46.177126645836566],[14.985372115810243,46.178423442942325],[14.982904593190815,46.177981965409295],[14.982322026737123,46.17718503967259],[14.983311552863302,46.176545754915495],[14.980016741371687,46.17617619002406],[14.975090241636332,46.17177868633925],[14.977360851319025,46.17151796614939],[14.97664126814693,46.170378701788025],[14.978466799472837,46.17062412956853],[14.983006176371152,46.175802730555475],[14.982413178969656,46.1726095431752],[14.980555865463451,46.172411314215054],[14.979651272960366,46.16971288774576],[14.97711923917621,46.16819547256168],[14.97944972434725,46.170356170895204],[14.97651699907248,46.169581781333434],[14.975870803802385,46.17110725786437],[14.974445471838589,46.170317087968655],[14.97328996833284,46.1708194883357],[14.972435264967013,46.16912044351039],[14.971366696217547,46.16912554727632],[14.969727358118472,46.164607290239],[14.972972879166683,46.162126911813786],[14.9737915939069,46.16011853873045],[14.974137629370945,46.160000000000004],[14.973437147945301,46.160000000000004],[14.97271120919499,46.16192264855082],[14.969496283231491,46.16407826910241],[14.969872052867629,46.166176358730915],[14.968384664131204,46.165992872736894],[14.968784126417795,46.16709466701606],[14.967434566777134,46.16754292130212],[14.971085260108282,46.17111076467796],[14.967160048947912,46.174095436009935],[14.965467440227412,46.17721214179329],[14.964139026734143,46.17619200748441],[14.964178550379176,46.17501056323361],[14.961262524593371,46.175041261266394],[14.96,46.1757155152102],[14.96,46.17643761393192],[14.960953060161518,46.17748955194902],[14.96,46.178112254534724],[14.96,46.17920877443286],[14.96056899712114,46.179322521079605],[14.962368781038736,46.18127161492689],[14.96854874406657,46.18098712813174],[14.967517099636607,46.18252878546919],[14.96153115248935,46.18252775381329],[14.96,46.18077313978035],[14.96,46.18191245268028],[14.960201144009229,46.181864812427584]],[[14.963653274289426,46.175416432067266],[14.964919331386126,46.17790741176344],[14.96611027473112,46.17703317264123],[14.967639363576948,46.17406692423372],[14.970354503045552,46.17422252253889],[14.969585736686733,46.17310378936987],[14.97333318140796,46.171398713560365],[14.974330824092819,46.17341664902326],[14.979259579024015,46.17572935200971],[14.979706307278994,46.176812479964646],[14.977906486581197,46.17739944444738],[14.978200051735161,46.17879450512166],[14.980270580011215,46.17743056014595],[14.984446075811976,46.179079774166425],[14.983896393635213,46.180184136040104],[14.98523750671518,46.17949414753032],[14.990318460372073,46.18024703088647],[14.99143379355036,46.18117680992592],[14.99532108347256,46.18056720233631],[14.996145310560031,46.18133713447632],[14.9945891654046,46.18200693153029],[14.994743012764559,46.18316488032018],[14.991110904109194,46.18445402067029],[14.988439611312431,46.18443256702792],[14.987575755879195,46.18391574856619],[14.987830868855898,46.18245717022824],[14.985108616069333,46.18230596429311],[14.988168628010119,46.184766615604175],[14.987101766772684,46.185856019154755],[14.988944020577852,46.18519586933265],[14.989826291434298,46.18580537500611],[14.988609136218296,46.187318483728525],[14.986052856494833,46.18719614323894],[14.987829192064291,46.18795995426335],[14.987326119647367,46.18896061785676],[14.98177111825519,46.18972341750147],[14.97968074386478,46.18833201337241],[14.979368503661245,46.187044973148616],[14.976146983175168,46.18659538965846],[14.974265580164678,46.1846493582783],[14.972002151088414,46.18479140968662],[14.975639466924944,46.18323473531389],[14.978414792970558,46.18526324871004],[14.979946862422496,46.18466431386274],[14.980394778363824,46.18382412689561],[14.977135673902044,46.18232763277168],[14.978658439258004,46.18076225863565],[14.975999524964653,46.1826726474492],[14.9712339541198,46.183942873413315],[14.969997261835044,46.182948883706324],[14.970393656754046,46.18180868391928],[14.97474534584854,46.1790324974621],[14.971472867062142,46.18028715216467],[14.970272928693692,46.176724537081796],[14.970634578407047,46.17952067775341],[14.969955574913385,46.18007255665552],[14.965343077321698,46.179313679372854],[14.967564858614148,46.180090945478504],[14.962396197937835,46.18083629434623],[14.961070277284147,46.17922295228302],[14.962487552587797,46.177348539992174],[14.961061621463282,46.17640828500786],[14.961395207597873,46.17529697617041],[14.963653274289426,46.175416432067266]],[[14.969830619901993,46.16756380825285],[14.969387905013452,46.16789686866821],[14.969247604353512,46.16704127537054],[14.969830619901993,46.16756380825285]]]}},{"type":"Feature","properties":{"_zoneType":"SI_BUILT","name":"Pozidano zemljišče","authority":"MKGP","dataSource":"raba-3000"},"geometry":{"type":"Polygon","coordinates":[[[14.997526862791565,46.161536257526116],[14.998039378147055,46.165447237319476],[14.998079465813891,46.16025526481633],[14.998281137886398,46.160000000000004],[14.997881011259762,46.160000000000004],[14.997526862791565,46.161536257526116]]]}},{"type":"Feature","properties":{"_zoneType":"SI_BUILT","name":"Pozidano zemljišče","authority":"MKGP","dataSource":"raba-3000"},"geometry":{"type":"Polygon","coordinates":[[[14.960683313592357,46.16685143791414],[14.964471532365948,46.16872322463518],[14.961586666288532,46.16666209256918],[14.96222046683107,46.16505977799299],[14.96,46.16463136834168],[14.96,46.165113500497824],[14.960014352400595,46.165151405551995],[14.96,46.16517577219996],[14.96,46.167609936214795],[14.960683313592357,46.16685143791414]]]}},{"type":"Feature","properties":{"_zoneType":"SI_BUILT","name":"Pozidano zemljišče","authority":"MKGP","dataSource":"raba-3000"},"geometry":{"type":"Polygon","coordinates":[[[14.960569557299014,46.16354632040651],[14.96,46.16281270016293],[14.96,46.16435070228478],[14.960569557299014,46.16354632040651]]]}},{"type":"Feature","properties":{"_zoneType":"SI_BUILT","name":"Pozidano zemljišče","authority":"MKGP","dataSource":"raba-3000"},"geometry":{"type":"Polygon","coordinates":[[[14.964176846178926,46.160848138892085],[14.96587179322434,46.16241439633351],[14.967009414909548,46.161668573034355],[14.96517961536801,46.16023753209331],[14.965310009953743,46.160000000000004],[14.964052387351233,46.160000000000004],[14.963226053521325,46.160388350768855],[14.962192853850942,46.160000000000004],[14.961048760065957,46.160000000000004],[14.962254352369262,46.16063776958008],[14.96136177540991,46.161177588718786],[14.960350604445466,46.160504767684984],[14.96052071863056,46.16148750482596],[14.96,46.16155847212292],[14.96,46.162069257963694],[14.964176846178926,46.160848138892085]]]}},{"type":"Feature","properties":{"_zoneType":"SI_BUILT","name":"Pozidano zemljišče","authority":"MKGP","dataSource":"raba-3000"},"geometry":{"type":"Polygon","coordinates":[[[14.999999999999998,46.09538855842519],[14.999999999999998,46.09503014426108],[14.99993697258773,46.09516737720919],[14.999999999999998,46.09538855842519]]]}},{"type":"Feature","properties":{"_zoneType":"SI_BUILT","name":"Pozidano zemljišče","authority":"MKGP","dataSource":"raba-3000"},"geometry":{"type":"Polygon","coordinates":[[[14.992285994629274,46.10097260689744],[14.992607750121984,46.102065947293084],[14.994893527048218,46.10258707153434],[14.993560300361104,46.101211306243414],[14.994177040378473,46.099454761922416],[14.995977598697834,46.10117056699026],[14.996291569156547,46.0995088767376],[14.998258213947969,46.09996066979399],[14.997329746290617,46.09880135541319],[14.999934966329503,46.09841422102387],[14.994083902531688,46.09919619738037],[14.992285994629274,46.10097260689744]]]}},{"type":"Feature","properties":{"_zoneType":"SI_BUILT","name":"Pozidano zemljišče","authority":"MKGP","dataSource":"raba-3000"},"geometry":{"type":"Polygon","coordinates":[[[14.995834704948809,46.083771932880694],[14.993236169149199,46.084171590135284],[14.994724535144577,46.08476497958669],[14.997896748255908,46.082964028626854],[14.999999999999998,46.08397116855238],[14.998924932930517,46.082659719037615],[14.999928006394958,46.08047213451781],[14.996487848343277,46.08246212724397],[14.995834704948809,46.083771932880694]]]}},{"type":"Feature","properties":{"_zoneType":"SI_BUILT","name":"Pozidano zemljišče","authority":"MKGP","dataSource":"raba-3000"},"geometry":{"type":"Polygon","coordinates":[[[14.99909643588867,46.06137946363396],[14.999924236527916,46.061754382374644],[14.99926772778638,46.06122069551649],[14.99909643588867,46.06137946363396]]]}},{"type":"Feature","properties":{"_zoneType":"SI_BUILT","name":"Pozidano zemljišče","authority":"MKGP","dataSource":"raba-3000"},"geometry":{"type":"Polygon","coordinates":[[[14.969951895482867,46.039798629784656],[14.96859446714833,46.03979826485945],[14.969703423691552,46.03983455451686],[14.969951895482867,46.039798629784656]]]}},{"type":"Feature","properties":{"_zoneType":"SI_BUILT","name":"Pozidano zemljišče","authority":"MKGP","dataSource":"raba-3000"},"geometry":{"type":"Polygon","coordinates":[[[14.979475503889166,46.03980073674405],[14.97923093487003,46.039800692564306],[14.979341964481153,46.03982686075467],[14.979475503889166,46.03980073674405]]]}},{"type":"Feature","properties":{"_zoneType":"SI_BUILT","name":"Pozidano zemljišče","authority":"MKGP","dataSource":"raba-3000"},"geometry":{"type":"Polygon","coordinates":[[[14.980363918861642,46.03980089282688],[14.979935671577373,46.03980081845154],[14.98013243435119,46.03984544002396],[14.980363918861642,46.03980089282688]]]}},{"type":"Feature","properties":{"_zoneType":"SI_BUILT","name":"Pozidano zemljišče","authority":"MKGP","dataSource":"raba-3000"},"geometry":{"type":"Polygon","coordinates":[[[14.980802394136134,46.03980096731605],[14.980421852579823,46.039800902765236],[14.980626876688396,46.03983648667518],[14.980802394136134,46.03980096731605]]]}},{"type":"Feature","properties":{"_zoneType":"SI_BUILT","name":"Pozidano zemljišče","authority":"MKGP","dataSource":"raba-3000"},"geometry":{"type":"Polygon","coordinates":[[[14.9815476099291,46.039801090056095],[14.981428145808477,46.03980107070689],[14.981490282880355,46.03980968149007],[14.9815476099291,46.039801090056095]]]}},{"type":"Feature","properties":{"_zoneType":"SI_BUILT","name":"Pozidano zemljišče","authority":"MKGP","dataSource":"raba-3000"},"geometry":{"type":"Polygon","coordinates":[[[14.919761247231552,46.03977441469648],[14.919669033030996,46.04],[14.919973108776603,46.04],[14.919761247231552,46.03977441469648]]]}},{"type":"Feature","properties":{"_zoneType":"SI_BUILT","name":"Pozidano zemljišče","authority":"MKGP","dataSource":"raba-3000"},"geometry":{"type":"Polygon","coordinates":[[[14.897823660170854,46.039919518935854],[14.895013751713345,46.03975952917675],[14.895013308339365,46.04],[14.897600773735698,46.04],[14.897823660170854,46.039919518935854]]]}},{"type":"Feature","properties":{"_zoneType":"SI_BUILT","name":"Pozidano zemljišče","authority":"MKGP","dataSource":"raba-3000"},"geometry":{"type":"Polygon","coordinates":[[[14.892660676100272,46.04144663725606],[14.892835485910267,46.04226430562207],[14.895062639567278,46.042724662297346],[14.894347220332966,46.04383727266329],[14.895156401649592,46.04468770413788],[14.899255019159062,46.04596903940429],[14.90760481655121,46.04725068891506],[14.909569451523955,46.047081045077086],[14.909794196750962,46.04565552124519],[14.915951317216251,46.046456354171404],[14.919647473360959,46.04580423292173],[14.92,46.046163796399185],[14.92,46.044577369213684],[14.916686771585395,46.04497295403839],[14.914303900651065,46.04273196224441],[14.914029601547858,46.04509665915975],[14.909160535330363,46.0454165103607],[14.909564225281349,46.04409842810568],[14.904915371831258,46.04327106670672],[14.908490427109713,46.044749351901665],[14.908313950058398,46.045835727247876],[14.906459829266256,46.046578830467865],[14.903718712051843,46.04537789844565],[14.901438904978125,46.045913800279216],[14.900248444027227,46.044618972714304],[14.899416826641747,46.04533115755907],[14.896654876555656,46.04455995971106],[14.89537877360077,46.04347293637983],[14.89591161657104,46.042259455932495],[14.894821946319086,46.042070418032004],[14.895602181673025,46.04072166265248],[14.897600773735698,46.04],[14.895013308339365,46.04],[14.895010958447507,46.041274500660045],[14.892660676100272,46.04144663725606]],[[14.917544768677374,46.04574222330085],[14.916828525182158,46.04574995573172],[14.917542539727513,46.04540867183616],[14.917544768677374,46.04574222330085]],[[14.916652623725433,46.045415871454],[14.912473090509957,46.04582028316788],[14.915639564138726,46.04468673424013],[14.916652623725433,46.045415871454]]]}},{"type":"Feature","properties":{"_zoneType":"SI_BUILT","name":"Pozidano zemljišče","authority":"MKGP","dataSource":"raba-3000"},"geometry":{"type":"Polygon","coordinates":[[[14.919973108776603,46.04],[14.919669033030996,46.04],[14.919417808706186,46.040614574709984],[14.92,46.04104354885113],[14.92,46.040028633156574],[14.919973108776603,46.04]]]}},{"type":"Feature","properties":{"_zoneType":"SI_BUILT","name":"Pozidano zemljišče","authority":"MKGP","dataSource":"raba-3000"},"geometry":{"type":"Polygon","coordinates":[[[14.921013826521937,46.04719786006811],[14.920445413702506,46.046557061994164],[14.921432298513247,46.04577089120362],[14.924899357256415,46.04704896858049],[14.927558568887441,46.04970811238959],[14.92851240346496,46.04945913436189],[14.927806196098874,46.048152488193125],[14.925675818796053,46.04734286961678],[14.926233423053546,46.04626314786892],[14.924741544389521,46.046741115238746],[14.921304431435152,46.04520385565513],[14.923412997966958,46.04366271494379],[14.92,46.040028633156574],[14.92,46.04104354885113],[14.922325173242013,46.04275679878305],[14.920060798074761,46.044570110192346],[14.92,46.044577369213684],[14.92,46.046163796399185],[14.921013826521937,46.04719786006811]]]}},{"type":"Feature","properties":{"_zoneType":"SI_BUILT","name":"Pozidano zemljišče","authority":"MKGP","dataSource":"raba-3000"},"geometry":{"type":"Polygon","coordinates":[[[14.903459183067984,46.03976180762089],[14.902803617542311,46.04],[14.903199120429411,46.04],[14.903459183067984,46.03976180762089]]]}},{"type":"Feature","properties":{"_zoneType":"SI_BUILT","name":"Pozidano zemljišče","authority":"MKGP","dataSource":"raba-3000"},"geometry":{"type":"Polygon","coordinates":[[[14.899474895784198,46.03977430102388],[14.899854430336143,46.04],[14.90025025496379,46.04],[14.899474895784198,46.03977430102388]]]}},{"type":"Feature","properties":{"_zoneType":"SI_BUILT","name":"Pozidano zemljišče","authority":"MKGP","dataSource":"raba-3000"},"geometry":{"type":"Polygon","coordinates":[[[14.906097896342827,46.04279558541098],[14.904650385730154,46.040875255354514],[14.90249004676653,46.04064944331739],[14.903199120429411,46.04],[14.902803617542311,46.04],[14.901667882477504,46.040412656594235],[14.90025025496379,46.04],[14.899854430336143,46.04],[14.902795937485337,46.041749235078626],[14.906097896342827,46.04279558541098]]]}},{"type":"Feature","properties":{"_zoneType":"SI_BUILT","name":"Pozidano zemljišče","authority":"MKGP","dataSource":"raba-3000"},"geometry":{"type":"Polygon","coordinates":[[[14.906785271619441,46.03976866109572],[14.907055202310422,46.04],[14.908164387998786,46.04],[14.906785271619441,46.03976866109572]]]}},{"type":"Feature","properties":{"_zoneType":"SI_BUILT","name":"Pozidano zemljišče","authority":"MKGP","dataSource":"raba-3000"},"geometry":{"type":"Polygon","coordinates":[[[14.909888219173567,46.04106507492963],[14.91101039683111,46.041911470278265],[14.910690113496218,46.04042367604202],[14.908164387998786,46.04],[14.907055202310422,46.04],[14.908820317703636,46.04151275818065],[14.909888219173567,46.04106507492963]]]}},{"type":"Feature","properties":{"_zoneType":"SI_BUILT","name":"Pozidano zemljišče","authority":"MKGP","dataSource":"raba-3000"},"geometry":{"type":"Polygon","coordinates":[[[14.99770017934239,46.055208152417116],[14.999494129866438,46.05615048625961],[14.999987912522236,46.05507168279624],[14.998840272412039,46.055704719053665],[14.99770017934239,46.055208152417116]]]}},{"type":"Feature","properties":{"_zoneType":"SI_BUILT","name":"Pozidano zemljišče","authority":"MKGP","dataSource":"raba-3000"},"geometry":{"type":"Polygon","coordinates":[[[14.846783706927793,46.03969988445903],[14.846369659329087,46.03969932866733],[14.846707194997707,46.03989900040063],[14.846783706927793,46.03969988445903]]]}},{"type":"Feature","properties":{"_zoneType":"SI_BUILT","name":"Pozidano zemljišče","authority":"MKGP","dataSource":"raba-3000"},"geometry":{"type":"Polygon","coordinates":[[[14.901824669140087,46.04474440502655],[14.901604640149035,46.04462117113217],[14.901672362374896,46.044877653150806],[14.901824669140087,46.04474440502655]]]}},{"type":"Feature","properties":{"_zoneType":"SI_BUILT","name":"Pozidano zemljišče","authority":"MKGP","dataSource":"raba-3000"},"geometry":{"type":"Polygon","coordinates":[[[14.890326383508405,46.05087225795825],[14.890031108617226,46.050700073824395],[14.889867972715745,46.05112299191385],[14.890326383508405,46.05087225795825]]]}},{"type":"Feature","properties":{"_zoneType":"SI_BUILT","name":"Pozidano zemljišče","authority":"MKGP","dataSource":"raba-3000"},"geometry":{"type":"Polygon","coordinates":[[[14.892261551020114,46.04942267052434],[14.891920960532516,46.049358587969515],[14.892191308819394,46.049578160240756],[14.892261551020114,46.04942267052434]]]}},{"type":"Feature","properties":{"_zoneType":"SI_BUILT","name":"Pozidano zemljišče","authority":"MKGP","dataSource":"raba-3000"},"geometry":{"type":"Polygon","coordinates":[[[14.910788307306508,46.057484262839026],[14.910453729155826,46.05738548552059],[14.910668295340093,46.057650086136626],[14.910788307306508,46.057484262839026]]]}},{"type":"Feature","properties":{"_zoneType":"SI_BUILT","name":"Pozidano zemljišče","authority":"MKGP","dataSource":"raba-3000"},"geometry":{"type":"Polygon","coordinates":[[[14.973640911460274,46.04343023031634],[14.972929949845579,46.044132760655366],[14.973696504143533,46.04367639664999],[14.973640911460274,46.04343023031634]]]}},{"type":"Feature","properties":{"_zoneType":"SI_BUILT","name":"Pozidano zemljišče","authority":"MKGP","dataSource":"raba-3000"},"geometry":{"type":"Polygon","coordinates":[[[14.896891830677577,46.195745591872374],[14.896776034633504,46.19562088898109],[14.896032984929034,46.195797083405374],[14.896891830677577,46.195745591872374]]]}},{"type":"Feature","properties":{"_zoneType":"SI_BUILT","name":"Pozidano zemljišče","authority":"MKGP","dataSource":"raba-3000"},"geometry":{"type":"Polygon","coordinates":[[[14.962072858606895,46.2],[14.961869832548974,46.19985176720907],[14.96201591104773,46.2],[14.962072858606895,46.2]]]}},{"type":"Feature","properties":{"_zoneType":"SI_BUILT","name":"Pozidano zemljišče","authority":"MKGP","dataSource":"raba-3000"},"geometry":{"type":"Polygon","coordinates":[[[14.984944066184202,46.196004296941474],[14.986063139828639,46.197220591316636],[14.98697675721461,46.1966499405434],[14.985372099094498,46.195494402062124],[14.982668990087328,46.1969561350242],[14.982266695193099,46.2],[14.98258252820739,46.2],[14.98299868626889,46.19717354092023],[14.984944066184202,46.196004296941474]]]}},{"type":"Feature","properties":{"_zoneType":"SI_BUILT","name":"Pozidano zemljišče","authority":"MKGP","dataSource":"raba-3000"},"geometry":{"type":"Polygon","coordinates":[[[14.981353665717775,46.194104311287475],[14.981637709886956,46.193975189668215],[14.98120455429262,46.19394288824976],[14.981353665717775,46.194104311287475]]]}},{"type":"Feature","properties":{"_zoneType":"SI_BUILT","name":"Pozidano zemljišče","authority":"MKGP","dataSource":"raba-3000"},"geometry":{"type":"Polygon","coordinates":[[[14.999812979233363,46.086158187635256],[14.999999999999998,46.086166635463016],[14.999767782437319,46.08600874716818],[14.999812979233363,46.086158187635256]]]}},{"type":"Feature","properties":{"_zoneType":"SI_BUILT","name":"Pozidano zemljišče","authority":"MKGP","dataSource":"raba-3000"},"geometry":{"type":"Polygon","coordinates":[[[14.89979709772059,46.06464585093938],[14.899579854903813,46.064545076588395],[14.897643692995995,46.06613523482075],[14.89979709772059,46.06464585093938]]]}},{"type":"Feature","properties":{"_zoneType":"SI_BUILT","name":"Pozidano zemljišče","authority":"MKGP","dataSource":"raba-3000"},"geometry":{"type":"Polygon","coordinates":[[[14.90318664716099,46.0615304423693],[14.903451510999368,46.06157514963906],[14.903853016316466,46.060992002364884],[14.90318664716099,46.0615304423693]]]}},{"type":"Feature","properties":{"_zoneType":"SI_BUILT","name":"Pozidano zemljišče","authority":"MKGP","dataSource":"raba-3000"},"geometry":{"type":"Polygon","coordinates":[[[14.87568911065587,46.040895243583584],[14.876065698532722,46.040852601143754],[14.875687577811783,46.04074935003886],[14.87568911065587,46.040895243583584]]]}},{"type":"Feature","properties":{"_zoneType":"SI_BUILT","name":"Pozidano zemljišče","authority":"MKGP","dataSource":"raba-3000"},"geometry":{"type":"Polygon","coordinates":[[[14.997717072573405,46.17450540686875],[14.999999999999998,46.1749423950122],[14.99822461553564,46.174033500386194],[14.999999999999998,46.17372404821543],[14.998554064688948,46.1706430146645],[14.995728805372837,46.169780073266594],[14.994561982103633,46.1705814056051],[14.996628007768045,46.17103501558986],[14.997717072573405,46.17450540686875]],[[14.9981720448831,46.171228823666944],[14.997846889205617,46.17165113978296],[14.997180511139913,46.17091049728635],[14.9981720448831,46.171228823666944]]]}},{"type":"Feature","properties":{"_zoneType":"SI_BUILT","name":"Pozidano zemljišče","authority":"MKGP","dataSource":"raba-3000"},"geometry":{"type":"Polygon","coordinates":[[[14.999999999999998,46.16942941593804],[14.999999999999998,46.16917464427785],[14.999742430115775,46.1692786123265],[14.999999999999998,46.16942941593804]]]}},{"type":"Feature","properties":{"_zoneType":"SI_BUILT","name":"Pozidano zemljišče","authority":"MKGP","dataSource":"raba-3000"},"geometry":{"type":"Polygon","coordinates":[[[14.967622540758018,46.16558562929526],[14.967845433584376,46.1658357390207],[14.968031182518361,46.165528786036326],[14.967622540758018,46.16558562929526]]]}},{"type":"Feature","properties":{"_zoneType":"SI_BUILT","name":"Pozidano zemljišče","authority":"MKGP","dataSource":"raba-3000"},"geometry":{"type":"Polygon","coordinates":[[[14.968158891931122,46.16186310264476],[14.967119807430132,46.16171369623979],[14.967786418361262,46.16236764072843],[14.968158891931122,46.16186310264476]]]}},{"type":"Feature","properties":{"_zoneType":"SI_BUILT","name":"Pozidano zemljišče","authority":"MKGP","dataSource":"raba-3000"},"geometry":{"type":"Polygon","coordinates":[[[14.999999999999998,46.12198190101174],[14.99997311813048,46.121199789568465],[14.999615334572718,46.12171262521103],[14.999999999999998,46.12198190101174]]]}},{"type":"Feature","properties":{"_zoneType":"SI_BUILT","name":"Pozidano zemljišče","authority":"MKGP","dataSource":"raba-3000"},"geometry":{"type":"Polygon","coordinates":[[[14.999262468580286,46.06976097614723],[14.998838814170162,46.069513502881065],[14.99873224299417,46.07000653256225],[14.999262468580286,46.06976097614723]]]}},{"type":"Feature","properties":{"_zoneType":"SI_BUILT","name":"Pozidano zemljišče","authority":"MKGP","dataSource":"raba-3000"},"geometry":{"type":"Polygon","coordinates":[[[14.99744068435304,46.06526735733097],[14.996216060897172,46.06504286751944],[14.996854019265175,46.06538211847671],[14.99744068435304,46.06526735733097]]]}},{"type":"Feature","properties":{"_zoneType":"SI_BUILT","name":"Pozidano zemljišče","authority":"MKGP","dataSource":"raba-3000"},"geometry":{"type":"Polygon","coordinates":[[[14.987437276874738,46.03980188916034],[14.986887417627894,46.03980182740045],[14.986708861881322,46.04],[14.987118275455902,46.04],[14.987437276874738,46.03980188916034]]]}},{"type":"Feature","properties":{"_zoneType":"SI_BUILT","name":"Pozidano zemljišče","authority":"MKGP","dataSource":"raba-3000"},"geometry":{"type":"Polygon","coordinates":[[[14.987118275455902,46.04],[14.986708861881322,46.04],[14.986188721822746,46.04057728473888],[14.987118275455902,46.04]]]}},{"type":"Feature","properties":{"_zoneType":"SI_BUILT","name":"Pozidano zemljišče","authority":"MKGP","dataSource":"raba-3000"},"geometry":{"type":"Polygon","coordinates":[[[14.994229599708131,46.0398024339064],[14.993906831160167,46.04],[14.994134736956116,46.04],[14.994229599708131,46.0398024339064]]]}},{"type":"Feature","properties":{"_zoneType":"SI_BUILT","name":"Pozidano zemljišče","authority":"MKGP","dataSource":"raba-3000"},"geometry":{"type":"Polygon","coordinates":[[[14.991668455175867,46.03981218171647],[14.991768613157483,46.04],[14.991932935332489,46.04],[14.991668455175867,46.03981218171647]]]}},{"type":"Feature","properties":{"_zoneType":"SI_BUILT","name":"Pozidano zemljišče","authority":"MKGP","dataSource":"raba-3000"},"geometry":{"type":"Polygon","coordinates":[[[14.990547039768055,46.04059913677109],[14.988857256425707,46.04279116831215],[14.987184179061718,46.04292166421431],[14.988975657064904,46.043278455850505],[14.988930486063142,46.04431052124434],[14.991041335408868,46.04599711177708],[14.990538801911827,46.04682692976323],[14.991522974832167,46.046221739543725],[14.98940448842838,46.043894412699494],[14.9898886241668,46.041893739984786],[14.993075540315726,46.04220593792767],[14.994134736956116,46.04],[14.993906831160167,46.04],[14.992846701886121,46.04064890337272],[14.991932935332489,46.04],[14.991768613157483,46.04],[14.992815662610463,46.04196344842276],[14.990547039768055,46.04059913677109]]]}},{"type":"Feature","properties":{"_zoneType":"SI_BUILT","name":"Pozidano zemljišče","authority":"MKGP","dataSource":"raba-3000"},"geometry":{"type":"Polygon","coordinates":[[[14.975206128704896,46.1251006586654],[14.975053099071225,46.12541219801926],[14.975426039817968,46.125185674688254],[14.975206128704896,46.1251006586654]]]}},{"type":"Feature","properties":{"_zoneType":"SI_BUILT","name":"Pozidano zemljišče","authority":"MKGP","dataSource":"raba-3000"},"geometry":{"type":"Polygon","coordinates":[[[14.926813450612002,46.108005856884006],[14.927712969755492,46.10838892390874],[14.928305515191953,46.10921530394013],[14.928041027771565,46.10825815411192],[14.926813450612002,46.108005856884006]]]}},{"type":"Feature","properties":{"_zoneType":"SI_BUILT","name":"Pozidano zemljišče","authority":"MKGP","dataSource":"raba-3000"},"geometry":{"type":"Polygon","coordinates":[[[14.874535346202448,46.10699486024969],[14.874304460570878,46.10800973384842],[14.87482213091377,46.10716621713853],[14.874535346202448,46.10699486024969]]]}},{"type":"Feature","properties":{"_zoneType":"SI_BUILT","name":"Pozidano zemljišče","authority":"MKGP","dataSource":"raba-3000"},"geometry":{"type":"Polygon","coordinates":[[[14.992591429118395,46.07414759848551],[14.992088796295672,46.073907762809384],[14.992454582631343,46.074278326573584],[14.992591429118395,46.07414759848551]]]}},{"type":"Feature","properties":{"_zoneType":"SI_BUILT","name":"Pozidano zemljišče","authority":"MKGP","dataSource":"raba-3000"},"geometry":{"type":"Polygon","coordinates":[[[14.99178796370927,46.170645867983474],[14.991562173996467,46.17046651780997],[14.991543562547633,46.17077448888663],[14.99178796370927,46.170645867983474]]]}},{"type":"Feature","properties":{"_zoneType":"SI_BUILT","name":"Pozidano zemljišče","authority":"MKGP","dataSource":"raba-3000"},"geometry":{"type":"Polygon","coordinates":[[[14.991142585643741,46.11342725203671],[14.991167173447998,46.11359767166977],[14.991510396539955,46.11339549887756],[14.991142585643741,46.11342725203671]]]}},{"type":"Feature","properties":{"_zoneType":"SI_BUILT","name":"Pozidano zemljišče","authority":"MKGP","dataSource":"raba-3000"},"geometry":{"type":"Polygon","coordinates":[[[14.990681442242254,46.06291915871869],[14.991110174174269,46.06318631126698],[14.990862411664995,46.062800347922604],[14.990681442242254,46.06291915871869]]]}},{"type":"Feature","properties":{"_zoneType":"SI_BUILT","name":"Pozidano zemljišče","authority":"MKGP","dataSource":"raba-3000"},"geometry":{"type":"Polygon","coordinates":[[[14.98984515888473,46.18241193417625],[14.990066803056356,46.18257330038331],[14.990144258219614,46.182232967473844],[14.98984515888473,46.18241193417625]]]}},{"type":"Feature","properties":{"_zoneType":"SI_BUILT","name":"Pozidano zemljišče","authority":"MKGP","dataSource":"raba-3000"},"geometry":{"type":"Polygon","coordinates":[[[14.989827507546336,46.192482464503584],[14.989464156080816,46.1924127607208],[14.98965380500223,46.19278966399653],[14.989827507546336,46.192482464503584]]]}},{"type":"Feature","properties":{"_zoneType":"SI_BUILT","name":"Pozidano zemljišče","authority":"MKGP","dataSource":"raba-3000"},"geometry":{"type":"Polygon","coordinates":[[[14.989208502631648,46.07896240756918],[14.988634599182689,46.07888408808839],[14.988918948679546,46.07944957768696],[14.989208502631648,46.07896240756918]]]}},{"type":"Feature","properties":{"_zoneType":"SI_BUILT","name":"Pozidano zemljišče","authority":"MKGP","dataSource":"raba-3000"},"geometry":{"type":"Polygon","coordinates":[[[14.969929676311452,46.15571797468899],[14.977262838245721,46.15175768578873],[14.978389951034535,46.152500390292325],[14.978070824910725,46.15148700677683],[14.980070598354247,46.15007368335589],[14.984981926553193,46.1512786296305],[14.989148073078026,46.14872280328681],[14.984256108066281,46.15078396415673],[14.982261331198833,46.14989818691164],[14.977187227062359,46.14973958640328],[14.97779063701723,46.15025969614973],[14.977057606577693,46.151564731783296],[14.97357135046107,46.15366398309613],[14.97252140442303,46.15315515188215],[14.971410839417072,46.15408853071092],[14.970520644522182,46.15339411844436],[14.967861222301863,46.15440321146081],[14.967815573133615,46.155436301022874],[14.970633066736037,46.15418402601609],[14.969929676311452,46.15571797468899]]]}},{"type":"Feature","properties":{"_zoneType":"SI_BUILT","name":"Pozidano zemljišče","authority":"MKGP","dataSource":"raba-3000"},"geometry":{"type":"Polygon","coordinates":[[[14.968625860472654,46.15322299756094],[14.968121003421512,46.15353950458717],[14.968673678976272,46.153335023527944],[14.968625860472654,46.15322299756094]]]}},{"type":"Feature","properties":{"_zoneType":"SI_BUILT","name":"Pozidano zemljišče","authority":"MKGP","dataSource":"raba-3000"},"geometry":{"type":"Polygon","coordinates":[[[14.98225302842075,46.11906098647817],[14.980597165200164,46.119850318998296],[14.980804998562366,46.12],[14.982490676103344,46.12],[14.98225302842075,46.11906098647817]]]}},{"type":"Feature","properties":{"_zoneType":"SI_BUILT","name":"Pozidano zemljišče","authority":"MKGP","dataSource":"raba-3000"},"geometry":{"type":"Polygon","coordinates":[[[14.983707483940744,46.124315935336],[14.986355431006075,46.12256254899758],[14.98286343647182,46.12147288213619],[14.982490676103344,46.12],[14.980804998562366,46.12],[14.98412514680124,46.12239116140415],[14.983707483940744,46.124315935336]]]}},{"type":"Feature","properties":{"_zoneType":"SI_BUILT","name":"Pozidano zemljišče","authority":"MKGP","dataSource":"raba-3000"},"geometry":{"type":"Polygon","coordinates":[[[14.96934067222307,46.08119776563457],[14.970894023807771,46.080535596585484],[14.967054634625493,46.08013465159009],[14.96934067222307,46.08119776563457]]]}},{"type":"Feature","properties":{"_zoneType":"SI_BUILT","name":"Pozidano zemljišče","authority":"MKGP","dataSource":"raba-3000"},"geometry":{"type":"Polygon","coordinates":[[[14.97876601949013,46.04722700562597],[14.978552210956192,46.04731667901124],[14.979143271138799,46.047817356755445],[14.97876601949013,46.04722700562597]]]}},{"type":"Feature","properties":{"_zoneType":"SI_BUILT","name":"Pozidano zemljišče","authority":"MKGP","dataSource":"raba-3000"},"geometry":{"type":"Polygon","coordinates":[[[14.973305256612965,46.0825635299903],[14.973594072301935,46.08272567189991],[14.973788913784588,46.082284795003496],[14.973305256612965,46.0825635299903]]]}},{"type":"Feature","properties":{"_zoneType":"SI_BUILT","name":"Pozidano zemljišče","authority":"MKGP","dataSource":"raba-3000"},"geometry":{"type":"Polygon","coordinates":[[[14.971978390708154,46.079367439807804],[14.973237330211807,46.079068462644365],[14.972970459625973,46.07890317235828],[14.971978390708154,46.079367439807804]]]}},{"type":"Feature","properties":{"_zoneType":"SI_BUILT","name":"Pozidano zemljišče","authority":"MKGP","dataSource":"raba-3000"},"geometry":{"type":"Polygon","coordinates":[[[14.973415419159238,46.12311664845944],[14.973497130235465,46.12300764932648],[14.972760102889001,46.12197455465193],[14.973415419159238,46.12311664845944]]]}},{"type":"Feature","properties":{"_zoneType":"SI_BUILT","name":"Pozidano zemljišče","authority":"MKGP","dataSource":"raba-3000"},"geometry":{"type":"Polygon","coordinates":[[[14.927140482374684,46.130996932674016],[14.92652223859327,46.13086074972523],[14.926211477136123,46.13113908205021],[14.927140482374684,46.130996932674016]]]}},{"type":"Feature","properties":{"_zoneType":"SI_BUILT","name":"Pozidano zemljišče","authority":"MKGP","dataSource":"raba-3000"},"geometry":{"type":"Polygon","coordinates":[[[14.948834696266436,46.12250682898896],[14.94859772303312,46.12344889103055],[14.950262626466838,46.12299099870474],[14.948834696266436,46.12250682898896]]]}},{"type":"Feature","properties":{"_zoneType":"SI_BUILT","name":"Pozidano zemljišče","authority":"MKGP","dataSource":"raba-3000"},"geometry":{"type":"Polygon","coordinates":[[[14.937095157554861,46.11394912423122],[14.93741522454921,46.11401391631629],[14.93718392438735,46.11372838731504],[14.937095157554861,46.11394912423122]]]}},{"type":"Feature","properties":{"_zoneType":"SI_BUILT","name":"Pozidano zemljišče","authority":"MKGP","dataSource":"raba-3000"},"geometry":{"type":"Polygon","coordinates":[[[14.933384529177227,46.12882928446605],[14.93366650617771,46.1287993606732],[14.933370576398607,46.12865319411733],[14.933384529177227,46.12882928446605]]]}},{"type":"Feature","properties":{"_zoneType":"SI_BUILT","name":"Pozidano zemljišče","authority":"MKGP","dataSource":"raba-3000"},"geometry":{"type":"Polygon","coordinates":[[[14.97115745832436,46.05186324008606],[14.971376685216073,46.05195393263515],[14.972217919275861,46.05162926197336],[14.97115745832436,46.05186324008606]]]}},{"type":"Feature","properties":{"_zoneType":"SI_BUILT","name":"Pozidano zemljišče","authority":"MKGP","dataSource":"raba-3000"},"geometry":{"type":"Polygon","coordinates":[[[14.97143715390914,46.04195070989627],[14.971945514216863,46.04192406432728],[14.971463321124567,46.041833907049586],[14.97143715390914,46.04195070989627]]]}},{"type":"Feature","properties":{"_zoneType":"SI_BUILT","name":"Pozidano zemljišče","authority":"MKGP","dataSource":"raba-3000"},"geometry":{"type":"Polygon","coordinates":[[[14.969595402971354,46.19022429208102],[14.969305878686775,46.19014428848558],[14.969520114087528,46.19037281162797],[14.969595402971354,46.19022429208102]]]}},{"type":"Feature","properties":{"_zoneType":"SI_BUILT","name":"Pozidano zemljišče","authority":"MKGP","dataSource":"raba-3000"},"geometry":{"type":"Polygon","coordinates":[[[14.969407089094615,46.15210468305918],[14.969229090169081,46.15201888330709],[14.968948629343814,46.15244398611917],[14.969407089094615,46.15210468305918]]]}},{"type":"Feature","properties":{"_zoneType":"SI_BUILT","name":"Pozidano zemljišče","authority":"MKGP","dataSource":"raba-3000"},"geometry":{"type":"Polygon","coordinates":[[[14.96754062447434,46.0762143927261],[14.96872640217408,46.077168614848794],[14.968017241619023,46.074539803451536],[14.96754062447434,46.0762143927261]]]}},{"type":"Feature","properties":{"_zoneType":"SI_BUILT","name":"Pozidano zemljišče","authority":"MKGP","dataSource":"raba-3000"},"geometry":{"type":"Polygon","coordinates":[[[14.9685383246371,46.11729220651708],[14.967902142113658,46.11764206961006],[14.968556642733983,46.11740286745809],[14.9685383246371,46.11729220651708]]]}},{"type":"Feature","properties":{"_zoneType":"SI_BUILT","name":"Pozidano zemljišče","authority":"MKGP","dataSource":"raba-3000"},"geometry":{"type":"Polygon","coordinates":[[[14.96692301260256,46.15291575670941],[14.967050720179143,46.15302145523189],[14.967296576144369,46.15264630236787],[14.96692301260256,46.15291575670941]]]}},{"type":"Feature","properties":{"_zoneType":"SI_BUILT","name":"Pozidano zemljišče","authority":"MKGP","dataSource":"raba-3000"},"geometry":{"type":"Polygon","coordinates":[[[14.966305408890557,46.10186250751594],[14.966101022362048,46.10168257992812],[14.965523033396398,46.102159069752325],[14.966305408890557,46.10186250751594]]]}},{"type":"Feature","properties":{"_zoneType":"SI_BUILT","name":"Pozidano zemljišče","authority":"MKGP","dataSource":"raba-3000"},"geometry":{"type":"Polygon","coordinates":[[[14.965838975729252,46.18672246668457],[14.965117083427964,46.186528306480284],[14.96493351037647,46.1871123423703],[14.965838975729252,46.18672246668457]]]}},{"type":"Feature","properties":{"_zoneType":"SI_BUILT","name":"Pozidano zemljišče","authority":"MKGP","dataSource":"raba-3000"},"geometry":{"type":"Polygon","coordinates":[[[14.938589467352733,46.0758845723399],[14.938322466964301,46.075777783251844],[14.93845771070284,46.07603551755869],[14.938589467352733,46.0758845723399]]]}},{"type":"Feature","properties":{"_zoneType":"SI_BUILT","name":"Pozidano zemljišče","authority":"MKGP","dataSource":"raba-3000"},"geometry":{"type":"Polygon","coordinates":[[[14.93379548334449,46.07371241861838],[14.93299700930023,46.073497459399036],[14.933668255753128,46.073820246586145],[14.93379548334449,46.07371241861838]]]}},{"type":"Feature","properties":{"_zoneType":"SI_BUILT","name":"Pozidano zemljišče","authority":"MKGP","dataSource":"raba-3000"},"geometry":{"type":"Polygon","coordinates":[[[14.963364998460804,46.09061151553788],[14.962210053642863,46.090975249429555],[14.963029072463211,46.09095096456405],[14.963364998460804,46.09061151553788]]]}},{"type":"Feature","properties":{"_zoneType":"SI_BUILT","name":"Pozidano zemljišče","authority":"MKGP","dataSource":"raba-3000"},"geometry":{"type":"Polygon","coordinates":[[[14.96292097848681,46.18693953726882],[14.962895258879135,46.18711971082538],[14.96321833097026,46.186957698572826],[14.96292097848681,46.18693953726882]]]}},{"type":"Feature","properties":{"_zoneType":"SI_BUILT","name":"Pozidano zemljišče","authority":"MKGP","dataSource":"raba-3000"},"geometry":{"type":"Polygon","coordinates":[[[14.962364106855894,46.19042356607274],[14.962147684024512,46.19004054477812],[14.961724760147915,46.19067179856771],[14.962364106855894,46.19042356607274]]]}},{"type":"Feature","properties":{"_zoneType":"SI_BUILT","name":"Pozidano zemljišče","authority":"MKGP","dataSource":"raba-3000"},"geometry":{"type":"Polygon","coordinates":[[[14.96036323498463,46.10842556853007],[14.96032376520059,46.10859250472943],[14.960661705810443,46.1084693614432],[14.96036323498463,46.10842556853007]]]}},{"type":"Feature","properties":{"_zoneType":"SI_BUILT","name":"Pozidano zemljišče","authority":"MKGP","dataSource":"raba-3000"},"geometry":{"type":"Polygon","coordinates":[[[14.959021849886485,46.18895882087554],[14.958362927745581,46.18921541691469],[14.96,46.18961082237493],[14.96,46.18939187216042],[14.959021849886485,46.18895882087554]]]}},{"type":"Feature","properties":{"_zoneType":"SI_BUILT","name":"Pozidano zemljišče","authority":"MKGP","dataSource":"raba-3000"},"geometry":{"type":"Polygon","coordinates":[[[14.96033111246026,46.18953846384852],[14.96,46.18939187216042],[14.96,46.18961082237493],[14.960141362311,46.189644965907384],[14.96033111246026,46.18953846384852]]]}},{"type":"Feature","properties":{"_zoneType":"SI_BUILT","name":"Pozidano zemljišče","authority":"MKGP","dataSource":"raba-3000"},"geometry":{"type":"Polygon","coordinates":[[[14.959059568927758,46.08975160608414],[14.9592551819946,46.0898829264514],[14.959252502959382,46.089606471607084],[14.959059568927758,46.08975160608414]]]}},{"type":"Feature","properties":{"_zoneType":"SI_BUILT","name":"Pozidano zemljišče","authority":"MKGP","dataSource":"raba-3000"},"geometry":{"type":"Polygon","coordinates":[[[14.959374589446245,46.185100442457916],[14.959186852659531,46.18449115493598],[14.958302634647062,46.18539976694935],[14.959374589446245,46.185100442457916]]]}},{"type":"Feature","properties":{"_zoneType":"SI_BUILT","name":"Pozidano zemljišče","authority":"MKGP","dataSource":"raba-3000"},"geometry":{"type":"Polygon","coordinates":[[[14.959189457526806,46.06511522363763],[14.959158492642258,46.06492407713769],[14.958851057088383,46.065131882648046],[14.959189457526806,46.06511522363763]]]}},{"type":"Feature","properties":{"_zoneType":"SI_BUILT","name":"Pozidano zemljišče","authority":"MKGP","dataSource":"raba-3000"},"geometry":{"type":"Polygon","coordinates":[[[14.957111156730646,46.039794532680766],[14.957301225241686,46.04],[14.957457548859463,46.04],[14.957111156730646,46.039794532680766]]]}},{"type":"Feature","properties":{"_zoneType":"SI_BUILT","name":"Pozidano zemljišče","authority":"MKGP","dataSource":"raba-3000"},"geometry":{"type":"Polygon","coordinates":[[[14.956191205139756,46.04131567022893],[14.95887430257025,46.040840367210315],[14.957457548859463,46.04],[14.957301225241686,46.04],[14.958091842944075,46.040854671291726],[14.95490794699216,46.04127351134947],[14.955860011586358,46.0421408761211],[14.956191205139756,46.04131567022893]]]}},{"type":"Feature","properties":{"_zoneType":"SI_BUILT","name":"Pozidano zemljišče","authority":"MKGP","dataSource":"raba-3000"},"geometry":{"type":"Polygon","coordinates":[[[14.95592259185672,46.146171376854326],[14.954733486262008,46.14593744288468],[14.954599999015311,46.14633292576732],[14.95592259185672,46.146171376854326]]]}},{"type":"Feature","properties":{"_zoneType":"SI_BUILT","name":"Pozidano zemljišče","authority":"MKGP","dataSource":"raba-3000"},"geometry":{"type":"Polygon","coordinates":[[[14.95839328021207,46.14650148378247],[14.95741609032539,46.14609376512256],[14.956342789680571,46.146206455200264],[14.957013805028545,46.14707907477827],[14.95839328021207,46.14650148378247]]]}},{"type":"Feature","properties":{"_zoneType":"SI_BUILT","name":"Pozidano zemljišče","authority":"MKGP","dataSource":"raba-3000"},"geometry":{"type":"Polygon","coordinates":[[[14.957688502598891,46.080123492999945],[14.957600403774835,46.0803346209112],[14.958009923296046,46.08017911957301],[14.957688502598891,46.080123492999945]]]}},{"type":"Feature","properties":{"_zoneType":"SI_BUILT","name":"Pozidano zemljišče","authority":"MKGP","dataSource":"raba-3000"},"geometry":{"type":"Polygon","coordinates":[[[14.957612140043308,46.10963480489654],[14.957810115413064,46.10829844094331],[14.957160891169218,46.10770039861255],[14.956298951932752,46.108939286067866],[14.957612140043308,46.10963480489654]]]}},{"type":"Feature","properties":{"_zoneType":"SI_BUILT","name":"Pozidano zemljišče","authority":"MKGP","dataSource":"raba-3000"},"geometry":{"type":"Polygon","coordinates":[[[14.957095460126075,46.121733593563484],[14.957246969789535,46.121874321355186],[14.957346757782277,46.12161462186372],[14.957095460126075,46.121733593563484]]]}},{"type":"Feature","properties":{"_zoneType":"SI_BUILT","name":"Pozidano zemljišče","authority":"MKGP","dataSource":"raba-3000"},"geometry":{"type":"Polygon","coordinates":[[[14.957061869515387,46.07269554010066],[14.957207340287647,46.07289353368957],[14.957319012296551,46.072622101492726],[14.957061869515387,46.07269554010066]]]}},{"type":"Feature","properties":{"_zoneType":"SI_BUILT","name":"Pozidano zemljišče","authority":"MKGP","dataSource":"raba-3000"},"geometry":{"type":"Polygon","coordinates":[[[14.955443356813623,46.106773228187706],[14.952131537862803,46.10486733393744],[14.954042773583181,46.104092077658485],[14.950796845281603,46.1049341491145],[14.951021311621822,46.10550558845213],[14.955443356813623,46.106773228187706]]]}},{"type":"Feature","properties":{"_zoneType":"SI_BUILT","name":"Pozidano zemljišče","authority":"MKGP","dataSource":"raba-3000"},"geometry":{"type":"Polygon","coordinates":[[[14.955905662133645,46.10580887725925],[14.955576874048607,46.10584589418554],[14.955930286119969,46.10598118142039],[14.955905662133645,46.10580887725925]]]}},{"type":"Feature","properties":{"_zoneType":"SI_BUILT","name":"Pozidano zemljišče","authority":"MKGP","dataSource":"raba-3000"},"geometry":{"type":"Polygon","coordinates":[[[14.954762905465333,46.1995625155756],[14.95467927726403,46.19942566940502],[14.953202211962092,46.19909961018759],[14.954762905465333,46.1995625155756]]]}},{"type":"Feature","properties":{"_zoneType":"SI_BUILT","name":"Pozidano zemljišče","authority":"MKGP","dataSource":"raba-3000"},"geometry":{"type":"Polygon","coordinates":[[[14.921297763001728,46.16384245093098],[14.921906841645239,46.16392092381611],[14.921411517087801,46.16370015554424],[14.921297763001728,46.16384245093098]]]}},{"type":"Feature","properties":{"_zoneType":"SI_BUILT","name":"Pozidano zemljišče","authority":"MKGP","dataSource":"raba-3000"},"geometry":{"type":"Polygon","coordinates":[[[14.941119873890646,46.17658649280972],[14.94143538477922,46.17662054642249],[14.941189682701184,46.17639894349991],[14.941119873890646,46.17658649280972]]]}},{"type":"Feature","properties":{"_zoneType":"SI_BUILT","name":"Pozidano zemljišče","authority":"MKGP","dataSource":"raba-3000"},"geometry":{"type":"Polygon","coordinates":[[[14.928570484280032,46.17552576147699],[14.928317342181142,46.17537185764383],[14.927863459742303,46.17566720245335],[14.928570484280032,46.17552576147699]]]}},{"type":"Feature","properties":{"_zoneType":"SI_BUILT","name":"Pozidano zemljišče","authority":"MKGP","dataSource":"raba-3000"},"geometry":{"type":"Polygon","coordinates":[[[14.916027970956213,46.1802746814203],[14.914589001536168,46.180961650312256],[14.915423983220762,46.18071228568605],[14.916027970956213,46.1802746814203]]]}},{"type":"Feature","properties":{"_zoneType":"SI_BUILT","name":"Pozidano zemljišče","authority":"MKGP","dataSource":"raba-3000"},"geometry":{"type":"Polygon","coordinates":[[[14.949967541572013,46.162933555353824],[14.94991749686286,46.162712990500005],[14.94946121437719,46.16297987835777],[14.949967541572013,46.162933555353824]]]}},{"type":"Feature","properties":{"_zoneType":"SI_BUILT","name":"Pozidano zemljišče","authority":"MKGP","dataSource":"raba-3000"},"geometry":{"type":"Polygon","coordinates":[[[14.949050226635766,46.075967258128685],[14.949374960061458,46.07605814692343],[14.949187982774378,46.075800560083785],[14.949050226635766,46.075967258128685]]]}},{"type":"Feature","properties":{"_zoneType":"SI_BUILT","name":"Pozidano zemljišče","authority":"MKGP","dataSource":"raba-3000"},"geometry":{"type":"Polygon","coordinates":[[[14.94880950910998,46.194883739720986],[14.947990146010497,46.19464446949129],[14.948659731151226,46.195005761678274],[14.94880950910998,46.194883739720986]]]}},{"type":"Feature","properties":{"_zoneType":"SI_BUILT","name":"Pozidano zemljišče","authority":"MKGP","dataSource":"raba-3000"},"geometry":{"type":"Polygon","coordinates":[[[14.944996283864743,46.146140564764984],[14.94532747302255,46.14614849664151],[14.94501106082671,46.14596630281903],[14.944996283864743,46.146140564764984]]]}},{"type":"Feature","properties":{"_zoneType":"SI_BUILT","name":"Pozidano zemljišče","authority":"MKGP","dataSource":"raba-3000"},"geometry":{"type":"Polygon","coordinates":[[[14.947454990538144,46.101868123210416],[14.947551873557982,46.1020947300232],[14.948172342994585,46.10211342870316],[14.947454990538144,46.101868123210416]]]}},{"type":"Feature","properties":{"_zoneType":"SI_BUILT","name":"Pozidano zemljišče","authority":"MKGP","dataSource":"raba-3000"},"geometry":{"type":"Polygon","coordinates":[[[14.948016649611088,46.11675282601288],[14.947596413024824,46.1167472737215],[14.947939108701215,46.11695662125665],[14.948016649611088,46.11675282601288]]]}},{"type":"Feature","properties":{"_zoneType":"SI_BUILT","name":"Pozidano zemljišče","authority":"MKGP","dataSource":"raba-3000"},"geometry":{"type":"Polygon","coordinates":[[[14.933058805336255,46.15148024390737],[14.931813233625757,46.15222313770726],[14.932887603588375,46.152819311453854],[14.933287870291636,46.151730049531594],[14.933058805336255,46.15148024390737]]]}},{"type":"Feature","properties":{"_zoneType":"SI_BUILT","name":"Pozidano zemljišče","authority":"MKGP","dataSource":"raba-3000"},"geometry":{"type":"Polygon","coordinates":[[[14.94730972993037,46.11106379402062],[14.947229096549979,46.11082830669676],[14.946981809522502,46.111124030090046],[14.94730972993037,46.11106379402062]]]}},{"type":"Feature","properties":{"_zoneType":"SI_BUILT","name":"Pozidano zemljišče","authority":"MKGP","dataSource":"raba-3000"},"geometry":{"type":"Polygon","coordinates":[[[14.944992596548156,46.13386167556043],[14.945059253573119,46.13400478809725],[14.945992703991012,46.13415866994103],[14.944992596548156,46.13386167556043]]]}},{"type":"Feature","properties":{"_zoneType":"SI_BUILT","name":"Pozidano zemljišče","authority":"MKGP","dataSource":"raba-3000"},"geometry":{"type":"Polygon","coordinates":[[[14.942835327715366,46.10050703014972],[14.94310106525932,46.100637134935425],[14.942996983251485,46.100340696507196],[14.942835327715366,46.10050703014972]]]}},{"type":"Feature","properties":{"_zoneType":"SI_BUILT","name":"Pozidano zemljišče","authority":"MKGP","dataSource":"raba-3000"},"geometry":{"type":"Polygon","coordinates":[[[14.945506883812751,46.099777474874244],[14.943765537129885,46.09908027008103],[14.943637234047275,46.100216772913036],[14.945095581363313,46.100320560632426],[14.945506883812751,46.099777474874244]]]}},{"type":"Feature","properties":{"_zoneType":"SI_BUILT","name":"Pozidano zemljišče","authority":"MKGP","dataSource":"raba-3000"},"geometry":{"type":"Polygon","coordinates":[[[14.943439756127333,46.12860157884039],[14.943562468350036,46.12880196630456],[14.943765220503304,46.12849486403612],[14.943439756127333,46.12860157884039]]]}},{"type":"Feature","properties":{"_zoneType":"SI_BUILT","name":"Pozidano zemljišče","authority":"MKGP","dataSource":"raba-3000"},"geometry":{"type":"Polygon","coordinates":[[[14.942982404569275,46.188026814674025],[14.940776828710877,46.18705474709783],[14.941140090894871,46.18611675421509],[14.93903134351454,46.18654680281589],[14.941249994272715,46.18857620030347],[14.942982404569275,46.188026814674025]]]}},{"type":"Feature","properties":{"_zoneType":"SI_BUILT","name":"Pozidano zemljišče","authority":"MKGP","dataSource":"raba-3000"},"geometry":{"type":"Polygon","coordinates":[[[14.940805529349937,46.07489795346851],[14.940762349500144,46.07505138721297],[14.941095292236094,46.07491232594228],[14.940805529349937,46.07489795346851]]]}},{"type":"Feature","properties":{"_zoneType":"SI_BUILT","name":"Pozidano zemljišče","authority":"MKGP","dataSource":"raba-3000"},"geometry":{"type":"Polygon","coordinates":[[[14.940714551440603,46.18952935536306],[14.940104489031214,46.189405371843684],[14.940020678857978,46.189982618864484],[14.940714551440603,46.18952935536306]]]}},{"type":"Feature","properties":{"_zoneType":"SI_BUILT","name":"Pozidano zemljišče","authority":"MKGP","dataSource":"raba-3000"},"geometry":{"type":"Polygon","coordinates":[[[14.937958729864357,46.197943775225575],[14.939332514708303,46.197927015780095],[14.937384391814534,46.19719448489212],[14.937958729864357,46.197943775225575]]]}},{"type":"Feature","properties":{"_zoneType":"SI_BUILT","name":"Pozidano zemljišče","authority":"MKGP","dataSource":"raba-3000"},"geometry":{"type":"Polygon","coordinates":[[[14.93597483556385,46.09919636671739],[14.938574433393294,46.09825631806669],[14.935789867833629,46.09739944682618],[14.936582713385599,46.098236495580856],[14.93597483556385,46.09919636671739]]]}},{"type":"Feature","properties":{"_zoneType":"SI_BUILT","name":"Pozidano zemljišče","authority":"MKGP","dataSource":"raba-3000"},"geometry":{"type":"Polygon","coordinates":[[[14.938770994052165,46.096865554703946],[14.938176671413418,46.09675717120475],[14.938582460421284,46.097047530862746],[14.938770994052165,46.096865554703946]]]}},{"type":"Feature","properties":{"_zoneType":"SI_BUILT","name":"Pozidano zemljišče","authority":"MKGP","dataSource":"raba-3000"},"geometry":{"type":"Polygon","coordinates":[[[14.93771292467391,46.1763594237367],[14.936968881810504,46.17570641474601],[14.936284409643424,46.17693189929149],[14.937150109644822,46.17757164617209],[14.93771292467391,46.1763594237367]]]}},{"type":"Feature","properties":{"_zoneType":"SI_BUILT","name":"Pozidano zemljišče","authority":"MKGP","dataSource":"raba-3000"},"geometry":{"type":"Polygon","coordinates":[[[14.93238503694402,46.10573889658597],[14.935919181539346,46.103832258159144],[14.934386778834446,46.101673464626316],[14.932622425830457,46.103237174666795],[14.933210802294777,46.10448059615027],[14.93238503694402,46.10573889658597]]]}},{"type":"Feature","properties":{"_zoneType":"SI_BUILT","name":"Pozidano zemljišče","authority":"MKGP","dataSource":"raba-3000"},"geometry":{"type":"Polygon","coordinates":[[[14.935110174447399,46.11398350029209],[14.935368522845483,46.113941511687294],[14.934999643407346,46.11358478801731],[14.935110174447399,46.11398350029209]]]}},{"type":"Feature","properties":{"_zoneType":"SI_BUILT","name":"Pozidano zemljišče","authority":"MKGP","dataSource":"raba-3000"},"geometry":{"type":"Polygon","coordinates":[[[14.930886384483294,46.04886101163399],[14.933383605769354,46.04912930352926],[14.93425355912098,46.048106774402825],[14.93355685331402,46.04683311647119],[14.932285312638795,46.048693372081374],[14.930886384483294,46.04886101163399]]]}},{"type":"Feature","properties":{"_zoneType":"SI_BUILT","name":"Pozidano zemljišče","authority":"MKGP","dataSource":"raba-3000"},"geometry":{"type":"Polygon","coordinates":[[[14.935319678303582,46.04795357431644],[14.935148495640606,46.047153079498685],[14.934356873864362,46.04684251016318],[14.934574475184357,46.0479968850086],[14.935319678303582,46.04795357431644]]]}},{"type":"Feature","properties":{"_zoneType":"SI_BUILT","name":"Pozidano zemljišče","authority":"MKGP","dataSource":"raba-3000"},"geometry":{"type":"Polygon","coordinates":[[[14.932314421085128,46.08186326860771],[14.931918970181739,46.08185526066565],[14.932305850160677,46.08209757897268],[14.932314421085128,46.08186326860771]]]}},{"type":"Feature","properties":{"_zoneType":"SI_BUILT","name":"Pozidano zemljišče","authority":"MKGP","dataSource":"raba-3000"},"geometry":{"type":"Polygon","coordinates":[[[14.931836178577932,46.101128321840264],[14.930060580715265,46.100671005660956],[14.929997810201693,46.09927102487977],[14.928160368373476,46.09803052272053],[14.929287173299448,46.10085027632776],[14.925076087870208,46.10144583633233],[14.92844537878593,46.10215939807781],[14.931836178577932,46.101128321840264]]]}},{"type":"Feature","properties":{"_zoneType":"SI_BUILT","name":"Pozidano zemljišče","authority":"MKGP","dataSource":"raba-3000"},"geometry":{"type":"Polygon","coordinates":[[[14.929853676234035,46.13975991240669],[14.93020520167903,46.13827322162998],[14.931300681051919,46.1384816282061],[14.931368954887496,46.137804327870334],[14.929230373202602,46.138342651432765],[14.930072200170077,46.13679087514465],[14.927910050976708,46.13704038907467],[14.929116288319948,46.13905754309837],[14.927900799577637,46.13973281696164],[14.92821031510016,46.140479656451454],[14.929853676234035,46.13975991240669]]]}},{"type":"Feature","properties":{"_zoneType":"SI_BUILT","name":"Pozidano zemljišče","authority":"MKGP","dataSource":"raba-3000"},"geometry":{"type":"Polygon","coordinates":[[[14.93017862219222,46.119624216514644],[14.929844003256274,46.11870569569429],[14.929888889460122,46.11959750579726],[14.93017862219222,46.119624216514644]]]}},{"type":"Feature","properties":{"_zoneType":"SI_BUILT","name":"Pozidano zemljišče","authority":"MKGP","dataSource":"raba-3000"},"geometry":{"type":"Polygon","coordinates":[[[14.896416635401154,46.17741136657724],[14.896724802583112,46.177597762857864],[14.896535827463738,46.177147192568256],[14.896416635401154,46.17741136657724]]]}},{"type":"Feature","properties":{"_zoneType":"SI_BUILT","name":"Pozidano zemljišče","authority":"MKGP","dataSource":"raba-3000"},"geometry":{"type":"Polygon","coordinates":[[[14.897078560485406,46.1781977382657],[14.897096307516177,46.177937691577],[14.896709281016447,46.178173614790666],[14.897078560485406,46.1781977382657]]]}},{"type":"Feature","properties":{"_zoneType":"SI_BUILT","name":"Pozidano zemljišče","authority":"MKGP","dataSource":"raba-3000"},"geometry":{"type":"Polygon","coordinates":[[[14.888755280556513,46.17678173300113],[14.888525130311425,46.176492179484406],[14.887698114196292,46.176748976116656],[14.888563764576206,46.17688711395059],[14.888755280556513,46.17678173300113]]]}},{"type":"Feature","properties":{"_zoneType":"SI_BUILT","name":"Pozidano zemljišče","authority":"MKGP","dataSource":"raba-3000"},"geometry":{"type":"Polygon","coordinates":[[[14.90330913868636,46.15992425712697],[14.903321264802994,46.160000000000004],[14.90337852537736,46.160000000000004],[14.90330913868636,46.15992425712697]]]}},{"type":"Feature","properties":{"_zoneType":"SI_BUILT","name":"Pozidano zemljišče","authority":"MKGP","dataSource":"raba-3000"},"geometry":{"type":"Polygon","coordinates":[[[14.902087973235808,46.164090639850556],[14.902238798295004,46.1626283918835],[14.905007501473623,46.16177819878512],[14.90337852537736,46.160000000000004],[14.903321264802994,46.160000000000004],[14.903639956325106,46.16199062999519],[14.90201741399731,46.162463744232895],[14.901651275427744,46.16345462388184],[14.898611847359142,46.16353532850654],[14.906538836880713,46.16594279840892],[14.906384562517765,46.165231779623454],[14.907981755643053,46.1644866299535],[14.903621551826832,46.1648374035264],[14.902087973235808,46.164090639850556]]]}},{"type":"Feature","properties":{"_zoneType":"SI_BUILT","name":"Pozidano zemljišče","authority":"MKGP","dataSource":"raba-3000"},"geometry":{"type":"Polygon","coordinates":[[[14.927979176951224,46.117021694344665],[14.928666963945705,46.1177085316246],[14.928213916656263,46.117005497232505],[14.927979176951224,46.117021694344665]]]}},{"type":"Feature","properties":{"_zoneType":"SI_BUILT","name":"Pozidano zemljišče","authority":"MKGP","dataSource":"raba-3000"},"geometry":{"type":"Polygon","coordinates":[[[14.926450194343092,46.12384001105914],[14.926156011583231,46.123731515102904],[14.924837014528359,46.12421178757536],[14.926450194343092,46.12384001105914]]]}},{"type":"Feature","properties":{"_zoneType":"SI_BUILT","name":"Pozidano zemljišče","authority":"MKGP","dataSource":"raba-3000"},"geometry":{"type":"Polygon","coordinates":[[[14.917089790762585,46.09781238065424],[14.918006134379953,46.096743062429155],[14.917313211709576,46.09687381375451],[14.916838450355456,46.09812038755716],[14.917416970486478,46.09890999914589],[14.917089790762585,46.09781238065424]]]}},{"type":"Feature","properties":{"_zoneType":"SI_BUILT","name":"Pozidano zemljišče","authority":"MKGP","dataSource":"raba-3000"},"geometry":{"type":"Polygon","coordinates":[[[14.914370155383,46.107309493578946],[14.914079050394191,46.10874496847206],[14.915010464140465,46.107928457481975],[14.914476739720705,46.10658993118952],[14.916719682936272,46.1069677214249],[14.915195283174416,46.10602129056438],[14.91736966898635,46.10518336230107],[14.915673832454674,46.10496551155156],[14.914491991812866,46.10358165758632],[14.912817429851918,46.10674712883198],[14.914370155383,46.107309493578946]]]}},{"type":"Feature","properties":{"_zoneType":"SI_BUILT","name":"Pozidano zemljišče","authority":"MKGP","dataSource":"raba-3000"},"geometry":{"type":"Polygon","coordinates":[[[14.916350533015043,46.15500116598202],[14.916206922101228,46.154895123158006],[14.915491034448225,46.15524441271002],[14.916350533015043,46.15500116598202]]]}},{"type":"Feature","properties":{"_zoneType":"SI_BUILT","name":"Pozidano zemljišče","authority":"MKGP","dataSource":"raba-3000"},"geometry":{"type":"Polygon","coordinates":[[[14.915702988106219,46.15235257695872],[14.914831328046517,46.151797832136495],[14.9141193021981,46.152651774231636],[14.915702988106219,46.15235257695872]]]}},{"type":"Feature","properties":{"_zoneType":"SI_BUILT","name":"Pozidano zemljišče","authority":"MKGP","dataSource":"raba-3000"},"geometry":{"type":"Polygon","coordinates":[[[14.915782065083778,46.07544015223972],[14.915441232611624,46.07500500179076],[14.91544458013819,46.07553705619102],[14.915782065083778,46.07544015223972]]]}},{"type":"Feature","properties":{"_zoneType":"SI_BUILT","name":"Pozidano zemljišče","authority":"MKGP","dataSource":"raba-3000"},"geometry":{"type":"Polygon","coordinates":[[[14.914919564677176,46.157403266391746],[14.914588480922998,46.157275414026394],[14.91476962732527,46.15755804532198],[14.914919564677176,46.157403266391746]]]}},{"type":"Feature","properties":{"_zoneType":"SI_BUILT","name":"Pozidano zemljišče","authority":"MKGP","dataSource":"raba-3000"},"geometry":{"type":"Polygon","coordinates":[[[14.910024279862274,46.19353479384972],[14.909718183420654,46.191972994732524],[14.911794235214822,46.190482413312594],[14.909508134165185,46.19157545601479],[14.90924459843896,46.19295195449723],[14.910024279862274,46.19353479384972]]]}},{"type":"Feature","properties":{"_zoneType":"SI_BUILT","name":"Pozidano zemljišče","authority":"MKGP","dataSource":"raba-3000"},"geometry":{"type":"Polygon","coordinates":[[[14.911522513650022,46.15370202604455],[14.911388214907701,46.153569857848666],[14.910824236038387,46.15385841290347],[14.911522513650022,46.15370202604455]]]}},{"type":"Feature","properties":{"_zoneType":"SI_BUILT","name":"Pozidano zemljišče","authority":"MKGP","dataSource":"raba-3000"},"geometry":{"type":"Polygon","coordinates":[[[14.910739567535376,46.12866176845302],[14.910767813575642,46.12886074983414],[14.911104202752492,46.1286371699644],[14.910739567535376,46.12866176845302]]]}},{"type":"Feature","properties":{"_zoneType":"SI_BUILT","name":"Pozidano zemljišče","authority":"MKGP","dataSource":"raba-3000"},"geometry":{"type":"Polygon","coordinates":[[[14.910115305089871,46.141513960931036],[14.909552743864579,46.1410504303685],[14.908891631955722,46.14179428889883],[14.910115305089871,46.141513960931036]]]}},{"type":"Feature","properties":{"_zoneType":"SI_BUILT","name":"Pozidano zemljišče","authority":"MKGP","dataSource":"raba-3000"},"geometry":{"type":"Polygon","coordinates":[[[14.843689869525848,46.128945270074205],[14.844279352937633,46.1294927608468],[14.844717816709895,46.129439300693704],[14.843689869525848,46.128945270074205]]]}},{"type":"Feature","properties":{"_zoneType":"SI_BUILT","name":"Pozidano zemljišče","authority":"MKGP","dataSource":"raba-3000"},"geometry":{"type":"Polygon","coordinates":[[[14.904649171528218,46.05523738548486],[14.904338623328286,46.05506068326693],[14.904210304381209,46.05547209987197],[14.904649171528218,46.05523738548486]]]}},{"type":"Feature","properties":{"_zoneType":"SI_BUILT","name":"Pozidano zemljišče","authority":"MKGP","dataSource":"raba-3000"},"geometry":{"type":"Polygon","coordinates":[[[14.903112537881173,46.17117785786638],[14.902316294880311,46.17152974863857],[14.901666223153482,46.17238116621731],[14.90274590760794,46.172167010132696],[14.903112537881173,46.17117785786638]]]}},{"type":"Feature","properties":{"_zoneType":"SI_BUILT","name":"Pozidano zemljišče","authority":"MKGP","dataSource":"raba-3000"},"geometry":{"type":"Polygon","coordinates":[[[14.901268604216813,46.14732246490685],[14.900804224838236,46.14715742324054],[14.898141432281157,46.14788046028275],[14.900606005726143,46.14803127542066],[14.901268604216813,46.14732246490685]]]}},{"type":"Feature","properties":{"_zoneType":"SI_BUILT","name":"Pozidano zemljišče","authority":"MKGP","dataSource":"raba-3000"},"geometry":{"type":"Polygon","coordinates":[[[14.90004116011864,46.160773890289185],[14.899782821819773,46.16075282689754],[14.89937248507036,46.16173553819966],[14.90004116011864,46.160773890289185]]]}},{"type":"Feature","properties":{"_zoneType":"SI_BUILT","name":"Pozidano zemljišče","authority":"MKGP","dataSource":"raba-3000"},"geometry":{"type":"Polygon","coordinates":[[[14.89952063629715,46.196156257081114],[14.899410979783314,46.19603134984094],[14.89843289073267,46.196135742191984],[14.89952063629715,46.196156257081114]]]}},{"type":"Feature","properties":{"_zoneType":"SI_BUILT","name":"Pozidano zemljišče","authority":"MKGP","dataSource":"raba-3000"},"geometry":{"type":"Polygon","coordinates":[[[14.898536235594934,46.139651846269054],[14.896477569805304,46.1389143529796],[14.897451896462698,46.13967279369914],[14.898536235594934,46.139651846269054]]]}},{"type":"Feature","properties":{"_zoneType":"SI_BUILT","name":"Pozidano zemljišče","authority":"MKGP","dataSource":"raba-3000"},"geometry":{"type":"Polygon","coordinates":[[[14.896216087872238,46.05195705478078],[14.896907705270092,46.05129889419998],[14.896991255769228,46.05022566553272],[14.896134617734196,46.05182701999293],[14.896216087872238,46.05195705478078]]]}},{"type":"Feature","properties":{"_zoneType":"SI_BUILT","name":"Pozidano zemljišče","authority":"MKGP","dataSource":"raba-3000"},"geometry":{"type":"Polygon","coordinates":[[[14.894359387129873,46.06755458528725],[14.89445271618019,46.06775714148887],[14.894820133719195,46.067438981402354],[14.894359387129873,46.06755458528725]]]}},{"type":"Feature","properties":{"_zoneType":"SI_BUILT","name":"Pozidano zemljišče","authority":"MKGP","dataSource":"raba-3000"},"geometry":{"type":"Polygon","coordinates":[[[14.892738139639043,46.09590991800558],[14.892854178945134,46.09606720568231],[14.89298705670963,46.095825503783956],[14.892738139639043,46.09590991800558]]]}},{"type":"Feature","properties":{"_zoneType":"SI_BUILT","name":"Pozidano zemljišče","authority":"MKGP","dataSource":"raba-3000"},"geometry":{"type":"Polygon","coordinates":[[[14.889942922990368,46.18290865689272],[14.890631888080112,46.18233612816951],[14.890249351596333,46.18240777720693],[14.889942922990368,46.18290865689272]]]}},{"type":"Feature","properties":{"_zoneType":"SI_BUILT","name":"Pozidano zemljišče","authority":"MKGP","dataSource":"raba-3000"},"geometry":{"type":"Polygon","coordinates":[[[14.889263523921795,46.177544039121344],[14.888414620420265,46.177652804614794],[14.888637866884263,46.17869599014987],[14.889263523921795,46.177544039121344]]]}},{"type":"Feature","properties":{"_zoneType":"SI_BUILT","name":"Pozidano zemljišče","authority":"MKGP","dataSource":"raba-3000"},"geometry":{"type":"Polygon","coordinates":[[[14.885854294901177,46.13474378986606],[14.885703425472443,46.13432368088069],[14.88512901595861,46.13418964298812],[14.885854294901177,46.13474378986606]]]}},{"type":"Feature","properties":{"_zoneType":"SI_BUILT","name":"Pozidano zemljišče","authority":"MKGP","dataSource":"raba-3000"},"geometry":{"type":"Polygon","coordinates":[[[14.844376313627706,46.087996339013664],[14.844461069830533,46.0881045950999],[14.84476434667071,46.08790998569351],[14.844376313627706,46.087996339013664]]]}},{"type":"Feature","properties":{"_zoneType":"SI_BUILT","name":"Pozidano zemljišče","authority":"MKGP","dataSource":"raba-3000"},"geometry":{"type":"Polygon","coordinates":[[[14.854725882323493,46.08501406053408],[14.854599608448952,46.08491382725698],[14.854522269395037,46.08522821947257],[14.854725882323493,46.08501406053408]]]}},{"type":"Feature","properties":{"_zoneType":"SI_BUILT","name":"Pozidano zemljišče","authority":"MKGP","dataSource":"raba-3000"},"geometry":{"type":"Polygon","coordinates":[[[14.883309953145,46.1361937282068],[14.883412140618043,46.136378955192534],[14.883573641997287,46.136131794340464],[14.883309953145,46.1361937282068]]]}},{"type":"Feature","properties":{"_zoneType":"SI_BUILT","name":"Pozidano zemljišče","authority":"MKGP","dataSource":"raba-3000"},"geometry":{"type":"Polygon","coordinates":[[[14.883735596879701,46.05205937435899],[14.88348916313123,46.05200263614189],[14.882149403083305,46.0530314783256],[14.883160877023913,46.052867417725025],[14.883735596879701,46.05205937435899]]]}},{"type":"Feature","properties":{"_zoneType":"SI_BUILT","name":"Pozidano zemljišče","authority":"MKGP","dataSource":"raba-3000"},"geometry":{"type":"Polygon","coordinates":[[[14.883389990947984,46.148647008538696],[14.880617167349337,46.14946677536176],[14.882946152089177,46.14946215501908],[14.883389990947984,46.148647008538696]]]}},{"type":"Feature","properties":{"_zoneType":"SI_BUILT","name":"Pozidano zemljišče","authority":"MKGP","dataSource":"raba-3000"},"geometry":{"type":"Polygon","coordinates":[[[14.881997618698124,46.107610906585265],[14.8817970718876,46.107517055066495],[14.881682969009722,46.107814234108275],[14.881997618698124,46.107610906585265]]]}},{"type":"Feature","properties":{"_zoneType":"SI_BUILT","name":"Pozidano zemljišče","authority":"MKGP","dataSource":"raba-3000"},"geometry":{"type":"Polygon","coordinates":[[[14.881659226401847,46.14071048221081],[14.88139274997123,46.14070247315629],[14.88157612448493,46.14114823295499],[14.881659226401847,46.14071048221081]]]}},{"type":"Feature","properties":{"_zoneType":"SI_BUILT","name":"Pozidano zemljišče","authority":"MKGP","dataSource":"raba-3000"},"geometry":{"type":"Polygon","coordinates":[[[14.880648037505628,46.098463222887204],[14.880931523407085,46.097972415649146],[14.880444943049799,46.0983677392492],[14.880648037505628,46.098463222887204]]]}},{"type":"Feature","properties":{"_zoneType":"SI_BUILT","name":"Pozidano zemljišče","authority":"MKGP","dataSource":"raba-3000"},"geometry":{"type":"Polygon","coordinates":[[[14.880636625963232,46.05559051592964],[14.880406178312136,46.05559048882147],[14.88059866648444,46.05612628458725],[14.880636625963232,46.05559051592964]]]}},{"type":"Feature","properties":{"_zoneType":"SI_BUILT","name":"Pozidano zemljišče","authority":"MKGP","dataSource":"raba-3000"},"geometry":{"type":"Polygon","coordinates":[[[14.879942958475562,46.15086771880506],[14.88,46.15094744534601],[14.88,46.150848957342724],[14.879942958475562,46.15086771880506]]]}},{"type":"Feature","properties":{"_zoneType":"SI_BUILT","name":"Pozidano zemljišče","authority":"MKGP","dataSource":"raba-3000"},"geometry":{"type":"Polygon","coordinates":[[[14.88,46.150848957342724],[14.88,46.15094744534601],[14.880018913984912,46.15097388129084],[14.880243858193205,46.15076875022427],[14.88,46.150848957342724]]]}},{"type":"Feature","properties":{"_zoneType":"SI_BUILT","name":"Pozidano zemljišče","authority":"MKGP","dataSource":"raba-3000"},"geometry":{"type":"Polygon","coordinates":[[[14.879248830143624,46.13954446862874],[14.879042745427434,46.13944796195732],[14.87912550302296,46.139729047060115],[14.879248830143624,46.13954446862874]]]}},{"type":"Feature","properties":{"_zoneType":"SI_BUILT","name":"Pozidano zemljišče","authority":"MKGP","dataSource":"raba-3000"},"geometry":{"type":"Polygon","coordinates":[[[14.878966532996577,46.14079601609349],[14.878741357187588,46.140760732274956],[14.878775748321077,46.14109652305809],[14.878966532996577,46.14079601609349]]]}},{"type":"Feature","properties":{"_zoneType":"SI_BUILT","name":"Pozidano zemljišče","authority":"MKGP","dataSource":"raba-3000"},"geometry":{"type":"Polygon","coordinates":[[[14.878321417327472,46.04378767312567],[14.878171704167979,46.043623270340014],[14.878088489526261,46.04388634698088],[14.878321417327472,46.04378767312567]]]}},{"type":"Feature","properties":{"_zoneType":"SI_BUILT","name":"Pozidano zemljišče","authority":"MKGP","dataSource":"raba-3000"},"geometry":{"type":"Polygon","coordinates":[[[14.876152014881177,46.19922336025438],[14.875825436338692,46.2],[14.87712589504823,46.2],[14.877692773176749,46.199729647123846],[14.876152014881177,46.19922336025438]]]}},{"type":"Feature","properties":{"_zoneType":"SI_BUILT","name":"Pozidano zemljišče","authority":"MKGP","dataSource":"raba-3000"},"geometry":{"type":"Polygon","coordinates":[[[14.877541001887428,46.1364423175305],[14.877157459688346,46.13639712327743],[14.877420630740772,46.13660832281272],[14.877541001887428,46.1364423175305]]]}},{"type":"Feature","properties":{"_zoneType":"SI_BUILT","name":"Pozidano zemljišče","authority":"MKGP","dataSource":"raba-3000"},"geometry":{"type":"Polygon","coordinates":[[[14.877405037834997,46.166927427363426],[14.877139185289511,46.16681840785261],[14.877274538030687,46.16710320684438],[14.877405037834997,46.166927427363426]]]}},{"type":"Feature","properties":{"_zoneType":"SI_BUILT","name":"Pozidano zemljišče","authority":"MKGP","dataSource":"raba-3000"},"geometry":{"type":"Polygon","coordinates":[[[14.876739228156463,46.14976593877218],[14.876616792880137,46.14961599775834],[14.876363999631186,46.14984284313735],[14.876739228156463,46.14976593877218]]]}},{"type":"Feature","properties":{"_zoneType":"SI_BUILT","name":"Pozidano zemljišče","authority":"MKGP","dataSource":"raba-3000"},"geometry":{"type":"Polygon","coordinates":[[[14.874400662289233,46.19708970948912],[14.874554899956015,46.19728162343695],[14.874774503139772,46.19694183048624],[14.874400662289233,46.19708970948912]]]}},{"type":"Feature","properties":{"_zoneType":"SI_BUILT","name":"Pozidano zemljišče","authority":"MKGP","dataSource":"raba-3000"},"geometry":{"type":"Polygon","coordinates":[[[14.872754668606058,46.10798849607569],[14.873353652399214,46.10783229996841],[14.872770248630351,46.107807717728186],[14.872754668606058,46.10798849607569]]]}},{"type":"Feature","properties":{"_zoneType":"SI_BUILT","name":"Pozidano zemljišče","authority":"MKGP","dataSource":"raba-3000"},"geometry":{"type":"Polygon","coordinates":[[[14.872917621759868,46.05136893322502],[14.87270444983184,46.051197271566586],[14.872678560558464,46.051517055336504],[14.872917621759868,46.05136893322502]]]}},{"type":"Feature","properties":{"_zoneType":"SI_BUILT","name":"Pozidano zemljišče","authority":"MKGP","dataSource":"raba-3000"},"geometry":{"type":"Polygon","coordinates":[[[14.87113954665675,46.094792609613314],[14.869253068206058,46.09416712540168],[14.869165784298863,46.09641770889938],[14.87113954665675,46.094792609613314]]]}},{"type":"Feature","properties":{"_zoneType":"SI_BUILT","name":"Pozidano zemljišče","authority":"MKGP","dataSource":"raba-3000"},"geometry":{"type":"Polygon","coordinates":[[[14.86762152912533,46.14925669639844],[14.867971280456484,46.149234903036216],[14.867655239977331,46.14909188872921],[14.86762152912533,46.14925669639844]]]}},{"type":"Feature","properties":{"_zoneType":"SI_BUILT","name":"Pozidano zemljišče","authority":"MKGP","dataSource":"raba-3000"},"geometry":{"type":"Polygon","coordinates":[[[14.86698562949178,46.18949648192886],[14.866747214709326,46.18939481664577],[14.86654139456969,46.18983471467845],[14.86698562949178,46.18949648192886]]]}},{"type":"Feature","properties":{"_zoneType":"SI_BUILT","name":"Pozidano zemljišče","authority":"MKGP","dataSource":"raba-3000"},"geometry":{"type":"Polygon","coordinates":[[[14.866284264554007,46.10614515818147],[14.865996143069331,46.10597290770671],[14.866091745206864,46.106289922925086],[14.866284264554007,46.10614515818147]]]}},{"type":"Feature","properties":{"_zoneType":"SI_BUILT","name":"Pozidano zemljišče","authority":"MKGP","dataSource":"raba-3000"},"geometry":{"type":"Polygon","coordinates":[[[14.865295335921038,46.18365863336417],[14.865312027016783,46.183476249206336],[14.86495691478018,46.18364625442155],[14.865295335921038,46.18365863336417]]]}},{"type":"Feature","properties":{"_zoneType":"SI_BUILT","name":"Pozidano zemljišče","authority":"MKGP","dataSource":"raba-3000"},"geometry":{"type":"Polygon","coordinates":[[[14.865081305981498,46.10335205056875],[14.865066704590099,46.10319071975858],[14.864765882327783,46.103353923406125],[14.865081305981498,46.10335205056875]]]}},{"type":"Feature","properties":{"_zoneType":"SI_BUILT","name":"Pozidano zemljišče","authority":"MKGP","dataSource":"raba-3000"},"geometry":{"type":"Polygon","coordinates":[[[14.865049491747138,46.056404403620924],[14.862529128791381,46.05599600566234],[14.863681068818853,46.056636057068],[14.865049491747138,46.056404403620924]]]}},{"type":"Feature","properties":{"_zoneType":"SI_BUILT","name":"Pozidano zemljišče","authority":"MKGP","dataSource":"raba-3000"},"geometry":{"type":"Polygon","coordinates":[[[14.86369000347207,46.11639714415225],[14.864451090509041,46.116074824400016],[14.862139133761607,46.11632806653674],[14.86369000347207,46.11639714415225]]]}},{"type":"Feature","properties":{"_zoneType":"SI_BUILT","name":"Pozidano zemljišče","authority":"MKGP","dataSource":"raba-3000"},"geometry":{"type":"Polygon","coordinates":[[[14.863533373554114,46.18356479393136],[14.863790702294796,46.1835869393661],[14.863813620982343,46.18298956944547],[14.863533373554114,46.18356479393136]]]}},{"type":"Feature","properties":{"_zoneType":"SI_BUILT","name":"Pozidano zemljišče","authority":"MKGP","dataSource":"raba-3000"},"geometry":{"type":"Polygon","coordinates":[[[14.860990152689878,46.154560561504724],[14.861033662316123,46.15473037141986],[14.86131716193979,46.154589811480896],[14.860990152689878,46.154560561504724]]]}},{"type":"Feature","properties":{"_zoneType":"SI_BUILT","name":"Pozidano zemljišče","authority":"MKGP","dataSource":"raba-3000"},"geometry":{"type":"Polygon","coordinates":[[[14.864018466105472,46.17515243260154],[14.861225716330894,46.1742024006453],[14.862528930710281,46.17560421426206],[14.864018466105472,46.17515243260154]]]}},{"type":"Feature","properties":{"_zoneType":"SI_BUILT","name":"Pozidano zemljišče","authority":"MKGP","dataSource":"raba-3000"},"geometry":{"type":"Polygon","coordinates":[[[14.851461740883748,46.154491786572855],[14.851214555422258,46.15455703426776],[14.851425759653686,46.154971068437135],[14.851461740883748,46.154491786572855]]]}},{"type":"Feature","properties":{"_zoneType":"SI_BUILT","name":"Pozidano zemljišče","authority":"MKGP","dataSource":"raba-3000"},"geometry":{"type":"Polygon","coordinates":[[[14.8290629156617,46.16437135025382],[14.830428966067448,46.164258790308985],[14.831411347995754,46.16369291790665],[14.8290629156617,46.16437135025382]]]}},{"type":"Feature","properties":{"_zoneType":"SI_BUILT","name":"Pozidano zemljišče","authority":"MKGP","dataSource":"raba-3000"},"geometry":{"type":"Polygon","coordinates":[[[14.862068564934372,46.082495199581906],[14.863473262058683,46.08200352593903],[14.862490403531174,46.082022521150854],[14.862068564934372,46.082495199581906]]]}},{"type":"Feature","properties":{"_zoneType":"SI_BUILT","name":"Pozidano zemljišče","authority":"MKGP","dataSource":"raba-3000"},"geometry":{"type":"Polygon","coordinates":[[[14.86209092977177,46.192862654335464],[14.861927236634598,46.19230905596158],[14.861807790790854,46.192854983446956],[14.86209092977177,46.192862654335464]]]}},{"type":"Feature","properties":{"_zoneType":"SI_BUILT","name":"Pozidano zemljišče","authority":"MKGP","dataSource":"raba-3000"},"geometry":{"type":"Polygon","coordinates":[[[14.860791571531413,46.175838883207454],[14.860429397789519,46.17574922954377],[14.860515997404152,46.17637554972835],[14.860791571531413,46.175838883207454]]]}},{"type":"Feature","properties":{"_zoneType":"SI_BUILT","name":"Pozidano zemljišče","authority":"MKGP","dataSource":"raba-3000"},"geometry":{"type":"Polygon","coordinates":[[[14.861854557004031,46.17658922382248],[14.861580211279126,46.1763548126048],[14.860776329530179,46.17663661004661],[14.86155855862029,46.177244721328606],[14.861854557004031,46.17658922382248]]]}},{"type":"Feature","properties":{"_zoneType":"SI_BUILT","name":"Pozidano zemljišče","authority":"MKGP","dataSource":"raba-3000"},"geometry":{"type":"Polygon","coordinates":[[[14.861373812545612,46.06347176180294],[14.861233282164525,46.063356951783234],[14.86105111848527,46.063613636944254],[14.861373812545612,46.06347176180294]]]}},{"type":"Feature","properties":{"_zoneType":"SI_BUILT","name":"Pozidano zemljišče","authority":"MKGP","dataSource":"raba-3000"},"geometry":{"type":"Polygon","coordinates":[[[14.861366793068045,46.06121138223436],[14.861124287542877,46.060990691499995],[14.86079408298776,46.06170535837253],[14.861366793068045,46.06121138223436]]]}},{"type":"Feature","properties":{"_zoneType":"SI_BUILT","name":"Pozidano zemljišče","authority":"MKGP","dataSource":"raba-3000"},"geometry":{"type":"Polygon","coordinates":[[[14.860879928336812,46.11941929430864],[14.858612504896252,46.11958247680213],[14.858156980780688,46.12],[14.859610849389139,46.12],[14.860879928336812,46.11941929430864]]]}},{"type":"Feature","properties":{"_zoneType":"SI_BUILT","name":"Pozidano zemljišče","authority":"MKGP","dataSource":"raba-3000"},"geometry":{"type":"Polygon","coordinates":[[[14.859610849389139,46.12],[14.858156980780688,46.12],[14.856707599658277,46.121328470262014],[14.859610849389139,46.12]]]}},{"type":"Feature","properties":{"_zoneType":"SI_BUILT","name":"Pozidano zemljišče","authority":"MKGP","dataSource":"raba-3000"},"geometry":{"type":"Polygon","coordinates":[[[14.856826089261673,46.1373673925946],[14.856651427666577,46.13719434460169],[14.856255897563475,46.137429488348964],[14.856826089261673,46.1373673925946]]]}},{"type":"Feature","properties":{"_zoneType":"SI_BUILT","name":"Pozidano zemljišče","authority":"MKGP","dataSource":"raba-3000"},"geometry":{"type":"Polygon","coordinates":[[[14.852502463575405,46.138054427841006],[14.8525942091302,46.137847767895],[14.852090528751315,46.13797490412282],[14.852502463575405,46.138054427841006]]]}},{"type":"Feature","properties":{"_zoneType":"SI_BUILT","name":"Pozidano zemljišče","authority":"MKGP","dataSource":"raba-3000"},"geometry":{"type":"Polygon","coordinates":[[[14.849667478891543,46.123784573737],[14.848012982189461,46.12302074605513],[14.84696479334216,46.124208297403364],[14.848389756823908,46.12456398145452],[14.849667478891543,46.123784573737]]]}},{"type":"Feature","properties":{"_zoneType":"SI_BUILT","name":"Pozidano zemljišče","authority":"MKGP","dataSource":"raba-3000"},"geometry":{"type":"Polygon","coordinates":[[[14.847996836510779,46.09700010131583],[14.847763334016499,46.09653435848297],[14.847737567210324,46.097055861667485],[14.847996836510779,46.09700010131583]]]}},{"type":"Feature","properties":{"_zoneType":"SI_BUILT","name":"Pozidano zemljišče","authority":"MKGP","dataSource":"raba-3000"},"geometry":{"type":"Polygon","coordinates":[[[14.843574076843343,46.124003686346704],[14.844100521093221,46.12421854789345],[14.843857788960404,46.123706107390795],[14.843574076843343,46.124003686346704]]]}},{"type":"Feature","properties":{"_zoneType":"SI_BUILT","name":"Pozidano zemljišče","authority":"MKGP","dataSource":"raba-3000"},"geometry":{"type":"Polygon","coordinates":[[[14.843063526146642,46.0865609681908],[14.843129309666105,46.08676032346963],[14.843334739912999,46.086544392917915],[14.843063526146642,46.0865609681908]]]}},{"type":"Feature","properties":{"_zoneType":"SI_BUILT","name":"Pozidano zemljišče","authority":"MKGP","dataSource":"raba-3000"},"geometry":{"type":"Polygon","coordinates":[[[14.842001406738762,46.14958358298352],[14.842108807070058,46.14975430543253],[14.842763321884489,46.14950432677549],[14.842001406738762,46.14958358298352]]]}},{"type":"Feature","properties":{"_zoneType":"SI_BUILT","name":"Pozidano zemljišče","authority":"MKGP","dataSource":"raba-3000"},"geometry":{"type":"Polygon","coordinates":[[[14.808311714415126,46.10008770228091],[14.80804543763233,46.1000950284923],[14.808265843199864,46.100458056751656],[14.808311714415126,46.10008770228091]]]}},{"type":"Feature","properties":{"_zoneType":"SI_BUILT","name":"Pozidano zemljišče","authority":"MKGP","dataSource":"raba-3000"},"geometry":{"type":"Polygon","coordinates":[[[14.837557648601152,46.10124760357954],[14.834859026735497,46.101153428299945],[14.837055774218879,46.10201872866637],[14.837557648601152,46.10124760357954]]]}},{"type":"Feature","properties":{"_zoneType":"SI_BUILT","name":"Pozidano zemljišče","authority":"MKGP","dataSource":"raba-3000"},"geometry":{"type":"Polygon","coordinates":[[[14.84,46.101585193457396],[14.84,46.10155994895872],[14.836627968450847,46.09940199311895],[14.838330589930923,46.10064870715979],[14.84,46.101585193457396]]]}},{"type":"Feature","properties":{"_zoneType":"SI_BUILT","name":"Pozidano zemljišče","authority":"MKGP","dataSource":"raba-3000"},"geometry":{"type":"Polygon","coordinates":[[[14.840319595965711,46.10176447669535],[14.84,46.10155994895872],[14.84,46.101585193457396],[14.840319595965711,46.10176447669535]]]}},{"type":"Feature","properties":{"_zoneType":"SI_BUILT","name":"Pozidano zemljišče","authority":"MKGP","dataSource":"raba-3000"},"geometry":{"type":"Polygon","coordinates":[[[14.837608321434308,46.09741838360481],[14.83740315115993,46.0971999667519],[14.837210464165699,46.09763917297001],[14.837608321434308,46.09741838360481]]]}},{"type":"Feature","properties":{"_zoneType":"SI_BUILT","name":"Pozidano zemljišče","authority":"MKGP","dataSource":"raba-3000"},"geometry":{"type":"Polygon","coordinates":[[[14.837631056549151,46.049941469494726],[14.837288210810746,46.049913047611966],[14.83759633400557,46.05010471393438],[14.837631056549151,46.049941469494726]]]}},{"type":"Feature","properties":{"_zoneType":"SI_BUILT","name":"Pozidano zemljišče","authority":"MKGP","dataSource":"raba-3000"},"geometry":{"type":"Polygon","coordinates":[[[14.827034178968688,46.12851075412983],[14.826802476521683,46.12834394028185],[14.825808213792206,46.12885971834471],[14.827034178968688,46.12851075412983]]]}},{"type":"Feature","properties":{"_zoneType":"SI_BUILT","name":"Pozidano zemljišče","authority":"MKGP","dataSource":"raba-3000"},"geometry":{"type":"Polygon","coordinates":[[[14.835466503800813,46.04816066798493],[14.835259310407157,46.04834880799034],[14.8356460655947,46.04832179654522],[14.835466503800813,46.04816066798493]]]}},{"type":"Feature","properties":{"_zoneType":"SI_BUILT","name":"Pozidano zemljišče","authority":"MKGP","dataSource":"raba-3000"},"geometry":{"type":"Polygon","coordinates":[[[14.832088041176087,46.10693063780771],[14.831848572978155,46.10687185382358],[14.830500911945748,46.10779893689875],[14.832088041176087,46.10693063780771]]]}},{"type":"Feature","properties":{"_zoneType":"SI_BUILT","name":"Pozidano zemljišče","authority":"MKGP","dataSource":"raba-3000"},"geometry":{"type":"Polygon","coordinates":[[[14.831944602133454,46.130852581735795],[14.831626350464663,46.13069582480928],[14.831706727090495,46.13095023602165],[14.831944602133454,46.130852581735795]]]}},{"type":"Feature","properties":{"_zoneType":"SI_BUILT","name":"Pozidano zemljišče","authority":"MKGP","dataSource":"raba-3000"},"geometry":{"type":"Polygon","coordinates":[[[14.831064321572594,46.10960954221195],[14.827274872925999,46.10583502181748],[14.827297454319055,46.106644269399574],[14.824142481756724,46.10799423704783],[14.828181244765783,46.10776202576526],[14.831064321572594,46.10960954221195]]]}},{"type":"Feature","properties":{"_zoneType":"SI_BUILT","name":"Pozidano zemljišče","authority":"MKGP","dataSource":"raba-3000"},"geometry":{"type":"Polygon","coordinates":[[[14.829985561576319,46.10702511308628],[14.829546434045763,46.10707239566274],[14.829780827446902,46.10727787694203],[14.829985561576319,46.10702511308628]]]}},{"type":"Feature","properties":{"_zoneType":"SI_BUILT","name":"Pozidano zemljišče","authority":"MKGP","dataSource":"raba-3000"},"geometry":{"type":"Polygon","coordinates":[[[14.830631726667432,46.10679741915466],[14.83036151115822,46.10668429982466],[14.830494367018638,46.106948411528506],[14.830631726667432,46.10679741915466]]]}},{"type":"Feature","properties":{"_zoneType":"SI_BUILT","name":"Pozidano zemljišče","authority":"MKGP","dataSource":"raba-3000"},"geometry":{"type":"Polygon","coordinates":[[[14.821279988461509,46.07535016977232],[14.821252507218409,46.075162054493106],[14.820983419591172,46.07536714621658],[14.821279988461509,46.07535016977232]]]}},{"type":"Feature","properties":{"_zoneType":"SI_BUILT","name":"Pozidano zemljišče","authority":"MKGP","dataSource":"raba-3000"},"geometry":{"type":"Polygon","coordinates":[[[14.827278386990798,46.15301182250702],[14.827537241832092,46.15216851366553],[14.826141644335292,46.15378154765553],[14.827278386990798,46.15301182250702]]]}},{"type":"Feature","properties":{"_zoneType":"SI_BUILT","name":"Pozidano zemljišče","authority":"MKGP","dataSource":"raba-3000"},"geometry":{"type":"Polygon","coordinates":[[[14.826447203207495,46.08382559103637],[14.82633908985861,46.08364987375743],[14.826091640476617,46.08391893030541],[14.826447203207495,46.08382559103637]]]}},{"type":"Feature","properties":{"_zoneType":"SI_BUILT","name":"Pozidano zemljišče","authority":"MKGP","dataSource":"raba-3000"},"geometry":{"type":"Polygon","coordinates":[[[14.824426115295424,46.11880175947473],[14.824109954077556,46.11863898363074],[14.823946452439456,46.119159288639246],[14.824426115295424,46.11880175947473]]]}},{"type":"Feature","properties":{"_zoneType":"SI_BUILT","name":"Pozidano zemljišče","authority":"MKGP","dataSource":"raba-3000"},"geometry":{"type":"Polygon","coordinates":[[[14.82385982148374,46.132963237287775],[14.823833406925832,46.13284606337896],[14.823255212042971,46.13282907387775],[14.82385982148374,46.132963237287775]]]}},{"type":"Feature","properties":{"_zoneType":"SI_BUILT","name":"Pozidano zemljišče","authority":"MKGP","dataSource":"raba-3000"},"geometry":{"type":"Polygon","coordinates":[[[14.82279421236489,46.184184149072074],[14.823045048451192,46.18431744411903],[14.822958485307625,46.18403923666482],[14.82279421236489,46.184184149072074]]]}},{"type":"Feature","properties":{"_zoneType":"SI_BUILT","name":"Pozidano zemljišče","authority":"MKGP","dataSource":"raba-3000"},"geometry":{"type":"Polygon","coordinates":[[[14.822566277841789,46.148427449006654],[14.822218327893914,46.14838480783036],[14.822392508550179,46.14871099715117],[14.822566277841789,46.148427449006654]]]}},{"type":"Feature","properties":{"_zoneType":"SI_BUILT","name":"Pozidano zemljišče","authority":"MKGP","dataSource":"raba-3000"},"geometry":{"type":"Polygon","coordinates":[[[14.822396574909488,46.142376774177144],[14.821206631217505,46.14203712566554],[14.820526432892231,46.142556593538394],[14.822277421790362,46.14247721274597],[14.822396574909488,46.142376774177144]]]}},{"type":"Feature","properties":{"_zoneType":"SI_BUILT","name":"Pozidano zemljišče","authority":"MKGP","dataSource":"raba-3000"},"geometry":{"type":"Polygon","coordinates":[[[14.812400435012673,46.07011465066094],[14.812275585785912,46.0699131601201],[14.811711897839743,46.07010306621087],[14.812400435012673,46.07011465066094]]]}},{"type":"Feature","properties":{"_zoneType":"SI_BUILT","name":"Pozidano zemljišče","authority":"MKGP","dataSource":"raba-3000"},"geometry":{"type":"Polygon","coordinates":[[[14.820621924135203,46.15055675802097],[14.819730743042099,46.1499341011624],[14.819921507476758,46.1505885064099],[14.820621924135203,46.15055675802097]]]}},{"type":"Feature","properties":{"_zoneType":"SI_BUILT","name":"Pozidano zemljišče","authority":"MKGP","dataSource":"raba-3000"},"geometry":{"type":"Polygon","coordinates":[[[14.818979478409226,46.08363807880989],[14.820198786944436,46.084068027022234],[14.81919157424107,46.08352807019987],[14.818979478409226,46.08363807880989]]]}},{"type":"Feature","properties":{"_zoneType":"SI_BUILT","name":"Pozidano zemljišče","authority":"MKGP","dataSource":"raba-3000"},"geometry":{"type":"Polygon","coordinates":[[[14.81794957265091,46.134748161198296],[14.817766819873901,46.13424572775111],[14.817588008503693,46.13476917939973],[14.81794957265091,46.134748161198296]]]}},{"type":"Feature","properties":{"_zoneType":"SI_BUILT","name":"Pozidano zemljišče","authority":"MKGP","dataSource":"raba-3000"},"geometry":{"type":"Polygon","coordinates":[[[14.81713036454361,46.195670738925955],[14.816899281674605,46.19559843120169],[14.81701870903637,46.195970071900504],[14.81713036454361,46.195670738925955]]]}},{"type":"Feature","properties":{"_zoneType":"SI_BUILT","name":"Pozidano zemljišče","authority":"MKGP","dataSource":"raba-3000"},"geometry":{"type":"Polygon","coordinates":[[[14.815518863378683,46.13364219049955],[14.817176008569344,46.13215572777698],[14.814865450307027,46.13367835552346],[14.815518863378683,46.13364219049955]]]}},{"type":"Feature","properties":{"_zoneType":"SI_BUILT","name":"Pozidano zemljišče","authority":"MKGP","dataSource":"raba-3000"},"geometry":{"type":"Polygon","coordinates":[[[14.816616069035012,46.138023902018055],[14.816566372001606,46.13788022022492],[14.816300955606659,46.138090996866026],[14.816616069035012,46.138023902018055]]]}},{"type":"Feature","properties":{"_zoneType":"SI_BUILT","name":"Pozidano zemljišče","authority":"MKGP","dataSource":"raba-3000"},"geometry":{"type":"Polygon","coordinates":[[[14.815708513268229,46.14149007376403],[14.81546520848029,46.141558080695795],[14.815778007119336,46.14214385021808],[14.815708513268229,46.14149007376403]]]}},{"type":"Feature","properties":{"_zoneType":"SI_BUILT","name":"Pozidano zemljišče","authority":"MKGP","dataSource":"raba-3000"},"geometry":{"type":"Polygon","coordinates":[[[14.800415540819646,46.140005279217874],[14.800407671800976,46.1398879189006],[14.800058440735869,46.14000337135671],[14.800415540819646,46.140005279217874]]]}},{"type":"Feature","properties":{"_zoneType":"SI_BUILT","name":"Pozidano zemljišče","authority":"MKGP","dataSource":"raba-3000"},"geometry":{"type":"Polygon","coordinates":[[[14.810390851736479,46.190595967317506],[14.810610042573058,46.19071427417141],[14.810671231851767,46.19041508746911],[14.810390851736479,46.190595967317506]]]}},{"type":"Feature","properties":{"_zoneType":"SI_BUILT","name":"Pozidano zemljišče","authority":"MKGP","dataSource":"raba-3000"},"geometry":{"type":"Polygon","coordinates":[[[14.8093363762966,46.181943094590146],[14.810280756264959,46.182050576569274],[14.808715875006266,46.18138820651643],[14.8093363762966,46.181943094590146]]]}},{"type":"Feature","properties":{"_zoneType":"SI_BUILT","name":"Pozidano zemljišče","authority":"MKGP","dataSource":"raba-3000"},"geometry":{"type":"Polygon","coordinates":[[[14.810304699569231,46.10580672929536],[14.808887928840436,46.10435603953242],[14.809174769865933,46.105524381566156],[14.810304699569231,46.10580672929536]]]}},{"type":"Feature","properties":{"_zoneType":"SI_BUILT","name":"Pozidano zemljišče","authority":"MKGP","dataSource":"raba-3000"},"geometry":{"type":"Polygon","coordinates":[[[14.808078821850295,46.119468943927025],[14.807169359526268,46.11892098767696],[14.807463631021138,46.117915601066905],[14.804571247382752,46.1177114027675],[14.80409620818932,46.12],[14.80453725470746,46.12],[14.804910580911589,46.11938123396702],[14.80612141914702,46.119330653129296],[14.805803285445407,46.12],[14.807106692333248,46.12],[14.808078821850295,46.119468943927025]]]}},{"type":"Feature","properties":{"_zoneType":"SI_BUILT","name":"Pozidano zemljišče","authority":"MKGP","dataSource":"raba-3000"},"geometry":{"type":"Polygon","coordinates":[[[14.806081678496936,46.12248895244299],[14.805912777861144,46.12392896564566],[14.80492158951748,46.124268028283964],[14.806078917574043,46.12425155164167],[14.80915587662448,46.12163924070946],[14.80666477667645,46.12324882649752],[14.806387657653083,46.12190960475216],[14.804898689578346,46.12120619038057],[14.807106692333248,46.12],[14.805803285445407,46.12],[14.80566218154923,46.12029687974229],[14.804360629611457,46.12029274561702],[14.80453725470746,46.12],[14.80409620818932,46.12],[14.804016901659184,46.12038207522221],[14.806081678496936,46.12248895244299]]]}},{"type":"Feature","properties":{"_zoneType":"SI_BUILT","name":"Pozidano zemljišče","authority":"MKGP","dataSource":"raba-3000"},"geometry":{"type":"Polygon","coordinates":[[[14.8,46.10564746615706],[14.800162729346406,46.10569595360222],[14.801127074001377,46.105501997891814],[14.8,46.10533543827379],[14.8,46.10564746615706]]]}},{"type":"Feature","properties":{"_zoneType":"SI_BUILT","name":"Pozidano zemljišče","authority":"MKGP","dataSource":"raba-3000"},"geometry":{"type":"Polygon","coordinates":[[[14.807307982331865,46.179607104303365],[14.806986237222363,46.179552278911416],[14.807215924565766,46.17974259390901],[14.807307982331865,46.179607104303365]]]}},{"type":"Feature","properties":{"_zoneType":"SI_BUILT","name":"Pozidano zemljišče","authority":"MKGP","dataSource":"raba-3000"},"geometry":{"type":"Polygon","coordinates":[[[14.806427528632632,46.140826923892675],[14.806233964909294,46.1418218398228],[14.806876239821658,46.142399520303194],[14.806427528632632,46.140826923892675]]]}},{"type":"Feature","properties":{"_zoneType":"SI_BUILT","name":"Pozidano zemljišče","authority":"MKGP","dataSource":"raba-3000"},"geometry":{"type":"Polygon","coordinates":[[[14.805535151005277,46.18208365926499],[14.805867589180705,46.182407309046155],[14.805761332432395,46.18198056572328],[14.805535151005277,46.18208365926499]]]}},{"type":"Feature","properties":{"_zoneType":"SI_BUILT","name":"Pozidano zemljišče","authority":"MKGP","dataSource":"raba-3000"},"geometry":{"type":"Polygon","coordinates":[[[14.804160018457129,46.19633850386363],[14.803082017137898,46.19631994012711],[14.802595384290493,46.19672634932511],[14.804015590321193,46.196471988836755],[14.804160018457129,46.19633850386363]]]}},{"type":"Feature","properties":{"_zoneType":"SI_BUILT","name":"Pozidano zemljišče","authority":"MKGP","dataSource":"raba-3000"},"geometry":{"type":"Polygon","coordinates":[[[14.803764293650739,46.1143139996503],[14.803642842800361,46.11417543104928],[14.80152955376342,46.11529108700377],[14.803764293650739,46.1143139996503]]]}},{"type":"Feature","properties":{"_zoneType":"SI_BUILT","name":"Pozidano zemljišče","authority":"MKGP","dataSource":"raba-3000"},"geometry":{"type":"Polygon","coordinates":[[[14.804146626314822,46.113158815145184],[14.803815536928395,46.11329433290308],[14.80403126693191,46.11356700887272],[14.804146626314822,46.113158815145184]]]}},{"type":"Feature","properties":{"_zoneType":"SI_BUILT","name":"Pozidano zemljišče","authority":"MKGP","dataSource":"raba-3000"},"geometry":{"type":"Polygon","coordinates":[[[14.803400977142621,46.191742606031525],[14.801112806797779,46.19053975014358],[14.80269790894332,46.192053699476055],[14.803400977142621,46.191742606031525]]]}},{"type":"Feature","properties":{"_zoneType":"SI_BUILT","name":"Pozidano zemljišče","authority":"MKGP","dataSource":"raba-3000"},"geometry":{"type":"Polygon","coordinates":[[[14.803338719247936,46.070711565269676],[14.802410912203806,46.07023446357431],[14.802172988053025,46.0711835609674],[14.803338719247936,46.070711565269676]]]}},{"type":"Feature","properties":{"_zoneType":"SI_BUILT","name":"Pozidano zemljišče","authority":"MKGP","dataSource":"raba-3000"},"geometry":{"type":"Polygon","coordinates":[[[14.8009567797673,46.18893826818118],[14.801261427330052,46.18897201689934],[14.801006674964352,46.18877362926996],[14.8009567797673,46.18893826818118]]]}},{"type":"Feature","properties":{"_zoneType":"SI_BUILT","name":"Pozidano zemljišče","authority":"MKGP","dataSource":"raba-3000"},"geometry":{"type":"Polygon","coordinates":[[[14.8,46.19311851682139],[14.8,46.19322065584504],[14.800302759935922,46.19298988039399],[14.8,46.19311851682139]]]}},{"type":"Feature","properties":{"_zoneType":"SI_BUILT","name":"Pozidano zemljišče","authority":"MKGP","dataSource":"raba-3000"},"geometry":{"type":"Polygon","coordinates":[[[14.801104646783669,46.193798142961406],[14.801078533694625,46.19361207507572],[14.800744990722274,46.19379923163369],[14.801104646783669,46.193798142961406]]]}},{"type":"Feature","properties":{"_zoneType":"SI_BUILT","name":"Pozidano zemljišče","authority":"MKGP","dataSource":"raba-3000"},"geometry":{"type":"Polygon","coordinates":[[[14.999999999999998,46.049536407369075],[15.0,46.049536407369075],[15.0,46.048737966180916],[14.999999999999998,46.048737966180916],[14.999999999999998,46.049536407369075]]]}},{"type":"Feature","properties":{"_zoneType":"SI_BUILT","name":"Pozidano zemljišče","authority":"MKGP","dataSource":"raba-3000"},"geometry":{"type":"Polygon","coordinates":[[[14.999999999999998,46.05603780770856],[15.0,46.05603780770856],[15.0,46.05603780770855],[14.999999999999998,46.05603780770856]]]}},{"type":"Feature","properties":{"_zoneType":"SI_BUILT","name":"Pozidano zemljišče","authority":"MKGP","dataSource":"raba-3000"},"geometry":{"type":"Polygon","coordinates":[[[15.0,46.06172535516016],[15.0,46.060362555743644],[14.999999999999998,46.060362555743644],[14.999999999999998,46.06172535516016],[15.0,46.06172535516016]]]}},{"type":"Feature","properties":{"_zoneType":"SI_BUILT","name":"Pozidano zemljišče","authority":"MKGP","dataSource":"raba-3000"},"geometry":{"type":"Polygon","coordinates":[[[14.999999999999998,46.11189225378637],[14.999999999999998,46.112946384165575],[15.0,46.112946384165575],[15.0,46.11189225378637],[14.999999999999998,46.11189225378637]]]}},{"type":"Feature","properties":{"_zoneType":"SI_BUILT","name":"Pozidano zemljišče","authority":"MKGP","dataSource":"raba-3000"},"geometry":{"type":"Polygon","coordinates":[[[14.999999999999998,46.12123082195464],[15.0,46.12123082195465],[15.0,46.12123082195464],[14.999999999999998,46.12123082195464]]]}},{"type":"Feature","properties":{"_zoneType":"SI_BUILT","name":"Pozidano zemljišče","authority":"MKGP","dataSource":"raba-3000"},"geometry":{"type":"Polygon","coordinates":[[[15.0,46.13423397176575],[15.0,46.128634902397025],[14.999999999999998,46.128634902397025],[14.999999999999998,46.13423397176575],[15.0,46.13423397176575]]]}},{"type":"Feature","properties":{"_zoneType":"SI_BUILT","name":"Pozidano zemljišče","authority":"MKGP","dataSource":"raba-3000"},"geometry":{"type":"Polygon","coordinates":[[[15.0,46.14095391382016],[15.0,46.139881267229285],[14.999999999999998,46.139881267229285],[14.999999999999998,46.14095391382016],[15.0,46.14095391382016]]]}},{"type":"Feature","properties":{"_zoneType":"SI_BUILT","name":"Pozidano zemljišče","authority":"MKGP","dataSource":"raba-3000"},"geometry":{"type":"Polygon","coordinates":[[[15.0,46.141591135707834],[14.999999999999998,46.141591135707834],[15.0,46.14159113570804],[15.0,46.141591135707834]]]}},{"type":"Feature","properties":{"_zoneType":"SI_BUILT","name":"Pozidano zemljišče","authority":"MKGP","dataSource":"raba-3000"},"geometry":{"type":"Polygon","coordinates":[[[14.999999999999998,46.151755921562255],[14.999999999999998,46.15394270235442],[15.0,46.15394270235442],[15.0,46.151755921562255],[14.999999999999998,46.151755921562255]]]}},{"type":"Feature","properties":{"_zoneType":"SI_BUILT","name":"Pozidano zemljišče","authority":"MKGP","dataSource":"raba-3000"},"geometry":{"type":"Polygon","coordinates":[[[15.0,46.053388477071586],[14.999999999999998,46.053388477071586],[14.999999999999998,46.053635722936484],[15.0,46.053635722936484],[15.0,46.053388477071586]]]}},{"type":"Feature","properties":{"_zoneType":"SI_BUILT","name":"Pozidano zemljišče","authority":"MKGP","dataSource":"raba-3000"},"geometry":{"type":"Polygon","coordinates":[[[15.0,46.08312804110578],[14.999999999999998,46.08312804110578],[14.999999999999998,46.08397116855238],[15.0,46.08397116855238],[15.0,46.08312804110578]]]}},{"type":"Feature","properties":{"_zoneType":"SI_BUILT","name":"Pozidano zemljišče","authority":"MKGP","dataSource":"raba-3000"},"geometry":{"type":"Polygon","coordinates":[[[15.0,46.08094689449932],[14.999999999999998,46.08094689449931],[14.999999999999998,46.081238791002676],[15.0,46.08123879100266],[15.0,46.08094689449932]]]}},{"type":"Feature","properties":{"_zoneType":"SI_BUILT","name":"Pozidano zemljišče","authority":"MKGP","dataSource":"raba-3000"},"geometry":{"type":"Polygon","coordinates":[[[15.0,46.07903744663664],[15.0,46.079037446636235],[14.999999999999998,46.079037446636235],[15.0,46.07903744663664]]]}},{"type":"Feature","properties":{"_zoneType":"SI_BUILT","name":"Pozidano zemljišče","authority":"MKGP","dataSource":"raba-3000"},"geometry":{"type":"Polygon","coordinates":[[[15.0,46.01119850674247],[14.999999999999998,46.01119850674247],[14.999999999999998,46.01155587501294],[15.0,46.01155587501294],[15.0,46.01119850674247]]]}}]}