{"type":"FeatureCollection","features":[{"type":"Feature","properties":{"_zoneType":"SI_BUILT","name":"Pozidano zemljišče","authority":"MKGP","dataSource":"raba-3000"},"geometry":{"type":"Polygon","coordinates":[[[14.838361307722552,45.50764223522699],[14.834122944894679,45.50733850081699],[14.83149028119171,45.51079464830001],[14.829729106844383,45.51097848517857],[14.827040616578724,45.51849759929083],[14.82542445272172,45.51795023886413],[14.826050182928526,45.519387851104504],[14.82411960056655,45.52],[14.825996511783364,45.52],[14.826979626643768,45.51883447532243],[14.828564273876262,45.52],[14.831180622019037,45.52],[14.833996007890004,45.519476526727956],[14.835053846672158,45.52],[14.83512379086545,45.52],[14.83949410389027,45.516975493378],[14.84,45.51696128809141],[14.84,45.516731056355965],[14.839125196083568,45.516794315948054],[14.835915042206693,45.51935222215499],[14.83449104890601,45.51909567700607],[14.828673228307073,45.51986964890758],[14.827318569823074,45.51799918277771],[14.829603554052257,45.51189338809391],[14.831734889034282,45.51095444294327],[14.834046493957953,45.50762161076445],[14.83843604883157,45.507923498359695],[14.84,45.5087302718242],[14.84,45.508387942039306],[14.838361307722552,45.50764223522699]]]}},{"type":"Feature","properties":{"_zoneType":"SI_BUILT","name":"Pozidano zemljišče","authority":"MKGP","dataSource":"raba-3000"},"geometry":{"type":"Polygon","coordinates":[[[14.819157642572678,45.519846057540946],[14.820242227831809,45.513571872416094],[14.821737578255249,45.51278668746528],[14.821113838262866,45.510347326677596],[14.82110073697001,45.51275996082639],[14.816448928860414,45.51282739466703],[14.813260376488609,45.51463223730872],[14.814278641702087,45.51538280353215],[14.814222056936869,45.51457715789986],[14.816666478838647,45.51312723344553],[14.819666562906338,45.51364681213818],[14.818773451499718,45.52],[14.819667267282963,45.52],[14.819157642572678,45.519846057540946]]]}},{"type":"Feature","properties":{"_zoneType":"SI_BUILT","name":"Pozidano zemljišče","authority":"MKGP","dataSource":"raba-3000"},"geometry":{"type":"Polygon","coordinates":[[[14.821947401512467,45.52068876069623],[14.819667267282963,45.52],[14.818773451499718,45.52],[14.818758355751562,45.520107384278425],[14.821249108550884,45.52088298978215],[14.818486008981635,45.52139710961131],[14.815940595416992,45.52397726913635],[14.808267810207393,45.5283342667789],[14.805365785392974,45.52898254052808],[14.80242093672168,45.52750282020969],[14.80483030786369,45.52914658623023],[14.803145063802983,45.5306075839639],[14.801107898675552,45.531105205193406],[14.800277275737196,45.52996503127738],[14.8,45.53003962207185],[14.8,45.53125807933548],[14.804314729851246,45.53138629032866],[14.80306615947137,45.532505149346065],[14.806986091105584,45.531905969028884],[14.807333894761708,45.53141583713],[14.804814706626718,45.531176981323064],[14.805364324972253,45.529588302727475],[14.808443953017374,45.52891470052152],[14.81720416816313,45.523790826961005],[14.81993694461285,45.52445686332652],[14.820650042086891,45.526342562766224],[14.821571667139805,45.52629754351995],[14.822440909312997,45.524628979676116],[14.819152826355731,45.522487305654494],[14.820803590942194,45.521457360455976],[14.825002239375763,45.521178752426565],[14.825996511783364,45.52],[14.82411960056655,45.52],[14.821947401512467,45.52068876069623]],[[14.817776966679741,45.52351821161383],[14.818535372197125,45.52301008093521],[14.819072436647913,45.52396954485967],[14.817776966679741,45.52351821161383]]]}},{"type":"Feature","properties":{"_zoneType":"SI_BUILT","name":"Pozidano zemljišče","authority":"MKGP","dataSource":"raba-3000"},"geometry":{"type":"Polygon","coordinates":[[[14.829092212438496,45.52038830435564],[14.831180622019037,45.52],[14.828564273876262,45.52],[14.829092212438496,45.52038830435564]]]}},{"type":"Feature","properties":{"_zoneType":"SI_BUILT","name":"Pozidano zemljišče","authority":"MKGP","dataSource":"raba-3000"},"geometry":{"type":"Polygon","coordinates":[[[14.835094629401635,45.52002018140118],[14.83512379086545,45.52],[14.835053846672158,45.52],[14.835094629401635,45.52002018140118]]]}},{"type":"Feature","properties":{"_zoneType":"SI_BUILT","name":"Pozidano zemljišče","authority":"MKGP","dataSource":"raba-3000"},"geometry":{"type":"Polygon","coordinates":[[[14.8,45.58883303637947],[14.8,45.592823082478425],[14.800253232452802,45.59464406100518],[14.8,45.59479317134386],[14.8,45.59579152397033],[14.800164186155488,45.59785705465932],[14.8,45.59800086765787],[14.8,45.599060280758366],[14.800996131434927,45.598426872815374],[14.802359243851528,45.59931236455903],[14.80678172137601,45.599600872704166],[14.807231648209223,45.6],[14.808054379396964,45.6],[14.807297240496007,45.59878006721289],[14.801982008475944,45.59871274759191],[14.806318207092378,45.596810826987415],[14.802563057816698,45.5978238032842],[14.800598209169424,45.59634289023311],[14.801778612971,45.595833443892765],[14.801497295166891,45.59377784442951],[14.802194233968429,45.59336251181188],[14.80013602645077,45.592750861678084],[14.801289454500507,45.5833988229628],[14.8,45.58191504619069],[14.8,45.582432157530796],[14.800922865971813,45.58348813111812],[14.8,45.58883303637947]]]}},{"type":"Feature","properties":{"_zoneType":"SI_BUILT","name":"Pozidano zemljišče","authority":"MKGP","dataSource":"raba-3000"},"geometry":{"type":"Polygon","coordinates":[[[14.802637002634889,45.57538221842361],[14.804490619881678,45.57398054986193],[14.817930689277578,45.571443770345645],[14.817511282921004,45.57355556295584],[14.81937646038075,45.5766316770024],[14.817868513443596,45.57343853945083],[14.818784588627372,45.57121754630552],[14.82770881152552,45.569185557717475],[14.835653100739316,45.56958732007226],[14.839742548304631,45.57158157550867],[14.84,45.57162509312425],[14.84,45.57058609828551],[14.836861096564348,45.569500107091535],[14.828952333245207,45.568587026856875],[14.816773644131683,45.571272589147654],[14.816862644106587,45.56775264479884],[14.814267860335026,45.56700806581442],[14.812720499414718,45.56830989627433],[14.812774359782653,45.56988517005251],[14.811075147717402,45.57049957502994],[14.811434380356593,45.57210657106334],[14.80735586894469,45.57221847781447],[14.80719977729192,45.57320669654088],[14.802079425358869,45.57402201747193],[14.800761463490632,45.57370015038755],[14.800732773282359,45.571789574856325],[14.80195627737405,45.57117050848691],[14.80316210845217,45.57264550159957],[14.80528090458012,45.5724060125883],[14.807711105010362,45.56891592666496],[14.803863262329898,45.56886523260473],[14.80399323667894,45.56477367669376],[14.8,45.56376547016797],[14.8,45.564115590576016],[14.80326084453377,45.56468196854549],[14.80294818004194,45.56928386633537],[14.804956420180064,45.570042004504785],[14.8,45.571659790127875],[14.8,45.577060883134344],[14.803299037614197,45.576925939039086],[14.802637002634889,45.57538221842361]],[[14.816067855379758,45.57027816351913],[14.814975008985135,45.57113928655484],[14.814587846468605,45.570350263518115],[14.815611761147881,45.570004411931656],[14.816067855379758,45.57027816351913]],[[14.80613768464738,45.56960042408514],[14.805698427817594,45.56990942146606],[14.805678723164757,45.56929669542964],[14.80613768464738,45.56960042408514]]]}},{"type":"Feature","properties":{"_zoneType":"SI_BUILT","name":"Pozidano zemljišče","authority":"MKGP","dataSource":"raba-3000"},"geometry":{"type":"Polygon","coordinates":[[[14.8,45.565136745694254],[14.8,45.56586208266842],[14.800375717469903,45.56663874980797],[14.8,45.56687549090232],[14.8,45.567223486041115],[14.80078802462639,45.566718508094674],[14.8,45.565136745694254]]]}},{"type":"Feature","properties":{"_zoneType":"SI_BUILT","name":"Pozidano zemljišče","authority":"MKGP","dataSource":"raba-3000"},"geometry":{"type":"Polygon","coordinates":[[[14.878184586790868,45.50973003494494],[14.87848539465385,45.50813800018329],[14.876676735847013,45.51050414701973],[14.87410169043298,45.51037208222424],[14.872887807849382,45.50904360017447],[14.873022531094934,45.51055013886056],[14.87187643484199,45.51199834594301],[14.86917160407729,45.51240281940871],[14.867846329799862,45.51189822195934],[14.869084965992656,45.51099230600333],[14.869427222660557,45.509484517230916],[14.861124375482246,45.509557571730646],[14.85997452817971,45.50700387667796],[14.860597897719373,45.50516928139378],[14.859312017560628,45.50325493193938],[14.855087139848871,45.50266426236746],[14.857863344615742,45.50175722686648],[14.857657491243186,45.49983340412893],[14.857454963059755,45.501647060405716],[14.8546906987745,45.50264301601584],[14.85953039738672,45.50405403752192],[14.860208449654554,45.50533282623487],[14.859624290063712,45.50706509612533],[14.860528160501383,45.509441368094386],[14.862571370188476,45.51030307993704],[14.867005725835115,45.50974163217387],[14.868768851416457,45.51089396635465],[14.86652233919954,45.51201516252089],[14.863071462593222,45.51145379450774],[14.861143371771199,45.51337426689453],[14.857743581442506,45.51412338383006],[14.856499197236234,45.51495160194911],[14.854392779765739,45.513012777329074],[14.850330322786327,45.51191698996383],[14.85073423933002,45.513042696061646],[14.84997120947408,45.51373951424397],[14.852289670166112,45.514017952826116],[14.853233364812782,45.51285927164188],[14.855710743712597,45.51476254854803],[14.850733497776304,45.516797859003994],[14.845350884636323,45.51548825768117],[14.84312650476583,45.51559994780276],[14.842417776102314,45.51469340248615],[14.843939292715419,45.514311279464316],[14.84248626209157,45.5135983973686],[14.843215496857043,45.512666031707326],[14.8427231663104,45.50962715192434],[14.84,45.508387942039306],[14.84,45.5087302718242],[14.841102495683403,45.50929900074621],[14.84130541218364,45.51084585225034],[14.84274067097132,45.51140044311517],[14.841866631217782,45.5147472089165],[14.843129661307115,45.516504741528216],[14.84,45.516731056355965],[14.84,45.51696128809141],[14.842679502869881,45.51688604911358],[14.845246417207907,45.51573547528994],[14.85081438444363,45.51704771793218],[14.856991630859381,45.51515212185727],[14.856993730019777,45.516981379107676],[14.858608400046403,45.52],[14.85899903413519,45.52],[14.859178164228105,45.516746032285624],[14.861191234916053,45.51599373628412],[14.863745722938209,45.51339219905328],[14.864088889184817,45.5166386780608],[14.868490990443995,45.51895676120113],[14.867685682600257,45.52],[14.869096325862328,45.52],[14.86941285585191,45.51975075187666],[14.868460134373915,45.51853557288071],[14.864525371349885,45.51616248314506],[14.864449763557513,45.51361544740375],[14.865741892778129,45.51296967062131],[14.863013620146434,45.51328708570306],[14.862278266195618,45.51239551461736],[14.8636407572014,45.51161061062854],[14.869569499239168,45.51286768040035],[14.874574912086176,45.512226397116166],[14.873750651781988,45.51405473351021],[14.87049799583252,45.5145865766118],[14.874534542406566,45.515312007353025],[14.875412176204886,45.51428567600203],[14.874259535950893,45.51343529724407],[14.875316597592654,45.51272440447366],[14.879373730396356,45.51195968829385],[14.88,45.512230188437954],[14.88,45.511821596643834],[14.879793334627808,45.51168610274306],[14.88,45.51145085971994],[14.88,45.51071664073922],[14.877750819930492,45.51169264178558],[14.875117638852897,45.511164276285946],[14.877954180504002,45.510209400593766],[14.88,45.5105134375039],[14.88,45.509983364741146],[14.878184586790868,45.50973003494494]],[[14.861844282082574,45.51343508271578],[14.862777845069681,45.51368278454215],[14.860762506144086,45.51595332069583],[14.858378707555524,45.51604359560303],[14.860259930691221,45.515361661669914],[14.861844282082574,45.51343508271578]],[[14.860209197728267,45.51429173146881],[14.859795743706263,45.515280867737786],[14.857871136761373,45.515221784656674],[14.857876553693881,45.514373914636465],[14.860209197728267,45.51429173146881]],[[14.85749958005875,45.51721041565153],[14.857490536839597,45.51657094585053],[14.858419069953282,45.51715044758296],[14.85749958005875,45.51721041565153]]]}},{"type":"Feature","properties":{"_zoneType":"SI_BUILT","name":"Pozidano zemljišče","authority":"MKGP","dataSource":"raba-3000"},"geometry":{"type":"Polygon","coordinates":[[[14.879732211346239,45.55554913251776],[14.879183363095946,45.55837854913193],[14.877727335972134,45.56],[14.878192446753227,45.56],[14.879496188067622,45.55854204349835],[14.88,45.556963723253716],[14.88,45.555352790550906],[14.879732211346239,45.55554913251776]]]}},{"type":"Feature","properties":{"_zoneType":"SI_BUILT","name":"Pozidano zemljišče","authority":"MKGP","dataSource":"raba-3000"},"geometry":{"type":"Polygon","coordinates":[[[14.864405109131283,45.55780422909053],[14.864657206974135,45.55633584061265],[14.8670632030551,45.555244504945506],[14.868101543917714,45.55685027228471],[14.86850769946734,45.55534437690544],[14.871208559602133,45.55543335820897],[14.867578623553525,45.554116408108825],[14.864405539551827,45.556039126688326],[14.861361783837003,45.55373690319466],[14.862177533036782,45.551333654044534],[14.863903766369164,45.550956334220864],[14.864777499221342,45.5517676078924],[14.864336825473588,45.550258223641045],[14.867464707075916,45.55036967157218],[14.865083051506998,45.548999707049106],[14.869552424734431,45.54614224734413],[14.864247724630777,45.54880009151207],[14.861994077492412,45.547017598856506],[14.863578459041664,45.544178879772126],[14.864828048514347,45.53913385584091],[14.873795938415036,45.537966718655625],[14.877559122453274,45.535995303562345],[14.88,45.53668854894041],[14.88,45.53647117648321],[14.877156449608615,45.535751478589],[14.873674046840431,45.53771232013244],[14.864951487932629,45.538612222435184],[14.864092693826779,45.536643881322384],[14.862216091326072,45.535142699006784],[14.863205888022707,45.534099732986554],[14.866570296235906,45.533402894052934],[14.867939263967996,45.53213337170181],[14.870709644008208,45.5315633036536],[14.874209028282944,45.529457284541934],[14.874901979571012,45.53022861844488],[14.877713587080812,45.52618284564206],[14.88,45.525369675767635],[14.88,45.5252874347066],[14.877462097180658,45.52600707775056],[14.870638013804735,45.53130791693795],[14.867795702932991,45.53189990215146],[14.861714680716197,45.53471861986769],[14.859006877289003,45.533063908960116],[14.860390420590788,45.528264842807644],[14.858654997359794,45.52349853250475],[14.86005978494696,45.52225506304191],[14.858980401533156,45.52033846845311],[14.85899903413519,45.52],[14.858608400046403,45.52],[14.85940662362455,45.52149227664477],[14.858306308369981,45.523079258903934],[14.858501367615172,45.52435731435869],[14.854018598607992,45.522027994430424],[14.850044442942414,45.52309185071287],[14.850703548352927,45.52382717867834],[14.853830678535786,45.52226517150582],[14.857338409787678,45.52444641799782],[14.856976129894482,45.525189076281386],[14.855284004196594,45.524904539368585],[14.85340751803336,45.52633100938299],[14.854015302203456,45.52771457230212],[14.852518492509951,45.528929677739434],[14.852907661873406,45.53177689172339],[14.850971247087747,45.53053705718333],[14.848682761954484,45.530503991779895],[14.85171656420882,45.53125790504451],[14.851642318848679,45.532971654286946],[14.849659604145343,45.5339739890889],[14.847486976755535,45.533277042753504],[14.849493530954598,45.5342591535424],[14.852199714096319,45.533486119488124],[14.852644009515737,45.53423612833366],[14.855497260785715,45.53263554157234],[14.85728608391547,45.53467460745588],[14.860349419313444,45.534533313253604],[14.863280793257204,45.53646751316775],[14.864408761270258,45.53900714216069],[14.862550396821144,45.54214596921605],[14.863261608566793,45.54388110816664],[14.862059831731127,45.54599734232238],[14.859311526862667,45.545342082458035],[14.85846374432989,45.543216819698756],[14.857883923020443,45.54347153946253],[14.858751476343157,45.54495599201972],[14.857303421885407,45.54559838334313],[14.861362175723123,45.54642297211535],[14.860846237946062,45.54883744679012],[14.859508716626795,45.549232476536325],[14.860354016610083,45.5508267771173],[14.858050048961733,45.55150034082476],[14.858235532108758,45.54932403997088],[14.857220834046203,45.54893994296666],[14.856612804404563,45.54950286397918],[14.85733573234889,45.551020232965236],[14.856231664669064,45.55146849554491],[14.851720242600829,45.549198332532],[14.847207153495974,45.548811451251055],[14.84675742614958,45.54643172287454],[14.846310491984147,45.54850695820504],[14.843046941521838,45.54826435015685],[14.84019500123938,45.54935820464135],[14.843997170566757,45.54846990013377],[14.8516380614112,45.54943313197622],[14.859788914757178,45.55346422123706],[14.855505697648217,45.55659685175595],[14.860334670928175,45.553987166515476],[14.864190934119007,45.55702353023273],[14.85995443489562,45.56],[14.860336576567477,45.56],[14.861751051610849,45.55949803117306],[14.86348598334472,45.55793500099955],[14.864958005990083,45.56],[14.865510017772156,45.56],[14.864405109131283,45.55780422909053]],[[14.862156061716089,45.54922375015105],[14.862321591933343,45.548801006915326],[14.863028513870006,45.549289799569564],[14.862156061716089,45.54922375015105]],[[14.860423614754867,45.55181538821517],[14.859730169778928,45.5527827430585],[14.858480632560715,45.552332382529876],[14.85963134291843,45.55134900092589],[14.860423614754867,45.55181538821517]],[[14.859742833783388,45.528516881724606],[14.857991261406646,45.53366140963277],[14.855442120649235,45.532258046402205],[14.8565641268825,45.530325135996385],[14.859742833783388,45.528516881724606]],[[14.853365514132449,45.52972536391299],[14.854291716327916,45.52789887483681],[14.85456700340557,45.52565285020121],[14.859205376144947,45.52613069157621],[14.859634178907488,45.527088694233775],[14.85776238472199,45.529359423066516],[14.85340235839517,45.53213388941936],[14.854417226725566,45.53004349194106],[14.853365514132449,45.52972536391299]],[[14.857515805255744,45.52500738827733],[14.857920063743085,45.524658780307725],[14.857989877673678,45.52529736784686],[14.857515805255744,45.52500738827733]]]}},{"type":"Feature","properties":{"_zoneType":"SI_BUILT","name":"Pozidano zemljišče","authority":"MKGP","dataSource":"raba-3000"},"geometry":{"type":"Polygon","coordinates":[[[14.8792390476238,45.54793110052283],[14.876740190490322,45.54997933402775],[14.878907397210519,45.54873902899896],[14.88,45.54647859573186],[14.88,45.54586389938986],[14.8792390476238,45.54793110052283]]]}},{"type":"Feature","properties":{"_zoneType":"SI_BUILT","name":"Pozidano zemljišče","authority":"MKGP","dataSource":"raba-3000"},"geometry":{"type":"Polygon","coordinates":[[[14.857221623600324,45.558759917714056],[14.857820757226913,45.56],[14.859177446948372,45.56],[14.857221623600324,45.558759917714056]]]}},{"type":"Feature","properties":{"_zoneType":"SI_BUILT","name":"Pozidano zemljišče","authority":"MKGP","dataSource":"raba-3000"},"geometry":{"type":"Polygon","coordinates":[[[14.879895127870189,45.521416185924025],[14.879066682137296,45.523092353401715],[14.869826734740341,45.525160851563214],[14.871055671560672,45.52569485186336],[14.870551286802314,45.52705646661308],[14.867685433110326,45.52534627572],[14.867953825330678,45.524370923185224],[14.867053096723033,45.521608918729015],[14.869096325862328,45.52],[14.867685682600257,45.52],[14.866796725735908,45.521151602208555],[14.867613660951735,45.52444864499383],[14.866761339960243,45.52560722007221],[14.869729473681412,45.526708450170055],[14.869582491753198,45.52855406128972],[14.871200311192629,45.5277348282937],[14.873224112010988,45.52471543468368],[14.879297374152822,45.52328829052469],[14.88,45.52281723867621],[14.88,45.52143290643545],[14.879895127870189,45.521416185924025]]]}},{"type":"Feature","properties":{"_zoneType":"SI_BUILT","name":"Pozidano zemljišče","authority":"MKGP","dataSource":"raba-3000"},"geometry":{"type":"Polygon","coordinates":[[[14.844170976932464,45.572330122355],[14.845887774182527,45.574843543677176],[14.845360708004787,45.575684408972485],[14.846125047059255,45.57699670923492],[14.847066452170475,45.575005399095716],[14.849644053448786,45.57477902449064],[14.85006566059501,45.57268279944288],[14.851401772477194,45.57309904488239],[14.852359627046,45.5748937083017],[14.858454166567956,45.57650182919614],[14.857360511677449,45.57539285811334],[14.852708168200394,45.57439292255592],[14.85111439862329,45.57210622556561],[14.860429438577482,45.57252355512495],[14.864865277973903,45.57090273200068],[14.869555590517974,45.57172557159871],[14.865914139683223,45.574870965271806],[14.859629016969096,45.57815730418376],[14.861651721765865,45.57770567779007],[14.868669611963519,45.5730935488536],[14.870016135969294,45.57327942590432],[14.87045508477556,45.57165446287085],[14.87133805155084,45.57281004055399],[14.872738032491394,45.57274066844264],[14.87321828945496,45.574536329405554],[14.874606669555353,45.57443376847154],[14.87528270824851,45.57311458985857],[14.88,45.574858773651755],[14.88,45.57474279903461],[14.874163077720363,45.57221364811912],[14.87481148598893,45.571093179816785],[14.87855869270186,45.57110243884923],[14.88,45.5716566342383],[14.88,45.57121658066171],[14.879090190320367,45.57085814344587],[14.873931580018802,45.57090017899467],[14.874166957935028,45.56952776461716],[14.871317425128936,45.56679673208596],[14.87637644633332,45.56544609125014],[14.877953177623661,45.563773399574345],[14.877562364809963,45.560704612223006],[14.878192446753227,45.56],[14.877727335972134,45.56],[14.87722664869482,45.56055757190725],[14.877558649455933,45.563763624202345],[14.876092241840668,45.56522221869022],[14.870641204682848,45.566590912256466],[14.869393044264879,45.56547854274576],[14.868802608144014,45.56267493473385],[14.868005102383773,45.56345221474788],[14.866783626289923,45.56253102603231],[14.865510017772156,45.56],[14.864958005990083,45.56],[14.868098832171789,45.564406048335094],[14.867302996939006,45.56641116181483],[14.866106010943199,45.56666406399439],[14.866958095170244,45.56722354361359],[14.866789104733183,45.568491746404604],[14.86546752478326,45.569258028052126],[14.865399428850216,45.570601395363084],[14.863655928370653,45.56964349447556],[14.863949948853488,45.57058543256983],[14.862055640369086,45.5709675120562],[14.859853596842203,45.56850656062181],[14.858176431281754,45.56858252496144],[14.856643292941916,45.56895643094239],[14.856084235891945,45.57168810617874],[14.854309449121708,45.57168378837978],[14.854771416900615,45.56838296903026],[14.856829183496282,45.56530572959539],[14.85874478616642,45.564543722452086],[14.857181861755734,45.564274732444126],[14.858230485416195,45.560747409513944],[14.860336576567477,45.56],[14.85995443489562,45.56],[14.859585859824186,45.560258952616124],[14.859177446948372,45.56],[14.857820757226913,45.56],[14.858053683478298,45.560482109007836],[14.857311043427584,45.561390581039376],[14.855972308091953,45.56105384246823],[14.856769374860326,45.56169062791372],[14.856865734104533,45.564652121468356],[14.853673893706336,45.56914814090157],[14.85338854506215,45.57180905687135],[14.850809038854795,45.57175463735141],[14.845407614775265,45.5683045229887],[14.848209374722343,45.570977028844865],[14.847938225905363,45.57185486424631],[14.845613793773406,45.57133771359513],[14.84410830452032,45.572007480823295],[14.84,45.57058609828551],[14.84,45.57162509312425],[14.844170976932464,45.572330122355]],[[14.874325810740672,45.572875196993344],[14.873769744791803,45.57311116200185],[14.873932186168346,45.57248423315235],[14.874325810740672,45.572875196993344]],[[14.872515437159178,45.568733643421865],[14.867696178911592,45.570849510631305],[14.866818238127633,45.57003438208033],[14.86851513273691,45.56535197171938],[14.872515437159178,45.568733643421865]],[[14.861865592279301,45.57130441040077],[14.860613928977898,45.57223265718443],[14.857547218458873,45.57199905345472],[14.859319910013165,45.569259314627324],[14.861865592279301,45.57130441040077]],[[14.847895627134061,45.57249319721962],[14.84714058080047,45.57329039422835],[14.844862859838793,45.57273295384572],[14.845940197644792,45.57223178423114],[14.847895627134061,45.57249319721962]]]}},{"type":"Feature","properties":{"_zoneType":"SI_BUILT","name":"Pozidano zemljišče","authority":"MKGP","dataSource":"raba-3000"},"geometry":{"type":"Polygon","coordinates":[[[14.903655247268055,45.517299213470615],[14.906181727196312,45.51507417672061],[14.908879540608124,45.51565786881004],[14.910983771487615,45.517074790842365],[14.911422805996214,45.51887849699472],[14.91264318325546,45.51984634675319],[14.913005608340551,45.52],[14.914215943374378,45.52],[14.912018594070544,45.51890123551528],[14.912986781241276,45.51713152385298],[14.911560471004211,45.51604890242289],[14.912668554828482,45.514716757677895],[14.912569077575107,45.51091426985438],[14.91620601940656,45.50414645202897],[14.914194106149537,45.50417563722879],[14.91133364567723,45.50222403510253],[14.911354124174547,45.499887694728216],[14.910219745275015,45.49988680878934],[14.910610786213276,45.50171251666377],[14.909296828764198,45.502568824124445],[14.911978006811172,45.50286845042097],[14.914725282130373,45.50544078374358],[14.912105443341208,45.511111363334166],[14.912257351986055,45.513621027544644],[14.911253704628262,45.51510977189098],[14.909469628680105,45.51257508436834],[14.911357084846516,45.51091300062663],[14.909713503882893,45.51149936634527],[14.907215080576831,45.50858593711111],[14.910314360653247,45.5091146797403],[14.911111746628261,45.50782292462216],[14.905670112610164,45.5079412230599],[14.903591348352757,45.506203861561445],[14.903474071809383,45.504967674738936],[14.902684660390715,45.505188936606935],[14.902890549599904,45.50659565910041],[14.899966655907463,45.505599370466776],[14.897769471828187,45.50549396245951],[14.897768932029113,45.50468887539633],[14.895259725628177,45.50348689155346],[14.89791225923088,45.501710653777735],[14.896361306971063,45.50122721743866],[14.896288411447975,45.50233025877376],[14.894350024067796,45.50222102578551],[14.892768696391865,45.49987176003732],[14.89174583048909,45.499870795266794],[14.892200039552293,45.50247948739993],[14.89143832926374,45.5037657029114],[14.889158561471838,45.505027693312826],[14.886667769250607,45.504332282442185],[14.886374931355514,45.50150505886625],[14.886060511673966,45.504449064860815],[14.883512055225298,45.50399272531213],[14.884838165799522,45.50463273672146],[14.884530908408097,45.50561500977994],[14.887081105721832,45.505661516151605],[14.88051188246684,45.51005479480476],[14.88,45.509983364741146],[14.88,45.5105134375039],[14.880348816738747,45.51056527646802],[14.88,45.51071664073922],[14.88,45.51145085971994],[14.88195019926906,45.509230987242695],[14.88599248480392,45.50655321848023],[14.887606208145122,45.508009095581755],[14.889412002971467,45.505274963641405],[14.8925332683149,45.503627336311546],[14.89292833132285,45.50142497966319],[14.896804535181964,45.50591801338911],[14.899921372390933,45.50587760906439],[14.906892425493622,45.50878139670228],[14.90875321557987,45.510724798829784],[14.908510162229268,45.5115850907626],[14.910525537617866,45.51518009813762],[14.907124373632143,45.5150255091078],[14.907192719870903,45.51407848549331],[14.9055226596652,45.514325421001566],[14.90479030046316,45.513242946776806],[14.904464464846983,45.51410725774252],[14.905591892220427,45.514809197079245],[14.904995572418699,45.51590757894595],[14.897812551710308,45.51950951050708],[14.89580221380474,45.51921146642817],[14.894533744332824,45.52],[14.898335714067107,45.52],[14.903655247268055,45.517299213470615]]]}},{"type":"Feature","properties":{"_zoneType":"SI_BUILT","name":"Pozidano zemljišče","authority":"MKGP","dataSource":"raba-3000"},"geometry":{"type":"Polygon","coordinates":[[[14.881826541901109,45.513019113598276],[14.88,45.511821596643834],[14.88,45.512230188437954],[14.881826541901109,45.513019113598276]]]}},{"type":"Feature","properties":{"_zoneType":"SI_BUILT","name":"Pozidano zemljišče","authority":"MKGP","dataSource":"raba-3000"},"geometry":{"type":"Polygon","coordinates":[[[14.90233318602539,45.55974017783256],[14.90783611071439,45.557023831357185],[14.913074869885852,45.556173361635786],[14.915230480147486,45.55220808795092],[14.918523149859276,45.55227603627377],[14.91715728172721,45.55437401243895],[14.916394177396441,45.55896304271896],[14.91329686627091,45.5597515719632],[14.913020505256993,45.56],[14.91360262261382,45.56],[14.913728153897022,45.559891263762474],[14.916606525189488,45.559293570237784],[14.917827854101011,45.55354365988003],[14.919021608372445,45.55252976293889],[14.92,45.552416095348796],[14.92,45.55140840019269],[14.916384020667294,45.55171963741936],[14.918886861343685,45.546892683613514],[14.918767500980122,45.545913312265824],[14.92,45.54460766197106],[14.92,45.54416752205329],[14.91843784105764,45.54580605946733],[14.91852700111346,45.54690584393061],[14.912848175340907,45.555950929626704],[14.90671402471404,45.55703483832962],[14.902229054984993,45.559496136527585],[14.901583739491809,45.56],[14.902052238266329,45.56],[14.90233318602539,45.55974017783256]]]}},{"type":"Feature","properties":{"_zoneType":"SI_BUILT","name":"Pozidano zemljišče","authority":"MKGP","dataSource":"raba-3000"},"geometry":{"type":"Polygon","coordinates":[[[14.91615276887728,45.53378943358397],[14.906965851441143,45.53454493980236],[14.905327339518903,45.53581215057852],[14.907256533469221,45.53679012485444],[14.906836517601016,45.537589837915725],[14.905468669303957,45.53730693627228],[14.90679843047009,45.53895739652614],[14.905183837063499,45.54025813615601],[14.901444774902942,45.5403114114485],[14.903381436283112,45.54142685432345],[14.90116469574514,45.54433123876699],[14.895749781972274,45.54644203012999],[14.893653419276374,45.54771313907585],[14.890518025171131,45.55106022072128],[14.888753901059804,45.550697449024476],[14.882812384137594,45.55235186186294],[14.883111775371734,45.55307124468134],[14.88,45.555352790550906],[14.88,45.556963723253716],[14.880561461160603,45.55520480199877],[14.885507908877262,45.55173710237407],[14.89067645449332,45.55134793384347],[14.895783297527764,45.54672521512383],[14.901346883730184,45.54456767739201],[14.903430779031488,45.54188725129725],[14.906578065188446,45.53989012624566],[14.907824378958022,45.53753584405048],[14.909937282261023,45.53682513455857],[14.910069652628886,45.53491289132778],[14.916218314011015,45.534049843820334],[14.92,45.537111846887505],[14.92,45.53605511022429],[14.91615276887728,45.53378943358397]],[[14.908212777533011,45.53557527740828],[14.907496419436473,45.536407188201274],[14.90673600746063,45.535918545131246],[14.907191197576351,45.53509365507102],[14.908212777533011,45.53557527740828]]]}},{"type":"Feature","properties":{"_zoneType":"SI_BUILT","name":"Pozidano zemljišče","authority":"MKGP","dataSource":"raba-3000"},"geometry":{"type":"Polygon","coordinates":[[[14.88272802536389,45.537463348551846],[14.88385946672749,45.536747017327805],[14.887402430649397,45.53824231438747],[14.88815377933546,45.54111250088319],[14.885615010143436,45.54296240149498],[14.882672789236839,45.54332015626911],[14.880227377887392,45.54524620524614],[14.88,45.54586389938986],[14.88,45.54647859573186],[14.880538132382627,45.54536527957387],[14.882975558927612,45.54346109884761],[14.885893072463315,45.54322454243652],[14.888675440159203,45.54098869081318],[14.887703992635803,45.53808022200142],[14.884030703312291,45.53627803467258],[14.885094393360424,45.53510397650808],[14.88830551574625,45.53327498810832],[14.89047612395228,45.533490938463316],[14.89366343660769,45.53221779152374],[14.901928567063802,45.52722582655041],[14.903499295774555,45.527338425742556],[14.901887573272216,45.52881711968577],[14.903611313211591,45.52825219992239],[14.904627324876596,45.530571938018305],[14.902286892386055,45.53217022447563],[14.898624623978574,45.5386943646892],[14.902634472480619,45.532229853210154],[14.905302202764283,45.53042036076846],[14.904762864267033,45.527945406561514],[14.903698132006918,45.5270894175804],[14.900327842301163,45.526852577572946],[14.899034226045478,45.52866274685439],[14.89369090603546,45.53187374887391],[14.890481345964087,45.533245852929426],[14.888225984490226,45.532890493219554],[14.884327624678843,45.53516181857091],[14.882623903917008,45.537135282218564],[14.88,45.53647117648321],[14.88,45.53668854894041],[14.88272802536389,45.537463348551846]]]}},{"type":"Feature","properties":{"_zoneType":"SI_BUILT","name":"Pozidano zemljišče","authority":"MKGP","dataSource":"raba-3000"},"geometry":{"type":"Polygon","coordinates":[[[14.880100220234205,45.525334032129265],[14.883487886860788,45.52574836457536],[14.883921184330495,45.52463866826009],[14.890235880181288,45.52284677095328],[14.886668384367098,45.52236807427352],[14.885652812280169,45.52156065608589],[14.886167291691448,45.521031525467954],[14.893338385456582,45.521034639184386],[14.89775908889613,45.52029275905149],[14.898335714067107,45.52],[14.894533744332824,45.52],[14.893265921576567,45.52078813154639],[14.886748395207665,45.52061747946498],[14.882333602894512,45.5218049693842],[14.88,45.52143290643545],[14.88,45.52281723867621],[14.881391621822594,45.52188427266798],[14.882389945065832,45.52206834620787],[14.884089935431287,45.5215741405184],[14.886419938623066,45.523467008747986],[14.88,45.5252874347066],[14.88,45.525369675767635],[14.880100220234205,45.525334032129265]],[[14.888472492411575,45.52302247131004],[14.887801491236907,45.523462202548856],[14.887679192684711,45.522726063158004],[14.888472492411575,45.52302247131004]]]}},{"type":"Feature","properties":{"_zoneType":"SI_BUILT","name":"Pozidano zemljišče","authority":"MKGP","dataSource":"raba-3000"},"geometry":{"type":"Polygon","coordinates":[[[14.918369581839944,45.5222741029192],[14.92,45.526518366948615],[14.92,45.52518395899311],[14.918880670478957,45.522332554257304],[14.914215943374378,45.52],[14.913005608340551,45.52],[14.918369581839944,45.5222741029192]]]}},{"type":"Feature","properties":{"_zoneType":"SI_BUILT","name":"Pozidano zemljišče","authority":"MKGP","dataSource":"raba-3000"},"geometry":{"type":"Polygon","coordinates":[[[14.893052079589355,45.55928631664142],[14.895169617081509,45.55662323098812],[14.893869246081216,45.557047260011416],[14.892684043895493,45.559354784280586],[14.89332133768332,45.56],[14.893769044037889,45.56],[14.893052079589355,45.55928631664142]]]}},{"type":"Feature","properties":{"_zoneType":"SI_BUILT","name":"Pozidano zemljišče","authority":"MKGP","dataSource":"raba-3000"},"geometry":{"type":"Polygon","coordinates":[[[14.88182466151164,45.5755334287726],[14.88,45.57474279903461],[14.88,45.574858773651755],[14.88182466151164,45.5755334287726]]]}},{"type":"Feature","properties":{"_zoneType":"SI_BUILT","name":"Pozidano zemljišče","authority":"MKGP","dataSource":"raba-3000"},"geometry":{"type":"Polygon","coordinates":[[[14.88406545384389,45.57321983715671],[14.885535004009846,45.57536085054289],[14.889395275838451,45.578376393948375],[14.884661129928201,45.584476983714204],[14.883656331347229,45.58907651929198],[14.887846094368372,45.6],[14.888226667042769,45.6],[14.886280808388728,45.595860465243646],[14.884299194012339,45.58651237737841],[14.88910335757155,45.57987125609179],[14.895174900981681,45.57626986135203],[14.890676905824856,45.57822200883005],[14.88580568667761,45.575144882913506],[14.88737015538176,45.572514772540146],[14.889218919100431,45.57177440977422],[14.894148641894583,45.56680885322158],[14.896244022341037,45.56757428450925],[14.89663783373586,45.5661128677577],[14.898300146970138,45.56605099191688],[14.897548313345192,45.56536117573894],[14.898607603664365,45.56318561867631],[14.902052238266329,45.56],[14.901583739491809,45.56],[14.89929105080786,45.56179013535808],[14.897315258062502,45.56497871513428],[14.89259884370717,45.56767555920772],[14.89227181143763,45.56270149950493],[14.894166747514097,45.56039588344053],[14.893769044037889,45.56],[14.89332133768332,45.56],[14.8938062671671,45.56049095743866],[14.891947899750452,45.56260858835428],[14.891947412212113,45.568494366204376],[14.888062503889259,45.570912466334526],[14.88591795254004,45.57411836166522],[14.883726594831163,45.572684745164416],[14.88,45.57121658066171],[14.88,45.5716566342383],[14.88406545384389,45.57321983715671]]]}},{"type":"Feature","properties":{"_zoneType":"SI_BUILT","name":"Pozidano zemljišče","authority":"MKGP","dataSource":"raba-3000"},"geometry":{"type":"Polygon","coordinates":[[[14.909447787737363,45.5632116078418],[14.907132035195469,45.56380918314323],[14.909653210930795,45.56342101312043],[14.91360262261382,45.56],[14.913020505256993,45.56],[14.909447787737363,45.5632116078418]]]}},{"type":"Feature","properties":{"_zoneType":"SI_BUILT","name":"Pozidano zemljišče","authority":"MKGP","dataSource":"raba-3000"},"geometry":{"type":"Polygon","coordinates":[[[14.919523997170923,45.592940113604726],[14.92,45.59355027037634],[14.92,45.59279943281854],[14.919523997170923,45.592940113604726]]]}},{"type":"Feature","properties":{"_zoneType":"SI_BUILT","name":"Pozidano zemljišče","authority":"MKGP","dataSource":"raba-3000"},"geometry":{"type":"Polygon","coordinates":[[[14.91516551880222,45.595541725586635],[14.91255850979746,45.59587419716271],[14.911529865202628,45.59500222998372],[14.91210816695611,45.59212077770238],[14.914408412768688,45.5919307090003],[14.91407666273335,45.59079548051771],[14.912960481672894,45.59046993748007],[14.913226565465711,45.59163229296776],[14.910646554652557,45.592037668047865],[14.907993667939225,45.591212339454664],[14.909291860622204,45.591998025343834],[14.9116694391405,45.59234414442986],[14.91058637655305,45.59514348557573],[14.912022782996521,45.59628773370808],[14.903482189259151,45.6],[14.904167545821762,45.6],[14.908326612503926,45.59815106765339],[14.915312450545825,45.59886379312207],[14.916128687576773,45.59790710588565],[14.913742220122645,45.59611619183153],[14.92,45.594132554674815],[14.92,45.59376582478731],[14.91516551880222,45.595541725586635]],[[14.91245739729694,45.59687015851665],[14.912411586318445,45.597648230960004],[14.909042019134022,45.597857626198675],[14.91245739729694,45.59687015851665]]]}},{"type":"Feature","properties":{"_zoneType":"SI_BUILT","name":"Pozidano zemljišče","authority":"MKGP","dataSource":"raba-3000"},"geometry":{"type":"Polygon","coordinates":[[[14.893845781596816,45.59752820977961],[14.893104293530076,45.59710582492465],[14.893367628556787,45.5957279441206],[14.896117301858803,45.59435844491787],[14.897671746098455,45.59116999890438],[14.900619992523293,45.59365694876439],[14.904840290749211,45.59470678226171],[14.9014546107282,45.593246031566245],[14.902747690594488,45.59109791604699],[14.90507315369996,45.59042780913013],[14.90611719531419,45.59129696299118],[14.90528703511018,45.589833092264705],[14.901138710451404,45.59165547525411],[14.89979029688085,45.59053965262475],[14.901955471839543,45.59018218276194],[14.900753297587594,45.58945070182403],[14.901922849762279,45.586673816673624],[14.903360742221393,45.58619471267939],[14.90295690755843,45.5855923113713],[14.902031164224534,45.585929487083526],[14.900233670019162,45.58918871731328],[14.89777138780965,45.58685892726631],[14.898214903746748,45.5889265007926],[14.895687113025799,45.591056060602305],[14.897025028963416,45.590942598426075],[14.896623923923977,45.59330225229368],[14.89422062001282,45.59473046634865],[14.890850045695505,45.59521062677833],[14.891751222707619,45.59770466751605],[14.88995385706708,45.59919786271225],[14.889736822186302,45.6],[14.890067883873607,45.6],[14.890335459139754,45.59925605977201],[14.893845781596816,45.59752820977961]]]}},{"type":"Feature","properties":{"_zoneType":"SI_BUILT","name":"Pozidano zemljišče","authority":"MKGP","dataSource":"raba-3000"},"geometry":{"type":"Polygon","coordinates":[[[14.895638420681959,45.6],[14.896005850021863,45.6],[14.896153210039879,45.59839950143839],[14.895638420681959,45.6]]]}},{"type":"Feature","properties":{"_zoneType":"SI_BUILT","name":"Pozidano zemljišče","authority":"MKGP","dataSource":"raba-3000"},"geometry":{"type":"Polygon","coordinates":[[[14.96,45.513874135563206],[14.96,45.51324265113218],[14.949805862910749,45.52],[14.950448766656358,45.52],[14.96,45.513874135563206]]]}},{"type":"Feature","properties":{"_zoneType":"SI_BUILT","name":"Pozidano zemljišče","authority":"MKGP","dataSource":"raba-3000"},"geometry":{"type":"Polygon","coordinates":[[[14.928268563206242,45.551455470148525],[14.929959915645448,45.55051222195624],[14.934071257612656,45.55208146555308],[14.931614538478685,45.556940282982524],[14.926434040429477,45.55850284349341],[14.924601223195324,45.56],[14.92513650496219,45.56],[14.926778270128343,45.55868626525183],[14.93190231971793,45.557076403037556],[14.935708190952383,45.550693094586684],[14.945459995424374,45.54604324680793],[14.951371216185988,45.545027377664205],[14.951745849284547,45.546353133779995],[14.94692882012281,45.555263473743565],[14.946488627956947,45.559640567281924],[14.94563130959649,45.56],[14.946265147557865,45.56],[14.946803634812117,45.55977089743557],[14.947328109022486,45.55515607175904],[14.95220722938488,45.54621396317803],[14.9523394098166,45.54431544598844],[14.9573764842664,45.54183775710949],[14.959843313649891,45.53788072963457],[14.96,45.537953544724516],[14.96,45.53579996399576],[14.959080483394182,45.53642223919149],[14.958035349293949,45.53955816513679],[14.95529037469206,45.542595398342804],[14.951645879823435,45.544565548843],[14.950248092883005,45.54333115399338],[14.951257499055721,45.54024056643608],[14.94888235746608,45.53805255049017],[14.94250738552553,45.537394980217734],[14.937624726299903,45.53841718464109],[14.93760335055866,45.5372043163673],[14.93650023338866,45.53860962668214],[14.935092948319408,45.53870789655928],[14.928006183691533,45.536795554729416],[14.922732461242617,45.53759027876607],[14.920272154302424,45.53690837921892],[14.923889711380735,45.5347418010501],[14.920103071355637,45.53611581007707],[14.92,45.53605511022429],[14.92,45.537111846887505],[14.920132217105975,45.537218902096534],[14.92229631468035,45.53790854479228],[14.9211235461675,45.53908764680319],[14.921716277349567,45.5423673309371],[14.92,45.54416752205329],[14.92,45.54460766197106],[14.922108549760534,45.542373965577],[14.922079046870685,45.53910084139065],[14.923912795527988,45.537461896907494],[14.927876135676463,45.53702286114133],[14.936197704463309,45.53907770719317],[14.929388760758684,45.54302698089092],[14.92994948774431,45.54605452403496],[14.929106176407826,45.55062460669446],[14.92,45.55140840019269],[14.92,45.552416095348796],[14.928268563206242,45.551455470148525]],[[14.94248332736102,45.53765079501365],[14.948837345043616,45.53831432673562],[14.950879464415928,45.54037139299477],[14.949879630226182,45.54321143170575],[14.950446818402908,45.544729510117605],[14.945373998307499,45.54578797918983],[14.939892624987218,45.54797467237234],[14.933385269376883,45.551721994961476],[14.929882282822389,45.550002874259754],[14.930295466163402,45.54588617455767],[14.929819523626774,45.543437063369026],[14.934085501911918,45.54048032958717],[14.94248332736102,45.53765079501365]]]}},{"type":"Feature","properties":{"_zoneType":"SI_BUILT","name":"Pozidano zemljišče","authority":"MKGP","dataSource":"raba-3000"},"geometry":{"type":"Polygon","coordinates":[[[14.920501669479494,45.52782430046839],[14.930584418924314,45.529674874295026],[14.932232847343146,45.52958144643761],[14.94498257370118,45.52350584639952],[14.950448766656358,45.52],[14.949805862910749,45.52],[14.944779798431046,45.52333160823954],[14.931154746516935,45.529457047104394],[14.921011658197356,45.527761079421666],[14.92,45.52518395899311],[14.92,45.526518366948615],[14.920501669479494,45.52782430046839]]]}},{"type":"Feature","properties":{"_zoneType":"SI_BUILT","name":"Pozidano zemljišče","authority":"MKGP","dataSource":"raba-3000"},"geometry":{"type":"Polygon","coordinates":[[[14.9206479603665,45.56322926533872],[14.920451527546792,45.56476156890994],[14.92171169604307,45.56613603207847],[14.924809075581349,45.5663895522904],[14.921705854895905,45.5657382604461],[14.92100312011112,45.56330752011212],[14.92513650496219,45.56],[14.924601223195324,45.56],[14.9206479603665,45.56322926533872]]]}},{"type":"Feature","properties":{"_zoneType":"SI_BUILT","name":"Pozidano zemljišče","authority":"MKGP","dataSource":"raba-3000"},"geometry":{"type":"Polygon","coordinates":[[[14.944281260392119,45.56056601127125],[14.94517584000425,45.56201429991148],[14.945419557449139,45.566689277828864],[14.947008801611084,45.56756764688602],[14.945100325319247,45.56829724139157],[14.94361414819296,45.57378760536382],[14.941074049556168,45.57519929467978],[14.936831706390107,45.57373103378612],[14.935014843604298,45.57393253356346],[14.935372754500575,45.57272844119315],[14.934783911282665,45.56989119069384],[14.934004791270857,45.571218777348165],[14.932641934563412,45.570537484753196],[14.934971275524527,45.57278211530092],[14.933854226755198,45.574585521212526],[14.933738383200435,45.57654378494483],[14.93082411769997,45.57569943172855],[14.932610675269215,45.576785594639624],[14.931839573303916,45.577966905674124],[14.934731555247524,45.580689347995666],[14.934055015655622,45.58260890462559],[14.932394937736776,45.58290465449074],[14.933357528104567,45.58410720269506],[14.932982416983199,45.5850553437967],[14.929646412085736,45.5834284636445],[14.92752202815209,45.58070258373647],[14.92471650507674,45.581608750258674],[14.924808951489771,45.58222973979543],[14.927354537802563,45.58119696420565],[14.928733759246448,45.58306450266587],[14.926769689639482,45.58369323536495],[14.930187594329078,45.58416687677954],[14.929717496845186,45.586722942926166],[14.928141542034778,45.58705418785503],[14.927520986421888,45.58830563833315],[14.925808426370933,45.58817691873153],[14.92586306245876,45.58977300640909],[14.923210817687698,45.591401441783006],[14.921653906392043,45.590512830594406],[14.922526451900039,45.59205274977833],[14.92,45.59279943281854],[14.92,45.59355027037634],[14.920130704400968,45.593717811765714],[14.92,45.59376582478731],[14.92,45.594132554674815],[14.920043070468767,45.59411890188039],[14.924063883820038,45.591221066642106],[14.925178977950079,45.59155524696048],[14.925040027248432,45.590673599652725],[14.92976818101314,45.58716414251148],[14.93125883313115,45.58756462151226],[14.933186550053328,45.58609809799522],[14.937275611840235,45.58832911994452],[14.94078404310225,45.588285063874906],[14.944231629863618,45.590189600838066],[14.94888645940024,45.59097507049125],[14.945974655354371,45.59392085024636],[14.942312789646225,45.594104646890784],[14.94261353612563,45.59530042125204],[14.942996472409261,45.59429799396086],[14.945113907537415,45.594511186768244],[14.952744191046294,45.59171078708701],[14.957639510914557,45.593295117885894],[14.96,45.593173692851266],[14.96,45.59294152617221],[14.957616952074806,45.593037129831146],[14.952847682836351,45.591115031237486],[14.957974749847981,45.58953995779433],[14.96,45.5881173717709],[14.96,45.58764612991247],[14.957696979212544,45.58933064007906],[14.952901227734538,45.590536507778026],[14.95156535587586,45.591681849489035],[14.948792598826273,45.59044730371261],[14.953017087073372,45.586336499902295],[14.955432282678004,45.58273181465308],[14.96,45.58062330990695],[14.96,45.58033812873444],[14.955241396702167,45.58250341446497],[14.953908872078852,45.58484855531995],[14.95058825053004,45.5873231968314],[14.948442956733127,45.590117226292925],[14.944329586431753,45.58993862830182],[14.940571750442007,45.587988782168125],[14.93750040456096,45.58802329389927],[14.934951528197924,45.5852502977384],[14.937913375847193,45.583783145278225],[14.94028514031886,45.58400200039729],[14.940948343649238,45.58292346119305],[14.942533854028637,45.583324504957915],[14.940698869462242,45.58244987838417],[14.938592519666283,45.58304160595859],[14.939962337399095,45.58021168595634],[14.941565013531147,45.579625691314206],[14.940087012074574,45.57970151765306],[14.939505758787806,45.578498198575375],[14.940211098250385,45.57605367367695],[14.943949285962233,45.573908179879446],[14.944775381107286,45.570736090742095],[14.949814859307896,45.57129788299004],[14.947548257321149,45.570204272824725],[14.948159214366198,45.56858478405916],[14.94929673630526,45.56945656030234],[14.955404177205102,45.56747467382201],[14.957653966754037,45.565123748306156],[14.96,45.563975525241986],[14.96,45.56366663400647],[14.956366262888253,45.56534505822575],[14.954930887678259,45.56466221244109],[14.954616583075092,45.56287744693502],[14.954599184724529,45.564697926731824],[14.956088321938058,45.565937618327084],[14.951609864988281,45.568318145877534],[14.948747713615052,45.568261867029115],[14.949114237235099,45.56667682755688],[14.9458980762734,45.56663035244084],[14.945596502686682,45.561901902097844],[14.944618086155746,45.560700751945426],[14.946265147557865,45.56],[14.94563130959649,45.56],[14.944281260392119,45.56056601127125]],[[14.945689368287983,45.57002214623886],[14.945506145736681,45.570376879273724],[14.944970164954047,45.569828147916475],[14.945689368287983,45.57002214623886]],[[14.938734975055935,45.57705294200989],[14.938669271833348,45.57670680293847],[14.939743407141883,45.57700824070863],[14.938734975055935,45.57705294200989]],[[14.936809265988314,45.579655829791875],[14.939392055476418,45.58039267790125],[14.937756797458228,45.58352999984196],[14.934942287546846,45.584093812893016],[14.93543402197687,45.5803108249349],[14.936809265988314,45.579655829791875]],[[14.93619251016542,45.57413928921318],[14.936285107111265,45.57462405880069],[14.935097068711665,45.5760868426135],[14.934249750245167,45.57450299478038],[14.93619251016542,45.57413928921318]],[[14.935969053077171,45.57973427108302],[14.934849168757468,45.579874928385756],[14.93480439169398,45.57832184665695],[14.9362601641719,45.57849170461337],[14.935969053077171,45.57973427108302]],[[14.935374110815056,45.57736317337209],[14.93456230596433,45.57773820580266],[14.93484096832127,45.576293733384766],[14.935374110815056,45.57736317337209]],[[14.926973598341217,45.58878281796626],[14.926065304222508,45.589120579286636],[14.926621292401542,45.58829195413055],[14.926973598341217,45.58878281796626]]]}},{"type":"Feature","properties":{"_zoneType":"SI_BUILT","name":"Pozidano zemljišče","authority":"MKGP","dataSource":"raba-3000"},"geometry":{"type":"Polygon","coordinates":[[[14.982443655923252,45.518474147741266],[14.98403456010517,45.51713956418397],[14.983690604111784,45.51603747065945],[14.985601813130547,45.51235724629438],[14.9849408763185,45.509826261690634],[14.98941309507902,45.51124073449343],[14.98761804237339,45.509770489489064],[14.98451320624347,45.50914943603026],[14.984225653728128,45.50709778956234],[14.985328519503462,45.50527247024334],[14.986922270675322,45.504873644005606],[14.986501910891821,45.5037801440477],[14.987986181298767,45.50290177479626],[14.999999999999998,45.501405621652644],[14.996519640451087,45.5013907388691],[14.98778539803859,45.50268709046209],[14.986552342117317,45.50331623117084],[14.984019119303902,45.50685790907343],[14.981829974718057,45.50773229863762],[14.983695206320478,45.50741823214285],[14.985262433096013,45.5122514411708],[14.98142769679691,45.52],[14.981741411191372,45.52],[14.982443655923252,45.518474147741266]]]}},{"type":"Feature","properties":{"_zoneType":"SI_BUILT","name":"Pozidano zemljišče","authority":"MKGP","dataSource":"raba-3000"},"geometry":{"type":"Polygon","coordinates":[[[14.963656770992241,45.511528796216034],[14.968986877895084,45.51000356553305],[14.972344064450894,45.5057340489752],[14.980180012698408,45.499920370954094],[14.972548703141825,45.505145196444246],[14.96879037634425,45.50980826685941],[14.962236869030653,45.51175990626821],[14.96,45.51324265113218],[14.96,45.513874135563206],[14.963656770992241,45.511528796216034]]]}},{"type":"Feature","properties":{"_zoneType":"SI_BUILT","name":"Pozidano zemljišče","authority":"MKGP","dataSource":"raba-3000"},"geometry":{"type":"Polygon","coordinates":[[[14.974622201363157,45.55774051528469],[14.982574582215172,45.559984999148604],[14.987740980364293,45.5598381992062],[14.994212476642165,45.55823271837131],[14.995166326032061,45.55974913440514],[14.998051681681341,45.55988284013328],[14.998056602339055,45.56],[14.99876560777915,45.56],[14.995128320955112,45.55915549981047],[14.997159346591939,45.55524145069374],[14.999999999999998,45.55479602989197],[14.998715459933095,45.554022895718134],[14.999999999999998,45.55180383163303],[14.997804583580995,45.55439183416952],[14.99596082442102,45.55377108427545],[14.997127467169127,45.554754849685565],[14.99440014746947,45.55789873971862],[14.987613980070824,45.5595840705516],[14.980628037639535,45.55898973078527],[14.980477770706248,45.55793740610749],[14.983626523332783,45.556407648056044],[14.987657388111995,45.55669807765228],[14.98840353514027,45.554531818854166],[14.98928933605721,45.554317552522754],[14.988697987702638,45.55318318398411],[14.990508906876952,45.551640391308915],[14.988337696750026,45.549943977339524],[14.989561440890599,45.55183996842869],[14.988190698840604,45.552620073748976],[14.987139972439026,45.55662678914241],[14.983355666774234,45.55612382039865],[14.981031139324832,45.55462216890335],[14.98276635753504,45.551835324970476],[14.980455128783861,45.554672834684546],[14.982884786353003,45.556473160372974],[14.979647486286659,45.55819678661516],[14.97459309967104,45.557413927373624],[14.973796078275017,45.5538546083391],[14.971128014962408,45.55401564400057],[14.972945518397799,45.55483019486302],[14.974074244094044,45.55703181708118],[14.971177359339448,45.559770230799266],[14.970724130408119,45.56],[14.970868773048673,45.56],[14.974622201363157,45.55774051528469]]]}},{"type":"Feature","properties":{"_zoneType":"SI_BUILT","name":"Pozidano zemljišče","authority":"MKGP","dataSource":"raba-3000"},"geometry":{"type":"Polygon","coordinates":[[[14.962314774015166,45.53902926368785],[14.961755644120021,45.54201788908272],[14.962659234603388,45.54172776970539],[14.962674677018764,45.53925064749243],[14.963820905651964,45.538527923256915],[14.960613958599362,45.537146368946985],[14.964463834895241,45.536385948315115],[14.964469699494408,45.534901461855924],[14.967611467928597,45.53228164991695],[14.976970461804063,45.52914062735025],[14.979276561209735,45.52951231825393],[14.979187667169588,45.52827783343606],[14.984208154626273,45.527856358718005],[14.979595327605892,45.527723174806546],[14.983261310293898,45.52414143763863],[14.981295723170847,45.52521382569763],[14.98052431959565,45.52264452245225],[14.981741411191372,45.52],[14.98142769679691,45.52],[14.9801514327437,45.522578849320155],[14.980885239025314,45.52550242459576],[14.979164949021717,45.52770297263862],[14.96735542244909,45.532108144376004],[14.963603994741527,45.53412154593424],[14.96418306172654,45.534660033243405],[14.963491868058593,45.5358693593358],[14.961051546020244,45.533637731702086],[14.961533833035709,45.53476195527848],[14.96,45.53579996399576],[14.96,45.537953544724516],[14.962314774015166,45.53902926368785]],[[14.962399074082287,45.53602434565047],[14.961061108819614,45.53628587538566],[14.961847543536514,45.53533636946834],[14.962399074082287,45.53602434565047]]]}},{"type":"Feature","properties":{"_zoneType":"SI_BUILT","name":"Pozidano zemljišče","authority":"MKGP","dataSource":"raba-3000"},"geometry":{"type":"Polygon","coordinates":[[[14.960278086158743,45.59315938792537],[14.96447734697635,45.595559670496854],[14.960421122280765,45.59292463149272],[14.96,45.59294152617221],[14.96,45.593173692851266],[14.960278086158743,45.59315938792537]]]}},{"type":"Feature","properties":{"_zoneType":"SI_BUILT","name":"Pozidano zemljišče","authority":"MKGP","dataSource":"raba-3000"},"geometry":{"type":"Polygon","coordinates":[[[14.960580899646159,45.587709333427185],[14.962962539467622,45.590637754445694],[14.960852191666808,45.587264520925494],[14.963054659069348,45.586463945737144],[14.963133839235322,45.583886934575496],[14.965463043200364,45.57938364167022],[14.967799947791333,45.58001383571632],[14.966065936584181,45.57725399941794],[14.967744545262134,45.577473937224745],[14.973882706404043,45.57697083472535],[14.976048132201962,45.57871030639592],[14.979160967556915,45.578497703818336],[14.975642963966385,45.57802223654959],[14.974568943719676,45.577321920769094],[14.97468321138096,45.57607705240317],[14.967769024113924,45.577221589293536],[14.963662406948695,45.57561476711722],[14.965586099407613,45.5770179275545],[14.963315896089952,45.57672390986763],[14.961802132695325,45.579518112447],[14.96,45.58033812873444],[14.96,45.58062330990695],[14.96205566045123,45.57967439614712],[14.962970161092374,45.57758161533105],[14.965439882576959,45.57813349059718],[14.962263443622541,45.5859905678722],[14.96,45.58764612991247],[14.96,45.5881173717709],[14.960580899646159,45.587709333427185]]]}},{"type":"Feature","properties":{"_zoneType":"SI_BUILT","name":"Pozidano zemljišče","authority":"MKGP","dataSource":"raba-3000"},"geometry":{"type":"Polygon","coordinates":[[[14.96104306624465,45.56346501554583],[14.964501095836983,45.56329093618723],[14.966882108359908,45.56239988809553],[14.970868773048673,45.56],[14.970724130408119,45.56],[14.965133798997249,45.5628340776401],[14.961081542097233,45.56316706940002],[14.96,45.56366663400647],[14.96,45.563975525241986],[14.96104306624465,45.56346501554583]]]}},{"type":"Feature","properties":{"_zoneType":"SI_BUILT","name":"Pozidano zemljišče","authority":"MKGP","dataSource":"raba-3000"},"geometry":{"type":"Polygon","coordinates":[[[14.998098756492706,45.56100368188775],[14.999159406852426,45.56035768559669],[14.999999999999998,45.56106808911552],[14.999999999999998,45.56028659946683],[14.99876560777915,45.56],[14.998056602339055,45.56],[14.998098756492706,45.56100368188775]]]}},{"type":"Feature","properties":{"_zoneType":"SI_BUILT","name":"Pozidano zemljišče","authority":"MKGP","dataSource":"raba-3000"},"geometry":{"type":"Polygon","coordinates":[[[14.998482379911058,45.6],[14.999795977802526,45.6],[14.999999999999998,45.59961882193744],[14.998482379911058,45.6]]]}},{"type":"Feature","properties":{"_zoneType":"SI_BUILT","name":"Pozidano zemljišče","authority":"MKGP","dataSource":"raba-3000"},"geometry":{"type":"Polygon","coordinates":[[[14.999032603334008,45.59809300683664],[14.999999999999998,45.59608990538634],[14.998715915421823,45.59796019538595],[14.995682222760168,45.59867393067011],[14.994841561665144,45.6],[14.995774141799112,45.6],[14.996008024836907,45.59962366022698],[14.996406322114902,45.6],[14.997056324604081,45.6],[14.99628243557137,45.599203033984125],[14.999032603334008,45.59809300683664]]]}},{"type":"Feature","properties":{"_zoneType":"SI_BUILT","name":"Pozidano zemljišče","authority":"MKGP","dataSource":"raba-3000"},"geometry":{"type":"Polygon","coordinates":[[[14.993933222477562,45.597833454548905],[14.993231618504987,45.59943280859195],[14.991335188831245,45.6],[14.99409844573049,45.6],[14.993676782179763,45.59993769024533],[14.993933222477562,45.597833454548905]]]}},{"type":"Feature","properties":{"_zoneType":"SI_BUILT","name":"Pozidano zemljišče","authority":"MKGP","dataSource":"raba-3000"},"geometry":{"type":"Polygon","coordinates":[[[14.983652235656416,45.6],[14.98422699702962,45.6],[14.984051354199105,45.599839428211496],[14.983652235656416,45.6]]]}},{"type":"Feature","properties":{"_zoneType":"SI_BUILT","name":"Pozidano zemljišče","authority":"MKGP","dataSource":"raba-3000"},"geometry":{"type":"Polygon","coordinates":[[[14.998753817538924,45.56623192820166],[14.999999999999998,45.56603587161946],[14.998800369500119,45.56584550291086],[14.999121984413241,45.564366072112634],[14.997925929563484,45.56376150357555],[14.999963642963412,45.5618231166911],[14.997482670830928,45.56371714344815],[14.998753817538924,45.56623192820166]]]}},{"type":"Feature","properties":{"_zoneType":"SI_BUILT","name":"Pozidano zemljišče","authority":"MKGP","dataSource":"raba-3000"},"geometry":{"type":"Polygon","coordinates":[[[14.999999999999998,45.56817703958747],[14.999999999999998,45.56744497151593],[14.999872873993688,45.56782341966719],[14.999999999999998,45.56817703958747]]]}},{"type":"Feature","properties":{"_zoneType":"SI_BUILT","name":"Pozidano zemljišče","authority":"MKGP","dataSource":"raba-3000"},"geometry":{"type":"Polygon","coordinates":[[[14.999999999999998,45.56960388535744],[14.999999999999998,45.56870767609231],[14.999872308199354,45.569278992883355],[14.999999999999998,45.56960388535744]]]}},{"type":"Feature","properties":{"_zoneType":"SI_BUILT","name":"Pozidano zemljišče","authority":"MKGP","dataSource":"raba-3000"},"geometry":{"type":"Polygon","coordinates":[[[14.999080577905103,45.58150381594348],[14.997313806259347,45.58327198834529],[14.99363541269013,45.5832304330093],[14.993848917841326,45.585285018241706],[14.994013197713898,45.58336086624041],[14.997556892080604,45.5834723475218],[14.99940609052902,45.58161107842028],[14.998576578660881,45.579667322059976],[14.999902461287759,45.57712929131947],[14.998002492463096,45.57972688101838],[14.999080577905103,45.58150381594348]]]}},{"type":"Feature","properties":{"_zoneType":"SI_BUILT","name":"Pozidano zemljišče","authority":"MKGP","dataSource":"raba-3000"},"geometry":{"type":"Polygon","coordinates":[[[14.914005519906118,45.510660869103326],[14.913861093515312,45.51039069493626],[14.91371130010136,45.51079672585334],[14.914005519906118,45.510660869103326]]]}},{"type":"Feature","properties":{"_zoneType":"SI_BUILT","name":"Pozidano zemljišče","authority":"MKGP","dataSource":"raba-3000"},"geometry":{"type":"Polygon","coordinates":[[[14.891111538747449,45.52268927065337],[14.890819923451303,45.5226072172085],[14.891025960713844,45.52289851769875],[14.891111538747449,45.52268927065337]]]}},{"type":"Feature","properties":{"_zoneType":"SI_BUILT","name":"Pozidano zemljišče","authority":"MKGP","dataSource":"raba-3000"},"geometry":{"type":"Polygon","coordinates":[[[14.876577613370033,45.576120592325466],[14.875837693789174,45.57526341975781],[14.875081857244037,45.574854667887216],[14.876044112851888,45.57591185029137],[14.876577613370033,45.576120592325466]]]}},{"type":"Feature","properties":{"_zoneType":"SI_BUILT","name":"Pozidano zemljišče","authority":"MKGP","dataSource":"raba-3000"},"geometry":{"type":"Polygon","coordinates":[[[14.802139746945791,45.56984258059882],[14.802431719470293,45.569926876528065],[14.802245701837721,45.56969525986169],[14.802139746945791,45.56984258059882]]]}},{"type":"Feature","properties":{"_zoneType":"SI_BUILT","name":"Pozidano zemljišče","authority":"MKGP","dataSource":"raba-3000"},"geometry":{"type":"Polygon","coordinates":[[[14.999999999999998,45.546408811308275],[14.998421037822986,45.54617279866162],[14.997738007799764,45.545551941487574],[14.998114157568244,45.54640435958444],[14.999999999999998,45.546408811308275]]]}},{"type":"Feature","properties":{"_zoneType":"SI_BUILT","name":"Pozidano zemljišče","authority":"MKGP","dataSource":"raba-3000"},"geometry":{"type":"Polygon","coordinates":[[[14.999086767371777,45.58366410624302],[14.997566277543273,45.58508318641682],[14.999503178078369,45.58574789323009],[14.998093318022539,45.5848821492071],[14.999086767371777,45.58366410624302]]]}},{"type":"Feature","properties":{"_zoneType":"SI_BUILT","name":"Pozidano zemljišče","authority":"MKGP","dataSource":"raba-3000"},"geometry":{"type":"Polygon","coordinates":[[[14.998163612886959,45.57087895497755],[14.998045949379454,45.57071230325696],[14.997874774803453,45.57100250796363],[14.998163612886959,45.57087895497755]]]}},{"type":"Feature","properties":{"_zoneType":"SI_BUILT","name":"Pozidano zemljišče","authority":"MKGP","dataSource":"raba-3000"},"geometry":{"type":"Polygon","coordinates":[[[14.996380527878175,45.531522328988935],[14.995278779479369,45.53010167587618],[14.99438689840156,45.53123095422015],[14.996380527878175,45.531522328988935]]]}},{"type":"Feature","properties":{"_zoneType":"SI_BUILT","name":"Pozidano zemljišče","authority":"MKGP","dataSource":"raba-3000"},"geometry":{"type":"Polygon","coordinates":[[[14.99462672160867,45.553165878084435],[14.992290726413138,45.554695780209585],[14.99126291543552,45.556478485788354],[14.994484315262703,45.55391316448473],[14.99462672160867,45.553165878084435]]]}},{"type":"Feature","properties":{"_zoneType":"SI_BUILT","name":"Pozidano zemljišče","authority":"MKGP","dataSource":"raba-3000"},"geometry":{"type":"Polygon","coordinates":[[[14.990778865353484,45.52539991965385],[14.989603787226201,45.52436572714856],[14.990529294158184,45.5254758438809],[14.990778865353484,45.52539991965385]]]}},{"type":"Feature","properties":{"_zoneType":"SI_BUILT","name":"Pozidano zemljišče","authority":"MKGP","dataSource":"raba-3000"},"geometry":{"type":"Polygon","coordinates":[[[14.988623041815,45.50447359980132],[14.988439695304695,45.50436786327092],[14.988138268481432,45.50470780252031],[14.988623041815,45.50447359980132]]]}},{"type":"Feature","properties":{"_zoneType":"SI_BUILT","name":"Pozidano zemljišče","authority":"MKGP","dataSource":"raba-3000"},"geometry":{"type":"Polygon","coordinates":[[[14.986734634893498,45.587187012139296],[14.9863987410322,45.587057417967635],[14.986466736616707,45.58747123658678],[14.986734634893498,45.587187012139296]]]}},{"type":"Feature","properties":{"_zoneType":"SI_BUILT","name":"Pozidano zemljišče","authority":"MKGP","dataSource":"raba-3000"},"geometry":{"type":"Polygon","coordinates":[[[14.98560305863569,45.53113806557436],[14.98536307569226,45.53070170617015],[14.9853394875908,45.53122763704389],[14.98560305863569,45.53113806557436]]]}},{"type":"Feature","properties":{"_zoneType":"SI_BUILT","name":"Pozidano zemljišče","authority":"MKGP","dataSource":"raba-3000"},"geometry":{"type":"Polygon","coordinates":[[[14.98474728669371,45.55427440798151],[14.98512028355573,45.553507607248285],[14.983703645168255,45.553038240141824],[14.983883954211398,45.55398192515709],[14.98474728669371,45.55427440798151]]]}},{"type":"Feature","properties":{"_zoneType":"SI_BUILT","name":"Pozidano zemljišče","authority":"MKGP","dataSource":"raba-3000"},"geometry":{"type":"Polygon","coordinates":[[[14.984960489582296,45.55231111311175],[14.984057081699788,45.551732615300075],[14.984725078213517,45.552404045996745],[14.984960489582296,45.55231111311175]]]}},{"type":"Feature","properties":{"_zoneType":"SI_BUILT","name":"Pozidano zemljišče","authority":"MKGP","dataSource":"raba-3000"},"geometry":{"type":"Polygon","coordinates":[[[14.974309887030868,45.58148203793202],[14.973900570479117,45.579371448297934],[14.97188901067601,45.579750687105275],[14.973388026604374,45.581181179625894],[14.974309887030868,45.58148203793202]]]}},{"type":"Feature","properties":{"_zoneType":"SI_BUILT","name":"Pozidano zemljišče","authority":"MKGP","dataSource":"raba-3000"},"geometry":{"type":"Polygon","coordinates":[[[14.969094740541905,45.53343634758729],[14.968747744676307,45.53343246448744],[14.968124338863074,45.53423655418439],[14.969094740541905,45.53343634758729]]]}},{"type":"Feature","properties":{"_zoneType":"SI_BUILT","name":"Pozidano zemljišče","authority":"MKGP","dataSource":"raba-3000"},"geometry":{"type":"Polygon","coordinates":[[[14.966567937471265,45.535280313222984],[14.965272379814879,45.535346028518774],[14.965361489906222,45.53588004464127],[14.966567937471265,45.535280313222984]]]}},{"type":"Feature","properties":{"_zoneType":"SI_BUILT","name":"Pozidano zemljišče","authority":"MKGP","dataSource":"raba-3000"},"geometry":{"type":"Polygon","coordinates":[[[14.966076620527875,45.54691297975411],[14.965667535777023,45.54681161128999],[14.965801248010013,45.5472485281549],[14.966076620527875,45.54691297975411]]]}},{"type":"Feature","properties":{"_zoneType":"SI_BUILT","name":"Pozidano zemljišče","authority":"MKGP","dataSource":"raba-3000"},"geometry":{"type":"Polygon","coordinates":[[[14.959338098409988,45.52454463620972],[14.96,45.52384590494677],[14.96,45.52362867280747],[14.95929984711644,45.52426597448192],[14.959338098409988,45.52454463620972]]]}},{"type":"Feature","properties":{"_zoneType":"SI_BUILT","name":"Pozidano zemljišče","authority":"MKGP","dataSource":"raba-3000"},"geometry":{"type":"Polygon","coordinates":[[[14.961493927914429,45.52226885156882],[14.96,45.52362867280747],[14.96,45.52384590494677],[14.961493927914429,45.52226885156882]]]}},{"type":"Feature","properties":{"_zoneType":"SI_BUILT","name":"Pozidano zemljišče","authority":"MKGP","dataSource":"raba-3000"},"geometry":{"type":"Polygon","coordinates":[[[14.953643343663044,45.5720831410701],[14.951533336888142,45.57205849359691],[14.94932798167924,45.57304133895732],[14.95055912707867,45.573027601170104],[14.953643343663044,45.5720831410701]]]}},{"type":"Feature","properties":{"_zoneType":"SI_BUILT","name":"Pozidano zemljišče","authority":"MKGP","dataSource":"raba-3000"},"geometry":{"type":"Polygon","coordinates":[[[14.90464673741178,45.58892868093629],[14.904677619576123,45.58907219174755],[14.905457209236767,45.58892764564066],[14.90464673741178,45.58892868093629]]]}},{"type":"Feature","properties":{"_zoneType":"SI_BUILT","name":"Pozidano zemljišče","authority":"MKGP","dataSource":"raba-3000"},"geometry":{"type":"Polygon","coordinates":[[[14.89550407800394,45.591831753599116],[14.895827439384453,45.59180349807118],[14.89547850480917,45.591628721204216],[14.89550407800394,45.591831753599116]]]}},{"type":"Feature","properties":{"_zoneType":"SI_BUILT","name":"Pozidano zemljišče","authority":"MKGP","dataSource":"raba-3000"},"geometry":{"type":"Polygon","coordinates":[[[14.94697708851943,45.54832932793049],[14.946811663110118,45.54815681970073],[14.946709311482156,45.54846059634467],[14.94697708851943,45.54832932793049]]]}},{"type":"Feature","properties":{"_zoneType":"SI_BUILT","name":"Pozidano zemljišče","authority":"MKGP","dataSource":"raba-3000"},"geometry":{"type":"Polygon","coordinates":[[[14.94472051227906,45.579879469532216],[14.944829515820848,45.57949895352357],[14.944259541553066,45.57987075219801],[14.94472051227906,45.579879469532216]]]}},{"type":"Feature","properties":{"_zoneType":"SI_BUILT","name":"Pozidano zemljišče","authority":"MKGP","dataSource":"raba-3000"},"geometry":{"type":"Polygon","coordinates":[[[14.943826445382904,45.59896037003882],[14.944154984581845,45.59900851204765],[14.94387643232696,45.59864655401714],[14.943826445382904,45.59896037003882]]]}},{"type":"Feature","properties":{"_zoneType":"SI_BUILT","name":"Pozidano zemljišče","authority":"MKGP","dataSource":"raba-3000"},"geometry":{"type":"Polygon","coordinates":[[[14.941153912824904,45.55888082089628],[14.940962571889086,45.55872105460251],[14.940953709211163,45.55899813936218],[14.941153912824904,45.55888082089628]]]}},{"type":"Feature","properties":{"_zoneType":"SI_BUILT","name":"Pozidano zemljišče","authority":"MKGP","dataSource":"raba-3000"},"geometry":{"type":"Polygon","coordinates":[[[14.93991627989675,45.55406521065542],[14.939751598184747,45.55393338056654],[14.939728457414219,45.554201910928704],[14.93991627989675,45.55406521065542]]]}},{"type":"Feature","properties":{"_zoneType":"SI_BUILT","name":"Pozidano zemljišče","authority":"MKGP","dataSource":"raba-3000"},"geometry":{"type":"Polygon","coordinates":[[[14.937993562874812,45.59674726326887],[14.937358800890005,45.59620341438436],[14.93776355253542,45.59683102235815],[14.937993562874812,45.59674726326887]]]}},{"type":"Feature","properties":{"_zoneType":"SI_BUILT","name":"Pozidano zemljišče","authority":"MKGP","dataSource":"raba-3000"},"geometry":{"type":"Polygon","coordinates":[[[14.93594717160839,45.56859933720978],[14.93625117366464,45.56865562762304],[14.935978788596586,45.56847765052806],[14.93594717160839,45.56859933720978]]]}},{"type":"Feature","properties":{"_zoneType":"SI_BUILT","name":"Pozidano zemljišče","authority":"MKGP","dataSource":"raba-3000"},"geometry":{"type":"Polygon","coordinates":[[[14.932792495875463,45.56567015130138],[14.93292278249333,45.56405500515805],[14.930595587208307,45.56396508723783],[14.932444391781853,45.56449526302792],[14.932792495875463,45.56567015130138]]]}},{"type":"Feature","properties":{"_zoneType":"SI_BUILT","name":"Pozidano zemljišče","authority":"MKGP","dataSource":"raba-3000"},"geometry":{"type":"Polygon","coordinates":[[[14.931526010309383,45.58156135977859],[14.931534505607825,45.58132702881125],[14.931185344325009,45.58155338129041],[14.931526010309383,45.58156135977859]]]}},{"type":"Feature","properties":{"_zoneType":"SI_BUILT","name":"Pozidano zemljišče","authority":"MKGP","dataSource":"raba-3000"},"geometry":{"type":"Polygon","coordinates":[[[14.926554341672468,45.59115045787899],[14.92656280047782,45.59096111910908],[14.926252068051987,45.591142489370746],[14.926554341672468,45.59115045787899]]]}},{"type":"Feature","properties":{"_zoneType":"SI_BUILT","name":"Pozidano zemljišče","authority":"MKGP","dataSource":"raba-3000"},"geometry":{"type":"Polygon","coordinates":[[[14.925627888642229,45.53056890635437],[14.925235077114534,45.530268231804165],[14.925371580808607,45.530706136222605],[14.925627888642229,45.53056890635437]]]}},{"type":"Feature","properties":{"_zoneType":"SI_BUILT","name":"Pozidano zemljišče","authority":"MKGP","dataSource":"raba-3000"},"geometry":{"type":"Polygon","coordinates":[[[14.874255003087224,45.5680713001167],[14.873946256456207,45.56800440379574],[14.874171406763503,45.56824234004129],[14.874255003087224,45.5680713001167]]]}},{"type":"Feature","properties":{"_zoneType":"SI_BUILT","name":"Pozidano zemljišče","authority":"MKGP","dataSource":"raba-3000"},"geometry":{"type":"Polygon","coordinates":[[[14.92,45.587910445987056],[14.92,45.58786344042997],[14.917288884342478,45.58908672100632],[14.912431057959072,45.58874661765104],[14.917376831423837,45.58930674461142],[14.92,45.587910445987056]]]}},{"type":"Feature","properties":{"_zoneType":"SI_BUILT","name":"Pozidano zemljišče","authority":"MKGP","dataSource":"raba-3000"},"geometry":{"type":"Polygon","coordinates":[[[14.920579704556639,45.587601872347406],[14.92,45.58786344042997],[14.92,45.587910445987056],[14.920579704556639,45.587601872347406]]]}},{"type":"Feature","properties":{"_zoneType":"SI_BUILT","name":"Pozidano zemljišče","authority":"MKGP","dataSource":"raba-3000"},"geometry":{"type":"Polygon","coordinates":[[[14.913156585864304,45.58778348732388],[14.913115987533256,45.587952407081],[14.913511673427104,45.58780706916092],[14.913156585864304,45.58778348732388]]]}},{"type":"Feature","properties":{"_zoneType":"SI_BUILT","name":"Pozidano zemljišče","authority":"MKGP","dataSource":"raba-3000"},"geometry":{"type":"Polygon","coordinates":[[[14.913172093552692,45.59469637891714],[14.91302311318496,45.5945021501914],[14.912811684916669,45.59485246990647],[14.913172093552692,45.59469637891714]]]}},{"type":"Feature","properties":{"_zoneType":"SI_BUILT","name":"Pozidano zemljišče","authority":"MKGP","dataSource":"raba-3000"},"geometry":{"type":"Polygon","coordinates":[[[14.908974001267346,45.52103739303264],[14.90865134251257,45.52078045530055],[14.908719406349988,45.521319147794486],[14.908974001267346,45.52103739303264]]]}},{"type":"Feature","properties":{"_zoneType":"SI_BUILT","name":"Pozidano zemljišče","authority":"MKGP","dataSource":"raba-3000"},"geometry":{"type":"Polygon","coordinates":[[[14.906571132503952,45.510645199166376],[14.90657078742736,45.51085376713879],[14.9069323987817,45.51065452895379],[14.906571132503952,45.510645199166376]]]}},{"type":"Feature","properties":{"_zoneType":"SI_BUILT","name":"Pozidano zemljišče","authority":"MKGP","dataSource":"raba-3000"},"geometry":{"type":"Polygon","coordinates":[[[14.906070016895962,45.54308008161087],[14.90612382937597,45.54292121714014],[14.905788528160981,45.54304321311042],[14.906070016895962,45.54308008161087]]]}},{"type":"Feature","properties":{"_zoneType":"SI_BUILT","name":"Pozidano zemljišče","authority":"MKGP","dataSource":"raba-3000"},"geometry":{"type":"Polygon","coordinates":[[[14.880877020229665,45.517346997212506],[14.884321187602895,45.516688483200625],[14.883725376009897,45.518434819085414],[14.885522469665446,45.516404260994925],[14.891766505473296,45.51554377116974],[14.892758639600096,45.51325401491352],[14.895364803312912,45.51466443399852],[14.895274626541234,45.516370281888335],[14.896979213059087,45.515258565092736],[14.898019399879939,45.515853464309735],[14.89874460208116,45.51489132413066],[14.897242997085124,45.514134395883005],[14.89759761689843,45.513162244098325],[14.896311153022978,45.515144862362725],[14.894068856246445,45.51379351132144],[14.894802609044154,45.510611714247375],[14.896432644546032,45.51020176322024],[14.89550391936532,45.50925146322891],[14.89449535386554,45.50950290554196],[14.894274305008858,45.51129435875233],[14.89097503575294,45.514997622861614],[14.881165894441988,45.5161821067739],[14.881735899739597,45.51670122564144],[14.880877020229665,45.517346997212506]]]}},{"type":"Feature","properties":{"_zoneType":"SI_BUILT","name":"Pozidano zemljišče","authority":"MKGP","dataSource":"raba-3000"},"geometry":{"type":"Polygon","coordinates":[[[14.896811316296676,45.53970583979349],[14.897114028865522,45.539749835588786],[14.896868964670068,45.539545804187235],[14.896811316296676,45.53970583979349]]]}},{"type":"Feature","properties":{"_zoneType":"SI_BUILT","name":"Pozidano zemljišče","authority":"MKGP","dataSource":"raba-3000"},"geometry":{"type":"Polygon","coordinates":[[[14.89478572668765,45.58820296232849],[14.895092441488451,45.58825765022949],[14.89485929471724,45.58804477160121],[14.89478572668765,45.58820296232849]]]}},{"type":"Feature","properties":{"_zoneType":"SI_BUILT","name":"Pozidano zemljišče","authority":"MKGP","dataSource":"raba-3000"},"geometry":{"type":"Polygon","coordinates":[[[14.893898328492162,45.59272566940924],[14.893296992809182,45.59263197676473],[14.89378903719391,45.59291996000012],[14.893898328492162,45.59272566940924]]]}},{"type":"Feature","properties":{"_zoneType":"SI_BUILT","name":"Pozidano zemljišče","authority":"MKGP","dataSource":"raba-3000"},"geometry":{"type":"Polygon","coordinates":[[[14.892255431000045,45.58943998549642],[14.89255102074028,45.589555968153796],[14.892425451885444,45.58925373744743],[14.892255431000045,45.58943998549642]]]}},{"type":"Feature","properties":{"_zoneType":"SI_BUILT","name":"Pozidano zemljišče","authority":"MKGP","dataSource":"raba-3000"},"geometry":{"type":"Polygon","coordinates":[[[14.891949547057447,45.5903521398064],[14.891889304611757,45.590526505688835],[14.892267418952756,45.59040271192537],[14.891949547057447,45.5903521398064]]]}},{"type":"Feature","properties":{"_zoneType":"SI_BUILT","name":"Pozidano zemljišče","authority":"MKGP","dataSource":"raba-3000"},"geometry":{"type":"Polygon","coordinates":[[[14.889902346253992,45.50709097368503],[14.889835896763291,45.5064086660617],[14.889576425368968,45.50704379741032],[14.889902346253992,45.50709097368503]]]}},{"type":"Feature","properties":{"_zoneType":"SI_BUILT","name":"Pozidano zemljišče","authority":"MKGP","dataSource":"raba-3000"},"geometry":{"type":"Polygon","coordinates":[[[14.888925169468443,45.49996684602217],[14.889017146184997,45.500489026056826],[14.889803357843277,45.499894915715956],[14.888925169468443,45.49996684602217]]]}},{"type":"Feature","properties":{"_zoneType":"SI_BUILT","name":"Pozidano zemljišče","authority":"MKGP","dataSource":"raba-3000"},"geometry":{"type":"Polygon","coordinates":[[[14.87984413985953,45.569523029458864],[14.88,45.569512508226765],[14.88,45.56942793186933],[14.879843592123397,45.5693438427511],[14.87984413985953,45.569523029458864]]]}},{"type":"Feature","properties":{"_zoneType":"SI_BUILT","name":"Pozidano zemljišče","authority":"MKGP","dataSource":"raba-3000"},"geometry":{"type":"Polygon","coordinates":[[[14.880139765265373,45.5695030734682],[14.88,45.56942793186933],[14.88,45.569512508226765],[14.880139765265373,45.5695030734682]]]}},{"type":"Feature","properties":{"_zoneType":"SI_BUILT","name":"Pozidano zemljišče","authority":"MKGP","dataSource":"raba-3000"},"geometry":{"type":"Polygon","coordinates":[[[14.878803209616976,45.51624590534398],[14.877995534512523,45.51614882996011],[14.878505835795403,45.51649753317914],[14.878803209616976,45.51624590534398]]]}},{"type":"Feature","properties":{"_zoneType":"SI_BUILT","name":"Pozidano zemljišče","authority":"MKGP","dataSource":"raba-3000"},"geometry":{"type":"Polygon","coordinates":[[[14.88,45.51630274073665],[14.88,45.516200036136716],[14.87939408022716,45.51606497607929],[14.879772542426778,45.51638892311305],[14.88,45.51630274073665]]]}},{"type":"Feature","properties":{"_zoneType":"SI_BUILT","name":"Pozidano zemljišče","authority":"MKGP","dataSource":"raba-3000"},"geometry":{"type":"Polygon","coordinates":[[[14.880170663711851,45.5162380772302],[14.88,45.516200036136716],[14.88,45.51630274073665],[14.880170663711851,45.5162380772302]]]}},{"type":"Feature","properties":{"_zoneType":"SI_BUILT","name":"Pozidano zemljišče","authority":"MKGP","dataSource":"raba-3000"},"geometry":{"type":"Polygon","coordinates":[[[14.878896708732858,45.53443428049656],[14.879172594587693,45.534469780108104],[14.878952982997516,45.53427355007703],[14.878896708732858,45.53443428049656]]]}},{"type":"Feature","properties":{"_zoneType":"SI_BUILT","name":"Pozidano zemljišče","authority":"MKGP","dataSource":"raba-3000"},"geometry":{"type":"Polygon","coordinates":[[[14.877664143984537,45.57530859933935],[14.877582903609131,45.57513160012598],[14.877358606763588,45.57537699769873],[14.877664143984537,45.57530859933935]]]}},{"type":"Feature","properties":{"_zoneType":"SI_BUILT","name":"Pozidano zemljišče","authority":"MKGP","dataSource":"raba-3000"},"geometry":{"type":"Polygon","coordinates":[[[14.877023380117622,45.52154356184416],[14.877120313649186,45.52137163576089],[14.876658150421516,45.52144282838972],[14.877023380117622,45.52154356184416]]]}},{"type":"Feature","properties":{"_zoneType":"SI_BUILT","name":"Pozidano zemljišče","authority":"MKGP","dataSource":"raba-3000"},"geometry":{"type":"Polygon","coordinates":[[[14.871918855646511,45.519820326559525],[14.871854075863949,45.52],[14.871878779910922,45.52],[14.871918855646511,45.519820326559525]]]}},{"type":"Feature","properties":{"_zoneType":"SI_BUILT","name":"Pozidano zemljišče","authority":"MKGP","dataSource":"raba-3000"},"geometry":{"type":"Polygon","coordinates":[[[14.87156251082472,45.52141794415002],[14.871878779910922,45.52],[14.871854075863949,45.52],[14.871379331569342,45.52131675250188],[14.87156251082472,45.52141794415002]]]}},{"type":"Feature","properties":{"_zoneType":"SI_BUILT","name":"Pozidano zemljišče","authority":"MKGP","dataSource":"raba-3000"},"geometry":{"type":"Polygon","coordinates":[[[14.87143740870993,45.556604343108724],[14.871694444826993,45.55667012262078],[14.871542453998591,45.55644549075288],[14.87143740870993,45.556604343108724]]]}},{"type":"Feature","properties":{"_zoneType":"SI_BUILT","name":"Pozidano zemljišče","authority":"MKGP","dataSource":"raba-3000"},"geometry":{"type":"Polygon","coordinates":[[[14.86872589721176,45.576423123917984],[14.869909436419858,45.57725341306733],[14.869001865927526,45.5763875960906],[14.86872589721176,45.576423123917984]]]}},{"type":"Feature","properties":{"_zoneType":"SI_BUILT","name":"Pozidano zemljišče","authority":"MKGP","dataSource":"raba-3000"},"geometry":{"type":"Polygon","coordinates":[[[14.869536447627555,45.56895878463815],[14.869466970129565,45.568774154582364],[14.868781926893018,45.56897341145006],[14.869536447627555,45.56895878463815]]]}},{"type":"Feature","properties":{"_zoneType":"SI_BUILT","name":"Pozidano zemljišče","authority":"MKGP","dataSource":"raba-3000"},"geometry":{"type":"Polygon","coordinates":[[[14.85378397135713,45.559940250318846],[14.853885845512178,45.56],[14.85429129720082,45.56],[14.85378397135713,45.559940250318846]]]}},{"type":"Feature","properties":{"_zoneType":"SI_BUILT","name":"Pozidano zemljišče","authority":"MKGP","dataSource":"raba-3000"},"geometry":{"type":"Polygon","coordinates":[[[14.85429129720082,45.56],[14.853885845512178,45.56],[14.85526337458007,45.56080792741351],[14.854727888045815,45.560051418953144],[14.85429129720082,45.56]]]}},{"type":"Feature","properties":{"_zoneType":"SI_BUILT","name":"Pozidano zemljišče","authority":"MKGP","dataSource":"raba-3000"},"geometry":{"type":"Polygon","coordinates":[[[14.858124317452118,45.579054993526626],[14.857861130073097,45.57897051315361],[14.856340121006596,45.57944812581637],[14.858124317452118,45.579054993526626]]]}},{"type":"Feature","properties":{"_zoneType":"SI_BUILT","name":"Pozidano zemljišče","authority":"MKGP","dataSource":"raba-3000"},"geometry":{"type":"Polygon","coordinates":[[[14.852819492183604,45.54227631083407],[14.851925149542817,45.54233794545361],[14.852773084917514,45.542431648943364],[14.852819492183604,45.54227631083407]]]}},{"type":"Feature","properties":{"_zoneType":"SI_BUILT","name":"Pozidano zemljišče","authority":"MKGP","dataSource":"raba-3000"},"geometry":{"type":"Polygon","coordinates":[[[14.827241639357453,45.54249989555748],[14.830059165815182,45.54243493704079],[14.831910738130508,45.543601804457836],[14.833178548390054,45.5421254594494],[14.836341620956901,45.542978443108396],[14.833466872583147,45.541877229964065],[14.83173920214437,45.542943710679104],[14.828770535460706,45.541823433275674],[14.831170106882096,45.54017690351802],[14.834101741010146,45.539632321834425],[14.832793709666998,45.53958323485776],[14.827855070805859,45.54088012123934],[14.828602928741047,45.53852253004202],[14.826476307672678,45.54030582792695],[14.828274346402344,45.5418671843234],[14.827241639357453,45.54249989555748]]]}},{"type":"Feature","properties":{"_zoneType":"SI_BUILT","name":"Pozidano zemljišče","authority":"MKGP","dataSource":"raba-3000"},"geometry":{"type":"Polygon","coordinates":[[[14.83202909741507,45.593694179789296],[14.831177193629367,45.59325759551698],[14.831610124011203,45.59401617345296],[14.83202909741507,45.593694179789296]]]}},{"type":"Feature","properties":{"_zoneType":"SI_BUILT","name":"Pozidano zemljišče","authority":"MKGP","dataSource":"raba-3000"},"geometry":{"type":"Polygon","coordinates":[[[14.830624786295449,45.56143028460027],[14.830521030147812,45.561255580900365],[14.83015342572505,45.56152211933064],[14.830624786295449,45.56143028460027]]]}},{"type":"Feature","properties":{"_zoneType":"SI_BUILT","name":"Pozidano zemljišče","authority":"MKGP","dataSource":"raba-3000"},"geometry":{"type":"Polygon","coordinates":[[[14.82979579312502,45.544750508858776],[14.829946265456625,45.544850502816516],[14.830204015360597,45.5445546269576],[14.82979579312502,45.544750508858776]]]}},{"type":"Feature","properties":{"_zoneType":"SI_BUILT","name":"Pozidano zemljišče","authority":"MKGP","dataSource":"raba-3000"},"geometry":{"type":"Polygon","coordinates":[[[14.823769914465995,45.55770716219896],[14.82500454422723,45.559219299593224],[14.8247054643066,45.56],[14.825348563027887,45.56],[14.825565194652384,45.55860929517386],[14.829986541572774,45.55757710447202],[14.825575846295761,45.55748040194491],[14.82504227807847,45.558303580023946],[14.823786248079884,45.55742251768231],[14.813945843919809,45.55570752704268],[14.823769914465995,45.55770716219896]]]}},{"type":"Feature","properties":{"_zoneType":"SI_BUILT","name":"Pozidano zemljišče","authority":"MKGP","dataSource":"raba-3000"},"geometry":{"type":"Polygon","coordinates":[[[14.824132071911384,45.56149674934796],[14.825189612255228,45.56102041244979],[14.825348563027887,45.56],[14.8247054643066,45.56],[14.824132071911384,45.56149674934796]]]}},{"type":"Feature","properties":{"_zoneType":"SI_BUILT","name":"Pozidano zemljišče","authority":"MKGP","dataSource":"raba-3000"},"geometry":{"type":"Polygon","coordinates":[[[14.819258212047727,45.500142855555524],[14.819173213336438,45.499778966219196],[14.817509680330565,45.499799570339015],[14.817880516161694,45.501240893814085],[14.819258212047727,45.500142855555524]]]}},{"type":"Feature","properties":{"_zoneType":"SI_BUILT","name":"Pozidano zemljišče","authority":"MKGP","dataSource":"raba-3000"},"geometry":{"type":"Polygon","coordinates":[[[14.822962961655104,45.52837524450473],[14.822881043889542,45.52821839655292],[14.822289869660278,45.52832747814621],[14.822962961655104,45.52837524450473]]]}},{"type":"Feature","properties":{"_zoneType":"SI_BUILT","name":"Pozidano zemljišče","authority":"MKGP","dataSource":"raba-3000"},"geometry":{"type":"Polygon","coordinates":[[[14.814673529986958,45.557546337118374],[14.814643157864467,45.557375324143045],[14.814398191319038,45.557572047898084],[14.814673529986958,45.557546337118374]]]}},{"type":"Feature","properties":{"_zoneType":"SI_BUILT","name":"Pozidano zemljišče","authority":"MKGP","dataSource":"raba-3000"},"geometry":{"type":"Polygon","coordinates":[[[14.812988835526482,45.58533272003952],[14.812713800406026,45.58527820761059],[14.812849388768175,45.58598277992642],[14.812988835526482,45.58533272003952]]]}},{"type":"Feature","properties":{"_zoneType":"SI_BUILT","name":"Pozidano zemljišče","authority":"MKGP","dataSource":"raba-3000"},"geometry":{"type":"Polygon","coordinates":[[[14.81258377945015,45.535223707235964],[14.812922163951242,45.53531126602232],[14.812705257074159,45.535068017721926],[14.81258377945015,45.535223707235964]]]}},{"type":"Feature","properties":{"_zoneType":"SI_BUILT","name":"Pozidano zemljišče","authority":"MKGP","dataSource":"raba-3000"},"geometry":{"type":"Polygon","coordinates":[[[14.80965167192033,45.531273703104816],[14.809411418205201,45.531203938496404],[14.809199432509525,45.53161441137426],[14.80965167192033,45.531273703104816]]]}},{"type":"Feature","properties":{"_zoneType":"SI_BUILT","name":"Pozidano zemljišče","authority":"MKGP","dataSource":"raba-3000"},"geometry":{"type":"Polygon","coordinates":[[[14.8,45.500025466151854],[14.8,45.50009093732425],[14.800516140316347,45.4997479084364],[14.8,45.500025466151854]]]}},{"type":"Feature","properties":{"_zoneType":"SI_BUILT","name":"Pozidano zemljišče","authority":"MKGP","dataSource":"raba-3000"},"geometry":{"type":"Polygon","coordinates":[[[14.80678720111678,45.58145825725855],[14.806927705857094,45.58159253322955],[14.807054834879036,45.581291573246226],[14.80678720111678,45.58145825725855]]]}},{"type":"Feature","properties":{"_zoneType":"SI_BUILT","name":"Pozidano zemljišče","authority":"MKGP","dataSource":"raba-3000"},"geometry":{"type":"Polygon","coordinates":[[[15.0,45.562065682709694],[15.0,45.560286599465734],[14.999999999999998,45.560286599465734],[14.999999999999998,45.562065682709694],[15.0,45.562065682709694]]]}},{"type":"Feature","properties":{"_zoneType":"SI_BUILT","name":"Pozidano zemljišče","authority":"MKGP","dataSource":"raba-3000"},"geometry":{"type":"Polygon","coordinates":[[[15.0,45.569603885357694],[15.0,45.569603885357665],[14.999999999999998,45.569603885357694],[15.0,45.569603885357694]]]}},{"type":"Feature","properties":{"_zoneType":"SI_BUILT","name":"Pozidano zemljišče","authority":"MKGP","dataSource":"raba-3000"},"geometry":{"type":"Polygon","coordinates":[[[14.999999999999998,45.578181992967686],[15.0,45.578181992967686],[15.0,45.57703258901125],[14.999999999999998,45.57703258901125],[14.999999999999998,45.578181992967686]]]}},{"type":"Feature","properties":{"_zoneType":"SI_BUILT","name":"Pozidano zemljišče","authority":"MKGP","dataSource":"raba-3000"},"geometry":{"type":"Polygon","coordinates":[[[15.0,45.546156243320404],[14.999999999999998,45.546156243320404],[14.999999999999998,45.5464088113078],[15.0,45.5464088113078],[15.0,45.546156243320404]]]}},{"type":"Feature","properties":{"_zoneType":"SI_BUILT","name":"Pozidano zemljišče","authority":"MKGP","dataSource":"raba-3000"},"geometry":{"type":"Polygon","coordinates":[[[14.979617174471082,45.49992027191038],[14.987645382488942,45.49711799224354],[14.999999999999998,45.49697364924624],[14.986985409456453,45.49699915341367],[14.979617174471082,45.49992027191038]]]}},{"type":"Feature","properties":{"_zoneType":"SI_BUILT","name":"Pozidano zemljišče","authority":"MKGP","dataSource":"raba-3000"},"geometry":{"type":"Polygon","coordinates":[[[14.998438413163079,45.4986808967324],[14.998181860825586,45.49854601996586],[14.99824855749374,45.49884160603205],[14.998438413163079,45.4986808967324]]]}},{"type":"Feature","properties":{"_zoneType":"SI_BUILT","name":"Pozidano zemljišče","authority":"MKGP","dataSource":"raba-3000"},"geometry":{"type":"Polygon","coordinates":[[[14.807973669645138,45.47929727672588],[14.809066235279717,45.47944731310338],[14.808419190801926,45.47880932311606],[14.811547231660114,45.47853770512217],[14.810637934134773,45.47790493267307],[14.811033952280834,45.47656843249394],[14.814860573221868,45.47358095104493],[14.81783982674607,45.474335611639525],[14.819991001002448,45.47420450560588],[14.820672795508322,45.47614995816759],[14.821892740601958,45.47397152364252],[14.825534878963191,45.47485129208693],[14.830823411183204,45.472428958871824],[14.824264869048775,45.474096304999414],[14.823267309364716,45.4733045668927],[14.818223444497937,45.474099286243934],[14.815474279359789,45.47333486760451],[14.816956276468904,45.4716379073951],[14.817575827522196,45.461843992163296],[14.819654416114659,45.46049400451289],[14.829226416628035,45.46194619112656],[14.834277759415095,45.461747969596686],[14.84,45.46316792574898],[14.84,45.46288285884619],[14.834099595779744,45.461453738098534],[14.8292063311474,45.46170061552202],[14.819597960560325,45.46024228195795],[14.817201533210541,45.4618580549149],[14.815911018155614,45.467267145904444],[14.816468042119231,45.471540326828936],[14.811160093610122,45.47616599422639],[14.808250575118917,45.47670203550761],[14.808361657760857,45.47842708973526],[14.807086063973495,45.480000000000004],[14.807543768313472,45.480000000000004],[14.807973669645138,45.47929727672588]]]}},{"type":"Feature","properties":{"_zoneType":"SI_BUILT","name":"Pozidano zemljišče","authority":"MKGP","dataSource":"raba-3000"},"geometry":{"type":"Polygon","coordinates":[[[14.802672809900463,45.497335396350216],[14.804465521182319,45.49545353314529],[14.807612100588084,45.49516174970368],[14.804265291855543,45.49508891044797],[14.803059243480298,45.493631042093604],[14.8,45.49193586112899],[14.8,45.492570028682984],[14.802718699887556,45.493782333869824],[14.803900658897215,45.49552940992386],[14.80044157047443,45.49769512414043],[14.80052320617441,45.49972338058679],[14.80084381591799,45.497727084490485],[14.802672809900463,45.497335396350216]]]}},{"type":"Feature","properties":{"_zoneType":"SI_BUILT","name":"Pozidano zemljišče","authority":"MKGP","dataSource":"raba-3000"},"geometry":{"type":"Polygon","coordinates":[[[14.804979044962746,45.48809870288709],[14.80668843792052,45.486337446237876],[14.807074449341526,45.480767155950176],[14.807543768313472,45.480000000000004],[14.807086063973495,45.480000000000004],[14.80669759767166,45.48047901035559],[14.806266815719802,45.48634376153596],[14.804636270029592,45.48795226852226],[14.800577019771692,45.489403172154596],[14.8,45.490340013199216],[14.8,45.49125520360215],[14.80083712742128,45.489664563787095],[14.804979044962746,45.48809870288709]]]}},{"type":"Feature","properties":{"_zoneType":"SI_BUILT","name":"Pozidano zemljišče","authority":"MKGP","dataSource":"raba-3000"},"geometry":{"type":"Polygon","coordinates":[[[14.841659948056337,45.46357983668143],[14.842680796252756,45.465095455261135],[14.848492379419067,45.463591365442284],[14.85083862583247,45.46481878184547],[14.850875789173656,45.46565879188666],[14.853538493500285,45.46526600858128],[14.855307288122498,45.46732049784924],[14.856411456247594,45.467145505912555],[14.859242549033631,45.469208574935585],[14.860112191633847,45.47073086328185],[14.861057976118731,45.470160660341925],[14.863152936244354,45.471220708506756],[14.862967353217512,45.472165426396096],[14.867153696797008,45.47220019614662],[14.872770451076155,45.47410458839174],[14.871467943170927,45.476035512119665],[14.86976702813175,45.47629880054023],[14.868686609046222,45.4757630533845],[14.867092083970164,45.47569291827075],[14.863701030185386,45.476307950911945],[14.855531458789669,45.47507305731031],[14.857705922743037,45.476084507257795],[14.86381700056078,45.47657062627155],[14.868376641804781,45.47595688166889],[14.870873004233575,45.47671653800756],[14.868193896893379,45.47819058659379],[14.870176488199577,45.47834244020953],[14.869972762392422,45.47996342638274],[14.868036311049742,45.47951991882121],[14.865710013323444,45.480000000000004],[14.866704137722486,45.480000000000004],[14.868214918712557,45.47976050619477],[14.868907902059922,45.480000000000004],[14.870733387290707,45.480000000000004],[14.870776358658127,45.47981721144594],[14.871087167043104,45.480000000000004],[14.872129169766296,45.480000000000004],[14.87066972933465,45.479068371933465],[14.874700187918245,45.474871309322786],[14.876260962033257,45.474339081612115],[14.878440039769133,45.47499378761215],[14.876727494538525,45.47624485118755],[14.876491781805278,45.478020329360156],[14.878855555254514,45.47727226376693],[14.877795012246986,45.476305950048854],[14.879870970011876,45.47653518751308],[14.879072754974773,45.480000000000004],[14.879590285102411,45.480000000000004],[14.88,45.47857354643474],[14.88,45.474911136958355],[14.879645797965935,45.47496342274118],[14.87299363893147,45.47189318964537],[14.869723855327013,45.46829545441858],[14.864037270019942,45.46658523832812],[14.860530007248418,45.467307509234125],[14.857606729230142,45.4666347568205],[14.85316468974255,45.463758158767405],[14.85152580856232,45.46492894697295],[14.84826776171315,45.463291979191816],[14.843478726509394,45.463725431667385],[14.84,45.46288285884619],[14.84,45.46316792574898],[14.841659948056337,45.46357983668143]],[[14.872024839753117,45.47338641457175],[14.872179317498963,45.4730312217407],[14.873171339357839,45.473649643976124],[14.872024839753117,45.47338641457175]],[[14.869787094372409,45.46860393036185],[14.872494130808777,45.47170655097466],[14.86461847010936,45.47142439294546],[14.85911781882148,45.46804056385079],[14.86608632871178,45.467497194830656],[14.869787094372409,45.46860393036185]]]}},{"type":"Feature","properties":{"_zoneType":"SI_BUILT","name":"Pozidano zemljišče","authority":"MKGP","dataSource":"raba-3000"},"geometry":{"type":"Polygon","coordinates":[[[14.861712990290902,45.48082487099886],[14.85970725873744,45.480247951029966],[14.857052779308946,45.48093424952665],[14.85768413924254,45.48128680332379],[14.860382026075346,45.48069151790741],[14.863093084244149,45.481669785016564],[14.863695105543005,45.480477001346635],[14.866704137722486,45.480000000000004],[14.865710013323444,45.480000000000004],[14.861712990290902,45.48082487099886]]]}},{"type":"Feature","properties":{"_zoneType":"SI_BUILT","name":"Pozidano zemljišče","authority":"MKGP","dataSource":"raba-3000"},"geometry":{"type":"Polygon","coordinates":[[[14.869911973401797,45.48034700525966],[14.870871891749475,45.48203698131552],[14.873184612460104,45.480673737697586],[14.872129169766296,45.480000000000004],[14.871087167043104,45.480000000000004],[14.871687996343327,45.480353351853864],[14.87066425734442,45.480294060061006],[14.870733387290707,45.480000000000004],[14.868907902059922,45.480000000000004],[14.869911973401797,45.48034700525966]]]}},{"type":"Feature","properties":{"_zoneType":"SI_BUILT","name":"Pozidano zemljišče","authority":"MKGP","dataSource":"raba-3000"},"geometry":{"type":"Polygon","coordinates":[[[14.878747891866263,45.48141013348858],[14.879521302240589,45.48410329113781],[14.88,45.483933235495485],[14.88,45.48208891433085],[14.879146858626022,45.48154382298984],[14.879590285102411,45.480000000000004],[14.879072754974773,45.480000000000004],[14.878747891866263,45.48141013348858]]]}},{"type":"Feature","properties":{"_zoneType":"SI_BUILT","name":"Pozidano zemljišče","authority":"MKGP","dataSource":"raba-3000"},"geometry":{"type":"Polygon","coordinates":[[[14.8855666569966,45.479618843103644],[14.885638759889211,45.480000000000004],[14.886080737373089,45.480000000000004],[14.8855666569966,45.479618843103644]]]}},{"type":"Feature","properties":{"_zoneType":"SI_BUILT","name":"Pozidano zemljišče","authority":"MKGP","dataSource":"raba-3000"},"geometry":{"type":"Polygon","coordinates":[[[14.880538883843395,45.47669738136435],[14.88161163717729,45.478015856691286],[14.884912268303815,45.47854539502765],[14.88362290055603,45.477481456599804],[14.895372690235606,45.476695401407966],[14.900915805101313,45.478200274224875],[14.902728572879392,45.480000000000004],[14.903224290149984,45.480000000000004],[14.901174046297067,45.47801614661927],[14.897466417095089,45.47662130026765],[14.88619608370102,45.476645281216136],[14.884610474566678,45.474504427177244],[14.884033551538453,45.47535444107546],[14.881623689036797,45.47494231775366],[14.881358170055268,45.47412798602784],[14.882484891625708,45.47390222819939],[14.881289298634853,45.472716845730176],[14.880762229724926,45.47479861988044],[14.88,45.474911136958355],[14.88,45.47857354643474],[14.880538883843395,45.47669738136435]],[[14.88390395445738,45.47579290378561],[14.883461957025906,45.4764596995019],[14.882656413207572,45.475617956236654],[14.88390395445738,45.47579290378561]]]}},{"type":"Feature","properties":{"_zoneType":"SI_BUILT","name":"Pozidano zemljišče","authority":"MKGP","dataSource":"raba-3000"},"geometry":{"type":"Polygon","coordinates":[[[14.909796357202412,45.47882199552831],[14.907362454636857,45.47717675562911],[14.909257317148317,45.47905162691575],[14.90891825380693,45.480000000000004],[14.909315193982277,45.480000000000004],[14.909796357202412,45.47882199552831]]]}},{"type":"Feature","properties":{"_zoneType":"SI_BUILT","name":"Pozidano zemljišče","authority":"MKGP","dataSource":"raba-3000"},"geometry":{"type":"Polygon","coordinates":[[[14.90508833885634,45.47976915231171],[14.904038552223586,45.480000000000004],[14.905399757556388,45.480000000000004],[14.90508833885634,45.47976915231171]]]}},{"type":"Feature","properties":{"_zoneType":"SI_BUILT","name":"Pozidano zemljišče","authority":"MKGP","dataSource":"raba-3000"},"geometry":{"type":"Polygon","coordinates":[[[14.88123664842243,45.48349392062997],[14.883100530060883,45.484679590864175],[14.884597967671796,45.48407865626979],[14.885027693744119,45.48480720605679],[14.883575131814125,45.48602591228062],[14.885008649465258,45.48620360482357],[14.885104376482477,45.483389073027624],[14.887546779754684,45.48236042764864],[14.894369953567725,45.483338350618375],[14.892398643979634,45.484127363153156],[14.898229661848895,45.48748165361079],[14.89847041831825,45.4896748745039],[14.896876256478203,45.488365398452785],[14.895696343093888,45.4889548139755],[14.898724745093142,45.49087165225095],[14.898746504220492,45.49242350558946],[14.89764514495466,45.494172364902035],[14.89286028280454,45.49725660597024],[14.89174583048909,45.499870795266794],[14.892768696391865,45.49987176003732],[14.893067140253306,45.49847912568875],[14.896410563357145,45.49861715542099],[14.89427621044021,45.496772044531866],[14.897123079344174,45.496374225747054],[14.900736598078145,45.49232934573624],[14.902710498496047,45.495711712043956],[14.904135346876597,45.494870369019445],[14.904980952353785,45.49570124623481],[14.90605655535082,45.494765663631604],[14.90547183806484,45.49420571171996],[14.906374076120672,45.49371906754376],[14.902714191654782,45.49469048029877],[14.901243244203608,45.487692851236254],[14.89686233255961,45.483240912584805],[14.897510761470187,45.48205534532606],[14.901625271594932,45.48407389100728],[14.90438268155635,45.48333564829361],[14.89672351511397,45.48172587684198],[14.895398255942913,45.4832559173469],[14.89256058773434,45.48275095246508],[14.888541390802514,45.481824413198936],[14.886080737373089,45.480000000000004],[14.885638759889211,45.480000000000004],[14.886060422925956,45.48222903365696],[14.883296000012686,45.48319287726777],[14.881173097520355,45.48283843289836],[14.88,45.48208891433085],[14.88,45.483933235495485],[14.88123664842243,45.48349392062997]],[[14.897133334918134,45.484998443048966],[14.900337553615925,45.48715741637679],[14.900546679233727,45.48946415701895],[14.898939314097417,45.48910501363651],[14.898823496873575,45.48762863855989],[14.896633185180049,45.485872011869205],[14.897133334918134,45.484998443048966]],[[14.897194719671093,45.4844228715528],[14.896720367484996,45.48487811003552],[14.89483909629152,45.48420798412193],[14.897194719671093,45.4844228715528]],[[14.886785224709438,45.48127777521961],[14.887707104298181,45.48168710938647],[14.88665838803158,45.4820553403891],[14.886785224709438,45.48127777521961]],[[14.883636395865697,45.48407858718662],[14.883212455783703,45.48437519715892],[14.883091144655879,45.4835310659249],[14.883636395865697,45.48407858718662]]]}},{"type":"Feature","properties":{"_zoneType":"SI_BUILT","name":"Pozidano zemljišče","authority":"MKGP","dataSource":"raba-3000"},"geometry":{"type":"Polygon","coordinates":[[[14.903240517947298,45.48050826186636],[14.9044689030359,45.480469320411764],[14.909251092261082,45.48364683350509],[14.909848139864039,45.48594453937578],[14.90838095904685,45.48920789291976],[14.90980310164316,45.48929908613834],[14.910769925433787,45.49183097207627],[14.912040423903992,45.49180175213792],[14.91376871442699,45.49343645859876],[14.913661085084652,45.49474262835716],[14.912522032082178,45.49524710927856],[14.913845136940271,45.49579404167086],[14.91136006474731,45.49738141089306],[14.909883838166241,45.49976734938957],[14.911354124174547,45.499887694728216],[14.911464672786712,45.49773451415885],[14.914384592902476,45.49581154679101],[14.914876066595637,45.494457411405214],[14.914692962209894,45.49354675867752],[14.91075344710541,45.49068385258109],[14.90947792306391,45.48825772807656],[14.910515039540925,45.485693754862325],[14.9095995428643,45.4833629435567],[14.91069627883698,45.48236152724639],[14.908536164695143,45.48254424980457],[14.907674812712923,45.481756251791744],[14.908924145190685,45.480957382455415],[14.909315193982277,45.480000000000004],[14.90891825380693,45.480000000000004],[14.908678964874289,45.48066930026156],[14.906688800322714,45.480955538452484],[14.905399757556388,45.480000000000004],[14.904038552223586,45.480000000000004],[14.90337507181689,45.48014589909353],[14.903224290149984,45.480000000000004],[14.902728572879392,45.480000000000004],[14.903240517947298,45.48050826186636]]]}},{"type":"Feature","properties":{"_zoneType":"SI_BUILT","name":"Pozidano zemljišče","authority":"MKGP","dataSource":"raba-3000"},"geometry":{"type":"Polygon","coordinates":[[[14.90356751577341,45.49187648713587],[14.903422410395725,45.49164242868729],[14.90324987676035,45.491995718246365],[14.90356751577341,45.49187648713587]]]}},{"type":"Feature","properties":{"_zoneType":"SI_BUILT","name":"Pozidano zemljišče","authority":"MKGP","dataSource":"raba-3000"},"geometry":{"type":"Polygon","coordinates":[[[14.893131837757949,45.48942917837813],[14.892843433155019,45.48935439121055],[14.892984197544227,45.48971871264164],[14.893131837757949,45.48942917837813]]]}},{"type":"Feature","properties":{"_zoneType":"SI_BUILT","name":"Pozidano zemljišče","authority":"MKGP","dataSource":"raba-3000"},"geometry":{"type":"Polygon","coordinates":[[[14.889076526955588,45.499868234432014],[14.889654924574067,45.49986879461967],[14.889272065513751,45.49985082447176],[14.889076526955588,45.499868234432014]]]}},{"type":"Feature","properties":{"_zoneType":"SI_BUILT","name":"Pozidano zemljišče","authority":"MKGP","dataSource":"raba-3000"},"geometry":{"type":"Polygon","coordinates":[[[14.881749993320271,45.47888721619134],[14.881478214919401,45.47881813816362],[14.88164242564797,45.47905202018084],[14.881749993320271,45.47888721619134]]]}},{"type":"Feature","properties":{"_zoneType":"SI_BUILT","name":"Pozidano zemljišče","authority":"MKGP","dataSource":"raba-3000"},"geometry":{"type":"Polygon","coordinates":[[[14.854657332071126,45.488547360599824],[14.857546101493769,45.48940184254731],[14.857673758288161,45.491537942594796],[14.85931278355663,45.493529211058],[14.858935413332235,45.49722936226604],[14.85748460432789,45.49859885134042],[14.85801820236824,45.49983385304096],[14.857871303414054,45.49861611381812],[14.859278207429892,45.49728508373974],[14.859658371713312,45.4934731025206],[14.858025747351123,45.491444081222824],[14.85780026095827,45.489184042533154],[14.854568408707365,45.48829405095337],[14.848707749843342,45.49015821708194],[14.84522997752764,45.489825344668795],[14.848851183977757,45.49041884935405],[14.854657332071126,45.488547360599824]]]}},{"type":"Feature","properties":{"_zoneType":"SI_BUILT","name":"Pozidano zemljišče","authority":"MKGP","dataSource":"raba-3000"},"geometry":{"type":"Polygon","coordinates":[[[14.84944719339537,45.470829428719206],[14.848916627356758,45.47109106501112],[14.849624710681722,45.47123616663934],[14.84944719339537,45.470829428719206]]]}},{"type":"Feature","properties":{"_zoneType":"SI_BUILT","name":"Pozidano zemljišče","authority":"MKGP","dataSource":"raba-3000"},"geometry":{"type":"Polygon","coordinates":[[[14.847358767936147,45.47104553796205],[14.847161729260936,45.47094423462489],[14.847205743453321,45.471204042432106],[14.847358767936147,45.47104553796205]]]}},{"type":"Feature","properties":{"_zoneType":"SI_BUILT","name":"Pozidano zemljišče","authority":"MKGP","dataSource":"raba-3000"},"geometry":{"type":"Polygon","coordinates":[[[14.847247557531011,45.48694061852744],[14.846433435458275,45.487326326592836],[14.847217457733107,45.48709774521668],[14.847247557531011,45.48694061852744]]]}},{"type":"Feature","properties":{"_zoneType":"SI_BUILT","name":"Pozidano zemljišče","authority":"MKGP","dataSource":"raba-3000"},"geometry":{"type":"Polygon","coordinates":[[[14.843272121371182,45.48741853910216],[14.842821994175663,45.487081722234485],[14.842840710078605,45.48760250700665],[14.843272121371182,45.48741853910216]]]}},{"type":"Feature","properties":{"_zoneType":"SI_BUILT","name":"Pozidano zemljišče","authority":"MKGP","dataSource":"raba-3000"},"geometry":{"type":"Polygon","coordinates":[[[14.817499582860881,45.499776304600736],[14.819173213336438,45.499778966219196],[14.82132657290006,45.49781902057],[14.830755468317339,45.49542236169428],[14.829940562824033,45.49339792476314],[14.830938876001907,45.492168381287044],[14.82990003656306,45.491568456194095],[14.8302173273092,45.4891171400351],[14.838328305165106,45.48753282214028],[14.84,45.48629581573496],[14.84,45.485247956584885],[14.835660973391061,45.4880245588907],[14.829963637903637,45.488528228731006],[14.829566635402925,45.49342404990658],[14.830331677518052,45.495232100872045],[14.82075825852713,45.49771060360684],[14.818265239887692,45.49967424860132],[14.817251459639824,45.498946122457454],[14.817704664630371,45.4978350446338],[14.81362209750132,45.498987047682334],[14.816290576935094,45.49855324176242],[14.817499582860881,45.499776304600736]]]}},{"type":"Feature","properties":{"_zoneType":"SI_BUILT","name":"Pozidano zemljišče","authority":"MKGP","dataSource":"raba-3000"},"geometry":{"type":"Polygon","coordinates":[[[14.84090137036599,45.48562882742284],[14.840917829349609,45.484660625066056],[14.84,45.485247956584885],[14.84,45.48629581573496],[14.84090137036599,45.48562882742284]]]}},{"type":"Feature","properties":{"_zoneType":"SI_BUILT","name":"Pozidano zemljišče","authority":"MKGP","dataSource":"raba-3000"},"geometry":{"type":"Polygon","coordinates":[[[14.838049577586336,45.48472383552287],[14.837791893175464,45.484658981802546],[14.837958720337836,45.484882286789244],[14.838049577586336,45.48472383552287]]]}},{"type":"Feature","properties":{"_zoneType":"SI_BUILT","name":"Pozidano zemljišče","authority":"MKGP","dataSource":"raba-3000"},"geometry":{"type":"Polygon","coordinates":[[[14.808996864830085,45.480711992461764],[14.808818412234913,45.48056982505864],[14.808760728298846,45.480828792640125],[14.808996864830085,45.480711992461764]]]}}]}