{"type":"FeatureCollection", "features": [
{"type":"Feature","geometry":{"type":"Polygon","coordinates":[[[7.95399,46.7917],[7.95364,46.79087],[7.95379,46.79025],[7.95309,46.78976],[7.95199,46.78965],[7.95118,46.78895],[7.95029,46.78876],[7.94928,46.78805],[7.94794,46.78616],[7.94807,46.78546],[7.94743,46.78441],[7.94775,46.78386],[7.94713,46.78269],[7.94743,46.78168],[7.94813,46.78117],[7.94807,46.77937],[7.94844,46.77851],[7.94791,46.7776],[7.94839,46.77679],[7.94919,46.77628],[7.94833,46.77505],[7.9483,46.7742],[7.94684,46.77278],[7.94606,46.7705],[7.94488,46.76979],[7.94486,46.76922],[7.94415,46.76884],[7.94327,46.76723],[7.94244,46.76654],[7.94258,46.76543],[7.94198,46.76502],[7.94241,46.76454],[7.94223,46.76363],[7.9412,46.76348],[7.93928,46.76248],[7.93875,46.76157],[7.93841,46.76143],[7.93832,46.76031],[7.93776,46.75987],[7.93648,46.75934],[7.93476,46.7593],[7.9342,46.7586],[7.93335,46.75815],[7.93294,46.75662],[7.93309,46.75616],[7.93215,46.75518],[7.9321,46.75487],[7.93045,46.75322],[7.92999,46.75326],[7.92803,46.75428],[7.92492,46.75336],[7.92072,46.75264],[7.91371,46.74796],[7.91444,46.74738],[7.91355,46.74692],[7.91267,46.74677],[7.91194,46.74612],[7.91028,46.74674],[7.90876,46.74667],[7.9085,46.74588],[7.90775,46.74526],[7.90769,46.74439],[7.90728,46.7434],[7.90606,46.74281],[7.90428,46.74041],[7.90304,46.73986],[7.90272,46.73838],[7.90203,46.73795],[7.90125,46.73675],[7.89992,46.7361],[7.899,46.73513],[7.89843,46.73375],[7.89869,46.73349],[7.89754,46.73239],[7.89681,46.73216],[7.8958,46.73137],[7.89333,46.73063],[7.89261,46.73097],[7.892,46.73084],[7.89029,46.72962],[7.88936,46.72862],[7.88831,46.72856],[7.88785,46.72823],[7.88605,46.72747],[7.88468,46.7264],[7.88343,46.72614],[7.88292,46.72566],[7.88153,46.72476],[7.88014,46.72449],[7.87984,46.7242],[7.87817,46.72369],[7.87723,46.72373],[7.87628,46.72308],[7.87741,46.72237],[7.87775,46.72151],[7.87871,46.72014],[7.87845,46.71966],[7.87751,46.71903],[7.87682,46.71881],[7.87625,46.71786],[7.87692,46.71728],[7.87772,46.71692],[7.87779,46.71655],[7.87877,46.7161],[7.8807,46.71606],[7.88115,46.71579],[7.88216,46.71614],[7.88599,46.7162],[7.88589,46.71575],[7.8864,46.71541],[7.88775,46.71524],[7.88904,46.71619],[7.88976,46.71593],[7.89092,46.71608],[7.89141,46.71647],[7.89241,46.71672],[7.89282,46.71724],[7.89426,46.71711],[7.89532,46.71813],[7.89633,46.7184],[7.89681,46.71896],[7.89857,46.71957],[7.89975,46.71985],[7.90109,46.71996],[7.90218,46.72046],[7.90524,46.72149],[7.90628,46.72204],[7.90732,46.72209],[7.90911,46.72286],[7.90987,46.72354],[7.91075,46.7239],[7.91205,46.72407],[7.91291,46.7244],[7.91396,46.72513],[7.91607,46.72551],[7.91761,46.72631],[7.91903,46.72673],[7.91945,46.72729],[7.92098,46.72801],[7.9208,46.72863],[7.92104,46.72906],[7.92213,46.72929],[7.92309,46.72866],[7.92388,46.72791],[7.92513,46.72754],[7.92584,46.72783],[7.92575,46.72831],[7.92703,46.72873],[7.9285,46.72967],[7.93041,46.73067],[7.93172,46.73037],[7.93282,46.73092],[7.93362,46.73083],[7.93413,46.73158],[7.93547,46.73208],[7.9357,46.73296],[7.93641,46.73284],[7.93751,46.733],[7.93787,46.73398],[7.93884,46.73439],[7.93934,46.73508],[7.94121,46.73495],[7.94248,46.73555],[7.94329,46.73671],[7.94323,46.73764],[7.94397,46.739],[7.94346,46.74019],[7.94281,46.74057],[7.94323,46.74131],[7.94445,46.74169],[7.94535,46.74134],[7.94639,46.74162],[7.94688,46.74206],[7.94763,46.74221],[7.95031,46.7419],[7.95068,46.74295],[7.95205,46.7441],[7.95349,46.74426],[7.95407,46.74464],[7.95477,46.74611],[7.95558,46.74659],[7.95525,46.74689],[7.95433,46.7469],[7.95367,46.74758],[7.95335,46.74837],[7.95433,46.74862],[7.95504,46.74928],[7.9551,46.74973],[7.95633,46.75001],[7.95891,46.75167],[7.95936,46.75148],[7.9597,46.75077],[7.96076,46.75095],[7.96212,46.75076],[7.96309,46.75137],[7.96535,46.75153],[7.96579,46.75242],[7.96466,46.75254],[7.96491,46.75307],[7.96498,46.75422],[7.96572,46.75548],[7.96593,46.75708],[7.96588,46.75796],[7.96655,46.75873],[7.96727,46.75925],[7.96754,46.76087],[7.96795,46.76161],[7.96936,46.7626],[7.97004,46.76369],[7.97043,46.76373],[7.97027,46.76619],[7.97181,46.76699],[7.97213,46.76792],[7.97258,46.76828],[7.97516,46.76901],[7.97625,46.76979],[7.97838,46.77184],[7.98195,46.77278],[7.9845,46.77501],[7.98316,46.77584],[7.98199,46.77632],[7.98061,46.77657],[7.98029,46.77682],[7.97918,46.77689],[7.9787,46.77723],[7.97575,46.77729],[7.9735,46.77836],[7.97321,46.77892],[7.97181,46.78007],[7.97075,46.78174],[7.96948,46.7825],[7.96947,46.78434],[7.96839,46.78529],[7.96696,46.78588],[7.96641,46.78635],[7.96513,46.78694],[7.96367,46.78681],[7.9623,46.78736],[7.96178,46.78797],[7.96028,46.78901],[7.9593,46.78933],[7.95789,46.7894],[7.95632,46.79008],[7.95567,46.79061],[7.95496,46.79077],[7.95411,46.79126],[7.95399,46.7917]]]},"properties":{"_zoneType":"JAGDBANN_CH","name":"Augstmatthorn"}},
{"type":"Feature","geometry":{"type":"Polygon","coordinates":[[[8.43836,46.85341],[8.43774,46.84705],[8.43783,46.84507],[8.43753,46.84462],[8.43776,46.84347],[8.43761,46.84266],[8.4382,46.8421],[8.43831,46.84092],[8.43787,46.83998],[8.43816,46.8388],[8.43807,46.83835],[8.43711,46.83771],[8.43634,46.83744],[8.43562,46.83658],[8.43547,46.83499],[8.43574,46.83452],[8.4352,46.83402],[8.43514,46.83317],[8.43387,46.83266],[8.43348,46.83205],[8.43292,46.83174],[8.43384,46.83138],[8.4326,46.83051],[8.43106,46.8302],[8.43016,46.82963],[8.42979,46.82914],[8.4291,46.82663],[8.42834,46.82575],[8.42804,46.82498],[8.4263,46.82373],[8.42545,46.82298],[8.42513,46.82234],[8.42644,46.81895],[8.42671,46.81771],[8.42828,46.81622],[8.42837,46.81529],[8.42904,46.81411],[8.43083,46.81293],[8.43237,46.81181],[8.43453,46.80999],[8.43924,46.80786],[8.4401,46.80785],[8.44099,46.80946],[8.44177,46.80968],[8.44326,46.8093],[8.44403,46.81006],[8.44534,46.81028],[8.44588,46.8101],[8.44652,46.80943],[8.44758,46.80891],[8.44879,46.80955],[8.4496,46.8104],[8.44967,46.81093],[8.45137,46.81121],[8.45267,46.81162],[8.45323,46.81145],[8.45424,46.81188],[8.45454,46.81226],[8.4566,46.81234],[8.45833,46.813],[8.45908,46.81348],[8.45974,46.81353],[8.46128,46.81421],[8.46201,46.81527],[8.46321,46.81567],[8.46522,46.81504],[8.46696,46.81468],[8.46768,46.81474],[8.46898,46.81521],[8.47003,46.81484],[8.47118,46.81505],[8.47267,46.81495],[8.47331,46.81463],[8.47569,46.81419],[8.47664,46.81377],[8.47813,46.81374],[8.47969,46.8144],[8.48036,46.81503],[8.48124,46.81648],[8.48109,46.81761],[8.48325,46.81903],[8.48366,46.8199],[8.48337,46.82029],[8.48377,46.82188],[8.48362,46.82334],[8.48377,46.82406],[8.48366,46.8251],[8.48335,46.82591],[8.4835,46.8273],[8.48448,46.82808],[8.48528,46.82915],[8.48627,46.83124],[8.48622,46.83206],[8.48772,46.83336],[8.48803,46.83434],[8.48884,46.83571],[8.49033,46.83583],[8.49127,46.83683],[8.49199,46.83714],[8.49386,46.8376],[8.49496,46.83799],[8.4961,46.83812],[8.49766,46.83864],[8.49835,46.83911],[8.49992,46.83916],[8.50105,46.83951],[8.504,46.84097],[8.50482,46.84152],[8.50489,46.84186],[8.5059,46.84277],[8.50545,46.84489],[8.50704,46.84546],[8.50534,46.84601],[8.50425,46.84688],[8.5025,46.848],[8.5021,46.84951],[8.50039,46.85101],[8.49935,46.85151],[8.49851,46.85219],[8.49843,46.85317],[8.49785,46.85376],[8.49512,46.85299],[8.49305,46.85281],[8.49056,46.8531],[8.48788,46.85355],[8.48649,46.85413],[8.485,46.85511],[8.48264,46.85534],[8.48163,46.85584],[8.47999,46.85727],[8.47831,46.85701],[8.47669,46.8559],[8.47597,46.85486],[8.47439,46.85456],[8.4725,46.85482],[8.4717,46.85469],[8.47084,46.85485],[8.46999,46.85492],[8.46929,46.85492],[8.4678,46.85518],[8.46741,46.85545],[8.46484,46.85537],[8.46391,46.85499],[8.46312,46.8553],[8.46176,46.85521],[8.46136,46.85494],[8.46019,46.85498],[8.45749,46.85459],[8.45558,46.85399],[8.45416,46.85376],[8.45218,46.85397],[8.45181,46.85404],[8.45118,46.854],[8.44987,46.85413],[8.44571,46.85361],[8.44485,46.85364],[8.44381,46.85337],[8.44336,46.85303],[8.441,46.85308],[8.43912,46.85353],[8.43836,46.85341]]]},"properties":{"_zoneType":"JAGDBANN_CH","name":"Hahnen"}},
{"type":"Feature","geometry":{"type":"Polygon","coordinates":[[[8.33521,46.82964],[8.33391,46.82929],[8.33324,46.82937],[8.33237,46.82891],[8.33025,46.82915],[8.32849,46.82913],[8.32709,46.82887],[8.32506,46.82893],[8.3241,46.8284],[8.32319,46.82748],[8.32263,46.82761],[8.32252,46.82819],[8.31983,46.82841],[8.31903,46.82792],[8.31812,46.82827],[8.31665,46.82826],[8.31522,46.82754],[8.31479,46.82753],[8.31346,46.827],[8.31273,46.82708],[8.31201,46.82753],[8.31061,46.82761],[8.3101,46.82825],[8.3077,46.82845],[8.30605,46.82894],[8.30514,46.83063],[8.3042,46.83142],[8.30327,46.83121],[8.30348,46.83052],[8.3031,46.82975],[8.30213,46.82931],[8.30129,46.82931],[8.30091,46.82879],[8.30098,46.82737],[8.30056,46.82671],[8.3009,46.82628],[8.3006,46.82591],[8.29978,46.82663],[8.29926,46.8276],[8.2992,46.82858],[8.29849,46.82909],[8.29811,46.83027],[8.29704,46.83015],[8.29683,46.82976],[8.29702,46.82797],[8.29653,46.82769],[8.29374,46.82813],[8.29291,46.82806],[8.29253,46.82762],[8.29219,46.82656],[8.29164,46.82582],[8.29137,46.82488],[8.29093,46.82434],[8.29085,46.82337],[8.28997,46.82183],[8.28911,46.82086],[8.2886,46.81998],[8.28844,46.81907],[8.28881,46.81814],[8.28861,46.81761],[8.28895,46.81687],[8.28911,46.81583],[8.28989,46.8139],[8.2898,46.81142],[8.29128,46.81118],[8.29068,46.81044],[8.29061,46.80931],[8.28947,46.80697],[8.28889,46.80668],[8.28719,46.80682],[8.28481,46.8066],[8.28454,46.80555],[8.28486,46.80472],[8.28491,46.80329],[8.28521,46.80282],[8.28517,46.80202],[8.28472,46.80109],[8.28424,46.80074],[8.28314,46.80045],[8.28343,46.79986],[8.28414,46.79941],[8.28487,46.79837],[8.28694,46.7962],[8.28791,46.79545],[8.28996,46.79434],[8.29051,46.79368],[8.29145,46.79302],[8.29253,46.79174],[8.29242,46.7912],[8.29331,46.7899],[8.29902,46.78918],[8.30044,46.78895],[8.30165,46.7889],[8.30366,46.78863],[8.30429,46.78841],[8.30512,46.78767],[8.30645,46.78743],[8.30723,46.78593],[8.30791,46.7854],[8.30814,46.78459],[8.3088,46.78474],[8.31027,46.78545],[8.31089,46.78533],[8.31172,46.78587],[8.31253,46.7868],[8.31478,46.78805],[8.31557,46.78875],[8.31819,46.79033],[8.31894,46.79033],[8.32152,46.7912],[8.32337,46.7921],[8.32391,46.79262],[8.32476,46.793],[8.3264,46.79345],[8.32772,46.79422],[8.32985,46.79501],[8.33102,46.79575],[8.33175,46.79586],[8.33398,46.79664],[8.33432,46.78982],[8.33246,46.78329],[8.3331,46.78364],[8.33459,46.78395],[8.33563,46.78452],[8.33659,46.78457],[8.33855,46.78514],[8.34158,46.78641],[8.34335,46.7869],[8.34399,46.7874],[8.34833,46.78791],[8.35083,46.78788],[8.35212,46.78817],[8.35514,46.78859],[8.35566,46.78875],[8.35648,46.78962],[8.35723,46.78988],[8.358,46.79059],[8.35877,46.79091],[8.36033,46.79126],[8.36148,46.79228],[8.36282,46.79265],[8.36427,46.79183],[8.3665,46.79077],[8.36713,46.79002],[8.36919,46.78914],[8.36869,46.79176],[8.36892,46.79227],[8.3686,46.79317],[8.36884,46.79391],[8.36874,46.79619],[8.36852,46.79757],[8.36882,46.79835],[8.36842,46.79893],[8.36847,46.79975],[8.36941,46.80033],[8.36936,46.80141],[8.36895,46.80215],[8.3691,46.80252],[8.36838,46.80343],[8.36879,46.80395],[8.36912,46.8053],[8.36861,46.80634],[8.36895,46.80798],[8.36983,46.80852],[8.36999,46.80954],[8.37036,46.80997],[8.37026,46.81071],[8.37093,46.81196],[8.37165,46.81236],[8.37293,46.81463],[8.3732,46.81537],[8.37441,46.81697],[8.37541,46.81768],[8.37573,46.81826],[8.37533,46.81963],[8.37651,46.82115],[8.37739,46.82202],[8.377,46.82242],[8.37748,46.82301],[8.3775,46.82364],[8.37704,46.82396],[8.37698,46.82488],[8.37639,46.82602],[8.37679,46.82718],[8.37563,46.82782],[8.3753,46.82882],[8.37471,46.82932],[8.37471,46.82971],[8.37415,46.83102],[8.37328,46.83176],[8.37252,46.83216],[8.37189,46.83303],[8.37163,46.83405],[8.37087,46.83476],[8.37061,46.83602],[8.37156,46.83781],[8.37078,46.83894],[8.37049,46.83987],[8.37029,46.84134],[8.37027,46.84484],[8.37014,46.84529],[8.36895,46.84637],[8.36933,46.84766],[8.36883,46.84835],[8.36834,46.8499],[8.37068,46.85165],[8.37094,46.85277],[8.37084,46.85648],[8.37096,46.85763],[8.36964,46.85693],[8.36868,46.85686],[8.36769,46.85656],[8.36716,46.85665],[8.36586,46.85559],[8.36408,46.85628],[8.36389,46.85671],[8.36324,46.85687],[8.36195,46.85679],[8.36071,46.85638],[8.36094,46.85565],[8.36067,46.85522],[8.35973,46.85474],[8.35988,46.85405],[8.35953,46.8532],[8.35859,46.85236],[8.35796,46.85132],[8.35654,46.85089],[8.35409,46.85074],[8.35351,46.85043],[8.3522,46.85014],[8.35114,46.85009],[8.35014,46.84963],[8.34911,46.84946],[8.34741,46.84945],[8.34558,46.84989],[8.34335,46.85002],[8.34253,46.84939],[8.33928,46.84848],[8.33837,46.8475],[8.33713,46.84729],[8.33584,46.84648],[8.33378,46.84612],[8.33299,46.84555],[8.33205,46.84534],[8.32943,46.84504],[8.3285,46.84472],[8.32893,46.84366],[8.32917,46.84218],[8.33024,46.8418],[8.33102,46.84116],[8.33115,46.84037],[8.33165,46.83995],[8.33258,46.83783],[8.33226,46.83365],[8.33425,46.83378],[8.33521,46.83363],[8.33594,46.83311],[8.3357,46.83252],[8.33588,46.83183],[8.33488,46.8312],[8.33487,46.83036],[8.33521,46.82964]]]},"properties":{"_zoneType":"JAGDBANN_CH","name":"Hutstock"}},
{"type":"Feature","geometry":{"type":"Polygon","coordinates":[[[9.11177,46.99822],[9.11052,46.99858],[9.10895,46.99817],[9.1073,46.99832],[9.10609,46.99799],[9.10447,46.99838],[9.10346,46.99831],[9.10235,46.99854],[9.10091,46.99853],[9.09831,46.99763],[9.09769,46.99754],[9.09566,46.99664],[9.09398,46.9962],[9.09273,46.99617],[9.0915,46.99656],[9.0898,46.99648],[9.08801,46.99604],[9.08817,46.99562],[9.08779,46.99377],[9.08138,46.99226],[9.07947,46.99243],[9.07828,46.9919],[9.0763,46.99208],[9.07014,46.99078],[9.06957,46.99183],[9.06724,46.99167],[9.06625,46.9913],[9.06523,46.99054],[9.06454,46.98971],[9.06419,46.98654],[9.06375,46.9858],[9.06246,46.9851],[9.06031,46.985],[9.06103,46.98399],[9.0625,46.98397],[9.06188,46.98345],[9.06125,46.98249],[9.05992,46.98144],[9.05946,46.98069],[9.05785,46.97986],[9.05841,46.97894],[9.05746,46.97823],[9.05723,46.97731],[9.05597,46.97518],[9.0554,46.9745],[9.05486,46.97446],[9.05333,46.97515],[9.05205,46.97523],[9.04997,46.97507],[9.0487,46.97519],[9.04817,46.97383],[9.04622,46.97159],[9.04609,46.97124],[9.04399,46.96921],[9.04087,46.96575],[9.04182,46.96541],[9.04265,46.96536],[9.04204,46.964],[9.04026,46.96121],[9.03949,46.96046],[9.03916,46.95983],[9.03954,46.95907],[9.03965,46.95831],[9.03856,46.95683],[9.03911,46.95601],[9.03179,46.94816],[9.03112,46.94728],[9.02859,46.94429],[9.02777,46.94448],[9.02734,46.94402],[9.02691,46.94292],[9.02625,46.94247],[9.0244,46.94269],[9.02232,46.94374],[9.01975,46.94086],[9.01841,46.93896],[9.01676,46.93631],[9.01519,46.93534],[9.01382,46.93491],[9.01272,46.93364],[9.01137,46.93124],[9.0101,46.93014],[9.00832,46.92907],[9.00568,46.92823],[9.00536,46.9279],[9.00664,46.92684],[9.00729,46.92662],[9.00759,46.9261],[9.01095,46.92341],[9.01171,46.92198],[9.01272,46.92125],[9.01364,46.92124],[9.01446,46.92011],[9.01586,46.91983],[9.01717,46.91981],[9.01808,46.91927],[9.01881,46.91923],[9.01934,46.91862],[9.02044,46.91825],[9.02113,46.91779],[9.02131,46.91731],[9.02244,46.91685],[9.02408,46.91651],[9.02557,46.91589],[9.02728,46.91545],[9.02764,46.91491],[9.02898,46.91371],[9.0305,46.9127],[9.03072,46.91217],[9.03246,46.91059],[9.03269,46.90965],[9.03418,46.90873],[9.03626,46.90681],[9.03697,46.90645],[9.03788,46.9052],[9.0388,46.90463],[9.03915,46.90389],[9.04089,46.90303],[9.04123,46.90213],[9.04119,46.90159],[9.04065,46.90015],[9.04114,46.89941],[9.04092,46.8988],[9.04145,46.89749],[9.04208,46.89683],[9.04237,46.89604],[9.04057,46.89578],[9.03951,46.89518],[9.03705,46.89474],[9.03501,46.89412],[9.03188,46.89242],[9.03089,46.89211],[9.02873,46.89236],[9.02774,46.89219],[9.02781,46.89089],[9.02838,46.88936],[9.0295,46.88817],[9.02933,46.88714],[9.02895,46.88652],[9.02888,46.88563],[9.02736,46.88445],[9.02707,46.88396],[9.02713,46.88291],[9.02681,46.88222],[9.02623,46.87985],[9.02649,46.87842],[9.02643,46.8775],[9.02827,46.87674],[9.02934,46.87554],[9.02985,46.87478],[9.03086,46.87413],[9.03186,46.87231],[9.03233,46.87184],[9.03257,46.87088],[9.03362,46.87085],[9.03566,46.87023],[9.03615,46.86976],[9.0375,46.86907],[9.03862,46.86798],[9.04051,46.86742],[9.04191,46.86665],[9.04444,46.86601],[9.04519,46.86496],[9.04573,46.8656],[9.04656,46.86593],[9.04737,46.86657],[9.04837,46.86708],[9.05031,46.86747],[9.05153,46.86755],[9.05266,46.86807],[9.05471,46.86843],[9.05579,46.86951],[9.05725,46.87012],[9.0578,46.87115],[9.06133,46.87396],[9.06454,46.87517],[9.06449,46.87603],[9.06485,46.87634],[9.06555,46.87972],[9.06503,46.88034],[9.06451,46.88184],[9.06476,46.88296],[9.06542,46.8837],[9.06474,46.88504],[9.06516,46.88572],[9.06471,46.88658],[9.06615,46.88763],[9.06693,46.88838],[9.06725,46.88907],[9.0684,46.88967],[9.06842,46.89019],[9.06915,46.89155],[9.06913,46.89193],[9.0698,46.89314],[9.06942,46.89348],[9.06918,46.89536],[9.06831,46.8958],[9.06832,46.89676],[9.06746,46.89792],[9.06698,46.89968],[9.06637,46.90033],[9.06587,46.90161],[9.06591,46.90259],[9.0668,46.90312],[9.06882,46.90388],[9.06941,46.90421],[9.07039,46.90556],[9.07165,46.90622],[9.0731,46.90768],[9.07302,46.90811],[9.07431,46.90942],[9.07402,46.90998],[9.07547,46.9109],[9.07734,46.91178],[9.07839,46.91284],[9.07959,46.91308],[9.08056,46.91382],[9.09214,46.91109],[9.09281,46.91171],[9.0935,46.91195],[9.09408,46.91266],[9.10186,46.91055],[9.1044,46.91093],[9.10531,46.91422],[9.10779,46.9144],[9.10969,46.9139],[9.11113,46.91378],[9.11268,46.91317],[9.11585,46.91255],[9.11727,46.91169],[9.11887,46.91146],[9.12008,46.91076],[9.12246,46.91042],[9.12349,46.91067],[9.12583,46.91071],[9.12594,46.91094],[9.12452,46.91365],[9.12425,46.91465],[9.12361,46.91521],[9.12398,46.91551],[9.12544,46.91554],[9.1281,46.91467],[9.1293,46.916],[9.12899,46.9178],[9.12861,46.91918],[9.12851,46.92179],[9.12888,46.92233],[9.12787,46.92333],[9.12663,46.92397],[9.12478,46.92548],[9.12452,46.92605],[9.12375,46.92626],[9.12344,46.92705],[9.12142,46.92763],[9.12088,46.92802],[9.12094,46.92888],[9.12049,46.92914],[9.12079,46.92983],[9.12094,46.93091],[9.12063,46.93177],[9.12095,46.93246],[9.12054,46.93305],[9.12132,46.93344],[9.12364,46.93318],[9.12433,46.9335],[9.12514,46.93332],[9.12646,46.93419],[9.12861,46.93412],[9.12881,46.93445],[9.12978,46.93484],[9.13091,46.93454],[9.13194,46.93474],[9.13291,46.93402],[9.13461,46.93356],[9.13664,46.93285],[9.13748,46.93182],[9.13821,46.93145],[9.13905,46.93017],[9.14103,46.93],[9.14291,46.92966],[9.14417,46.92983],[9.14697,46.92983],[9.14768,46.92943],[9.14832,46.93006],[9.1485,46.93062],[9.14959,46.93093],[9.15006,46.9315],[9.15125,46.93184],[9.15294,46.9321],[9.15484,46.93212],[9.15734,46.93168],[9.15804,46.93175],[9.15966,46.9314],[9.16065,46.93144],[9.16181,46.93107],[9.1641,46.93111],[9.16549,46.93086],[9.16643,46.93102],[9.16836,46.93093],[9.16968,46.93148],[9.17081,46.93259],[9.17013,46.93382],[9.17048,46.93564],[9.1704,46.9364],[9.1694,46.94009],[9.16927,46.94096],[9.16961,46.94196],[9.17164,46.94456],[9.17174,46.94532],[9.17129,46.94664],[9.17058,46.95039],[9.17061,46.95113],[9.17113,46.95377],[9.17127,46.95497],[9.17149,46.95524],[9.17058,46.95646],[9.1692,46.95731],[9.16901,46.95807],[9.16793,46.96425],[9.16758,46.96575],[9.16705,46.96702],[9.16595,46.96847],[9.16451,46.96991],[9.15713,46.97564],[9.15312,46.97789],[9.15066,46.97948],[9.14856,46.98025],[9.146,46.98202],[9.14509,46.98339],[9.14251,46.9863],[9.14134,46.98688],[9.13974,46.98736],[9.13885,46.98713],[9.13799,46.98751],[9.13696,46.98834],[9.13664,46.98896],[9.13545,46.98977],[9.135,46.98987],[9.13331,46.99141],[9.13154,46.99202],[9.13072,46.9928],[9.12903,46.99377],[9.12749,46.99448],[9.12637,46.99483],[9.12505,46.99566],[9.12371,46.99587],[9.12288,46.99653],[9.1217,46.99698],[9.12101,46.99682],[9.11888,46.99756],[9.11786,46.99729],[9.11574,46.99811],[9.11484,46.99808],[9.11381,46.99765],[9.11247,46.99764],[9.11177,46.99822]]]},"properties":{"_zoneType":"JAGDBANN_CH","name":"Kärpf"}},
{"type":"Feature","geometry":{"type":"Polygon","coordinates":[[[9.12534,47.04817],[9.12443,47.04853],[9.12276,47.04839],[9.12232,47.04819],[9.12156,47.04856],[9.12,47.04801],[9.11825,47.04758],[9.11596,47.04656],[9.1138,47.04504],[9.11156,47.04476],[9.1109,47.04501],[9.10211,47.04647],[9.0967,47.04684],[9.09564,47.04706],[9.09409,47.04702],[9.09216,47.04723],[9.08887,47.04798],[9.08839,47.04818],[9.08645,47.04826],[9.08666,47.04689],[9.08545,47.04644],[9.08463,47.04649],[9.08274,47.04697],[9.08167,47.04695],[9.08107,47.04714],[9.07834,47.04656],[9.07731,47.04602],[9.07677,47.04529],[9.0776,47.0438],[9.07763,47.04319],[9.07453,47.04394],[9.07377,47.0436],[9.07434,47.04325],[9.07505,47.04321],[9.07584,47.0424],[9.07613,47.04146],[9.07745,47.04074],[9.07931,47.03991],[9.08089,47.03959],[9.08126,47.03937],[9.08323,47.03949],[9.08352,47.0386],[9.08396,47.03818],[9.08361,47.0378],[9.08395,47.03704],[9.08405,47.03609],[9.08368,47.03567],[9.08422,47.03489],[9.08534,47.03401],[9.08607,47.03279],[9.08609,47.03202],[9.08665,47.03103],[9.08742,47.03038],[9.08783,47.02951],[9.08752,47.02892],[9.0877,47.02813],[9.08853,47.02788],[9.08852,47.02728],[9.08716,47.02735],[9.08429,47.02819],[9.0828,47.02798],[9.08287,47.02659],[9.08221,47.02461],[9.08234,47.02372],[9.08334,47.02323],[9.08358,47.02278],[9.08356,47.02156],[9.08392,47.02034],[9.08439,47.0196],[9.08517,47.01786],[9.08617,47.01717],[9.08621,47.01668],[9.08475,47.01586],[9.08455,47.0152],[9.08468,47.01424],[9.08361,47.01285],[9.08397,47.01216],[9.08457,47.01183],[9.08469,47.01133],[9.08333,47.00807],[9.08268,47.00778],[9.08277,47.00738],[9.08399,47.0076],[9.08437,47.00802],[9.08506,47.008],[9.0857,47.00836],[9.08705,47.00849],[9.08762,47.00941],[9.08856,47.00939],[9.08914,47.00815],[9.08976,47.00794],[9.09039,47.00857],[9.09115,47.00773],[9.09213,47.00869],[9.09275,47.00901],[9.09339,47.00972],[9.09422,47.01011],[9.09489,47.01069],[9.09512,47.01149],[9.09594,47.01143],[9.09805,47.01168],[9.09786,47.01081],[9.09933,47.0107],[9.10081,47.0115],[9.10302,47.011],[9.10245,47.01054],[9.10163,47.0094],[9.10232,47.00907],[9.10355,47.00906],[9.10454,47.00934],[9.10537,47.01053],[9.10642,47.01082],[9.10751,47.01161],[9.10832,47.01186],[9.10972,47.01192],[9.11037,47.01241],[9.11125,47.01238],[9.11202,47.01204],[9.1143,47.01232],[9.11212,47.01279],[9.11289,47.01331],[9.11116,47.01407],[9.11302,47.0149],[9.11383,47.01548],[9.1137,47.01649],[9.11455,47.01736],[9.11516,47.01858],[9.1161,47.01933],[9.11622,47.01977],[9.11786,47.02064],[9.11982,47.02189],[9.12125,47.02338],[9.12242,47.02374],[9.12303,47.02476],[9.12281,47.02614],[9.12238,47.0265],[9.1226,47.0271],[9.12343,47.02732],[9.12332,47.02792],[9.12422,47.02857],[9.12452,47.0291],[9.12513,47.03138],[9.12508,47.03185],[9.13388,47.03423],[9.13809,47.03913],[9.13072,47.04074],[9.13012,47.04136],[9.12884,47.04223],[9.12853,47.04328],[9.128,47.04364],[9.12752,47.04467],[9.12763,47.04582],[9.12682,47.04675],[9.12655,47.04757],[9.12616,47.04795],[9.12534,47.04817]]]},"properties":{"_zoneType":"JAGDBANN_CH","name":"Schilt"}},
{"type":"Feature","geometry":{"type":"Polygon","coordinates":[[[9.03772,47.07934],[9.03722,47.07945],[9.03548,47.08068],[9.03504,47.0815],[9.03409,47.08252],[9.03412,47.08287],[9.03273,47.08378],[9.03158,47.08375],[9.02864,47.08417],[9.02716,47.08529],[9.02402,47.08504],[9.02008,47.08541],[9.01863,47.08464],[9.01621,47.08486],[9.01564,47.08513],[9.01559,47.08603],[9.01483,47.08601],[9.01339,47.08556],[9.01238,47.08553],[9.00907,47.08488],[9.00848,47.08525],[9.00884,47.08582],[9.00843,47.08643],[9.00822,47.08741],[9.00555,47.08692],[9.00288,47.08602],[9.00161,47.08527],[9.00037,47.08491],[8.99804,47.0839],[8.99744,47.08355],[8.997,47.08204],[8.99593,47.08137],[8.9955,47.08087],[8.99443,47.08141],[8.9938,47.08114],[8.99306,47.0801],[8.99246,47.07963],[8.99153,47.07945],[8.9904,47.07813],[8.98908,47.07718],[8.98842,47.07649],[8.98783,47.07648],[8.98718,47.07605],[8.98696,47.07546],[8.98499,47.07459],[8.98446,47.07373],[8.98334,47.07381],[8.98222,47.07363],[8.98122,47.07284],[8.98119,47.07241],[8.98014,47.07182],[8.97956,47.07181],[8.97803,47.07108],[8.97722,47.06952],[8.97661,47.06929],[8.97594,47.06852],[8.97596,47.06749],[8.97531,47.06663],[8.97482,47.06558],[8.97395,47.06498],[8.97078,47.06421],[8.96918,47.06279],[8.96844,47.06255],[8.96704,47.06244],[8.96607,47.06273],[8.96466,47.06222],[8.96496,47.06139],[8.96586,47.06064],[8.96775,47.0605],[8.96809,47.06026],[8.97054,47.06018],[8.97155,47.06039],[8.9737,47.06054],[8.97587,47.06035],[8.97712,47.06063],[8.97822,47.0607],[8.9789,47.06101],[8.98088,47.06117],[8.98237,47.06115],[8.98458,47.06087],[8.98636,47.0599],[8.9903,47.05903],[8.99105,47.05903],[8.9923,47.05949],[8.99352,47.05961],[8.99464,47.06],[8.99592,47.06006],[8.99771,47.06038],[9.00035,47.06039],[9.00228,47.06084],[9.00416,47.06076],[9.00485,47.06058],[9.00593,47.06085],[9.00688,47.06084],[9.00932,47.06134],[9.01083,47.0618],[9.01179,47.06234],[9.01358,47.06264],[9.01521,47.06309],[9.02024,47.06406],[9.02148,47.06461],[9.02372,47.06507],[9.02566,47.06532],[9.0264,47.06579],[9.02716,47.06753],[9.02809,47.06867],[9.02801,47.07057],[9.02844,47.07139],[9.02956,47.07214],[9.03149,47.07262],[9.03209,47.07298],[9.03267,47.07368],[9.0337,47.07442],[9.03451,47.07478],[9.03536,47.0761],[9.03549,47.07712],[9.03663,47.07797],[9.03772,47.07934]]]},"properties":{"_zoneType":"JAGDBANN_CH","name":"Rauti-Tros"}},
{"type":"Feature","geometry":{"type":"Polygon","coordinates":[[[9.35792,47.00154],[9.35729,47.0016],[9.35483,47],[9.35451,46.99908],[9.35315,46.99824],[9.35275,46.99719],[9.35202,46.99636],[9.35098,46.99626],[9.34979,46.99544],[9.34841,46.99487],[9.34783,46.9941],[9.34703,46.9935],[9.34877,46.99349],[9.34945,46.99299],[9.34846,46.99227],[9.34937,46.99218],[9.3506,46.9915],[9.34964,46.99116],[9.34921,46.99016],[9.34907,46.98912],[9.34864,46.98861],[9.3473,46.98823],[9.34677,46.9875],[9.34717,46.986],[9.34704,46.98517],[9.34836,46.98415],[9.34743,46.98397],[9.3456,46.98403],[9.34362,46.98539],[9.34124,46.98508],[9.34075,46.98488],[9.3405,46.98598],[9.34002,46.98673],[9.33947,46.98834],[9.33889,46.9887],[9.33809,46.98868],[9.33669,46.98831],[9.33301,46.98845],[9.33129,46.98832],[9.33064,46.98791],[9.32829,46.98768],[9.32724,46.98746],[9.3263,46.98666],[9.32448,46.9866],[9.32352,46.98674],[9.32148,46.98654],[9.32004,46.98584],[9.31867,46.98535],[9.31788,46.98465],[9.31553,46.98346],[9.3148,46.98332],[9.3135,46.98263],[9.31125,46.98235],[9.30966,46.98121],[9.3093,46.98078],[9.30819,46.98041],[9.30816,46.9796],[9.30619,46.97839],[9.30555,46.97756],[9.30508,46.97738],[9.30342,46.97723],[9.30328,46.97659],[9.30261,46.97619],[9.30184,46.97639],[9.30107,46.97624],[9.30048,46.97643],[9.29881,46.97526],[9.29738,46.9753],[9.29634,46.97491],[9.2953,46.97403],[9.29432,46.97374],[9.2938,46.97383],[9.292,46.97319],[9.29118,46.97321],[9.28889,46.97252],[9.28656,46.97287],[9.28526,46.97251],[9.28394,46.97236],[9.28336,46.97204],[9.28258,46.9723],[9.28167,46.97195],[9.28063,46.97217],[9.28009,46.97207],[9.27927,46.97245],[9.27829,46.97249],[9.27768,46.9721],[9.27777,46.9711],[9.27673,46.97033],[9.2751,46.96981],[9.27346,46.96861],[9.27361,46.96808],[9.27324,46.96692],[9.27185,46.96629],[9.2711,46.96549],[9.26923,46.965],[9.26833,46.96417],[9.2682,46.9635],[9.26758,46.96294],[9.2676,46.96196],[9.26686,46.9611],[9.26609,46.96118],[9.26557,46.96064],[9.26596,46.95958],[9.26558,46.95898],[9.26575,46.95755],[9.26548,46.95679],[9.26556,46.95536],[9.26539,46.95427],[9.26561,46.95232],[9.26584,46.95127],[9.26558,46.95026],[9.26504,46.94943],[9.26474,46.94836],[9.26485,46.94713],[9.26447,46.94603],[9.26536,46.94506],[9.26712,46.94519],[9.26798,46.94513],[9.26996,46.94557],[9.27263,46.94643],[9.27428,46.94677],[9.2768,46.94681],[9.27769,46.94727],[9.27864,46.948],[9.28055,46.94912],[9.28202,46.94928],[9.28377,46.9488],[9.28516,46.94888],[9.28635,46.94954],[9.2872,46.94895],[9.28973,46.94824],[9.2903,46.94788],[9.29196,46.9472],[9.29295,46.94629],[9.29358,46.94528],[9.29381,46.94453],[9.29319,46.9423],[9.29434,46.94127],[9.29562,46.94104],[9.29702,46.94113],[9.29861,46.94157],[9.30208,46.93935],[9.3041,46.9394],[9.30581,46.93921],[9.30739,46.9385],[9.30824,46.93849],[9.30945,46.93763],[9.31046,46.93602],[9.3108,46.93508],[9.31127,46.93302],[9.31094,46.93184],[9.31149,46.9305],[9.31154,46.92896],[9.31285,46.92792],[9.31466,46.92581],[9.31559,46.92554],[9.31661,46.9249],[9.31711,46.92425],[9.31854,46.92425],[9.31998,46.92542],[9.32233,46.92609],[9.3232,46.92592],[9.32481,46.92602],[9.32558,46.9262],[9.32721,46.92536],[9.32753,46.92499],[9.3285,46.92456],[9.32942,46.92385],[9.3306,46.9237],[9.33109,46.92335],[9.33229,46.92313],[9.333,46.92323],[9.33352,46.92295],[9.3349,46.92294],[9.33706,46.92268],[9.3391,46.92293],[9.34061,46.92364],[9.34163,46.92364],[9.34241,46.92338],[9.34277,46.92286],[9.34291,46.92205],[9.34516,46.92142],[9.34674,46.92116],[9.34856,46.92122],[9.34986,46.92163],[9.35102,46.92116],[9.35188,46.92109],[9.35283,46.92072],[9.35469,46.92061],[9.35642,46.92013],[9.35822,46.92035],[9.35999,46.91966],[9.36195,46.91958],[9.36337,46.91912],[9.36434,46.91934],[9.36528,46.91864],[9.36601,46.91765],[9.36721,46.91733],[9.36889,46.91658],[9.37169,46.91623],[9.37308,46.91636],[9.37378,46.91626],[9.37477,46.91575],[9.37659,46.91518],[9.3776,46.91522],[9.37942,46.91488],[9.37997,46.91452],[9.38142,46.91414],[9.38395,46.91403],[9.38489,46.91413],[9.38603,46.91454],[9.38817,46.91452],[9.38996,46.91427],[9.39173,46.91392],[9.39294,46.91432],[9.39315,46.91484],[9.39259,46.91563],[9.3933,46.91657],[9.39449,46.91682],[9.39544,46.91727],[9.39544,46.91772],[9.39441,46.91863],[9.39277,46.91941],[9.39235,46.91981],[9.39296,46.92087],[9.39364,46.92146],[9.3931,46.92171],[9.39053,46.92224],[9.38915,46.92352],[9.38851,46.92465],[9.38811,46.92569],[9.38681,46.92697],[9.38648,46.92765],[9.38579,46.92838],[9.38537,46.92915],[9.38447,46.92999],[9.38366,46.93135],[9.38281,46.93211],[9.38199,46.93395],[9.38055,46.93538],[9.37989,46.93617],[9.37886,46.93815],[9.37733,46.93924],[9.37625,46.93985],[9.37602,46.94052],[9.37642,46.94137],[9.37649,46.94327],[9.37605,46.94411],[9.377,46.94489],[9.37727,46.94541],[9.37812,46.94595],[9.37781,46.94634],[9.37797,46.94696],[9.37845,46.94731],[9.37816,46.94826],[9.37834,46.95031],[9.37746,46.95088],[9.37759,46.95163],[9.37826,46.95225],[9.37841,46.95294],[9.37937,46.95419],[9.37943,46.95471],[9.38019,46.95528],[9.38043,46.9559],[9.38241,46.95633],[9.38309,46.95716],[9.38469,46.95728],[9.38571,46.95749],[9.38698,46.95808],[9.38754,46.95811],[9.38907,46.9576],[9.39026,46.95771],[9.39183,46.95939],[9.39256,46.95951],[9.39375,46.96005],[9.39513,46.96031],[9.39627,46.96099],[9.39642,46.96152],[9.39764,46.96244],[9.3979,46.9642],[9.39858,46.96528],[9.39837,46.9659],[9.39971,46.96735],[9.4001,46.96866],[9.39927,46.9696],[9.39935,46.97015],[9.39842,46.97104],[9.39572,46.97224],[9.39501,46.97274],[9.39496,46.97379],[9.39442,46.97383],[9.39314,46.9748],[9.3923,46.97562],[9.3903,46.97586],[9.3892,46.97625],[9.38833,46.97685],[9.38699,46.97707],[9.3859,46.97756],[9.38536,46.97813],[9.38217,46.97808],[9.37954,46.97865],[9.37813,46.97973],[9.37799,46.9805],[9.37752,46.98075],[9.37724,46.98141],[9.37614,46.98224],[9.37511,46.9837],[9.37424,46.98425],[9.37334,46.98506],[9.37175,46.98702],[9.37081,46.98754],[9.37064,46.98847],[9.37064,46.98983],[9.37042,46.99055],[9.37063,46.9911],[9.37052,46.99197],[9.36902,46.99301],[9.36932,46.99361],[9.36904,46.99404],[9.36823,46.99443],[9.36828,46.99516],[9.36796,46.99636],[9.36713,46.99703],[9.36656,46.99826],[9.36579,46.99877],[9.36508,46.99877],[9.36379,46.99918],[9.36344,46.99961],[9.36026,47.00089],[9.359,47.00156],[9.35792,47.00154]]]},"properties":{"_zoneType":"JAGDBANN_CH","name":"Graue Hörner"}},
{"type":"Feature","geometry":{"type":"Polygon","coordinates":[[[9.38439,47.29214],[9.38534,47.2927],[9.38626,47.29288],[9.38604,47.29346],[9.38752,47.29386],[9.38679,47.29413],[9.38595,47.29393],[9.385,47.2941],[9.38438,47.29467],[9.3834,47.29448],[9.38313,47.29496],[9.38226,47.29525],[9.38171,47.29591],[9.3809,47.29647],[9.38105,47.2969],[9.38027,47.29744],[9.37902,47.29912],[9.37756,47.2999],[9.37435,47.30052],[9.37294,47.30062],[9.37183,47.30094],[9.37079,47.30071],[9.36974,47.30134],[9.36783,47.30151],[9.36654,47.30094],[9.36569,47.30085],[9.3634,47.30023],[9.36169,47.29998],[9.35915,47.299],[9.35785,47.29837],[9.35684,47.29693],[9.35248,47.29596],[9.35239,47.29556],[9.35098,47.29506],[9.34996,47.29489],[9.34922,47.295],[9.34735,47.29475],[9.34627,47.2948],[9.34394,47.29433],[9.34414,47.29535],[9.34491,47.29597],[9.34409,47.29676],[9.34356,47.29624],[9.34125,47.29523],[9.33979,47.29477],[9.33936,47.29441],[9.33673,47.29348],[9.33449,47.29298],[9.33283,47.29238],[9.33162,47.29209],[9.32951,47.29142],[9.32814,47.29159],[9.32903,47.2907],[9.32828,47.28789],[9.32836,47.28703],[9.32739,47.28515],[9.3262,47.28417],[9.32457,47.28376],[9.32361,47.28294],[9.32199,47.28372],[9.32174,47.28428],[9.32095,47.28423],[9.31962,47.28508],[9.31887,47.28609],[9.31709,47.28597],[9.31347,47.28607],[9.31182,47.28627],[9.31032,47.28626],[9.30816,47.28643],[9.3071,47.28633],[9.30459,47.28542],[9.3034,47.28411],[9.30212,47.28352],[9.30173,47.28305],[9.30015,47.28209],[9.29976,47.2812],[9.29987,47.28017],[9.30065,47.27972],[9.30018,47.27917],[9.30098,47.27865],[9.30041,47.2783],[9.29935,47.27714],[9.29854,47.27653],[9.29441,47.27414],[9.29316,47.2737],[9.29235,47.2728],[9.29437,47.27238],[9.29523,47.2719],[9.297,47.27225],[9.29783,47.27096],[9.29864,47.27014],[9.29971,47.26973],[9.30077,47.26954],[9.30054,47.26912],[9.29933,47.26865],[9.29916,47.26828],[9.29998,47.26729],[9.30084,47.26697],[9.30169,47.26635],[9.30185,47.2656],[9.30406,47.26358],[9.30532,47.26184],[9.3062,47.26115],[9.3091,47.2603],[9.31046,47.25926],[9.31149,47.25897],[9.31176,47.25864],[9.31281,47.25843],[9.31389,47.25711],[9.31516,47.25652],[9.31631,47.25645],[9.31746,47.25595],[9.31799,47.25537],[9.32374,47.24702],[9.32441,47.2476],[9.32521,47.24765],[9.32844,47.24879],[9.32964,47.24886],[9.33154,47.24928],[9.33235,47.24963],[9.34071,47.24901],[9.34258,47.24946],[9.34426,47.24939],[9.34499,47.24854],[9.34645,47.24882],[9.34766,47.24878],[9.34887,47.2484],[9.35035,47.24866],[9.35087,47.24904],[9.35197,47.24907],[9.35234,47.24932],[9.3537,47.24931],[9.35567,47.2496],[9.35865,47.24992],[9.35825,47.24939],[9.35976,47.24959],[9.36018,47.24947],[9.36152,47.24977],[9.36237,47.24969],[9.36465,47.25045],[9.36843,47.25113],[9.37009,47.25173],[9.37081,47.25226],[9.37512,47.25467],[9.37694,47.2549],[9.37875,47.25581],[9.38052,47.25701],[9.38163,47.25737],[9.38187,47.25777],[9.38271,47.25823],[9.38195,47.25864],[9.38173,47.25971],[9.38073,47.2602],[9.38024,47.26065],[9.38119,47.26085],[9.38004,47.26389],[9.3787,47.26495],[9.37802,47.2658],[9.37727,47.26642],[9.37586,47.26706],[9.37516,47.26804],[9.37269,47.26835],[9.37175,47.26867],[9.37094,47.26951],[9.36904,47.27019],[9.36771,47.27038],[9.36651,47.27249],[9.36641,47.27401],[9.36671,47.2746],[9.36761,47.27534],[9.368,47.27592],[9.36792,47.27649],[9.36845,47.27671],[9.36873,47.27755],[9.37066,47.27929],[9.37004,47.28021],[9.37065,47.28055],[9.37018,47.28109],[9.37111,47.28174],[9.37182,47.28197],[9.37184,47.28285],[9.37246,47.28408],[9.37339,47.28427],[9.37426,47.28527],[9.37523,47.28544],[9.37628,47.28606],[9.3779,47.28657],[9.37883,47.28709],[9.37917,47.28775],[9.38076,47.28848],[9.38123,47.28851],[9.38257,47.28935],[9.3849,47.29002],[9.38525,47.29051],[9.38439,47.29214]]]},"properties":{"_zoneType":"JAGDBANN_CH","name":"Säntis"}},
{"type":"Feature","geometry":{"type":"MultiPolygon","coordinates":[[[[9.92452,46.48606],[9.92299,46.48653],[9.92118,46.48617],[9.91869,46.48464],[9.91785,46.48391],[9.91692,46.48278],[9.91566,46.48197],[9.91587,46.48171],[9.91765,46.48123],[9.91797,46.48088],[9.91945,46.48042],[9.92165,46.47897],[9.92262,46.47757],[9.92364,46.47658],[9.92412,46.47529],[9.92532,46.47434],[9.92656,46.47392],[9.92723,46.47348],[9.92791,46.47244],[9.92775,46.47206],[9.93022,46.4703],[9.93048,46.46973],[9.93153,46.46885],[9.93331,46.46795],[9.93405,46.46704],[9.93531,46.46648],[9.93564,46.46572],[9.93866,46.46384],[9.941,46.46196],[9.94186,46.45983],[9.94182,46.45933],[9.94248,46.45801],[9.94251,46.45764],[9.94359,46.45729],[9.944,46.45645],[9.9445,46.45617],[9.94483,46.45539],[9.94576,46.45482],[9.94643,46.45391],[9.94909,46.45299],[9.95028,46.45245],[9.95134,46.4526],[9.95263,46.45228],[9.95352,46.45108],[9.95441,46.45035],[9.95694,46.44893],[9.95824,46.44857],[9.9634,46.44742],[9.96625,46.44666],[9.96731,46.44622],[9.9689,46.44631],[9.97049,46.44625],[9.97148,46.44593],[9.97352,46.44457],[9.97485,46.44419],[9.97556,46.44368],[9.97741,46.44351],[9.97716,46.4442],[9.97813,46.44466],[9.97917,46.44481],[9.98045,46.44538],[9.98088,46.4464],[9.9821,46.44716],[9.98263,46.44811],[9.98327,46.44883],[9.98458,46.45082],[9.98507,46.4518],[9.98579,46.45274],[9.98754,46.45462],[9.98785,46.45545],[9.98823,46.45746],[9.98864,46.45797],[9.98848,46.4587],[9.98724,46.4592],[9.98708,46.45947],[9.98574,46.46024],[9.9841,46.46179],[9.98336,46.4621],[9.98232,46.46208],[9.98206,46.46251],[9.98136,46.46269],[9.98084,46.46241],[9.9798,46.46253],[9.9796,46.46195],[9.97884,46.46094],[9.97804,46.46115],[9.97788,46.46298],[9.97761,46.46381],[9.97751,46.4652],[9.97774,46.46581],[9.97633,46.46726],[9.97579,46.46917],[9.97498,46.46983],[9.97355,46.47044],[9.97233,46.47068],[9.96999,46.47078],[9.96905,46.47148],[9.96811,46.47119],[9.96493,46.47095],[9.96319,46.47143],[9.96014,46.47244],[9.95741,46.47357],[9.95467,46.47442],[9.95398,46.47483],[9.95211,46.47637],[9.95153,46.47718],[9.95018,46.47782],[9.94959,46.47851],[9.94889,46.47854],[9.94763,46.47819],[9.94716,46.47832],[9.94578,46.47812],[9.94416,46.47874],[9.94417,46.47927],[9.94357,46.47973],[9.94256,46.47991],[9.94043,46.48088],[9.93989,46.48134],[9.93854,46.48163],[9.93734,46.48215],[9.93659,46.48197],[9.93624,46.48235],[9.93464,46.48282],[9.93326,46.48367],[9.93216,46.48394],[9.92949,46.4852],[9.9279,46.48585],[9.92582,46.48578],[9.92452,46.48606]]],[[[9.90511,46.48593],[9.90504,46.4862],[9.90372,46.48644],[9.90279,46.48698],[9.90205,46.48792],[9.90031,46.4881],[9.8996,46.48777],[9.89905,46.48632],[9.89837,46.48597],[9.8973,46.48629],[9.89736,46.48546],[9.89782,46.48456],[9.89755,46.48399],[9.896,46.48364],[9.89537,46.4825],[9.89424,46.48168],[9.89324,46.48116],[9.8923,46.48028],[9.89201,46.4791],[9.89105,46.47845],[9.89059,46.47739],[9.88981,46.47665],[9.88957,46.47557],[9.88905,46.47498],[9.88901,46.47401],[9.88749,46.47335],[9.88731,46.47285],[9.88621,46.47226],[9.88598,46.47163],[9.88633,46.47006],[9.8858,46.46915],[9.88514,46.46892],[9.88485,46.46843],[9.88534,46.46775],[9.88558,46.4663],[9.88509,46.46571],[9.88502,46.46433],[9.88404,46.46279],[9.88365,46.46191],[9.88335,46.45979],[9.8819,46.45919],[9.88185,46.45849],[9.88125,46.45724],[9.88044,46.45628],[9.87896,46.45563],[9.87845,46.45503],[9.87797,46.45373],[9.87702,46.45322],[9.8765,46.4523],[9.87661,46.45157],[9.87644,46.45064],[9.8769,46.4497],[9.87639,46.44843],[9.87566,46.44782],[9.8755,46.44713],[9.87493,46.44659],[9.87446,46.44574],[9.87436,46.44469],[9.8736,46.44313],[9.87323,46.44268],[9.87264,46.44128],[9.87207,46.44041],[9.87101,46.43817],[9.87088,46.43728],[9.86986,46.4369],[9.86851,46.43617],[9.86792,46.43564],[9.86733,46.43434],[9.86619,46.433],[9.86621,46.43264],[9.8656,46.43191],[9.86554,46.43128],[9.8645,46.43057],[9.8637,46.42961],[9.86345,46.42879],[9.86337,46.42719],[9.86421,46.42543],[9.86362,46.42396],[9.86277,46.42242],[9.86234,46.42087],[9.8619,46.42025],[9.86145,46.41875],[9.86086,46.41782],[9.86019,46.4173],[9.85922,46.41689],[9.85667,46.41541],[9.85651,46.41411],[9.85555,46.41382],[9.85524,46.41295],[9.85468,46.41267],[9.8546,46.41158],[9.85334,46.41069],[9.85337,46.40993],[9.854,46.40851],[9.85336,46.40801],[9.85333,46.40569],[9.8495,46.40035],[9.84852,46.39801],[9.84743,46.39569],[9.84719,46.3947],[9.84671,46.39392],[9.84607,46.39207],[9.84619,46.39149],[9.84567,46.38776],[9.84539,46.38696],[9.84524,46.38572],[9.84543,46.38357],[9.84607,46.38294],[9.84903,46.38097],[9.84953,46.38077],[9.85075,46.37969],[9.85241,46.37871],[9.85608,46.37608],[9.8575,46.37538],[9.85995,46.37364],[9.86354,46.37145],[9.86691,46.36971],[9.86834,46.36866],[9.86931,46.36822],[9.87168,46.36683],[9.8748,46.36551],[9.8784,46.36739],[9.87875,46.36767],[9.88029,46.36819],[9.88248,46.3701],[9.88257,46.37048],[9.88356,46.37159],[9.88388,46.37219],[9.88386,46.37342],[9.88485,46.37348],[9.88614,46.37324],[9.88865,46.37382],[9.88965,46.37434],[9.89392,46.37568],[9.89445,46.37603],[9.89631,46.37676],[9.89792,46.37672],[9.89834,46.37658],[9.90026,46.37756],[9.9003,46.37802],[9.90155,46.3788],[9.90295,46.37941],[9.90381,46.37954],[9.90641,46.38075],[9.90741,46.38091],[9.90802,46.38229],[9.91099,46.38382],[9.91324,46.38478],[9.91692,46.38662],[9.92133,46.38858],[9.92195,46.38998],[9.92243,46.40591],[9.92303,46.40795],[9.92413,46.4106],[9.92576,46.41303],[9.92657,46.41454],[9.92678,46.41561],[9.92666,46.416],[9.92681,46.4174],[9.92646,46.41918],[9.92616,46.41981],[9.92665,46.42082],[9.92697,46.42257],[9.92682,46.42384],[9.92717,46.42495],[9.92708,46.4259],[9.92749,46.4284],[9.9271,46.42863],[9.92796,46.4302],[9.92792,46.43148],[9.92864,46.43299],[9.92915,46.4347],[9.93015,46.43606],[9.93028,46.43672],[9.93152,46.43875],[9.93173,46.43988],[9.93236,46.44078],[9.93413,46.44279],[9.93469,46.44313],[9.93542,46.44421],[9.93673,46.44487],[9.9372,46.44559],[9.93687,46.44653],[9.93711,46.44705],[9.93642,46.44907],[9.93493,46.45054],[9.93466,46.45206],[9.93396,46.45333],[9.93314,46.45433],[9.93307,46.45516],[9.93262,46.45652],[9.93281,46.45697],[9.93172,46.4582],[9.93016,46.4592],[9.92796,46.46176],[9.92746,46.46201],[9.92611,46.46354],[9.92478,46.46478],[9.92442,46.46543],[9.92351,46.46827],[9.92299,46.46859],[9.92224,46.47046],[9.9215,46.4709],[9.92063,46.4718],[9.92011,46.47267],[9.92011,46.47317],[9.91891,46.47451],[9.91805,46.47482],[9.9174,46.47583],[9.91736,46.47683],[9.91681,46.47847],[9.91512,46.48006],[9.91377,46.48073],[9.91218,46.48198],[9.91086,46.48273],[9.90828,46.48332],[9.90661,46.48452],[9.90585,46.4845],[9.90476,46.4855],[9.90511,46.48593]]]]},"properties":{"_zoneType":"JAGDBANN_CH","name":"Bernina-Albris"}},
{"type":"Feature","geometry":{"type":"Polygon","coordinates":[[[9.3831,46.67443],[9.38296,46.67509],[9.38179,46.67497],[9.38109,46.67449],[9.38014,46.67416],[9.37929,46.67343],[9.37852,46.67337],[9.37861,46.67249],[9.37733,46.67235],[9.37589,46.67109],[9.37405,46.67055],[9.37369,46.66968],[9.37161,46.66944],[9.37001,46.66947],[9.36797,46.66896],[9.36651,46.66905],[9.36552,46.66854],[9.36458,46.66758],[9.36227,46.66597],[9.36109,46.66614],[9.35931,46.66553],[9.35743,46.66554],[9.35584,46.66512],[9.35356,46.66501],[9.35248,46.66574],[9.35142,46.66506],[9.35046,46.6637],[9.34973,46.664],[9.34888,46.66464],[9.34825,46.66555],[9.34761,46.66586],[9.346,46.66617],[9.34396,46.66626],[9.34318,46.66616],[9.3414,46.66534],[9.34214,46.66416],[9.34208,46.66355],[9.34246,46.66323],[9.34225,46.66174],[9.34261,46.661],[9.34254,46.65991],[9.34196,46.65891],[9.34137,46.65859],[9.34117,46.65711],[9.3405,46.65662],[9.34143,46.65606],[9.3416,46.65368],[9.3401,46.65271],[9.33898,46.65274],[9.33727,46.65234],[9.33571,46.65227],[9.33462,46.65194],[9.33409,46.651],[9.33302,46.64961],[9.33107,46.64919],[9.3304,46.64796],[9.32996,46.64779],[9.32788,46.64751],[9.3263,46.64758],[9.32188,46.64756],[9.3207,46.64769],[9.31951,46.64806],[9.318,46.64897],[9.31497,46.64991],[9.31323,46.65084],[9.31146,46.65083],[9.31022,46.65105],[9.30865,46.65165],[9.30741,46.65226],[9.30578,46.65327],[9.30463,46.65377],[9.30383,46.6538],[9.30293,46.65356],[9.30136,46.65286],[9.30055,46.65117],[9.30035,46.65014],[9.2988,46.64912],[9.29784,46.64863],[9.29625,46.64967],[9.29508,46.64962],[9.2933,46.64793],[9.29237,46.64733],[9.29168,46.64643],[9.29224,46.6452],[9.29226,46.64465],[9.29091,46.64438],[9.2905,46.64384],[9.2905,46.64332],[9.28942,46.64285],[9.2886,46.64215],[9.28837,46.64094],[9.28858,46.64044],[9.29054,46.63904],[9.28819,46.63864],[9.28773,46.63783],[9.28722,46.6376],[9.28574,46.63737],[9.28428,46.63522],[9.28389,46.63409],[9.28301,46.63338],[9.28372,46.63254],[9.28254,46.63258],[9.28153,46.63287],[9.27989,46.6328],[9.27972,46.63317],[9.27834,46.63338],[9.27864,46.63165],[9.27839,46.62895],[9.27792,46.62747],[9.27804,46.62677],[9.27788,46.62514],[9.27747,46.62455],[9.27868,46.62348],[9.27939,46.62237],[9.27915,46.62141],[9.27933,46.62094],[9.27928,46.61971],[9.27946,46.61912],[9.28009,46.61822],[9.28257,46.61866],[9.28653,46.61843],[9.28844,46.61759],[9.2916,46.61768],[9.29306,46.61748],[9.29578,46.61763],[9.29941,46.61753],[9.30029,46.61854],[9.30146,46.61852],[9.30233,46.61793],[9.30242,46.61714],[9.30225,46.61609],[9.30181,46.61592],[9.30381,46.61523],[9.30472,46.61394],[9.30587,46.61313],[9.30902,46.61279],[9.31132,46.61137],[9.31287,46.61086],[9.31497,46.61109],[9.31708,46.61162],[9.31867,46.61276],[9.32012,46.61347],[9.32376,46.61433],[9.32616,46.61508],[9.32763,46.61532],[9.32892,46.61588],[9.33155,46.61654],[9.33248,46.61656],[9.33545,46.61547],[9.33633,46.61494],[9.33886,46.61429],[9.34146,46.61412],[9.34299,46.61424],[9.34375,46.61463],[9.34497,46.61571],[9.34538,46.61635],[9.34587,46.61823],[9.34722,46.61967],[9.34855,46.62056],[9.34928,46.62148],[9.3499,46.623],[9.35002,46.62424],[9.35042,46.62516],[9.35204,46.62552],[9.353,46.62511],[9.35439,46.62491],[9.35553,46.62442],[9.35757,46.62513],[9.35835,46.62513],[9.35894,46.62581],[9.35715,46.62724],[9.35567,46.62893],[9.35452,46.63126],[9.35434,46.63193],[9.35463,46.6334],[9.35516,46.63432],[9.357,46.63454],[9.35873,46.63506],[9.35957,46.63563],[9.35999,46.63643],[9.36052,46.63793],[9.36092,46.63983],[9.36295,46.64034],[9.36434,46.63982],[9.36496,46.63942],[9.36609,46.63909],[9.36899,46.63897],[9.37139,46.63905],[9.37321,46.6393],[9.3749,46.63984],[9.37556,46.6402],[9.37678,46.64123],[9.3794,46.64276],[9.38117,46.64341],[9.38235,46.64413],[9.38342,46.64513],[9.38421,46.64618],[9.38481,46.64873],[9.38523,46.64957],[9.38817,46.65239],[9.389,46.65354],[9.38951,46.65395],[9.39316,46.65606],[9.39472,46.65728],[9.39825,46.65756],[9.39911,46.65773],[9.40063,46.65837],[9.40193,46.65928],[9.40208,46.65975],[9.40202,46.66159],[9.40087,46.66233],[9.39986,46.66345],[9.40005,46.6649],[9.40063,46.66587],[9.40081,46.66667],[9.4002,46.66735],[9.39815,46.66801],[9.39729,46.66862],[9.3978,46.67045],[9.39628,46.67165],[9.3948,46.67156],[9.39427,46.67107],[9.394,46.6702],[9.39316,46.67008],[9.3922,46.66941],[9.39184,46.66868],[9.39175,46.66731],[9.39081,46.66698],[9.39034,46.66807],[9.39018,46.66964],[9.38995,46.67019],[9.38989,46.67159],[9.39027,46.67224],[9.38971,46.67238],[9.38887,46.67212],[9.38799,46.6722],[9.3876,46.67275],[9.3865,46.67308],[9.38448,46.67342],[9.3831,46.67443]]]},"properties":{"_zoneType":"JAGDBANN_CH","name":"Beverin"}},
{"type":"Feature","geometry":{"type":"Polygon","coordinates":[[[10.02846,46.41059],[10.02811,46.41092],[10.02622,46.41062],[10.02333,46.41061],[10.0233,46.41017],[10.02223,46.40966],[10.02236,46.40903],[10.02164,46.4084],[10.02214,46.40758],[10.02388,46.40614],[10.02454,46.40591],[10.02583,46.40492],[10.02756,46.40285],[10.02837,46.40221],[10.0301,46.40136],[10.03069,46.40067],[10.03028,46.39956],[10.03117,46.39891],[10.03303,46.39788],[10.03323,46.39718],[10.0338,46.39668],[10.03417,46.39595],[10.03402,46.39537],[10.03317,46.39432],[10.03343,46.39377],[10.03293,46.39187],[10.03185,46.39007],[10.03175,46.38907],[10.0324,46.38885],[10.03372,46.3888],[10.03371,46.38834],[10.03446,46.3877],[10.03504,46.38676],[10.03787,46.38667],[10.03821,46.38618],[10.04006,46.3853],[10.0405,46.38468],[10.04085,46.3825],[10.04117,46.3821],[10.04099,46.38151],[10.04171,46.37958],[10.04162,46.37879],[10.0419,46.37826],[10.04242,46.37615],[10.0422,46.37515],[10.04309,46.37474],[10.04303,46.37396],[10.04346,46.37268],[10.04356,46.37083],[10.04293,46.36949],[10.04258,46.36797],[10.04307,46.36724],[10.04273,46.36553],[10.04455,46.364],[10.04755,46.36128],[10.04943,46.36003],[10.04885,46.35927],[10.0484,46.35833],[10.04779,46.3578],[10.04856,46.3569],[10.04977,46.35604],[10.05088,46.35491],[10.05134,46.35419],[10.05299,46.35322],[10.05428,46.35296],[10.05503,46.35261],[10.05518,46.35218],[10.05653,46.35162],[10.05707,46.35084],[10.0569,46.34933],[10.05744,46.34907],[10.05838,46.3475],[10.05959,46.34661],[10.06076,46.34827],[10.06249,46.35028],[10.06382,46.3499],[10.06539,46.35023],[10.06562,46.3518],[10.06683,46.35396],[10.06809,46.35527],[10.06866,46.35629],[10.06812,46.35709],[10.06859,46.35782],[10.06877,46.35871],[10.06977,46.35965],[10.06994,46.36048],[10.07,46.36248],[10.06954,46.3639],[10.06985,46.36487],[10.06911,46.36638],[10.06784,46.36766],[10.06719,46.36895],[10.06631,46.3695],[10.06515,46.37097],[10.06513,46.37154],[10.0657,46.37261],[10.06563,46.37405],[10.06602,46.37531],[10.06579,46.37557],[10.06604,46.37644],[10.06671,46.37714],[10.06733,46.37818],[10.06927,46.37921],[10.06968,46.37957],[10.06948,46.38012],[10.07031,46.38051],[10.07013,46.38093],[10.06907,46.38197],[10.06909,46.38236],[10.06968,46.38302],[10.07049,46.38325],[10.071,46.38406],[10.07134,46.38502],[10.07139,46.38589],[10.07218,46.388],[10.0722,46.38867],[10.06952,46.39039],[10.06841,46.39084],[10.06768,46.39242],[10.06791,46.39315],[10.06627,46.39384],[10.06632,46.39488],[10.06595,46.39575],[10.06633,46.39666],[10.06677,46.39706],[10.06673,46.39774],[10.067,46.39845],[10.06701,46.40007],[10.06644,46.40045],[10.0659,46.40199],[10.06258,46.4032],[10.0619,46.40406],[10.06059,46.40396],[10.05836,46.40499],[10.05739,46.40488],[10.05681,46.40524],[10.0552,46.40534],[10.05213,46.40515],[10.05132,46.40522],[10.0489,46.40619],[10.04793,46.40613],[10.04726,46.40567],[10.04642,46.40581],[10.04591,46.40621],[10.04486,46.40644],[10.04392,46.40643],[10.04296,46.40675],[10.04209,46.40756],[10.0384,46.40871],[10.03724,46.40924],[10.03588,46.40923],[10.03326,46.40861],[10.03157,46.4088],[10.02846,46.41059]]]},"properties":{"_zoneType":"JAGDBANN_CH","name":"Campasc"}},
{"type":"Feature","geometry":{"type":"Polygon","coordinates":[[[7.03402,47.12698],[7.03821,47.12651],[7.03997,47.12475],[7.04307,47.12625],[7.04808,47.12911],[7.05101,47.13074],[7.05349,47.13184],[7.05522,47.1324],[7.05594,47.13243],[7.0601,47.13333],[7.06297,47.13375],[7.06947,47.13538],[7.07137,47.13619],[7.07331,47.13655],[7.07598,47.1373],[7.0742,47.1423],[7.07243,47.14635],[7.06919,47.15131],[7.06896,47.15176],[7.06783,47.15273],[7.06413,47.15838],[7.06299,47.15759],[7.06086,47.1572],[7.058,47.15631],[7.05661,47.15554],[7.05531,47.15559],[7.05264,47.15464],[7.05152,47.15397],[7.05078,47.15405],[7.04932,47.15355],[7.04706,47.15312],[7.04404,47.15346],[7.0431,47.15323],[7.04189,47.15614],[7.04057,47.15814],[7.03918,47.15779],[7.03594,47.15592],[7.035,47.15523],[7.03273,47.15506],[7.03079,47.15401],[7.02899,47.15339],[7.02754,47.15257],[7.0278,47.15219],[7.02701,47.15148],[7.026,47.15109],[7.02532,47.15147],[7.02453,47.15124],[7.02401,47.15148],[7.02332,47.15269],[7.02292,47.15216],[7.02346,47.15093],[7.02247,47.15073],[7.02237,47.15029],[7.02082,47.15002],[7.02019,47.14922],[7.01773,47.14885],[7.01544,47.14807],[7.01475,47.14824],[7.01426,47.14775],[7.01322,47.14809],[7.01254,47.14792],[7.01303,47.146],[7.01357,47.1446],[7.01448,47.14286],[7.01458,47.14235],[7.03017,47.13085],[7.03204,47.13182],[7.03303,47.13184],[7.03442,47.13096],[7.03506,47.13073],[7.03539,47.13023],[7.03452,47.12858],[7.03402,47.12698]]]},"properties":{"_zoneType":"JAGDBANN_CH","name":"Combe-Grède"}},
{"type":"Feature","geometry":{"type":"Polygon","coordinates":[[[9.71203,46.62491],[9.71151,46.62542],[9.70998,46.62572],[9.70938,46.62614],[9.70958,46.62758],[9.70995,46.6286],[9.71131,46.62943],[9.71317,46.62997],[9.71392,46.6307],[9.71395,46.63135],[9.7128,46.63263],[9.71222,46.63355],[9.71136,46.63416],[9.70898,46.63625],[9.70806,46.63683],[9.7061,46.6385],[9.70411,46.63966],[9.70347,46.64018],[9.70239,46.64065],[9.70112,46.64098],[9.6976,46.64159],[9.69524,46.64117],[9.69363,46.64098],[9.69342,46.63982],[9.69427,46.63748],[9.69435,46.63473],[9.69464,46.63318],[9.69516,46.63245],[9.69499,46.63169],[9.69545,46.62869],[9.6961,46.62823],[9.69618,46.62665],[9.69694,46.62556],[9.69678,46.62213],[9.69652,46.62143],[9.69569,46.62085],[9.69459,46.62061],[9.69136,46.62063],[9.6894,46.62045],[9.68549,46.62052],[9.68444,46.61968],[9.6828,46.61754],[9.68136,46.61691],[9.6799,46.61673],[9.67924,46.6168],[9.67822,46.61605],[9.67759,46.61593],[9.67559,46.61488],[9.67503,46.61439],[9.67318,46.61338],[9.67272,46.6127],[9.67107,46.61181],[9.6709,46.61147],[9.67128,46.61077],[9.67082,46.61051],[9.66986,46.61065],[9.66806,46.61033],[9.66698,46.6103],[9.66664,46.61008],[9.66491,46.61],[9.66271,46.60973],[9.66194,46.60928],[9.66066,46.60917],[9.65972,46.60925],[9.6591,46.60849],[9.65931,46.60681],[9.65854,46.60661],[9.65743,46.60599],[9.65678,46.60585],[9.65647,46.60514],[9.65689,46.6044],[9.65689,46.60357],[9.65563,46.60308],[9.65439,46.6023],[9.65355,46.60075],[9.6552,46.59995],[9.65658,46.59832],[9.65922,46.5977],[9.66035,46.59785],[9.6646,46.59774],[9.66585,46.59785],[9.6646,46.59667],[9.66323,46.59509],[9.66287,46.59333],[9.66334,46.59219],[9.66392,46.58946],[9.66451,46.58893],[9.66554,46.58749],[9.66623,46.58598],[9.66765,46.58554],[9.66891,46.58538],[9.66971,46.5844],[9.67094,46.58439],[9.67194,46.58457],[9.67221,46.58412],[9.67391,46.58402],[9.67457,46.58375],[9.67678,46.58358],[9.67883,46.58309],[9.67923,46.58221],[9.681,46.58218],[9.68264,46.58122],[9.68302,46.58063],[9.68434,46.5798],[9.68587,46.57856],[9.68597,46.57828],[9.68771,46.5766],[9.68849,46.57612],[9.68846,46.57582],[9.68979,46.57457],[9.69074,46.57295],[9.69123,46.57253],[9.69224,46.57237],[9.69217,46.57176],[9.69278,46.57147],[9.69271,46.57101],[9.69373,46.57026],[9.69444,46.57032],[9.69568,46.56909],[9.69764,46.5678],[9.69815,46.56715],[9.69968,46.56603],[9.7008,46.56448],[9.70119,46.56369],[9.70406,46.56374],[9.70564,46.56392],[9.70672,46.56423],[9.70915,46.56535],[9.71147,46.56608],[9.71423,46.56635],[9.71522,46.56666],[9.717,46.56659],[9.71739,46.56568],[9.71797,46.56547],[9.71847,46.56483],[9.72021,46.5643],[9.72132,46.56311],[9.72386,46.56388],[9.72431,46.56458],[9.72426,46.5653],[9.72786,46.56511],[9.73017,46.56484],[9.73179,46.56536],[9.73366,46.5651],[9.7359,46.56492],[9.73794,46.56418],[9.74047,46.56451],[9.7424,46.56419],[9.74463,46.56399],[9.74502,46.56412],[9.74542,46.56492],[9.74497,46.56614],[9.74537,46.56667],[9.74612,46.567],[9.74696,46.56814],[9.74798,46.5684],[9.74983,46.5691],[9.75036,46.56972],[9.74935,46.571],[9.75003,46.57211],[9.74987,46.57353],[9.74956,46.57423],[9.74965,46.57558],[9.74996,46.57753],[9.75034,46.57829],[9.74996,46.5793],[9.75112,46.58128],[9.75053,46.58164],[9.7504,46.58217],[9.75065,46.58293],[9.75112,46.58295],[9.7535,46.58487],[9.75461,46.58564],[9.75581,46.58586],[9.75618,46.58638],[9.75722,46.58712],[9.75852,46.5877],[9.76009,46.58938],[9.76109,46.59021],[9.76173,46.5902],[9.76153,46.59106],[9.76229,46.5914],[9.76213,46.59219],[9.76103,46.59247],[9.76077,46.5928],[9.75893,46.59418],[9.75865,46.59499],[9.75807,46.59548],[9.75806,46.59633],[9.75767,46.59672],[9.75688,46.59845],[9.75656,46.59954],[9.75556,46.59969],[9.75484,46.60016],[9.75363,46.6015],[9.75363,46.60245],[9.75186,46.60244],[9.75008,46.60262],[9.75018,46.60382],[9.74997,46.60468],[9.74843,46.60538],[9.74803,46.60575],[9.74814,46.60675],[9.74693,46.60849],[9.74554,46.60969],[9.74553,46.61267],[9.74419,46.61433],[9.74164,46.61549],[9.73936,46.61547],[9.73771,46.61562],[9.73669,46.61502],[9.73413,46.61574],[9.73308,46.61562],[9.73171,46.61487],[9.73091,46.61563],[9.73057,46.61663],[9.72982,46.61738],[9.72959,46.61791],[9.73071,46.61929],[9.73053,46.62035],[9.72857,46.62187],[9.72749,46.62229],[9.72634,46.6223],[9.72517,46.62315],[9.72402,46.62331],[9.72359,46.62378],[9.72236,46.6239],[9.72156,46.62355],[9.71943,46.62337],[9.71761,46.62466],[9.71713,46.62485],[9.71668,46.62561],[9.71531,46.62568],[9.71318,46.62485],[9.71203,46.62491]]]},"properties":{"_zoneType":"JAGDBANN_CH","name":"Piz Ela"}},
{"type":"Feature","geometry":{"type":"Polygon","coordinates":[[[9.19851,46.42814],[9.19855,46.42839],[9.19767,46.42931],[9.19679,46.42986],[9.19578,46.42925],[9.19042,46.42742],[9.18972,46.42677],[9.18846,46.42625],[9.18688,46.42436],[9.18677,46.42391],[9.18613,46.42335],[9.18497,46.42273],[9.18305,46.42272],[9.18276,46.42245],[9.18219,46.42117],[9.18028,46.42001],[9.1792,46.41992],[9.17802,46.41885],[9.17639,46.41828],[9.17521,46.41811],[9.17351,46.41844],[9.17156,46.41825],[9.17102,46.418],[9.16947,46.4166],[9.16815,46.41663],[9.16684,46.41614],[9.16374,46.4158],[9.16294,46.41603],[9.16201,46.41573],[9.15808,46.41674],[9.15567,46.41751],[9.15866,46.41782],[9.15965,46.41829],[9.1606,46.41918],[9.16112,46.42062],[9.16105,46.42111],[9.1613,46.42256],[9.16157,46.42277],[9.16198,46.42405],[9.16323,46.42536],[9.1627,46.42568],[9.16074,46.42602],[9.15856,46.42658],[9.1574,46.42713],[9.15656,46.42725],[9.15447,46.42793],[9.15295,46.42825],[9.15071,46.42833],[9.1493,46.42873],[9.14738,46.42849],[9.14617,46.42863],[9.14494,46.429],[9.14434,46.42876],[9.14277,46.42848],[9.14236,46.42793],[9.14109,46.42687],[9.13968,46.42629],[9.1391,46.42627],[9.13745,46.42575],[9.1368,46.4254],[9.13585,46.42587],[9.13453,46.42581],[9.13243,46.42664],[9.13131,46.42684],[9.13098,46.4266],[9.13102,46.42549],[9.13151,46.42479],[9.13413,46.42215],[9.13318,46.42195],[9.13358,46.42036],[9.13259,46.41877],[9.13247,46.41711],[9.13217,46.41641],[9.13203,46.41515],[9.13311,46.41312],[9.13319,46.41267],[9.13263,46.41081],[9.13303,46.40966],[9.13263,46.40916],[9.13258,46.40834],[9.13203,46.40585],[9.13184,46.40409],[9.13301,46.40341],[9.13328,46.40239],[9.13409,46.40215],[9.13523,46.40149],[9.13796,46.40037],[9.13888,46.40049],[9.14029,46.40035],[9.14169,46.40049],[9.14245,46.40027],[9.14495,46.40035],[9.14591,46.40008],[9.14743,46.40021],[9.14751,46.39983],[9.14847,46.39991],[9.14951,46.39962],[9.15055,46.39891],[9.15157,46.39878],[9.15282,46.3982],[9.15345,46.39812],[9.15469,46.3984],[9.15606,46.39839],[9.15845,46.39894],[9.16058,46.39844],[9.16164,46.3989],[9.16259,46.39884],[9.16356,46.39854],[9.16422,46.39891],[9.1656,46.39914],[9.16817,46.39999],[9.16888,46.40043],[9.17046,46.40106],[9.17245,46.40125],[9.17364,46.40237],[9.17513,46.40248],[9.17668,46.40101],[9.17701,46.40003],[9.17914,46.39995],[9.17981,46.40019],[9.18139,46.39948],[9.18199,46.39934],[9.18352,46.39992],[9.18477,46.39928],[9.18716,46.39922],[9.18876,46.39971],[9.19084,46.40001],[9.191,46.4003],[9.1921,46.40094],[9.19447,46.40196],[9.19661,46.40222],[9.19884,46.40273],[9.20181,46.40225],[9.20398,46.40206],[9.20655,46.40265],[9.20748,46.40323],[9.20852,46.40314],[9.21126,46.40238],[9.21255,46.40227],[9.21388,46.40193],[9.21455,46.40121],[9.21717,46.40093],[9.21745,46.40069],[9.21905,46.40054],[9.22075,46.40084],[9.22143,46.40013],[9.22246,46.39947],[9.22462,46.39853],[9.22564,46.39842],[9.22747,46.399],[9.22986,46.39867],[9.23074,46.39889],[9.23087,46.39938],[9.23056,46.39987],[9.22981,46.40003],[9.22875,46.39997],[9.22742,46.4002],[9.22755,46.40072],[9.22816,46.40084],[9.22894,46.40151],[9.22872,46.40222],[9.22856,46.40428],[9.2299,46.40662],[9.22983,46.40706],[9.22849,46.40922],[9.22847,46.41085],[9.22729,46.41107],[9.22718,46.41248],[9.22626,46.41444],[9.22505,46.41617],[9.22542,46.41753],[9.22519,46.41823],[9.22357,46.41959],[9.22283,46.42036],[9.22209,46.42029],[9.22183,46.42069],[9.22074,46.42118],[9.21942,46.4226],[9.21703,46.42357],[9.21629,46.42352],[9.21517,46.42413],[9.21305,46.42454],[9.21044,46.4255],[9.21064,46.42476],[9.20962,46.42501],[9.20802,46.42504],[9.20719,46.42529],[9.20658,46.42579],[9.20587,46.42525],[9.20544,46.42546],[9.20361,46.42552],[9.20259,46.42615],[9.20128,46.42663],[9.1998,46.42787],[9.19851,46.42814]]]},"properties":{"_zoneType":"JAGDBANN_CH","name":"Trescolmen"}},
{"type":"Feature","geometry":{"type":"Polygon","coordinates":[[[9.03421,46.59994],[9.03546,46.60141],[9.03491,46.60215],[9.03523,46.60304],[9.03511,46.60384],[9.03172,46.60528],[9.03053,46.60618],[9.02737,46.60639],[9.02558,46.60775],[9.02618,46.60874],[9.02614,46.60959],[9.02463,46.61142],[9.02474,46.61232],[9.02606,46.61392],[9.0256,46.61487],[9.02572,46.61545],[9.02524,46.61788],[9.02489,46.61874],[9.02331,46.62078],[9.02138,46.62196],[9.02174,46.62285],[9.02256,46.62396],[9.02296,46.62488],[9.02321,46.62624],[9.02416,46.62849],[9.02426,46.6297],[9.02548,46.63085],[9.0266,46.63167],[9.0254,46.63288],[9.02457,46.63658],[9.02268,46.63687],[9.02152,46.63668],[9.02057,46.63672],[9.01878,46.63614],[9.01797,46.6356],[9.01675,46.63512],[9.01684,46.63462],[9.01642,46.63388],[9.01567,46.63369],[9.01497,46.63309],[9.01405,46.63304],[9.01327,46.63246],[9.01277,46.63298],[9.01215,46.63301],[9.00779,46.63119],[9.00612,46.63001],[9.00339,46.62694],[9.00208,46.62438],[8.99925,46.62441],[8.99722,46.62485],[8.99627,46.62586],[8.99609,46.62751],[8.99453,46.62781],[8.99299,46.62782],[8.98997,46.62763],[8.9875,46.62795],[8.97379,46.62988],[8.9745,46.63041],[8.97522,46.63159],[8.97615,46.63173],[8.97985,46.63275],[8.98139,46.63388],[8.98381,46.63465],[8.98381,46.6355],[8.98484,46.63648],[8.98565,46.63681],[8.98661,46.63833],[8.98719,46.63902],[8.98858,46.63919],[8.99063,46.63901],[8.99179,46.63874],[8.99327,46.63864],[8.99461,46.63823],[8.99604,46.63806],[8.99699,46.6376],[8.99858,46.63737],[8.99924,46.63865],[8.99875,46.63958],[9.00026,46.64073],[9.00031,46.64192],[9.00087,46.64246],[9.00098,46.64323],[9.0007,46.64461],[8.99981,46.64433],[8.99763,46.64407],[8.99698,46.64535],[8.9962,46.64579],[8.99473,46.6475],[8.9932,46.64805],[8.99265,46.64849],[8.99138,46.64889],[8.98889,46.65082],[8.98853,46.65178],[8.98805,46.65228],[8.98814,46.65289],[8.98734,46.65434],[8.98652,46.6549],[8.98513,46.65514],[8.98444,46.65548],[8.98444,46.65598],[8.983,46.65519],[8.98196,46.65478],[8.98114,46.65477],[8.97966,46.65408],[8.97838,46.6538],[8.9776,46.65333],[8.97663,46.65339],[8.97527,46.65295],[8.97456,46.65251],[8.97349,46.65217],[8.97091,46.65214],[8.96669,46.65111],[8.96588,46.65129],[8.96441,46.65303],[8.96162,46.65733],[8.96045,46.65839],[8.9589,46.65907],[8.95782,46.65919],[8.95313,46.65929],[8.95021,46.65853],[8.94734,46.65797],[8.94655,46.65753],[8.94396,46.65722],[8.94105,46.65812],[8.93982,46.6587],[8.93697,46.65851],[8.93579,46.65827],[8.93432,46.65825],[8.93306,46.65737],[8.93178,46.65612],[8.93076,46.656],[8.92689,46.65628],[8.92632,46.65615],[8.92542,46.65522],[8.92304,46.6555],[8.92133,46.65522],[8.92027,46.65488],[8.91839,46.65508],[8.91818,46.65482],[8.91681,46.65468],[8.91597,46.65528],[8.91523,46.65538],[8.91459,46.65585],[8.91319,46.65603],[8.91246,46.65592],[8.91141,46.65607],[8.91081,46.65573],[8.91056,46.65496],[8.90884,46.65352],[8.90781,46.65314],[8.90564,46.65199],[8.90471,46.65115],[8.9046,46.65043],[8.90496,46.64921],[8.9049,46.64808],[8.90529,46.64755],[8.90658,46.6466],[8.9073,46.64551],[8.90733,46.64448],[8.90926,46.64304],[8.91142,46.642],[8.91387,46.64095],[8.91412,46.64],[8.91248,46.64027],[8.90983,46.64015],[8.90848,46.64024],[8.90588,46.64068],[8.90481,46.64062],[8.90258,46.64022],[8.90163,46.63978],[8.89963,46.63912],[8.89882,46.63905],[8.89686,46.63938],[8.89591,46.63974],[8.89502,46.63964],[8.89516,46.6389],[8.89485,46.63838],[8.89506,46.63759],[8.89596,46.6369],[8.89627,46.63583],[8.89747,46.63382],[8.89883,46.63224],[8.89961,46.63155],[8.90185,46.6293],[8.90292,46.62805],[8.90369,46.62737],[8.90515,46.62642],[8.90584,46.62543],[8.90733,46.62469],[8.90936,46.62281],[8.91047,46.62086],[8.91168,46.61935],[8.9117,46.61878],[8.91389,46.61927],[8.91586,46.61953],[8.91707,46.61952],[8.91848,46.61981],[8.92031,46.62091],[8.92075,46.62185],[8.92122,46.6223],[8.92291,46.62299],[8.92461,46.62313],[8.92575,46.62156],[8.92726,46.62109],[8.92914,46.62159],[8.93099,46.62122],[8.93195,46.62056],[8.93278,46.621],[8.93492,46.62043],[8.93576,46.61997],[8.93747,46.6195],[8.93799,46.61949],[8.93876,46.61899],[8.94153,46.61852],[8.94221,46.61878],[8.94339,46.61962],[8.94442,46.62055],[8.94551,46.62081],[8.9466,46.62168],[8.94772,46.62285],[8.95043,46.62401],[8.95121,46.62539],[8.95127,46.62602],[8.95101,46.62733],[8.9514,46.62752],[8.95146,46.6282],[8.95085,46.62868],[8.95079,46.62985],[8.95131,46.63103],[8.95198,46.63192],[8.95272,46.6325],[8.9531,46.63225],[8.95522,46.63173],[8.9567,46.6309],[8.95762,46.63021],[8.95794,46.62989],[8.9586,46.62813],[8.96174,46.62122],[8.96306,46.61817],[8.95993,46.61129],[8.95985,46.61072],[8.96224,46.60268],[8.96292,46.60274],[8.96424,46.60351],[8.96497,46.60372],[8.9671,46.60374],[8.96979,46.6033],[8.97125,46.60296],[8.97176,46.60253],[8.97313,46.60267],[8.97628,46.60443],[8.97814,46.60557],[8.98063,46.60696],[8.98375,46.60881],[8.99552,46.61175],[9.00428,46.61129],[9.0051,46.61119],[9.00679,46.61067],[9.008,46.60962],[9.00899,46.60924],[9.00979,46.60858],[9.01135,46.60811],[9.01171,46.60723],[9.01223,46.60707],[9.01408,46.60566],[9.01503,46.60442],[9.01598,46.60366],[9.01619,46.60321],[9.01684,46.60311],[9.01904,46.60321],[9.02134,46.60298],[9.02172,46.6025],[9.02298,46.60181],[9.02403,46.60193],[9.02525,46.60155],[9.02633,46.60026],[9.02731,46.59936],[9.02933,46.59924],[9.03337,46.59998],[9.03421,46.59994]]]},"properties":{"_zoneType":"JAGDBANN_CH","name":"Pez Vial/Greina"}},
{"type":"Feature","geometry":{"type":"Polygon","coordinates":[[[8.79906,46.47582],[8.79801,46.47633],[8.79711,46.47651],[8.79593,46.47706],[8.79528,46.47648],[8.79314,46.47582],[8.79227,46.47588],[8.78945,46.47538],[8.78833,46.47494],[8.78755,46.47496],[8.78582,46.4745],[8.78516,46.47418],[8.78388,46.47392],[8.7819,46.47438],[8.78078,46.4748],[8.77968,46.47551],[8.77826,46.47553],[8.77803,46.47411],[8.77705,46.47394],[8.77674,46.47344],[8.77732,46.47298],[8.77732,46.47258],[8.77518,46.47041],[8.7741,46.4699],[8.77278,46.46989],[8.77228,46.46908],[8.77082,46.46887],[8.76876,46.46809],[8.76792,46.46649],[8.7681,46.46547],[8.76905,46.46467],[8.76963,46.46355],[8.76962,46.46313],[8.7702,46.46268],[8.76704,46.46106],[8.7655,46.46077],[8.76314,46.46101],[8.76232,46.46123],[8.76073,46.4623],[8.75933,46.4626],[8.75779,46.46309],[8.75669,46.46321],[8.75572,46.463],[8.75493,46.46239],[8.75481,46.46166],[8.75322,46.46075],[8.75128,46.46021],[8.75002,46.46034],[8.74864,46.4601],[8.74733,46.46037],[8.74672,46.46028],[8.74409,46.45917],[8.74037,46.45867],[8.73851,46.4592],[8.73744,46.45965],[8.73598,46.45972],[8.73521,46.46006],[8.7331,46.46003],[8.73228,46.46052],[8.73143,46.46027],[8.73035,46.46055],[8.72968,46.46106],[8.729,46.46125],[8.72757,46.46111],[8.72662,46.45992],[8.72557,46.45936],[8.7251,46.45883],[8.72364,46.4583],[8.72209,46.45837],[8.72127,46.45898],[8.71919,46.4594],[8.71851,46.45917],[8.71703,46.45914],[8.71543,46.45876],[8.71342,46.45905],[8.71271,46.45932],[8.71138,46.45757],[8.71082,46.45718],[8.71005,46.45597],[8.70883,46.45466],[8.70797,46.45404],[8.70631,46.45257],[8.70635,46.45213],[8.70702,46.45176],[8.70657,46.45072],[8.7074,46.44965],[8.70733,46.4483],[8.70709,46.44798],[8.70745,46.44729],[8.70726,46.44673],[8.70621,46.44546],[8.70775,46.44431],[8.7075,46.44361],[8.70783,46.44258],[8.70822,46.44254],[8.70863,46.44135],[8.70959,46.44056],[8.71099,46.44064],[8.71187,46.44017],[8.71331,46.43975],[8.715,46.43869],[8.71533,46.4383],[8.71614,46.43812],[8.7166,46.4373],[8.71773,46.4366],[8.71858,46.43581],[8.71924,46.43602],[8.72132,46.43546],[8.72236,46.43457],[8.72321,46.43416],[8.72381,46.43277],[8.72461,46.43203],[8.72442,46.43076],[8.7251,46.43058],[8.72573,46.42982],[8.72682,46.42964],[8.72984,46.42934],[8.73177,46.42901],[8.73481,46.42802],[8.73711,46.42805],[8.73803,46.42726],[8.73876,46.42794],[8.73977,46.42807],[8.74127,46.4287],[8.74252,46.42878],[8.74343,46.42905],[8.74514,46.42931],[8.74674,46.42909],[8.74939,46.42918],[8.75075,46.42912],[8.75182,46.42946],[8.75339,46.42967],[8.75597,46.42969],[8.75795,46.43007],[8.75848,46.43034],[8.75968,46.43018],[8.76104,46.4297],[8.76291,46.42986],[8.76422,46.43033],[8.76517,46.4305],[8.76621,46.43037],[8.76764,46.43121],[8.76902,46.43115],[8.77187,46.43159],[8.77329,46.43204],[8.77477,46.43236],[8.77703,46.43306],[8.77864,46.43312],[8.78001,46.43252],[8.78537,46.43211],[8.78845,46.43137],[8.78988,46.43131],[8.79157,46.43142],[8.79203,46.4319],[8.79322,46.43251],[8.79455,46.43413],[8.80521,46.43174],[8.80752,46.43353],[8.80821,46.43381],[8.80925,46.43386],[8.81185,46.43345],[8.81223,46.4335],[8.81503,46.43519],[8.81677,46.43577],[8.81783,46.43596],[8.81855,46.43631],[8.81941,46.43638],[8.82103,46.43683],[8.82163,46.43741],[8.82262,46.43705],[8.82368,46.43638],[8.82441,46.43569],[8.82609,46.4349],[8.82659,46.43449],[8.82774,46.43433],[8.82833,46.4346],[8.82881,46.43521],[8.82964,46.43531],[8.83044,46.43569],[8.83034,46.43628],[8.83152,46.43643],[8.83198,46.43758],[8.83291,46.43762],[8.83332,46.43727],[8.83397,46.43745],[8.83602,46.43717],[8.83699,46.43678],[8.83785,46.43675],[8.84011,46.43785],[8.84022,46.43879],[8.83895,46.43926],[8.83766,46.44002],[8.83644,46.44163],[8.83548,46.44269],[8.83539,46.4433],[8.83444,46.44536],[8.83306,46.44727],[8.83138,46.44819],[8.83042,46.44922],[8.82991,46.45032],[8.83006,46.45149],[8.82946,46.45276],[8.82926,46.45377],[8.82819,46.45515],[8.82688,46.45599],[8.82643,46.45739],[8.82533,46.45943],[8.82465,46.4603],[8.8241,46.46152],[8.82413,46.46262],[8.82382,46.46345],[8.82226,46.46472],[8.81985,46.46585],[8.81601,46.46702],[8.8142,46.46819],[8.81296,46.46847],[8.81134,46.46928],[8.81062,46.4698],[8.80834,46.47068],[8.80704,46.47151],[8.80588,46.47206],[8.80472,46.47285],[8.80005,46.47482],[8.79906,46.47582]]]},"properties":{"_zoneType":"JAGDBANN_CH","name":"Campo Tencia"}},
{"type":"Feature","geometry":{"type":"Polygon","coordinates":[[[8.95762,46.63021],[8.9567,46.6309],[8.95522,46.63173],[8.9531,46.63225],[8.95272,46.6325],[8.95198,46.63192],[8.95131,46.63103],[8.95079,46.62985],[8.95085,46.62868],[8.95146,46.6282],[8.9514,46.62752],[8.95101,46.62733],[8.95127,46.62602],[8.95121,46.62539],[8.95043,46.62401],[8.94772,46.62285],[8.9466,46.62168],[8.94551,46.62081],[8.94442,46.62055],[8.94339,46.61962],[8.94221,46.61878],[8.94153,46.61852],[8.93876,46.61899],[8.93799,46.61949],[8.93747,46.6195],[8.93576,46.61997],[8.93492,46.62043],[8.93278,46.621],[8.93195,46.62056],[8.93099,46.62122],[8.92914,46.62159],[8.92726,46.62109],[8.92575,46.62156],[8.92461,46.62313],[8.92291,46.62299],[8.92122,46.6223],[8.92075,46.62185],[8.92031,46.62091],[8.91848,46.61981],[8.91707,46.61952],[8.91586,46.61953],[8.91389,46.61927],[8.9117,46.61878],[8.91089,46.61787],[8.9106,46.61672],[8.9093,46.6162],[8.9076,46.61591],[8.90679,46.61513],[8.90622,46.61318],[8.9054,46.612],[8.90569,46.61166],[8.90575,46.61047],[8.90611,46.61006],[8.90586,46.60957],[8.90608,46.609],[8.90704,46.60744],[8.90724,46.6061],[8.90908,46.60422],[8.90928,46.60342],[8.91082,46.60235],[8.91164,46.60213],[8.91158,46.60166],[8.91235,46.60121],[8.91273,46.60044],[8.91485,46.59957],[8.91547,46.59914],[8.91555,46.59862],[8.91629,46.5981],[8.91646,46.5973],[8.91703,46.59657],[8.91633,46.59609],[8.91534,46.59583],[8.91511,46.59465],[8.91621,46.59267],[8.916,46.59236],[8.91449,46.59175],[8.91368,46.59077],[8.9121,46.58947],[8.91133,46.58869],[8.90997,46.5881],[8.9095,46.58754],[8.90672,46.586],[8.90486,46.58477],[8.90361,46.58408],[8.9041,46.5813],[8.90448,46.58054],[8.90449,46.57949],[8.90409,46.57866],[8.90506,46.57854],[8.90646,46.57799],[8.90883,46.57684],[8.9105,46.57672],[8.91237,46.57594],[8.91301,46.57613],[8.91524,46.57603],[8.91833,46.57541],[8.92004,46.57573],[8.92132,46.57552],[8.92471,46.57613],[8.92742,46.57589],[8.92894,46.57597],[8.9321,46.57655],[8.9362,46.57682],[8.93745,46.57685],[8.93866,46.5766],[8.93939,46.57572],[8.94012,46.57545],[8.94087,46.57442],[8.94032,46.57353],[8.93948,46.57006],[8.93978,46.56923],[8.94141,46.56772],[8.9417,46.56651],[8.94225,46.56573],[8.94177,46.56528],[8.94178,46.56466],[8.94217,46.56412],[8.94257,46.56234],[8.94299,46.56142],[8.94186,46.56033],[8.94188,46.55944],[8.94017,46.55857],[8.93979,46.55822],[8.93932,46.55681],[8.93939,46.55649],[8.94047,46.55562],[8.94221,46.55588],[8.94337,46.55692],[8.9436,46.55822],[8.9441,46.55877],[8.9451,46.55857],[8.94564,46.55762],[8.94622,46.55753],[8.94731,46.55795],[8.94854,46.5588],[8.9507,46.55934],[8.95176,46.55892],[8.95359,46.55913],[8.95454,46.55948],[8.95532,46.5602],[8.95629,46.5604],[8.9574,46.56128],[8.95801,46.56041],[8.95932,46.55929],[8.96045,46.55855],[8.96358,46.5575],[8.96531,46.55748],[8.96637,46.55726],[8.96711,46.55683],[8.96808,46.55592],[8.97173,46.55553],[8.9723,46.55498],[8.97336,46.55453],[8.97476,46.55444],[8.97572,46.55402],[8.97726,46.55388],[8.97817,46.55328],[8.97847,46.55282],[8.97875,46.55145],[8.97906,46.55068],[8.97999,46.54966],[8.98405,46.54899],[8.98496,46.54832],[8.98689,46.54798],[8.9891,46.54701],[8.98947,46.54666],[8.9914,46.54663],[8.99358,46.54722],[8.99412,46.54656],[8.99485,46.54625],[8.99436,46.54532],[8.99586,46.54441],[8.99639,46.54346],[8.9966,46.54254],[8.99715,46.54162],[8.99691,46.54099],[8.99714,46.54004],[8.99885,46.53961],[8.99916,46.5393],[8.99966,46.53787],[9.00142,46.53698],[9.00329,46.53569],[9.00487,46.535],[9.00595,46.53416],[9.00713,46.53288],[9.00849,46.53237],[9.01057,46.53143],[9.01186,46.53168],[9.01355,46.53304],[9.01471,46.53326],[9.0162,46.5327],[9.01675,46.53211],[9.01865,46.53317],[9.02081,46.53368],[9.02171,46.53405],[9.02137,46.53502],[9.02296,46.53792],[9.02191,46.5386],[9.02121,46.53925],[9.02117,46.54023],[9.02146,46.54099],[9.02136,46.54216],[9.02064,46.54437],[9.01946,46.54639],[9.01923,46.54724],[9.02012,46.54888],[9.02082,46.54965],[9.02094,46.55019],[9.02231,46.55155],[9.02318,46.55313],[9.02354,46.5542],[9.02443,46.55491],[9.02471,46.55543],[9.02396,46.55744],[9.02333,46.55801],[9.02381,46.55886],[9.02546,46.55974],[9.0268,46.56219],[9.02697,46.56338],[9.02653,46.56503],[9.02689,46.56615],[9.02851,46.56785],[9.02934,46.56973],[9.02999,46.57087],[9.02994,46.57133],[9.03113,46.57196],[9.03212,46.57311],[9.03366,46.57444],[9.03421,46.57475],[9.03524,46.5749],[9.03561,46.57567],[9.0353,46.57689],[9.03534,46.57761],[9.03614,46.57907],[9.03661,46.58065],[9.03754,46.58229],[9.03876,46.58276],[9.04034,46.58319],[9.04198,46.58348],[9.04393,46.58337],[9.0424,46.58447],[9.04236,46.58543],[9.0435,46.5864],[9.04361,46.58681],[9.04335,46.58792],[9.04301,46.58846],[9.04171,46.58979],[9.04071,46.59011],[9.03897,46.59092],[9.03548,46.59192],[9.03497,46.59222],[9.03454,46.59331],[9.03359,46.59413],[9.03396,46.59489],[9.03417,46.59634],[9.03384,46.59754],[9.03421,46.59994],[9.03337,46.59998],[9.02933,46.59924],[9.02731,46.59936],[9.02633,46.60026],[9.02525,46.60155],[9.02403,46.60193],[9.02298,46.60181],[9.02172,46.6025],[9.02134,46.60298],[9.01904,46.60321],[9.01684,46.60311],[9.01619,46.60321],[9.01598,46.60366],[9.01503,46.60442],[9.01408,46.60566],[9.01223,46.60707],[9.01171,46.60723],[9.01135,46.60811],[9.00979,46.60858],[9.00899,46.60924],[9.008,46.60962],[9.00679,46.61067],[9.0051,46.61119],[9.00428,46.61129],[8.99552,46.61175],[8.98375,46.60881],[8.98063,46.60696],[8.97814,46.60557],[8.97628,46.60443],[8.97313,46.60267],[8.97176,46.60253],[8.97125,46.60296],[8.96979,46.6033],[8.9671,46.60374],[8.96497,46.60372],[8.96424,46.60351],[8.96292,46.60274],[8.96224,46.60268],[8.95985,46.61072],[8.95993,46.61129],[8.96306,46.61817],[8.96174,46.62122],[8.9586,46.62813],[8.95794,46.62989],[8.95762,46.63021]]]},"properties":{"_zoneType":"JAGDBANN_CH","name":"Greina"}},
{"type":"Feature","geometry":{"type":"Polygon","coordinates":[[[7.05084,46.52008],[7.04872,46.51957],[7.0473,46.51909],[7.04284,46.52075],[7.04203,46.52085],[7.04021,46.5219],[7.04025,46.52261],[7.03926,46.52368],[7.03854,46.5254],[7.03792,46.52546],[7.03742,46.52643],[7.0366,46.5265],[7.03617,46.52701],[7.03507,46.52733],[7.03501,46.52799],[7.03452,46.52841],[7.03309,46.52851],[7.03198,46.52893],[7.03095,46.52848],[7.02991,46.52885],[7.02958,46.52956],[7.02874,46.52952],[7.02862,46.53013],[7.02783,46.53038],[7.02715,46.53007],[7.02468,46.5298],[7.02356,46.52931],[7.02348,46.52836],[7.0226,46.52757],[7.02173,46.52742],[7.02049,46.52681],[7.01938,46.52695],[7.01698,46.5266],[7.01553,46.52574],[7.0141,46.52589],[7.0133,46.52536],[7.01202,46.52545],[7.01153,46.5253],[7.00995,46.52399],[7.00982,46.52351],[7.00821,46.52229],[7.00789,46.5209],[7.00734,46.52046],[7.00691,46.51973],[7.00693,46.51923],[7.00629,46.5178],[7.00595,46.51753],[7.00602,46.51648],[7.0058,46.5161],[7.00424,46.515],[7.0036,46.51298],[7.00277,46.51225],[7.00183,46.51169],[7.00137,46.51069],[7.00222,46.51013],[7.00211,46.50928],[7.0028,46.50836],[7.00285,46.50758],[7.00106,46.50625],[6.99996,46.50614],[6.99706,46.50494],[6.99584,46.50403],[6.99318,46.50291],[6.99186,46.50202],[6.99225,46.50148],[6.99219,46.50007],[6.99324,46.50016],[6.99415,46.49904],[6.99616,46.49888],[6.99646,46.49837],[6.99751,46.498],[6.99945,46.49833],[7.00113,46.49819],[7.00256,46.49821],[7.00357,46.49854],[7.00359,46.49786],[7.005,46.49812],[7.00637,46.49749],[7.00699,46.49787],[7.00795,46.49784],[7.00857,46.4971],[7.01168,46.49671],[7.0128,46.49632],[7.01303,46.49538],[7.01373,46.49545],[7.01597,46.49608],[7.01698,46.49619],[7.01654,46.49536],[7.01818,46.49565],[7.02058,46.4963],[7.02253,46.49729],[7.02453,46.49882],[7.02628,46.5007],[7.02812,46.50308],[7.02973,46.50412],[7.03143,46.50469],[7.03313,46.5046],[7.03465,46.50496],[7.03549,46.50492],[7.03744,46.50578],[7.03887,46.50698],[7.04075,46.50752],[7.04211,46.50915],[7.04287,46.50966],[7.04354,46.51048],[7.04569,46.51222],[7.04611,46.51287],[7.04678,46.51465],[7.04721,46.51525],[7.04871,46.51618],[7.05034,46.51765],[7.0507,46.51826],[7.05097,46.51937],[7.05084,46.52008]]]},"properties":{"_zoneType":"JAGDBANN_CH","name":"Dent de Lys"}},
{"type":"Feature","geometry":{"type":"Polygon","coordinates":[[[7.14827,46.5284],[7.14916,46.52853],[7.15101,46.52784],[7.15301,46.5274],[7.15623,46.52745],[7.15686,46.52702],[7.15819,46.52683],[7.15901,46.52696],[7.16131,46.52787],[7.16196,46.52823],[7.16356,46.52866],[7.16473,46.52972],[7.16735,46.53119],[7.1696,46.53218],[7.17052,46.53227],[7.1708,46.53266],[7.17353,46.53354],[7.17678,46.5358],[7.17821,46.53646],[7.18001,46.53747],[7.18081,46.53804],[7.1815,46.53808],[7.1828,46.53867],[7.18744,46.54275],[7.19001,46.54437],[7.19069,46.545],[7.18103,46.54909],[7.17469,46.55083],[7.17674,46.5522],[7.17722,46.55291],[7.17905,46.55431],[7.18034,46.55457],[7.18108,46.55489],[7.18238,46.55508],[7.18395,46.55583],[7.18516,46.55677],[7.18776,46.55822],[7.1889,46.55856],[7.19145,46.55974],[7.19203,46.55985],[7.19428,46.56083],[7.19489,46.56094],[7.19584,46.56193],[7.19769,46.56264],[7.1993,46.56315],[7.19875,46.5614],[7.1997,46.56141],[7.20038,46.56109],[7.20062,46.55986],[7.2015,46.55927],[7.20139,46.55793],[7.2038,46.55654],[7.2055,46.55662],[7.20603,46.55711],[7.20853,46.55824],[7.20904,46.55799],[7.20987,46.55817],[7.21127,46.55919],[7.21287,46.55975],[7.21598,46.56121],[7.21862,46.56202],[7.22067,46.5623],[7.22091,46.56305],[7.22364,46.56425],[7.22408,46.56461],[7.22559,46.56462],[7.22698,46.56522],[7.22814,46.56601],[7.22955,46.56577],[7.23206,46.56517],[7.23318,46.56572],[7.23349,46.56613],[7.23678,46.56733],[7.23951,46.5678],[7.24087,46.56905],[7.24219,46.5697],[7.245,46.57156],[7.24589,46.5723],[7.24718,46.57294],[7.24858,46.57403],[7.24969,46.57562],[7.24919,46.5781],[7.24889,46.57831],[7.24883,46.5798],[7.24907,46.58072],[7.24881,46.58153],[7.24798,46.58246],[7.24795,46.58283],[7.24664,46.58393],[7.24591,46.58398],[7.245,46.58373],[7.24335,46.58452],[7.24309,46.58497],[7.24148,46.5863],[7.2404,46.58744],[7.23958,46.58773],[7.23876,46.58877],[7.23837,46.59012],[7.23775,46.59146],[7.23738,46.59298],[7.23787,46.59428],[7.23763,46.59485],[7.23777,46.59619],[7.23721,46.5968],[7.23735,46.59843],[7.23834,46.59965],[7.23385,46.59899],[7.23284,46.59903],[7.23069,46.59847],[7.22886,46.59815],[7.22664,46.5979],[7.22564,46.59791],[7.22291,46.59815],[7.21635,46.59845],[7.21454,46.59884],[7.21236,46.5999],[7.2114,46.60024],[7.20588,46.60118],[7.20419,46.60156],[7.2028,46.60206],[7.20206,46.60159],[7.20118,46.6005],[7.20157,46.5995],[7.20165,46.5984],[7.20189,46.5977],[7.20157,46.59666],[7.20034,46.59554],[7.19952,46.59317],[7.19917,46.59271],[7.19926,46.59218],[7.19875,46.58993],[7.19864,46.58884],[7.19902,46.58845],[7.19876,46.58759],[7.19878,46.58642],[7.19827,46.58542],[7.19779,46.5855],[7.19698,46.58494],[7.19643,46.58504],[7.19277,46.58465],[7.19135,46.58469],[7.18987,46.58445],[7.18864,46.58449],[7.1859,46.58363],[7.18357,46.58301],[7.18175,46.5823],[7.18262,46.58178],[7.18371,46.58156],[7.18485,46.58168],[7.18558,46.58156],[7.18614,46.58071],[7.18576,46.5799],[7.18624,46.57885],[7.18616,46.57826],[7.18458,46.57671],[7.18356,46.57605],[7.18238,46.57496],[7.18192,46.57401],[7.1798,46.57257],[7.17665,46.57124],[7.17569,46.57067],[7.17376,46.57108],[7.17389,46.5715],[7.17226,46.57186],[7.17129,46.57257],[7.17009,46.57386],[7.16855,46.57455],[7.16637,46.57618],[7.16423,46.57762],[7.16315,46.57908],[7.16266,46.58019],[7.16124,46.57923],[7.16042,46.57795],[7.15817,46.57683],[7.15794,46.57646],[7.15793,46.57539],[7.15759,46.57387],[7.15719,46.57282],[7.1572,46.57229],[7.15619,46.57124],[7.15516,46.57053],[7.15496,46.56963],[7.15427,46.56894],[7.15327,46.56738],[7.15322,46.56673],[7.15221,46.56512],[7.15171,46.56476],[7.14973,46.56383],[7.14884,46.5621],[7.14869,46.56065],[7.14818,46.55855],[7.14868,46.55735],[7.14898,46.55606],[7.15061,46.55481],[7.15169,46.55357],[7.15229,46.55312],[7.14754,46.54437],[7.14683,46.54368],[7.14455,46.54255],[7.14287,46.54149],[7.14048,46.53968],[7.13986,46.53864],[7.13975,46.53771],[7.14064,46.5362],[7.14138,46.53579],[7.14529,46.53488],[7.14687,46.53423],[7.14711,46.53185],[7.14763,46.5313],[7.14809,46.53023],[7.14794,46.52904],[7.14827,46.5284]]]},"properties":{"_zoneType":"JAGDBANN_CH","name":"Hochmatt-Motélon"}},
{"type":"Feature","geometry":{"type":"Polygon","coordinates":[[[6.79884,46.96658],[6.79834,46.96785],[6.79695,46.96755],[6.79742,46.96824],[6.79675,46.96836],[6.79515,46.96816],[6.79364,46.96774],[6.79209,46.96748],[6.79095,46.96744],[6.78922,46.96764],[6.788,46.96805],[6.78658,46.96774],[6.78584,46.96806],[6.78484,46.96815],[6.78375,46.96856],[6.78192,46.96804],[6.78122,46.96771],[6.77891,46.96612],[6.77781,46.96509],[6.77659,46.96472],[6.77485,46.96514],[6.774,46.96513],[6.77265,46.96463],[6.77104,46.96432],[6.77021,46.96346],[6.76832,46.96237],[6.76566,46.96104],[6.76352,46.96023],[6.75998,46.95855],[6.75715,46.95803],[6.75616,46.95868],[6.75555,46.95875],[6.75352,46.95839],[6.75139,46.95733],[6.74911,46.95589],[6.74808,46.95579],[6.7441,46.95607],[6.7429,46.95608],[6.73999,46.95589],[6.73684,46.95622],[6.73403,46.95567],[6.73282,46.95534],[6.73089,46.95556],[6.73002,46.95606],[6.72922,46.95372],[6.72926,46.95268],[6.72776,46.95292],[6.72852,46.95225],[6.7305,46.95147],[6.73052,46.95112],[6.72886,46.94929],[6.72793,46.94745],[6.72784,46.94705],[6.72666,46.94687],[6.72522,46.94729],[6.72307,46.9472],[6.72228,46.94695],[6.7219,46.94651],[6.72081,46.94588],[6.71999,46.94571],[6.71875,46.94584],[6.71816,46.94623],[6.71705,46.94648],[6.71734,46.94512],[6.71585,46.94387],[6.71731,46.94404],[6.71886,46.94367],[6.7169,46.94295],[6.71791,46.94248],[6.71848,46.94113],[6.71957,46.94064],[6.71892,46.94012],[6.71831,46.93887],[6.71894,46.93837],[6.71929,46.9376],[6.72086,46.93634],[6.7207,46.93525],[6.72026,46.93403],[6.72058,46.93288],[6.72198,46.93154],[6.72326,46.93103],[6.72387,46.93105],[6.72592,46.93069],[6.7266,46.93104],[6.72853,46.93159],[6.72958,46.93158],[6.73138,46.93221],[6.73274,46.93299],[6.73351,46.93311],[6.73455,46.93374],[6.73693,46.9349],[6.73731,46.93531],[6.73872,46.93591],[6.74146,46.9367],[6.74284,46.93688],[6.7475,46.93654],[6.74837,46.93711],[6.75012,46.93737],[6.7512,46.93719],[6.75471,46.93731],[6.75573,46.93716],[6.75729,46.93653],[6.75909,46.93606],[6.7611,46.935],[6.76219,46.93464],[6.76304,46.93408],[6.76472,46.93333],[6.7657,46.93271],[6.76758,46.93188],[6.76884,46.93161],[6.77124,46.93142],[6.77246,46.93153],[6.77456,46.93236],[6.77614,46.93342],[6.77763,46.93597],[6.77781,46.93662],[6.77856,46.93708],[6.77985,46.9388],[6.78062,46.94002],[6.7811,46.94111],[6.78156,46.94388],[6.78148,46.9461],[6.78228,46.94822],[6.78328,46.9488],[6.78364,46.94963],[6.78422,46.95006],[6.78514,46.95119],[6.78598,46.95136],[6.78749,46.95243],[6.78768,46.9529],[6.78881,46.95349],[6.78926,46.95426],[6.78995,46.95461],[6.79023,46.95512],[6.79181,46.95618],[6.79315,46.95655],[6.79383,46.95701],[6.79583,46.9577],[6.79778,46.95891],[6.79829,46.95968],[6.79958,46.96074],[6.8001,46.96177],[6.80015,46.96253],[6.7999,46.96329],[6.80063,46.9646],[6.79898,46.96541],[6.79859,46.96592],[6.79884,46.96658]]]},"properties":{"_zoneType":"JAGDBANN_CH","name":"Creux-du-Van"}},
{"type":"Feature","geometry":{"type":"Polygon","coordinates":[[[7.18911,46.30387],[7.18542,46.30397],[7.1839,46.30337],[7.18135,46.30283],[7.18113,46.30306],[7.17877,46.30366],[7.17769,46.30373],[7.17555,46.30306],[7.17392,46.30307],[7.1721,46.30287],[7.17119,46.30244],[7.16913,46.30211],[7.16861,46.30189],[7.1678,46.30235],[7.16572,46.30181],[7.16379,46.30179],[7.16193,46.30208],[7.16084,46.30182],[7.16026,46.30198],[7.1587,46.3019],[7.15825,46.30227],[7.15864,46.3037],[7.15844,46.3042],[7.15664,46.30476],[7.15332,46.30352],[7.15198,46.30329],[7.15114,46.3027],[7.14992,46.30266],[7.14906,46.30286],[7.14838,46.30256],[7.14688,46.30264],[7.14458,46.30176],[7.14358,46.30154],[7.14211,46.30148],[7.14161,46.30105],[7.13985,46.3006],[7.13903,46.30076],[7.1392,46.30148],[7.13802,46.30394],[7.13766,46.3053],[7.13766,46.30619],[7.13866,46.30694],[7.13828,46.30759],[7.13548,46.30768],[7.13464,46.30801],[7.1331,46.30801],[7.13174,46.30846],[7.13092,46.30909],[7.12939,46.30924],[7.12747,46.30964],[7.12614,46.30977],[7.12495,46.3097],[7.12503,46.30928],[7.12587,46.30908],[7.12746,46.3082],[7.1282,46.30841],[7.12807,46.30759],[7.12773,46.30726],[7.12792,46.30605],[7.12759,46.3055],[7.12612,46.3052],[7.12443,46.30523],[7.12364,46.30504],[7.12294,46.30447],[7.12245,46.30267],[7.12254,46.30146],[7.1222,46.30065],[7.12124,46.3006],[7.11944,46.30101],[7.11773,46.30116],[7.11675,46.30144],[7.11656,46.30179],[7.11516,46.30275],[7.11522,46.30145],[7.11627,46.29965],[7.11576,46.29781],[7.11512,46.2968],[7.11503,46.29628],[7.11623,46.29429],[7.11668,46.29387],[7.11837,46.29385],[7.12135,46.29431],[7.12255,46.29411],[7.12427,46.29448],[7.1255,46.29298],[7.12616,46.29242],[7.12745,46.29173],[7.12822,46.29112],[7.1288,46.29014],[7.13044,46.28906],[7.13294,46.28569],[7.13228,46.28515],[7.13161,46.28572],[7.13085,46.28577],[7.12992,46.28554],[7.12861,46.28562],[7.12811,46.28504],[7.1269,46.28497],[7.12578,46.28456],[7.12597,46.28424],[7.12477,46.28394],[7.12392,46.28396],[7.12197,46.28317],[7.11828,46.2829],[7.11656,46.28241],[7.11596,46.28199],[7.11563,46.28104],[7.11501,46.28059],[7.11379,46.28025],[7.11312,46.27984],[7.11094,46.27912],[7.10808,46.27852],[7.10609,46.27719],[7.10454,46.27635],[7.10568,46.27596],[7.10443,46.27559],[7.10279,46.27534],[7.1018,46.27536],[7.10083,46.27512],[7.09906,46.27338],[7.09702,46.27207],[7.0943,46.27118],[7.09363,46.27055],[7.09389,46.27021],[7.09485,46.27028],[7.09641,46.2699],[7.09674,46.26953],[7.09861,46.26897],[7.09923,46.26952],[7.0997,46.26923],[7.09895,46.26695],[7.09804,46.26641],[7.0989,46.26498],[7.09982,46.26479],[7.10168,46.26494],[7.10229,46.26483],[7.101,46.26278],[7.10205,46.26251],[7.10189,46.26173],[7.10233,46.26151],[7.10194,46.26028],[7.10111,46.26033],[7.10037,46.25975],[7.10027,46.2589],[7.09961,46.25836],[7.09908,46.25753],[7.09934,46.25597],[7.10301,46.25537],[7.10346,46.25501],[7.10611,46.25483],[7.10661,46.25461],[7.10844,46.25431],[7.10922,46.25364],[7.10937,46.25271],[7.10876,46.2523],[7.10795,46.25226],[7.10825,46.25167],[7.10746,46.25066],[7.10698,46.25081],[7.10632,46.25042],[7.10581,46.25055],[7.10468,46.25128],[7.10417,46.25136],[7.10324,46.25107],[7.10214,46.25003],[7.10136,46.24978],[7.10077,46.24926],[7.09985,46.24891],[7.09964,46.24837],[7.09881,46.24769],[7.09881,46.24668],[7.09772,46.24482],[7.0966,46.24384],[7.09594,46.24236],[7.09541,46.24265],[7.09472,46.24219],[7.09454,46.2417],[7.09355,46.2412],[7.092,46.23948],[7.09129,46.23888],[7.0914,46.23799],[7.09018,46.23763],[7.08764,46.23597],[7.08607,46.23538],[7.0848,46.23408],[7.08391,46.23345],[7.08363,46.23276],[7.08453,46.23178],[7.08446,46.23154],[7.08287,46.23005],[7.08209,46.22953],[7.08042,46.22877],[7.07985,46.22804],[7.07916,46.22761],[7.07871,46.22667],[7.07811,46.22608],[7.07705,46.22564],[7.07631,46.22496],[7.07655,46.22407],[7.07615,46.22333],[7.076,46.22232],[7.07632,46.22143],[7.0763,46.22079],[7.07702,46.21909],[7.07702,46.21839],[7.07667,46.21803],[7.07698,46.2172],[7.07652,46.21625],[7.07637,46.21537],[7.07592,46.2149],[7.07576,46.21403],[7.07524,46.21324],[7.07393,46.21218],[7.07253,46.21079],[7.07103,46.21033],[7.07073,46.20975],[7.07157,46.20821],[7.07153,46.20763],[7.07076,46.20667],[7.07074,46.20567],[7.07047,46.20509],[7.07067,46.20448],[7.07009,46.20371],[7.06923,46.20303],[7.06962,46.20271],[7.07006,46.20162],[7.07132,46.20103],[7.07372,46.20022],[7.07398,46.19991],[7.07649,46.19926],[7.07733,46.19893],[7.07836,46.19956],[7.07959,46.19972],[7.08156,46.19975],[7.08667,46.20141],[7.08848,46.20157],[7.08951,46.20248],[7.0902,46.2027],[7.09384,46.20512],[7.09484,46.206],[7.09555,46.20704],[7.09699,46.20774],[7.09868,46.20777],[7.09949,46.20791],[7.10113,46.20899],[7.10156,46.20949],[7.10307,46.21012],[7.10572,46.2106],[7.10695,46.2115],[7.10815,46.21204],[7.10934,46.21321],[7.1106,46.21383],[7.11108,46.21451],[7.11202,46.21509],[7.11275,46.21613],[7.11382,46.21674],[7.11547,46.21733],[7.11563,46.21767],[7.11485,46.2184],[7.1173,46.21989],[7.11756,46.22025],[7.11924,46.22152],[7.11881,46.22188],[7.11949,46.22219],[7.11984,46.22274],[7.12256,46.22344],[7.12201,46.2238],[7.12144,46.22547],[7.12183,46.22637],[7.12182,46.22749],[7.12123,46.22931],[7.12191,46.22992],[7.12232,46.23106],[7.12339,46.23253],[7.12338,46.23307],[7.12434,46.236],[7.1254,46.23686],[7.12617,46.23717],[7.12829,46.23695],[7.13047,46.23687],[7.13419,46.23674],[7.13493,46.23661],[7.1371,46.23686],[7.14079,46.23786],[7.14241,46.23884],[7.14372,46.24005],[7.14402,46.24091],[7.14531,46.2416],[7.14719,46.242],[7.14958,46.24281],[7.15032,46.24326],[7.15016,46.24355],[7.15115,46.24445],[7.15147,46.24567],[7.15138,46.24648],[7.15165,46.24786],[7.15249,46.24967],[7.15352,46.25076],[7.15449,46.25205],[7.1552,46.25274],[7.15647,46.25277],[7.15824,46.25313],[7.15986,46.25307],[7.16174,46.25382],[7.16225,46.25438],[7.16507,46.25641],[7.16587,46.25744],[7.16742,46.25898],[7.16823,46.25943],[7.16884,46.26015],[7.17037,46.26092],[7.17179,46.26106],[7.17172,46.26207],[7.17198,46.26263],[7.17378,46.26451],[7.1743,46.26518],[7.17549,46.26579],[7.17678,46.26687],[7.1774,46.26798],[7.17785,46.26845],[7.17915,46.26906],[7.18099,46.2685],[7.18281,46.26844],[7.18449,46.26867],[7.18637,46.26941],[7.18822,46.27043],[7.1895,46.27306],[7.18865,46.27531],[7.18734,46.27845],[7.18677,46.28118],[7.18631,46.28293],[7.18682,46.28363],[7.18883,46.28417],[7.19029,46.28512],[7.19194,46.28508],[7.19402,46.28533],[7.19408,46.2858],[7.19486,46.28571],[7.19411,46.28724],[7.19387,46.28848],[7.19439,46.28913],[7.19696,46.28918],[7.19064,46.29402],[7.18947,46.29506],[7.18942,46.29726],[7.18907,46.30322],[7.18911,46.30387]]]},"properties":{"_zoneType":"JAGDBANN_CH","name":"Grand Muveran"}},
{"type":"Feature","geometry":{"type":"Polygon","coordinates":[[[7.14827,46.5284],[7.14698,46.52747],[7.14584,46.5272],[7.1447,46.52663],[7.14442,46.52605],[7.14439,46.52429],[7.14366,46.5222],[7.14203,46.5217],[7.1406,46.5204],[7.14031,46.51906],[7.13977,46.51805],[7.13997,46.51713],[7.13896,46.51542],[7.13728,46.51337],[7.13675,46.51089],[7.13636,46.51006],[7.13633,46.50864],[7.13746,46.50804],[7.14024,46.50724],[7.14172,46.50703],[7.14286,46.50665],[7.14355,46.50614],[7.14413,46.50531],[7.14605,46.50539],[7.14727,46.50568],[7.14985,46.50539],[7.1511,46.50543],[7.15239,46.50526],[7.15322,46.50491],[7.15358,46.50428],[7.15425,46.5037],[7.15542,46.50362],[7.15623,46.5038],[7.15764,46.50473],[7.15794,46.50519],[7.15994,46.50636],[7.16122,46.50756],[7.16158,46.50823],[7.16234,46.50887],[7.16279,46.50954],[7.16167,46.5115],[7.16238,46.51175],[7.1636,46.51065],[7.16428,46.50925],[7.16523,46.50896],[7.16661,46.50905],[7.16709,46.50947],[7.16823,46.50953],[7.16933,46.50925],[7.16953,46.50889],[7.16902,46.50798],[7.16993,46.5065],[7.17103,46.5051],[7.17211,46.50483],[7.17218,46.50562],[7.17299,46.50712],[7.17342,46.50864],[7.17443,46.50802],[7.17583,46.50967],[7.17624,46.50955],[7.18135,46.50921],[7.18215,46.5102],[7.18435,46.51143],[7.18638,46.51309],[7.18953,46.51533],[7.19037,46.5164],[7.1921,46.51772],[7.19389,46.51857],[7.1947,46.51941],[7.19595,46.52016],[7.1978,46.52189],[7.19846,46.52309],[7.19892,46.52353],[7.20136,46.52533],[7.20177,46.52623],[7.20188,46.52724],[7.20323,46.52818],[7.20439,46.52838],[7.20486,46.52911],[7.20489,46.52979],[7.20604,46.53082],[7.20731,46.53163],[7.20776,46.53169],[7.20884,46.53274],[7.20782,46.53351],[7.20655,46.53467],[7.20402,46.53675],[7.20098,46.53992],[7.20081,46.54165],[7.19784,46.54349],[7.19339,46.54607],[7.19205,46.54662],[7.19069,46.545],[7.19001,46.54437],[7.18744,46.54275],[7.1828,46.53867],[7.1815,46.53808],[7.18081,46.53804],[7.18001,46.53747],[7.17821,46.53646],[7.17678,46.5358],[7.17353,46.53354],[7.1708,46.53266],[7.17052,46.53227],[7.1696,46.53218],[7.16735,46.53119],[7.16473,46.52972],[7.16356,46.52866],[7.16196,46.52823],[7.16131,46.52787],[7.15901,46.52696],[7.15819,46.52683],[7.15686,46.52702],[7.15623,46.52745],[7.15301,46.5274],[7.15101,46.52784],[7.14916,46.52853],[7.14827,46.5284]]]},"properties":{"_zoneType":"JAGDBANN_CH","name":"Les Bimis-Ciernes Picat"}},
{"type":"Feature","geometry":{"type":"Polygon","coordinates":[[[7.73635,46.59328],[7.73578,46.59283],[7.73338,46.59236],[7.73181,46.59143],[7.73058,46.59127],[7.72862,46.58983],[7.72729,46.58907],[7.72462,46.58717],[7.72303,46.58639],[7.72191,46.58638],[7.72076,46.58721],[7.71977,46.58756],[7.71935,46.5881],[7.71858,46.58839],[7.71832,46.58946],[7.71723,46.58984],[7.7164,46.59073],[7.71474,46.59124],[7.71378,46.59189],[7.71341,46.5924],[7.71254,46.59294],[7.71178,46.59306],[7.71099,46.59378],[7.71087,46.5942],[7.70983,46.59471],[7.70915,46.59471],[7.70867,46.5958],[7.70785,46.5961],[7.70703,46.59682],[7.70704,46.59756],[7.70616,46.59849],[7.70594,46.59932],[7.70486,46.6008],[7.70411,46.60121],[7.70373,46.60214],[7.70038,46.6035],[7.69893,46.60471],[7.69763,46.60532],[7.69729,46.60676],[7.69643,46.6072],[7.69617,46.60777],[7.6974,46.60817],[7.69693,46.60962],[7.69554,46.61001],[7.69427,46.61],[7.69417,46.61092],[7.69343,46.61256],[7.69308,46.61289],[7.69134,46.61322],[7.69017,46.61428],[7.68825,46.61558],[7.68838,46.61498],[7.68781,46.6143],[7.68683,46.61387],[7.6874,46.61316],[7.68838,46.61245],[7.68877,46.61147],[7.68945,46.61118],[7.68877,46.6101],[7.68974,46.60964],[7.69105,46.60801],[7.69129,46.60712],[7.69222,46.60662],[7.693,46.60596],[7.69375,46.60565],[7.69356,46.60507],[7.69251,46.60518],[7.69131,46.60489],[7.69073,46.60519],[7.68931,46.6055],[7.68849,46.60545],[7.68743,46.60492],[7.68737,46.60437],[7.6881,46.60362],[7.68809,46.60303],[7.68763,46.60162],[7.68791,46.60071],[7.68856,46.60015],[7.68839,46.59962],[7.68908,46.59902],[7.69069,46.59855],[7.69122,46.59764],[7.69308,46.59817],[7.69331,46.59807],[7.69442,46.59386],[7.69505,46.59249],[7.695,46.5909],[7.69441,46.58958],[7.69452,46.58851],[7.69428,46.58717],[7.69376,46.58644],[7.69117,46.58322],[7.69078,46.58224],[7.69082,46.58137],[7.6915,46.5801],[7.69206,46.57967],[7.69305,46.57944],[7.6959,46.57972],[7.69675,46.57992],[7.69627,46.57902],[7.69634,46.57838],[7.69542,46.57824],[7.69488,46.57785],[7.69435,46.57697],[7.69369,46.57634],[7.69282,46.57475],[7.69195,46.57405],[7.69264,46.57315],[7.69293,46.57184],[7.69266,46.57081],[7.69317,46.56928],[7.6931,46.5682],[7.6928,46.56689],[7.69289,46.56614],[7.69376,46.56341],[7.69367,46.56085],[7.6948,46.55889],[7.69494,46.55836],[7.69522,46.55569],[7.6962,46.55393],[7.6963,46.55213],[7.69814,46.55083],[7.70008,46.55084],[7.70077,46.5499],[7.70284,46.54855],[7.70453,46.54861],[7.7054,46.54886],[7.70523,46.54816],[7.70604,46.54604],[7.70707,46.54415],[7.70991,46.54196],[7.71083,46.54154],[7.713,46.54119],[7.71257,46.53893],[7.71263,46.53866],[7.71461,46.53461],[7.71576,46.53373],[7.7162,46.53303],[7.71628,46.53175],[7.718,46.53044],[7.72203,46.52874],[7.72227,46.52809],[7.72292,46.52799],[7.72461,46.52694],[7.72662,46.52632],[7.72675,46.52547],[7.72765,46.5247],[7.72771,46.52424],[7.72907,46.52105],[7.72961,46.52011],[7.73058,46.51966],[7.73199,46.51969],[7.73343,46.51937],[7.7348,46.51891],[7.7364,46.5189],[7.73753,46.51832],[7.74009,46.51776],[7.7418,46.51775],[7.74525,46.5175],[7.74772,46.517],[7.74946,46.51655],[7.75049,46.51601],[7.75232,46.51632],[7.75379,46.51622],[7.75637,46.5155],[7.75783,46.51596],[7.7588,46.51642],[7.75966,46.51636],[7.7625,46.51562],[7.76268,46.51529],[7.76463,46.51444],[7.76726,46.51305],[7.76907,46.51229],[7.76972,46.51148],[7.77121,46.51056],[7.77979,46.50576],[7.78009,46.50424],[7.78102,46.50221],[7.78085,46.5018],[7.78109,46.5006],[7.78057,46.49931],[7.78113,46.49827],[7.7855,46.49823],[7.78757,46.49808],[7.78937,46.49776],[7.7911,46.49652],[7.79231,46.49519],[7.79446,46.49549],[7.79595,46.49645],[7.79704,46.49657],[7.7972,46.49685],[7.79915,46.49679],[7.79994,46.49723],[7.80103,46.49694],[7.80245,46.49683],[7.80636,46.49725],[7.80686,46.49744],[7.80813,46.49683],[7.80881,46.49618],[7.80991,46.4962],[7.81151,46.49643],[7.81389,46.4965],[7.81653,46.49772],[7.8181,46.49923],[7.81862,46.49996],[7.81949,46.50075],[7.81979,46.50196],[7.82112,46.50325],[7.82165,46.50336],[7.82181,46.50391],[7.82271,46.50439],[7.82311,46.50488],[7.82297,46.50537],[7.82344,46.50592],[7.82337,46.5064],[7.82415,46.5065],[7.82412,46.50766],[7.82448,46.50789],[7.82528,46.50904],[7.82517,46.50931],[7.82589,46.51035],[7.82599,46.5108],[7.82717,46.51138],[7.82625,46.51337],[7.82575,46.51365],[7.82479,46.51487],[7.82294,46.51613],[7.82178,46.5173],[7.82121,46.51764],[7.82073,46.51847],[7.82009,46.51864],[7.81984,46.51942],[7.81983,46.52071],[7.8196,46.52159],[7.8197,46.52288],[7.82028,46.52408],[7.82002,46.52516],[7.81914,46.52569],[7.81885,46.5263],[7.81795,46.52679],[7.81558,46.52833],[7.81522,46.52875],[7.81366,46.52972],[7.81294,46.53092],[7.81281,46.53212],[7.81176,46.53295],[7.81075,46.53431],[7.81049,46.53492],[7.8105,46.53576],[7.81024,46.53637],[7.81083,46.53697],[7.81061,46.53739],[7.81092,46.5381],[7.81076,46.53887],[7.81031,46.53935],[7.80959,46.54061],[7.80877,46.54175],[7.80763,46.54251],[7.80662,46.54268],[7.80801,46.54389],[7.80967,46.54558],[7.81036,46.54603],[7.81182,46.5466],[7.81311,46.54673],[7.81374,46.54766],[7.81353,46.5487],[7.81355,46.54988],[7.81426,46.55152],[7.81594,46.55228],[7.81714,46.55304],[7.81772,46.55394],[7.8186,46.55465],[7.82041,46.55553],[7.82093,46.55652],[7.82286,46.55859],[7.82354,46.55901],[7.82209,46.56021],[7.82157,46.56081],[7.81969,46.56153],[7.81847,46.56164],[7.81893,46.56223],[7.81975,46.56239],[7.82037,46.56278],[7.82134,46.564],[7.82438,46.56551],[7.82447,46.56597],[7.82533,46.5671],[7.8251,46.56759],[7.82531,46.5681],[7.82494,46.56987],[7.82506,46.57045],[7.82469,46.57149],[7.8247,46.57202],[7.8253,46.5737],[7.82601,46.57425],[7.82618,46.57545],[7.82659,46.57659],[7.82592,46.57786],[7.82469,46.5789],[7.82415,46.57967],[7.82424,46.58034],[7.82475,46.58073],[7.82387,46.58225],[7.82453,46.58324],[7.82534,46.58391],[7.82558,46.58461],[7.8255,46.5853],[7.82499,46.58641],[7.82385,46.58773],[7.82255,46.58871],[7.82165,46.58897],[7.8213,46.58974],[7.82152,46.59084],[7.8212,46.59128],[7.8194,46.59182],[7.81738,46.59285],[7.81657,46.59288],[7.81418,46.59179],[7.81292,46.59132],[7.81261,46.59087],[7.81111,46.58983],[7.80992,46.58927],[7.80863,46.58896],[7.80645,46.58907],[7.80617,46.58875],[7.80511,46.58862],[7.8035,46.58893],[7.80071,46.5883],[7.79952,46.58832],[7.79762,46.58795],[7.79623,46.58749],[7.79512,46.58747],[7.79399,46.58722],[7.79201,46.58584],[7.79038,46.58514],[7.78925,46.58433],[7.78871,46.58443],[7.78644,46.58777],[7.78598,46.58898],[7.78492,46.58964],[7.7831,46.59131],[7.78072,46.59263],[7.77926,46.59295],[7.77683,46.59306],[7.77489,46.59365],[7.77375,46.59474],[7.7716,46.59588],[7.77003,46.59604],[7.76856,46.59583],[7.76589,46.5951],[7.76378,46.59413],[7.76223,46.59403],[7.76098,46.59357],[7.75956,46.59275],[7.75926,46.59322],[7.75827,46.59362],[7.75683,46.59381],[7.75628,46.59329],[7.75556,46.59308],[7.75494,46.59374],[7.75523,46.59422],[7.75541,46.59544],[7.75509,46.59614],[7.75418,46.59634],[7.75428,46.59705],[7.75568,46.59814],[7.75561,46.59857],[7.75487,46.59896],[7.75421,46.59992],[7.75361,46.60039],[7.75291,46.6002],[7.75216,46.60042],[7.75134,46.60097],[7.75106,46.60162],[7.7505,46.60194],[7.75011,46.60285],[7.74928,46.6039],[7.74845,46.60411],[7.74849,46.60448],[7.74743,46.60496],[7.74682,46.60559],[7.74587,46.60594],[7.74413,46.60336],[7.74473,46.60264],[7.74373,46.60215],[7.74343,46.60151],[7.74246,46.60064],[7.74356,46.60013],[7.74339,46.5994],[7.74203,46.59885],[7.74136,46.59774],[7.74025,46.59718],[7.73978,46.59597],[7.73827,46.59473],[7.73813,46.59421],[7.73683,46.5934],[7.73635,46.59328]]]},"properties":{"_zoneType":"JAGDBANN_CH","name":"Kiental"}},
{"type":"Feature","geometry":{"type":"Polygon","coordinates":[[[6.17794,46.54588],[6.17716,46.54621],[6.1767,46.54926],[6.17522,46.54849],[6.17399,46.54729],[6.17284,46.54647],[6.17069,46.54567],[6.16972,46.54484],[6.16831,46.54401],[6.1667,46.54324],[6.16607,46.54277],[6.16329,46.54149],[6.16158,46.5401],[6.15935,46.53872],[6.15653,46.53776],[6.15572,46.53729],[6.15349,46.53683],[6.15222,46.53556],[6.14731,46.53107],[6.14374,46.52777],[6.13796,46.53101],[6.13524,46.52871],[6.12539,46.52081],[6.12064,46.51693],[6.11607,46.51287],[6.11471,46.51154],[6.11255,46.50958],[6.10994,46.50417],[6.10933,46.50321],[6.11055,46.50358],[6.11242,46.50443],[6.11383,46.50377],[6.11428,46.50269],[6.11548,46.50196],[6.117,46.5018],[6.11803,46.50218],[6.11904,46.50209],[6.12035,46.50247],[6.12088,46.50178],[6.12195,46.50192],[6.1225,46.50138],[6.12291,46.50049],[6.12241,46.49945],[6.12064,46.49742],[6.12026,46.49655],[6.1194,46.49524],[6.11895,46.49414],[6.11854,46.4921],[6.11818,46.49163],[6.11816,46.49097],[6.11768,46.49009],[6.11618,46.48846],[6.11479,46.48584],[6.11265,46.48313],[6.12125,46.48169],[6.12169,46.48123],[6.12428,46.48163],[6.12487,46.48205],[6.12582,46.48147],[6.12776,46.48181],[6.12823,46.48151],[6.12796,46.48099],[6.12883,46.48072],[6.13,46.48101],[6.13062,46.48136],[6.13191,46.48243],[6.13267,46.48251],[6.1334,46.48295],[6.13452,46.48408],[6.13562,46.48404],[6.13571,46.48323],[6.13648,46.48311],[6.13819,46.48383],[6.13907,46.48366],[6.13994,46.4831],[6.14126,46.4833],[6.14228,46.48364],[6.14431,46.48325],[6.14519,46.48368],[6.14675,46.48468],[6.15047,46.48509],[6.15143,46.48476],[6.15257,46.4849],[6.15368,46.48485],[6.15478,46.48525],[6.15572,46.48423],[6.15745,46.48399],[6.15887,46.48346],[6.15968,46.48289],[6.16055,46.48316],[6.16173,46.48428],[6.16271,46.48421],[6.16251,46.48372],[6.16272,46.48293],[6.16194,46.48142],[6.16229,46.48093],[6.16327,46.4809],[6.16457,46.48116],[6.16545,46.48046],[6.16612,46.48031],[6.16608,46.47985],[6.16525,46.47922],[6.16532,46.4781],[6.1658,46.47749],[6.16662,46.4772],[6.16806,46.47726],[6.16858,46.47651],[6.17002,46.4766],[6.17101,46.47719],[6.173,46.47714],[6.1739,46.47693],[6.17495,46.47705],[6.17581,46.47623],[6.17609,46.47423],[6.1768,46.47406],[6.17683,46.47322],[6.17783,46.47075],[6.17853,46.46975],[6.17967,46.46926],[6.18087,46.46694],[6.18137,46.46668],[6.18117,46.46581],[6.18217,46.46548],[6.18333,46.4655],[6.18381,46.46515],[6.18621,46.46639],[6.18749,46.46674],[6.18884,46.46658],[6.18956,46.46596],[6.19018,46.46583],[6.19097,46.46613],[6.19204,46.46589],[6.19273,46.46608],[6.19458,46.46617],[6.19593,46.46637],[6.19725,46.46676],[6.19811,46.46747],[6.19929,46.46787],[6.19958,46.46827],[6.20032,46.46848],[6.20205,46.46701],[6.20326,46.467],[6.20366,46.46675],[6.20525,46.46425],[6.20484,46.4662],[6.20521,46.46691],[6.20509,46.46741],[6.20552,46.46791],[6.20652,46.46708],[6.20852,46.46628],[6.20864,46.4656],[6.20945,46.46437],[6.2109,46.46469],[6.21107,46.46415],[6.21241,46.46423],[6.21306,46.4639],[6.21468,46.46449],[6.21599,46.46433],[6.21631,46.46498],[6.2173,46.4648],[6.21852,46.46505],[6.22017,46.46569],[6.21956,46.46646],[6.22109,46.46745],[6.22205,46.46761],[6.22264,46.47019],[6.22227,46.4709],[6.22129,46.47063],[6.2202,46.47062],[6.21822,46.47028],[6.21658,46.47193],[6.21657,46.47311],[6.21567,46.47402],[6.21555,46.47466],[6.21622,46.47517],[6.21684,46.47594],[6.2176,46.47648],[6.21736,46.4768],[6.21647,46.47642],[6.21547,46.47637],[6.21464,46.4761],[6.21388,46.47622],[6.21259,46.47698],[6.21089,46.47743],[6.21088,46.47864],[6.21047,46.47955],[6.20888,46.48176],[6.20852,46.48291],[6.20903,46.48465],[6.20905,46.48571],[6.211,46.48678],[6.20948,46.4868],[6.20864,46.48666],[6.20749,46.48677],[6.20745,46.4861],[6.20695,46.48567],[6.20551,46.48531],[6.2035,46.48462],[6.20226,46.48379],[6.20115,46.48346],[6.20032,46.4825],[6.19918,46.48164],[6.19941,46.48074],[6.19886,46.48029],[6.19655,46.47966],[6.19609,46.47969],[6.19452,46.48078],[6.19346,46.48117],[6.1928,46.48216],[6.19281,46.48296],[6.19191,46.48383],[6.19185,46.48414],[6.19259,46.48543],[6.19362,46.48658],[6.19356,46.48746],[6.19256,46.4885],[6.19251,46.48933],[6.19203,46.48983],[6.19198,46.49061],[6.19114,46.49083],[6.1908,46.49152],[6.18967,46.49209],[6.19052,46.49359],[6.18996,46.49397],[6.18714,46.49507],[6.18473,46.49658],[6.18199,46.49863],[6.18028,46.49879],[6.17931,46.49945],[6.17824,46.50046],[6.17777,46.50117],[6.1783,46.50243],[6.17996,46.50338],[6.18036,46.50394],[6.18157,46.50447],[6.18245,46.50531],[6.18561,46.50809],[6.18631,46.50843],[6.18753,46.5096],[6.18927,46.51084],[6.19068,46.51198],[6.19256,46.51379],[6.1935,46.51533],[6.19419,46.51606],[6.19562,46.51712],[6.19685,46.51748],[6.19916,46.51857],[6.20017,46.51926],[6.19907,46.51973],[6.1991,46.52034],[6.19855,46.52054],[6.19769,46.52018],[6.19728,46.52128],[6.19539,46.52193],[6.19503,46.52245],[6.19471,46.52386],[6.19468,46.52543],[6.1932,46.52689],[6.19121,46.52792],[6.19006,46.52833],[6.18586,46.52895],[6.18453,46.52957],[6.18349,46.53086],[6.1829,46.53124],[6.1821,46.53128],[6.181,46.53174],[6.1809,46.53236],[6.1804,46.5331],[6.18102,46.53376],[6.18071,46.53431],[6.18078,46.53492],[6.18134,46.53539],[6.18105,46.53683],[6.18118,46.53738],[6.18223,46.53862],[6.18267,46.53985],[6.18534,46.54252],[6.1882,46.54425],[6.18925,46.54512],[6.19145,46.54746],[6.19131,46.54786],[6.18988,46.54755],[6.18864,46.54785],[6.18615,46.54703],[6.18478,46.54687],[6.18212,46.54575],[6.18061,46.54603],[6.17794,46.54588]]]},"properties":{"_zoneType":"JAGDBANN_CH","name":"Le Noirmont"}},
{"type":"Feature","geometry":{"type":"Polygon","coordinates":[[[7.18687,46.46189],[7.18614,46.46166],[7.18538,46.46056],[7.18332,46.45919],[7.18247,46.45906],[7.18124,46.45825],[7.18029,46.4579],[7.17751,46.45646],[7.17671,46.45588],[7.17485,46.45525],[7.17537,46.45491],[7.17604,46.45349],[7.17494,46.45307],[7.17386,46.45338],[7.17285,46.45419],[7.1721,46.45388],[7.17108,46.45392],[7.16965,46.45358],[7.16794,46.45273],[7.16759,46.45223],[7.1656,46.45116],[7.16459,46.45094],[7.16389,46.45015],[7.1628,46.4499],[7.16275,46.44914],[7.16174,46.4488],[7.16084,46.44872],[7.16001,46.44834],[7.15897,46.4476],[7.15912,46.44645],[7.15895,46.44586],[7.15757,46.4448],[7.15686,46.44452],[7.1553,46.44435],[7.15326,46.44379],[7.15251,46.44267],[7.15255,46.44156],[7.15324,46.44048],[7.15362,46.43939],[7.15372,46.43854],[7.15486,46.43791],[7.15395,46.4374],[7.1535,46.4367],[7.154,46.43625],[7.1537,46.4357],[7.1521,46.43552],[7.15138,46.43575],[7.14965,46.43568],[7.1477,46.43507],[7.14698,46.43519],[7.14546,46.43504],[7.14359,46.43453],[7.14134,46.43332],[7.13925,46.43294],[7.13785,46.43298],[7.13699,46.43184],[7.13708,46.43152],[7.13664,46.43059],[7.13736,46.43024],[7.13878,46.43006],[7.14075,46.43009],[7.14143,46.42944],[7.14314,46.42895],[7.14426,46.4294],[7.14462,46.42901],[7.14596,46.42909],[7.14687,46.42889],[7.14664,46.42837],[7.14702,46.42803],[7.14825,46.42789],[7.14879,46.42744],[7.15071,46.42698],[7.15173,46.42641],[7.15238,46.4266],[7.1524,46.42707],[7.15364,46.42739],[7.15573,46.42737],[7.15673,46.42722],[7.15817,46.42736],[7.16028,46.42805],[7.16209,46.42812],[7.16275,46.42791],[7.16373,46.42811],[7.16469,46.42783],[7.1657,46.4281],[7.16667,46.42905],[7.1678,46.42931],[7.16891,46.42915],[7.16923,46.42955],[7.17042,46.42994],[7.17136,46.42996],[7.17313,46.42947],[7.17507,46.42947],[7.17763,46.4299],[7.18088,46.42974],[7.18182,46.42983],[7.18343,46.43028],[7.18444,46.43022],[7.18563,46.43038],[7.18671,46.42977],[7.18811,46.43],[7.18877,46.42963],[7.19055,46.42968],[7.19109,46.43031],[7.19232,46.43005],[7.19355,46.42933],[7.19471,46.42835],[7.19686,46.42785],[7.19916,46.42779],[7.19998,46.42748],[7.19945,46.4288],[7.19795,46.43001],[7.19687,46.43055],[7.19648,46.4312],[7.1956,46.43165],[7.19436,46.43277],[7.19322,46.43333],[7.19243,46.43463],[7.19262,46.4354],[7.19314,46.43623],[7.19531,46.44148],[7.19487,46.44202],[7.19596,46.44264],[7.19682,46.44278],[7.19618,46.44345],[7.1965,46.44409],[7.19608,46.44456],[7.19613,46.44508],[7.19566,46.4456],[7.19608,46.44717],[7.19739,46.44803],[7.19747,46.44963],[7.1971,46.45056],[7.19734,46.4513],[7.1983,46.45257],[7.20017,46.45401],[7.20213,46.45449],[7.20292,46.45491],[7.20212,46.45718],[7.2012,46.45765],[7.20009,46.45734],[7.19948,46.45696],[7.19948,46.4564],[7.19847,46.45652],[7.19674,46.45636],[7.19518,46.45599],[7.19324,46.45592],[7.19339,46.45742],[7.19301,46.45803],[7.19198,46.4579],[7.19067,46.46017],[7.19037,46.46101],[7.19102,46.46304],[7.18986,46.46283],[7.18806,46.46202],[7.18687,46.46189]]]},"properties":{"_zoneType":"JAGDBANN_CH","name":"Pierreuse-Gummfluh"}},
{"type":"Feature","geometry":{"type":"Polygon","coordinates":[[[8.09431,46.43081],[8.09413,46.43134],[8.09281,46.43228],[8.09122,46.43389],[8.09076,46.43475],[8.08958,46.43601],[8.08841,46.4376],[8.0872,46.43892],[8.08587,46.43989],[8.08569,46.43966],[8.08458,46.43648],[8.08363,46.43473],[8.08181,46.4319],[8.08062,46.43096],[8.07868,46.42973],[8.0773,46.42901],[8.07405,46.42713],[8.07233,46.42604],[8.07015,46.42418],[8.06892,46.42208],[8.0678,46.42125],[8.06665,46.41981],[8.06633,46.41856],[8.06576,46.41771],[8.06422,46.41638],[8.06375,46.41519],[8.06303,46.41422],[8.0616,46.41038],[8.06099,46.40946],[8.0593,46.40832],[8.0574,46.40757],[8.05646,46.40709],[8.0548,46.40647],[8.05301,46.4062],[8.05023,46.40552],[8.04677,46.40407],[8.04341,46.40318],[8.042,46.40264],[8.04097,46.40265],[8.0382,46.40196],[8.03737,46.40156],[8.03596,46.40044],[8.03519,46.39962],[8.03424,46.39905],[8.03234,46.39841],[8.03065,46.39807],[8.02825,46.39735],[8.02557,46.39702],[8.0248,46.39685],[8.02217,46.39584],[8.02037,46.39543],[8.01913,46.39547],[8.01802,46.39521],[8.01672,46.39435],[8.01474,46.39338],[8.01417,46.39286],[8.01325,46.39256],[8.0119,46.39183],[8.01111,46.39076],[8.01096,46.38939],[8.00885,46.38807],[8.00841,46.38669],[8.00524,46.38462],[8.00492,46.38383],[8.00484,46.38272],[8.00428,46.38203],[8.00415,46.38141],[8.00343,46.38052],[8.00283,46.37934],[8.00236,46.37899],[8.00349,46.37792],[8.00386,46.37619],[8.0046,46.37546],[8.00485,46.37409],[8.004,46.37317],[8.0039,46.37271],[8.00421,46.37183],[8.00359,46.37039],[8.00242,46.37112],[8.00184,46.3699],[8.00089,46.36883],[8.00052,46.36801],[8.00046,46.36728],[8.00093,46.36606],[8.00057,46.36527],[8.00017,46.36497],[7.99941,46.36384],[7.99691,46.36273],[7.99635,46.36178],[7.99621,46.36117],[7.99724,46.36036],[7.99728,46.35925],[7.99691,46.35882],[7.99658,46.35787],[7.99661,46.35697],[7.99588,46.35631],[7.99593,46.35566],[7.99739,46.355],[7.99677,46.35294],[7.99719,46.35172],[7.99819,46.35167],[7.99732,46.34939],[7.99782,46.3484],[7.999,46.34749],[7.99985,46.34721],[8.00081,46.34769],[8.00121,46.34837],[8.00209,46.34908],[8.00311,46.34875],[8.00429,46.34885],[8.00486,46.34917],[8.0065,46.34958],[8.008,46.34936],[8.00889,46.34968],[8.01009,46.34945],[8.01203,46.35008],[8.01482,46.35299],[8.01553,46.35307],[8.01641,46.35366],[8.01754,46.35404],[8.01897,46.35474],[8.01977,46.35614],[8.02196,46.35872],[8.02309,46.35934],[8.02364,46.36013],[8.02422,46.36058],[8.0249,46.36148],[8.02605,46.36266],[8.02587,46.36411],[8.02483,46.36509],[8.02423,46.3649],[8.02357,46.367],[8.02391,46.36818],[8.02548,46.37055],[8.0253,46.37188],[8.02585,46.37254],[8.02711,46.37261],[8.02741,46.37323],[8.02581,46.37607],[8.02691,46.37768],[8.0277,46.38632],[8.02896,46.38725],[8.02997,46.3876],[8.03214,46.38784],[8.0348,46.38895],[8.0363,46.38946],[8.03752,46.3903],[8.0389,46.39077],[8.03926,46.3913],[8.03988,46.39158],[8.04046,46.39262],[8.04121,46.39322],[8.04288,46.39411],[8.04419,46.39414],[8.04591,46.39535],[8.04714,46.39579],[8.05007,46.39728],[8.05238,46.39814],[8.05377,46.39917],[8.05562,46.39984],[8.05707,46.40058],[8.05798,46.40046],[8.05974,46.40113],[8.06137,46.40222],[8.06291,46.40264],[8.06382,46.40342],[8.0651,46.40356],[8.06634,46.40442],[8.06694,46.40453],[8.06763,46.40525],[8.07025,46.4065],[8.07189,46.40697],[8.0708,46.40738],[8.07217,46.40871],[8.07286,46.40995],[8.07392,46.41004],[8.07591,46.41075],[8.07661,46.41065],[8.07651,46.41151],[8.07692,46.4121],[8.07787,46.41179],[8.07905,46.41282],[8.07921,46.41335],[8.07982,46.41403],[8.08044,46.41524],[8.08258,46.41804],[8.08283,46.41966],[8.08279,46.42025],[8.08343,46.42109],[8.08427,46.42117],[8.08503,46.42203],[8.08654,46.42306],[8.08815,46.42309],[8.08883,46.42355],[8.08981,46.42469],[8.09247,46.42632],[8.09318,46.42729],[8.09336,46.42828],[8.09421,46.42979],[8.09431,46.43081]]]},"properties":{"_zoneType":"JAGDBANN_CH","name":"Aletschwald"}},
{"type":"Feature","geometry":{"type":"Polygon","coordinates":[[[7.83084,46.33019],[7.83173,46.32954],[7.8332,46.33023],[7.83573,46.33071],[7.83626,46.33062],[7.83836,46.33099],[7.83926,46.33131],[7.84025,46.33112],[7.8423,46.33138],[7.84326,46.33126],[7.84451,46.33139],[7.84546,46.33208],[7.84779,46.33281],[7.84974,46.33407],[7.85051,46.33504],[7.85196,46.3361],[7.85349,46.33609],[7.85316,46.33502],[7.85304,46.33373],[7.85355,46.33282],[7.85415,46.33236],[7.85711,46.33162],[7.85856,46.33108],[7.85983,46.3312],[7.86092,46.33174],[7.86227,46.33204],[7.86516,46.33314],[7.86631,46.33426],[7.86759,46.33394],[7.86696,46.33235],[7.86735,46.33103],[7.86793,46.33013],[7.8686,46.33],[7.86926,46.33051],[7.87015,46.33045],[7.86971,46.32834],[7.87126,46.32832],[7.87179,46.32805],[7.87377,46.32751],[7.87435,46.32704],[7.8758,46.32657],[7.87772,46.32644],[7.8781,46.32728],[7.87787,46.32962],[7.87826,46.33069],[7.87793,46.33205],[7.87828,46.33306],[7.87839,46.33398],[7.87791,46.33472],[7.87785,46.33545],[7.87855,46.33663],[7.87875,46.33728],[7.87878,46.33841],[7.87931,46.33834],[7.87983,46.33657],[7.8797,46.33595],[7.88004,46.33514],[7.87985,46.33446],[7.8802,46.33417],[7.88002,46.33341],[7.88017,46.33225],[7.88047,46.33193],[7.88088,46.33046],[7.88098,46.32958],[7.88062,46.3286],[7.881,46.32661],[7.8814,46.32585],[7.8809,46.3248],[7.88117,46.32378],[7.88094,46.32232],[7.88064,46.32173],[7.88075,46.31989],[7.88099,46.31955],[7.88103,46.31845],[7.88063,46.31704],[7.88067,46.31495],[7.87974,46.31394],[7.8814,46.314],[7.88218,46.31385],[7.88443,46.31472],[7.88597,46.31512],[7.8865,46.31565],[7.88505,46.31556],[7.88419,46.31595],[7.88486,46.31739],[7.88582,46.31835],[7.88665,46.31888],[7.88783,46.32],[7.88778,46.32085],[7.88881,46.3212],[7.88974,46.32195],[7.89077,46.32237],[7.8911,46.32327],[7.89366,46.32473],[7.89442,46.32533],[7.89568,46.32446],[7.89739,46.32408],[7.89802,46.32381],[7.89956,46.32373],[7.90076,46.32353],[7.90147,46.32312],[7.90224,46.32206],[7.90296,46.3215],[7.90388,46.32177],[7.90429,46.32117],[7.90566,46.32036],[7.90649,46.3204],[7.90722,46.3208],[7.90833,46.32209],[7.9083,46.32271],[7.90782,46.32457],[7.90817,46.32558],[7.90793,46.32611],[7.90815,46.32686],[7.90955,46.32757],[7.91235,46.32823],[7.91495,46.32833],[7.91585,46.32869],[7.91814,46.32901],[7.91908,46.32903],[7.9197,46.32804],[7.91965,46.32744],[7.92139,46.32615],[7.9222,46.32646],[7.9234,46.32642],[7.925,46.32705],[7.92731,46.32751],[7.92949,46.3284],[7.9315,46.32945],[7.93274,46.32971],[7.93397,46.33036],[7.9366,46.32964],[7.93835,46.32905],[7.93962,46.32885],[7.94159,46.32825],[7.94417,46.33029],[7.94419,46.32938],[7.94506,46.32839],[7.94503,46.32712],[7.9461,46.32581],[7.94963,46.32741],[7.95211,46.3294],[7.95264,46.33038],[7.95286,46.33132],[7.95268,46.33321],[7.95235,46.33399],[7.95241,46.33461],[7.95301,46.3349],[7.95405,46.33612],[7.95384,46.33722],[7.95313,46.33816],[7.95328,46.33886],[7.95399,46.33982],[7.95423,46.34053],[7.95412,46.34301],[7.95351,46.34358],[7.9524,46.34382],[7.952,46.34436],[7.95165,46.34546],[7.95187,46.34649],[7.95131,46.34865],[7.94997,46.34968],[7.94912,46.35128],[7.94908,46.35192],[7.94945,46.35329],[7.94885,46.35585],[7.94899,46.35696],[7.94814,46.35833],[7.94715,46.35945],[7.94593,46.36187],[7.94551,46.36292],[7.94489,46.36397],[7.94491,46.36584],[7.94452,46.36662],[7.94343,46.36764],[7.94332,46.36887],[7.94294,46.37002],[7.94272,46.37176],[7.94213,46.37234],[7.9406,46.37316],[7.94009,46.37365],[7.93969,46.37512],[7.93836,46.37682],[7.93824,46.37825],[7.93931,46.37996],[7.93935,46.38073],[7.93819,46.38207],[7.93753,46.38343],[7.93873,46.38434],[7.93864,46.38502],[7.93823,46.3853],[7.93864,46.38628],[7.93929,46.3869],[7.93951,46.38742],[7.93925,46.38811],[7.93868,46.38878],[7.93846,46.39033],[7.93755,46.39109],[7.93697,46.39203],[7.93596,46.39335],[7.93589,46.39408],[7.93657,46.39516],[7.93732,46.39565],[7.93853,46.39734],[7.93961,46.39844],[7.94001,46.40083],[7.93987,46.40132],[7.93998,46.40255],[7.93923,46.40385],[7.93903,46.40453],[7.93932,46.40531],[7.93897,46.40583],[7.93831,46.40605],[7.93706,46.407],[7.93686,46.40736],[7.93558,46.40852],[7.93422,46.40925],[7.93311,46.41033],[7.9319,46.41095],[7.93017,46.41168],[7.92838,46.41218],[7.92718,46.41265],[7.92663,46.41305],[7.92459,46.41243],[7.92235,46.41212],[7.9205,46.4123],[7.91964,46.41209],[7.91779,46.41229],[7.91666,46.41265],[7.91481,46.41272],[7.91299,46.41267],[7.91191,46.41298],[7.91118,46.41266],[7.91031,46.41264],[7.9096,46.412],[7.90874,46.41176],[7.90623,46.41207],[7.90372,46.41268],[7.90335,46.41232],[7.90358,46.41118],[7.90324,46.41087],[7.90402,46.40976],[7.90463,46.40958],[7.90616,46.41051],[7.9082,46.41005],[7.90913,46.4095],[7.90933,46.40893],[7.90999,46.40891],[7.91116,46.40841],[7.91161,46.40779],[7.91181,46.40611],[7.91109,46.40548],[7.91122,46.40481],[7.91078,46.40373],[7.90983,46.40214],[7.90979,46.4014],[7.91072,46.39987],[7.91068,46.39887],[7.9103,46.39602],[7.90961,46.39508],[7.90893,46.39378],[7.90915,46.39258],[7.90896,46.39218],[7.90919,46.3911],[7.90909,46.3895],[7.90797,46.3884],[7.90713,46.38789],[7.907,46.38714],[7.90808,46.38604],[7.90702,46.38546],[7.90569,46.38383],[7.9054,46.38316],[7.90325,46.38127],[7.90261,46.37992],[7.90163,46.37901],[7.90132,46.37825],[7.89972,46.37666],[7.89839,46.37565],[7.89742,46.3752],[7.88618,46.38008],[7.88481,46.38046],[7.88387,46.38134],[7.88301,46.3816],[7.88175,46.38156],[7.88099,46.38176],[7.87991,46.38248],[7.87847,46.38259],[7.87691,46.3823],[7.8766,46.38279],[7.87497,46.38365],[7.87343,46.3841],[7.8729,46.38441],[7.86973,46.38523],[7.86795,46.38528],[7.86299,46.38635],[7.86085,46.38611],[7.85986,46.38666],[7.85755,46.38703],[7.85687,46.38693],[7.85733,46.38536],[7.85707,46.38433],[7.85765,46.38345],[7.85738,46.38096],[7.85718,46.3805],[7.85792,46.37875],[7.85835,46.37712],[7.85821,46.3755],[7.85856,46.37447],[7.85704,46.37486],[7.85615,46.37476],[7.85375,46.37416],[7.85081,46.3725],[7.84938,46.37147],[7.84815,46.37087],[7.84647,46.37032],[7.84571,46.36983],[7.84304,46.36884],[7.84198,46.36856],[7.83867,46.36855],[7.83604,46.36753],[7.83582,46.36713],[7.83578,46.36529],[7.83625,46.36422],[7.83619,46.36384],[7.83626,46.36246],[7.83612,46.36214],[7.83619,46.36007],[7.83569,46.35932],[7.83498,46.35879],[7.83442,46.35712],[7.83452,46.35587],[7.83424,46.3555],[7.83478,46.35432],[7.83442,46.35325],[7.83304,46.35248],[7.83308,46.3514],[7.83373,46.35068],[7.83385,46.34983],[7.83455,46.34898],[7.83454,46.34738],[7.83418,46.34669],[7.8333,46.34561],[7.83277,46.34458],[7.83275,46.34413],[7.83329,46.34299],[7.83293,46.34261],[7.83267,46.34129],[7.83303,46.34077],[7.83281,46.3402],[7.83294,46.33933],[7.8324,46.33845],[7.83246,46.338],[7.83199,46.33672],[7.8305,46.33581],[7.82923,46.33464],[7.82876,46.33442],[7.82765,46.33281],[7.82995,46.33224],[7.83091,46.33185],[7.83129,46.33102],[7.83084,46.33019]]]},"properties":{"_zoneType":"JAGDBANN_CH","name":"Alpjuhorn"}},
{"type":"Feature","geometry":{"type":"Polygon","coordinates":[[[7.83619,46.36384],[7.83526,46.36415],[7.83464,46.36461],[7.83361,46.364],[7.83235,46.36367],[7.8288,46.36399],[7.82719,46.36423],[7.82434,46.36421],[7.82311,46.36471],[7.82041,46.36493],[7.81974,46.36515],[7.81786,46.36528],[7.81678,46.36611],[7.81657,46.36672],[7.81535,46.36781],[7.81488,46.36895],[7.81405,46.36977],[7.81399,46.37078],[7.81327,46.37122],[7.81267,46.37228],[7.8126,46.37283],[7.8142,46.37361],[7.81417,46.37402],[7.81354,46.37434],[7.81213,46.37622],[7.81166,46.37774],[7.81059,46.37855],[7.80976,46.37867],[7.80825,46.37853],[7.80682,46.37747],[7.80494,46.37708],[7.80419,46.37719],[7.80299,46.37692],[7.80243,46.37711],[7.8021,46.3778],[7.80088,46.37888],[7.80058,46.37989],[7.80069,46.38059],[7.80122,46.38136],[7.7997,46.38212],[7.79843,46.38259],[7.79737,46.38187],[7.79672,46.38171],[7.79506,46.38241],[7.79522,46.38293],[7.79483,46.3839],[7.79322,46.38484],[7.79155,46.38599],[7.79095,46.3862],[7.79034,46.38687],[7.78964,46.38707],[7.7876,46.38853],[7.78684,46.38935],[7.78631,46.39029],[7.78631,46.39106],[7.78595,46.39202],[7.78522,46.39253],[7.78437,46.3935],[7.78324,46.39538],[7.78311,46.39664],[7.78249,46.3979],[7.78257,46.39863],[7.78229,46.39908],[7.78129,46.39939],[7.78071,46.3999],[7.78045,46.40055],[7.77939,46.40044],[7.77869,46.40003],[7.77728,46.39978],[7.77636,46.39912],[7.77485,46.39878],[7.77393,46.39832],[7.77306,46.39744],[7.77165,46.39666],[7.77053,46.39636],[7.76919,46.3964],[7.76772,46.39615],[7.76696,46.39498],[7.76603,46.39442],[7.76503,46.39436],[7.76319,46.39308],[7.76188,46.3931],[7.76074,46.39257],[7.75988,46.39172],[7.75923,46.39072],[7.75939,46.3902],[7.75858,46.3892],[7.75903,46.3888],[7.75777,46.38722],[7.75713,46.38685],[7.75681,46.38608],[7.75731,46.38514],[7.75672,46.38433],[7.75636,46.38284],[7.75583,46.38205],[7.75573,46.38112],[7.75531,46.38085],[7.75465,46.37926],[7.75442,46.37836],[7.75434,46.37689],[7.75477,46.37588],[7.75442,46.37525],[7.75443,46.37427],[7.75505,46.37359],[7.75509,46.37215],[7.75432,46.37114],[7.75468,46.3698],[7.75593,46.36756],[7.75649,46.36593],[7.75704,46.36395],[7.75671,46.36325],[7.75673,46.36194],[7.75804,46.36248],[7.75829,46.36219],[7.75913,46.35993],[7.76031,46.35811],[7.76061,46.35696],[7.7601,46.35568],[7.75983,46.35432],[7.75989,46.35364],[7.75942,46.35134],[7.7592,46.34951],[7.76026,46.34715],[7.76126,46.34709],[7.76207,46.348],[7.7624,46.34699],[7.7621,46.34649],[7.76365,46.34578],[7.76414,46.3448],[7.76492,46.34429],[7.76495,46.343],[7.76407,46.34169],[7.76431,46.3407],[7.76397,46.33935],[7.76434,46.33835],[7.76581,46.33753],[7.7662,46.33761],[7.76708,46.33713],[7.76819,46.337],[7.7666,46.33568],[7.76678,46.33498],[7.7666,46.33445],[7.768,46.33469],[7.76927,46.33436],[7.77176,46.3331],[7.77284,46.33302],[7.77443,46.33221],[7.77523,46.33224],[7.7767,46.33191],[7.77959,46.33226],[7.78091,46.3318],[7.78173,46.33207],[7.78302,46.33208],[7.78428,46.33227],[7.78544,46.3321],[7.78623,46.33293],[7.78843,46.33394],[7.78923,46.33414],[7.79001,46.33469],[7.79093,46.33559],[7.79125,46.3364],[7.79236,46.33717],[7.79353,46.33683],[7.7955,46.33721],[7.79673,46.33759],[7.79757,46.33762],[7.79838,46.33814],[7.79998,46.33873],[7.80047,46.34037],[7.80189,46.34215],[7.80272,46.34265],[7.80366,46.34248],[7.80288,46.3415],[7.80324,46.34107],[7.80296,46.33978],[7.80256,46.339],[7.80361,46.33828],[7.80425,46.33687],[7.80437,46.33546],[7.80415,46.3349],[7.80453,46.3345],[7.80427,46.33292],[7.80446,46.33224],[7.80559,46.33275],[7.80628,46.33398],[7.80705,46.33433],[7.80733,46.33543],[7.80787,46.33578],[7.80852,46.33527],[7.80844,46.33403],[7.80916,46.33326],[7.80931,46.33276],[7.80911,46.33151],[7.80733,46.33055],[7.80696,46.33002],[7.80759,46.32888],[7.80771,46.32831],[7.80745,46.32718],[7.80829,46.3256],[7.80953,46.32401],[7.8097,46.32353],[7.81079,46.32242],[7.81048,46.3219],[7.81119,46.32157],[7.8115,46.32289],[7.8124,46.32512],[7.8132,46.32559],[7.81403,46.32645],[7.81454,46.3261],[7.81438,46.32556],[7.81488,46.3252],[7.81447,46.32382],[7.81449,46.32275],[7.81425,46.32108],[7.81463,46.31981],[7.81591,46.32009],[7.81745,46.32092],[7.81894,46.32185],[7.82023,46.3232],[7.82158,46.32418],[7.82336,46.32505],[7.8268,46.32747],[7.82762,46.32792],[7.82849,46.3289],[7.82991,46.32948],[7.83084,46.33019],[7.83129,46.33102],[7.83091,46.33185],[7.82995,46.33224],[7.82765,46.33281],[7.82876,46.33442],[7.82923,46.33464],[7.8305,46.33581],[7.83199,46.33672],[7.83246,46.338],[7.8324,46.33845],[7.83294,46.33933],[7.83281,46.3402],[7.83303,46.34077],[7.83267,46.34129],[7.83293,46.34261],[7.83329,46.34299],[7.83275,46.34413],[7.83277,46.34458],[7.8333,46.34561],[7.83418,46.34669],[7.83454,46.34738],[7.83455,46.34898],[7.83385,46.34983],[7.83373,46.35068],[7.83308,46.3514],[7.83304,46.35248],[7.83442,46.35325],[7.83478,46.35432],[7.83424,46.3555],[7.83452,46.35587],[7.83442,46.35712],[7.83498,46.35879],[7.83569,46.35932],[7.83619,46.36007],[7.83612,46.36214],[7.83626,46.36246],[7.83619,46.36384]]]},"properties":{"_zoneType":"JAGDBANN_CH","name":"Wilerhorn"}},
{"type":"Feature","geometry":{"type":"Polygon","coordinates":[[[7.87286,46.43767],[7.87112,46.43768],[7.86938,46.43706],[7.86807,46.43615],[7.8665,46.43586],[7.8644,46.43478],[7.86299,46.43417],[7.86038,46.43333],[7.8593,46.43321],[7.85853,46.43281],[7.85496,46.43175],[7.85362,46.43155],[7.85251,46.43121],[7.8517,46.43053],[7.85003,46.4303],[7.84909,46.42994],[7.8485,46.42941],[7.84696,46.42901],[7.84553,46.42885],[7.84403,46.42898],[7.84316,46.42845],[7.84301,46.42807],[7.84176,46.42732],[7.84092,46.42715],[7.83872,46.42747],[7.83624,46.42666],[7.83575,46.42632],[7.8349,46.42646],[7.83436,46.42596],[7.83345,46.42582],[7.83112,46.42471],[7.83037,46.42467],[7.82815,46.42363],[7.82687,46.4233],[7.82567,46.42241],[7.8255,46.42196],[7.82334,46.42097],[7.82148,46.42054],[7.8199,46.42033],[7.8182,46.4194],[7.8172,46.419],[7.8165,46.41907],[7.81597,46.41867],[7.81444,46.41796],[7.81547,46.4173],[7.81608,46.41652],[7.81661,46.41632],[7.81737,46.41541],[7.81795,46.41438],[7.8198,46.41293],[7.82045,46.41268],[7.82141,46.41196],[7.82288,46.41028],[7.8242,46.40984],[7.82481,46.40942],[7.82716,46.40857],[7.82899,46.40815],[7.83049,46.4076],[7.83091,46.40773],[7.83377,46.40655],[7.83405,46.40622],[7.83548,46.40554],[7.83768,46.40404],[7.83851,46.4032],[7.83994,46.40049],[7.83954,46.40019],[7.84043,46.39887],[7.84024,46.39749],[7.84061,46.39681],[7.84205,46.39661],[7.84283,46.39624],[7.84436,46.39592],[7.84514,46.39608],[7.84768,46.39575],[7.84855,46.39643],[7.84967,46.39704],[7.85101,46.39804],[7.8513,46.39886],[7.85102,46.40028],[7.85171,46.4008],[7.85609,46.40345],[7.8602,46.40514],[7.86072,46.4053],[7.86081,46.40652],[7.86184,46.40712],[7.8625,46.40707],[7.86305,46.40741],[7.86432,46.40769],[7.865,46.40802],[7.86801,46.40828],[7.86868,46.40947],[7.86966,46.40969],[7.87052,46.41056],[7.8719,46.41019],[7.87333,46.40996],[7.87373,46.41034],[7.87597,46.41035],[7.87637,46.4108],[7.87771,46.41087],[7.87819,46.41112],[7.87879,46.41219],[7.87943,46.41256],[7.88114,46.41272],[7.8826,46.41425],[7.88406,46.41496],[7.88497,46.41497],[7.88631,46.41622],[7.88766,46.41729],[7.88937,46.41819],[7.89184,46.41872],[7.89385,46.41892],[7.89147,46.41962],[7.89113,46.41987],[7.89109,46.42093],[7.89062,46.42113],[7.8903,46.42192],[7.88959,46.42235],[7.88937,46.42294],[7.88835,46.42401],[7.88594,46.42443],[7.88441,46.42534],[7.88276,46.42554],[7.88106,46.42644],[7.87927,46.4277],[7.87727,46.42992],[7.87683,46.43026],[7.87611,46.4317],[7.87482,46.43335],[7.87407,46.43408],[7.87424,46.43453],[7.87417,46.43593],[7.87333,46.43736],[7.87286,46.43767]]]},"properties":{"_zoneType":"JAGDBANN_CH","name":"Bietschhorn"}},
{"type":"Feature","geometry":{"type":"Polygon","coordinates":[[[7.35409,46.06048],[7.35304,46.06135],[7.35156,46.062],[7.34705,46.06274],[7.34533,46.06239],[7.34421,46.06258],[7.34073,46.06245],[7.33961,46.06484],[7.33899,46.06526],[7.33548,46.06516],[7.33463,46.0654],[7.33476,46.06683],[7.3347,46.06846],[7.33386,46.06828],[7.33213,46.0692],[7.33162,46.07052],[7.33208,46.07141],[7.33174,46.0718],[7.33166,46.0726],[7.33181,46.07352],[7.33129,46.0745],[7.32879,46.07439],[7.3248,46.07529],[7.32414,46.07624],[7.3229,46.07682],[7.32161,46.07828],[7.32109,46.0794],[7.31853,46.08018],[7.31773,46.07905],[7.31676,46.07859],[7.31578,46.07851],[7.3143,46.07888],[7.31303,46.07889],[7.31184,46.0787],[7.31094,46.07884],[7.30913,46.07864],[7.30747,46.07967],[7.30525,46.08026],[7.30445,46.08085],[7.30364,46.08098],[7.30263,46.08237],[7.30231,46.08329],[7.29989,46.07125],[7.30038,46.0704],[7.29966,46.07013],[7.29925,46.06919],[7.29931,46.06795],[7.29882,46.06749],[7.29953,46.06691],[7.29919,46.06611],[7.30019,46.06522],[7.29994,46.06473],[7.29995,46.06345],[7.29971,46.06203],[7.29926,46.06153],[7.29727,46.06139],[7.29447,46.06062],[7.29228,46.06085],[7.29197,46.06106],[7.28923,46.0605],[7.28806,46.05986],[7.28728,46.05924],[7.28761,46.05598],[7.28822,46.05482],[7.28931,46.05423],[7.28868,46.05326],[7.28805,46.0512],[7.28714,46.04983],[7.28543,46.04872],[7.28393,46.04745],[7.28247,46.04571],[7.28188,46.04473],[7.28222,46.04418],[7.28333,46.04368],[7.28411,46.04219],[7.28578,46.04057],[7.2871,46.04045],[7.28806,46.04015],[7.28891,46.03913],[7.29045,46.03856],[7.29126,46.03755],[7.29396,46.03675],[7.29587,46.03508],[7.2963,46.03446],[7.29728,46.03424],[7.29762,46.0333],[7.29987,46.03289],[7.30002,46.03354],[7.30061,46.03411],[7.3016,46.03434],[7.30183,46.03475],[7.30385,46.03486],[7.305,46.03474],[7.30574,46.03446],[7.30863,46.03216],[7.30895,46.03165],[7.30686,46.03155],[7.30478,46.03188],[7.30172,46.03111],[7.301,46.03062],[7.30135,46.03021],[7.30193,46.02881],[7.30026,46.02814],[7.29945,46.02839],[7.29839,46.02765],[7.29856,46.02717],[7.29793,46.02693],[7.29656,46.02682],[7.29422,46.02692],[7.29261,46.02737],[7.29176,46.027],[7.29129,46.02646],[7.29189,46.02424],[7.29335,46.02294],[7.29418,46.02205],[7.2946,46.02192],[7.29613,46.0221],[7.29663,46.02152],[7.29728,46.02157],[7.3037,46.02029],[7.3044,46.01922],[7.30524,46.01872],[7.30686,46.01699],[7.307,46.0164],[7.30826,46.01559],[7.30888,46.01477],[7.30888,46.01409],[7.31024,46.01341],[7.31101,46.01281],[7.31129,46.01181],[7.312,46.01127],[7.31287,46.00999],[7.3127,46.00948],[7.31308,46.00893],[7.31283,46.00796],[7.31301,46.00682],[7.31262,46.00519],[7.31231,46.00451],[7.31161,46.00371],[7.31168,46.00329],[7.31101,46.00149],[7.31046,46.00075],[7.31046,45.99978],[7.31072,45.99943],[7.31202,45.99927],[7.31244,45.99893],[7.31374,45.99843],[7.31446,45.99748],[7.31431,45.99702],[7.3147,45.99594],[7.31436,45.99535],[7.31477,45.99423],[7.31478,45.99301],[7.31537,45.99217],[7.3153,45.99108],[7.31582,45.99022],[7.31687,45.98938],[7.3171,45.98792],[7.31815,45.98696],[7.31677,45.98584],[7.31695,45.98525],[7.31668,45.98453],[7.3171,45.98297],[7.31817,45.98139],[7.31878,45.98084],[7.31896,45.98027],[7.31995,45.98078],[7.32092,45.98107],[7.32348,45.98138],[7.32395,45.98217],[7.32477,45.98261],[7.32551,45.98274],[7.32637,45.98329],[7.32743,45.98485],[7.3295,45.98541],[7.33076,45.98649],[7.3324,45.98853],[7.33244,45.98889],[7.33399,45.9901],[7.33496,45.99104],[7.33776,45.99208],[7.33838,45.99274],[7.33835,45.99378],[7.33962,45.9942],[7.34048,45.99495],[7.34543,45.99771],[7.34715,45.99758],[7.34854,45.99793],[7.34939,45.99847],[7.35012,45.99947],[7.35093,45.99882],[7.35122,45.99799],[7.35194,45.99745],[7.35275,45.99644],[7.3537,45.99638],[7.35376,45.99538],[7.35461,45.99447],[7.3546,45.9939],[7.35398,45.99283],[7.35372,45.99124],[7.35395,45.9902],[7.35524,45.98858],[7.35504,45.98812],[7.35494,45.98657],[7.35533,45.9856],[7.35588,45.98507],[7.35617,45.98379],[7.35682,45.98209],[7.35667,45.98168],[7.35666,45.97999],[7.35719,45.97889],[7.35728,45.97776],[7.35781,45.97708],[7.35765,45.97679],[7.35844,45.97631],[7.35856,45.97541],[7.35892,45.97489],[7.35919,45.97352],[7.35894,45.97286],[7.35913,45.97184],[7.36092,45.97157],[7.3635,45.97191],[7.36537,45.97167],[7.3674,45.97114],[7.368,45.97056],[7.36935,45.96998],[7.37031,45.96977],[7.37127,45.9692],[7.37218,45.96922],[7.37338,45.96955],[7.37397,45.96946],[7.37647,45.96963],[7.37812,45.96993],[7.37953,45.96978],[7.38126,45.96994],[7.38296,45.9699],[7.38436,45.96971],[7.38794,45.9687],[7.38814,45.96967],[7.38783,45.97099],[7.38713,45.97233],[7.38555,45.97329],[7.38539,45.97448],[7.38586,45.97549],[7.38397,45.97724],[7.38319,45.9787],[7.38245,45.97913],[7.38114,45.98022],[7.38094,45.98054],[7.38108,45.98142],[7.3815,45.98192],[7.38214,45.98338],[7.38187,45.9837],[7.38186,45.98483],[7.3813,45.9862],[7.38166,45.98815],[7.38103,45.98948],[7.38052,45.99103],[7.3797,45.99242],[7.37873,45.99311],[7.37814,45.9943],[7.37718,45.99516],[7.37654,45.99535],[7.37397,45.99683],[7.37323,45.99764],[7.37381,45.99839],[7.37218,45.99901],[7.37083,45.9991],[7.37044,45.9986],[7.36915,45.99774],[7.36791,45.99773],[7.36757,45.99746],[7.36679,45.99771],[7.3661,45.99751],[7.36538,45.99798],[7.36483,45.99763],[7.3639,45.99802],[7.36309,45.99813],[7.36218,45.99796],[7.36137,45.99838],[7.36116,45.99974],[7.36136,46.00044],[7.36255,46.00093],[7.36303,46.0021],[7.36361,46.00262],[7.36453,46.00262],[7.36468,46.00294],[7.36404,46.00348],[7.36519,46.00351],[7.36764,46.00434],[7.36854,46.00478],[7.37032,46.0053],[7.37285,46.00557],[7.37467,46.00549],[7.37835,46.01096],[7.37713,46.01167],[7.37527,46.01224],[7.37453,46.01298],[7.37354,46.01356],[7.37269,46.01457],[7.37109,46.01543],[7.36918,46.0162],[7.36972,46.01645],[7.36984,46.01764],[7.37099,46.01858],[7.3699,46.0199],[7.37121,46.02205],[7.37137,46.0226],[7.37256,46.0244],[7.37223,46.0255],[7.37136,46.0264],[7.37034,46.02706],[7.36955,46.02727],[7.36868,46.02797],[7.36868,46.02863],[7.36795,46.02955],[7.36799,46.03009],[7.36698,46.03096],[7.36604,46.0309],[7.36628,46.03178],[7.36626,46.03291],[7.36651,46.03343],[7.36656,46.03444],[7.36688,46.03556],[7.3678,46.03617],[7.36854,46.03707],[7.36857,46.03801],[7.36824,46.03859],[7.36743,46.03919],[7.36647,46.03932],[7.36513,46.03902],[7.36332,46.03954],[7.3622,46.03958],[7.36146,46.04016],[7.36097,46.04122],[7.36006,46.04186],[7.3581,46.04457],[7.35588,46.04587],[7.35556,46.04688],[7.3559,46.04753],[7.35553,46.0489],[7.35451,46.05029],[7.35459,46.051],[7.35401,46.0515],[7.35304,46.05275],[7.35404,46.05419],[7.35469,46.05574],[7.35452,46.05631],[7.35303,46.05764],[7.35286,46.0581],[7.35306,46.05894],[7.35363,46.05953],[7.35409,46.06048]]]},"properties":{"_zoneType":"JAGDBANN_CH","name":"Mauvoisin"}},
{"type":"Feature","geometry":{"type":"Polygon","coordinates":[[[7.14337,46.0208],[7.14261,46.02095],[7.14127,46.02066],[7.14053,46.02013],[7.13921,46.01987],[7.13696,46.01884],[7.13635,46.01877],[7.13544,46.01807],[7.13454,46.01833],[7.13301,46.01828],[7.13245,46.01841],[7.13169,46.01809],[7.13119,46.01745],[7.1304,46.01719],[7.12959,46.01633],[7.12986,46.01598],[7.12973,46.0151],[7.12895,46.01452],[7.12874,46.01386],[7.129,46.01277],[7.12944,46.01169],[7.12919,46.01111],[7.12928,46.01045],[7.12874,46.00997],[7.12832,46.00872],[7.12762,46.00802],[7.12744,46.00748],[7.12651,46.00717],[7.12492,46.00575],[7.1247,46.00524],[7.12619,46.00358],[7.12625,46.00265],[7.12681,46.00161],[7.12651,46.00094],[7.1263,45.99909],[7.12657,45.99807],[7.12734,45.99738],[7.12697,45.99628],[7.12742,45.99558],[7.12679,45.99432],[7.12611,45.99381],[7.12609,45.99289],[7.12547,45.99224],[7.12546,45.99116],[7.12594,45.99024],[7.12595,45.98906],[7.12489,45.98858],[7.12483,45.98769],[7.12527,45.98633],[7.12454,45.9861],[7.12516,45.98525],[7.12471,45.98469],[7.1238,45.98249],[7.12389,45.98173],[7.12476,45.98091],[7.12457,45.98029],[7.12377,45.9799],[7.12201,45.97871],[7.12116,45.9786],[7.11768,45.97663],[7.11657,45.97637],[7.11555,45.97515],[7.11481,45.97478],[7.11414,45.9739],[7.11363,45.97361],[7.11324,45.97273],[7.11242,45.97195],[7.11222,45.97103],[7.11098,45.96965],[7.11181,45.96852],[7.11187,45.96789],[7.11131,45.9675],[7.11034,45.96729],[7.10963,45.96667],[7.10995,45.96506],[7.1096,45.96414],[7.10966,45.96327],[7.10994,45.96279],[7.10889,45.96058],[7.10851,45.95957],[7.10756,45.95933],[7.10652,45.95869],[7.10632,45.95789],[7.1056,45.95686],[7.10548,45.95611],[7.10492,45.95582],[7.10418,45.955],[7.10388,45.95376],[7.10345,45.95317],[7.10337,45.95237],[7.1027,45.95077],[7.10248,45.94991],[7.10168,45.94933],[7.10021,45.94771],[7.09941,45.9459],[7.0978,45.94381],[7.09702,45.94326],[7.09649,45.94242],[7.09664,45.94178],[7.09624,45.94063],[7.09693,45.93986],[7.09662,45.93933],[7.09675,45.93753],[7.0963,45.93632],[7.09698,45.93591],[7.09732,45.93481],[7.09693,45.93395],[7.09792,45.93283],[7.09814,45.93209],[7.09713,45.93099],[7.0954,45.92985],[7.09501,45.92884],[7.095,45.9281],[7.09558,45.92698],[7.09766,45.92448],[7.09829,45.92352],[7.09927,45.92299],[7.10064,45.92143],[7.10076,45.92077],[7.10227,45.91962],[7.10282,45.91857],[7.10299,45.91772],[7.10287,45.91692],[7.10376,45.91628],[7.10461,45.91487],[7.10463,45.91369],[7.10551,45.91276],[7.10572,45.9119],[7.10724,45.91055],[7.10839,45.91003],[7.10895,45.90908],[7.10961,45.90894],[7.11169,45.90752],[7.11365,45.90695],[7.11467,45.90637],[7.11544,45.90527],[7.11653,45.90449],[7.11799,45.90405],[7.11894,45.90336],[7.11968,45.90252],[7.11933,45.90161],[7.11956,45.90088],[7.11931,45.89987],[7.12042,45.89971],[7.12128,45.89936],[7.12212,45.89932],[7.124,45.8989],[7.12853,45.89966],[7.13093,45.90031],[7.13283,45.90041],[7.14171,45.90483],[7.14823,45.90668],[7.1485,45.90681],[7.15069,45.9068],[7.15212,45.90704],[7.15308,45.90744],[7.15334,45.90787],[7.15436,45.90786],[7.15638,45.90815],[7.15781,45.90903],[7.16032,45.90974],[7.16195,45.90982],[7.16373,45.91062],[7.16485,45.91153],[7.16554,45.91169],[7.16615,45.91214],[7.16732,45.91235],[7.16983,45.91334],[7.17027,45.91361],[7.17176,45.91401],[7.17217,45.91447],[7.17451,45.91491],[7.17515,45.91524],[7.17573,45.91594],[7.17721,45.91667],[7.17949,45.91727],[7.18045,45.91785],[7.18137,45.9181],[7.1833,45.9183],[7.18543,45.91881],[7.18681,45.9194],[7.1883,45.91942],[7.18876,45.91971],[7.19085,45.92045],[7.1935,45.92058],[7.19403,45.92081],[7.19471,45.92163],[7.19515,45.923],[7.19591,45.92394],[7.19707,45.925],[7.19763,45.92591],[7.19748,45.92622],[7.19897,45.92752],[7.20036,45.92723],[7.20193,45.92769],[7.20221,45.92796],[7.20204,45.92924],[7.20255,45.92988],[7.20286,45.93068],[7.20347,45.93121],[7.20366,45.93186],[7.20347,45.93281],[7.20456,45.93425],[7.20538,45.93499],[7.20588,45.93645],[7.20653,45.9372],[7.20751,45.93865],[7.20749,45.9396],[7.20687,45.94077],[7.20677,45.94196],[7.20706,45.94236],[7.20688,45.94315],[7.20698,45.944],[7.20605,45.94478],[7.20613,45.94541],[7.20532,45.94645],[7.20521,45.94733],[7.20553,45.94755],[7.20491,45.94874],[7.20413,45.94962],[7.20404,45.95081],[7.20316,45.95242],[7.20336,45.95315],[7.20309,45.9537],[7.20281,45.95516],[7.20323,45.95557],[7.20314,45.9567],[7.20373,45.95725],[7.20392,45.95795],[7.20476,45.95974],[7.20462,45.96074],[7.20479,45.96198],[7.20568,45.96351],[7.2058,45.96522],[7.20516,45.96637],[7.20544,45.96702],[7.20498,45.96783],[7.20504,45.96953],[7.20439,45.97048],[7.20328,45.97095],[7.20314,45.97195],[7.20214,45.97304],[7.20137,45.9734],[7.20062,45.9733],[7.20016,45.97358],[7.19927,45.97515],[7.19898,45.976],[7.19785,45.9767],[7.19752,45.97741],[7.19658,45.97763],[7.19593,45.9783],[7.19561,45.97909],[7.19488,45.97958],[7.19356,45.97986],[7.19194,45.9799],[7.19118,45.98074],[7.18979,45.98141],[7.18899,45.98123],[7.18831,45.9814],[7.18821,45.98199],[7.18876,45.98225],[7.18814,45.98331],[7.18788,45.98421],[7.18636,45.98458],[7.18592,45.98605],[7.18554,45.98668],[7.18472,45.98716],[7.18409,45.98786],[7.18392,45.98854],[7.18251,45.98955],[7.18165,45.99061],[7.18091,45.99102],[7.18005,45.99212],[7.17818,45.99313],[7.17695,45.99353],[7.17562,45.9936],[7.17491,45.99434],[7.17455,45.99503],[7.17368,45.9954],[7.17301,45.99631],[7.17391,45.99714],[7.1737,45.9975],[7.17252,45.99765],[7.17163,45.99801],[7.17082,45.99903],[7.16987,46.00055],[7.16989,46.00113],[7.16831,46.00249],[7.16873,46.00279],[7.16873,46.00369],[7.16908,46.00419],[7.16824,46.00473],[7.16672,46.00603],[7.16651,46.00735],[7.16671,46.00789],[7.16569,46.00939],[7.16543,46.01092],[7.16339,46.01199],[7.1634,46.01382],[7.16196,46.01438],[7.15995,46.01447],[7.15868,46.01547],[7.1577,46.01683],[7.15601,46.01704],[7.15539,46.01738],[7.15506,46.01818],[7.15391,46.01818],[7.15332,46.01851],[7.15283,46.01918],[7.15222,46.01897],[7.15045,46.01935],[7.14997,46.01969],[7.14901,46.01958],[7.14806,46.02018],[7.14717,46.02029],[7.14617,46.01984],[7.14543,46.02038],[7.14394,46.02048],[7.14337,46.0208]]]},"properties":{"_zoneType":"JAGDBANN_CH","name":"Val Ferret / Combe de l'A"}},
{"type":"Feature","geometry":{"type":"Polygon","coordinates":[[[7.13047,46.23687],[7.13141,46.23579],[7.13154,46.235],[7.13263,46.23417],[7.13304,46.23221],[7.13436,46.23043],[7.13447,46.2299],[7.13624,46.22881],[7.13748,46.22867],[7.13828,46.22877],[7.13947,46.22924],[7.14006,46.23025],[7.14008,46.23072],[7.14099,46.23179],[7.14304,46.23213],[7.14366,46.23277],[7.14455,46.23324],[7.14713,46.23426],[7.14886,46.23475],[7.1495,46.23617],[7.14912,46.23653],[7.14992,46.23684],[7.152,46.23561],[7.15329,46.23444],[7.15478,46.23414],[7.15905,46.23704],[7.16114,46.23629],[7.16403,46.23611],[7.16574,46.23577],[7.16865,46.2363],[7.16964,46.23688],[7.17044,46.23703],[7.17289,46.23709],[7.17387,46.23737],[7.17437,46.23724],[7.17501,46.23657],[7.17668,46.23572],[7.17776,46.23624],[7.17955,46.23731],[7.18106,46.23739],[7.18296,46.23774],[7.184,46.23804],[7.18576,46.23876],[7.18647,46.23832],[7.18692,46.23858],[7.18904,46.23845],[7.19175,46.23924],[7.19299,46.23988],[7.19422,46.24016],[7.19528,46.24012],[7.19599,46.23948],[7.19798,46.23989],[7.19942,46.23933],[7.20129,46.23921],[7.20304,46.2381],[7.20533,46.23816],[7.2072,46.23769],[7.20744,46.23724],[7.20843,46.23697],[7.20974,46.23581],[7.21103,46.2352],[7.21254,46.23511],[7.2132,46.23439],[7.21301,46.23382],[7.21376,46.23366],[7.21447,46.23287],[7.21591,46.2321],[7.21705,46.23197],[7.21813,46.23135],[7.21939,46.23007],[7.22037,46.22929],[7.22141,46.22877],[7.22272,46.22786],[7.22357,46.22683],[7.22446,46.22613],[7.22494,46.22658],[7.22459,46.22755],[7.22446,46.2286],[7.22463,46.22932],[7.22418,46.23131],[7.22478,46.23191],[7.22485,46.23338],[7.22509,46.23356],[7.22805,46.23431],[7.23019,46.23362],[7.23192,46.23281],[7.23233,46.23278],[7.23346,46.23198],[7.23364,46.23161],[7.23518,46.23073],[7.23611,46.22987],[7.23676,46.22821],[7.23738,46.22757],[7.2376,46.22682],[7.23839,46.22651],[7.24012,46.22488],[7.24113,46.22451],[7.24338,46.22404],[7.24461,46.2241],[7.24507,46.22389],[7.24649,46.22371],[7.24758,46.22426],[7.24889,46.22368],[7.25024,46.22256],[7.25141,46.22352],[7.25169,46.22403],[7.25137,46.22472],[7.25053,46.22562],[7.25062,46.22608],[7.25123,46.22688],[7.25132,46.22749],[7.25254,46.229],[7.25242,46.22971],[7.25283,46.23056],[7.25257,46.23165],[7.25283,46.232],[7.253,46.23377],[7.25274,46.23421],[7.25343,46.23609],[7.25332,46.23649],[7.25331,46.23862],[7.25368,46.23932],[7.25356,46.23973],[7.2522,46.24067],[7.25233,46.24172],[7.2519,46.24224],[7.25215,46.24303],[7.25147,46.24385],[7.25058,46.24369],[7.2497,46.24517],[7.24974,46.24637],[7.25022,46.24728],[7.25009,46.24776],[7.2494,46.24822],[7.2512,46.249],[7.25207,46.24917],[7.25294,46.24896],[7.25393,46.24823],[7.2541,46.24737],[7.2556,46.24675],[7.25647,46.24703],[7.25764,46.24806],[7.25875,46.24858],[7.25976,46.24969],[7.26038,46.24983],[7.26141,46.25088],[7.2622,46.25212],[7.26234,46.25298],[7.26273,46.25349],[7.26382,46.25366],[7.26416,46.25414],[7.26397,46.2555],[7.26439,46.25625],[7.2642,46.25782],[7.26384,46.25864],[7.26385,46.25949],[7.26475,46.2607],[7.26529,46.26254],[7.26604,46.26431],[7.26557,46.26642],[7.26527,46.26709],[7.26533,46.26837],[7.26434,46.26942],[7.26392,46.27076],[7.26462,46.27353],[7.26477,46.2745],[7.26527,46.27569],[7.26557,46.27695],[7.26555,46.27789],[7.26578,46.27898],[7.26652,46.28012],[7.26578,46.28218],[7.26515,46.2833],[7.26357,46.28526],[7.26383,46.28611],[7.26509,46.28722],[7.26496,46.28812],[7.26657,46.29015],[7.26669,46.2909],[7.2676,46.29169],[7.26889,46.29211],[7.26967,46.29254],[7.27215,46.29348],[7.27347,46.29415],[7.27432,46.29506],[7.27499,46.29637],[7.27628,46.29757],[7.27657,46.29823],[7.27781,46.2993],[7.2779,46.30021],[7.27868,46.3008],[7.27902,46.30133],[7.28002,46.30224],[7.27904,46.30324],[7.27854,46.30465],[7.27794,46.3058],[7.27715,46.30652],[7.27666,46.30766],[7.27668,46.30874],[7.27499,46.31012],[7.27432,46.31038],[7.2732,46.31129],[7.27223,46.31141],[7.27078,46.31112],[7.26765,46.31114],[7.26736,46.31144],[7.26655,46.31135],[7.26602,46.31099],[7.26208,46.30972],[7.26052,46.30943],[7.25921,46.30944],[7.25748,46.30903],[7.25659,46.30925],[7.25543,46.30875],[7.25341,46.30894],[7.25281,46.30863],[7.25149,46.30888],[7.25103,46.30918],[7.25004,46.30876],[7.24994,46.30788],[7.24844,46.30706],[7.2465,46.30655],[7.24615,46.3062],[7.24508,46.30637],[7.24361,46.30696],[7.24281,46.30764],[7.24206,46.30746],[7.2407,46.3083],[7.23965,46.30878],[7.23875,46.30893],[7.23788,46.30874],[7.23676,46.30879],[7.23629,46.30859],[7.23504,46.30854],[7.23423,46.30801],[7.23248,46.30774],[7.23164,46.30658],[7.23042,46.30725],[7.22929,46.3075],[7.22852,46.30744],[7.22722,46.30772],[7.22634,46.30816],[7.22475,46.30945],[7.22388,46.30973],[7.22189,46.31081],[7.22097,46.31145],[7.21936,46.31143],[7.21873,46.31183],[7.21805,46.3118],[7.21779,46.31238],[7.2167,46.31286],[7.21359,46.31342],[7.21204,46.31394],[7.21075,46.31338],[7.20959,46.31314],[7.20873,46.31269],[7.20623,46.31207],[7.20563,46.31137],[7.20485,46.31096],[7.20419,46.31004],[7.20376,46.30987],[7.20378,46.30886],[7.20335,46.30729],[7.20259,46.306],[7.20164,46.30489],[7.2016,46.30384],[7.20005,46.30391],[7.1996,46.30421],[7.19782,46.30332],[7.19507,46.30238],[7.19457,46.30239],[7.19269,46.30293],[7.19114,46.30301],[7.18998,46.30339],[7.1896,46.30403],[7.18911,46.30387],[7.18907,46.30322],[7.18942,46.29726],[7.18947,46.29506],[7.19064,46.29402],[7.19696,46.28918],[7.19439,46.28913],[7.19387,46.28848],[7.19411,46.28724],[7.19486,46.28571],[7.19408,46.2858],[7.19402,46.28533],[7.19194,46.28508],[7.19029,46.28512],[7.18883,46.28417],[7.18682,46.28363],[7.18631,46.28293],[7.18677,46.28118],[7.18734,46.27845],[7.18865,46.27531],[7.1895,46.27306],[7.18822,46.27043],[7.18637,46.26941],[7.18449,46.26867],[7.18281,46.26844],[7.18099,46.2685],[7.17915,46.26906],[7.17785,46.26845],[7.1774,46.26798],[7.17678,46.26687],[7.17549,46.26579],[7.1743,46.26518],[7.17378,46.26451],[7.17198,46.26263],[7.17172,46.26207],[7.17179,46.26106],[7.17037,46.26092],[7.16884,46.26015],[7.16823,46.25943],[7.16742,46.25898],[7.16587,46.25744],[7.16507,46.25641],[7.16225,46.25438],[7.16174,46.25382],[7.15986,46.25307],[7.15824,46.25313],[7.15647,46.25277],[7.1552,46.25274],[7.15449,46.25205],[7.15352,46.25076],[7.15249,46.24967],[7.15165,46.24786],[7.15138,46.24648],[7.15147,46.24567],[7.15115,46.24445],[7.15016,46.24355],[7.15032,46.24326],[7.14958,46.24281],[7.14719,46.242],[7.14531,46.2416],[7.14402,46.24091],[7.14372,46.24005],[7.14241,46.23884],[7.14079,46.23786],[7.1371,46.23686],[7.13493,46.23661],[7.13419,46.23674],[7.13047,46.23687]]]},"properties":{"_zoneType":"JAGDBANN_CH","name":"Haut de Cry/Derborence"}},
{"type":"Feature","geometry":{"type":"Polygon","coordinates":[[[7.6669,46.41283],[7.66456,46.41341],[7.66299,46.41359],[7.66161,46.41339],[7.66054,46.41342],[7.65953,46.41292],[7.65725,46.41237],[7.65678,46.41176],[7.65595,46.41153],[7.65497,46.41099],[7.65344,46.41063],[7.65323,46.41026],[7.65179,46.40967],[7.65145,46.4091],[7.65051,46.40872],[7.65033,46.40823],[7.64939,46.40797],[7.64866,46.40708],[7.64834,46.4063],[7.64641,46.40544],[7.64534,46.40544],[7.6447,46.40516],[7.64168,46.40459],[7.64097,46.4047],[7.63803,46.40428],[7.63672,46.40393],[7.63568,46.40314],[7.63393,46.40322],[7.63171,46.40257],[7.63183,46.40214],[7.62862,46.40139],[7.62751,46.40135],[7.62624,46.40106],[7.62519,46.40108],[7.62525,46.40021],[7.62373,46.39962],[7.6228,46.39947],[7.6214,46.39952],[7.62054,46.39926],[7.61906,46.3994],[7.61817,46.39895],[7.61724,46.39902],[7.61706,46.39832],[7.61614,46.398],[7.61543,46.39752],[7.61415,46.3972],[7.61412,46.39814],[7.61547,46.39955],[7.61558,46.40032],[7.61559,46.40252],[7.61512,46.40325],[7.61344,46.40337],[7.61251,46.40313],[7.61167,46.40364],[7.61248,46.40534],[7.61299,46.40605],[7.61362,46.40768],[7.61483,46.40948],[7.61499,46.41023],[7.61715,46.41258],[7.61746,46.41369],[7.61709,46.41492],[7.6166,46.41568],[7.61577,46.41633],[7.61527,46.41744],[7.61433,46.41795],[7.61197,46.41856],[7.61128,46.41842],[7.60966,46.41874],[7.60745,46.4195],[7.60524,46.41983],[7.60345,46.42071],[7.60298,46.42079],[7.60153,46.42054],[7.60133,46.42125],[7.60026,46.42199],[7.59931,46.42195],[7.5985,46.42125],[7.59934,46.42019],[7.59902,46.41954],[7.59917,46.41886],[7.60012,46.41776],[7.60031,46.41693],[7.59981,46.41552],[7.59816,46.41471],[7.59694,46.41368],[7.59607,46.41221],[7.59603,46.4114],[7.59551,46.41143],[7.59284,46.41215],[7.59223,46.4122],[7.5866,46.41366],[7.58522,46.41456],[7.58505,46.41533],[7.58407,46.41573],[7.58382,46.41614],[7.58412,46.41675],[7.57001,46.40378],[7.58015,46.38421],[7.58018,46.38382],[7.57935,46.38234],[7.57979,46.3815],[7.5792,46.38037],[7.57809,46.37996],[7.57671,46.38001],[7.57648,46.37903],[7.5747,46.37852],[7.57395,46.37732],[7.57206,46.37657],[7.57137,46.37588],[7.5719,46.37486],[7.57214,46.37308],[7.57274,46.37243],[7.57252,46.37157],[7.57197,46.37118],[7.5723,46.36988],[7.57402,46.36838],[7.57601,46.3672],[7.57692,46.3659],[7.58012,46.36436],[7.5814,46.36361],[7.5817,46.36181],[7.58259,46.3606],[7.58462,46.35988],[7.58579,46.35988],[7.58698,46.35954],[7.58796,46.35861],[7.58857,46.35772],[7.59003,46.35705],[7.59031,46.35644],[7.59014,46.35573],[7.59086,46.35498],[7.59075,46.3547],[7.59252,46.35276],[7.59247,46.3523],[7.59183,46.35198],[7.59217,46.35161],[7.59167,46.35116],[7.592,46.35083],[7.59169,46.34993],[7.59178,46.34928],[7.59289,46.34875],[7.59334,46.34772],[7.59402,46.34676],[7.59585,46.3465],[7.59721,46.34547],[7.59743,46.34514],[7.59845,46.34514],[7.59985,46.34423],[7.60096,46.3439],[7.60066,46.3448],[7.60019,46.34531],[7.60022,46.34592],[7.59965,46.34653],[7.59973,46.34742],[7.59887,46.34826],[7.5988,46.3493],[7.59958,46.35086],[7.59944,46.35148],[7.59998,46.35338],[7.5999,46.35396],[7.60022,46.35453],[7.60071,46.35619],[7.60165,46.357],[7.60338,46.35789],[7.60334,46.35894],[7.60303,46.35961],[7.6032,46.36063],[7.60268,46.36132],[7.60158,46.36219],[7.6029,46.36221],[7.60438,46.36174],[7.60464,46.36138],[7.60607,46.36132],[7.60777,46.36104],[7.60988,46.36208],[7.61122,46.36226],[7.61268,46.36262],[7.61375,46.36329],[7.61587,46.36373],[7.61842,46.36398],[7.6191,46.36391],[7.61986,46.36338],[7.62065,46.36433],[7.62138,46.36461],[7.62146,46.36594],[7.62186,46.36674],[7.62364,46.36883],[7.62411,46.36979],[7.62426,46.37093],[7.62462,46.3717],[7.62391,46.37335],[7.62419,46.37488],[7.62408,46.37534],[7.62472,46.37614],[7.62433,46.37674],[7.62429,46.37773],[7.62469,46.37862],[7.62431,46.37977],[7.62365,46.38067],[7.62247,46.38147],[7.62189,46.38215],[7.62129,46.38238],[7.62041,46.38324],[7.61903,46.38434],[7.6182,46.38457],[7.61766,46.38519],[7.61865,46.38543],[7.61982,46.38602],[7.6195,46.38752],[7.6197,46.38786],[7.6184,46.38797],[7.61891,46.38852],[7.61999,46.38898],[7.62152,46.38925],[7.62316,46.38836],[7.62388,46.38815],[7.62455,46.3884],[7.62521,46.38774],[7.62601,46.38753],[7.62791,46.38619],[7.62942,46.38581],[7.63139,46.38504],[7.63326,46.38497],[7.63361,46.38434],[7.63506,46.38428],[7.63743,46.38541],[7.63887,46.38594],[7.63945,46.386],[7.64046,46.38672],[7.64142,46.38707],[7.64277,46.38693],[7.6441,46.38704],[7.64495,46.38762],[7.64767,46.38809],[7.64815,46.3886],[7.64896,46.38899],[7.64946,46.38866],[7.65187,46.3879],[7.65268,46.38735],[7.65403,46.38702],[7.65533,46.38652],[7.65568,46.38607],[7.6572,46.38491],[7.65532,46.38495],[7.65343,46.38478],[7.6508,46.38442],[7.64972,46.38405],[7.64945,46.38364],[7.64833,46.3832],[7.64732,46.38322],[7.64675,46.3827],[7.64652,46.38202],[7.64679,46.38121],[7.64952,46.38104],[7.6503,46.3809],[7.65253,46.38011],[7.65309,46.37965],[7.65443,46.37928],[7.65707,46.37739],[7.65834,46.37676],[7.66189,46.37716],[7.66337,46.37694],[7.6652,46.37706],[7.66743,46.37698],[7.66929,46.37642],[7.67107,46.37616],[7.67145,46.37667],[7.67293,46.37714],[7.67486,46.37715],[7.67797,46.37732],[7.6806,46.37764],[7.68267,46.37812],[7.68337,46.37841],[7.68472,46.37867],[7.68535,46.37912],[7.68747,46.38006],[7.68761,46.38092],[7.68822,46.38135],[7.68806,46.38188],[7.68851,46.38295],[7.68816,46.38351],[7.68858,46.38394],[7.68844,46.38481],[7.68907,46.38526],[7.68955,46.38607],[7.69107,46.38691],[7.6924,46.38726],[7.6921,46.38777],[7.69132,46.38797],[7.68994,46.38914],[7.68932,46.39004],[7.68986,46.39041],[7.68972,46.39088],[7.68899,46.39126],[7.69011,46.39166],[7.69041,46.39221],[7.69235,46.39322],[7.69328,46.39345],[7.69489,46.39463],[7.69488,46.3948],[7.69667,46.39583],[7.69879,46.39884],[7.70074,46.40052],[7.70134,46.40138],[7.70248,46.40243],[7.70318,46.40355],[7.70465,46.40436],[7.70539,46.40611],[7.70634,46.40666],[7.70682,46.408],[7.70779,46.40906],[7.70711,46.41042],[7.70632,46.41088],[7.70564,46.41076],[7.70524,46.41115],[7.70476,46.41225],[7.70461,46.41342],[7.70508,46.41572],[7.70433,46.41678],[7.70235,46.4178],[7.69911,46.41908],[7.69827,46.41976],[7.69687,46.42116],[7.69635,46.42197],[7.69473,46.42321],[7.69361,46.42465],[7.69217,46.42459],[7.69101,46.42488],[7.69022,46.42468],[7.6892,46.42367],[7.68919,46.42331],[7.68834,46.42227],[7.68644,46.42167],[7.68537,46.42117],[7.68153,46.41905],[7.6791,46.41799],[7.67684,46.41666],[7.67537,46.41611],[7.67495,46.41562],[7.67394,46.41548],[7.67185,46.41469],[7.67066,46.41434],[7.6699,46.41388],[7.66867,46.41343],[7.66716,46.41313],[7.6669,46.41283]]]},"properties":{"_zoneType":"JAGDBANN_CH","name":"Leukerbad"}},
{"type":"Feature","geometry":{"type":"Polygon","coordinates":[[[8.10404,46.72304],[8.10494,46.72403],[8.10478,46.72435],[8.10479,46.72661],[8.09817,46.72951],[8.09789,46.72887],[8.0969,46.72872],[8.09556,46.72775],[8.09313,46.72868],[8.09268,46.72811],[8.0902,46.72813],[8.08977,46.72767],[8.08868,46.72792],[8.08729,46.72789],[8.08616,46.7281],[8.08543,46.72801],[8.08335,46.72682],[8.08281,46.72732],[8.08177,46.72697],[8.08123,46.72625],[8.07966,46.72649],[8.07781,46.7261],[8.07656,46.72541],[8.07545,46.72518],[8.07451,46.72444],[8.07317,46.72381],[8.0733,46.72306],[8.07409,46.7215],[8.07315,46.72099],[8.07166,46.71953],[8.07169,46.71896],[8.0713,46.71806],[8.07028,46.71787],[8.06928,46.71718],[8.06747,46.71627],[8.06573,46.71638],[8.06463,46.71591],[8.06307,46.71604],[8.06173,46.71587],[8.06069,46.7155],[8.05726,46.7154],[8.0576,46.71481],[8.05703,46.71398],[8.0566,46.71297],[8.05723,46.71192],[8.05773,46.71179],[8.05728,46.71103],[8.05499,46.71002],[8.05423,46.70985],[8.05317,46.70875],[8.05187,46.70805],[8.04996,46.70752],[8.04717,46.70742],[8.0457,46.70752],[8.04457,46.70735],[8.04467,46.70685],[8.04426,46.70543],[8.04386,46.70526],[8.04366,46.70388],[8.04156,46.70304],[8.04041,46.70343],[8.03886,46.7032],[8.03753,46.70236],[8.03703,46.70123],[8.03544,46.70044],[8.03482,46.69971],[8.03453,46.69861],[8.03458,46.69794],[8.03413,46.69698],[8.03486,46.69541],[8.03461,46.69448],[8.0349,46.69363],[8.03299,46.69338],[8.03224,46.6916],[8.03119,46.6913],[8.03084,46.69079],[8.02974,46.69046],[8.02902,46.69046],[8.02741,46.69099],[8.02541,46.69066],[8.02371,46.69054],[8.02352,46.69027],[8.02185,46.68989],[8.02048,46.68925],[8.01866,46.68861],[8.01778,46.68788],[8.01665,46.68738],[8.01503,46.68645],[8.01431,46.68483],[8.01334,46.68398],[8.01342,46.68295],[8.01245,46.68208],[8.01203,46.68063],[8.01144,46.67987],[8.0125,46.67796],[8.01292,46.6761],[8.01245,46.67538],[8.01186,46.67517],[8.01108,46.67539],[8.0102,46.67488],[8.00953,46.67421],[8.0085,46.67413],[8.00775,46.6743],[8.00567,46.67416],[8.00487,46.67348],[8.00302,46.67384],[8.00165,46.67367],[8.00094,46.67405],[8.00021,46.67482],[7.99981,46.67466],[8.00085,46.67395],[8.00149,46.672],[8.00304,46.67106],[8.00415,46.67101],[8.0054,46.67117],[8.00616,46.67072],[8.00913,46.6715],[8.01043,46.67156],[8.011,46.6712],[8.01278,46.6711],[8.01333,46.67149],[8.01516,46.67158],[8.01593,46.67181],[8.01667,46.67165],[8.01711,46.67194],[8.01819,46.67202],[8.01866,46.67171],[8.0212,46.67137],[8.02172,46.67057],[8.02289,46.66989],[8.02315,46.66952],[8.02415,46.66919],[8.02463,46.66839],[8.02754,46.66793],[8.02917,46.66854],[8.02989,46.66866],[8.03071,46.66845],[8.03173,46.6685],[8.03324,46.66827],[8.03459,46.66788],[8.03504,46.66792],[8.03668,46.66751],[8.03719,46.66752],[8.03917,46.66704],[8.04117,46.66685],[8.04297,46.66712],[8.04401,46.66687],[8.04549,46.66718],[8.04569,46.66611],[8.04681,46.66517],[8.0465,46.6643],[8.04779,46.66389],[8.04855,46.66334],[8.05015,46.66294],[8.05149,46.66237],[8.05293,46.661],[8.0547,46.66056],[8.05574,46.66071],[8.05636,46.66035],[8.05702,46.66071],[8.05872,46.66097],[8.05967,46.66165],[8.06203,46.66177],[8.06266,46.66259],[8.06389,46.66312],[8.06652,46.66357],[8.06814,46.66436],[8.07189,46.66358],[8.07464,46.66386],[8.07699,46.66461],[8.0775,46.66448],[8.07953,46.66474],[8.08069,46.66433],[8.08198,46.66445],[8.08373,46.66496],[8.08432,46.66531],[8.08525,46.6652],[8.08632,46.66554],[8.08848,46.66508],[8.08913,46.66572],[8.09059,46.66632],[8.0918,46.66644],[8.09299,46.66573],[8.09408,46.66551],[8.09584,46.66466],[8.09588,46.66249],[8.09548,46.66072],[8.09511,46.66017],[8.09554,46.65954],[8.09729,46.65936],[8.10008,46.65762],[8.10003,46.65707],[8.10159,46.65601],[8.10208,46.65554],[8.10329,46.6554],[8.1038,46.65488],[8.10425,46.65401],[8.10512,46.65313],[8.10635,46.65112],[8.10729,46.65014],[8.10732,46.64989],[8.12242,46.65426],[8.14118,46.66341],[8.15011,46.66518],[8.16638,46.66145],[8.17604,46.66677],[8.17681,46.66768],[8.17826,46.6689],[8.17952,46.671],[8.17989,46.67137],[8.17996,46.67207],[8.18179,46.67244],[8.18238,46.67281],[8.18215,46.6734],[8.18225,46.67437],[8.18355,46.67593],[8.18418,46.67626],[8.18436,46.67697],[8.18501,46.67739],[8.18489,46.67779],[8.18405,46.67841],[8.18356,46.67955],[8.18291,46.68002],[8.18396,46.68063],[8.18644,46.68078],[8.18704,46.68122],[8.18727,46.68186],[8.18831,46.68285],[8.18835,46.68398],[8.18496,46.68776],[8.18379,46.68857],[8.18324,46.68923],[8.18258,46.69051],[8.18186,46.69096],[8.18143,46.69192],[8.18067,46.69275],[8.17856,46.69409],[8.17718,46.69454],[8.17645,46.69516],[8.1756,46.69546],[8.17511,46.69623],[8.17339,46.6969],[8.17213,46.69846],[8.17256,46.69948],[8.17388,46.70049],[8.17482,46.7007],[8.17517,46.70116],[8.17508,46.70178],[8.17566,46.70321],[8.17512,46.70421],[8.17566,46.70514],[8.17545,46.70578],[8.17428,46.70644],[8.17431,46.70763],[8.17363,46.70859],[8.1717,46.71029],[8.17011,46.71099],[8.16944,46.71193],[8.16864,46.71236],[8.16769,46.71214],[8.16638,46.71301],[8.16602,46.7138],[8.16458,46.71439],[8.16434,46.71477],[8.16316,46.71522],[8.16276,46.71595],[8.16172,46.71659],[8.15991,46.71727],[8.15855,46.7174],[8.15619,46.71854],[8.15555,46.71865],[8.15403,46.71942],[8.15278,46.7196],[8.15239,46.71934],[8.15151,46.7199],[8.15014,46.71989],[8.14837,46.72013],[8.14693,46.72054],[8.1458,46.72049],[8.14449,46.72024],[8.14211,46.72042],[8.14047,46.72021],[8.14022,46.71972],[8.14019,46.7184],[8.14042,46.7176],[8.13125,46.7084],[8.11298,46.71239],[8.11261,46.7152],[8.10851,46.71813],[8.09774,46.71662],[8.09691,46.71725],[8.09827,46.71831],[8.09841,46.71915],[8.09938,46.72074],[8.10055,46.72161],[8.10144,46.722],[8.10269,46.72209],[8.10381,46.72262],[8.10404,46.72304]]]},"properties":{"_zoneType":"JAGDBANN_CH","name":"Schwarzhorn"}},
{"type":"Feature","geometry":{"type":"Polygon","coordinates":[[[7.71675,46.28413],[7.71645,46.28432],[7.71514,46.28413],[7.71341,46.28321],[7.71251,46.28291],[7.71212,46.28247],[7.71105,46.28204],[7.71089,46.28157],[7.7099,46.28108],[7.70945,46.28063],[7.70917,46.27971],[7.70959,46.27897],[7.70961,46.27822],[7.70886,46.27794],[7.70898,46.27737],[7.7083,46.27654],[7.70837,46.2762],[7.70931,46.27519],[7.70879,46.27448],[7.7085,46.27363],[7.70877,46.27166],[7.70983,46.27097],[7.71029,46.27028],[7.71012,46.26977],[7.71024,46.26863],[7.71062,46.26829],[7.71059,46.26703],[7.7112,46.26659],[7.71072,46.26614],[7.71153,46.26464],[7.71091,46.26418],[7.71013,46.26497],[7.70912,46.26551],[7.70962,46.26425],[7.70865,46.26433],[7.70845,46.26506],[7.70726,46.26554],[7.70609,46.26652],[7.70598,46.26707],[7.70515,46.26786],[7.70392,46.26836],[7.70263,46.26958],[7.70103,46.26921],[7.69926,46.26906],[7.69709,46.26819],[7.69644,46.26806],[7.69518,46.26733],[7.69411,46.26644],[7.69341,46.26616],[7.69203,46.26613],[7.68925,46.26551],[7.68742,46.26476],[7.68565,46.26695],[7.68411,46.2683],[7.68198,46.26922],[7.68083,46.26956],[7.67877,46.26933],[7.67667,46.26729],[7.67535,46.26624],[7.67499,46.26559],[7.67431,46.26501],[7.67347,46.26471],[7.67146,46.26425],[7.66973,46.26308],[7.66845,46.26148],[7.66755,46.26069],[7.66749,46.25875],[7.66846,46.25739],[7.66851,46.25637],[7.66703,46.25501],[7.66675,46.25451],[7.66609,46.25448],[7.66512,46.25332],[7.66438,46.25266],[7.66312,46.25205],[7.66335,46.25108],[7.66415,46.25031],[7.66499,46.24923],[7.66523,46.24861],[7.66477,46.24809],[7.66356,46.24749],[7.66177,46.24682],[7.66089,46.24635],[7.65939,46.24527],[7.65838,46.24436],[7.65756,46.24383],[7.6569,46.24366],[7.65637,46.24315],[7.65593,46.24229],[7.65585,46.24057],[7.65516,46.23992],[7.65369,46.23909],[7.65437,46.23885],[7.65507,46.23819],[7.65524,46.23699],[7.65547,46.23666],[7.65541,46.23569],[7.65642,46.23516],[7.65685,46.23437],[7.65686,46.23238],[7.65724,46.23138],[7.65882,46.22987],[7.65945,46.22856],[7.66,46.22807],[7.66071,46.22784],[7.66069,46.22677],[7.66089,46.22634],[7.6614,46.22332],[7.66341,46.22368],[7.66689,46.22333],[7.66744,46.22356],[7.6684,46.22337],[7.66997,46.22381],[7.67093,46.22377],[7.67143,46.22295],[7.67192,46.22274],[7.67277,46.22171],[7.67585,46.22074],[7.67625,46.22037],[7.67776,46.22039],[7.67888,46.21929],[7.6797,46.21873],[7.68018,46.21783],[7.68094,46.21754],[7.68158,46.21699],[7.68242,46.21683],[7.68322,46.21609],[7.68486,46.21505],[7.68585,46.21457],[7.68727,46.21443],[7.69039,46.21367],[7.6917,46.21383],[7.69213,46.21426],[7.69391,46.21462],[7.69529,46.21442],[7.6955,46.21476],[7.69683,46.2155],[7.6977,46.21629],[7.69839,46.21603],[7.70062,46.21561],[7.70109,46.2146],[7.70122,46.21373],[7.70173,46.21344],[7.70176,46.2128],[7.70232,46.21246],[7.70184,46.20989],[7.70263,46.20976],[7.70458,46.21043],[7.7046,46.21091],[7.70527,46.21136],[7.70506,46.21181],[7.70576,46.21261],[7.70629,46.21386],[7.70671,46.21407],[7.70749,46.21612],[7.70845,46.21651],[7.70881,46.21737],[7.70963,46.21858],[7.70969,46.21987],[7.71032,46.22144],[7.71114,46.22215],[7.71141,46.22348],[7.71116,46.22378],[7.71133,46.22486],[7.7117,46.2255],[7.71296,46.22458],[7.71459,46.22414],[7.71524,46.22379],[7.71814,46.22308],[7.72003,46.22276],[7.72204,46.22257],[7.72409,46.22296],[7.72576,46.22293],[7.72615,46.22239],[7.72747,46.22253],[7.72803,46.22236],[7.7291,46.22293],[7.73037,46.22293],[7.73335,46.22343],[7.73474,46.22316],[7.73588,46.22332],[7.73744,46.22334],[7.73848,46.22351],[7.74053,46.22314],[7.74091,46.22353],[7.74119,46.22479],[7.74189,46.22531],[7.74696,46.22542],[7.7481,46.22588],[7.74891,46.22552],[7.75072,46.22541],[7.7521,46.22593],[7.75342,46.22613],[7.75475,46.22616],[7.75706,46.22601],[7.75578,46.22797],[7.75558,46.22847],[7.75445,46.22967],[7.75249,46.23024],[7.75161,46.23066],[7.7502,46.23086],[7.74725,46.23084],[7.74404,46.23116],[7.74181,46.23173],[7.74048,46.23279],[7.74011,46.23336],[7.73985,46.23453],[7.74025,46.23574],[7.74041,46.23714],[7.74146,46.23714],[7.74422,46.23784],[7.74468,46.23825],[7.74572,46.24027],[7.74607,46.24048],[7.74714,46.24199],[7.74723,46.24244],[7.74838,46.24357],[7.74862,46.2444],[7.74972,46.24526],[7.75071,46.24563],[7.75098,46.24605],[7.75064,46.24701],[7.75055,46.24791],[7.74909,46.25029],[7.74804,46.25146],[7.74762,46.25245],[7.74718,46.25286],[7.74635,46.25472],[7.74636,46.25551],[7.74479,46.25675],[7.74364,46.25798],[7.74245,46.25865],[7.74043,46.25999],[7.73955,46.26082],[7.73934,46.26213],[7.73988,46.26317],[7.73944,46.26458],[7.73806,46.26641],[7.73707,46.2681],[7.73705,46.26882],[7.73602,46.27066],[7.73503,46.27311],[7.7354,46.27384],[7.73467,46.27377],[7.73383,46.27321],[7.73253,46.27296],[7.73158,46.27404],[7.73114,46.27495],[7.72997,46.27589],[7.72817,46.27833],[7.72661,46.27971],[7.72594,46.28057],[7.72382,46.28085],[7.72334,46.28148],[7.72076,46.28354],[7.72013,46.28374],[7.71852,46.28379],[7.71675,46.28413]]]},"properties":{"_zoneType":"JAGDBANN_CH","name":"Turtmanntal"}},
{"type":"Feature","geometry":{"type":"Polygon","coordinates":[[[7.37835,46.01096],[7.38221,46.01114],[7.38351,46.01053],[7.38613,46.01021],[7.38731,46.01036],[7.38814,46.00919],[7.38871,46.00799],[7.38917,46.00743],[7.39205,46.00607],[7.39362,46.00461],[7.39543,46.00147],[7.3957,46.0008],[7.39657,45.99971],[7.39752,45.99889],[7.3973,45.99765],[7.39762,45.99705],[7.39919,45.99576],[7.39996,45.99455],[7.40049,45.99612],[7.40003,45.99665],[7.39918,45.99713],[7.39916,45.99745],[7.40054,45.9981],[7.40133,45.99877],[7.40258,45.99948],[7.40359,46.00083],[7.40437,46.00167],[7.40531,46.00214],[7.40718,46.00251],[7.40809,46.00313],[7.40934,46.00525],[7.41126,46.00652],[7.41333,46.00822],[7.41404,46.00871],[7.41556,46.00937],[7.41647,46.01063],[7.41703,46.01091],[7.41762,46.01051],[7.4186,46.0105],[7.41904,46.01103],[7.42114,46.01167],[7.4229,46.01234],[7.42447,46.01347],[7.42585,46.01427],[7.42696,46.01475],[7.42939,46.01542],[7.43048,46.01555],[7.43171,46.01622],[7.43195,46.01749],[7.43259,46.01788],[7.43195,46.0196],[7.43255,46.02161],[7.43246,46.02364],[7.43203,46.02522],[7.4328,46.02602],[7.43361,46.02715],[7.43476,46.03008],[7.43465,46.03086],[7.43493,46.03258],[7.4352,46.03325],[7.43496,46.03485],[7.43512,46.03538],[7.43396,46.03574],[7.43175,46.03616],[7.4303,46.03703],[7.4292,46.03791],[7.42815,46.03903],[7.42735,46.03967],[7.42657,46.04074],[7.42702,46.04212],[7.42724,46.04353],[7.42714,46.04444],[7.42847,46.04607],[7.43035,46.04722],[7.43005,46.04823],[7.43026,46.04938],[7.43169,46.05108],[7.43322,46.05228],[7.43348,46.05286],[7.43321,46.05347],[7.43301,46.05472],[7.43375,46.05542],[7.43379,46.05625],[7.43306,46.05691],[7.43356,46.05842],[7.43386,46.05889],[7.4337,46.06004],[7.43396,46.06278],[7.43384,46.06569],[7.43133,46.06592],[7.43018,46.0662],[7.42854,46.06683],[7.42735,46.0669],[7.42755,46.06896],[7.42698,46.06966],[7.42608,46.07028],[7.42517,46.07154],[7.42503,46.07221],[7.42573,46.07331],[7.42543,46.07436],[7.42583,46.07598],[7.42583,46.07678],[7.42398,46.07758],[7.42275,46.07898],[7.42206,46.07912],[7.42283,46.07973],[7.42191,46.08004],[7.42185,46.08209],[7.4231,46.08159],[7.42335,46.08192],[7.4224,46.0834],[7.42163,46.08381],[7.42079,46.08473],[7.41951,46.08458],[7.41877,46.08374],[7.41784,46.08319],[7.41693,46.0823],[7.41603,46.08271],[7.41486,46.083],[7.41482,46.08364],[7.41426,46.08377],[7.41355,46.08251],[7.41298,46.0819],[7.41243,46.08182],[7.41206,46.08131],[7.41046,46.08052],[7.40978,46.08005],[7.40892,46.07978],[7.40858,46.07927],[7.40785,46.07892],[7.407,46.07976],[7.40711,46.0803],[7.40544,46.08031],[7.4031,46.08052],[7.40375,46.08241],[7.40361,46.08298],[7.40402,46.08376],[7.4037,46.08457],[7.40252,46.08521],[7.40219,46.08619],[7.40166,46.08715],[7.40178,46.08829],[7.40139,46.09011],[7.40146,46.09157],[7.4017,46.09296],[7.40213,46.09357],[7.40206,46.09417],[7.40072,46.09682],[7.40106,46.09719],[7.40105,46.09813],[7.40075,46.0988],[7.39967,46.09964],[7.39989,46.10047],[7.40008,46.10233],[7.3993,46.10363],[7.3983,46.10391],[7.39788,46.10432],[7.39588,46.10495],[7.39565,46.10334],[7.3945,46.10261],[7.393,46.10205],[7.38861,46.10067],[7.3894,46.09948],[7.38974,46.09864],[7.39054,46.09828],[7.39137,46.0975],[7.39126,46.09568],[7.39203,46.09511],[7.39058,46.09501],[7.38908,46.09456],[7.38924,46.09298],[7.38979,46.0922],[7.38956,46.09137],[7.39001,46.0903],[7.39084,46.08977],[7.39146,46.08865],[7.39231,46.08824],[7.39253,46.08733],[7.39263,46.08555],[7.3913,46.08544],[7.3901,46.08559],[7.38794,46.08625],[7.38624,46.0861],[7.38346,46.08641],[7.38089,46.086],[7.37981,46.086],[7.37723,46.08552],[7.37556,46.08655],[7.37385,46.08722],[7.3718,46.08622],[7.37031,46.08569],[7.36807,46.08534],[7.36682,46.08436],[7.3655,46.0841],[7.36405,46.08322],[7.36388,46.08237],[7.36311,46.08175],[7.36173,46.08117],[7.36224,46.07845],[7.36278,46.07735],[7.36239,46.07692],[7.36299,46.07631],[7.36286,46.07588],[7.3621,46.07591],[7.36193,46.07527],[7.36601,46.0746],[7.36701,46.07425],[7.36801,46.07359],[7.36778,46.07295],[7.36681,46.07256],[7.36624,46.07261],[7.36606,46.0719],[7.36704,46.0712],[7.36627,46.07017],[7.36617,46.06937],[7.36472,46.06893],[7.36428,46.06828],[7.36313,46.06832],[7.36248,46.06779],[7.36229,46.06706],[7.36182,46.06679],[7.36112,46.06571],[7.35985,46.06481],[7.35906,46.06388],[7.3586,46.06363],[7.35781,46.06243],[7.3567,46.06135],[7.35578,46.06133],[7.35524,46.06068],[7.35409,46.06048],[7.35363,46.05953],[7.35306,46.05894],[7.35286,46.0581],[7.35303,46.05764],[7.35452,46.05631],[7.35469,46.05574],[7.35404,46.05419],[7.35304,46.05275],[7.35401,46.0515],[7.35459,46.051],[7.35451,46.05029],[7.35553,46.0489],[7.3559,46.04753],[7.35556,46.04688],[7.35588,46.04587],[7.3581,46.04457],[7.36006,46.04186],[7.36097,46.04122],[7.36146,46.04016],[7.3622,46.03958],[7.36332,46.03954],[7.36513,46.03902],[7.36647,46.03932],[7.36743,46.03919],[7.36824,46.03859],[7.36857,46.03801],[7.36854,46.03707],[7.3678,46.03617],[7.36688,46.03556],[7.36656,46.03444],[7.36651,46.03343],[7.36626,46.03291],[7.36628,46.03178],[7.36604,46.0309],[7.36698,46.03096],[7.36799,46.03009],[7.36795,46.02955],[7.36868,46.02863],[7.36868,46.02797],[7.36955,46.02727],[7.37034,46.02706],[7.37136,46.0264],[7.37223,46.0255],[7.37256,46.0244],[7.37137,46.0226],[7.37121,46.02205],[7.3699,46.0199],[7.37099,46.01858],[7.36984,46.01764],[7.36972,46.01645],[7.36918,46.0162],[7.37109,46.01543],[7.37269,46.01457],[7.37354,46.01356],[7.37453,46.01298],[7.37527,46.01224],[7.37713,46.01167],[7.37835,46.01096]]]},"properties":{"_zoneType":"JAGDBANN_CH","name":"Dixence"}},
{"type":"Feature","geometry":{"type":"Polygon","coordinates":[[[8.47084,46.85485],[8.47067,46.85526],[8.47089,46.85633],[8.47024,46.85707],[8.46908,46.85803],[8.46917,46.85919],[8.46865,46.85961],[8.46791,46.86064],[8.46889,46.86179],[8.46932,46.86201],[8.46904,46.86299],[8.46915,46.8641],[8.46949,46.86487],[8.4701,46.86556],[8.47135,46.86813],[8.47021,46.86922],[8.47019,46.87062],[8.46886,46.87061],[8.46676,46.87139],[8.46653,46.8699],[8.46575,46.87027],[8.46431,46.87128],[8.46286,46.87168],[8.46132,46.87185],[8.45895,46.87185],[8.45654,46.87098],[8.45552,46.87094],[8.45299,46.8704],[8.45204,46.86971],[8.45044,46.86952],[8.44934,46.86879],[8.44731,46.86915],[8.4465,46.86886],[8.44557,46.8688],[8.44557,46.8677],[8.44271,46.86771],[8.44188,46.86811],[8.44091,46.86921],[8.43962,46.86976],[8.43777,46.86934],[8.43691,46.86855],[8.43523,46.86827],[8.43443,46.86783],[8.4337,46.86783],[8.43395,46.86706],[8.43213,46.86588],[8.43088,46.86569],[8.42943,46.86612],[8.42796,46.86686],[8.42713,46.86702],[8.4255,46.86828],[8.42436,46.86874],[8.42305,46.86854],[8.42272,46.8689],[8.4216,46.86927],[8.42083,46.86983],[8.42051,46.87046],[8.42066,46.87087],[8.41909,46.87108],[8.41882,46.87164],[8.41895,46.8723],[8.4185,46.87295],[8.4167,46.87431],[8.41284,46.87488],[8.41151,46.87532],[8.41111,46.87566],[8.41112,46.87646],[8.41041,46.87629],[8.41015,46.8756],[8.40973,46.87543],[8.40927,46.8746],[8.40727,46.87313],[8.40585,46.87336],[8.40484,46.87312],[8.40412,46.87255],[8.40292,46.87232],[8.40081,46.87233],[8.39869,46.87155],[8.39498,46.87087],[8.39613,46.86967],[8.39657,46.86801],[8.39726,46.86698],[8.39724,46.86666],[8.3986,46.86471],[8.39991,46.86208],[8.4005,46.86074],[8.40104,46.86052],[8.40089,46.86003],[8.40185,46.85998],[8.40291,46.85924],[8.40374,46.85808],[8.40446,46.85734],[8.40529,46.85681],[8.40502,46.85575],[8.40572,46.85548],[8.40839,46.85366],[8.41057,46.8523],[8.41374,46.8506],[8.41535,46.851],[8.41606,46.85143],[8.41949,46.85223],[8.42083,46.85186],[8.42223,46.85178],[8.42515,46.85136],[8.42658,46.85127],[8.42763,46.85061],[8.43,46.85023],[8.43064,46.85056],[8.43286,46.85083],[8.43306,46.85109],[8.43497,46.85178],[8.43579,46.85188],[8.43648,46.85242],[8.43671,46.85298],[8.43836,46.85341],[8.43912,46.85353],[8.441,46.85308],[8.44336,46.85303],[8.44381,46.85337],[8.44485,46.85364],[8.44571,46.85361],[8.44987,46.85413],[8.45118,46.854],[8.45181,46.85404],[8.45218,46.85397],[8.45416,46.85376],[8.45558,46.85399],[8.45749,46.85459],[8.46019,46.85498],[8.46136,46.85494],[8.46176,46.85521],[8.46312,46.8553],[8.46391,46.85499],[8.46484,46.85537],[8.46741,46.85545],[8.4678,46.85518],[8.46929,46.85492],[8.46999,46.85492],[8.47084,46.85485]]]},"properties":{"_zoneType":"JAGDBANN_CH","name":"Bannalp-Walenstöcke"}},
{"type":"Feature","geometry":{"type":"Polygon","coordinates":[[[9.21036,47.01804],[9.21127,47.01624],[9.213,47.01499],[9.21363,47.01481],[9.21431,47.01383],[9.21476,47.0123],[9.21482,47.01135],[9.21624,47.01055],[9.217,47.00945],[9.21725,47.00877],[9.21823,47.00823],[9.21915,47.00686],[9.22079,47.00557],[9.22203,47.00427],[9.22304,47.0037],[9.22437,47.00262],[9.22562,47.00216],[9.22735,47.00091],[9.2275,47.00032],[9.22634,46.99884],[9.2261,46.99765],[9.22523,46.99683],[9.22531,46.99629],[9.22355,46.99563],[9.22238,46.99468],[9.2213,46.99228],[9.22069,46.99055],[9.22138,46.98901],[9.22162,46.98766],[9.22206,46.98689],[9.22166,46.98541],[9.22461,46.98584],[9.22605,46.98682],[9.22736,46.98702],[9.23023,46.98765],[9.23134,46.9876],[9.23181,46.98789],[9.23299,46.98816],[9.23447,46.98765],[9.2353,46.988],[9.23726,46.98812],[9.23826,46.98856],[9.23891,46.98916],[9.23964,46.98946],[9.24066,46.99031],[9.24155,46.99074],[9.24242,46.99069],[9.24414,46.99101],[9.24527,46.99099],[9.24556,46.9922],[9.24632,46.99308],[9.24687,46.99339],[9.24754,46.99464],[9.24988,46.99521],[9.24951,46.99602],[9.24974,46.99721],[9.24968,46.99796],[9.2486,46.99933],[9.24822,47.0002],[9.2474,47.00083],[9.24592,47.003],[9.24474,47.00375],[9.24457,47.00493],[9.24335,47.00596],[9.24283,47.00726],[9.24286,47.00816],[9.24234,47.00875],[9.24221,47.01013],[9.24241,47.01133],[9.24224,47.01245],[9.24278,47.01432],[9.24264,47.01529],[9.24107,47.01778],[9.24047,47.01782],[9.2399,47.01889],[9.23892,47.01968],[9.23882,47.02038],[9.23665,47.02179],[9.23645,47.0222],[9.23636,47.02398],[9.23445,47.0242],[9.23244,47.0251],[9.23005,47.02582],[9.22946,47.02644],[9.22856,47.02685],[9.22824,47.02744],[9.22688,47.02686],[9.2258,47.02684],[9.22464,47.02603],[9.2233,47.02562],[9.22147,47.0254],[9.22034,47.02499],[9.21859,47.02477],[9.21762,47.0241],[9.21599,47.02389],[9.21514,47.02295],[9.2138,47.02184],[9.21285,47.02176],[9.21183,47.0213],[9.21136,47.01957],[9.21083,47.01848],[9.21036,47.01804]]]},"properties":{"_zoneType":"JAGDBANN_CH","name":"Chrauchtal"}},
{"type":"Feature","geometry":{"type":"Polygon","coordinates":[[[7.95399,46.7917],[7.95411,46.79126],[7.95496,46.79077],[7.95567,46.79061],[7.95632,46.79008],[7.95789,46.7894],[7.9593,46.78933],[7.96028,46.78901],[7.96178,46.78797],[7.9623,46.78736],[7.96367,46.78681],[7.96513,46.78694],[7.96641,46.78635],[7.96696,46.78588],[7.96839,46.78529],[7.96947,46.78434],[7.96948,46.7825],[7.97075,46.78174],[7.97181,46.78007],[7.97321,46.77892],[7.9735,46.77836],[7.97575,46.77729],[7.9787,46.77723],[7.97918,46.77689],[7.98029,46.77682],[7.98061,46.77657],[7.98199,46.77632],[7.98316,46.77584],[7.9845,46.77501],[7.98529,46.77506],[7.98759,46.77582],[7.98899,46.77647],[7.98989,46.77718],[7.99262,46.77863],[7.99393,46.7788],[7.99485,46.77977],[7.99493,46.78118],[7.99563,46.78165],[7.99695,46.78216],[7.99793,46.7822],[7.99892,46.78255],[8.00069,46.78286],[8.00495,46.7832],[8.00695,46.784],[8.00784,46.78449],[8.00889,46.78475],[8.01024,46.78538],[8.01284,46.78635],[8.01468,46.78673],[8.01655,46.78804],[8.01757,46.78793],[8.0202,46.78856],[8.0202,46.78891],[8.02196,46.78961],[8.02189,46.79027],[8.02077,46.79061],[8.02089,46.7914],[8.02125,46.79172],[8.02076,46.79239],[8.02044,46.7933],[8.01906,46.79379],[8.01928,46.79434],[8.01881,46.79539],[8.01881,46.79608],[8.01922,46.7973],[8.01564,46.7971],[8.01508,46.79689],[8.01205,46.79627],[8.01115,46.79578],[8.00945,46.79581],[8.00814,46.79555],[8.0057,46.79459],[8.00518,46.79406],[8.00385,46.7938],[8.00295,46.79401],[8.00204,46.79505],[8.00194,46.79599],[8.00132,46.79661],[8.00121,46.79708],[8.00055,46.79784],[7.99994,46.79814],[7.99929,46.79903],[7.99916,46.80018],[7.99846,46.80046],[7.99796,46.80205],[7.99828,46.80251],[7.9975,46.80399],[7.99794,46.80507],[7.99721,46.80584],[7.9956,46.8069],[7.9945,46.80777],[7.99382,46.80885],[7.99315,46.80897],[7.99336,46.80959],[7.99186,46.80976],[7.99158,46.81041],[7.98958,46.81119],[7.9892,46.81076],[7.98838,46.8108],[7.98812,46.8104],[7.98642,46.8103],[7.98579,46.81082],[7.98501,46.81029],[7.9839,46.81034],[7.98159,46.80926],[7.98053,46.80913],[7.97972,46.80943],[7.97671,46.80883],[7.97621,46.80818],[7.97501,46.80762],[7.97453,46.80682],[7.97321,46.80638],[7.97305,46.80606],[7.97353,46.80473],[7.97298,46.80449],[7.97178,46.80448],[7.97098,46.80381],[7.96894,46.80362],[7.96749,46.80367],[7.96666,46.80411],[7.96309,46.80403],[7.96283,46.80418],[7.9616,46.80369],[7.9582,46.80356],[7.95775,46.80309],[7.95647,46.80317],[7.95513,46.80292],[7.95418,46.80248],[7.95359,46.80186],[7.95246,46.8014],[7.95208,46.8007],[7.95129,46.80029],[7.95085,46.79963],[7.95179,46.79775],[7.95256,46.79683],[7.95373,46.79593],[7.95405,46.79502],[7.95361,46.79437],[7.9528,46.79368],[7.95249,46.79316],[7.95298,46.79292],[7.95399,46.7917]]]},"properties":{"_zoneType":"JAGDBANN_CH","name":"Tannhorn"}},
{"type":"Feature","geometry":{"type":"Polygon","coordinates":[[[8.55056,46.91254],[8.54952,46.91271],[8.54848,46.91266],[8.54713,46.91219],[8.54529,46.9124],[8.54341,46.9122],[8.54257,46.91172],[8.54106,46.91119],[8.53948,46.9113],[8.53891,46.91093],[8.53807,46.91101],[8.53688,46.91051],[8.53583,46.91073],[8.53422,46.91015],[8.53269,46.91026],[8.53176,46.90964],[8.5281,46.90797],[8.52758,46.90716],[8.5279,46.90655],[8.52716,46.90605],[8.52646,46.90586],[8.5259,46.90519],[8.52418,46.90381],[8.52404,46.90322],[8.52349,46.90311],[8.52213,46.90004],[8.52177,46.89859],[8.5212,46.89721],[8.52022,46.89672],[8.52111,46.8962],[8.52017,46.89537],[8.52007,46.89463],[8.51901,46.89315],[8.51956,46.89214],[8.51963,46.89145],[8.51896,46.88925],[8.51907,46.88867],[8.51827,46.88791],[8.51832,46.88649],[8.51807,46.88464],[8.51777,46.88408],[8.51645,46.88333],[8.5155,46.8826],[8.5151,46.88045],[8.51588,46.88022],[8.51686,46.87937],[8.51704,46.8787],[8.51587,46.87838],[8.51484,46.8778],[8.51383,46.87654],[8.51379,46.8761],[8.51306,46.87536],[8.51176,46.87498],[8.51109,46.87438],[8.51053,46.87311],[8.50987,46.87263],[8.50944,46.87192],[8.51008,46.87122],[8.51033,46.8701],[8.51005,46.86938],[8.51009,46.86694],[8.50964,46.86631],[8.50834,46.86608],[8.50809,46.86564],[8.50807,46.86398],[8.50835,46.86262],[8.50797,46.86081],[8.50817,46.85859],[8.5087,46.85748],[8.50869,46.85562],[8.50946,46.85577],[8.51042,46.85631],[8.5112,46.85698],[8.51161,46.85631],[8.51223,46.85611],[8.51255,46.85548],[8.51396,46.85517],[8.51596,46.85441],[8.51668,46.85354],[8.51673,46.85288],[8.51751,46.85246],[8.51789,46.85185],[8.5175,46.85121],[8.51771,46.85091],[8.51719,46.85032],[8.51588,46.84989],[8.51492,46.84904],[8.51451,46.84892],[8.51433,46.84803],[8.51515,46.84704],[8.51683,46.84613],[8.51938,46.84682],[8.52153,46.84639],[8.52322,46.84555],[8.52506,46.84369],[8.52662,46.84284],[8.52817,46.84244],[8.52919,46.842],[8.52994,46.84107],[8.53088,46.84081],[8.53186,46.84077],[8.53267,46.84124],[8.53363,46.84118],[8.53438,46.84054],[8.53502,46.84057],[8.53581,46.84096],[8.53768,46.84097],[8.54091,46.84143],[8.54208,46.84289],[8.54318,46.8437],[8.54404,46.84393],[8.54506,46.84479],[8.54617,46.84496],[8.54873,46.84733],[8.54982,46.84778],[8.55056,46.84829],[8.55216,46.84886],[8.55178,46.84961],[8.55125,46.85001],[8.55154,46.85074],[8.5545,46.85221],[8.55316,46.85385],[8.55321,46.85444],[8.55382,46.85541],[8.55506,46.85682],[8.55555,46.85715],[8.55646,46.85871],[8.55736,46.85984],[8.55858,46.86067],[8.55862,46.86176],[8.55912,46.86224],[8.55859,46.86328],[8.55799,46.86355],[8.55873,46.865],[8.5595,46.86541],[8.55981,46.86611],[8.5597,46.86657],[8.56018,46.86703],[8.56159,46.86762],[8.56328,46.86905],[8.56559,46.87027],[8.56672,46.87068],[8.56801,46.87169],[8.56937,46.87191],[8.57178,46.8715],[8.57224,46.87205],[8.57307,46.87232],[8.57368,46.87393],[8.5754,46.87562],[8.57575,46.8762],[8.57531,46.87709],[8.57577,46.87776],[8.57788,46.87988],[8.57775,46.88088],[8.57783,46.88263],[8.5784,46.88409],[8.57005,46.88419],[8.56923,46.88521],[8.56834,46.88572],[8.56739,46.88659],[8.56709,46.8876],[8.56705,46.88868],[8.56666,46.88931],[8.56241,46.88884],[8.56203,46.89026],[8.561,46.8905],[8.56014,46.89095],[8.56073,46.89166],[8.56105,46.89274],[8.56153,46.8934],[8.56254,46.89409],[8.56319,46.89406],[8.56336,46.89455],[8.5643,46.89518],[8.56436,46.89568],[8.56354,46.89575],[8.56222,46.89632],[8.56138,46.8964],[8.5602,46.89585],[8.55817,46.89546],[8.55754,46.89626],[8.55644,46.89552],[8.55623,46.89511],[8.55485,46.89407],[8.55357,46.89428],[8.55365,46.89465],[8.55442,46.8951],[8.55503,46.89625],[8.5565,46.89733],[8.5566,46.89819],[8.5574,46.90057],[8.55825,46.90146],[8.55922,46.9017],[8.55907,46.90239],[8.55855,46.90292],[8.55922,46.90415],[8.55905,46.90498],[8.55964,46.90602],[8.55975,46.90661],[8.5609,46.90733],[8.56207,46.90981],[8.56068,46.91012],[8.55941,46.91077],[8.55796,46.91102],[8.55648,46.91155],[8.55512,46.91126],[8.55334,46.91184],[8.55201,46.91253],[8.55056,46.91254]]]},"properties":{"_zoneType":"JAGDBANN_CH","name":"Urirotstock"}},
{"type":"Feature","geometry":{"type":"Polygon","coordinates":[[[8.65287,46.74932],[8.64985,46.75037],[8.64925,46.75073],[8.64721,46.75128],[8.64542,46.75157],[8.64495,46.75064],[8.64434,46.74991],[8.64358,46.74968],[8.64312,46.74924],[8.64257,46.74791],[8.6427,46.74745],[8.64346,46.7471],[8.64402,46.74653],[8.64396,46.74585],[8.64291,46.74433],[8.64135,46.74322],[8.6402,46.74264],[8.63931,46.74103],[8.63954,46.74022],[8.63866,46.73977],[8.63718,46.73956],[8.63515,46.73827],[8.63454,46.73763],[8.63357,46.73703],[8.6329,46.73571],[8.63226,46.73511],[8.63103,46.73438],[8.62991,46.73318],[8.62833,46.7321],[8.62712,46.73158],[8.62668,46.73119],[8.62527,46.73076],[8.62455,46.73035],[8.62358,46.7292],[8.62315,46.72829],[8.62127,46.72754],[8.62049,46.72675],[8.6205,46.72563],[8.62012,46.72524],[8.61873,46.7247],[8.61829,46.72397],[8.61848,46.72306],[8.61777,46.72163],[8.61652,46.72037],[8.616,46.71957],[8.6136,46.7183],[8.61232,46.71709],[8.61261,46.71642],[8.61233,46.71583],[8.61083,46.71572],[8.61032,46.71507],[8.61145,46.71437],[8.61042,46.71325],[8.60934,46.71319],[8.60789,46.71202],[8.6074,46.71088],[8.60573,46.70978],[8.6048,46.70894],[8.60465,46.70851],[8.60496,46.70727],[8.60427,46.70676],[8.60369,46.70529],[8.60298,46.70482],[8.60182,46.70312],[8.60011,46.70196],[8.59877,46.70042],[8.59849,46.69967],[8.59922,46.69884],[8.59919,46.69775],[8.59742,46.69734],[8.59623,46.69619],[8.5957,46.69524],[8.59496,46.69439],[8.5949,46.69376],[8.59388,46.69301],[8.59431,46.69227],[8.59442,46.69114],[8.59371,46.68985],[8.59377,46.6892],[8.59302,46.68865],[8.59267,46.68798],[8.59265,46.68716],[8.5932,46.68685],[8.59365,46.68617],[8.59343,46.68544],[8.59525,46.6852],[8.59648,46.68491],[8.59916,46.68471],[8.60037,46.68485],[8.60132,46.68451],[8.60305,46.68488],[8.6045,46.68459],[8.60549,46.68463],[8.60698,46.68492],[8.60789,46.6849],[8.60874,46.6854],[8.6098,46.68501],[8.61251,46.68443],[8.61405,46.6843],[8.61537,46.68371],[8.61637,46.68362],[8.6183,46.68306],[8.6197,46.68222],[8.62105,46.68177],[8.62337,46.68171],[8.62482,46.68124],[8.62555,46.68147],[8.62772,46.68145],[8.63104,46.68241],[8.63189,46.68346],[8.63438,46.68399],[8.63563,46.6828],[8.63626,46.68131],[8.63877,46.67956],[8.64047,46.67886],[8.64109,46.67686],[8.64166,46.67552],[8.64217,46.67489],[8.6435,46.67546],[8.64484,46.67564],[8.64567,46.67548],[8.64663,46.67555],[8.64731,46.67532],[8.64852,46.67533],[8.65015,46.67515],[8.65137,46.67463],[8.65277,46.67421],[8.65442,46.67339],[8.65498,46.67249],[8.65576,46.6719],[8.65947,46.67179],[8.6614,46.67123],[8.66303,46.67128],[8.66386,46.6716],[8.66435,46.67247],[8.66435,46.67296],[8.66582,46.67422],[8.66681,46.67453],[8.66774,46.67433],[8.66856,46.67377],[8.66992,46.67373],[8.67301,46.67406],[8.67391,46.6745],[8.67412,46.67601],[8.67368,46.67683],[8.6742,46.67831],[8.67381,46.67966],[8.67287,46.68134],[8.67329,46.68264],[8.67406,46.6835],[8.67503,46.68407],[8.67486,46.68547],[8.67444,46.68601],[8.67446,46.6866],[8.67375,46.68821],[8.67375,46.69113],[8.67432,46.69212],[8.67627,46.69421],[8.67677,46.69449],[8.67887,46.69504],[8.68053,46.69506],[8.68163,46.69453],[8.68242,46.69441],[8.68392,46.69464],[8.68483,46.69436],[8.68627,46.69428],[8.6891,46.69605],[8.6898,46.6973],[8.69068,46.69828],[8.69139,46.70085],[8.69252,46.70183],[8.69293,46.70249],[8.69303,46.70362],[8.69364,46.70508],[8.69296,46.70531],[8.69223,46.70618],[8.69093,46.70646],[8.68986,46.70688],[8.68796,46.70868],[8.68709,46.70898],[8.68623,46.70971],[8.68522,46.71147],[8.68354,46.71255],[8.68396,46.71328],[8.685,46.71437],[8.68495,46.7153],[8.68517,46.71584],[8.68387,46.71679],[8.68411,46.71814],[8.68406,46.71991],[8.68321,46.72071],[8.68185,46.72091],[8.68162,46.72153],[8.68019,46.72324],[8.67914,46.72394],[8.6795,46.72469],[8.6806,46.72605],[8.68167,46.72659],[8.68348,46.72679],[8.6844,46.7277],[8.68566,46.72806],[8.68593,46.72878],[8.68544,46.73055],[8.68436,46.73181],[8.68359,46.73228],[8.68278,46.73345],[8.68172,46.73652],[8.68049,46.73765],[8.67665,46.7403],[8.67575,46.74109],[8.67424,46.74159],[8.67333,46.74167],[8.67253,46.7422],[8.67054,46.74325],[8.66888,46.7439],[8.66711,46.74582],[8.66581,46.74606],[8.66484,46.74662],[8.66383,46.74756],[8.66178,46.74826],[8.65969,46.74806],[8.65909,46.74811],[8.65701,46.74867],[8.65633,46.74898],[8.65444,46.74945],[8.65287,46.74932]]]},"properties":{"_zoneType":"JAGDBANN_CH","name":"Fellital"}},
{"type":"Feature","geometry":{"type":"Polygon","coordinates":[[[8.6858,47.05593],[8.68501,47.05595],[8.68494,47.05527],[8.68574,47.05472],[8.68585,47.05416],[8.68553,47.05311],[8.68603,47.05256],[8.68553,47.05173],[8.68276,47.05115],[8.68091,47.0492],[8.68037,47.04905],[8.67904,47.04923],[8.67779,47.04861],[8.6769,47.04845],[8.67514,47.04769],[8.67403,47.04653],[8.67295,47.0459],[8.67212,47.04597],[8.67147,47.04541],[8.67065,47.04517],[8.67021,47.04546],[8.6695,47.04502],[8.66807,47.0434],[8.66796,47.04276],[8.66724,47.04163],[8.66549,47.04049],[8.66366,47.03805],[8.66275,47.03725],[8.66247,47.03641],[8.66068,47.03573],[8.66245,47.0346],[8.66186,47.03404],[8.66192,47.03291],[8.66158,47.03206],[8.66211,47.03117],[8.66208,47.0307],[8.663,47.02968],[8.66386,47.02916],[8.66464,47.02821],[8.66612,47.02777],[8.6673,47.027],[8.66781,47.02539],[8.66846,47.02453],[8.66975,47.02471],[8.67064,47.024],[8.67229,47.0234],[8.67319,47.02444],[8.6734,47.02338],[8.67417,47.0227],[8.67524,47.02284],[8.67726,47.02155],[8.67793,47.02134],[8.67914,47.02183],[8.68041,47.02178],[8.68113,47.0214],[8.68253,47.02104],[8.68456,47.02074],[8.68549,47.021],[8.68635,47.02085],[8.68874,47.02183],[8.68981,47.02212],[8.69025,47.02246],[8.69133,47.02246],[8.6934,47.02371],[8.69425,47.02458],[8.69546,47.02513],[8.69677,47.02615],[8.69674,47.0266],[8.6979,47.02701],[8.69904,47.02815],[8.69834,47.0287],[8.6994,47.02923],[8.70079,47.02895],[8.70212,47.0296],[8.70294,47.03132],[8.7031,47.03236],[8.70412,47.03335],[8.70414,47.03373],[8.70323,47.03444],[8.70374,47.03467],[8.7048,47.03655],[8.70555,47.03704],[8.70671,47.0374],[8.70644,47.03768],[8.70489,47.03799],[8.70441,47.03865],[8.70262,47.03986],[8.70328,47.04122],[8.70363,47.04236],[8.70354,47.04317],[8.70408,47.04415],[8.70539,47.04559],[8.70612,47.04599],[8.70576,47.0465],[8.70518,47.04663],[8.70457,47.04721],[8.70344,47.04751],[8.70013,47.04788],[8.69827,47.0486],[8.69728,47.04935],[8.69659,47.0502],[8.69545,47.05092],[8.69483,47.05174],[8.69393,47.05196],[8.69264,47.0532],[8.69041,47.05357],[8.68903,47.05429],[8.6874,47.05529],[8.6858,47.05593]]]},"properties":{"_zoneType":"JAGDBANN_CH","name":"Mythen"}},
{"type":"Feature","geometry":{"type":"Polygon","coordinates":[[[8.8758,47.0258],[8.87462,47.02676],[8.87162,47.0285],[8.87211,47.02639],[8.87182,47.02444],[8.871,47.02273],[8.87037,47.02264],[8.86858,47.02112],[8.86854,47.02061],[8.86747,47.01995],[8.86706,47.01901],[8.86732,47.01776],[8.86574,47.01676],[8.86502,47.01591],[8.86492,47.01496],[8.86403,47.01471],[8.86321,47.01363],[8.86331,47.01292],[8.86297,47.01163],[8.8622,47.01092],[8.86221,47.01028],[8.86166,47.0095],[8.86137,47.00855],[8.85967,47.00739],[8.85886,47.00567],[8.8581,47.00503],[8.8576,47.00392],[8.85639,47.0025],[8.85523,47.00191],[8.8534,47.00121],[8.85278,47.00118],[8.84955,47.00005],[8.84868,47.00001],[8.84792,46.99966],[8.84632,46.99922],[8.84383,46.99936],[8.84174,46.99919],[8.84158,46.99962],[8.8396,46.99981],[8.83925,46.99962],[8.83926,46.99815],[8.83943,46.99738],[8.83854,46.99671],[8.83826,46.99593],[8.83746,46.99487],[8.8363,46.99251],[8.83631,46.99146],[8.83567,46.99027],[8.83509,46.98953],[8.8342,46.98922],[8.8335,46.98947],[8.83257,46.98914],[8.83135,46.98955],[8.83021,46.98897],[8.82834,46.98838],[8.82723,46.98866],[8.82672,46.98833],[8.82712,46.98782],[8.82706,46.98718],[8.82511,46.98709],[8.82393,46.98655],[8.82278,46.98573],[8.82225,46.98432],[8.82253,46.98325],[8.82206,46.98243],[8.82198,46.98162],[8.82378,46.98116],[8.82382,46.98074],[8.82308,46.97983],[8.82467,46.97864],[8.82475,46.97736],[8.82511,46.97706],[8.82466,46.97637],[8.82463,46.9752],[8.82253,46.97402],[8.82168,46.97185],[8.82176,46.97108],[8.82407,46.97109],[8.8245,46.97072],[8.8235,46.96966],[8.82313,46.96888],[8.82332,46.9671],[8.82362,46.96569],[8.82476,46.96498],[8.82611,46.96373],[8.8259,46.96296],[8.82617,46.96216],[8.82667,46.96163],[8.82845,46.96074],[8.82955,46.96069],[8.83114,46.96012],[8.83256,46.96011],[8.83427,46.95983],[8.83665,46.96047],[8.83673,46.95985],[8.83628,46.95793],[8.83629,46.95695],[8.83718,46.95714],[8.83919,46.95711],[8.83905,46.95597],[8.8383,46.9554],[8.83781,46.95471],[8.83815,46.95409],[8.83823,46.95164],[8.83789,46.95081],[8.83794,46.94992],[8.8363,46.9496],[8.83525,46.94921],[8.83435,46.94914],[8.83393,46.94876],[8.83264,46.94862],[8.83042,46.94855],[8.82969,46.94928],[8.82814,46.94976],[8.8268,46.9496],[8.82677,46.94902],[8.82758,46.94698],[8.82826,46.94678],[8.83068,46.94541],[8.83243,46.94494],[8.83266,46.94469],[8.83301,46.94321],[8.8329,46.94279],[8.83361,46.94135],[8.8338,46.94063],[8.83427,46.9404],[8.83463,46.93953],[8.83592,46.93913],[8.83619,46.93865],[8.83614,46.93789],[8.83672,46.93703],[8.83675,46.93658],[8.83611,46.93614],[8.8369,46.93514],[8.83755,46.93471],[8.83785,46.93393],[8.83747,46.93358],[8.83778,46.93273],[8.83748,46.93178],[8.83857,46.93086],[8.83884,46.93031],[8.83973,46.92961],[8.83991,46.92845],[8.84033,46.92762],[8.84021,46.92644],[8.84054,46.92523],[8.83999,46.92414],[8.84004,46.92324],[8.84032,46.9224],[8.84093,46.92222],[8.84124,46.92154],[8.84233,46.92069],[8.8429,46.91971],[8.84381,46.9199],[8.84487,46.91912],[8.84495,46.91874],[8.84447,46.91807],[8.84547,46.91736],[8.84596,46.91667],[8.84663,46.91438],[8.84763,46.91467],[8.84897,46.91442],[8.85001,46.91375],[8.85061,46.91228],[8.85112,46.91205],[8.85117,46.91112],[8.85096,46.90977],[8.85182,46.90913],[8.85412,46.9104],[8.8549,46.91045],[8.85636,46.90997],[8.85868,46.90965],[8.86046,46.90951],[8.86182,46.90966],[8.86291,46.90994],[8.86358,46.90979],[8.86548,46.91013],[8.86718,46.91122],[8.86748,46.91184],[8.86726,46.91234],[8.86791,46.91377],[8.86891,46.91246],[8.86854,46.91075],[8.8693,46.9107],[8.87245,46.91128],[8.87378,46.91135],[8.87521,46.91248],[8.8765,46.91436],[8.87731,46.9149],[8.87812,46.91485],[8.87993,46.91516],[8.88152,46.91521],[8.88192,46.91545],[8.88498,46.91513],[8.88679,46.91542],[8.88762,46.91623],[8.8891,46.91708],[8.8916,46.91773],[8.89271,46.91768],[8.8936,46.91793],[8.89535,46.91896],[8.89654,46.91904],[8.89764,46.91943],[8.89793,46.92005],[8.8996,46.92063],[8.90137,46.92139],[8.90271,46.92151],[8.90426,46.92135],[8.90581,46.92155],[8.90837,46.92165],[8.90959,46.92161],[8.91112,46.92213],[8.91259,46.92233],[8.91415,46.92223],[8.91648,46.92324],[8.9172,46.92393],[8.91892,46.92456],[8.92025,46.92478],[8.92377,46.92597],[8.92695,46.9264],[8.92772,46.92666],[8.92933,46.92663],[8.93159,46.92709],[8.93226,46.92761],[8.93467,46.92808],[8.93487,46.92905],[8.93651,46.92946],[8.93958,46.92949],[8.94194,46.92795],[8.94304,46.92782],[8.94434,46.92667],[8.94554,46.9263],[8.94704,46.92613],[8.9483,46.92543],[8.95031,46.92546],[8.95115,46.9251],[8.95286,46.92515],[8.95446,46.9261],[8.95604,46.92603],[8.95728,46.92568],[8.95854,46.92631],[8.95919,46.92603],[8.96094,46.92658],[8.96245,46.92642],[8.96328,46.92683],[8.96386,46.92766],[8.96421,46.92865],[8.96322,46.93046],[8.96268,46.93102],[8.96089,46.93168],[8.95982,46.93122],[8.95692,46.93412],[8.95661,46.93466],[8.95832,46.93459],[8.95763,46.93586],[8.95591,46.93685],[8.95591,46.93759],[8.95522,46.93895],[8.95653,46.94013],[8.95655,46.94091],[8.95749,46.94264],[8.95809,46.94434],[8.95921,46.94529],[8.95985,46.94629],[8.95994,46.94685],[8.96064,46.94693],[8.96098,46.94731],[8.96163,46.94879],[8.96187,46.95],[8.96149,46.95064],[8.96185,46.95177],[8.96192,46.95276],[8.9623,46.95386],[8.96311,46.95444],[8.96292,46.95468],[8.96431,46.95516],[8.9648,46.95604],[8.96625,46.95644],[8.9674,46.95764],[8.96809,46.95736],[8.96952,46.95809],[8.97111,46.95844],[8.97165,46.9599],[8.97035,46.95956],[8.96948,46.95986],[8.96829,46.95968],[8.96721,46.96002],[8.96676,46.96051],[8.96591,46.96047],[8.96533,46.96093],[8.96313,46.96089],[8.96127,46.96154],[8.96032,46.9614],[8.96003,46.96168],[8.95844,46.96212],[8.95726,46.96227],[8.95619,46.9629],[8.95389,46.96401],[8.95361,46.96484],[8.95276,46.96593],[8.9523,46.96594],[8.95091,46.96688],[8.94993,46.96707],[8.94979,46.96786],[8.94921,46.96816],[8.94962,46.96867],[8.94977,46.96946],[8.94887,46.9692],[8.9476,46.9682],[8.94503,46.96689],[8.94464,46.96613],[8.94281,46.96509],[8.94194,46.96433],[8.94189,46.96381],[8.93963,46.96211],[8.93683,46.96125],[8.93596,46.96043],[8.93313,46.95915],[8.93197,46.95894],[8.93156,46.95853],[8.93027,46.9579],[8.93124,46.95672],[8.93127,46.95606],[8.92973,46.95564],[8.92912,46.95497],[8.92792,46.9544],[8.92736,46.95386],[8.92556,46.95294],[8.92363,46.95263],[8.92163,46.95273],[8.92052,46.95264],[8.91904,46.95227],[8.91827,46.95192],[8.91626,46.95055],[8.90917,46.9517],[8.90843,46.95358],[8.90794,46.95585],[8.90807,46.95689],[8.90922,46.95779],[8.90945,46.95838],[8.91031,46.95876],[8.91078,46.95932],[8.91174,46.96101],[8.91165,46.96151],[8.91264,46.96186],[8.91452,46.96301],[8.91516,46.96405],[8.91641,46.96514],[8.9188,46.96613],[8.9194,46.96652],[8.91639,46.97179],[8.91629,46.97405],[8.90819,46.98008],[8.90954,46.98059],[8.90995,46.98106],[8.91285,46.9825],[8.9132,46.98303],[8.91571,46.9846],[8.91678,46.98549],[8.91764,46.98593],[8.91825,46.98665],[8.91764,46.98779],[8.91697,46.98837],[8.91558,46.98866],[8.91474,46.9886],[8.91403,46.98902],[8.91459,46.99007],[8.913,46.99032],[8.91173,46.99119],[8.91087,46.99199],[8.90971,46.9927],[8.90809,46.99309],[8.90789,46.99387],[8.90805,46.99453],[8.90754,46.99507],[8.90739,46.99619],[8.90657,46.99693],[8.90648,46.99743],[8.90569,46.99828],[8.90448,46.99891],[8.90404,46.99945],[8.9028,46.99989],[8.90252,47.00031],[8.90257,47.00165],[8.90076,47.00279],[8.90167,47.00444],[8.9027,47.00489],[8.90324,47.00583],[8.90351,47.00703],[8.90302,47.00906],[8.90327,47.00978],[8.90435,47.01056],[8.90337,47.01118],[8.90235,47.01102],[8.90032,47.01141],[8.89792,47.01085],[8.8955,47.01061],[8.89452,47.01032],[8.89367,47.01036],[8.89223,47.01011],[8.89024,47.00997],[8.88912,47.00958],[8.88795,47.00889],[8.8865,47.00849],[8.88428,47.00893],[8.88319,47.00886],[8.88204,47.00943],[8.88006,47.00961],[8.87956,47.01086],[8.87946,47.0122],[8.87906,47.0127],[8.88061,47.01323],[8.8815,47.01405],[8.88213,47.0143],[8.88291,47.01532],[8.88411,47.01591],[8.88518,47.01712],[8.88593,47.01744],[8.88696,47.01896],[8.88611,47.02014],[8.88646,47.02083],[8.88515,47.02138],[8.88443,47.02206],[8.88259,47.02261],[8.88122,47.02352],[8.8802,47.02449],[8.87869,47.02543],[8.87776,47.02567],[8.87635,47.02546],[8.8758,47.0258]]]},"properties":{"_zoneType":"JAGDBANN_CH","name":"Silbern-Jägern-Bödmerenwald"}}
]}