{"type":"FeatureCollection", "features": [
{"type":"Feature","geometry":{"type":"Polygon","coordinates":[[[-112.14982,33.68718],[-112.15199,33.68548],[-112.14844,33.68396],[-112.14982,33.68718]]]},"properties":{"type":"REC_FIXED_SITE_US","name":"Arizona Model Pilots Society Amps 2","identifier":"FAA-REC_FIXED_SITE_US:Arizona Model Pilots Society Amps 2","lowerLimit":"GND","upperLimit":"200 ft AGL","authority":"FAA (Recreational Flyer Fixed Sites)"}},
{"type":"Feature","geometry":{"type":"Polygon","coordinates":[[[-84.32462,33.69161],[-84.32779,33.68913],[-84.32482,33.68897],[-84.32462,33.69161]]]},"properties":{"type":"REC_FIXED_SITE_US","name":"Atlanta RC Club Field","identifier":"FAA-REC_FIXED_SITE_US:Atlanta RC Club Field","lowerLimit":"GND","upperLimit":"400 ft AGL","authority":"FAA (Recreational Flyer Fixed Sites)"}},
{"type":"Feature","geometry":{"type":"Polygon","coordinates":[[[-88.39389,41.78254],[-88.39742,41.78006],[-88.39411,41.7799],[-88.39389,41.78254]]]},"properties":{"type":"REC_FIXED_SITE_US","name":"Aurora Barnstormers RC Field","identifier":"FAA-REC_FIXED_SITE_US:Aurora Barnstormers RC Field","lowerLimit":"GND","upperLimit":"400 ft AGL","authority":"FAA (Recreational Flyer Fixed Sites)"}},
{"type":"Feature","geometry":{"type":"Polygon","coordinates":[[[-78.96075,41.12272],[-78.96315,41.12091],[-78.959,41.11967],[-78.96075,41.12272]]]},"properties":{"type":"REC_FIXED_SITE_US","name":"Balsa Busters R/C Flying Club Field","identifier":"FAA-REC_FIXED_SITE_US:Balsa Busters R/C Flying Club Field","lowerLimit":"GND","upperLimit":"400 ft AGL","authority":"FAA (Recreational Flyer Fixed Sites)"}},
{"type":"Feature","geometry":{"type":"Polygon","coordinates":[[[-122.842,45.25792],[-122.84456,45.25622],[-122.84025,45.25479],[-122.842,45.25792]]]},"properties":{"type":"REC_FIXED_SITE_US","name":"Barnstormers RC Club Field","identifier":"FAA-REC_FIXED_SITE_US:Barnstormers RC Club Field","lowerLimit":"GND","upperLimit":"350 ft AGL","authority":"FAA (Recreational Flyer Fixed Sites)"}},
{"type":"Feature","geometry":{"type":"Polygon","coordinates":[[[-81.16873,37.82516],[-81.16888,37.82154],[-81.16645,37.82324],[-81.16873,37.82516]]]},"properties":{"type":"REC_FIXED_SITE_US","name":"Beckley Model Airplane Club 1","identifier":"FAA-REC_FIXED_SITE_US:Beckley Model Airplane Club 1","lowerLimit":"GND","upperLimit":"200 ft AGL","authority":"FAA (Recreational Flyer Fixed Sites)"}},
{"type":"Feature","geometry":{"type":"Polygon","coordinates":[[[-89.90378,38.5135],[-89.90694,38.5135],[-89.90536,38.51036],[-89.90378,38.5135]]]},"properties":{"type":"REC_FIXED_SITE_US","name":"Belleville RC Flyers 1","identifier":"FAA-REC_FIXED_SITE_US:Belleville RC Flyers 1","lowerLimit":"GND","upperLimit":"400 ft AGL","authority":"FAA (Recreational Flyer Fixed Sites)"}},
{"type":"Feature","geometry":{"type":"Polygon","coordinates":[[[-96.72933,44.35476],[-96.72996,44.35119],[-96.72681,44.35283],[-96.72933,44.35476]]]},"properties":{"type":"REC_FIXED_SITE_US","name":"Brookings Aeromates Field","identifier":"FAA-REC_FIXED_SITE_US:Brookings Aeromates Field","lowerLimit":"GND","upperLimit":"400 ft AGL","authority":"FAA (Recreational Flyer Fixed Sites)"}},
{"type":"Feature","geometry":{"type":"Polygon","coordinates":[[[-77.89917,34.23404],[-77.90135,34.23211],[-77.89767,34.2309],[-77.89917,34.23404]]]},"properties":{"type":"REC_FIXED_SITE_US","name":"Cape Fear Quiet Flyers  1","identifier":"FAA-REC_FIXED_SITE_US:Cape Fear Quiet Flyers  1","lowerLimit":"GND","upperLimit":"150 ft AGL","authority":"FAA (Recreational Flyer Fixed Sites)"}},
{"type":"Feature","geometry":{"type":"Polygon","coordinates":[[[-77.87904,34.22293],[-77.88222,34.22045],[-77.87924,34.22029],[-77.87904,34.22293]]]},"properties":{"type":"REC_FIXED_SITE_US","name":"Cape Fear Quiet Flyers 2","identifier":"FAA-REC_FIXED_SITE_US:Cape Fear Quiet Flyers 2","lowerLimit":"GND","upperLimit":"400 ft AGL","authority":"FAA (Recreational Flyer Fixed Sites)"}},
{"type":"Feature","geometry":{"type":"Polygon","coordinates":[[[-65.94786,18.37799],[-65.95107,18.37678],[-65.94786,18.37534],[-65.94786,18.37799]]]},"properties":{"type":"REC_FIXED_SITE_US","name":"Carolina RC Modelers Club 1","identifier":"FAA-REC_FIXED_SITE_US:Carolina RC Modelers Club 1","lowerLimit":"GND","upperLimit":"300 ft AGL","authority":"FAA (Recreational Flyer Fixed Sites)"}},
{"type":"Feature","geometry":{"type":"Polygon","coordinates":[[[-119.38202,36.37797],[-119.38538,36.37557],[-119.38222,36.37533],[-119.38202,36.37797]]]},"properties":{"type":"REC_FIXED_SITE_US","name":"Central Valley RC Soaring Field","identifier":"FAA-REC_FIXED_SITE_US:Central Valley RC Soaring Field","lowerLimit":"GND","upperLimit":"200 ft AGL","authority":"FAA (Recreational Flyer Fixed Sites)"}},
{"type":"Feature","geometry":{"type":"Polygon","coordinates":[[[-118.06912,34.04391],[-118.07279,34.0427],[-118.07075,34.04077],[-118.06912,34.04391]]]},"properties":{"type":"REC_FIXED_SITE_US","name":"Cl Speed Flyers of Southern CA 2","identifier":"FAA-REC_FIXED_SITE_US:Cl Speed Flyers of Southern CA 2","lowerLimit":"GND","upperLimit":"200 ft AGL","authority":"FAA (Recreational Flyer Fixed Sites)"}},
{"type":"Feature","geometry":{"type":"Polygon","coordinates":[[[-103.22083,32.76015],[-103.22298,32.75845],[-103.21936,32.75701],[-103.22083,32.76015]]]},"properties":{"type":"REC_FIXED_SITE_US","name":"Cloud Dusters RC Club 1","identifier":"FAA-REC_FIXED_SITE_US:Cloud Dusters RC Club 1","lowerLimit":"GND","upperLimit":"400 ft AGL","authority":"FAA (Recreational Flyer Fixed Sites)"}},
{"type":"Feature","geometry":{"type":"Polygon","coordinates":[[[-116.107,33.66151],[-116.10867,33.65854],[-116.10483,33.6597],[-116.107,33.66151]]]},"properties":{"type":"REC_FIXED_SITE_US","name":"Coachella Valley RC Club 2","identifier":"FAA-REC_FIXED_SITE_US:Coachella Valley RC Club 2","lowerLimit":"GND","upperLimit":"100 ft AGL","authority":"FAA (Recreational Flyer Fixed Sites)"}},
{"type":"Feature","geometry":null,"properties":{"type":"REC_FIXED_SITE_US","name":"Coachella Valley RC Club 3","identifier":"FAA-REC_FIXED_SITE_US:Coachella Valley RC Club 3","lowerLimit":"GND","upperLimit":"100 ft AGL","authority":"FAA (Recreational Flyer Fixed Sites)"}},
{"type":"Feature","geometry":{"type":"Polygon","coordinates":[[[-81.8065,26.19573],[-81.80778,26.19251],[-81.80448,26.19391],[-81.8065,26.19573]]]},"properties":{"type":"REC_FIXED_SITE_US","name":"Collier Model Aeronautic Club 1","identifier":"FAA-REC_FIXED_SITE_US:Collier Model Aeronautic Club 1","lowerLimit":"GND","upperLimit":"200 ft AGL","authority":"FAA (Recreational Flyer Fixed Sites)"}},
{"type":"Feature","geometry":null,"properties":{"type":"REC_FIXED_SITE_US","name":"Collier Model Aeronautic Club 2","identifier":"FAA-REC_FIXED_SITE_US:Collier Model Aeronautic Club 2","lowerLimit":"GND","upperLimit":"200 ft AGL","authority":"FAA (Recreational Flyer Fixed Sites)"}},
{"type":"Feature","geometry":{"type":"Polygon","coordinates":[[[-71.55667,43.24792],[-71.55651,43.2443],[-71.55419,43.24622],[-71.55667,43.24792]]]},"properties":{"type":"REC_FIXED_SITE_US","name":"Concord Skyhawks 2","identifier":"FAA-REC_FIXED_SITE_US:Concord Skyhawks 2","lowerLimit":"GND","upperLimit":"200 ft AGL","authority":"FAA (Recreational Flyer Fixed Sites)"}},
{"type":"Feature","geometry":{"type":"Polygon","coordinates":[[[-78.36356,40.24914],[-78.367,40.24666],[-78.36377,40.2465],[-78.36356,40.24914]]]},"properties":{"type":"REC_FIXED_SITE_US","name":"Cove RC Flyers 1","identifier":"FAA-REC_FIXED_SITE_US:Cove RC Flyers 1","lowerLimit":"GND","upperLimit":"200 ft AGL","authority":"FAA (Recreational Flyer Fixed Sites)"}},
{"type":"Feature","geometry":{"type":"Polygon","coordinates":[[[-88.88203,39.90431],[-88.88218,39.90069],[-88.87968,39.9025],[-88.88203,39.90431]]]},"properties":{"type":"REC_FIXED_SITE_US","name":"Decatur Aerocommanders RC Inc 1","identifier":"FAA-REC_FIXED_SITE_US:Decatur Aerocommanders RC Inc 1","lowerLimit":"GND","upperLimit":"400 ft AGL","authority":"FAA (Recreational Flyer Fixed Sites)"}},
{"type":"Feature","geometry":{"type":"Polygon","coordinates":[[[-121.89838,37.68698],[-121.90066,37.68528],[-121.89693,37.68377],[-121.89838,37.68698]]]},"properties":{"type":"REC_FIXED_SITE_US","name":"Diablo Valley Soaring Society 1","identifier":"FAA-REC_FIXED_SITE_US:Diablo Valley Soaring Society 1","lowerLimit":"GND","upperLimit":"200 ft AGL","authority":"FAA (Recreational Flyer Fixed Sites)"}},
{"type":"Feature","geometry":{"type":"Polygon","coordinates":[[[-119.14706,34.27149],[-119.15074,34.27028],[-119.1487,34.26835],[-119.14706,34.27149]]]},"properties":{"type":"REC_FIXED_SITE_US","name":"E Vineyard Ave","identifier":"FAA-REC_FIXED_SITE_US:E Vineyard Ave","lowerLimit":"GND","upperLimit":"200 ft AGL","authority":"FAA (Recreational Flyer Fixed Sites)"}},
{"type":"Feature","geometry":{"type":"Polygon","coordinates":[[[-73.98861,42.83598],[-73.99051,42.83301],[-73.98704,42.83277],[-73.98861,42.83598]]]},"properties":{"type":"REC_FIXED_SITE_US","name":"Electric Powered Aeromodelers 3","identifier":"FAA-REC_FIXED_SITE_US:Electric Powered Aeromodelers 3","lowerLimit":"GND","upperLimit":"400 ft AGL","authority":"FAA (Recreational Flyer Fixed Sites)"}},
{"type":"Feature","geometry":{"type":"Polygon","coordinates":[[[-117.09742,32.90186],[-117.09957,32.90005],[-117.09595,32.89872],[-117.09742,32.90186]]]},"properties":{"type":"REC_FIXED_SITE_US","name":"Electro Model Fliers 2","identifier":"FAA-REC_FIXED_SITE_US:Electro Model Fliers 2","lowerLimit":"GND","upperLimit":"200 ft AGL","authority":"FAA (Recreational Flyer Fixed Sites)"}},
{"type":"Feature","geometry":{"type":"Polygon","coordinates":[[[-123.26444,44.1807],[-123.26476,44.17709],[-123.26193,44.17878],[-123.26444,44.1807]]]},"properties":{"type":"REC_FIXED_SITE_US","name":"Eugene RC Aeronauts Inc 1","identifier":"FAA-REC_FIXED_SITE_US:Eugene RC Aeronauts Inc 1","lowerLimit":"GND","upperLimit":"400 ft AGL","authority":"FAA (Recreational Flyer Fixed Sites)"}},
{"type":"Feature","geometry":{"type":"Polygon","coordinates":[[[-83.9793,39.79393],[-83.98165,39.79223],[-83.97781,39.79072],[-83.9793,39.79393]]]},"properties":{"type":"REC_FIXED_SITE_US","name":"Fairborn Flying Aces RC Club 1","identifier":"FAA-REC_FIXED_SITE_US:Fairborn Flying Aces RC Club 1","lowerLimit":"GND","upperLimit":"400 ft AGL","authority":"FAA (Recreational Flyer Fixed Sites)"}},
{"type":"Feature","geometry":{"type":"Polygon","coordinates":[[[-89.36661,36.06269],[-89.36675,36.05906],[-89.36438,36.06076],[-89.36661,36.06269]]]},"properties":{"type":"REC_FIXED_SITE_US","name":"Fairgrounds Flyers Field","identifier":"FAA-REC_FIXED_SITE_US:Fairgrounds Flyers Field","lowerLimit":"GND","upperLimit":"200 ft AGL","authority":"FAA (Recreational Flyer Fixed Sites)"}},
{"type":"Feature","geometry":{"type":"Polygon","coordinates":[[[-96.08472,46.2607],[-96.08725,46.25934],[-96.08361,46.25725],[-96.08472,46.2607]]]},"properties":{"type":"REC_FIXED_SITE_US","name":"Fergus Falls Regional RC Flyers 1","identifier":"FAA-REC_FIXED_SITE_US:Fergus Falls Regional RC Flyers 1","lowerLimit":"GND","upperLimit":"100 ft AGL","authority":"FAA (Recreational Flyer Fixed Sites)"}},
{"type":"Feature","geometry":{"type":"Polygon","coordinates":[[[-96.0789,46.28559],[-96.08149,46.28401],[-96.0775,46.28226],[-96.0789,46.28559]]]},"properties":{"type":"REC_FIXED_SITE_US","name":"Fergus Falls Regional RC Flyers 2","identifier":"FAA-REC_FIXED_SITE_US:Fergus Falls Regional RC Flyers 2","lowerLimit":"GND","upperLimit":"200 ft AGL","authority":"FAA (Recreational Flyer Fixed Sites)"}},
{"type":"Feature","geometry":{"type":"Polygon","coordinates":[[[-122.32556,45.56459],[-122.32809,45.56244],[-122.32491,45.56102],[-122.32556,45.56459]]]},"properties":{"type":"REC_FIXED_SITE_US","name":"Fern Prairie Modelers 1","identifier":"FAA-REC_FIXED_SITE_US:Fern Prairie Modelers 1","lowerLimit":"GND","upperLimit":"300 ft AGL","authority":"FAA (Recreational Flyer Fixed Sites)"}},
{"type":"Feature","geometry":{"type":"Polygon","coordinates":[[[-121.14484,44.2948],[-121.14668,44.29175],[-121.143,44.29175],[-121.14484,44.2948]]]},"properties":{"type":"REC_FIXED_SITE_US","name":"Field Of Dreams RC Club Inc 1","identifier":"FAA-REC_FIXED_SITE_US:Field Of Dreams RC Club Inc 1","lowerLimit":"GND","upperLimit":"200 ft AGL","authority":"FAA (Recreational Flyer Fixed Sites)"}},
{"type":"Feature","geometry":{"type":"Polygon","coordinates":[[[-116.91493,32.87231],[-116.91708,32.87061],[-116.91493,32.86868],[-116.91493,32.87231]]]},"properties":{"type":"REC_FIXED_SITE_US","name":"First Weedwacker Aero Squadron 1","identifier":"FAA-REC_FIXED_SITE_US:First Weedwacker Aero Squadron 1","lowerLimit":"GND","upperLimit":"400 ft AGL","authority":"FAA (Recreational Flyer Fixed Sites)"}},
{"type":"Feature","geometry":{"type":"Polygon","coordinates":[[[-94.27611,35.33098],[-94.27611,35.32735],[-94.2739,35.32905],[-94.27611,35.33098]]]},"properties":{"type":"REC_FIXED_SITE_US","name":"Flightmasters Mac 1","identifier":"FAA-REC_FIXED_SITE_US:Flightmasters Mac 1","lowerLimit":"GND","upperLimit":"400 ft AGL","authority":"FAA (Recreational Flyer Fixed Sites)"}},
{"type":"Feature","geometry":{"type":"Polygon","coordinates":[[[-107.0652,44.82715],[-107.06869,44.82451],[-107.0652,44.82451],[-107.0652,44.82715]]]},"properties":{"type":"REC_FIXED_SITE_US","name":"Flying Cowboys R/C Club 1","identifier":"FAA-REC_FIXED_SITE_US:Flying Cowboys R/C Club 1","lowerLimit":"GND","upperLimit":"400 ft AGL","authority":"FAA (Recreational Flyer Fixed Sites)"}},
{"type":"Feature","geometry":{"type":"Polygon","coordinates":[[[-75.90395,40.34304],[-75.90568,40.33999],[-75.90222,40.33999],[-75.90395,40.34304]]]},"properties":{"type":"REC_FIXED_SITE_US","name":"Flying Dutchmen Aeromodelers 1","identifier":"FAA-REC_FIXED_SITE_US:Flying Dutchmen Aeromodelers 1","lowerLimit":"GND","upperLimit":"400 ft AGL","authority":"FAA (Recreational Flyer Fixed Sites)"}},
{"type":"Feature","geometry":{"type":"Polygon","coordinates":[[[-83.99444,43.57764],[-83.99491,43.57405],[-83.99197,43.57561],[-83.99444,43.57764]]]},"properties":{"type":"REC_FIXED_SITE_US","name":"Flying Eagles Inc 1","identifier":"FAA-REC_FIXED_SITE_US:Flying Eagles Inc 1","lowerLimit":"GND","upperLimit":"400 ft AGL","authority":"FAA (Recreational Flyer Fixed Sites)"}},
{"type":"Feature","geometry":{"type":"Polygon","coordinates":[[[-88.12174,43.13184],[-88.12512,43.13168],[-88.12579,43.13033],[-88.12569,43.13017],[-88.12501,43.12912],[-88.12316,43.12863],[-88.12141,43.12929],[-88.12114,43.1299],[-88.12085,43.13056],[-88.12174,43.13184]]]},"properties":{"type":"REC_FIXED_SITE_US","name":"Flying Electrons Inc 1","identifier":"FAA-REC_FIXED_SITE_US:Flying Electrons Inc 1","lowerLimit":"GND","upperLimit":"400 ft AGL","authority":"FAA (Recreational Flyer Fixed Sites)"}},
{"type":"Feature","geometry":{"type":"Polygon","coordinates":[[[-88.33444,41.91959],[-88.33687,41.91778],[-88.33202,41.91766],[-88.33444,41.91959]]]},"properties":{"type":"REC_FIXED_SITE_US","name":"Fox Valley Aero Club 2","identifier":"FAA-REC_FIXED_SITE_US:Fox Valley Aero Club 2","lowerLimit":"GND","upperLimit":"400 ft AGL","authority":"FAA (Recreational Flyer Fixed Sites)"}},
{"type":"Feature","geometry":{"type":"Polygon","coordinates":[[[-82.89357,42.62303],[-82.89388,42.61942],[-82.89112,42.62111],[-82.89357,42.62303]]]},"properties":{"type":"REC_FIXED_SITE_US","name":"Fraser Flying Club 1","identifier":"FAA-REC_FIXED_SITE_US:Fraser Flying Club 1","lowerLimit":"GND","upperLimit":"200 ft AGL","authority":"FAA (Recreational Flyer Fixed Sites)"}},
{"type":"Feature","geometry":{"type":"Polygon","coordinates":[[[-77.46083,39.38137],[-77.46243,39.37823],[-77.45923,39.37823],[-77.46083,39.38137]]]},"properties":{"type":"REC_FIXED_SITE_US","name":"Frederick Model Aircraft Club 1","identifier":"FAA-REC_FIXED_SITE_US:Frederick Model Aircraft Club 1","lowerLimit":"GND","upperLimit":"400 ft AGL","authority":"FAA (Recreational Flyer Fixed Sites)"}},
{"type":"Feature","geometry":{"type":"Polygon","coordinates":[[[-149.742,61.21042],[-149.74556,61.20805],[-149.73844,61.20805],[-149.742,61.21042]]]},"properties":{"type":"REC_FIXED_SITE_US","name":"Frontier Fun Flyers 3","identifier":"FAA-REC_FIXED_SITE_US:Frontier Fun Flyers 3","lowerLimit":"GND","upperLimit":"400 ft AGL","authority":"FAA (Recreational Flyer Fixed Sites)"}},
{"type":"Feature","geometry":{"type":"Polygon","coordinates":[[[-114.29712,48.35489],[-114.2997,48.35252],[-114.29526,48.35176],[-114.29712,48.35489]]]},"properties":{"type":"REC_FIXED_SITE_US","name":"Glacier R/Cers 1","identifier":"FAA-REC_FIXED_SITE_US:Glacier R/Cers 1","lowerLimit":"GND","upperLimit":"100 ft AGL","authority":"FAA (Recreational Flyer Fixed Sites)"}},
{"type":"Feature","geometry":{"type":"Polygon","coordinates":[[[-114.32833,48.20264],[-114.33085,48.2015],[-114.3308,48.20134],[-114.33059,48.20073],[-114.33019,48.19951],[-114.32984,48.19945],[-114.32851,48.19922],[-114.32766,48.19908],[-114.32751,48.19916],[-114.32669,48.19962],[-114.32588,48.20006],[-114.3259,48.20021],[-114.32611,48.20167],[-114.32614,48.2019],[-114.32619,48.20192],[-114.32831,48.20263],[-114.32833,48.20264]]]},"properties":{"type":"REC_FIXED_SITE_US","name":"Glacier R/Cers 2","identifier":"FAA-REC_FIXED_SITE_US:Glacier R/Cers 2","lowerLimit":"GND","upperLimit":"400 ft AGL","authority":"FAA (Recreational Flyer Fixed Sites)"}},
{"type":"Feature","geometry":{"type":"Polygon","coordinates":[[[-97.04941,36.67667],[-97.04941,36.67304],[-97.04716,36.67486],[-97.04941,36.67667]]]},"properties":{"type":"REC_FIXED_SITE_US","name":"Good Ole Okie Flying Society Goofs 1","identifier":"FAA-REC_FIXED_SITE_US:Good Ole Okie Flying Society Goofs 1","lowerLimit":"GND","upperLimit":"400 ft AGL","authority":"FAA (Recreational Flyer Fixed Sites)"}},
{"type":"Feature","geometry":{"type":"Polygon","coordinates":[[[-71.45444,42.79042],[-71.4569,42.78872],[-71.45276,42.78729],[-71.45444,42.79042]]]},"properties":{"type":"REC_FIXED_SITE_US","name":"Granite State Quiet Flyers 1","identifier":"FAA-REC_FIXED_SITE_US:Granite State Quiet Flyers 1","lowerLimit":"GND","upperLimit":"400 ft AGL","authority":"FAA (Recreational Flyer Fixed Sites)"}},
{"type":"Feature","geometry":{"type":"Polygon","coordinates":[[[-95.10261,29.63547],[-95.10261,29.63184],[-95.10053,29.63354],[-95.10261,29.63547]]]},"properties":{"type":"REC_FIXED_SITE_US","name":"Gulf Coast RC Club 1","identifier":"FAA-REC_FIXED_SITE_US:Gulf Coast RC Club 1","lowerLimit":"GND","upperLimit":"200 ft AGL","authority":"FAA (Recreational Flyer Fixed Sites)"}},
{"type":"Feature","geometry":{"type":"Polygon","coordinates":[[[-73.99868,40.87137],[-74.00042,40.8708],[-74.00107,40.86956],[-74.00094,40.86929],[-74.00035,40.87041],[-73.99861,40.87098],[-73.99687,40.87041],[-73.99636,40.86944],[-73.99629,40.86956],[-73.99694,40.8708],[-73.99868,40.87137]]]},"properties":{"type":"REC_FIXED_SITE_US","name":"Hackensack Valley RC Flyers 1","identifier":"FAA-REC_FIXED_SITE_US:Hackensack Valley RC Flyers 1","lowerLimit":"GND","upperLimit":"200 ft AGL","authority":"FAA (Recreational Flyer Fixed Sites)"}},
{"type":"Feature","geometry":{"type":"Polygon","coordinates":[[[-117.94092,33.66316],[-117.94309,33.66134],[-117.94078,33.65953],[-117.94092,33.66316]]]},"properties":{"type":"REC_FIXED_SITE_US","name":"Harbor Soaring Society 2","identifier":"FAA-REC_FIXED_SITE_US:Harbor Soaring Society 2","lowerLimit":"GND","upperLimit":"200 ft AGL","authority":"FAA (Recreational Flyer Fixed Sites)"}},
{"type":"Feature","geometry":{"type":"Polygon","coordinates":[[[-93.11931,36.21119],[-93.12155,36.20937],[-93.11945,36.20756],[-93.11931,36.21119]]]},"properties":{"type":"REC_FIXED_SITE_US","name":"Harrison Wart Hogs 1","identifier":"FAA-REC_FIXED_SITE_US:Harrison Wart Hogs 1","lowerLimit":"GND","upperLimit":"200 ft AGL","authority":"FAA (Recreational Flyer Fixed Sites)"}},
{"type":"Feature","geometry":{"type":"Polygon","coordinates":[[[-98.30963,40.54906],[-98.30978,40.54544],[-98.30726,40.54714],[-98.30963,40.54906]]]},"properties":{"type":"REC_FIXED_SITE_US","name":"Hastings Skylarks Inc 1","identifier":"FAA-REC_FIXED_SITE_US:Hastings Skylarks Inc 1","lowerLimit":"GND","upperLimit":"400 ft AGL","authority":"FAA (Recreational Flyer Fixed Sites)"}},
{"type":"Feature","geometry":{"type":"Polygon","coordinates":[[[-97.24486,31.54353],[-97.24697,31.54183],[-97.24695,31.54178],[-97.2464,31.54047],[-97.24331,31.54047],[-97.24331,31.54296],[-97.24342,31.543],[-97.24486,31.54353]]]},"properties":{"type":"REC_FIXED_SITE_US","name":"Heart Of Texas Miniature Aircraft Club 1","identifier":"FAA-REC_FIXED_SITE_US:Heart Of Texas Miniature Aircraft Club 1","lowerLimit":"GND","upperLimit":"400 ft AGL","authority":"FAA (Recreational Flyer Fixed Sites)"}},
{"type":"Feature","geometry":{"type":"Polygon","coordinates":[[[-97.24342,31.543],[-97.24338,31.5431],[-97.24405,31.54442],[-97.24762,31.5431],[-97.24695,31.54178],[-97.24697,31.54183],[-97.24486,31.54353],[-97.24342,31.543]]]},"properties":{"type":"REC_FIXED_SITE_US","name":"Heart Of Texas Miniature Aircraft Club 2","identifier":"FAA-REC_FIXED_SITE_US:Heart Of Texas Miniature Aircraft Club 2","lowerLimit":"GND","upperLimit":"400 ft AGL","authority":"FAA (Recreational Flyer Fixed Sites)"}},
{"type":"Feature","geometry":{"type":"Polygon","coordinates":[[[-92.14388,34.77109],[-92.14768,34.76996],[-92.14549,34.76803],[-92.14388,34.77109]]]},"properties":{"type":"REC_FIXED_SITE_US","name":"Henderson RC Flying Club 1","identifier":"FAA-REC_FIXED_SITE_US:Henderson RC Flying Club 1","lowerLimit":"GND","upperLimit":"400 ft AGL","authority":"FAA (Recreational Flyer Fixed Sites)"}},
{"type":"Feature","geometry":{"type":"Polygon","coordinates":[[[-93.08916,34.54252],[-93.08916,34.53889],[-93.08697,34.54059],[-93.08916,34.54252]]]},"properties":{"type":"REC_FIXED_SITE_US","name":"Hot Springs R/C Flying Club 1","identifier":"FAA-REC_FIXED_SITE_US:Hot Springs R/C Flying Club 1","lowerLimit":"GND","upperLimit":"200 ft AGL","authority":"FAA (Recreational Flyer Fixed Sites)"}},
{"type":"Feature","geometry":{"type":"Polygon","coordinates":[[[-95.44386,29.98576],[-95.44386,29.98213],[-95.44178,29.98383],[-95.44386,29.98576]]]},"properties":{"type":"REC_FIXED_SITE_US","name":"Houston Sport Flyers 1","identifier":"FAA-REC_FIXED_SITE_US:Houston Sport Flyers 1","lowerLimit":"GND","upperLimit":"400 ft AGL","authority":"FAA (Recreational Flyer Fixed Sites)"}},
{"type":"Feature","geometry":{"type":"Polygon","coordinates":[[[-115.63561,32.89218],[-115.63874,32.8897],[-115.63571,32.88946],[-115.63561,32.89218]]]},"properties":{"type":"REC_FIXED_SITE_US","name":"Imperial Valley RC Assn 1","identifier":"FAA-REC_FIXED_SITE_US:Imperial Valley RC Assn 1","lowerLimit":"GND","upperLimit":"400 ft AGL","authority":"FAA (Recreational Flyer Fixed Sites)"}},
{"type":"Feature","geometry":{"type":"Polygon","coordinates":[[[-117.50675,33.95839],[-117.50834,33.95534],[-117.50516,33.95534],[-117.50675,33.95839]]]},"properties":{"type":"REC_FIXED_SITE_US","name":"Inland Empire Radio Control Club 1","identifier":"FAA-REC_FIXED_SITE_US:Inland Empire Radio Control Club 1","lowerLimit":"GND","upperLimit":"400 ft AGL","authority":"FAA (Recreational Flyer Fixed Sites)"}},
{"type":"Feature","geometry":{"type":"Polygon","coordinates":[[[-93.57275,47.25881],[-93.57403,47.25541],[-93.57022,47.25644],[-93.57275,47.25881]]]},"properties":{"type":"REC_FIXED_SITE_US","name":"Itasca Radio Control Club 1","identifier":"FAA-REC_FIXED_SITE_US:Itasca Radio Control Club 1","lowerLimit":"GND","upperLimit":"200 ft AGL","authority":"FAA (Recreational Flyer Fixed Sites)"}},
{"type":"Feature","geometry":{"type":"Polygon","coordinates":[[[-95.09568,29.55929],[-95.09852,29.55664],[-95.09568,29.55664],[-95.09568,29.55929]]]},"properties":{"type":"REC_FIXED_SITE_US","name":"Johnson Space Center R/C Club   1","identifier":"FAA-REC_FIXED_SITE_US:Johnson Space Center R/C Club   1","lowerLimit":"GND","upperLimit":"400 ft AGL","authority":"FAA (Recreational Flyer Fixed Sites)"}},
{"type":"Feature","geometry":{"type":"Polygon","coordinates":[[[-78.76468,40.28064],[-78.76641,40.27759],[-78.76232,40.27872],[-78.76468,40.28064]]]},"properties":{"type":"REC_FIXED_SITE_US","name":"Johnstown RC Club 1","identifier":"FAA-REC_FIXED_SITE_US:Johnstown RC Club 1","lowerLimit":"GND","upperLimit":"400 ft AGL","authority":"FAA (Recreational Flyer Fixed Sites)"}},
{"type":"Feature","geometry":{"type":"Polygon","coordinates":[[[-94.56702,39.18327],[-94.57094,39.18194],[-94.56861,39.18013],[-94.56702,39.18327]]]},"properties":{"type":"REC_FIXED_SITE_US","name":"Kansas City Flying Circuits 1","identifier":"FAA-REC_FIXED_SITE_US:Kansas City Flying Circuits 1","lowerLimit":"GND","upperLimit":"100 ft AGL","authority":"FAA (Recreational Flyer Fixed Sites)"}},
{"type":"Feature","geometry":{"type":"Polygon","coordinates":[[[-75.54746,39.16113],[-75.54916,39.15808],[-75.54576,39.15808],[-75.54746,39.16113]]]},"properties":{"type":"REC_FIXED_SITE_US","name":"Kent County Aeromodelers Inc 1","identifier":"FAA-REC_FIXED_SITE_US:Kent County Aeromodelers Inc 1","lowerLimit":"GND","upperLimit":"400 ft AGL","authority":"FAA (Recreational Flyer Fixed Sites)"}},
{"type":"Feature","geometry":{"type":"Polygon","coordinates":[[[-73.20802,41.18473],[-73.21042,41.18281],[-73.20618,41.18176],[-73.20802,41.18473]]]},"properties":{"type":"REC_FIXED_SITE_US","name":"Kent R/C Flyers 1","identifier":"FAA-REC_FIXED_SITE_US:Kent R/C Flyers 1","lowerLimit":"GND","upperLimit":"300 ft AGL","authority":"FAA (Recreational Flyer Fixed Sites)"}},
{"type":"Feature","geometry":{"type":"Polygon","coordinates":[[[-76.73756,40.23908],[-76.73771,40.23546],[-76.7352,40.23715],[-76.73756,40.23908]]]},"properties":{"type":"REC_FIXED_SITE_US","name":"Keystone RC Soc Inc 1","identifier":"FAA-REC_FIXED_SITE_US:Keystone RC Soc Inc 1","lowerLimit":"GND","upperLimit":"400 ft AGL","authority":"FAA (Recreational Flyer Fixed Sites)"}},
{"type":"Feature","geometry":{"type":"Polygon","coordinates":[[[-118.06637,34.04318],[-118.06964,34.04078],[-118.06657,34.04054],[-118.06637,34.04318]]]},"properties":{"type":"REC_FIXED_SITE_US","name":"Knights Of The Round Circle 1","identifier":"FAA-REC_FIXED_SITE_US:Knights Of The Round Circle 1","lowerLimit":"GND","upperLimit":"200 ft AGL","authority":"FAA (Recreational Flyer Fixed Sites)"}},
{"type":"Feature","geometry":null,"properties":{"type":"REC_FIXED_SITE_US","name":"Knights Of The Round Circle 2","identifier":"FAA-REC_FIXED_SITE_US:Knights Of The Round Circle 2","lowerLimit":"GND","upperLimit":"200 ft AGL","authority":"FAA (Recreational Flyer Fixed Sites)"}},
{"type":"Feature","geometry":{"type":"Polygon","coordinates":[[[-86.63024,39.20178],[-86.63257,39.20008],[-86.63024,39.19815],[-86.63024,39.20178]]]},"properties":{"type":"REC_FIXED_SITE_US","name":"Krippled Chick'n RC 1","identifier":"FAA-REC_FIXED_SITE_US:Krippled Chick'n RC 1","lowerLimit":"GND","upperLimit":"400 ft AGL","authority":"FAA (Recreational Flyer Fixed Sites)"}},
{"type":"Feature","geometry":{"type":"Polygon","coordinates":[[[-86.89143,40.43771],[-86.89543,40.43639],[-86.89291,40.43458],[-86.89143,40.43771]]]},"properties":{"type":"REC_FIXED_SITE_US","name":"Lafayette Cloud Jockeys 2","identifier":"FAA-REC_FIXED_SITE_US:Lafayette Cloud Jockeys 2","lowerLimit":"GND","upperLimit":"200 ft AGL","authority":"FAA (Recreational Flyer Fixed Sites)"}},
{"type":"Feature","geometry":{"type":"Polygon","coordinates":[[[-122.26326,47.55992],[-122.26455,47.55652],[-122.26067,47.55766],[-122.26326,47.55992]]]},"properties":{"type":"REC_FIXED_SITE_US","name":"Lake Sawyer Hawks - Lake Washington Blvd","identifier":"FAA-REC_FIXED_SITE_US:Lake Sawyer Hawks - Lake Washington Blvd","lowerLimit":"GND","upperLimit":"400 ft AGL","authority":"FAA (Recreational Flyer Fixed Sites)"}},
{"type":"Feature","geometry":{"type":"Polygon","coordinates":[[[-74.00094,40.86929],[-74.001,40.86917],[-74.00035,40.86793],[-73.99861,40.86735],[-73.99687,40.86793],[-73.99622,40.86917],[-73.99636,40.86944],[-73.99687,40.87041],[-73.99861,40.87098],[-74.00035,40.87041],[-74.00094,40.86929]]]},"properties":{"type":"REC_FIXED_SITE_US","name":"Lakeland Aero Model Club - Overpeck Park","identifier":"FAA-REC_FIXED_SITE_US:Lakeland Aero Model Club - Overpeck Park","lowerLimit":"GND","upperLimit":"200 ft AGL","authority":"FAA (Recreational Flyer Fixed Sites)"}},
{"type":"Feature","geometry":{"type":"Polygon","coordinates":[[[-73.98928,40.87378],[-73.98943,40.87016],[-73.98689,40.87197],[-73.98928,40.87378]]]},"properties":{"type":"REC_FIXED_SITE_US","name":"Lakeland Aero Model Club Inc - Soccer Field","identifier":"FAA-REC_FIXED_SITE_US:Lakeland Aero Model Club Inc - Soccer Field","lowerLimit":"GND","upperLimit":"200 ft AGL","authority":"FAA (Recreational Flyer Fixed Sites)"}},
{"type":"Feature","geometry":{"type":"Polygon","coordinates":[[[-76.3792,40.12403],[-76.38156,40.12234],[-76.37935,40.12041],[-76.3792,40.12403]]]},"properties":{"type":"REC_FIXED_SITE_US","name":"Lancaster Area Soaring Society Inc. 1","identifier":"FAA-REC_FIXED_SITE_US:Lancaster Area Soaring Society Inc. 1","lowerLimit":"GND","upperLimit":"400 ft AGL","authority":"FAA (Recreational Flyer Fixed Sites)"}},
{"type":"Feature","geometry":{"type":"Polygon","coordinates":[[[-115.0155,36.09156],[-115.01722,36.08859],[-115.01408,36.08835],[-115.0155,36.09156]]]},"properties":{"type":"REC_FIXED_SITE_US","name":"Las Vegas Radio Control Club 2","identifier":"FAA-REC_FIXED_SITE_US:Las Vegas Radio Control Club 2","lowerLimit":"GND","upperLimit":"400 ft AGL","authority":"FAA (Recreational Flyer Fixed Sites)"}},
{"type":"Feature","geometry":{"type":"Polygon","coordinates":[[[-79.4622,40.2157],[-79.46402,40.21273],[-79.45983,40.21389],[-79.4622,40.2157]]]},"properties":{"type":"REC_FIXED_SITE_US","name":"Laurel Highlands Mac 1","identifier":"FAA-REC_FIXED_SITE_US:Laurel Highlands Mac 1","lowerLimit":"GND","upperLimit":"400 ft AGL","authority":"FAA (Recreational Flyer Fixed Sites)"}},
{"type":"Feature","geometry":{"type":"Polygon","coordinates":[[[-72.7275,40.85181],[-72.72989,40.85],[-72.72735,40.84819],[-72.7275,40.85181]]]},"properties":{"type":"REC_FIXED_SITE_US","name":"Long Island Skyhawks 1","identifier":"FAA-REC_FIXED_SITE_US:Long Island Skyhawks 1","lowerLimit":"GND","upperLimit":"400 ft AGL","authority":"FAA (Recreational Flyer Fixed Sites)"}},
{"type":"Feature","geometry":{"type":"Polygon","coordinates":[[[-123.793,46.15042],[-123.7956,46.1485],[-123.79267,46.14681],[-123.793,46.15042]]]},"properties":{"type":"REC_FIXED_SITE_US","name":"Lower Columbia RC SOC 2","identifier":"FAA-REC_FIXED_SITE_US:Lower Columbia RC SOC 2","lowerLimit":"GND","upperLimit":"200 ft AGL","authority":"FAA (Recreational Flyer Fixed Sites)"}},
{"type":"Feature","geometry":{"type":"Polygon","coordinates":[[[-114.496,42.44811],[-114.49631,42.4445],[-114.49355,42.4463],[-114.496,42.44811]]]},"properties":{"type":"REC_FIXED_SITE_US","name":"Magic Valley Aeromodelers LLC 1","identifier":"FAA-REC_FIXED_SITE_US:Magic Valley Aeromodelers LLC 1","lowerLimit":"GND","upperLimit":"200 ft AGL","authority":"FAA (Recreational Flyer Fixed Sites)"}},
{"type":"Feature","geometry":{"type":"Polygon","coordinates":[[[-92.17878,34.78327],[-92.18098,34.78157],[-92.17878,34.77964],[-92.17878,34.78327]]]},"properties":{"type":"REC_FIXED_SITE_US","name":"MARCS 1","identifier":"FAA-REC_FIXED_SITE_US:MARCS 1","lowerLimit":"GND","upperLimit":"200 ft AGL","authority":"FAA (Recreational Flyer Fixed Sites)"}},
{"type":"Feature","geometry":{"type":"Polygon","coordinates":[[[-82.80113,42.67981],[-82.80144,42.6762],[-82.79868,42.67789],[-82.80113,42.67981]]]},"properties":{"type":"REC_FIXED_SITE_US","name":"Michigan Whirlybirds Sierra Dr. Flying Site","identifier":"FAA-REC_FIXED_SITE_US:Michigan Whirlybirds Sierra Dr. Flying Site","lowerLimit":"GND","upperLimit":"200 ft AGL","authority":"FAA (Recreational Flyer Fixed Sites)"}},
{"type":"Feature","geometry":{"type":"Polygon","coordinates":[[[-73.84612,41.74965],[-73.84944,41.74701],[-73.84612,41.74701],[-73.84612,41.74965]]]},"properties":{"type":"REC_FIXED_SITE_US","name":"Mid Hudson Modelmasters - Van Wagner Rd Field","identifier":"FAA-REC_FIXED_SITE_US:Mid Hudson Modelmasters - Van Wagner Rd Field","lowerLimit":"GND","upperLimit":"400 ft AGL","authority":"FAA (Recreational Flyer Fixed Sites)"}},
{"type":"Feature","geometry":{"type":"Polygon","coordinates":[[[-73.7575,42.6807],[-73.75781,42.67709],[-73.75505,42.67878],[-73.7575,42.6807]]]},"properties":{"type":"REC_FIXED_SITE_US","name":"Mid Hudson RC SOC 4","identifier":"FAA-REC_FIXED_SITE_US:Mid Hudson RC SOC 4","lowerLimit":"GND","upperLimit":"400 ft AGL","authority":"FAA (Recreational Flyer Fixed Sites)"}},
{"type":"Feature","geometry":{"type":"Polygon","coordinates":[[[-73.88573,41.67688],[-73.88588,41.67326],[-73.88331,41.67507],[-73.88573,41.67688]]]},"properties":{"type":"REC_FIXED_SITE_US","name":"Mid Hudson RC SOC - United Methodist Church Club Site","identifier":"FAA-REC_FIXED_SITE_US:Mid Hudson RC SOC - United Methodist Church Club Site","lowerLimit":"GND","upperLimit":"200 ft AGL","authority":"FAA (Recreational Flyer Fixed Sites)"}},
{"type":"Feature","geometry":{"type":"Polygon","coordinates":[[[-93.65888,38.74264],[-93.66057,38.73959],[-93.65657,38.74072],[-93.65888,38.74264]]]},"properties":{"type":"REC_FIXED_SITE_US","name":"Mid Missouri Modelers 1","identifier":"FAA-REC_FIXED_SITE_US:Mid Missouri Modelers 1","lowerLimit":"GND","upperLimit":"400 ft AGL","authority":"FAA (Recreational Flyer Fixed Sites)"}},
{"type":"Feature","geometry":{"type":"Polygon","coordinates":[[[-157.76384,21.40142],[-157.76702,21.3999],[-157.76496,21.3982],[-157.76384,21.40142]]]},"properties":{"type":"REC_FIXED_SITE_US","name":"Mid Pacific Soaring Society 1","identifier":"FAA-REC_FIXED_SITE_US:Mid Pacific Soaring Society 1","lowerLimit":"GND","upperLimit":"100 ft AGL","authority":"FAA (Recreational Flyer Fixed Sites)"}},
{"type":"Feature","geometry":{"type":"Polygon","coordinates":[[[-147.5073,64.77578],[-147.5114,64.77353],[-147.5032,64.77353],[-147.5073,64.77578]]]},"properties":{"type":"REC_FIXED_SITE_US","name":"Midnight Sun RC Inc 1","identifier":"FAA-REC_FIXED_SITE_US:Midnight Sun RC Inc 1","lowerLimit":"GND","upperLimit":"400 ft AGL","authority":"FAA (Recreational Flyer Fixed Sites)"}},
{"type":"Feature","geometry":{"type":"Polygon","coordinates":[[[-97.6925,35.49237],[-97.69412,35.48931],[-97.69088,35.48931],[-97.6925,35.49237]]]},"properties":{"type":"REC_FIXED_SITE_US","name":"Military & Vintage Aircraft Suas Association 1","identifier":"FAA-REC_FIXED_SITE_US:Military & Vintage Aircraft Suas Association 1","lowerLimit":"GND","upperLimit":"200 ft AGL","authority":"FAA (Recreational Flyer Fixed Sites)"}},
{"type":"Feature","geometry":{"type":"Polygon","coordinates":[[[-100.761,46.83674],[-100.76351,46.83549],[-100.75988,46.83329],[-100.761,46.83674]]]},"properties":{"type":"REC_FIXED_SITE_US","name":"Mo Slope Model Aero Club Inc 2","identifier":"FAA-REC_FIXED_SITE_US:Mo Slope Model Aero Club Inc 2","lowerLimit":"GND","upperLimit":"400 ft AGL","authority":"FAA (Recreational Flyer Fixed Sites)"}},
{"type":"Feature","geometry":{"type":"Polygon","coordinates":[[[-80.84698,28.54904],[-80.85045,28.54772],[-80.84698,28.54639],[-80.84698,28.54904]]]},"properties":{"type":"REC_FIXED_SITE_US","name":"Moonport Modelers 1","identifier":"FAA-REC_FIXED_SITE_US:Moonport Modelers 1","lowerLimit":"GND","upperLimit":"200 ft AGL","authority":"FAA (Recreational Flyer Fixed Sites)"}},
{"type":"Feature","geometry":{"type":"Polygon","coordinates":[[[-86.6565,36.20381],[-86.65664,36.20019],[-86.65426,36.202],[-86.6565,36.20381]]]},"properties":{"type":"REC_FIXED_SITE_US","name":"Music City Aviators","identifier":"FAA-REC_FIXED_SITE_US:Music City Aviators","lowerLimit":"GND","upperLimit":"400 ft AGL","authority":"FAA (Recreational Flyer Fixed Sites)"}},
{"type":"Feature","geometry":{"type":"Polygon","coordinates":[[[-95.59261,38.94423],[-95.59431,38.94118],[-95.59092,38.94118],[-95.59261,38.94423]]]},"properties":{"type":"REC_FIXED_SITE_US","name":"N.E. Kansas Blue Sky Squadron Inc","identifier":"FAA-REC_FIXED_SITE_US:N.E. Kansas Blue Sky Squadron Inc","lowerLimit":"GND","upperLimit":"400 ft AGL","authority":"FAA (Recreational Flyer Fixed Sites)"}},
{"type":"Feature","geometry":{"type":"Polygon","coordinates":[[[-73.46417,40.75153],[-73.46467,40.75138],[-73.46333,40.75094],[-73.46269,40.74958],[-73.46355,40.7483],[-73.46465,40.74803],[-73.46432,40.74791],[-73.46254,40.7484],[-73.46178,40.74972],[-73.46243,40.75096],[-73.46417,40.75153]]]},"properties":{"type":"REC_FIXED_SITE_US","name":"Nassau Association Of RC 2","identifier":"FAA-REC_FIXED_SITE_US:Nassau Association Of RC 2","lowerLimit":"GND","upperLimit":"200 ft AGL","authority":"FAA (Recreational Flyer Fixed Sites)"}},
{"type":"Feature","geometry":{"type":"Polygon","coordinates":[[[-76.09972,43.84348],[-76.10165,43.84051],[-76.09813,43.84027],[-76.09972,43.84348]]]},"properties":{"type":"REC_FIXED_SITE_US","name":"N-Crash Private Property Site","identifier":"FAA-REC_FIXED_SITE_US:N-Crash Private Property Site","lowerLimit":"GND","upperLimit":"400 ft AGL","authority":"FAA (Recreational Flyer Fixed Sites)"}},
{"type":"Feature","geometry":{"type":"Polygon","coordinates":[[[-97.33364,38.06138],[-97.33531,38.05832],[-97.33207,38.05824],[-97.33364,38.06138]]]},"properties":{"type":"REC_FIXED_SITE_US","name":"Newton Area RC Club Inc 1","identifier":"FAA-REC_FIXED_SITE_US:Newton Area RC Club Inc 1","lowerLimit":"GND","upperLimit":"200 ft AGL","authority":"FAA (Recreational Flyer Fixed Sites)"}},
{"type":"Feature","geometry":{"type":"Polygon","coordinates":[[[-94.12931,36.03728],[-94.13093,36.03422],[-94.12768,36.03422],[-94.12931,36.03728]]]},"properties":{"type":"REC_FIXED_SITE_US","name":"Ozark Flyers 1","identifier":"FAA-REC_FIXED_SITE_US:Ozark Flyers 1","lowerLimit":"GND","upperLimit":"300 ft AGL","authority":"FAA (Recreational Flyer Fixed Sites)"}},
{"type":"Feature","geometry":{"type":"Polygon","coordinates":[[[-119.75328,36.84112],[-119.75627,36.8384],[-119.75298,36.83857],[-119.75328,36.84112]]]},"properties":{"type":"REC_FIXED_SITE_US","name":"PC Flyers 1","identifier":"FAA-REC_FIXED_SITE_US:PC Flyers 1","lowerLimit":"GND","upperLimit":"100 ft AGL","authority":"FAA (Recreational Flyer Fixed Sites)"}},
{"type":"Feature","geometry":{"type":"Polygon","coordinates":[[[-88.3046,42.99621],[-88.30491,42.9926],[-88.30213,42.9944],[-88.3046,42.99621]]]},"properties":{"type":"REC_FIXED_SITE_US","name":"Pebble Creek Flyers Inc 1","identifier":"FAA-REC_FIXED_SITE_US:Pebble Creek Flyers Inc 1","lowerLimit":"GND","upperLimit":"400 ft AGL","authority":"FAA (Recreational Flyer Fixed Sites)"}},
{"type":"Feature","geometry":{"type":"Polygon","coordinates":[[[-77.67969,39.66676],[-77.68203,39.66484],[-77.67954,39.66314],[-77.67969,39.66676]]]},"properties":{"type":"REC_FIXED_SITE_US","name":"Pegasus RC Airplane Club 1","identifier":"FAA-REC_FIXED_SITE_US:Pegasus RC Airplane Club 1","lowerLimit":"GND","upperLimit":"400 ft AGL","authority":"FAA (Recreational Flyer Fixed Sites)"}},
{"type":"Feature","geometry":{"type":"Polygon","coordinates":[[[-118.36981,33.8554],[-118.37199,33.85359],[-118.36832,33.85226],[-118.36981,33.8554]]]},"properties":{"type":"REC_FIXED_SITE_US","name":"Peninsula Silent Flyers 1","identifier":"FAA-REC_FIXED_SITE_US:Peninsula Silent Flyers 1","lowerLimit":"GND","upperLimit":"400 ft AGL","authority":"FAA (Recreational Flyer Fixed Sites)"}},
{"type":"Feature","geometry":null,"properties":{"type":"REC_FIXED_SITE_US","name":"Peninsula Silent Flyers 3","identifier":"FAA-REC_FIXED_SITE_US:Peninsula Silent Flyers 3","lowerLimit":"GND","upperLimit":"400 ft AGL","authority":"FAA (Recreational Flyer Fixed Sites)"}},
{"type":"Feature","geometry":{"type":"Polygon","coordinates":[[[-73.90277,40.60014],[-73.90603,40.60014],[-73.90455,40.59701],[-73.90277,40.60014]]]},"properties":{"type":"REC_FIXED_SITE_US","name":"Pennsylvania Ave RC Society 1","identifier":"FAA-REC_FIXED_SITE_US:Pennsylvania Ave RC Society 1","lowerLimit":"GND","upperLimit":"400 ft AGL","authority":"FAA (Recreational Flyer Fixed Sites)"}},
{"type":"Feature","geometry":{"type":"Polygon","coordinates":[[[-90.4195,38.84276],[-90.42182,38.84095],[-90.41781,38.83971],[-90.4195,38.84276]]]},"properties":{"type":"REC_FIXED_SITE_US","name":"Phantom Flyers RC Club 1","identifier":"FAA-REC_FIXED_SITE_US:Phantom Flyers RC Club 1","lowerLimit":"GND","upperLimit":"200 ft AGL","authority":"FAA (Recreational Flyer Fixed Sites)"}},
{"type":"Feature","geometry":{"type":"Polygon","coordinates":[[[-111.84836,33.3107],[-111.85052,33.30889],[-111.84688,33.30756],[-111.84836,33.3107]]]},"properties":{"type":"REC_FIXED_SITE_US","name":"Phoenix Model Airplane Club 6","identifier":"FAA-REC_FIXED_SITE_US:Phoenix Model Airplane Club 6","lowerLimit":"GND","upperLimit":"100 ft AGL","authority":"FAA (Recreational Flyer Fixed Sites)"}},
{"type":"Feature","geometry":{"type":"Polygon","coordinates":[[[-73.20278,44.52931],[-73.20529,44.52727],[-73.20093,44.52626],[-73.20278,44.52931]]]},"properties":{"type":"REC_FIXED_SITE_US","name":"Pine Island Aero Modelers 1","identifier":"FAA-REC_FIXED_SITE_US:Pine Island Aero Modelers 1","lowerLimit":"GND","upperLimit":"400 ft AGL","authority":"FAA (Recreational Flyer Fixed Sites)"}},
{"type":"Feature","geometry":{"type":"Polygon","coordinates":[[[-72.79139,42.14209],[-72.79382,42.14016],[-72.78951,42.13912],[-72.79139,42.14209]]]},"properties":{"type":"REC_FIXED_SITE_US","name":"Pioneer Valley RC Club 1","identifier":"FAA-REC_FIXED_SITE_US:Pioneer Valley RC Club 1","lowerLimit":"GND","upperLimit":"400 ft AGL","authority":"FAA (Recreational Flyer Fixed Sites)"}},
{"type":"Feature","geometry":{"type":"Polygon","coordinates":[[[-117.68776,34.01396],[-117.69075,34.01396],[-117.68939,34.01083],[-117.68776,34.01396]]]},"properties":{"type":"REC_FIXED_SITE_US","name":"Pomona Valley Model Airplane Club Inc 1","identifier":"FAA-REC_FIXED_SITE_US:Pomona Valley Model Airplane Club Inc 1","lowerLimit":"GND","upperLimit":"400 ft AGL","authority":"FAA (Recreational Flyer Fixed Sites)"}},
{"type":"Feature","geometry":{"type":"Polygon","coordinates":[[[-117.63028,33.93404],[-117.63177,33.9309],[-117.6281,33.93222],[-117.63028,33.93404]]]},"properties":{"type":"REC_FIXED_SITE_US","name":"Pomona Valley Model Airplane Club Inc 2","identifier":"FAA-REC_FIXED_SITE_US:Pomona Valley Model Airplane Club Inc 2","lowerLimit":"GND","upperLimit":"400 ft AGL","authority":"FAA (Recreational Flyer Fixed Sites)"}},
{"type":"Feature","geometry":{"type":"Polygon","coordinates":[[[-80.15444,26.29154],[-80.156,26.28856],[-80.15243,26.28961],[-80.15444,26.29154]]]},"properties":{"type":"REC_FIXED_SITE_US","name":"Pompano Hill Flyers 1","identifier":"FAA-REC_FIXED_SITE_US:Pompano Hill Flyers 1","lowerLimit":"GND","upperLimit":"200 ft AGL","authority":"FAA (Recreational Flyer Fixed Sites)"}},
{"type":"Feature","geometry":{"type":"Polygon","coordinates":[[[-112.31729,34.63124],[-112.32058,34.62884],[-112.31749,34.6286],[-112.31729,34.63124]]]},"properties":{"type":"REC_FIXED_SITE_US","name":"Prescott Valley Silent Flyers 1","identifier":"FAA-REC_FIXED_SITE_US:Prescott Valley Silent Flyers 1","lowerLimit":"GND","upperLimit":"400 ft AGL","authority":"FAA (Recreational Flyer Fixed Sites)"}},
{"type":"Feature","geometry":{"type":"Polygon","coordinates":[[[-103.17389,44.13231],[-103.17561,44.12918],[-103.17138,44.13061],[-103.17389,44.13231]]]},"properties":{"type":"REC_FIXED_SITE_US","name":"Propbusters 1","identifier":"FAA-REC_FIXED_SITE_US:Propbusters 1","lowerLimit":"GND","upperLimit":"400 ft AGL","authority":"FAA (Recreational Flyer Fixed Sites)"}},
{"type":"Feature","geometry":{"type":"Polygon","coordinates":[[[-70.37139,43.64653],[-70.37298,43.64333],[-70.36937,43.64366],[-70.37139,43.64653]]]},"properties":{"type":"REC_FIXED_SITE_US","name":"Propsnappers Inc 1","identifier":"FAA-REC_FIXED_SITE_US:Propsnappers Inc 1","lowerLimit":"GND","upperLimit":"200 ft AGL","authority":"FAA (Recreational Flyer Fixed Sites)"}},
{"type":"Feature","geometry":{"type":"Polygon","coordinates":[[[-75.39251,39.8731],[-75.39584,39.87054],[-75.39262,39.87038],[-75.39251,39.8731]]]},"properties":{"type":"REC_FIXED_SITE_US","name":"Propstoppers MAC 1","identifier":"FAA-REC_FIXED_SITE_US:Propstoppers MAC 1","lowerLimit":"GND","upperLimit":"400 ft AGL","authority":"FAA (Recreational Flyer Fixed Sites)"}},
{"type":"Feature","geometry":{"type":"Polygon","coordinates":[[[-75.39233,39.8778],[-75.39404,39.87475],[-75.39061,39.87475],[-75.39233,39.8778]]]},"properties":{"type":"REC_FIXED_SITE_US","name":"Propstoppers MAC 3","identifier":"FAA-REC_FIXED_SITE_US:Propstoppers MAC 3","lowerLimit":"GND","upperLimit":"400 ft AGL","authority":"FAA (Recreational Flyer Fixed Sites)"}},
{"type":"Feature","geometry":{"type":"Polygon","coordinates":[[[-73.83694,40.73431],[-73.83709,40.73069],[-73.83456,40.7325],[-73.83694,40.73431]]]},"properties":{"type":"REC_FIXED_SITE_US","name":"Queens Flight Club 1","identifier":"FAA-REC_FIXED_SITE_US:Queens Flight Club 1","lowerLimit":"GND","upperLimit":"200 ft AGL","authority":"FAA (Recreational Flyer Fixed Sites)"}},
{"type":"Feature","geometry":{"type":"Polygon","coordinates":[[[-80.39327,27.72005],[-80.39531,27.71835],[-80.39178,27.717],[-80.39327,27.72005]]]},"properties":{"type":"REC_FIXED_SITE_US","name":"Quiet Birds Of Vero Beach   1","identifier":"FAA-REC_FIXED_SITE_US:Quiet Birds Of Vero Beach   1","lowerLimit":"GND","upperLimit":"400 ft AGL","authority":"FAA (Recreational Flyer Fixed Sites)"}},
{"type":"Feature","geometry":{"type":"Polygon","coordinates":[[[-84.09928,39.7763],[-84.10324,39.77498],[-84.10074,39.77317],[-84.09928,39.7763]]]},"properties":{"type":"REC_FIXED_SITE_US","name":"Radio Aircraft Modelers SOC Rams 1","identifier":"FAA-REC_FIXED_SITE_US:Radio Aircraft Modelers SOC Rams 1","lowerLimit":"GND","upperLimit":"400 ft AGL","authority":"FAA (Recreational Flyer Fixed Sites)"}},
{"type":"Feature","geometry":{"type":"Polygon","coordinates":[[[-87.84058,41.9538],[-87.84224,41.95067],[-87.83892,41.95067],[-87.84058,41.9538]]]},"properties":{"type":"REC_FIXED_SITE_US","name":"Radio Signal Modelers Flyers 1","identifier":"FAA-REC_FIXED_SITE_US:Radio Signal Modelers Flyers 1","lowerLimit":"GND","upperLimit":"200 ft AGL","authority":"FAA (Recreational Flyer Fixed Sites)"}},
{"type":"Feature","geometry":{"type":"Polygon","coordinates":[[[-73.05806,41.24983],[-73.05806,41.24621],[-73.05566,41.24791],[-73.05806,41.24983]]]},"properties":{"type":"REC_FIXED_SITE_US","name":"RC Club Of Connecticut Inc 1","identifier":"FAA-REC_FIXED_SITE_US:RC Club Of Connecticut Inc 1","lowerLimit":"GND","upperLimit":"100 ft AGL","authority":"FAA (Recreational Flyer Fixed Sites)"}},
{"type":"Feature","geometry":{"type":"Polygon","coordinates":[[[-79.17285,42.12213],[-79.17619,42.12213],[-79.17297,42.11941],[-79.17285,42.12213]]]},"properties":{"type":"REC_FIXED_SITE_US","name":"RC Falcons 1","identifier":"FAA-REC_FIXED_SITE_US:RC Falcons 1","lowerLimit":"GND","upperLimit":"400 ft AGL","authority":"FAA (Recreational Flyer Fixed Sites)"}},
{"type":"Feature","geometry":{"type":"Polygon","coordinates":[[[-78.66898,42.93223],[-78.67235,42.93207],[-78.67213,42.92944],[-78.66898,42.93223]]]},"properties":{"type":"REC_FIXED_SITE_US","name":"RC Pulsers Of Western Ny 1","identifier":"FAA-REC_FIXED_SITE_US:RC Pulsers Of Western Ny 1","lowerLimit":"GND","upperLimit":"300 ft AGL","authority":"FAA (Recreational Flyer Fixed Sites)"}},
{"type":"Feature","geometry":{"type":"Polygon","coordinates":[[[-95.12649,43.13764],[-95.12649,43.13402],[-95.12402,43.13572],[-95.12649,43.13764]]]},"properties":{"type":"REC_FIXED_SITE_US","name":"RC Skyhawks 1","identifier":"FAA-REC_FIXED_SITE_US:RC Skyhawks 1","lowerLimit":"GND","upperLimit":"200 ft AGL","authority":"FAA (Recreational Flyer Fixed Sites)"}},
{"type":"Feature","geometry":{"type":"Polygon","coordinates":[[[-73.91865,40.59145],[-73.92048,40.58848],[-73.91713,40.58824],[-73.91865,40.59145]]]},"properties":{"type":"REC_FIXED_SITE_US","name":"RC Society Of Marine Park 1","identifier":"FAA-REC_FIXED_SITE_US:RC Society Of Marine Park 1","lowerLimit":"GND","upperLimit":"400 ft AGL","authority":"FAA (Recreational Flyer Fixed Sites)"}},
{"type":"Feature","geometry":{"type":"Polygon","coordinates":[[[-121.49857,39.02997],[-121.50036,39.027],[-121.49625,39.02805],[-121.49857,39.02997]]]},"properties":{"type":"REC_FIXED_SITE_US","name":"Red Barons RC Flying Club 1","identifier":"FAA-REC_FIXED_SITE_US:Red Barons RC Flying Club 1","lowerLimit":"GND","upperLimit":"400 ft AGL","authority":"FAA (Recreational Flyer Fixed Sites)"}},
{"type":"Feature","geometry":{"type":"Polygon","coordinates":[[[-98.2959,29.48101],[-98.2975,29.47804],[-98.29458,29.4778],[-98.2959,29.48101]]]},"properties":{"type":"REC_FIXED_SITE_US","name":"River City Radio Control 1","identifier":"FAA-REC_FIXED_SITE_US:River City Radio Control 1","lowerLimit":"GND","upperLimit":"150 ft AGL","authority":"FAA (Recreational Flyer Fixed Sites)"}},
{"type":"Feature","geometry":{"type":"Polygon","coordinates":[[[-93.25181,43.15485],[-93.25608,43.15372],[-93.25377,43.1518],[-93.25181,43.15485]]]},"properties":{"type":"REC_FIXED_SITE_US","name":"River City RC 1","identifier":"FAA-REC_FIXED_SITE_US:River City RC 1","lowerLimit":"GND","upperLimit":"200 ft AGL","authority":"FAA (Recreational Flyer Fixed Sites)"}},
{"type":"Feature","geometry":{"type":"Polygon","coordinates":[[[-80.06481,37.28511],[-80.06863,37.2839],[-80.0665,37.28198],[-80.06481,37.28511]]]},"properties":{"type":"REC_FIXED_SITE_US","name":"Roanoke Valley RC Club Inc 1","identifier":"FAA-REC_FIXED_SITE_US:Roanoke Valley RC Club Inc 1","lowerLimit":"GND","upperLimit":"400 ft AGL","authority":"FAA (Recreational Flyer Fixed Sites)"}},
{"type":"Feature","geometry":{"type":"Polygon","coordinates":[[[-86.62029,34.71118],[-86.62249,34.70937],[-86.61889,34.70797],[-86.62029,34.71118]]]},"properties":{"type":"REC_FIXED_SITE_US","name":"Rocket City Radio Controllers 1","identifier":"FAA-REC_FIXED_SITE_US:Rocket City Radio Controllers 1","lowerLimit":"GND","upperLimit":"400 ft AGL","authority":"FAA (Recreational Flyer Fixed Sites)"}},
{"type":"Feature","geometry":{"type":"Polygon","coordinates":[[[-104.75218,39.91584],[-104.75562,39.91336],[-104.7524,39.9132],[-104.75218,39.91584]]]},"properties":{"type":"REC_FIXED_SITE_US","name":"Rocky Mountain Soaring Association 1","identifier":"FAA-REC_FIXED_SITE_US:Rocky Mountain Soaring Association 1","lowerLimit":"GND","upperLimit":"50 ft AGL","authority":"FAA (Recreational Flyer Fixed Sites)"}},
{"type":"Feature","geometry":{"type":"Polygon","coordinates":[[[-106.14181,35.64216],[-106.14555,35.64072],[-106.14319,35.63902],[-106.14181,35.64216]]]},"properties":{"type":"REC_FIXED_SITE_US","name":"Royal City Radio Control Club 1","identifier":"FAA-REC_FIXED_SITE_US:Royal City Radio Control Club 1","lowerLimit":"GND","upperLimit":"200 ft AGL","authority":"FAA (Recreational Flyer Fixed Sites)"}},
{"type":"Feature","geometry":{"type":"Polygon","coordinates":[[[-118.20978,33.83327],[-118.21344,33.83206],[-118.21141,33.83014],[-118.20978,33.83327]]]},"properties":{"type":"REC_FIXED_SITE_US","name":"S California R/C Helicopters 1","identifier":"FAA-REC_FIXED_SITE_US:S California R/C Helicopters 1","lowerLimit":"GND","upperLimit":"300 ft AGL","authority":"FAA (Recreational Flyer Fixed Sites)"}},
{"type":"Feature","geometry":{"type":"Polygon","coordinates":[[[-74.08228,40.69912],[-74.08401,40.69606],[-74.08054,40.69606],[-74.08228,40.69912]]]},"properties":{"type":"REC_FIXED_SITE_US","name":"Safety Third Racing 3","identifier":"FAA-REC_FIXED_SITE_US:Safety Third Racing 3","lowerLimit":"GND","upperLimit":"100 ft AGL","authority":"FAA (Recreational Flyer Fixed Sites)"}},
{"type":"Feature","geometry":{"type":"Polygon","coordinates":[[[-118.0642,34.04931],[-118.06434,34.04569],[-118.06202,34.0475],[-118.0642,34.04931]]]},"properties":{"type":"REC_FIXED_SITE_US","name":"San Gabriel Valley RC League Inc 1","identifier":"FAA-REC_FIXED_SITE_US:San Gabriel Valley RC League Inc 1","lowerLimit":"GND","upperLimit":"150 ft AGL","authority":"FAA (Recreational Flyer Fixed Sites)"}},
{"type":"Feature","geometry":{"type":"Polygon","coordinates":[[[-75.1038,40.10264],[-75.10788,40.10152],[-75.10567,40.09959],[-75.1038,40.10264]]]},"properties":{"type":"REC_FIXED_SITE_US","name":"Scale Old Timer Society 1","identifier":"FAA-REC_FIXED_SITE_US:Scale Old Timer Society 1","lowerLimit":"GND","upperLimit":"400 ft AGL","authority":"FAA (Recreational Flyer Fixed Sites)"}},
{"type":"Feature","geometry":{"type":"Polygon","coordinates":[[[-75.06864,40.00159],[-75.06864,39.99796],[-75.06628,39.99966],[-75.06864,40.00159]]]},"properties":{"type":"REC_FIXED_SITE_US","name":"Scale Old Timer Society 2","identifier":"FAA-REC_FIXED_SITE_US:Scale Old Timer Society 2","lowerLimit":"GND","upperLimit":"400 ft AGL","authority":"FAA (Recreational Flyer Fixed Sites)"}},
{"type":"Feature","geometry":{"type":"Polygon","coordinates":[[[-93.83566,32.49152],[-93.83887,32.48912],[-93.83566,32.48904],[-93.83566,32.49152]]]},"properties":{"type":"REC_FIXED_SITE_US","name":"Shreveport Area Radio Kontrol Society 2","identifier":"FAA-REC_FIXED_SITE_US:Shreveport Area Radio Kontrol Society 2","lowerLimit":"GND","upperLimit":"250 ft AGL","authority":"FAA (Recreational Flyer Fixed Sites)"}},
{"type":"Feature","geometry":{"type":"Polygon","coordinates":[[[-121.23342,38.5141],[-121.23658,38.5141],[-121.23514,38.51097],[-121.23342,38.5141]]]},"properties":{"type":"REC_FIXED_SITE_US","name":"Sierra Eagles 1","identifier":"FAA-REC_FIXED_SITE_US:Sierra Eagles 1","lowerLimit":"GND","upperLimit":"400 ft AGL","authority":"FAA (Recreational Flyer Fixed Sites)"}},
{"type":"Feature","geometry":{"type":"Polygon","coordinates":[[[-83.33889,42.28487],[-83.34067,42.28182],[-83.33645,42.28294],[-83.33889,42.28487]]]},"properties":{"type":"REC_FIXED_SITE_US","name":"Signal Seekers Radio Control Club Inc 1","identifier":"FAA-REC_FIXED_SITE_US:Signal Seekers Radio Control Club Inc 1","lowerLimit":"GND","upperLimit":"200 ft AGL","authority":"FAA (Recreational Flyer Fixed Sites)"}},
{"type":"Feature","geometry":{"type":"Polygon","coordinates":[[[-97.57889,38.78237],[-97.58058,38.77932],[-97.5773,38.77923],[-97.57889,38.78237]]]},"properties":{"type":"REC_FIXED_SITE_US","name":"Smoky Hill Model Flying Club Inc 1","identifier":"FAA-REC_FIXED_SITE_US:Smoky Hill Model Flying Club Inc 1","lowerLimit":"GND","upperLimit":"400 ft AGL","authority":"FAA (Recreational Flyer Fixed Sites)"}},
{"type":"Feature","geometry":{"type":"Polygon","coordinates":[[[-96.1382,33.09361],[-96.13986,33.09064],[-96.13672,33.09048],[-96.1382,33.09361]]]},"properties":{"type":"REC_FIXED_SITE_US","name":"Soaring League Of North Texas 1","identifier":"FAA-REC_FIXED_SITE_US:Soaring League Of North Texas 1","lowerLimit":"GND","upperLimit":"400 ft AGL","authority":"FAA (Recreational Flyer Fixed Sites)"}},
{"type":"Feature","geometry":{"type":"Polygon","coordinates":[[[-118.28636,33.7654],[-118.28853,33.76359],[-118.28487,33.76226],[-118.28636,33.7654]]]},"properties":{"type":"REC_FIXED_SITE_US","name":"Soaring Union Of Los Angeles 2","identifier":"FAA-REC_FIXED_SITE_US:Soaring Union Of Los Angeles 2","lowerLimit":"GND","upperLimit":"200 ft AGL","authority":"FAA (Recreational Flyer Fixed Sites)"}},
{"type":"Feature","geometry":{"type":"Polygon","coordinates":[[[-84.54945,36.94967],[-84.54959,36.94605],[-84.5478,36.9491],[-84.54945,36.94967]]]},"properties":{"type":"REC_FIXED_SITE_US","name":"Somerset Model Airplane Club 1","identifier":"FAA-REC_FIXED_SITE_US:Somerset Model Airplane Club 1","lowerLimit":"GND","upperLimit":"100 ft AGL","authority":"FAA (Recreational Flyer Fixed Sites)"}},
{"type":"Feature","geometry":{"type":"Polygon","coordinates":[[[-95.38686,29.61246],[-95.38894,29.61076],[-95.38686,29.60883],[-95.38686,29.61246]]]},"properties":{"type":"REC_FIXED_SITE_US","name":"South Houston Area Radio Control Society 1","identifier":"FAA-REC_FIXED_SITE_US:South Houston Area Radio Control Society 1","lowerLimit":"GND","upperLimit":"200 ft AGL","authority":"FAA (Recreational Flyer Fixed Sites)"}},
{"type":"Feature","geometry":{"type":"Polygon","coordinates":[[[-86.38993,37.01551],[-86.39168,37.01254],[-86.38849,37.0123],[-86.38993,37.01551]]]},"properties":{"type":"REC_FIXED_SITE_US","name":"Southern KY Model Aero Club Skymac 1","identifier":"FAA-REC_FIXED_SITE_US:Southern KY Model Aero Club Skymac 1","lowerLimit":"GND","upperLimit":"100 ft AGL","authority":"FAA (Recreational Flyer Fixed Sites)"}},
{"type":"Feature","geometry":{"type":"Polygon","coordinates":[[[-86.47198,36.99726],[-86.47518,36.99469],[-86.47198,36.99461],[-86.47198,36.99726]]]},"properties":{"type":"REC_FIXED_SITE_US","name":"Southern KY Multirotors 1","identifier":"FAA-REC_FIXED_SITE_US:Southern KY Multirotors 1","lowerLimit":"GND","upperLimit":"100 ft AGL","authority":"FAA (Recreational Flyer Fixed Sites)"}},
{"type":"Feature","geometry":{"type":"Polygon","coordinates":[[[-71.44367,42.82547],[-71.44792,42.82434],[-71.44389,42.82283],[-71.44367,42.82547]]]},"properties":{"type":"REC_FIXED_SITE_US","name":"Southern NH RC Club 1","identifier":"FAA-REC_FIXED_SITE_US:Southern NH RC Club 1","lowerLimit":"GND","upperLimit":"400 ft AGL","authority":"FAA (Recreational Flyer Fixed Sites)"}},
{"type":"Feature","geometry":{"type":"Polygon","coordinates":[[[-71.425,42.82376],[-71.425,42.82013],[-71.42254,42.82183],[-71.425,42.82376]]]},"properties":{"type":"REC_FIXED_SITE_US","name":"Southern NH RC Club 2","identifier":"FAA-REC_FIXED_SITE_US:Southern NH RC Club 2","lowerLimit":"GND","upperLimit":"400 ft AGL","authority":"FAA (Recreational Flyer Fixed Sites)"}},
{"type":"Feature","geometry":{"type":"Polygon","coordinates":[[[-76.6306,39.23572],[-76.6323,39.23267],[-76.62911,39.23252],[-76.6306,39.23572]]]},"properties":{"type":"REC_FIXED_SITE_US","name":"Southwest Area Park Modelers 1","identifier":"FAA-REC_FIXED_SITE_US:Southwest Area Park Modelers 1","lowerLimit":"GND","upperLimit":"400 ft AGL","authority":"FAA (Recreational Flyer Fixed Sites)"}},
{"type":"Feature","geometry":{"type":"Polygon","coordinates":[[[-80.1493,40.51931],[-80.15113,40.51634],[-80.14693,40.51738],[-80.1493,40.51931]]]},"properties":{"type":"REC_FIXED_SITE_US","name":"Sparks 2","identifier":"FAA-REC_FIXED_SITE_US:Sparks 2","lowerLimit":"GND","upperLimit":"400 ft AGL","authority":"FAA (Recreational Flyer Fixed Sites)"}},
{"type":"Feature","geometry":{"type":"Polygon","coordinates":[[[-90.57872,38.7032],[-90.58262,38.70188],[-90.58045,38.70007],[-90.57872,38.7032]]]},"properties":{"type":"REC_FIXED_SITE_US","name":"Spirits Of St Louis RC Flying Club Inc 1","identifier":"FAA-REC_FIXED_SITE_US:Spirits Of St Louis RC Flying Club Inc 1","lowerLimit":"GND","upperLimit":"400 ft AGL","authority":"FAA (Recreational Flyer Fixed Sites)"}},
{"type":"Feature","geometry":null,"properties":{"type":"REC_FIXED_SITE_US","name":"Spirits Of St Louis RC Flying Club Inc 2","identifier":"FAA-REC_FIXED_SITE_US:Spirits Of St Louis RC Flying Club Inc 2","lowerLimit":"GND","upperLimit":"400 ft AGL","authority":"FAA (Recreational Flyer Fixed Sites)"}},
{"type":"Feature","geometry":{"type":"Polygon","coordinates":[[[-117.4191,47.62391],[-117.42165,47.62266],[-117.41796,47.62046],[-117.4191,47.62391]]]},"properties":{"type":"REC_FIXED_SITE_US","name":"Spokane FPV 2","identifier":"FAA-REC_FIXED_SITE_US:Spokane FPV 2","lowerLimit":"GND","upperLimit":"200 ft AGL","authority":"FAA (Recreational Flyer Fixed Sites)"}},
{"type":"Feature","geometry":{"type":"Polygon","coordinates":[[[-82.9896,40.09501],[-82.98975,40.09139],[-82.98724,40.0932],[-82.9896,40.09501]]]},"properties":{"type":"REC_FIXED_SITE_US","name":"Stars Indoor Sports","identifier":"FAA-REC_FIXED_SITE_US:Stars Indoor Sports","lowerLimit":"GND","upperLimit":"400 ft AGL","authority":"FAA (Recreational Flyer Fixed Sites)"}},
{"type":"Feature","geometry":{"type":"Polygon","coordinates":[[[-78.99483,38.18473],[-78.99712,38.18281],[-78.99315,38.18168],[-78.99483,38.18473]]]},"properties":{"type":"REC_FIXED_SITE_US","name":"Staunton Augusta RC Club 1","identifier":"FAA-REC_FIXED_SITE_US:Staunton Augusta RC Club 1","lowerLimit":"GND","upperLimit":"400 ft AGL","authority":"FAA (Recreational Flyer Fixed Sites)"}},
{"type":"Feature","geometry":{"type":"Polygon","coordinates":[[[-76.82559,39.89128],[-76.82901,39.8888],[-76.8258,39.88864],[-76.82559,39.89128]]]},"properties":{"type":"REC_FIXED_SITE_US","name":"Stoverstown Fliers 1","identifier":"FAA-REC_FIXED_SITE_US:Stoverstown Fliers 1","lowerLimit":"GND","upperLimit":"100 ft AGL","authority":"FAA (Recreational Flyer Fixed Sites)"}},
{"type":"Feature","geometry":{"type":"Polygon","coordinates":[[[-88.2347,41.96709],[-88.23713,41.96528],[-88.23455,41.96347],[-88.2347,41.96709]]]},"properties":{"type":"REC_FIXED_SITE_US","name":"Suburban Rc Barnstormers Inc 2","identifier":"FAA-REC_FIXED_SITE_US:Suburban Rc Barnstormers Inc 2","lowerLimit":"GND","upperLimit":"400 ft AGL","authority":"FAA (Recreational Flyer Fixed Sites)"}},
{"type":"Feature","geometry":{"type":"Polygon","coordinates":[[[-112.01611,33.72467],[-112.01909,33.72467],[-112.01774,33.72154],[-112.01611,33.72467]]]},"properties":{"type":"REC_FIXED_SITE_US","name":"Sun Valley Fliers","identifier":"FAA-REC_FIXED_SITE_US:Sun Valley Fliers","lowerLimit":"GND","upperLimit":"400 ft AGL","authority":"FAA (Recreational Flyer Fixed Sites)"}},
{"type":"Feature","geometry":{"type":"Polygon","coordinates":[[[-76.38694,39.36539],[-76.38874,39.36242],[-76.3846,39.36358],[-76.38694,39.36539]]]},"properties":{"type":"REC_FIXED_SITE_US","name":"Sunday Flyers Club 1","identifier":"FAA-REC_FIXED_SITE_US:Sunday Flyers Club 1","lowerLimit":"GND","upperLimit":"200 ft AGL","authority":"FAA (Recreational Flyer Fixed Sites)"}},
{"type":"Feature","geometry":{"type":"Polygon","coordinates":[[[-73.83054,42.69187],[-73.8339,42.68922],[-73.83054,42.68922],[-73.83054,42.69187]]]},"properties":{"type":"REC_FIXED_SITE_US","name":"Suny Ama 1","identifier":"FAA-REC_FIXED_SITE_US:Suny Ama 1","lowerLimit":"GND","upperLimit":"250 ft AGL","authority":"FAA (Recreational Flyer Fixed Sites)"}},
{"type":"Feature","geometry":{"type":"Polygon","coordinates":[[[-111.61213,33.35216],[-111.61509,33.35216],[-111.61375,33.34902],[-111.61213,33.35216]]]},"properties":{"type":"REC_FIXED_SITE_US","name":"Superstition RC Helicopter Assn 1","identifier":"FAA-REC_FIXED_SITE_US:Superstition RC Helicopter Assn 1","lowerLimit":"GND","upperLimit":"200 ft AGL","authority":"FAA (Recreational Flyer Fixed Sites)"}},
{"type":"Feature","geometry":{"type":"Polygon","coordinates":[[[-82.04629,26.90479],[-82.04831,26.90309],[-82.0449,26.90165],[-82.04629,26.90479]]]},"properties":{"type":"REC_FIXED_SITE_US","name":"SW Florida Flyers 1","identifier":"FAA-REC_FIXED_SITE_US:SW Florida Flyers 1","lowerLimit":"GND","upperLimit":"100 ft AGL","authority":"FAA (Recreational Flyer Fixed Sites)"}},
{"type":"Feature","geometry":{"type":"Polygon","coordinates":[[[-82.04276,26.91079],[-82.04424,26.90773],[-82.04137,26.90765],[-82.04276,26.91079]]]},"properties":{"type":"REC_FIXED_SITE_US","name":"SW Florida Flyers 2","identifier":"FAA-REC_FIXED_SITE_US:SW Florida Flyers 2","lowerLimit":"GND","upperLimit":"100 ft AGL","authority":"FAA (Recreational Flyer Fixed Sites)"}},
{"type":"Feature","geometry":{"type":"Polygon","coordinates":[[[-83.82153,43.00568],[-83.8258,43.00456],[-83.82333,43.00263],[-83.82153,43.00568]]]},"properties":{"type":"REC_FIXED_SITE_US","name":"The Flying Aces R.C. Club Inc 1","identifier":"FAA-REC_FIXED_SITE_US:The Flying Aces R.C. Club Inc 1","lowerLimit":"GND","upperLimit":"400 ft AGL","authority":"FAA (Recreational Flyer Fixed Sites)"}},
{"type":"Feature","geometry":{"type":"Polygon","coordinates":[[[-71.35,42.93357],[-71.3519,42.9306],[-71.34843,42.93036],[-71.35,42.93357]]]},"properties":{"type":"REC_FIXED_SITE_US","name":"The NH Flying Tigers RC Club 1","identifier":"FAA-REC_FIXED_SITE_US:The NH Flying Tigers RC Club 1","lowerLimit":"GND","upperLimit":"400 ft AGL","authority":"FAA (Recreational Flyer Fixed Sites)"}},
{"type":"Feature","geometry":{"type":"Polygon","coordinates":[[[-71.34009,42.89777],[-71.34255,42.89607],[-71.33852,42.89456],[-71.34009,42.89777]]]},"properties":{"type":"REC_FIXED_SITE_US","name":"The NH Flying Tigers RC Club 2","identifier":"FAA-REC_FIXED_SITE_US:The NH Flying Tigers RC Club 2","lowerLimit":"GND","upperLimit":"400 ft AGL","authority":"FAA (Recreational Flyer Fixed Sites)"}},
{"type":"Feature","geometry":{"type":"Polygon","coordinates":[[[-97.5886,35.55061],[-97.59022,35.54756],[-97.58708,35.54748],[-97.5886,35.55061]]]},"properties":{"type":"REC_FIXED_SITE_US","name":"The Ok Radio Kontrol SOC Torks 1","identifier":"FAA-REC_FIXED_SITE_US:The Ok Radio Kontrol SOC Torks 1","lowerLimit":"GND","upperLimit":"300 ft AGL","authority":"FAA (Recreational Flyer Fixed Sites)"}},
{"type":"Feature","geometry":null,"properties":{"type":"REC_FIXED_SITE_US","name":"Topeka Cl Assn 1","identifier":"FAA-REC_FIXED_SITE_US:Topeka Cl Assn 1","lowerLimit":"GND","upperLimit":"400 ft AGL","authority":"FAA (Recreational Flyer Fixed Sites)"}},
{"type":"Feature","geometry":{"type":"Polygon","coordinates":[[[-81.16766,32.06015],[-81.17037,32.05735],[-81.16746,32.05751],[-81.16766,32.06015]]]},"properties":{"type":"REC_FIXED_SITE_US","name":"Tri County RC Flyers 1","identifier":"FAA-REC_FIXED_SITE_US:Tri County RC Flyers 1","lowerLimit":"GND","upperLimit":"400 ft AGL","authority":"FAA (Recreational Flyer Fixed Sites)"}},
{"type":"Feature","geometry":{"type":"Polygon","coordinates":[[[-120.40306,34.88626],[-120.40526,34.88444],[-120.40292,34.88263],[-120.40306,34.88626]]]},"properties":{"type":"REC_FIXED_SITE_US","name":"Tri Valley RC Modelers 1","identifier":"FAA-REC_FIXED_SITE_US:Tri Valley RC Modelers 1","lowerLimit":"GND","upperLimit":"400 ft AGL","authority":"FAA (Recreational Flyer Fixed Sites)"}},
{"type":"Feature","geometry":{"type":"Polygon","coordinates":[[[-95.90523,41.23813],[-95.90763,41.2362],[-95.90338,41.23516],[-95.90523,41.23813]]]},"properties":{"type":"REC_FIXED_SITE_US","name":"Twin Cities Eagle Squadron 1","identifier":"FAA-REC_FIXED_SITE_US:Twin Cities Eagle Squadron 1","lowerLimit":"GND","upperLimit":"400 ft AGL","authority":"FAA (Recreational Flyer Fixed Sites)"}},
{"type":"Feature","geometry":{"type":"Polygon","coordinates":[[[-123.25934,39.13683],[-123.26082,39.13362],[-123.25764,39.13378],[-123.25934,39.13683]]]},"properties":{"type":"REC_FIXED_SITE_US","name":"Ukiah Propbusters 1","identifier":"FAA-REC_FIXED_SITE_US:Ukiah Propbusters 1","lowerLimit":"GND","upperLimit":"100 ft AGL","authority":"FAA (Recreational Flyer Fixed Sites)"}},
{"type":"Feature","geometry":{"type":"Polygon","coordinates":[[[-123.22235,39.19137],[-123.22468,39.18967],[-123.22087,39.18816],[-123.22235,39.19137]]]},"properties":{"type":"REC_FIXED_SITE_US","name":"Ukiah Propbusters 2","identifier":"FAA-REC_FIXED_SITE_US:Ukiah Propbusters 2","lowerLimit":"GND","upperLimit":"400 ft AGL","authority":"FAA (Recreational Flyer Fixed Sites)"}},
{"type":"Feature","geometry":{"type":"Polygon","coordinates":[[[-97.07871,47.91884],[-97.08127,47.91759],[-97.07788,47.91531],[-97.07871,47.91884]]]},"properties":{"type":"REC_FIXED_SITE_US","name":"UND UAS/RC Club 1","identifier":"FAA-REC_FIXED_SITE_US:UND UAS/RC Club 1","lowerLimit":"GND","upperLimit":"400 ft AGL","authority":"FAA (Recreational Flyer Fixed Sites)"}},
{"type":"Feature","geometry":{"type":"Polygon","coordinates":[[[-112.0705,40.73965],[-112.07376,40.73981],[-112.07224,40.7366],[-112.0705,40.73965]]]},"properties":{"type":"REC_FIXED_SITE_US","name":"Ute RC Association 2","identifier":"FAA-REC_FIXED_SITE_US:Ute RC Association 2","lowerLimit":"GND","upperLimit":"100 ft AGL","authority":"FAA (Recreational Flyer Fixed Sites)"}},
{"type":"Feature","geometry":{"type":"Polygon","coordinates":[[[-121.99056,38.28487],[-121.99056,38.28124],[-121.98826,38.28294],[-121.99056,38.28487]]]},"properties":{"type":"REC_FIXED_SITE_US","name":"Vaca Valley Radio Controllers 1","identifier":"FAA-REC_FIXED_SITE_US:Vaca Valley Radio Controllers 1","lowerLimit":"GND","upperLimit":"400 ft AGL","authority":"FAA (Recreational Flyer Fixed Sites)"}},
{"type":"Feature","geometry":{"type":"Polygon","coordinates":[[[-122.36317,47.57086],[-122.36446,47.56746],[-122.36058,47.5686],[-122.36317,47.57086]]]},"properties":{"type":"REC_FIXED_SITE_US","name":"Vashon Island Modelers 1","identifier":"FAA-REC_FIXED_SITE_US:Vashon Island Modelers 1","lowerLimit":"GND","upperLimit":"200 ft AGL","authority":"FAA (Recreational Flyer Fixed Sites)"}},
{"type":"Feature","geometry":{"type":"Polygon","coordinates":[[[-72.56561,44.1175],[-72.56683,44.11792],[-72.56751,44.11927],[-72.56675,44.12044],[-72.56739,44.12041],[-72.56805,44.11894],[-72.56703,44.1177],[-72.56561,44.1175]]]},"properties":{"type":"REC_FIXED_SITE_US","name":"Vermont Modelers Club 2","identifier":"FAA-REC_FIXED_SITE_US:Vermont Modelers Club 2","lowerLimit":"GND","upperLimit":"400 ft AGL","authority":"FAA (Recreational Flyer Fixed Sites)"}},
{"type":"Feature","geometry":{"type":"Polygon","coordinates":[[[-96.84055,28.82408],[-96.84068,28.82045],[-96.83849,28.82226],[-96.84055,28.82408]]]},"properties":{"type":"REC_FIXED_SITE_US","name":"Victoria Radio Control Flyers 1","identifier":"FAA-REC_FIXED_SITE_US:Victoria Radio Control Flyers 1","lowerLimit":"GND","upperLimit":"400 ft AGL","authority":"FAA (Recreational Flyer Fixed Sites)"}},
{"type":"Feature","geometry":{"type":"Polygon","coordinates":[[[-121.24042,38.51592],[-121.24358,38.51592],[-121.24214,38.51279],[-121.24042,38.51592]]]},"properties":{"type":"REC_FIXED_SITE_US","name":"Waegell Field, Stockton Gas Model Assn, Inc. 1","identifier":"FAA-REC_FIXED_SITE_US:Waegell Field, Stockton Gas Model Assn, Inc. 1","lowerLimit":"GND","upperLimit":"400 ft AGL","authority":"FAA (Recreational Flyer Fixed Sites)"}},
{"type":"Feature","geometry":{"type":"Polygon","coordinates":[[[-73.70278,42.72542],[-73.70446,42.72229],[-73.70032,42.72361],[-73.70278,42.72542]]]},"properties":{"type":"REC_FIXED_SITE_US","name":"Watervliet Wind Warriors 1","identifier":"FAA-REC_FIXED_SITE_US:Watervliet Wind Warriors 1","lowerLimit":"GND","upperLimit":"400 ft AGL","authority":"FAA (Recreational Flyer Fixed Sites)"}},
{"type":"Feature","geometry":{"type":"Polygon","coordinates":[[[-78.06252,35.38299],[-78.06413,35.37993],[-78.0609,35.37993],[-78.06252,35.38299]]]},"properties":{"type":"REC_FIXED_SITE_US","name":"Wayne Miniature Aeronautics 1","identifier":"FAA-REC_FIXED_SITE_US:Wayne Miniature Aeronautics 1","lowerLimit":"GND","upperLimit":"400 ft AGL","authority":"FAA (Recreational Flyer Fixed Sites)"}},
{"type":"Feature","geometry":{"type":"Polygon","coordinates":[[[-87.61459,33.17148],[-87.61754,33.17164],[-87.61617,33.16842],[-87.61459,33.17148]]]},"properties":{"type":"REC_FIXED_SITE_US","name":"West Alabama Aero Modelers 1","identifier":"FAA-REC_FIXED_SITE_US:West Alabama Aero Modelers 1","lowerLimit":"GND","upperLimit":"200 ft AGL","authority":"FAA (Recreational Flyer Fixed Sites)"}},
{"type":"Feature","geometry":{"type":"Polygon","coordinates":[[[-122.28505,38.26315],[-122.28673,38.26009],[-122.28337,38.26009],[-122.28505,38.26315]]]},"properties":{"type":"REC_FIXED_SITE_US","name":"West Coast RC Flyers 1","identifier":"FAA-REC_FIXED_SITE_US:West Coast RC Flyers 1","lowerLimit":"GND","upperLimit":"200 ft AGL","authority":"FAA (Recreational Flyer Fixed Sites)"}},
{"type":"Feature","geometry":{"type":"Polygon","coordinates":[[[-75.19585,39.77634],[-75.19884,39.77354],[-75.19563,39.7737],[-75.19585,39.77634]]]},"properties":{"type":"REC_FIXED_SITE_US","name":"West Jersey RC Club Inc 1","identifier":"FAA-REC_FIXED_SITE_US:West Jersey RC Club Inc 1","lowerLimit":"GND","upperLimit":"400 ft AGL","authority":"FAA (Recreational Flyer Fixed Sites)"}},
{"type":"Feature","geometry":{"type":"Polygon","coordinates":[[[-73.46465,40.74803],[-73.46355,40.7483],[-73.46269,40.74958],[-73.46333,40.75094],[-73.46467,40.75138],[-73.46507,40.75151],[-73.4667,40.75102],[-73.46745,40.74981],[-73.46691,40.74854],[-73.46522,40.74789],[-73.46465,40.74803]]]},"properties":{"type":"REC_FIXED_SITE_US","name":"Whitman Flyers 1","identifier":"FAA-REC_FIXED_SITE_US:Whitman Flyers 1","lowerLimit":"GND","upperLimit":"200 ft AGL","authority":"FAA (Recreational Flyer Fixed Sites)"}},
{"type":"Feature","geometry":{"type":"Polygon","coordinates":[[[-79.01365,43.13773],[-79.01792,43.13661],[-79.01545,43.13468],[-79.01365,43.13773]]]},"properties":{"type":"REC_FIXED_SITE_US","name":"Wing and Rotor Of Western New York, Inc 1","identifier":"FAA-REC_FIXED_SITE_US:Wing and Rotor Of Western New York, Inc 1","lowerLimit":"GND","upperLimit":"400 ft AGL","authority":"FAA (Recreational Flyer Fixed Sites)"}},
{"type":"Feature","geometry":{"type":"Polygon","coordinates":[[[-81.18465,29.42329],[-81.18607,29.42015],[-81.18313,29.42023],[-81.18465,29.42329]]]},"properties":{"type":"REC_FIXED_SITE_US","name":"Wolfpack Racers 1","identifier":"FAA-REC_FIXED_SITE_US:Wolfpack Racers 1","lowerLimit":"GND","upperLimit":"300 ft AGL","authority":"FAA (Recreational Flyer Fixed Sites)"}},
{"type":"Feature","geometry":{"type":"Polygon","coordinates":[[[-108.37729,43.05139],[-108.37776,43.0478],[-108.37484,43.04936],[-108.37729,43.05139]]]},"properties":{"type":"REC_FIXED_SITE_US","name":"Wyoming Modelers Park Assoc 2","identifier":"FAA-REC_FIXED_SITE_US:Wyoming Modelers Park Assoc 2","lowerLimit":"GND","upperLimit":"200 ft AGL","authority":"FAA (Recreational Flyer Fixed Sites)"}},
{"type":"Feature","geometry":{"type":"Polygon","coordinates":[[[-97.26944,42.88292],[-97.2696,42.8793],[-97.26698,42.88111],[-97.26944,42.88292]]]},"properties":{"type":"REC_FIXED_SITE_US","name":"Yankton Area R/C Flyers 1","identifier":"FAA-REC_FIXED_SITE_US:Yankton Area R/C Flyers 1","lowerLimit":"GND","upperLimit":"400 ft AGL","authority":"FAA (Recreational Flyer Fixed Sites)"}},
{"type":"Feature","geometry":{"type":"Polygon","coordinates":[[[-76.91244,39.96484],[-76.91577,39.96227],[-76.91244,39.96219],[-76.91244,39.96484]]]},"properties":{"type":"REC_FIXED_SITE_US","name":"York Model Aviators 1","identifier":"FAA-REC_FIXED_SITE_US:York Model Aviators 1","lowerLimit":"GND","upperLimit":"100 ft AGL","authority":"FAA (Recreational Flyer Fixed Sites)"}},
{"type":"Feature","geometry":{"type":"Polygon","coordinates":[[[-86.67983,36.18727],[-86.68206,36.18558],[-86.67997,36.18365],[-86.67983,36.18727]]]},"properties":{"type":"REC_FIXED_SITE_US","name":"AFJROTC TN-942","identifier":"FAA-REC_FIXED_SITE_US:AFJROTC TN-942","lowerLimit":"GND","upperLimit":"200 ft AGL","authority":"FAA (Recreational Flyer Fixed Sites)"}},
{"type":"Feature","geometry":{"type":"Polygon","coordinates":[[[-117.111,32.9102],[-117.11463,32.90887],[-117.11234,32.90706],[-117.111,32.9102]]]},"properties":{"type":"REC_FIXED_SITE_US","name":"Air Force Junior ROTC/CA-935","identifier":"FAA-REC_FIXED_SITE_US:Air Force Junior ROTC/CA-935","lowerLimit":"GND","upperLimit":"200 ft AGL","authority":"FAA (Recreational Flyer Fixed Sites)"}},
{"type":"Feature","geometry":{"type":"Polygon","coordinates":[[[-93.64311,32.43523],[-93.64584,32.43243],[-93.64283,32.43267],[-93.64311,32.43523]]]},"properties":{"type":"REC_FIXED_SITE_US","name":"Parkway High School/LA-071","identifier":"FAA-REC_FIXED_SITE_US:Parkway High School/LA-071","lowerLimit":"GND","upperLimit":"200 ft AGL","authority":"FAA (Recreational Flyer Fixed Sites)"}},
{"type":"Feature","geometry":{"type":"Polygon","coordinates":[[[-82.40451,34.79913],[-82.40671,34.79743],[-82.40451,34.7955],[-82.40451,34.79913]]]},"properties":{"type":"REC_FIXED_SITE_US","name":"SC-955","identifier":"FAA-REC_FIXED_SITE_US:SC-955","lowerLimit":"GND","upperLimit":"400 ft AGL","authority":"FAA (Recreational Flyer Fixed Sites)"}},
{"type":"Feature","geometry":{"type":"Polygon","coordinates":[[[-89.81935,38.49792],[-89.82166,38.49622],[-89.81935,38.49429],[-89.81935,38.49792]]]},"properties":{"type":"REC_FIXED_SITE_US","name":"IL-20083 AFJROTC at Mascoutah H. S.","identifier":"FAA-REC_FIXED_SITE_US:IL-20083 AFJROTC at Mascoutah H. S.","lowerLimit":"GND","upperLimit":"400 ft AGL","authority":"FAA (Recreational Flyer Fixed Sites)"}},
{"type":"Feature","geometry":{"type":"Polygon","coordinates":[[[-117.13867,32.91389],[-117.1423,32.91257],[-117.14028,32.91076],[-117.13867,32.91389]]]},"properties":{"type":"REC_FIXED_SITE_US","name":"Mira Mesa High School AFJROTC/CA-936","identifier":"FAA-REC_FIXED_SITE_US:Mira Mesa High School AFJROTC/CA-936","lowerLimit":"GND","upperLimit":"400 ft AGL","authority":"FAA (Recreational Flyer Fixed Sites)"}},
{"type":"Feature","geometry":{"type":"Polygon","coordinates":[[[-74.25859,40.80808],[-74.26261,40.80675],[-74.26022,40.80494],[-74.25859,40.80808]]]},"properties":{"type":"REC_FIXED_SITE_US","name":"NJ-20132","identifier":"FAA-REC_FIXED_SITE_US:NJ-20132","lowerLimit":"GND","upperLimit":"400 ft AGL","authority":"FAA (Recreational Flyer Fixed Sites)"}},
{"type":"Feature","geometry":{"type":"Polygon","coordinates":[[[-99.74905,32.40993],[-99.75061,32.40687],[-99.74691,32.40811],[-99.74905,32.40993]]]},"properties":{"type":"REC_FIXED_SITE_US","name":"Cooper High School AFJROTC/TX-794","identifier":"FAA-REC_FIXED_SITE_US:Cooper High School AFJROTC/TX-794","lowerLimit":"GND","upperLimit":"100 ft AGL","authority":"FAA (Recreational Flyer Fixed Sites)"}},
{"type":"Feature","geometry":{"type":"Polygon","coordinates":[[[-82.98746,39.97659],[-82.98981,39.97467],[-82.98564,39.97362],[-82.98746,39.97659]]]},"properties":{"type":"REC_FIXED_SITE_US","name":"Air Force JROTC/0H-871st.","identifier":"FAA-REC_FIXED_SITE_US:Air Force JROTC/0H-871st.","lowerLimit":"GND","upperLimit":"200 ft AGL","authority":"FAA (Recreational Flyer Fixed Sites)"}},
{"type":"Feature","geometry":{"type":"Polygon","coordinates":[[[-104.79269,38.79655],[-104.79448,38.79358],[-104.79038,38.79463],[-104.79269,38.79655]]]},"properties":{"type":"REC_FIXED_SITE_US","name":"CO-961","identifier":"FAA-REC_FIXED_SITE_US:CO-961","lowerLimit":"GND","upperLimit":"400 ft AGL","authority":"FAA (Recreational Flyer Fixed Sites)"}},
{"type":"Feature","geometry":{"type":"Polygon","coordinates":[[[-121.30695,38.65665],[-121.31084,38.65544],[-121.30868,38.65352],[-121.30695,38.65665]]]},"properties":{"type":"REC_FIXED_SITE_US","name":"Del Campo High School AFJROTC/CA-863","identifier":"FAA-REC_FIXED_SITE_US:Del Campo High School AFJROTC/CA-863","lowerLimit":"GND","upperLimit":"400 ft AGL","authority":"FAA (Recreational Flyer Fixed Sites)"}},
{"type":"Feature","geometry":{"type":"Polygon","coordinates":[[[-117.16926,34.05849],[-117.17293,34.05728],[-117.17089,34.05535],[-117.16926,34.05849]]]},"properties":{"type":"REC_FIXED_SITE_US","name":"Redlands HS AFJROTC","identifier":"FAA-REC_FIXED_SITE_US:Redlands HS AFJROTC","lowerLimit":"GND","upperLimit":"400 ft AGL","authority":"FAA (Recreational Flyer Fixed Sites)"}},
{"type":"Feature","geometry":{"type":"Polygon","coordinates":[[[-95.58423,29.62207],[-95.58574,29.61901],[-95.5829,29.61886],[-95.58423,29.62207]]]},"properties":{"type":"REC_FIXED_SITE_US","name":"John Foster Dulles High School AFJROTC TX-862","identifier":"FAA-REC_FIXED_SITE_US:John Foster Dulles High School AFJROTC TX-862","lowerLimit":"GND","upperLimit":"400 ft AGL","authority":"FAA (Recreational Flyer Fixed Sites)"}},
{"type":"Feature","geometry":{"type":"Polygon","coordinates":[[[-78.04565,35.25569],[-78.04786,35.25388],[-78.04413,35.25255],[-78.04565,35.25569]]]},"properties":{"type":"REC_FIXED_SITE_US","name":"AFJROTC Southern Wayne High School","identifier":"FAA-REC_FIXED_SITE_US:AFJROTC Southern Wayne High School","lowerLimit":"GND","upperLimit":"400 ft AGL","authority":"FAA (Recreational Flyer Fixed Sites)"}},
{"type":"Feature","geometry":{"type":"Polygon","coordinates":[[[-104.8161,39.69253],[-104.81942,39.68996],[-104.8161,39.68988],[-104.8161,39.69253]]]},"properties":{"type":"REC_FIXED_SITE_US","name":"AFJROTC/CO-861","identifier":"FAA-REC_FIXED_SITE_US:AFJROTC/CO-861","lowerLimit":"GND","upperLimit":"100 ft AGL","authority":"FAA (Recreational Flyer Fixed Sites)"}},
{"type":"Feature","geometry":{"type":"Polygon","coordinates":[[[-121.42488,38.54288],[-121.42666,38.53991],[-121.42258,38.54096],[-121.42488,38.54288]]]},"properties":{"type":"REC_FIXED_SITE_US","name":"CA-811","identifier":"FAA-REC_FIXED_SITE_US:CA-811","lowerLimit":"GND","upperLimit":"400 ft AGL","authority":"FAA (Recreational Flyer Fixed Sites)"}},
{"type":"Feature","geometry":{"type":"Polygon","coordinates":[[[-92.29723,34.73834],[-92.30024,34.73834],[-92.30034,34.73577],[-92.29723,34.73834]]]},"properties":{"type":"REC_FIXED_SITE_US","name":"Little Rock Central High School/AR-031","identifier":"FAA-REC_FIXED_SITE_US:Little Rock Central High School/AR-031","lowerLimit":"GND","upperLimit":"400 ft AGL","authority":"FAA (Recreational Flyer Fixed Sites)"}},
{"type":"Feature","geometry":{"type":"Polygon","coordinates":[[[-81.02868,29.15115],[-81.02881,29.14752],[-81.02662,29.14922],[-81.02868,29.15115]]]},"properties":{"type":"REC_FIXED_SITE_US","name":"Atlantic High School Air Force JROTC/FL-942","identifier":"FAA-REC_FIXED_SITE_US:Atlantic High School Air Force JROTC/FL-942","lowerLimit":"GND","upperLimit":"200 ft AGL","authority":"FAA (Recreational Flyer Fixed Sites)"}},
{"type":"Feature","geometry":{"type":"Polygon","coordinates":[[[-74.34485,40.10882],[-74.34667,40.10585],[-74.34249,40.10689],[-74.34485,40.10882]]]},"properties":{"type":"REC_FIXED_SITE_US","name":"Jackson Memorial High School/NJ-782 AFJROTC","identifier":"FAA-REC_FIXED_SITE_US:Jackson Memorial High School/NJ-782 AFJROTC","lowerLimit":"GND","upperLimit":"400 ft AGL","authority":"FAA (Recreational Flyer Fixed Sites)"}},
{"type":"Feature","geometry":{"type":"Polygon","coordinates":[[[-85.68027,40.08853],[-85.68199,40.08548],[-85.67791,40.0866],[-85.68027,40.08853]]]},"properties":{"type":"REC_FIXED_SITE_US","name":"Anderson Preparatory Academy IN 20101","identifier":"FAA-REC_FIXED_SITE_US:Anderson Preparatory Academy IN 20101","lowerLimit":"GND","upperLimit":"400 ft AGL","authority":"FAA (Recreational Flyer Fixed Sites)"}},
{"type":"Feature","geometry":{"type":"Polygon","coordinates":[[[-84.1334,39.84825],[-84.13672,39.84568],[-84.1334,39.8456],[-84.1334,39.84825]]]},"properties":{"type":"REC_FIXED_SITE_US","name":"Wayne AFJROTC/OH-091","identifier":"FAA-REC_FIXED_SITE_US:Wayne AFJROTC/OH-091","lowerLimit":"GND","upperLimit":"200 ft AGL","authority":"FAA (Recreational Flyer Fixed Sites)"}},
{"type":"Feature","geometry":{"type":"Polygon","coordinates":[[[-82.57953,28.08123],[-82.58298,28.0799],[-82.58106,28.07809],[-82.57953,28.08123]]]},"properties":{"type":"REC_FIXED_SITE_US","name":"Walter L. Sickles High School AFJROTC","identifier":"FAA-REC_FIXED_SITE_US:Walter L. Sickles High School AFJROTC","lowerLimit":"GND","upperLimit":"400 ft AGL","authority":"FAA (Recreational Flyer Fixed Sites)"}},
{"type":"Feature","geometry":{"type":"Polygon","coordinates":[[[-95.51834,30.09874],[-95.51967,30.09553],[-95.51681,30.09568],[-95.51834,30.09874]]]},"properties":{"type":"REC_FIXED_SITE_US","name":"KOAFJROTC TX-20006","identifier":"FAA-REC_FIXED_SITE_US:KOAFJROTC TX-20006","lowerLimit":"GND","upperLimit":"400 ft AGL","authority":"FAA (Recreational Flyer Fixed Sites)"}},
{"type":"Feature","geometry":{"type":"Polygon","coordinates":[[[-82.12767,34.93478],[-82.12918,34.93164],[-82.12616,34.93164],[-82.12767,34.93478]]]},"properties":{"type":"REC_FIXED_SITE_US","name":"James F. Byrnes High School / SC-932","identifier":"FAA-REC_FIXED_SITE_US:James F. Byrnes High School / SC-932","lowerLimit":"GND","upperLimit":"400 ft AGL","authority":"FAA (Recreational Flyer Fixed Sites)"}},
{"type":"Feature","geometry":{"type":"Polygon","coordinates":[[[-117.42918,33.91546],[-117.43136,33.91364],[-117.42769,33.91232],[-117.42918,33.91546]]]},"properties":{"type":"REC_FIXED_SITE_US","name":"Arlington HS / CA-92","identifier":"FAA-REC_FIXED_SITE_US:Arlington HS / CA-92","lowerLimit":"GND","upperLimit":"300 ft AGL","authority":"FAA (Recreational Flyer Fixed Sites)"}},
{"type":"Feature","geometry":{"type":"Polygon","coordinates":[[[-95.47936,30.06601],[-95.48221,30.06617],[-95.4824,30.06352],[-95.47936,30.06601]]]},"properties":{"type":"REC_FIXED_SITE_US","name":"TX-20014","identifier":"FAA-REC_FIXED_SITE_US:TX-20014","lowerLimit":"GND","upperLimit":"400 ft AGL","authority":"FAA (Recreational Flyer Fixed Sites)"}},
{"type":"Feature","geometry":{"type":"Polygon","coordinates":[[[-84.58622,33.95042],[-84.58781,33.94737],[-84.58405,33.94849],[-84.58622,33.95042]]]},"properties":{"type":"REC_FIXED_SITE_US","name":"Marietta High School/GA20021","identifier":"FAA-REC_FIXED_SITE_US:Marietta High School/GA20021","lowerLimit":"GND","upperLimit":"200 ft AGL","authority":"FAA (Recreational Flyer Fixed Sites)"}},
{"type":"Feature","geometry":{"type":"Polygon","coordinates":[[[-92.08571,32.51754],[-92.08557,32.51391],[-92.08357,32.51584],[-92.08571,32.51754]]]},"properties":{"type":"REC_FIXED_SITE_US","name":"Carroll High School","identifier":"FAA-REC_FIXED_SITE_US:Carroll High School","lowerLimit":"GND","upperLimit":"200 ft AGL","authority":"FAA (Recreational Flyer Fixed Sites)"}},
{"type":"Feature","geometry":{"type":"Polygon","coordinates":[[[-97.34564,32.53043],[-97.3472,32.52738],[-97.3435,32.5285],[-97.34564,32.53043]]]},"properties":{"type":"REC_FIXED_SITE_US","name":"TX-801st","identifier":"FAA-REC_FIXED_SITE_US:TX-801st","lowerLimit":"GND","upperLimit":"200 ft AGL","authority":"FAA (Recreational Flyer Fixed Sites)"}},
{"type":"Feature","geometry":{"type":"Polygon","coordinates":[[[-117.3861,47.70179],[-117.38768,47.69851],[-117.38355,47.69942],[-117.3861,47.70179]]]},"properties":{"type":"REC_FIXED_SITE_US","name":"WA-20001","identifier":"FAA-REC_FIXED_SITE_US:WA-20001","lowerLimit":"GND","upperLimit":"400 ft AGL","authority":"FAA (Recreational Flyer Fixed Sites)"}},
{"type":"Feature","geometry":{"type":"Polygon","coordinates":[[[-106.55623,35.12034],[-106.55784,35.11729],[-106.55462,35.11729],[-106.55623,35.12034]]]},"properties":{"type":"REC_FIXED_SITE_US","name":"NM-951","identifier":"FAA-REC_FIXED_SITE_US:NM-951","lowerLimit":"GND","upperLimit":"400 ft AGL","authority":"FAA (Recreational Flyer Fixed Sites)"}},
{"type":"Feature","geometry":{"type":"Polygon","coordinates":[[[-74.6756,39.45681],[-74.67709,39.4536],[-74.67326,39.45511],[-74.6756,39.45681]]]},"properties":{"type":"REC_FIXED_SITE_US","name":"NJ-20151","identifier":"FAA-REC_FIXED_SITE_US:NJ-20151","lowerLimit":"GND","upperLimit":"400 ft AGL","authority":"FAA (Recreational Flyer Fixed Sites)"}},
{"type":"Feature","geometry":{"type":"Polygon","coordinates":[[[-87.98591,42.95961],[-87.9876,42.95648],[-87.98411,42.95656],[-87.98591,42.95961]]]},"properties":{"type":"REC_FIXED_SITE_US","name":"WI-951","identifier":"FAA-REC_FIXED_SITE_US:WI-951","lowerLimit":"GND","upperLimit":"400 ft AGL","authority":"FAA (Recreational Flyer Fixed Sites)"}},
{"type":"Feature","geometry":{"type":"Polygon","coordinates":[[[-78.99755,33.68759],[-78.99972,33.68577],[-78.99606,33.68445],[-78.99755,33.68759]]]},"properties":{"type":"REC_FIXED_SITE_US","name":"Socastee AF JROTC/821","identifier":"FAA-REC_FIXED_SITE_US:Socastee AF JROTC/821","lowerLimit":"GND","upperLimit":"400 ft AGL","authority":"FAA (Recreational Flyer Fixed Sites)"}},
{"type":"Feature","geometry":{"type":"Polygon","coordinates":[[[-83.32212,30.83943],[-83.32365,30.83638],[-83.32058,30.83638],[-83.32212,30.83943]]]},"properties":{"type":"REC_FIXED_SITE_US","name":"Lowndes High School AFJROTC/GA-081","identifier":"FAA-REC_FIXED_SITE_US:Lowndes High School AFJROTC/GA-081","lowerLimit":"GND","upperLimit":"300 ft AGL","authority":"FAA (Recreational Flyer Fixed Sites)"}},
{"type":"Feature","geometry":{"type":"Polygon","coordinates":[[[-99.75612,32.45888],[-99.75768,32.45582],[-99.75456,32.45582],[-99.75612,32.45888]]]},"properties":{"type":"REC_FIXED_SITE_US","name":"Abilene High School AFJROTC / TX-081","identifier":"FAA-REC_FIXED_SITE_US:Abilene High School AFJROTC / TX-081","lowerLimit":"GND","upperLimit":"200 ft AGL","authority":"FAA (Recreational Flyer Fixed Sites)"}},
{"type":"Feature","geometry":{"type":"Polygon","coordinates":[[[-80.26507,27.24214],[-80.26812,27.23974],[-80.26507,27.23966],[-80.26507,27.24214]]]},"properties":{"type":"REC_FIXED_SITE_US","name":"Jensen Beach High School/FL-20063","identifier":"FAA-REC_FIXED_SITE_US:Jensen Beach High School/FL-20063","lowerLimit":"GND","upperLimit":"400 ft AGL","authority":"FAA (Recreational Flyer Fixed Sites)"}},
{"type":"Feature","geometry":{"type":"Polygon","coordinates":[[[-82.53362,35.48852],[-82.53694,35.48612],[-82.53382,35.48588],[-82.53362,35.48852]]]},"properties":{"type":"REC_FIXED_SITE_US","name":"NC-805","identifier":"FAA-REC_FIXED_SITE_US:NC-805","lowerLimit":"GND","upperLimit":"400 ft AGL","authority":"FAA (Recreational Flyer Fixed Sites)"}},
{"type":"Feature","geometry":{"type":"Polygon","coordinates":[[[-115.12401,36.18854],[-115.12624,36.18684],[-115.12238,36.18549],[-115.12401,36.18854]]]},"properties":{"type":"REC_FIXED_SITE_US","name":"NV-031/ Rancho HS","identifier":"FAA-REC_FIXED_SITE_US:NV-031/ Rancho HS","lowerLimit":"GND","upperLimit":"200 ft AGL","authority":"FAA (Recreational Flyer Fixed Sites)"}},
{"type":"Feature","geometry":{"type":"Polygon","coordinates":[[[-84.03379,35.74437],[-84.03712,35.74197],[-84.03399,35.74173],[-84.03379,35.74437]]]},"properties":{"type":"REC_FIXED_SITE_US","name":"William Blount High School AFJROTC","identifier":"FAA-REC_FIXED_SITE_US:William Blount High School AFJROTC","lowerLimit":"GND","upperLimit":"400 ft AGL","authority":"FAA (Recreational Flyer Fixed Sites)"}},
{"type":"Feature","geometry":{"type":"Polygon","coordinates":[[[-70.56178,41.63675],[-70.5642,41.63494],[-70.55937,41.63482],[-70.56178,41.63675]]]},"properties":{"type":"REC_FIXED_SITE_US","name":"Otis Model Aero Club, #1170","identifier":"FAA-REC_FIXED_SITE_US:Otis Model Aero Club, #1170","lowerLimit":"GND","upperLimit":"400 ft AGL","authority":"FAA (Recreational Flyer Fixed Sites)"}},
{"type":"Feature","geometry":{"type":"Polygon","coordinates":[[[-121.27988,38.49286],[-121.28219,38.49105],[-121.27841,38.48965],[-121.27988,38.49286]]]},"properties":{"type":"REC_FIXED_SITE_US","name":"Sacramento Area Modelers 1","identifier":"FAA-REC_FIXED_SITE_US:Sacramento Area Modelers 1","lowerLimit":"GND","upperLimit":"400 ft AGL","authority":"FAA (Recreational Flyer Fixed Sites)"}},
{"type":"Feature","geometry":{"type":"Polygon","coordinates":[[[-82.72069,34.49451],[-82.72229,34.49145],[-82.7185,34.49269],[-82.72069,34.49451]]]},"properties":{"type":"REC_FIXED_SITE_US","name":"Tri-County RC Flyers Inc","identifier":"FAA-REC_FIXED_SITE_US:Tri-County RC Flyers Inc","lowerLimit":"GND","upperLimit":"400 ft AGL","authority":"FAA (Recreational Flyer Fixed Sites)"}},
{"type":"Feature","geometry":{"type":"Polygon","coordinates":[[[-149.749,61.08903],[-149.75255,61.08666],[-149.74545,61.08666],[-149.749,61.08903]]]},"properties":{"type":"REC_FIXED_SITE_US","name":"Alaska Radio Control Society - Clarks Rd","identifier":"FAA-REC_FIXED_SITE_US:Alaska Radio Control Society - Clarks Rd","lowerLimit":"GND","upperLimit":"700 ft AGL","authority":"FAA (Recreational Flyer Fixed Sites)"}},
{"type":"Feature","geometry":{"type":"Polygon","coordinates":[[[-149.4505,61.40853],[-149.45408,61.40617],[-149.44692,61.40617],[-149.4505,61.40853]]]},"properties":{"type":"REC_FIXED_SITE_US","name":"Alaska Drone Racing League - Peters Creek Christian Church","identifier":"FAA-REC_FIXED_SITE_US:Alaska Drone Racing League - Peters Creek Christian Church","lowerLimit":"GND","upperLimit":"1200 ft AGL","authority":"FAA (Recreational Flyer Fixed Sites)"}},
{"type":"Feature","geometry":{"type":"Polygon","coordinates":[[[-149.475,61.39621],[-149.47858,61.39384],[-149.47142,61.39384],[-149.475,61.39621]]]},"properties":{"type":"REC_FIXED_SITE_US","name":"Frontier Fun Flyers - Loretta French Park","identifier":"FAA-REC_FIXED_SITE_US:Frontier Fun Flyers - Loretta French Park","lowerLimit":"GND","upperLimit":"1200 ft AGL","authority":"FAA (Recreational Flyer Fixed Sites)"}},
{"type":"Feature","geometry":{"type":"Polygon","coordinates":[[[-149.1308,61.58283],[-149.13441,61.58047],[-149.1272,61.58047],[-149.1308,61.58283]]]},"properties":{"type":"REC_FIXED_SITE_US","name":"Alaska Drone Racing League, Alaska Fairgrounds","identifier":"FAA-REC_FIXED_SITE_US:Alaska Drone Racing League, Alaska Fairgrounds","lowerLimit":"GND","upperLimit":"700 ft AGL","authority":"FAA (Recreational Flyer Fixed Sites)"}},
{"type":"Feature","geometry":{"type":"Polygon","coordinates":[[[-149.0073,61.52819],[-149.0109,61.52583],[-149.0037,61.52583],[-149.0073,61.52819]]]},"properties":{"type":"REC_FIXED_SITE_US","name":"Jim Creek RC Park","identifier":"FAA-REC_FIXED_SITE_US:Jim Creek RC Park","lowerLimit":"GND","upperLimit":"700 ft AGL","authority":"FAA (Recreational Flyer Fixed Sites)"}},
{"type":"Feature","geometry":{"type":"Polygon","coordinates":[[[-149.14272,61.61563],[-149.1464,61.61337],[-149.13912,61.61326],[-149.14272,61.61563]]]},"properties":{"type":"REC_FIXED_SITE_US","name":"Mat-Su RC Modelers Club - Moffit Field","identifier":"FAA-REC_FIXED_SITE_US:Mat-Su RC Modelers Club - Moffit Field","lowerLimit":"GND","upperLimit":"700 ft AGL","authority":"FAA (Recreational Flyer Fixed Sites)"}},
{"type":"Feature","geometry":{"type":"Polygon","coordinates":[[[-149.025,61.52658],[-149.0286,61.52422],[-149.0214,61.52422],[-149.025,61.52658]]]},"properties":{"type":"REC_FIXED_SITE_US","name":"Alaska Raceway Park","identifier":"FAA-REC_FIXED_SITE_US:Alaska Raceway Park","lowerLimit":"GND","upperLimit":"700 ft AGL","authority":"FAA (Recreational Flyer Fixed Sites)"}},
{"type":"Feature","geometry":{"type":"Polygon","coordinates":[[[-149.5171,61.57384],[-149.52077,61.57159],[-149.51343,61.57159],[-149.5171,61.57384]]]},"properties":{"type":"REC_FIXED_SITE_US","name":"Mack Dr. - City of Wasilla","identifier":"FAA-REC_FIXED_SITE_US:Mack Dr. - City of Wasilla","lowerLimit":"GND","upperLimit":"700 ft AGL","authority":"FAA (Recreational Flyer Fixed Sites)"}},
{"type":"Feature","geometry":{"type":"Polygon","coordinates":[[[-149.36295,61.61353],[-149.36656,61.61116],[-149.35934,61.61116],[-149.36295,61.61353]]]},"properties":{"type":"REC_FIXED_SITE_US","name":"Teeland RC Flyers - Teeland Middle School","identifier":"FAA-REC_FIXED_SITE_US:Teeland RC Flyers - Teeland Middle School","lowerLimit":"GND","upperLimit":"700 ft AGL","authority":"FAA (Recreational Flyer Fixed Sites)"}},
{"type":"Feature","geometry":{"type":"Polygon","coordinates":[[[-150.0748,61.40707],[-150.07845,61.40481],[-150.07115,61.40481],[-150.0748,61.40707]]]},"properties":{"type":"REC_FIXED_SITE_US","name":"Alaska Radio Control Society - Guernsey Rd Groeschel Field","identifier":"FAA-REC_FIXED_SITE_US:Alaska Radio Control Society - Guernsey Rd Groeschel Field","lowerLimit":"GND","upperLimit":"700 ft AGL","authority":"FAA (Recreational Flyer Fixed Sites)"}},
{"type":"Feature","geometry":{"type":"Polygon","coordinates":[[[-134.54671,58.4133],[-134.54991,58.41083],[-134.54359,58.41072],[-134.54671,58.4133]]]},"properties":{"type":"REC_FIXED_SITE_US","name":"Gastineau Aeromodelers Society - Glacier Spur Road","identifier":"FAA-REC_FIXED_SITE_US:Gastineau Aeromodelers Society - Glacier Spur Road","lowerLimit":"GND","upperLimit":"700 ft AGL","authority":"FAA (Recreational Flyer Fixed Sites)"}},
{"type":"Feature","geometry":{"type":"Polygon","coordinates":[[[-86.7669,33.18602],[-86.76986,33.18602],[-86.76852,33.18288],[-86.7669,33.18602]]]},"properties":{"type":"REC_FIXED_SITE_US","name":"Alabaster RC Association at Limestone Park - Limestone Park","identifier":"FAA-REC_FIXED_SITE_US:Alabaster RC Association at Limestone Park - Limestone Park","lowerLimit":"GND","upperLimit":"700 ft AGL","authority":"FAA (Recreational Flyer Fixed Sites)"}},
{"type":"Feature","geometry":{"type":"Polygon","coordinates":[[[-86.95623,33.33041],[-86.95839,33.3286],[-86.95456,33.32744],[-86.95623,33.33041]]]},"properties":{"type":"REC_FIXED_SITE_US","name":"Birmingham Helicopter Modelers - Dickey Springs Rd","identifier":"FAA-REC_FIXED_SITE_US:Birmingham Helicopter Modelers - Dickey Springs Rd","lowerLimit":"GND","upperLimit":"700 ft AGL","authority":"FAA (Recreational Flyer Fixed Sites)"}},
{"type":"Feature","geometry":{"type":"Polygon","coordinates":[[[-86.58495,32.77083],[-86.58642,32.76769],[-86.58348,32.76769],[-86.58495,32.77083]]]},"properties":{"type":"REC_FIXED_SITE_US","name":"Central Alabama Sportfliers - CASF Field","identifier":"FAA-REC_FIXED_SITE_US:Central Alabama Sportfliers - CASF Field","lowerLimit":"GND","upperLimit":"700 ft AGL","authority":"FAA (Recreational Flyer Fixed Sites)"}},
{"type":"Feature","geometry":{"type":"Polygon","coordinates":[[[-86.76921,34.14012],[-86.77248,34.13772],[-86.76941,34.13748],[-86.76921,34.14012]]]},"properties":{"type":"REC_FIXED_SITE_US","name":"Cullman Aeromodelers - Burdeshaw Field","identifier":"FAA-REC_FIXED_SITE_US:Cullman Aeromodelers - Burdeshaw Field","lowerLimit":"GND","upperLimit":"1200 ft AGL","authority":"FAA (Recreational Flyer Fixed Sites)"}},
{"type":"Feature","geometry":{"type":"Polygon","coordinates":[[[-88.00602,33.38363],[-88.00908,33.38106],[-88.00602,33.38098],[-88.00602,33.38363]]]},"properties":{"type":"REC_FIXED_SITE_US","name":"West Alabama Aero Modelers - Pickens County Airport","identifier":"FAA-REC_FIXED_SITE_US:West Alabama Aero Modelers - Pickens County Airport","lowerLimit":"GND","upperLimit":"700 ft AGL","authority":"FAA (Recreational Flyer Fixed Sites)"}},
{"type":"Feature","geometry":{"type":"Polygon","coordinates":[[[-86.98473,34.53463],[-86.98852,34.5335],[-86.98633,34.53157],[-86.98473,34.53463]]]},"properties":{"type":"REC_FIXED_SITE_US","name":"Decatur Model Airplane Club - Central Pkwy SW","identifier":"FAA-REC_FIXED_SITE_US:Decatur Model Airplane Club - Central Pkwy SW","lowerLimit":"GND","upperLimit":"1200 ft AGL","authority":"FAA (Recreational Flyer Fixed Sites)"}},
{"type":"Feature","geometry":{"type":"Polygon","coordinates":[[[-87.0884,34.62669],[-87.09169,34.62429],[-87.0886,34.62405],[-87.0884,34.62669]]]},"properties":{"type":"REC_FIXED_SITE_US","name":"Decatur Model Airplane Club - US 72 Alternate","identifier":"FAA-REC_FIXED_SITE_US:Decatur Model Airplane Club - US 72 Alternate","lowerLimit":"GND","upperLimit":"1200 ft AGL","authority":"FAA (Recreational Flyer Fixed Sites)"}},
{"type":"Feature","geometry":{"type":"Polygon","coordinates":[[[-86.76978,34.86656],[-86.77198,34.86475],[-86.76817,34.86351],[-86.76978,34.86656]]]},"properties":{"type":"REC_FIXED_SITE_US","name":"North Alabama Radio Control Association - EPPS Airpark","identifier":"FAA-REC_FIXED_SITE_US:North Alabama Radio Control Association - EPPS Airpark","lowerLimit":"GND","upperLimit":"700 ft AGL","authority":"FAA (Recreational Flyer Fixed Sites)"}},
{"type":"Feature","geometry":{"type":"Polygon","coordinates":[[[-86.55679,34.7874],[-86.55899,34.7857],[-86.55679,34.78377],[-86.55679,34.7874]]]},"properties":{"type":"REC_FIXED_SITE_US","name":"Huntsville Heli Flyers - Alabama A & M University","identifier":"FAA-REC_FIXED_SITE_US:Huntsville Heli Flyers - Alabama A & M University","lowerLimit":"GND","upperLimit":"700 ft AGL","authority":"FAA (Recreational Flyer Fixed Sites)"}},
{"type":"Feature","geometry":{"type":"Polygon","coordinates":[[[-85.7421,34.41665],[-85.7437,34.4136],[-85.7406,34.41352],[-85.7421,34.41665]]]},"properties":{"type":"REC_FIXED_SITE_US","name":"Dekalb RC Flyers - Jacoway Field","identifier":"FAA-REC_FIXED_SITE_US:Dekalb RC Flyers - Jacoway Field","lowerLimit":"GND","upperLimit":"700 ft AGL","authority":"FAA (Recreational Flyer Fixed Sites)"}},
{"type":"Feature","geometry":{"type":"Polygon","coordinates":[[[-85.63139,34.54376],[-85.63153,34.54013],[-85.6292,34.54183],[-85.63139,34.54376]]]},"properties":{"type":"REC_FIXED_SITE_US","name":"DeKalb RC Flyers - McCurdy Field","identifier":"FAA-REC_FIXED_SITE_US:DeKalb RC Flyers - McCurdy Field","lowerLimit":"GND","upperLimit":"700 ft AGL","authority":"FAA (Recreational Flyer Fixed Sites)"}},
{"type":"Feature","geometry":{"type":"Polygon","coordinates":[[[-86.61069,32.41194],[-86.61205,32.40872],[-86.60855,32.41024],[-86.61069,32.41194]]]},"properties":{"type":"REC_FIXED_SITE_US","name":"Fountain City Flyers - CR 21 S","identifier":"FAA-REC_FIXED_SITE_US:Fountain City Flyers - CR 21 S","lowerLimit":"GND","upperLimit":"700 ft AGL","authority":"FAA (Recreational Flyer Fixed Sites)"}},
{"type":"Feature","geometry":{"type":"Polygon","coordinates":[[[-86.28614,32.21854],[-86.28926,32.21606],[-86.28634,32.2159],[-86.28614,32.21854]]]},"properties":{"type":"REC_FIXED_SITE_US","name":"RAMM Field","identifier":"FAA-REC_FIXED_SITE_US:RAMM Field","lowerLimit":"GND","upperLimit":"700 ft AGL","authority":"FAA (Recreational Flyer Fixed Sites)"}},
{"type":"Feature","geometry":{"type":"Polygon","coordinates":[[[-86.01676,33.58881],[-86.01814,33.58559],[-86.01459,33.58711],[-86.01676,33.58881]]]},"properties":{"type":"REC_FIXED_SITE_US","name":"Anniston RC Flyers - Peaceful Valley Rd","identifier":"FAA-REC_FIXED_SITE_US:Anniston RC Flyers - Peaceful Valley Rd","lowerLimit":"GND","upperLimit":"700 ft AGL","authority":"FAA (Recreational Flyer Fixed Sites)"}},
{"type":"Feature","geometry":{"type":"Polygon","coordinates":[[[-85.28672,31.44201],[-85.29029,31.44069],[-85.2883,31.43888],[-85.28672,31.44201]]]},"properties":{"type":"REC_FIXED_SITE_US","name":"Wiregrass RC - Liberty Landing","identifier":"FAA-REC_FIXED_SITE_US:Wiregrass RC - Liberty Landing","lowerLimit":"GND","upperLimit":"700 ft AGL","authority":"FAA (Recreational Flyer Fixed Sites)"}},
{"type":"Feature","geometry":{"type":"Polygon","coordinates":[[[-88.2105,30.49304],[-88.21063,30.48942],[-88.2084,30.49123],[-88.2105,30.49304]]]},"properties":{"type":"REC_FIXED_SITE_US","name":"Azalea City Model Aeronautics - Irvington Field","identifier":"FAA-REC_FIXED_SITE_US:Azalea City Model Aeronautics - Irvington Field","lowerLimit":"GND","upperLimit":"700 ft AGL","authority":"FAA (Recreational Flyer Fixed Sites)"}},
{"type":"Feature","geometry":{"type":"Polygon","coordinates":[[[-85.15913,32.85375],[-85.16187,32.85095],[-85.15893,32.85111],[-85.15913,32.85375]]]},"properties":{"type":"REC_FIXED_SITE_US","name":"Valley RC Flyers - 30th St Old Shawmut Airport","identifier":"FAA-REC_FIXED_SITE_US:Valley RC Flyers - 30th St Old Shawmut Airport","lowerLimit":"GND","upperLimit":"700 ft AGL","authority":"FAA (Recreational Flyer Fixed Sites)"}},
{"type":"Feature","geometry":{"type":"Polygon","coordinates":[[[-86.24302,34.65736],[-86.24462,34.6543],[-86.24142,34.6543],[-86.24302,34.65736]]]},"properties":{"type":"REC_FIXED_SITE_US","name":"Jackson County RC Club - CR 30","identifier":"FAA-REC_FIXED_SITE_US:Jackson County RC Club - CR 30","lowerLimit":"GND","upperLimit":"1200 ft AGL","authority":"FAA (Recreational Flyer Fixed Sites)"}},
{"type":"Feature","geometry":{"type":"Polygon","coordinates":[[[-86.2161,33.83866],[-86.21828,33.83685],[-86.21393,33.83673],[-86.2161,33.83866]]]},"properties":{"type":"REC_FIXED_SITE_US","name":"Slasham Valley Irregulars RC Club - Slasham Rd","identifier":"FAA-REC_FIXED_SITE_US:Slasham Valley Irregulars RC Club - Slasham Rd","lowerLimit":"GND","upperLimit":"700 ft AGL","authority":"FAA (Recreational Flyer Fixed Sites)"}},
{"type":"Feature","geometry":{"type":"Polygon","coordinates":[[[-86.2984,34.13888],[-86.30058,34.13706],[-86.29826,34.13525],[-86.2984,34.13888]]]},"properties":{"type":"REC_FIXED_SITE_US","name":"Sand Mountain Flyers - Mt Hebron Rd","identifier":"FAA-REC_FIXED_SITE_US:Sand Mountain Flyers - Mt Hebron Rd","lowerLimit":"GND","upperLimit":"700 ft AGL","authority":"FAA (Recreational Flyer Fixed Sites)"}},
{"type":"Feature","geometry":{"type":"Polygon","coordinates":[[[-87.54798,30.47018],[-87.54951,30.46712],[-87.54654,30.46704],[-87.54798,30.47018]]]},"properties":{"type":"REC_FIXED_SITE_US","name":"Fly Boyz RC Club - Horak Field","identifier":"FAA-REC_FIXED_SITE_US:Fly Boyz RC Club - Horak Field","lowerLimit":"GND","upperLimit":"1200 ft AGL","authority":"FAA (Recreational Flyer Fixed Sites)"}},
{"type":"Feature","geometry":{"type":"Polygon","coordinates":[[[-87.69182,30.39212],[-87.69315,30.3889],[-87.69029,30.38906],[-87.69182,30.39212]]]},"properties":{"type":"REC_FIXED_SITE_US","name":"South Alabama RC Modelers - S Cedar St","identifier":"FAA-REC_FIXED_SITE_US:South Alabama RC Modelers - S Cedar St","lowerLimit":"GND","upperLimit":"700 ft AGL","authority":"FAA (Recreational Flyer Fixed Sites)"}},
{"type":"Feature","geometry":{"type":"Polygon","coordinates":[[[-87.75496,30.4511],[-87.75801,30.44862],[-87.75496,30.44846],[-87.75496,30.4511]]]},"properties":{"type":"REC_FIXED_SITE_US","name":"Bay Area RC Society BARCS - Magnolia Landfill","identifier":"FAA-REC_FIXED_SITE_US:Bay Area RC Society BARCS - Magnolia Landfill","lowerLimit":"GND","upperLimit":"700 ft AGL","authority":"FAA (Recreational Flyer Fixed Sites)"}},
{"type":"Feature","geometry":{"type":"Polygon","coordinates":[[[-85.51674,32.42781],[-85.51966,32.42797],[-85.5183,32.42475],[-85.51674,32.42781]]]},"properties":{"type":"REC_FIXED_SITE_US","name":"Auburn Planesmen RC - CR 24","identifier":"FAA-REC_FIXED_SITE_US:Auburn Planesmen RC - CR 24","lowerLimit":"GND","upperLimit":"1200 ft AGL","authority":"FAA (Recreational Flyer Fixed Sites)"}},
{"type":"Feature","geometry":{"type":"Polygon","coordinates":[[[-91.81173,33.64456],[-91.81331,33.6415],[-91.81015,33.6415],[-91.81173,33.64456]]]},"properties":{"type":"REC_FIXED_SITE_US","name":"Southeast Arkansas Modelers - Carmichael Field","identifier":"FAA-REC_FIXED_SITE_US:Southeast Arkansas Modelers - Carmichael Field","lowerLimit":"GND","upperLimit":"700 ft AGL","authority":"FAA (Recreational Flyer Fixed Sites)"}},
{"type":"Feature","geometry":{"type":"Polygon","coordinates":[[[-92.61506,33.20968],[-92.61802,33.20968],[-92.6164,33.20654],[-92.61506,33.20968]]]},"properties":{"type":"REC_FIXED_SITE_US","name":"Model Aviators of S Arkansas - Industrial Rd","identifier":"FAA-REC_FIXED_SITE_US:Model Aviators of S Arkansas - Industrial Rd","lowerLimit":"GND","upperLimit":"1200 ft AGL","authority":"FAA (Recreational Flyer Fixed Sites)"}},
{"type":"Feature","geometry":{"type":"Polygon","coordinates":[[[-93.09036,34.02517],[-93.09403,34.02396],[-93.09199,34.02203],[-93.09036,34.02517]]]},"properties":{"type":"REC_FIXED_SITE_US","name":"Arkadelphia Prop Twisters CLMAC - Egger Rd","identifier":"FAA-REC_FIXED_SITE_US:Arkadelphia Prop Twisters CLMAC - Egger Rd","lowerLimit":"GND","upperLimit":"700 ft AGL","authority":"FAA (Recreational Flyer Fixed Sites)"}},
{"type":"Feature","geometry":{"type":"Polygon","coordinates":[[[-92.47419,34.55973],[-92.47638,34.55791],[-92.47405,34.5561],[-92.47419,34.55973]]]},"properties":{"type":"REC_FIXED_SITE_US","name":"Central AR Model Aviator Assn - W Sardis Rd","identifier":"FAA-REC_FIXED_SITE_US:Central AR Model Aviator Assn - W Sardis Rd","lowerLimit":"GND","upperLimit":"700 ft AGL","authority":"FAA (Recreational Flyer Fixed Sites)"}},
{"type":"Feature","geometry":{"type":"Polygon","coordinates":[[[-92.02049,35.09184],[-92.02063,35.08822],[-92.01828,35.09003],[-92.02049,35.09184]]]},"properties":{"type":"REC_FIXED_SITE_US","name":"El Paso Country Fliers - Smith Rd","identifier":"FAA-REC_FIXED_SITE_US:El Paso Country Fliers - Smith Rd","lowerLimit":"GND","upperLimit":"700 ft AGL","authority":"FAA (Recreational Flyer Fixed Sites)"}},
{"type":"Feature","geometry":{"type":"Polygon","coordinates":[[[-92.44149,34.91361],[-92.4445,34.91377],[-92.4447,34.91113],[-92.44149,34.91361]]]},"properties":{"type":"REC_FIXED_SITE_US","name":"Arkansas Sky Tigers  - Hwy 365","identifier":"FAA-REC_FIXED_SITE_US:Arkansas Sky Tigers  - Hwy 365","lowerLimit":"GND","upperLimit":"700 ft AGL","authority":"FAA (Recreational Flyer Fixed Sites)"}},
{"type":"Feature","geometry":{"type":"Polygon","coordinates":[[[-92.41227,34.85353],[-92.41529,34.85088],[-92.41227,34.85088],[-92.41227,34.85353]]]},"properties":{"type":"REC_FIXED_SITE_US","name":"MARCS - Willastein Dr","identifier":"FAA-REC_FIXED_SITE_US:MARCS - Willastein Dr","lowerLimit":"GND","upperLimit":"700 ft AGL","authority":"FAA (Recreational Flyer Fixed Sites)"}},
{"type":"Feature","geometry":{"type":"Polygon","coordinates":[[[-92.52489,35.16382],[-92.52503,35.1602],[-92.52268,35.16201],[-92.52489,35.16382]]]},"properties":{"type":"REC_FIXED_SITE_US","name":"Arkansas Sky Tigers - McWilson Rd","identifier":"FAA-REC_FIXED_SITE_US:Arkansas Sky Tigers - McWilson Rd","lowerLimit":"GND","upperLimit":"700 ft AGL","authority":"FAA (Recreational Flyer Fixed Sites)"}},
{"type":"Feature","geometry":{"type":"Polygon","coordinates":[[[-92.33217,35.5927],[-92.33379,35.58964],[-92.32995,35.59077],[-92.33217,35.5927]]]},"properties":{"type":"REC_FIXED_SITE_US","name":"Lake Area Fun Flyers Squadron - LAFFS Flying Field","identifier":"FAA-REC_FIXED_SITE_US:Lake Area Fun Flyers Squadron - LAFFS Flying Field","lowerLimit":"GND","upperLimit":"700 ft AGL","authority":"FAA (Recreational Flyer Fixed Sites)"}},
{"type":"Feature","geometry":{"type":"Polygon","coordinates":[[[-92.21131,34.60071],[-92.2135,34.59889],[-92.21117,34.59708],[-92.21131,34.60071]]]},"properties":{"type":"REC_FIXED_SITE_US","name":"Fraternal Assn of RC Modelers Farm - Lost Squadron Dr","identifier":"FAA-REC_FIXED_SITE_US:Fraternal Assn of RC Modelers Farm - Lost Squadron Dr","lowerLimit":"GND","upperLimit":"700 ft AGL","authority":"FAA (Recreational Flyer Fixed Sites)"}},
{"type":"Feature","geometry":{"type":"Polygon","coordinates":[[[-90.46885,35.95907],[-90.47057,35.9561],[-90.46662,35.95715],[-90.46885,35.95907]]]},"properties":{"type":"REC_FIXED_SITE_US","name":"Jonesboro Radio Control Club - CR 989","identifier":"FAA-REC_FIXED_SITE_US:Jonesboro Radio Control Club - CR 989","lowerLimit":"GND","upperLimit":"1200 ft AGL","authority":"FAA (Recreational Flyer Fixed Sites)"}},
{"type":"Feature","geometry":{"type":"Polygon","coordinates":[[[-91.63268,36.28245],[-91.63645,36.28112],[-91.63435,36.27931],[-91.63268,36.28245]]]},"properties":{"type":"REC_FIXED_SITE_US","name":"Spring River Model Club - Hwy 289","identifier":"FAA-REC_FIXED_SITE_US:Spring River Model Club - Hwy 289","lowerLimit":"GND","upperLimit":"700 ft AGL","authority":"FAA (Recreational Flyer Fixed Sites)"}},
{"type":"Feature","geometry":{"type":"Polygon","coordinates":[[[-94.4839,36.13261],[-94.48613,36.13069],[-94.48218,36.12964],[-94.4839,36.13261]]]},"properties":{"type":"REC_FIXED_SITE_US","name":"Siloam Springs Modelers - Nokes Farm Rd","identifier":"FAA-REC_FIXED_SITE_US:Siloam Springs Modelers - Nokes Farm Rd","lowerLimit":"GND","upperLimit":"700 ft AGL","authority":"FAA (Recreational Flyer Fixed Sites)"}},
{"type":"Feature","geometry":{"type":"Polygon","coordinates":[[[-93.14961,35.32112],[-93.15132,35.31815],[-93.1474,35.31919],[-93.14961,35.32112]]]},"properties":{"type":"REC_FIXED_SITE_US","name":"River Valley RC Club - Illinois Bayou Trail","identifier":"FAA-REC_FIXED_SITE_US:River Valley RC Club - Illinois Bayou Trail","lowerLimit":"GND","upperLimit":"700 ft AGL","authority":"FAA (Recreational Flyer Fixed Sites)"}},
{"type":"Feature","geometry":{"type":"Polygon","coordinates":[[[-93.04969,34.08538],[-93.05337,34.08406],[-93.05105,34.08225],[-93.04969,34.08538]]]},"properties":{"type":"REC_FIXED_SITE_US","name":"Arkadelphia Prop Twisters - Hwy 8","identifier":"FAA-REC_FIXED_SITE_US:Arkadelphia Prop Twisters - Hwy 8","lowerLimit":"GND","upperLimit":"700 ft AGL","authority":"FAA (Recreational Flyer Fixed Sites)"}},
{"type":"Feature","geometry":{"type":"Polygon","coordinates":[[[-94.20982,34.63029],[-94.21142,34.62723],[-94.20822,34.62723],[-94.20982,34.63029]]]},"properties":{"type":"REC_FIXED_SITE_US","name":"Mena Radio Control Flying Club - Polk Rd","identifier":"FAA-REC_FIXED_SITE_US:Mena Radio Control Flying Club - Polk Rd","lowerLimit":"GND","upperLimit":"700 ft AGL","authority":"FAA (Recreational Flyer Fixed Sites)"}},
{"type":"Feature","geometry":{"type":"Polygon","coordinates":[[[-92.44955,35.14122],[-92.45176,35.13952],[-92.44804,35.13808],[-92.44955,35.14122]]]},"properties":{"type":"REC_FIXED_SITE_US","name":"Conway RC Assn Inc - Kinley Dr","identifier":"FAA-REC_FIXED_SITE_US:Conway RC Assn Inc - Kinley Dr","lowerLimit":"GND","upperLimit":"700 ft AGL","authority":"FAA (Recreational Flyer Fixed Sites)"}},
{"type":"Feature","geometry":{"type":"Polygon","coordinates":[[[-92.0477,34.69763],[-92.04989,34.6957],[-92.0455,34.69581],[-92.0477,34.69763]]]},"properties":{"type":"REC_FIXED_SITE_US","name":"Turf Farm","identifier":"FAA-REC_FIXED_SITE_US:Turf Farm","lowerLimit":"GND","upperLimit":"700 ft AGL","authority":"FAA (Recreational Flyer Fixed Sites)"}},
{"type":"Feature","geometry":{"type":"Polygon","coordinates":[[[-91.73647,35.2348],[-91.73818,35.23183],[-91.73426,35.23298],[-91.73647,35.2348]]]},"properties":{"type":"REC_FIXED_SITE_US","name":"Searcy Model Aircraft Flyers Association, Taylor Farms","identifier":"FAA-REC_FIXED_SITE_US:Searcy Model Aircraft Flyers Association, Taylor Farms","lowerLimit":"GND","upperLimit":"700 ft AGL","authority":"FAA (Recreational Flyer Fixed Sites)"}},
{"type":"Feature","geometry":{"type":"Polygon","coordinates":[[[-111.41956,33.53731],[-111.42123,33.53434],[-111.41739,33.5355],[-111.41956,33.53731]]]},"properties":{"type":"REC_FIXED_SITE_US","name":"Southern Arizona Modelers - Canyon Lake Marina Campground","identifier":"FAA-REC_FIXED_SITE_US:Southern Arizona Modelers - Canyon Lake Marina Campground","lowerLimit":"GND","upperLimit":"700 ft AGL","authority":"FAA (Recreational Flyer Fixed Sites)"}},
{"type":"Feature","geometry":{"type":"Polygon","coordinates":[[[-111.65273,32.78589],[-111.65567,32.78589],[-111.6542,32.78275],[-111.65273,32.78589]]]},"properties":{"type":"REC_FIXED_SITE_US","name":"Southwest Regionals Modelers Association Inc - Charles Bush Flying Site","identifier":"FAA-REC_FIXED_SITE_US:Southwest Regionals Modelers Association Inc - Charles Bush Flying Site","lowerLimit":"GND","upperLimit":"700 ft AGL","authority":"FAA (Recreational Flyer Fixed Sites)"}},
{"type":"Feature","geometry":{"type":"Polygon","coordinates":[[[-111.67804,32.78011],[-111.67961,32.77706],[-111.67589,32.7783],[-111.67804,32.78011]]]},"properties":{"type":"REC_FIXED_SITE_US","name":"Arizona City Flyers - Sunland Gin Rd","identifier":"FAA-REC_FIXED_SITE_US:Arizona City Flyers - Sunland Gin Rd","lowerLimit":"GND","upperLimit":"700 ft AGL","authority":"FAA (Recreational Flyer Fixed Sites)"}},
{"type":"Feature","geometry":{"type":"Polygon","coordinates":[[[-111.3575,32.98709],[-111.3575,32.98346],[-111.35535,32.98516],[-111.3575,32.98709]]]},"properties":{"type":"REC_FIXED_SITE_US","name":"Florence Aero Modelers - Hwy 79","identifier":"FAA-REC_FIXED_SITE_US:Florence Aero Modelers - Hwy 79","lowerLimit":"GND","upperLimit":"700 ft AGL","authority":"FAA (Recreational Flyer Fixed Sites)"}},
{"type":"Feature","geometry":{"type":"Polygon","coordinates":[[[-112.20786,33.05814],[-112.20952,33.05517],[-112.20571,33.05621],[-112.20786,33.05814]]]},"properties":{"type":"REC_FIXED_SITE_US","name":"Southwest Soaring Society - Silent Wings Ranch","identifier":"FAA-REC_FIXED_SITE_US:Southwest Soaring Society - Silent Wings Ranch","lowerLimit":"GND","upperLimit":"1200 ft AGL","authority":"FAA (Recreational Flyer Fixed Sites)"}},
{"type":"Feature","geometry":{"type":"Polygon","coordinates":[[[-111.72127,32.80225],[-111.72284,32.7992],[-111.71912,32.80044],[-111.72127,32.80225]]]},"properties":{"type":"REC_FIXED_SITE_US","name":"Casa Grande RC Flyers Inc - S Isom Rd","identifier":"FAA-REC_FIXED_SITE_US:Casa Grande RC Flyers Inc - S Isom Rd","lowerLimit":"GND","upperLimit":"700 ft AGL","authority":"FAA (Recreational Flyer Fixed Sites)"}},
{"type":"Feature","geometry":{"type":"Polygon","coordinates":[[[-111.66269,32.7082],[-111.66484,32.7065],[-111.66269,32.70457],[-111.66269,32.7082]]]},"properties":{"type":"REC_FIXED_SITE_US","name":"Phoenix Model Airplane Club - Webster West","identifier":"FAA-REC_FIXED_SITE_US:Phoenix Model Airplane Club - Webster West","lowerLimit":"GND","upperLimit":"700 ft AGL","authority":"FAA (Recreational Flyer Fixed Sites)"}},
{"type":"Feature","geometry":{"type":"Polygon","coordinates":[[[-111.58738,33.44427],[-111.59063,33.44187],[-111.58758,33.44163],[-111.58738,33.44427]]]},"properties":{"type":"REC_FIXED_SITE_US","name":"Arizona Model Aviators - Superstition Airpark","identifier":"FAA-REC_FIXED_SITE_US:Arizona Model Aviators - Superstition Airpark","lowerLimit":"GND","upperLimit":"700 ft AGL","authority":"FAA (Recreational Flyer Fixed Sites)"}},
{"type":"Feature","geometry":{"type":"Polygon","coordinates":[[[-112.3274,33.46247],[-112.32956,33.46077],[-112.32754,33.45884],[-112.3274,33.46247]]]},"properties":{"type":"REC_FIXED_SITE_US","name":"Central Arizona CL Club - Friendship Park","identifier":"FAA-REC_FIXED_SITE_US:Central Arizona CL Club - Friendship Park","lowerLimit":"GND","upperLimit":"700 ft AGL","authority":"FAA (Recreational Flyer Fixed Sites)"}},
{"type":"Feature","geometry":{"type":"Polygon","coordinates":[[[-112.59972,33.37904],[-112.6013,33.37598],[-112.59834,33.37582],[-112.59972,33.37904]]]},"properties":{"type":"REC_FIXED_SITE_US","name":"Buckeye RC Flyers - Heritage Park","identifier":"FAA-REC_FIXED_SITE_US:Buckeye RC Flyers - Heritage Park","lowerLimit":"GND","upperLimit":"700 ft AGL","authority":"FAA (Recreational Flyer Fixed Sites)"}},
{"type":"Feature","geometry":{"type":"Polygon","coordinates":[[[-114.20734,33.68235],[-114.21051,33.67987],[-114.20754,33.67971],[-114.20734,33.68235]]]},"properties":{"type":"REC_FIXED_SITE_US","name":"Quartzsite Desert Flyers - James B Colwell Flying Field","identifier":"FAA-REC_FIXED_SITE_US:Quartzsite Desert Flyers - James B Colwell Flying Field","lowerLimit":"GND","upperLimit":"1200 ft AGL","authority":"FAA (Recreational Flyer Fixed Sites)"}},
{"type":"Feature","geometry":{"type":"Polygon","coordinates":[[[-112.46778,33.71844],[-112.47076,33.71844],[-112.46941,33.71531],[-112.46778,33.71844]]]},"properties":{"type":"REC_FIXED_SITE_US","name":"Speedworld R/C Flyers - N Phoenix Raceway Park","identifier":"FAA-REC_FIXED_SITE_US:Speedworld R/C Flyers - N Phoenix Raceway Park","lowerLimit":"GND","upperLimit":"700 ft AGL","authority":"FAA (Recreational Flyer Fixed Sites)"}},
{"type":"Feature","geometry":{"type":"Polygon","coordinates":[[[-114.4247,32.70932],[-114.42607,32.70611],[-114.42304,32.70635],[-114.4247,32.70932]]]},"properties":{"type":"REC_FIXED_SITE_US","name":"Yuma Aeromodelers - Rifle Range Rd","identifier":"FAA-REC_FIXED_SITE_US:Yuma Aeromodelers - Rifle Range Rd","lowerLimit":"GND","upperLimit":"700 ft AGL","authority":"FAA (Recreational Flyer Fixed Sites)"}},
{"type":"Feature","geometry":{"type":"Polygon","coordinates":[[[-112.467,33.62153],[-112.46867,33.61856],[-112.46483,33.61972],[-112.467,33.62153]]]},"properties":{"type":"REC_FIXED_SITE_US","name":"Arizona R/C Society - Mustang Field","identifier":"FAA-REC_FIXED_SITE_US:Arizona R/C Society - Mustang Field","lowerLimit":"GND","upperLimit":"700 ft AGL","authority":"FAA (Recreational Flyer Fixed Sites)"}},
{"type":"Feature","geometry":{"type":"Polygon","coordinates":[[[-111.35441,34.09549],[-111.35768,34.09309],[-111.35461,34.09285],[-111.35441,34.09549]]]},"properties":{"type":"REC_FIXED_SITE_US","name":"Rim Country Flyers - Peterson Field","identifier":"FAA-REC_FIXED_SITE_US:Rim Country Flyers - Peterson Field","lowerLimit":"GND","upperLimit":"700 ft AGL","authority":"FAA (Recreational Flyer Fixed Sites)"}},
{"type":"Feature","geometry":{"type":"Polygon","coordinates":[[[-109.50673,31.34452],[-109.50827,31.34146],[-109.50538,31.3413],[-109.50673,31.34452]]]},"properties":{"type":"REC_FIXED_SITE_US","name":"Apache Birds - Douglas Municipal Airport","identifier":"FAA-REC_FIXED_SITE_US:Apache Birds - Douglas Municipal Airport","lowerLimit":"GND","upperLimit":"1200 ft AGL","authority":"FAA (Recreational Flyer Fixed Sites)"}},
{"type":"Feature","geometry":{"type":"Polygon","coordinates":[[[-110.94854,31.92332],[-110.95164,31.92084],[-110.94854,31.92068],[-110.94854,31.92332]]]},"properties":{"type":"REC_FIXED_SITE_US","name":"Green Valley RC Flyers - Old Nogales Hwy","identifier":"FAA-REC_FIXED_SITE_US:Green Valley RC Flyers - Old Nogales Hwy","lowerLimit":"GND","upperLimit":"1200 ft AGL","authority":"FAA (Recreational Flyer Fixed Sites)"}},
{"type":"Feature","geometry":{"type":"Polygon","coordinates":[[[-111.05426,31.9293],[-111.05718,31.92666],[-111.05426,31.92666],[-111.05426,31.9293]]]},"properties":{"type":"REC_FIXED_SITE_US","name":"Green Valley RC Flyers - Twin Buttes Rd","identifier":"FAA-REC_FIXED_SITE_US:Green Valley RC Flyers - Twin Buttes Rd","lowerLimit":"GND","upperLimit":"1200 ft AGL","authority":"FAA (Recreational Flyer Fixed Sites)"}},
{"type":"Feature","geometry":{"type":"Polygon","coordinates":[[[-110.20385,31.57029],[-110.20742,31.56897],[-110.20543,31.56716],[-110.20385,31.57029]]]},"properties":{"type":"REC_FIXED_SITE_US","name":"Mesquite Modelers RC Club - Bolin RC Airfield","identifier":"FAA-REC_FIXED_SITE_US:Mesquite Modelers RC Club - Bolin RC Airfield","lowerLimit":"GND","upperLimit":"700 ft AGL","authority":"FAA (Recreational Flyer Fixed Sites)"}},
{"type":"Feature","geometry":{"type":"Polygon","coordinates":[[[-110.98,32.41821],[-110.98165,32.41524],[-110.97786,32.4164],[-110.98,32.41821]]]},"properties":{"type":"REC_FIXED_SITE_US","name":"Sonoran Desert Flyers Inc - Naraja Dr","identifier":"FAA-REC_FIXED_SITE_US:Sonoran Desert Flyers Inc - Naraja Dr","lowerLimit":"GND","upperLimit":"700 ft AGL","authority":"FAA (Recreational Flyer Fixed Sites)"}},
{"type":"Feature","geometry":{"type":"Polygon","coordinates":[[[-111.06431,32.33027],[-111.06645,32.32846],[-111.06266,32.3273],[-111.06431,32.33027]]]},"properties":{"type":"REC_FIXED_SITE_US","name":"Catalina RC Modelers, Inc - CRCM Field","identifier":"FAA-REC_FIXED_SITE_US:Catalina RC Modelers, Inc - CRCM Field","lowerLimit":"GND","upperLimit":"700 ft AGL","authority":"FAA (Recreational Flyer Fixed Sites)"}},
{"type":"Feature","geometry":{"type":"Polygon","coordinates":[[[-111.0339,32.28691],[-111.03555,32.28394],[-111.03176,32.2851],[-111.0339,32.28691]]]},"properties":{"type":"REC_FIXED_SITE_US","name":"Cholla Choppers MAC - Christopher Columbus Park","identifier":"FAA-REC_FIXED_SITE_US:Cholla Choppers MAC - Christopher Columbus Park","lowerLimit":"GND","upperLimit":"700 ft AGL","authority":"FAA (Recreational Flyer Fixed Sites)"}},
{"type":"Feature","geometry":{"type":"Polygon","coordinates":[[[-110.05732,34.53719],[-110.06061,34.53479],[-110.05752,34.53455],[-110.05732,34.53719]]]},"properties":{"type":"REC_FIXED_SITE_US","name":"Silver Creek Aeromodelers - Mountain Highlands Blvd","identifier":"FAA-REC_FIXED_SITE_US:Silver Creek Aeromodelers - Mountain Highlands Blvd","lowerLimit":"GND","upperLimit":"700 ft AGL","authority":"FAA (Recreational Flyer Fixed Sites)"}},
{"type":"Feature","geometry":{"type":"Polygon","coordinates":[[[-111.39339,35.26374],[-111.3967,35.26134],[-111.39359,35.2611],[-111.39339,35.26374]]]},"properties":{"type":"REC_FIXED_SITE_US","name":"Flagstaff Flyers - Hebestreit  Field Coconino National Forest","identifier":"FAA-REC_FIXED_SITE_US:Flagstaff Flyers - Hebestreit  Field Coconino National Forest","lowerLimit":"GND","upperLimit":"1200 ft AGL","authority":"FAA (Recreational Flyer Fixed Sites)"}},
{"type":"Feature","geometry":{"type":"Polygon","coordinates":[[[-112.45505,34.50073],[-112.45874,34.49952],[-112.45505,34.49809],[-112.45505,34.50073]]]},"properties":{"type":"REC_FIXED_SITE_US","name":"Casa de Aero - Goldwater Lake City Park","identifier":"FAA-REC_FIXED_SITE_US:Casa de Aero - Goldwater Lake City Park","lowerLimit":"GND","upperLimit":"700 ft AGL","authority":"FAA (Recreational Flyer Fixed Sites)"}},
{"type":"Feature","geometry":{"type":"Polygon","coordinates":[[[-112.40057,34.78064],[-112.40277,34.77894],[-112.40057,34.77701],[-112.40057,34.78064]]]},"properties":{"type":"REC_FIXED_SITE_US","name":"Chino Valley Model Aviators - Sante Fe Trail","identifier":"FAA-REC_FIXED_SITE_US:Chino Valley Model Aviators - Sante Fe Trail","lowerLimit":"GND","upperLimit":"700 ft AGL","authority":"FAA (Recreational Flyer Fixed Sites)"}},
{"type":"Feature","geometry":{"type":"Polygon","coordinates":[[[-111.91398,34.82276],[-111.917,34.82276],[-111.91535,34.81963],[-111.91398,34.82276]]]},"properties":{"type":"REC_FIXED_SITE_US","name":"Central Arizona Modelers Inc - Forest Service Rd 761B","identifier":"FAA-REC_FIXED_SITE_US:Central Arizona Modelers Inc - Forest Service Rd 761B","lowerLimit":"GND","upperLimit":"700 ft AGL","authority":"FAA (Recreational Flyer Fixed Sites)"}},
{"type":"Feature","geometry":{"type":"Polygon","coordinates":[[[-113.9548,35.28641],[-113.9548,35.28278],[-113.95259,35.28448],[-113.9548,35.28641]]]},"properties":{"type":"REC_FIXED_SITE_US","name":"Golden Eagles RC Club - Hwy 66","identifier":"FAA-REC_FIXED_SITE_US:Golden Eagles RC Club - Hwy 66","lowerLimit":"GND","upperLimit":"700 ft AGL","authority":"FAA (Recreational Flyer Fixed Sites)"}},
{"type":"Feature","geometry":{"type":"Polygon","coordinates":[[[-114.33877,34.46287],[-114.34246,34.46166],[-114.33877,34.46023],[-114.33877,34.46287]]]},"properties":{"type":"REC_FIXED_SITE_US","name":"Havasu Sport Flyers Association - TJ Robert Flying Site","identifier":"FAA-REC_FIXED_SITE_US:Havasu Sport Flyers Association - TJ Robert Flying Site","lowerLimit":"GND","upperLimit":"1200 ft AGL","authority":"FAA (Recreational Flyer Fixed Sites)"}},
{"type":"Feature","geometry":{"type":"Polygon","coordinates":[[[-114.25718,34.44444],[-114.25878,34.44139],[-114.25499,34.44263],[-114.25718,34.44444]]]},"properties":{"type":"REC_FIXED_SITE_US","name":"Desert Hawks R.C. Club, Inc - Sara Park","identifier":"FAA-REC_FIXED_SITE_US:Desert Hawks R.C. Club, Inc - Sara Park","lowerLimit":"GND","upperLimit":"700 ft AGL","authority":"FAA (Recreational Flyer Fixed Sites)"}},
{"type":"Feature","geometry":{"type":"Polygon","coordinates":[[[-114.60345,34.98028],[-114.60345,34.97665],[-114.60125,34.97835],[-114.60345,34.98028]]]},"properties":{"type":"REC_FIXED_SITE_US","name":"Colorado River Aircraft Pilots Society - AR 95","identifier":"FAA-REC_FIXED_SITE_US:Colorado River Aircraft Pilots Society - AR 95","lowerLimit":"GND","upperLimit":"1200 ft AGL","authority":"FAA (Recreational Flyer Fixed Sites)"}},
{"type":"Feature","geometry":{"type":"Polygon","coordinates":[[[-114.01611,36.82153],[-114.01836,36.81984],[-114.01625,36.81791],[-114.01611,36.82153]]]},"properties":{"type":"REC_FIXED_SITE_US","name":"Desert Fox Flyers of Mesquite - Scenic Blvd","identifier":"FAA-REC_FIXED_SITE_US:Desert Fox Flyers of Mesquite - Scenic Blvd","lowerLimit":"GND","upperLimit":"700 ft AGL","authority":"FAA (Recreational Flyer Fixed Sites)"}},
{"type":"Feature","geometry":{"type":"Polygon","coordinates":[[[-111.48464,33.04578],[-111.4863,33.04281],[-111.48249,33.04385],[-111.48464,33.04578]]]},"properties":{"type":"REC_FIXED_SITE_US","name":"Sun Lakes Model Airplane Club - E Hunt Hwy","identifier":"FAA-REC_FIXED_SITE_US:Sun Lakes Model Airplane Club - E Hunt Hwy","lowerLimit":"GND","upperLimit":"700 ft AGL","authority":"FAA (Recreational Flyer Fixed Sites)"}},
{"type":"Feature","geometry":{"type":"Polygon","coordinates":[[[-111.5888,33.61147],[-111.59097,33.60965],[-111.58866,33.60784],[-111.5888,33.61147]]]},"properties":{"type":"REC_FIXED_SITE_US","name":"Arizona Model Aviators - Goldfield Rd","identifier":"FAA-REC_FIXED_SITE_US:Arizona Model Aviators - Goldfield Rd","lowerLimit":"GND","upperLimit":"1200 ft AGL","authority":"FAA (Recreational Flyer Fixed Sites)"}},
{"type":"Feature","geometry":{"type":"Polygon","coordinates":[[[-110.61683,32.60364],[-110.61848,32.60067],[-110.61546,32.60043],[-110.61683,32.60364]]]},"properties":{"type":"REC_FIXED_SITE_US","name":"Tri City Modelers -S Veterans Memorial Blvd","identifier":"FAA-REC_FIXED_SITE_US:Tri City Modelers -S Veterans Memorial Blvd","lowerLimit":"GND","upperLimit":"1200 ft AGL","authority":"FAA (Recreational Flyer Fixed Sites)"}},
{"type":"Feature","geometry":{"type":"Polygon","coordinates":[[[-111.27365,32.26694],[-111.2753,32.26397],[-111.27151,32.26513],[-111.27365,32.26694]]]},"properties":{"type":"REC_FIXED_SITE_US","name":"Tucson International Modelplex Park Assn - Reservation Rd","identifier":"FAA-REC_FIXED_SITE_US:Tucson International Modelplex Park Assn - Reservation Rd","lowerLimit":"GND","upperLimit":"1200 ft AGL","authority":"FAA (Recreational Flyer Fixed Sites)"}},
{"type":"Feature","geometry":{"type":"Polygon","coordinates":[[[-118.16725,34.06586],[-118.16739,34.06224],[-118.16507,34.06394],[-118.16725,34.06586]]]},"properties":{"type":"REC_FIXED_SITE_US","name":"Golden Eagles - Cal State University","identifier":"FAA-REC_FIXED_SITE_US:Golden Eagles - Cal State University","lowerLimit":"GND","upperLimit":"700 ft AGL","authority":"FAA (Recreational Flyer Fixed Sites)"}},
{"type":"Feature","geometry":{"type":"Polygon","coordinates":[[[-118.40227,33.74706],[-118.40593,33.74563],[-118.40362,33.74393],[-118.40227,33.74706]]]},"properties":{"type":"REC_FIXED_SITE_US","name":"Southern CA Org RC Helicopters - Rancho Palos Verdes City Hall","identifier":"FAA-REC_FIXED_SITE_US:Southern CA Org RC Helicopters - Rancho Palos Verdes City Hall","lowerLimit":"GND","upperLimit":"700 ft AGL","authority":"FAA (Recreational Flyer Fixed Sites)"}},
{"type":"Feature","geometry":{"type":"Polygon","coordinates":[[[-118.31548,33.71635],[-118.31846,33.71635],[-118.31711,33.71322],[-118.31548,33.71635]]]},"properties":{"type":"REC_FIXED_SITE_US","name":"Southern CA. Slope Racers - Paseo Del mar","identifier":"FAA-REC_FIXED_SITE_US:Southern CA. Slope Racers - Paseo Del mar","lowerLimit":"GND","upperLimit":"700 ft AGL","authority":"FAA (Recreational Flyer Fixed Sites)"}},
{"type":"Feature","geometry":{"type":"Polygon","coordinates":[[[-117.96368,34.13096],[-117.96695,34.12856],[-117.96388,34.12832],[-117.96368,34.13096]]]},"properties":{"type":"REC_FIXED_SITE_US","name":"Santa Fe Dam Radio Control Modelers - E Duarte Rd","identifier":"FAA-REC_FIXED_SITE_US:Santa Fe Dam Radio Control Modelers - E Duarte Rd","lowerLimit":"GND","upperLimit":"700 ft AGL","authority":"FAA (Recreational Flyer Fixed Sites)"}},
{"type":"Feature","geometry":{"type":"Polygon","coordinates":[[[-118.21571,34.19024],[-118.21898,34.18784],[-118.21591,34.1876],[-118.21571,34.19024]]]},"properties":{"type":"REC_FIXED_SITE_US","name":"San Fernando Valley RC - Glendale","identifier":"FAA-REC_FIXED_SITE_US:San Fernando Valley RC - Glendale","lowerLimit":"GND","upperLimit":"700 ft AGL","authority":"FAA (Recreational Flyer Fixed Sites)"}},
{"type":"Feature","geometry":{"type":"Polygon","coordinates":[[[-118.97008,34.17218],[-118.97335,34.16978],[-118.97028,34.16954],[-118.97008,34.17218]]]},"properties":{"type":"REC_FIXED_SITE_US","name":"Conejo Quiet Flyers - Del Prado Playgrounds","identifier":"FAA-REC_FIXED_SITE_US:Conejo Quiet Flyers - Del Prado Playgrounds","lowerLimit":"GND","upperLimit":"700 ft AGL","authority":"FAA (Recreational Flyer Fixed Sites)"}},
{"type":"Feature","geometry":{"type":"Polygon","coordinates":[[[-118.83436,34.20839],[-118.83604,34.20542],[-118.83218,34.20647],[-118.83436,34.20839]]]},"properties":{"type":"REC_FIXED_SITE_US","name":"Thousand Oaks Soaring Society T.O.S.S. - Sapwi Trails Community Park","identifier":"FAA-REC_FIXED_SITE_US:Thousand Oaks Soaring Society T.O.S.S. - Sapwi Trails Community Park","lowerLimit":"GND","upperLimit":"700 ft AGL","authority":"FAA (Recreational Flyer Fixed Sites)"}},
{"type":"Feature","geometry":{"type":"Polygon","coordinates":[[[-118.60499,34.4985],[-118.60819,34.49602],[-118.60519,34.49586],[-118.60499,34.4985]]]},"properties":{"type":"REC_FIXED_SITE_US","name":"Canyon Crosswinds - Lake Hughes Rd","identifier":"FAA-REC_FIXED_SITE_US:Canyon Crosswinds - Lake Hughes Rd","lowerLimit":"GND","upperLimit":"1200 ft AGL","authority":"FAA (Recreational Flyer Fixed Sites)"}},
{"type":"Feature","geometry":{"type":"Polygon","coordinates":[[[-118.41201,34.64242],[-118.41571,34.6411],[-118.41351,34.63928],[-118.41201,34.64242]]]},"properties":{"type":"REC_FIXED_SITE_US","name":"Southern CA. Slope Racers - Grass Fire Mountain Rd","identifier":"FAA-REC_FIXED_SITE_US:Southern CA. Slope Racers - Grass Fire Mountain Rd","lowerLimit":"GND","upperLimit":"1200 ft AGL","authority":"FAA (Recreational Flyer Fixed Sites)"}},
{"type":"Feature","geometry":{"type":"Polygon","coordinates":[[[-117.94941,34.11224],[-117.95268,34.10984],[-117.94961,34.1096],[-117.94941,34.11224]]]},"properties":{"type":"REC_FIXED_SITE_US","name":"Santa Fe Dam Radio Control Modelers - Arrow Hwy, Santa Fe Dam Reservoir","identifier":"FAA-REC_FIXED_SITE_US:Santa Fe Dam Radio Control Modelers - Arrow Hwy, Santa Fe Dam Reservoir","lowerLimit":"GND","upperLimit":"700 ft AGL","authority":"FAA (Recreational Flyer Fixed Sites)"}},
{"type":"Feature","geometry":{"type":"Polygon","coordinates":[[[-116.93368,32.61929],[-116.93583,32.61747],[-116.93221,32.61615],[-116.93368,32.61929]]]},"properties":{"type":"REC_FIXED_SITE_US","name":"Chula Vista Model & RC Club  - Wueste Rd","identifier":"FAA-REC_FIXED_SITE_US:Chula Vista Model & RC Club  - Wueste Rd","lowerLimit":"GND","upperLimit":"700 ft AGL","authority":"FAA (Recreational Flyer Fixed Sites)"}},
{"type":"Feature","geometry":{"type":"Polygon","coordinates":[[[-116.94613,32.73516],[-116.94907,32.73252],[-116.94613,32.73252],[-116.94613,32.73516]]]},"properties":{"type":"REC_FIXED_SITE_US","name":"Alpine Aerosquadron - Singer LN","identifier":"FAA-REC_FIXED_SITE_US:Alpine Aerosquadron - Singer LN","lowerLimit":"GND","upperLimit":"700 ft AGL","authority":"FAA (Recreational Flyer Fixed Sites)"}},
{"type":"Feature","geometry":{"type":"Polygon","coordinates":[[[-117.2488,33.04014],[-117.25046,33.03717],[-117.24743,33.03693],[-117.2488,33.04014]]]},"properties":{"type":"REC_FIXED_SITE_US","name":"Torrey Pines Gulls  - Encinitas","identifier":"FAA-REC_FIXED_SITE_US:Torrey Pines Gulls  - Encinitas","lowerLimit":"GND","upperLimit":"700 ft AGL","authority":"FAA (Recreational Flyer Fixed Sites)"}},
{"type":"Feature","geometry":{"type":"Polygon","coordinates":[[[-117.15573,33.34212],[-117.15789,33.34031],[-117.15425,33.33898],[-117.15573,33.34212]]]},"properties":{"type":"REC_FIXED_SITE_US","name":"Palomar RC Flyers - Johnson Field","identifier":"FAA-REC_FIXED_SITE_US:Palomar RC Flyers - Johnson Field","lowerLimit":"GND","upperLimit":"700 ft AGL","authority":"FAA (Recreational Flyer Fixed Sites)"}},
{"type":"Feature","geometry":{"type":"Polygon","coordinates":[[[-117.3263,33.20462],[-117.32926,33.20462],[-117.32792,33.20149],[-117.3263,33.20462]]]},"properties":{"type":"REC_FIXED_SITE_US","name":"Oceanside Flyers - Town Center Dr","identifier":"FAA-REC_FIXED_SITE_US:Oceanside Flyers - Town Center Dr","lowerLimit":"GND","upperLimit":"700 ft AGL","authority":"FAA (Recreational Flyer Fixed Sites)"}},
{"type":"Feature","geometry":{"type":"Polygon","coordinates":[[[-117.0113,33.00862],[-117.01267,33.00541],[-117.00964,33.00565],[-117.0113,33.00862]]]},"properties":{"type":"REC_FIXED_SITE_US","name":"Lake Poway Skimmers - Lake Poway","identifier":"FAA-REC_FIXED_SITE_US:Lake Poway Skimmers - Lake Poway","lowerLimit":"GND","upperLimit":"700 ft AGL","authority":"FAA (Recreational Flyer Fixed Sites)"}},
{"type":"Feature","geometry":{"type":"Polygon","coordinates":[[[-117.01305,32.95653],[-117.01442,32.95332],[-117.01139,32.95356],[-117.01305,32.95653]]]},"properties":{"type":"REC_FIXED_SITE_US","name":"Torrey Pines Gulls - Poway","identifier":"FAA-REC_FIXED_SITE_US:Torrey Pines Gulls - Poway","lowerLimit":"GND","upperLimit":"700 ft AGL","authority":"FAA (Recreational Flyer Fixed Sites)"}},
{"type":"Feature","geometry":{"type":"Polygon","coordinates":[[[-116.94352,33.26552],[-116.94648,33.26552],[-116.94514,33.26239],[-116.94352,33.26552]]]},"properties":{"type":"REC_FIXED_SITE_US","name":"North Calac Rd","identifier":"FAA-REC_FIXED_SITE_US:North Calac Rd","lowerLimit":"GND","upperLimit":"1200 ft AGL","authority":"FAA (Recreational Flyer Fixed Sites)"}},
{"type":"Feature","geometry":{"type":"Polygon","coordinates":[[[-117.24199,34.37942],[-117.24527,34.37702],[-117.24219,34.37678],[-117.24199,34.37942]]]},"properties":{"type":"REC_FIXED_SITE_US","name":"Victor Valley R/C Flyers - Victor Valley RC Park","identifier":"FAA-REC_FIXED_SITE_US:Victor Valley R/C Flyers - Victor Valley RC Park","lowerLimit":"GND","upperLimit":"1200 ft AGL","authority":"FAA (Recreational Flyer Fixed Sites)"}},
{"type":"Feature","geometry":{"type":"Polygon","coordinates":[[[-117.12091,34.10263],[-117.12468,34.1015],[-117.1225,34.09957],[-117.12091,34.10263]]]},"properties":{"type":"REC_FIXED_SITE_US","name":"Greenspot Flying Field - San Bernardino Valley Water Conservation","identifier":"FAA-REC_FIXED_SITE_US:Greenspot Flying Field - San Bernardino Valley Water Conservation","lowerLimit":"GND","upperLimit":"700 ft AGL","authority":"FAA (Recreational Flyer Fixed Sites)"}},
{"type":"Feature","geometry":{"type":"Polygon","coordinates":[[[-116.879,34.91625],[-116.8807,34.91328],[-116.8776,34.91304],[-116.879,34.91625]]]},"properties":{"type":"REC_FIXED_SITE_US","name":"Barstow Buzzards - Calico Dry Lake","identifier":"FAA-REC_FIXED_SITE_US:Barstow Buzzards - Calico Dry Lake","lowerLimit":"GND","upperLimit":"700 ft AGL","authority":"FAA (Recreational Flyer Fixed Sites)"}},
{"type":"Feature","geometry":{"type":"Polygon","coordinates":[[[-117.04179,33.70411],[-117.04476,33.70427],[-117.04199,33.70147],[-117.04179,33.70411]]]},"properties":{"type":"REC_FIXED_SITE_US","name":"Hemet Model Masters - Simpson Field","identifier":"FAA-REC_FIXED_SITE_US:Hemet Model Masters - Simpson Field","lowerLimit":"GND","upperLimit":"700 ft AGL","authority":"FAA (Recreational Flyer Fixed Sites)"}},
{"type":"Feature","geometry":{"type":"Polygon","coordinates":[[[-117.03285,33.71406],[-117.03443,33.71101],[-117.03068,33.71213],[-117.03285,33.71406]]]},"properties":{"type":"REC_FIXED_SITE_US","name":"Hemet Model Masters - Joyful Farms","identifier":"FAA-REC_FIXED_SITE_US:Hemet Model Masters - Joyful Farms","lowerLimit":"GND","upperLimit":"700 ft AGL","authority":"FAA (Recreational Flyer Fixed Sites)"}},
{"type":"Feature","geometry":{"type":"Polygon","coordinates":[[[-116.98128,33.70132],[-116.98426,33.70132],[-116.98291,33.69819],[-116.98128,33.70132]]]},"properties":{"type":"REC_FIXED_SITE_US","name":"Diamond Valley Flyers - S Palm Ave","identifier":"FAA-REC_FIXED_SITE_US:Diamond Valley Flyers - S Palm Ave","lowerLimit":"GND","upperLimit":"700 ft AGL","authority":"FAA (Recreational Flyer Fixed Sites)"}},
{"type":"Feature","geometry":{"type":"Polygon","coordinates":[[[-117.12139,33.84626],[-117.12288,33.84312],[-117.11921,33.84444],[-117.12139,33.84626]]]},"properties":{"type":"REC_FIXED_SITE_US","name":"Hemet Model Masters - Lakeview (Davis) Field","identifier":"FAA-REC_FIXED_SITE_US:Hemet Model Masters - Lakeview (Davis) Field","lowerLimit":"GND","upperLimit":"700 ft AGL","authority":"FAA (Recreational Flyer Fixed Sites)"}},
{"type":"Feature","geometry":{"type":"Polygon","coordinates":[[[-117.14689,33.72142],[-117.14848,33.71836],[-117.14531,33.71836],[-117.14689,33.72142]]]},"properties":{"type":"REC_FIXED_SITE_US","name":"Menifee Valley Flyers - Heritage Lake Dr","identifier":"FAA-REC_FIXED_SITE_US:Menifee Valley Flyers - Heritage Lake Dr","lowerLimit":"GND","upperLimit":"700 ft AGL","authority":"FAA (Recreational Flyer Fixed Sites)"}},
{"type":"Feature","geometry":{"type":"Polygon","coordinates":[[[-117.15451,33.71122],[-117.15817,33.70979],[-117.15586,33.70809],[-117.15451,33.71122]]]},"properties":{"type":"REC_FIXED_SITE_US","name":"Menifee Valley Flyers - Menifee Rd","identifier":"FAA-REC_FIXED_SITE_US:Menifee Valley Flyers - Menifee Rd","lowerLimit":"GND","upperLimit":"700 ft AGL","authority":"FAA (Recreational Flyer Fixed Sites)"}},
{"type":"Feature","geometry":{"type":"Polygon","coordinates":[[[-117.01043,33.50788],[-117.0121,33.50491],[-117.00905,33.50467],[-117.01043,33.50788]]]},"properties":{"type":"REC_FIXED_SITE_US","name":"Temecula Valley Flyers - Hall Field","identifier":"FAA-REC_FIXED_SITE_US:Temecula Valley Flyers - Hall Field","lowerLimit":"GND","upperLimit":"1200 ft AGL","authority":"FAA (Recreational Flyer Fixed Sites)"}},
{"type":"Feature","geometry":{"type":"Polygon","coordinates":[[[-117.08776,33.70353],[-117.09142,33.7021],[-117.08911,33.7004],[-117.08776,33.70353]]]},"properties":{"type":"REC_FIXED_SITE_US","name":"Valley Wide RC Electric Club - Haddock St","identifier":"FAA-REC_FIXED_SITE_US:Valley Wide RC Electric Club - Haddock St","lowerLimit":"GND","upperLimit":"700 ft AGL","authority":"FAA (Recreational Flyer Fixed Sites)"}},
{"type":"Feature","geometry":{"type":"Polygon","coordinates":[[[-117.69374,33.77331],[-117.69672,33.77331],[-117.69537,33.77018],[-117.69374,33.77331]]]},"properties":{"type":"REC_FIXED_SITE_US","name":"Bob Swenson Memorial Field","identifier":"FAA-REC_FIXED_SITE_US:Bob Swenson Memorial Field","lowerLimit":"GND","upperLimit":"700 ft AGL","authority":"FAA (Recreational Flyer Fixed Sites)"}},
{"type":"Feature","geometry":{"type":"Polygon","coordinates":[[[-117.567,33.66931],[-117.56867,33.66634],[-117.56483,33.6675],[-117.567,33.66931]]]},"properties":{"type":"REC_FIXED_SITE_US","name":"Trabuco Flyers - Trabuco Creek Rd 1","identifier":"FAA-REC_FIXED_SITE_US:Trabuco Flyers - Trabuco Creek Rd 1","lowerLimit":"GND","upperLimit":"700 ft AGL","authority":"FAA (Recreational Flyer Fixed Sites)"}},
{"type":"Feature","geometry":{"type":"Polygon","coordinates":[[[-117.64991,33.60273],[-117.65357,33.6014],[-117.65126,33.59959],[-117.64991,33.60273]]]},"properties":{"type":"REC_FIXED_SITE_US","name":"Orange Coast RC Club - Norman P Murray Community Center","identifier":"FAA-REC_FIXED_SITE_US:Orange Coast RC Club - Norman P Murray Community Center","lowerLimit":"GND","upperLimit":"700 ft AGL","authority":"FAA (Recreational Flyer Fixed Sites)"}},
{"type":"Feature","geometry":{"type":"Polygon","coordinates":[[[-119.357,34.41125],[-119.3586,34.4082],[-119.3555,34.40812],[-119.357,34.41125]]]},"properties":{"type":"REC_FIXED_SITE_US","name":"Ventura County Comets RC - Lake Casitas Recreation Area","identifier":"FAA-REC_FIXED_SITE_US:Ventura County Comets RC - Lake Casitas Recreation Area","lowerLimit":"GND","upperLimit":"1200 ft AGL","authority":"FAA (Recreational Flyer Fixed Sites)"}},
{"type":"Feature","geometry":{"type":"Polygon","coordinates":[[[-119.30169,34.40388],[-119.30527,34.40237],[-119.30295,34.40067],[-119.30169,34.40388]]]},"properties":{"type":"REC_FIXED_SITE_US","name":"Ventura County Comets RC- Oakview Community Center","identifier":"FAA-REC_FIXED_SITE_US:Ventura County Comets RC- Oakview Community Center","lowerLimit":"GND","upperLimit":"1200 ft AGL","authority":"FAA (Recreational Flyer Fixed Sites)"}},
{"type":"Feature","geometry":null,"properties":{"type":"REC_FIXED_SITE_US","name":"Camarillo Flying Circus - E Vineyard Ave","identifier":"FAA-REC_FIXED_SITE_US:Camarillo Flying Circus - E Vineyard Ave","lowerLimit":"GND","upperLimit":"700 ft AGL","authority":"FAA (Recreational Flyer Fixed Sites)"}},
{"type":"Feature","geometry":{"type":"Polygon","coordinates":[[[-118.82163,34.29126],[-118.82531,34.28983],[-118.82299,34.28813],[-118.82163,34.29126]]]},"properties":{"type":"REC_FIXED_SITE_US","name":"Simi Valley Flyers - Oak County Park","identifier":"FAA-REC_FIXED_SITE_US:Simi Valley Flyers - Oak County Park","lowerLimit":"GND","upperLimit":"700 ft AGL","authority":"FAA (Recreational Flyer Fixed Sites)"}},
{"type":"Feature","geometry":{"type":"Polygon","coordinates":[[[-119.73742,34.40817],[-119.73961,34.40636],[-119.73602,34.40496],[-119.73742,34.40817]]]},"properties":{"type":"REC_FIXED_SITE_US","name":"Santa Barbara RC Modelers - Elings Park","identifier":"FAA-REC_FIXED_SITE_US:Santa Barbara RC Modelers - Elings Park","lowerLimit":"GND","upperLimit":"700 ft AGL","authority":"FAA (Recreational Flyer Fixed Sites)"}},
{"type":"Feature","geometry":{"type":"Polygon","coordinates":[[[-119.94783,34.57675],[-119.95003,34.57493],[-119.94633,34.57361],[-119.94783,34.57675]]]},"properties":{"type":"REC_FIXED_SITE_US","name":"Santa Barbara RC Modelers - Cachuma Lake Mohawk Shore","identifier":"FAA-REC_FIXED_SITE_US:Santa Barbara RC Modelers - Cachuma Lake Mohawk Shore","lowerLimit":"GND","upperLimit":"700 ft AGL","authority":"FAA (Recreational Flyer Fixed Sites)"}},
{"type":"Feature","geometry":{"type":"Polygon","coordinates":[[[-118.90993,35.19699],[-118.91213,35.19507],[-118.90822,35.19402],[-118.90993,35.19699]]]},"properties":{"type":"REC_FIXED_SITE_US","name":"Bear Mountain Flyers Inc - Leon Robinson Field at Arvin Landfill","identifier":"FAA-REC_FIXED_SITE_US:Bear Mountain Flyers Inc - Leon Robinson Field at Arvin Landfill","lowerLimit":"GND","upperLimit":"1200 ft AGL","authority":"FAA (Recreational Flyer Fixed Sites)"}},
{"type":"Feature","geometry":{"type":"Polygon","coordinates":[[[-119.479,35.35514],[-119.48071,35.35217],[-119.47759,35.35193],[-119.479,35.35514]]]},"properties":{"type":"REC_FIXED_SITE_US","name":"Elk Hills-Buttonwillow Airport","identifier":"FAA-REC_FIXED_SITE_US:Elk Hills-Buttonwillow Airport","lowerLimit":"GND","upperLimit":"1200 ft AGL","authority":"FAA (Recreational Flyer Fixed Sites)"}},
{"type":"Feature","geometry":{"type":"Polygon","coordinates":[[[-118.36886,35.68237],[-118.37191,35.67973],[-118.36867,35.67989],[-118.36886,35.68237]]]},"properties":{"type":"REC_FIXED_SITE_US","name":"Kern Model Aircraft Kontroller - Hanning Flat","identifier":"FAA-REC_FIXED_SITE_US:Kern Model Aircraft Kontroller - Hanning Flat","lowerLimit":"GND","upperLimit":"1200 ft AGL","authority":"FAA (Recreational Flyer Fixed Sites)"}},
{"type":"Feature","geometry":{"type":"Polygon","coordinates":[[[-118.41023,35.65034],[-118.41356,35.64794],[-118.41043,35.6477],[-118.41023,35.65034]]]},"properties":{"type":"REC_FIXED_SITE_US","name":"Kern Model Aircraft Kontrollers - Hwy 178","identifier":"FAA-REC_FIXED_SITE_US:Kern Model Aircraft Kontrollers - Hwy 178","lowerLimit":"GND","upperLimit":"1200 ft AGL","authority":"FAA (Recreational Flyer Fixed Sites)"}},
{"type":"Feature","geometry":{"type":"Polygon","coordinates":[[[-119.11502,36.249],[-119.11516,36.24538],[-119.11278,36.24719],[-119.11502,36.249]]]},"properties":{"type":"REC_FIXED_SITE_US","name":"Thunderhawk RC - Ave 252","identifier":"FAA-REC_FIXED_SITE_US:Thunderhawk RC - Ave 252","lowerLimit":"GND","upperLimit":"1200 ft AGL","authority":"FAA (Recreational Flyer Fixed Sites)"}},
{"type":"Feature","geometry":{"type":"Polygon","coordinates":[[[-119.79648,35.66604],[-119.79981,35.66364],[-119.79668,35.6634],[-119.79648,35.66604]]]},"properties":{"type":"REC_FIXED_SITE_US","name":"Lost Hills Free Flight Model Airfield Association - Airfield","identifier":"FAA-REC_FIXED_SITE_US:Lost Hills Free Flight Model Airfield Association - Airfield","lowerLimit":"GND","upperLimit":"1200 ft AGL","authority":"FAA (Recreational Flyer Fixed Sites)"}},
{"type":"Feature","geometry":{"type":"Polygon","coordinates":[[[-119.31758,36.167],[-119.31921,36.16394],[-119.31535,36.16507],[-119.31758,36.167]]]},"properties":{"type":"REC_FIXED_SITE_US","name":"Condors RC Club - Laspina St","identifier":"FAA-REC_FIXED_SITE_US:Condors RC Club - Laspina St","lowerLimit":"GND","upperLimit":"700 ft AGL","authority":"FAA (Recreational Flyer Fixed Sites)"}},
{"type":"Feature","geometry":{"type":"Polygon","coordinates":[[[-118.96879,35.26401],[-118.9705,35.26104],[-118.96738,35.26079],[-118.96879,35.26401]]]},"properties":{"type":"REC_FIXED_SITE_US","name":"Greenfield Flyers - Wekerle Field","identifier":"FAA-REC_FIXED_SITE_US:Greenfield Flyers - Wekerle Field","lowerLimit":"GND","upperLimit":"700 ft AGL","authority":"FAA (Recreational Flyer Fixed Sites)"}},
{"type":"Feature","geometry":{"type":"Polygon","coordinates":[[[-119.02311,35.22374],[-119.02642,35.22134],[-119.02331,35.2211],[-119.02311,35.22374]]]},"properties":{"type":"REC_FIXED_SITE_US","name":"Southern San Joaquin Soaring Society - General Shafter School","identifier":"FAA-REC_FIXED_SITE_US:Southern San Joaquin Soaring Society - General Shafter School","lowerLimit":"GND","upperLimit":"700 ft AGL","authority":"FAA (Recreational Flyer Fixed Sites)"}},
{"type":"Feature","geometry":{"type":"Polygon","coordinates":[[[-119.24484,35.39568],[-119.24646,35.39263],[-119.24263,35.39375],[-119.24484,35.39568]]]},"properties":{"type":"REC_FIXED_SITE_US","name":"Southern San Joaquin Soaring Society - Rosedale Mennonite Bretheren Church","identifier":"FAA-REC_FIXED_SITE_US:Southern San Joaquin Soaring Society - Rosedale Mennonite Bretheren Church","lowerLimit":"GND","upperLimit":"1200 ft AGL","authority":"FAA (Recreational Flyer Fixed Sites)"}},
{"type":"Feature","geometry":{"type":"Polygon","coordinates":[[[-119.23993,35.37093],[-119.24214,35.36912],[-119.23831,35.36788],[-119.23993,35.37093]]]},"properties":{"type":"REC_FIXED_SITE_US","name":"Rio Bravo Sport Flyers - Brimhall Rd","identifier":"FAA-REC_FIXED_SITE_US:Rio Bravo Sport Flyers - Brimhall Rd","lowerLimit":"GND","upperLimit":"1200 ft AGL","authority":"FAA (Recreational Flyer Fixed Sites)"}},
{"type":"Feature","geometry":{"type":"Polygon","coordinates":[[[-120.75091,35.32982],[-120.75422,35.32742],[-120.75111,35.32718],[-120.75091,35.32982]]]},"properties":{"type":"REC_FIXED_SITE_US","name":"Slo Flyers Inc - Questa College","identifier":"FAA-REC_FIXED_SITE_US:Slo Flyers Inc - Questa College","lowerLimit":"GND","upperLimit":"700 ft AGL","authority":"FAA (Recreational Flyer Fixed Sites)"}},
{"type":"Feature","geometry":{"type":"Polygon","coordinates":[[[-120.5219,35.06024],[-120.52204,35.05662],[-120.51969,35.05843],[-120.5219,35.06024]]]},"properties":{"type":"REC_FIXED_SITE_US","name":"Tri-Valley R/C Modelers - Aero  Camino Rancho","identifier":"FAA-REC_FIXED_SITE_US:Tri-Valley R/C Modelers - Aero  Camino Rancho","lowerLimit":"GND","upperLimit":"700 ft AGL","authority":"FAA (Recreational Flyer Fixed Sites)"}},
{"type":"Feature","geometry":{"type":"Polygon","coordinates":[[[-120.98129,35.86894],[-120.98301,35.86597],[-120.97987,35.86573],[-120.98129,35.86894]]]},"properties":{"type":"REC_FIXED_SITE_US","name":"North County Cloud Clippers - San Antonio Lake","identifier":"FAA-REC_FIXED_SITE_US:North County Cloud Clippers - San Antonio Lake","lowerLimit":"GND","upperLimit":"1200 ft AGL","authority":"FAA (Recreational Flyer Fixed Sites)"}},
{"type":"Feature","geometry":{"type":"Polygon","coordinates":[[[-120.9751,35.83649],[-120.97682,35.83352],[-120.97368,35.83328],[-120.9751,35.83649]]]},"properties":{"type":"REC_FIXED_SITE_US","name":"Tri Valley RC Modelers - San Antonio Rd.","identifier":"FAA-REC_FIXED_SITE_US:Tri Valley RC Modelers - San Antonio Rd.","lowerLimit":"GND","upperLimit":"1200 ft AGL","authority":"FAA (Recreational Flyer Fixed Sites)"}},
{"type":"Feature","geometry":{"type":"Polygon","coordinates":[[[-117.00704,34.01514],[-117.00863,34.01208],[-117.00486,34.01321],[-117.00704,34.01514]]]},"properties":{"type":"REC_FIXED_SITE_US","name":"Yucaipa Hiking & Soaring Club - Diamond Point","identifier":"FAA-REC_FIXED_SITE_US:Yucaipa Hiking & Soaring Club - Diamond Point","lowerLimit":"GND","upperLimit":"1200 ft AGL","authority":"FAA (Recreational Flyer Fixed Sites)"}},
{"type":"Feature","geometry":{"type":"Polygon","coordinates":[[[-118.47734,37.37264],[-118.48075,37.37024],[-118.47755,37.37],[-118.47734,37.37264]]]},"properties":{"type":"REC_FIXED_SITE_US","name":"Eastern Sierra Flyers - Ed Powers Rd","identifier":"FAA-REC_FIXED_SITE_US:Eastern Sierra Flyers - Ed Powers Rd","lowerLimit":"GND","upperLimit":"700 ft AGL","authority":"FAA (Recreational Flyer Fixed Sites)"}},
{"type":"Feature","geometry":{"type":"Polygon","coordinates":[[[-118.1089,34.74751],[-118.1111,34.7457],[-118.10876,34.74389],[-118.1089,34.74751]]]},"properties":{"type":"REC_FIXED_SITE_US","name":"Antelope Valley Tailwinds - Challenger Way","identifier":"FAA-REC_FIXED_SITE_US:Antelope Valley Tailwinds - Challenger Way","lowerLimit":"GND","upperLimit":"700 ft AGL","authority":"FAA (Recreational Flyer Fixed Sites)"}},
{"type":"Feature","geometry":{"type":"Polygon","coordinates":[[[-117.9564,34.46514],[-117.95969,34.46274],[-117.9566,34.4625],[-117.9564,34.46514]]]},"properties":{"type":"REC_FIXED_SITE_US","name":"Foothill Aero Modelers - Garren Field","identifier":"FAA-REC_FIXED_SITE_US:Foothill Aero Modelers - Garren Field","lowerLimit":"GND","upperLimit":"1200 ft AGL","authority":"FAA (Recreational Flyer Fixed Sites)"}},
{"type":"Feature","geometry":{"type":"Polygon","coordinates":[[[-118.0777,34.87069],[-118.0794,34.86772],[-118.0763,34.86748],[-118.0777,34.87069]]]},"properties":{"type":"REC_FIXED_SITE_US","name":"Rosamond Blvd","identifier":"FAA-REC_FIXED_SITE_US:Rosamond Blvd","lowerLimit":"GND","upperLimit":"700 ft AGL","authority":"FAA (Recreational Flyer Fixed Sites)"}},
{"type":"Feature","geometry":{"type":"Polygon","coordinates":[[[-117.33,35.80904],[-117.33014,35.80541],[-117.32777,35.80722],[-117.33,35.80904]]]},"properties":{"type":"REC_FIXED_SITE_US","name":"Desert Valley Vultures - Trona Airport","identifier":"FAA-REC_FIXED_SITE_US:Desert Valley Vultures - Trona Airport","lowerLimit":"GND","upperLimit":"1200 ft AGL","authority":"FAA (Recreational Flyer Fixed Sites)"}},
{"type":"Feature","geometry":{"type":"Polygon","coordinates":[[[-119.60675,36.86105],[-119.60849,36.85808],[-119.60531,36.85784],[-119.60675,36.86105]]]},"properties":{"type":"REC_FIXED_SITE_US","name":"Clovis RC Heli Club - E Nees Ave.","identifier":"FAA-REC_FIXED_SITE_US:Clovis RC Heli Club - E Nees Ave.","lowerLimit":"GND","upperLimit":"1200 ft AGL","authority":"FAA (Recreational Flyer Fixed Sites)"}},
{"type":"Feature","geometry":{"type":"Polygon","coordinates":[[[-119.59348,36.91938],[-119.59513,36.91633],[-119.59194,36.91625],[-119.59348,36.91938]]]},"properties":{"type":"REC_FIXED_SITE_US","name":"Clovis Area Modelers - Fancher Creek Reservoir","identifier":"FAA-REC_FIXED_SITE_US:Clovis Area Modelers - Fancher Creek Reservoir","lowerLimit":"GND","upperLimit":"1200 ft AGL","authority":"FAA (Recreational Flyer Fixed Sites)"}},
{"type":"Feature","geometry":{"type":"Polygon","coordinates":[[[-120.67838,36.89909],[-120.68003,36.89604],[-120.67612,36.89728],[-120.67838,36.89909]]]},"properties":{"type":"REC_FIXED_SITE_US","name":"RC Squadron - Eagle Field","identifier":"FAA-REC_FIXED_SITE_US:RC Squadron - Eagle Field","lowerLimit":"GND","upperLimit":"1200 ft AGL","authority":"FAA (Recreational Flyer Fixed Sites)"}},
{"type":"Feature","geometry":{"type":"Polygon","coordinates":[[[-119.69758,36.99736],[-119.69984,36.99566],[-119.69584,36.99439],[-119.69758,36.99736]]]},"properties":{"type":"REC_FIXED_SITE_US","name":"Clovis Area Modelers - Millerton Lake","identifier":"FAA-REC_FIXED_SITE_US:Clovis Area Modelers - Millerton Lake","lowerLimit":"GND","upperLimit":"1200 ft AGL","authority":"FAA (Recreational Flyer Fixed Sites)"}},
{"type":"Feature","geometry":{"type":"Polygon","coordinates":[[[-120.92448,36.98348],[-120.92828,36.98227],[-120.92617,36.98034],[-120.92448,36.98348]]]},"properties":{"type":"REC_FIXED_SITE_US","name":"South Bay Soaring Society - Los Banos Rec Area  1","identifier":"FAA-REC_FIXED_SITE_US:South Bay Soaring Society - Los Banos Rec Area  1","lowerLimit":"GND","upperLimit":"1200 ft AGL","authority":"FAA (Recreational Flyer Fixed Sites)"}},
{"type":"Feature","geometry":{"type":"Polygon","coordinates":[[[-119.8505,36.93011],[-119.85215,36.92706],[-119.84895,36.92698],[-119.8505,36.93011]]]},"properties":{"type":"REC_FIXED_SITE_US","name":"Central California Radio Control, Inc. - Ave 12","identifier":"FAA-REC_FIXED_SITE_US:Central California Radio Control, Inc. - Ave 12","lowerLimit":"GND","upperLimit":"1200 ft AGL","authority":"FAA (Recreational Flyer Fixed Sites)"}},
{"type":"Feature","geometry":{"type":"Polygon","coordinates":[[[-119.40488,36.71103],[-119.40653,36.70798],[-119.40324,36.70798],[-119.40488,36.71103]]]},"properties":{"type":"REC_FIXED_SITE_US","name":"Clovis Area Modelers - PEG Field","identifier":"FAA-REC_FIXED_SITE_US:Clovis Area Modelers - PEG Field","lowerLimit":"GND","upperLimit":"1200 ft AGL","authority":"FAA (Recreational Flyer Fixed Sites)"}},
{"type":"Feature","geometry":{"type":"Polygon","coordinates":[[[-122.423,37.41651],[-122.42475,37.41354],[-122.42073,37.41459],[-122.423,37.41651]]]},"properties":{"type":"REC_FIXED_SITE_US","name":"Peninsula Channel Commanders - Richardson Field","identifier":"FAA-REC_FIXED_SITE_US:Peninsula Channel Commanders - Richardson Field","lowerLimit":"GND","upperLimit":"700 ft AGL","authority":"FAA (Recreational Flyer Fixed Sites)"}},
{"type":"Feature","geometry":{"type":"Polygon","coordinates":[[[-122.37003,37.829],[-122.37316,37.82635],[-122.37003,37.82635],[-122.37003,37.829]]]},"properties":{"type":"REC_FIXED_SITE_US","name":"SF Drone School - GAA Fields","identifier":"FAA-REC_FIXED_SITE_US:SF Drone School - GAA Fields","lowerLimit":"GND","upperLimit":"700 ft AGL","authority":"FAA (Recreational Flyer Fixed Sites)"}},
{"type":"Feature","geometry":{"type":"Polygon","coordinates":[[[-121.6185,37.93661],[-121.62164,37.93661],[-121.62021,37.93348],[-121.6185,37.93661]]]},"properties":{"type":"REC_FIXED_SITE_US","name":"Brentwood & Oakley Flying Club - Old River Elementary School","identifier":"FAA-REC_FIXED_SITE_US:Brentwood & Oakley Flying Club - Old River Elementary School","lowerLimit":"GND","upperLimit":"1200 ft AGL","authority":"FAA (Recreational Flyer Fixed Sites)"}},
{"type":"Feature","geometry":{"type":"Polygon","coordinates":[[[-122.12587,38.15672],[-122.12974,38.1554],[-122.1273,38.15359],[-122.12587,38.15672]]]},"properties":{"type":"REC_FIXED_SITE_US","name":"Norcal Slope Soarers - King Ranch Lopes Rd","identifier":"FAA-REC_FIXED_SITE_US:Norcal Slope Soarers - King Ranch Lopes Rd","lowerLimit":"GND","upperLimit":"700 ft AGL","authority":"FAA (Recreational Flyer Fixed Sites)"}},
{"type":"Feature","geometry":{"type":"Polygon","coordinates":[[[-121.89732,37.50437],[-121.90116,37.50305],[-121.89874,37.50124],[-121.89732,37.50437]]]},"properties":{"type":"REC_FIXED_SITE_US","name":"South Bay Soaring Society - Mission Peak","identifier":"FAA-REC_FIXED_SITE_US:South Bay Soaring Society - Mission Peak","lowerLimit":"GND","upperLimit":"700 ft AGL","authority":"FAA (Recreational Flyer Fixed Sites)"}},
{"type":"Feature","geometry":{"type":"Polygon","coordinates":[[[-121.70402,37.72494],[-121.70578,37.72197],[-121.70256,37.72173],[-121.70402,37.72494]]]},"properties":{"type":"REC_FIXED_SITE_US","name":"East Bay Radio Controllers - Laughlin Rd","identifier":"FAA-REC_FIXED_SITE_US:East Bay Radio Controllers - Laughlin Rd","lowerLimit":"GND","upperLimit":"700 ft AGL","authority":"FAA (Recreational Flyer Fixed Sites)"}},
{"type":"Feature","geometry":{"type":"Polygon","coordinates":[[[-122.06872,37.54521],[-122.07256,37.54389],[-122.07042,37.54208],[-122.06872,37.54521]]]},"properties":{"type":"REC_FIXED_SITE_US","name":"F3B Soaring Association - Paseo Padre Pkwy","identifier":"FAA-REC_FIXED_SITE_US:F3B Soaring Association - Paseo Padre Pkwy","lowerLimit":"GND","upperLimit":"700 ft AGL","authority":"FAA (Recreational Flyer Fixed Sites)"}},
{"type":"Feature","geometry":{"type":"Polygon","coordinates":[[[-121.92354,38.00244],[-121.92511,37.9993],[-121.92197,37.9993],[-121.92354,38.00244]]]},"properties":{"type":"REC_FIXED_SITE_US","name":"Thomas C. Allen Memorial Airfield","identifier":"FAA-REC_FIXED_SITE_US:Thomas C. Allen Memorial Airfield","lowerLimit":"GND","upperLimit":"700 ft AGL","authority":"FAA (Recreational Flyer Fixed Sites)"}},
{"type":"Feature","geometry":{"type":"Polygon","coordinates":[[[-122.08857,37.58831],[-122.0923,37.5868],[-122.08988,37.5851],[-122.08857,37.58831]]]},"properties":{"type":"REC_FIXED_SITE_US","name":"Southern Alameda County Radio Controllers - Lou Haynie Memorial Flying Field","identifier":"FAA-REC_FIXED_SITE_US:Southern Alameda County Radio Controllers - Lou Haynie Memorial Flying Field","lowerLimit":"GND","upperLimit":"700 ft AGL","authority":"FAA (Recreational Flyer Fixed Sites)"}},
{"type":"Feature","geometry":{"type":"Polygon","coordinates":[[[-122.6879,38.28017],[-122.68958,38.27712],[-122.68622,38.27712],[-122.6879,38.28017]]]},"properties":{"type":"REC_FIXED_SITE_US","name":"Liberty Flyers - Stoney Point Rd","identifier":"FAA-REC_FIXED_SITE_US:Liberty Flyers - Stoney Point Rd","lowerLimit":"GND","upperLimit":"700 ft AGL","authority":"FAA (Recreational Flyer Fixed Sites)"}},
{"type":"Feature","geometry":{"type":"Polygon","coordinates":[[[-122.51225,38.15632],[-122.51371,38.15311],[-122.50995,38.15451],[-122.51225,38.15632]]]},"properties":{"type":"REC_FIXED_SITE_US","name":"SAM 27 - Twin House Ranch Rd","identifier":"FAA-REC_FIXED_SITE_US:SAM 27 - Twin House Ranch Rd","lowerLimit":"GND","upperLimit":"700 ft AGL","authority":"FAA (Recreational Flyer Fixed Sites)"}},
{"type":"Feature","geometry":{"type":"Polygon","coordinates":[[[-122.0845,37.33341],[-122.08595,37.3302],[-122.08275,37.33044],[-122.0845,37.33341]]]},"properties":{"type":"REC_FIXED_SITE_US","name":"Bayside RC Club Inc -  Rancho San Antonio Park","identifier":"FAA-REC_FIXED_SITE_US:Bayside RC Club Inc -  Rancho San Antonio Park","lowerLimit":"GND","upperLimit":"700 ft AGL","authority":"FAA (Recreational Flyer Fixed Sites)"}},
{"type":"Feature","geometry":{"type":"Polygon","coordinates":[[[-121.43277,36.85098],[-121.43431,36.84784],[-121.43051,36.84917],[-121.43277,36.85098]]]},"properties":{"type":"REC_FIXED_SITE_US","name":"South Bay Soaring Society - Brigantino Park","identifier":"FAA-REC_FIXED_SITE_US:South Bay Soaring Society - Brigantino Park","lowerLimit":"GND","upperLimit":"700 ft AGL","authority":"FAA (Recreational Flyer Fixed Sites)"}},
{"type":"Feature","geometry":{"type":"Polygon","coordinates":[[[-121.44611,36.9257],[-121.44776,36.92265],[-121.44385,36.92389],[-121.44611,36.9257]]]},"properties":{"type":"REC_FIXED_SITE_US","name":"San Jose WaveMasters RC Club Field","identifier":"FAA-REC_FIXED_SITE_US:San Jose WaveMasters RC Club Field","lowerLimit":"GND","upperLimit":"700 ft AGL","authority":"FAA (Recreational Flyer Fixed Sites)"}},
{"type":"Feature","geometry":{"type":"Polygon","coordinates":[[[-121.68167,37.17487],[-121.68332,37.17181],[-121.68001,37.17181],[-121.68167,37.17487]]]},"properties":{"type":"REC_FIXED_SITE_US","name":"Santa Clara County Model Aircraft, Monterey Rd.","identifier":"FAA-REC_FIXED_SITE_US:Santa Clara County Model Aircraft, Monterey Rd.","lowerLimit":"GND","upperLimit":"700 ft AGL","authority":"FAA (Recreational Flyer Fixed Sites)"}},
{"type":"Feature","geometry":{"type":"Polygon","coordinates":[[[-121.79594,36.87858],[-121.79819,36.87666],[-121.7942,36.87561],[-121.79594,36.87858]]]},"properties":{"type":"REC_FIXED_SITE_US","name":"RC Bees of Santa Cruz County - McGowan Rd.","identifier":"FAA-REC_FIXED_SITE_US:RC Bees of Santa Cruz County - McGowan Rd.","lowerLimit":"GND","upperLimit":"700 ft AGL","authority":"FAA (Recreational Flyer Fixed Sites)"}},
{"type":"Feature","geometry":{"type":"Polygon","coordinates":[[[-121.81306,37.20436],[-121.81688,37.20304],[-121.81475,37.20123],[-121.81306,37.20436]]]},"properties":{"type":"REC_FIXED_SITE_US","name":"Dwarfs of San Jose - McKean Rd","identifier":"FAA-REC_FIXED_SITE_US:Dwarfs of San Jose - McKean Rd","lowerLimit":"GND","upperLimit":"700 ft AGL","authority":"FAA (Recreational Flyer Fixed Sites)"}},
{"type":"Feature","geometry":{"type":"Polygon","coordinates":[[[-120.69365,38.04377],[-120.69542,38.0408],[-120.69219,38.04056],[-120.69365,38.04377]]]},"properties":{"type":"REC_FIXED_SITE_US","name":"Mountain R/C Fleyrs -  Aero Rd","identifier":"FAA-REC_FIXED_SITE_US:Mountain R/C Fleyrs -  Aero Rd","lowerLimit":"GND","upperLimit":"700 ft AGL","authority":"FAA (Recreational Flyer Fixed Sites)"}},
{"type":"Feature","geometry":{"type":"Polygon","coordinates":[[[-120.80704,38.17438],[-120.81018,38.17438],[-120.8104,38.17397],[-120.81091,38.17305],[-120.81018,38.17173],[-120.80704,38.17173],[-120.80631,38.17305],[-120.80647,38.17335],[-120.80704,38.17438]]]},"properties":{"type":"REC_FIXED_SITE_US","name":"MOUNTAIN R/C FLYERS Wrinkle Cove","identifier":"FAA-REC_FIXED_SITE_US:MOUNTAIN R/C FLYERS Wrinkle Cove","lowerLimit":"GND","upperLimit":"1200 ft AGL","authority":"FAA (Recreational Flyer Fixed Sites)"}},
{"type":"Feature","geometry":{"type":"Polygon","coordinates":[[[-120.62794,37.27773],[-120.63021,37.27604],[-120.62639,37.2746],[-120.62794,37.27773]]]},"properties":{"type":"REC_FIXED_SITE_US","name":"Merced County RC Club -S Bert Crane Rd","identifier":"FAA-REC_FIXED_SITE_US:Merced County RC Club -S Bert Crane Rd","lowerLimit":"GND","upperLimit":"700 ft AGL","authority":"FAA (Recreational Flyer Fixed Sites)"}},
{"type":"Feature","geometry":{"type":"Polygon","coordinates":[[[-121.2996,37.68081],[-121.30136,37.67784],[-121.29815,37.6776],[-121.2996,37.68081]]]},"properties":{"type":"REC_FIXED_SITE_US","name":"Tracy Skyliners RC Club - New Jerusalem Airport","identifier":"FAA-REC_FIXED_SITE_US:Tracy Skyliners RC Club - New Jerusalem Airport","lowerLimit":"GND","upperLimit":"700 ft AGL","authority":"FAA (Recreational Flyer Fixed Sites)"}},
{"type":"Feature","geometry":{"type":"Polygon","coordinates":[[[-121.10662,37.42168],[-121.10677,37.41806],[-121.10435,37.41976],[-121.10662,37.42168]]]},"properties":{"type":"REC_FIXED_SITE_US","name":"Modesto Vets R/C Flying Club - Crows Landing","identifier":"FAA-REC_FIXED_SITE_US:Modesto Vets R/C Flying Club - Crows Landing","lowerLimit":"GND","upperLimit":"1200 ft AGL","authority":"FAA (Recreational Flyer Fixed Sites)"}},
{"type":"Feature","geometry":{"type":"Polygon","coordinates":[[[-120.30394,37.52188],[-120.30706,37.51923],[-120.30394,37.51923],[-120.30394,37.52188]]]},"properties":{"type":"REC_FIXED_SITE_US","name":"Turlock RC Club - Lake McSwain Recreation Area","identifier":"FAA-REC_FIXED_SITE_US:Turlock RC Club - Lake McSwain Recreation Area","lowerLimit":"GND","upperLimit":"1200 ft AGL","authority":"FAA (Recreational Flyer Fixed Sites)"}},
{"type":"Feature","geometry":{"type":"Polygon","coordinates":[[[-121.27423,37.78481],[-121.27735,37.78481],[-121.27745,37.78224],[-121.27423,37.78481]]]},"properties":{"type":"REC_FIXED_SITE_US","name":"Central Valley Flyers - Bronzan Rd","identifier":"FAA-REC_FIXED_SITE_US:Central Valley Flyers - Bronzan Rd","lowerLimit":"GND","upperLimit":"1200 ft AGL","authority":"FAA (Recreational Flyer Fixed Sites)"}},
{"type":"Feature","geometry":{"type":"Polygon","coordinates":[[[-120.85121,37.86582],[-120.85435,37.86582],[-120.85132,37.8631],[-120.85121,37.86582]]]},"properties":{"type":"REC_FIXED_SITE_US","name":"RC Flyers Unlimited Inc - Ward Hendricks Field","identifier":"FAA-REC_FIXED_SITE_US:RC Flyers Unlimited Inc - Ward Hendricks Field","lowerLimit":"GND","upperLimit":"1200 ft AGL","authority":"FAA (Recreational Flyer Fixed Sites)"}},
{"type":"Feature","geometry":{"type":"Polygon","coordinates":[[[-121.13564,37.76736],[-121.13877,37.76736],[-121.13735,37.76423],[-121.13564,37.76736]]]},"properties":{"type":"REC_FIXED_SITE_US","name":"Modesto RC Club - Mistlin Sports Park","identifier":"FAA-REC_FIXED_SITE_US:Modesto RC Club - Mistlin Sports Park","lowerLimit":"GND","upperLimit":"700 ft AGL","authority":"FAA (Recreational Flyer Fixed Sites)"}},
{"type":"Feature","geometry":{"type":"Polygon","coordinates":[[[-120.84333,37.47098],[-120.84489,37.46784],[-120.84177,37.46784],[-120.84333,37.47098]]]},"properties":{"type":"REC_FIXED_SITE_US","name":"Turlock RC Club - Turlock Airpark","identifier":"FAA-REC_FIXED_SITE_US:Turlock RC Club - Turlock Airpark","lowerLimit":"GND","upperLimit":"700 ft AGL","authority":"FAA (Recreational Flyer Fixed Sites)"}},
{"type":"Feature","geometry":{"type":"Polygon","coordinates":[[[-123.71638,39.50595],[-123.71969,39.50339],[-123.71649,39.50323],[-123.71638,39.50595]]]},"properties":{"type":"REC_FIXED_SITE_US","name":"Ft Bragg Fog Busters - Little Valley Rd","identifier":"FAA-REC_FIXED_SITE_US:Ft Bragg Fog Busters - Little Valley Rd","lowerLimit":"GND","upperLimit":"700 ft AGL","authority":"FAA (Recreational Flyer Fixed Sites)"}},
{"type":"Feature","geometry":{"type":"Polygon","coordinates":[[[-122.89053,38.72203],[-122.89222,38.71897],[-122.88884,38.71897],[-122.89053,38.72203]]]},"properties":{"type":"REC_FIXED_SITE_US","name":"Norcal Flyers - Geyserville New Tech Academy","identifier":"FAA-REC_FIXED_SITE_US:Norcal Flyers - Geyserville New Tech Academy","lowerLimit":"GND","upperLimit":"1200 ft AGL","authority":"FAA (Recreational Flyer Fixed Sites)"}},
{"type":"Feature","geometry":{"type":"Polygon","coordinates":[[[-122.74931,38.94632],[-122.7511,38.94335],[-122.74783,38.94311],[-122.74931,38.94632]]]},"properties":{"type":"REC_FIXED_SITE_US","name":"Clearlake Modelers - Jay Carey field","identifier":"FAA-REC_FIXED_SITE_US:Clearlake Modelers - Jay Carey field","lowerLimit":"GND","upperLimit":"1200 ft AGL","authority":"FAA (Recreational Flyer Fixed Sites)"}},
{"type":"Feature","geometry":{"type":"Polygon","coordinates":[[[-124.20542,40.7839],[-124.20846,40.7811],[-124.2052,40.78126],[-124.20542,40.7839]]]},"properties":{"type":"REC_FIXED_SITE_US","name":"Humboldt Aero Modelers - City Airport Samoa","identifier":"FAA-REC_FIXED_SITE_US:Humboldt Aero Modelers - City Airport Samoa","lowerLimit":"GND","upperLimit":"700 ft AGL","authority":"FAA (Recreational Flyer Fixed Sites)"}},
{"type":"Feature","geometry":{"type":"Polygon","coordinates":[[[-124.1062,40.48619],[-124.10857,40.48449],[-124.10469,40.48298],[-124.1062,40.48619]]]},"properties":{"type":"REC_FIXED_SITE_US","name":"Humboldt Aero Modelers - Old Carlotta Mill","identifier":"FAA-REC_FIXED_SITE_US:Humboldt Aero Modelers - Old Carlotta Mill","lowerLimit":"GND","upperLimit":"1200 ft AGL","authority":"FAA (Recreational Flyer Fixed Sites)"}},
{"type":"Feature","geometry":{"type":"Polygon","coordinates":[[[-124.13906,41.92841],[-124.13921,41.92479],[-124.13663,41.9266],[-124.13906,41.92841]]]},"properties":{"type":"REC_FIXED_SITE_US","name":"Lost Coast Aeromodelers Association - off of Hwy 101","identifier":"FAA-REC_FIXED_SITE_US:Lost Coast Aeromodelers Association - off of Hwy 101","lowerLimit":"GND","upperLimit":"1200 ft AGL","authority":"FAA (Recreational Flyer Fixed Sites)"}},
{"type":"Feature","geometry":{"type":"Polygon","coordinates":[[[-121.70462,38.58688],[-121.70798,38.5844],[-121.70462,38.58424],[-121.70462,38.58688]]]},"properties":{"type":"REC_FIXED_SITE_US","name":"Woodland/Davis Burgdorf Henson Field","identifier":"FAA-REC_FIXED_SITE_US:Woodland/Davis Burgdorf Henson Field","lowerLimit":"GND","upperLimit":"700 ft AGL","authority":"FAA (Recreational Flyer Fixed Sites)"}},
{"type":"Feature","geometry":{"type":"Polygon","coordinates":[[[-121.68953,38.49826],[-121.69269,38.49826],[-121.69125,38.49513],[-121.68953,38.49826]]]},"properties":{"type":"REC_FIXED_SITE_US","name":"Sacramento Valley Soaring Society- Yolo County Grasslands Regional Park","identifier":"FAA-REC_FIXED_SITE_US:Sacramento Valley Soaring Society- Yolo County Grasslands Regional Park","lowerLimit":"GND","upperLimit":"700 ft AGL","authority":"FAA (Recreational Flyer Fixed Sites)"}},
{"type":"Feature","geometry":{"type":"Polygon","coordinates":[[[-121.01475,38.40133],[-121.01706,38.39952],[-121.01245,38.3994],[-121.01475,38.40133]]]},"properties":{"type":"REC_FIXED_SITE_US","name":"Gold Country Flyers - Spiva Field","identifier":"FAA-REC_FIXED_SITE_US:Gold Country Flyers - Spiva Field","lowerLimit":"GND","upperLimit":"700 ft AGL","authority":"FAA (Recreational Flyer Fixed Sites)"}},
{"type":"Feature","geometry":{"type":"Polygon","coordinates":[[[-121.52659,38.20789],[-121.52889,38.20607],[-121.52491,38.20483],[-121.52659,38.20789]]]},"properties":{"type":"REC_FIXED_SITE_US","name":"Tokay Radio Control Modelers - Tyler Island Rd","identifier":"FAA-REC_FIXED_SITE_US:Tokay Radio Control Modelers - Tyler Island Rd","lowerLimit":"GND","upperLimit":"1200 ft AGL","authority":"FAA (Recreational Flyer Fixed Sites)"}},
{"type":"Feature","geometry":{"type":"Polygon","coordinates":[[[-122.00552,38.32651],[-122.00897,38.32411],[-122.00573,38.32387],[-122.00552,38.32651]]]},"properties":{"type":"REC_FIXED_SITE_US","name":"Lagoon Valley Electric Flyers - Lagoon Valley Regional Park","identifier":"FAA-REC_FIXED_SITE_US:Lagoon Valley Electric Flyers - Lagoon Valley Regional Park","lowerLimit":"GND","upperLimit":"700 ft AGL","authority":"FAA (Recreational Flyer Fixed Sites)"}},
{"type":"Feature","geometry":{"type":"Polygon","coordinates":[[[-121.35768,38.84625],[-121.35947,38.84328],[-121.35537,38.84433],[-121.35768,38.84625]]]},"properties":{"type":"REC_FIXED_SITE_US","name":"Associated Modelers of Sacramento (AMOS) - Catlett Rd","identifier":"FAA-REC_FIXED_SITE_US:Associated Modelers of Sacramento (AMOS) - Catlett Rd","lowerLimit":"GND","upperLimit":"700 ft AGL","authority":"FAA (Recreational Flyer Fixed Sites)"}},
{"type":"Feature","geometry":{"type":"Polygon","coordinates":[[[-121.07296,38.61584],[-121.07474,38.61287],[-121.07149,38.61263],[-121.07296,38.61584]]]},"properties":{"type":"REC_FIXED_SITE_US","name":"Eldorado RC Flyers, Inc. - Payen Rd","identifier":"FAA-REC_FIXED_SITE_US:Eldorado RC Flyers, Inc. - Payen Rd","lowerLimit":"GND","upperLimit":"700 ft AGL","authority":"FAA (Recreational Flyer Fixed Sites)"}},
{"type":"Feature","geometry":{"type":"Polygon","coordinates":[[[-122.024,39.19498],[-122.0257,39.19193],[-122.0223,39.19193],[-122.024,39.19498]]]},"properties":{"type":"REC_FIXED_SITE_US","name":"Colusa County Aeromodelers - Will South Green Ave","identifier":"FAA-REC_FIXED_SITE_US:Colusa County Aeromodelers - Will South Green Ave","lowerLimit":"GND","upperLimit":"700 ft AGL","authority":"FAA (Recreational Flyer Fixed Sites)"}},
{"type":"Feature","geometry":{"type":"Polygon","coordinates":[[[-121.65768,39.50349],[-121.66002,39.50179],[-121.65619,39.50028],[-121.65768,39.50349]]]},"properties":{"type":"REC_FIXED_SITE_US","name":"Oroville Air Corps - OAC Airfield","identifier":"FAA-REC_FIXED_SITE_US:Oroville Air Corps - OAC Airfield","lowerLimit":"GND","upperLimit":"700 ft AGL","authority":"FAA (Recreational Flyer Fixed Sites)"}},
{"type":"Feature","geometry":{"type":"Polygon","coordinates":[[[-122.16727,40.42651],[-122.17073,40.42403],[-122.16749,40.42387],[-122.16727,40.42651]]]},"properties":{"type":"REC_FIXED_SITE_US","name":"Northern California Radio Control Unlimited Flyers - Ash Creek","identifier":"FAA-REC_FIXED_SITE_US:Northern California Radio Control Unlimited Flyers - Ash Creek","lowerLimit":"GND","upperLimit":"1200 ft AGL","authority":"FAA (Recreational Flyer Fixed Sites)"}},
{"type":"Feature","geometry":{"type":"Polygon","coordinates":[[[-122.47568,41.77132],[-122.47899,41.77148],[-122.47921,41.76884],[-122.47568,41.77132]]]},"properties":{"type":"REC_FIXED_SITE_US","name":"Siskiyou County R/Cers - Montague Rd","identifier":"FAA-REC_FIXED_SITE_US:Siskiyou County R/Cers - Montague Rd","lowerLimit":"GND","upperLimit":"700 ft AGL","authority":"FAA (Recreational Flyer Fixed Sites)"}},
{"type":"Feature","geometry":{"type":"Polygon","coordinates":[[[-122.53716,41.73203],[-122.54047,41.72938],[-122.53716,41.72938],[-122.53716,41.73203]]]},"properties":{"type":"REC_FIXED_SITE_US","name":"Siskiyou County R/Cers - Webb St","identifier":"FAA-REC_FIXED_SITE_US:Siskiyou County R/Cers - Webb St","lowerLimit":"GND","upperLimit":"700 ft AGL","authority":"FAA (Recreational Flyer Fixed Sites)"}},
{"type":"Feature","geometry":{"type":"Polygon","coordinates":[[[-122.57149,40.62313],[-122.57323,40.62007],[-122.56986,40.61999],[-122.57149,40.62313]]]},"properties":{"type":"REC_FIXED_SITE_US","name":"Northern California Radio Control Unlimited Flyers - Brandy Creek Marina","identifier":"FAA-REC_FIXED_SITE_US:Northern California Radio Control Unlimited Flyers - Brandy Creek Marina","lowerLimit":"GND","upperLimit":"1200 ft AGL","authority":"FAA (Recreational Flyer Fixed Sites)"}},
{"type":"Feature","geometry":{"type":"Polygon","coordinates":[[[-120.53703,40.46774],[-120.54103,40.46642],[-120.5388,40.46461],[-120.53703,40.46774]]]},"properties":{"type":"REC_FIXED_SITE_US","name":"Lassen County RC - Rice Canyon Rd","identifier":"FAA-REC_FIXED_SITE_US:Lassen County RC - Rice Canyon Rd","lowerLimit":"GND","upperLimit":"700 ft AGL","authority":"FAA (Recreational Flyer Fixed Sites)"}},
{"type":"Feature","geometry":{"type":"Polygon","coordinates":[[[-121.76713,43.71645],[-121.77134,43.71513],[-121.769,43.71332],[-121.76713,43.71645]]]},"properties":{"type":"REC_FIXED_SITE_US","name":"La Pine RC Flyers - South Twin Lake, NE Float Fly area","identifier":"FAA-REC_FIXED_SITE_US:La Pine RC Flyers - South Twin Lake, NE Float Fly area","lowerLimit":"GND","upperLimit":"1200 ft AGL","authority":"FAA (Recreational Flyer Fixed Sites)"}},
{"type":"Feature","geometry":{"type":"Polygon","coordinates":[[[-118.36892,33.75903],[-118.37109,33.75733],[-118.36743,33.75589],[-118.36892,33.75903]]]},"properties":{"type":"REC_FIXED_SITE_US","name":"Peninsula Silent Flyers - Land adjacent to Del Cerro Park 2","identifier":"FAA-REC_FIXED_SITE_US:Peninsula Silent Flyers - Land adjacent to Del Cerro Park 2","lowerLimit":"GND","upperLimit":"700 ft AGL","authority":"FAA (Recreational Flyer Fixed Sites)"}},
{"type":"Feature","geometry":{"type":"Polygon","coordinates":[[[-118.89728,34.22027],[-118.89946,34.21846],[-118.89578,34.21713],[-118.89728,34.22027]]]},"properties":{"type":"REC_FIXED_SITE_US","name":"Conejo Quiet Flyers - Wildflower Playfield","identifier":"FAA-REC_FIXED_SITE_US:Conejo Quiet Flyers - Wildflower Playfield","lowerLimit":"GND","upperLimit":"700 ft AGL","authority":"FAA (Recreational Flyer Fixed Sites)"}},
{"type":"Feature","geometry":{"type":"Polygon","coordinates":[[[-117.25067,32.89356],[-117.25233,32.89059],[-117.2492,32.89042],[-117.25067,32.89356]]]},"properties":{"type":"REC_FIXED_SITE_US","name":"Torrey Pines Gulls - Gliderport A","identifier":"FAA-REC_FIXED_SITE_US:Torrey Pines Gulls - Gliderport A","lowerLimit":"GND","upperLimit":"700 ft AGL","authority":"FAA (Recreational Flyer Fixed Sites)"}},
{"type":"Feature","geometry":{"type":"Polygon","coordinates":[[[-117.17713,33.24673],[-117.18009,33.24408],[-117.17713,33.24408],[-117.17713,33.24673]]]},"properties":{"type":"REC_FIXED_SITE_US","name":"San Diego Wingmasters - Gopher Canyon Landfill","identifier":"FAA-REC_FIXED_SITE_US:San Diego Wingmasters - Gopher Canyon Landfill","lowerLimit":"GND","upperLimit":"700 ft AGL","authority":"FAA (Recreational Flyer Fixed Sites)"}},
{"type":"Feature","geometry":{"type":"Polygon","coordinates":[[[-117.1012,33.97625],[-117.10418,33.97625],[-117.10283,33.97311],[-117.1012,33.97625]]]},"properties":{"type":"REC_FIXED_SITE_US","name":"American Model Airport Association - San Timoteo Canyon Rd","identifier":"FAA-REC_FIXED_SITE_US:American Model Airport Association - San Timoteo Canyon Rd","lowerLimit":"GND","upperLimit":"700 ft AGL","authority":"FAA (Recreational Flyer Fixed Sites)"}},
{"type":"Feature","geometry":{"type":"Polygon","coordinates":[[[-117.8233,33.85961],[-117.82547,33.85791],[-117.82191,33.8564],[-117.8233,33.85961]]]},"properties":{"type":"REC_FIXED_SITE_US","name":"Anaheim Model Airplane Club - Orange County Water District Basin #4","identifier":"FAA-REC_FIXED_SITE_US:Anaheim Model Airplane Club - Orange County Water District Basin #4","lowerLimit":"GND","upperLimit":"700 ft AGL","authority":"FAA (Recreational Flyer Fixed Sites)"}},
{"type":"Feature","geometry":{"type":"Polygon","coordinates":[[[-117.46977,33.78252],[-117.47136,33.77946],[-117.46839,33.7793],[-117.46977,33.78252]]]},"properties":{"type":"REC_FIXED_SITE_US","name":"Circle City Flyers Inc - Deleo Field","identifier":"FAA-REC_FIXED_SITE_US:Circle City Flyers Inc - Deleo Field","lowerLimit":"GND","upperLimit":"700 ft AGL","authority":"FAA (Recreational Flyer Fixed Sites)"}},
{"type":"Feature","geometry":{"type":"Polygon","coordinates":[[[-120.00357,35.32722],[-120.00527,35.32425],[-120.00216,35.32401],[-120.00357,35.32722]]]},"properties":{"type":"REC_FIXED_SITE_US","name":"Yucaipa Hiking & Soaring Club - Soda Lake Rd","identifier":"FAA-REC_FIXED_SITE_US:Yucaipa Hiking & Soaring Club - Soda Lake Rd","lowerLimit":"GND","upperLimit":"1200 ft AGL","authority":"FAA (Recreational Flyer Fixed Sites)"}},
{"type":"Feature","geometry":{"type":"Polygon","coordinates":[[[-118.478,35.11531],[-118.47814,35.11169],[-118.47579,35.1135],[-118.478,35.11531]]]},"properties":{"type":"REC_FIXED_SITE_US","name":"Tehachapi Crosswinds - Neely Ave","identifier":"FAA-REC_FIXED_SITE_US:Tehachapi Crosswinds - Neely Ave","lowerLimit":"GND","upperLimit":"1200 ft AGL","authority":"FAA (Recreational Flyer Fixed Sites)"}},
{"type":"Feature","geometry":{"type":"Polygon","coordinates":[[[-118.65,35.1623],[-118.65221,35.16049],[-118.64986,35.15868],[-118.65,35.1623]]]},"properties":{"type":"REC_FIXED_SITE_US","name":"Bear Valley Springs RC Modelers - Lower Valley Rd","identifier":"FAA-REC_FIXED_SITE_US:Bear Valley Springs RC Modelers - Lower Valley Rd","lowerLimit":"GND","upperLimit":"1200 ft AGL","authority":"FAA (Recreational Flyer Fixed Sites)"}},
{"type":"Feature","geometry":{"type":"Polygon","coordinates":[[[-119.54802,36.55894],[-119.54976,36.55597],[-119.54659,36.55573],[-119.54802,36.55894]]]},"properties":{"type":"REC_FIXED_SITE_US","name":"Central California Radio Control, Inc. - Millerton Lake State Rec Area","identifier":"FAA-REC_FIXED_SITE_US:Central California Radio Control, Inc. - Millerton Lake State Rec Area","lowerLimit":"GND","upperLimit":"1200 ft AGL","authority":"FAA (Recreational Flyer Fixed Sites)"}},
{"type":"Feature","geometry":{"type":"Polygon","coordinates":[[[-121.6858,37.69566],[-121.68903,37.6931],[-121.6858,37.69302],[-121.6858,37.69566]]]},"properties":{"type":"REC_FIXED_SITE_US","name":"Livermore Flying Electrons - Raymond Rd","identifier":"FAA-REC_FIXED_SITE_US:Livermore Flying Electrons - Raymond Rd","lowerLimit":"GND","upperLimit":"700 ft AGL","authority":"FAA (Recreational Flyer Fixed Sites)"}},
{"type":"Feature","geometry":{"type":"Polygon","coordinates":[[[-122.07986,37.55257],[-122.08298,37.54993],[-122.07986,37.54993],[-122.07986,37.55257]]]},"properties":{"type":"REC_FIXED_SITE_US","name":"South Bay Soaring Society - Coyote Hills","identifier":"FAA-REC_FIXED_SITE_US:South Bay Soaring Society - Coyote Hills","lowerLimit":"GND","upperLimit":"700 ft AGL","authority":"FAA (Recreational Flyer Fixed Sites)"}},
{"type":"Feature","geometry":{"type":"Polygon","coordinates":[[[-124.17345,40.7295],[-124.17583,40.72768],[-124.17182,40.72636],[-124.17345,40.7295]]]},"properties":{"type":"REC_FIXED_SITE_US","name":"Humboldt Aero Modelers - Elk River Rd","identifier":"FAA-REC_FIXED_SITE_US:Humboldt Aero Modelers - Elk River Rd","lowerLimit":"GND","upperLimit":"700 ft AGL","authority":"FAA (Recreational Flyer Fixed Sites)"}},
{"type":"Feature","geometry":{"type":"Polygon","coordinates":[[[-121.56836,38.89778],[-121.57227,38.89658],[-121.56836,38.89514],[-121.56836,38.89778]]]},"properties":{"type":"REC_FIXED_SITE_US","name":"Woodland/Davis Aeromodelers, Lake Minden","identifier":"FAA-REC_FIXED_SITE_US:Woodland/Davis Aeromodelers, Lake Minden","lowerLimit":"GND","upperLimit":"700 ft AGL","authority":"FAA (Recreational Flyer Fixed Sites)"}},
{"type":"Feature","geometry":{"type":"Polygon","coordinates":[[[-122.6314,38.34066],[-122.63528,38.33934],[-122.63312,38.33753],[-122.6314,38.34066]]]},"properties":{"type":"REC_FIXED_SITE_US","name":"Lichau Soaring Club","identifier":"FAA-REC_FIXED_SITE_US:Lichau Soaring Club","lowerLimit":"GND","upperLimit":"700 ft AGL","authority":"FAA (Recreational Flyer Fixed Sites)"}},
{"type":"Feature","geometry":{"type":"Polygon","coordinates":[[[-121.06909,39.05339],[-121.07079,39.05033],[-121.06677,39.05146],[-121.06909,39.05339]]]},"properties":{"type":"REC_FIXED_SITE_US","name":"Sierra Foothills RC Flyers - Magnolia Intermediate School","identifier":"FAA-REC_FIXED_SITE_US:Sierra Foothills RC Flyers - Magnolia Intermediate School","lowerLimit":"GND","upperLimit":"1200 ft AGL","authority":"FAA (Recreational Flyer Fixed Sites)"}},
{"type":"Feature","geometry":{"type":"Polygon","coordinates":[[[-122.16836,39.94563],[-122.1718,39.94315],[-122.16858,39.94299],[-122.16836,39.94563]]]},"properties":{"type":"REC_FIXED_SITE_US","name":"Tehama County Condors - Corning Airport","identifier":"FAA-REC_FIXED_SITE_US:Tehama County Condors - Corning Airport","lowerLimit":"GND","upperLimit":"700 ft AGL","authority":"FAA (Recreational Flyer Fixed Sites)"}},
{"type":"Feature","geometry":{"type":"Polygon","coordinates":[[[-120.80647,38.17335],[-120.80598,38.17434],[-120.8066,38.17558],[-120.80828,38.17615],[-120.81057,38.17423],[-120.8104,38.17397],[-120.81018,38.17438],[-120.80704,38.17438],[-120.80647,38.17335]]]},"properties":{"type":"REC_FIXED_SITE_US","name":"Mountain R/C Flyers - New Hogan Reservoir","identifier":"FAA-REC_FIXED_SITE_US:Mountain R/C Flyers - New Hogan Reservoir","lowerLimit":"GND","upperLimit":"1200 ft AGL","authority":"FAA (Recreational Flyer Fixed Sites)"}},
{"type":"Feature","geometry":{"type":"Polygon","coordinates":[[[-105.21027,39.84205],[-105.21079,39.84096],[-105.214,39.8408],[-105.21483,39.84205],[-105.21493,39.84187],[-105.21419,39.84055],[-105.21086,39.84063],[-105.21023,39.84199],[-105.21027,39.84205]]]},"properties":{"type":"REC_FIXED_SITE_US","name":"Arvada Associated Modelers - AAM Airpark (South)","identifier":"FAA-REC_FIXED_SITE_US:Arvada Associated Modelers - AAM Airpark (South)","lowerLimit":"GND","upperLimit":"700 ft AGL","authority":"FAA (Recreational Flyer Fixed Sites)"}},
{"type":"Feature","geometry":{"type":"Polygon","coordinates":[[[-105.05832,39.53341],[-105.06163,39.53085],[-105.05832,39.53077],[-105.05832,39.53341]]]},"properties":{"type":"REC_FIXED_SITE_US","name":"Jefco Aeromod'lers Club - Chatfield State Park","identifier":"FAA-REC_FIXED_SITE_US:Jefco Aeromod'lers Club - Chatfield State Park","lowerLimit":"GND","upperLimit":"700 ft AGL","authority":"FAA (Recreational Flyer Fixed Sites)"}},
{"type":"Feature","geometry":{"type":"Polygon","coordinates":[[[-105.14187,39.6033],[-105.14529,39.60082],[-105.14209,39.60066],[-105.14187,39.6033]]]},"properties":{"type":"REC_FIXED_SITE_US","name":"Jefco Aeromod'lers Club - Robert Easton Park","identifier":"FAA-REC_FIXED_SITE_US:Jefco Aeromod'lers Club - Robert Easton Park","lowerLimit":"GND","upperLimit":"700 ft AGL","authority":"FAA (Recreational Flyer Fixed Sites)"}},
{"type":"Feature","geometry":{"type":"Polygon","coordinates":[[[-104.36989,39.63901],[-104.37331,39.63653],[-104.37011,39.63637],[-104.36989,39.63901]]]},"properties":{"type":"REC_FIXED_SITE_US","name":"Mile Hi Rc Club-Quincy Rd.","identifier":"FAA-REC_FIXED_SITE_US:Mile Hi Rc Club-Quincy Rd.","lowerLimit":"GND","upperLimit":"700 ft AGL","authority":"FAA (Recreational Flyer Fixed Sites)"}},
{"type":"Feature","geometry":{"type":"Polygon","coordinates":[[[-104.58666,39.61163],[-104.58987,39.60899],[-104.58666,39.60899],[-104.58666,39.61163]]]},"properties":{"type":"REC_FIXED_SITE_US","name":"Magnificent Mountain Men Inc - Lowry Ranch","identifier":"FAA-REC_FIXED_SITE_US:Magnificent Mountain Men Inc - Lowry Ranch","lowerLimit":"GND","upperLimit":"700 ft AGL","authority":"FAA (Recreational Flyer Fixed Sites)"}},
{"type":"Feature","geometry":{"type":"Polygon","coordinates":[[[-104.61142,39.57013],[-104.61451,39.56741],[-104.6112,39.56749],[-104.61142,39.57013]]]},"properties":{"type":"REC_FIXED_SITE_US","name":"Crosswinds RC Field","identifier":"FAA-REC_FIXED_SITE_US:Crosswinds RC Field","lowerLimit":"GND","upperLimit":"700 ft AGL","authority":"FAA (Recreational Flyer Fixed Sites)"}},
{"type":"Feature","geometry":{"type":"Polygon","coordinates":[[[-105.2324,40.08704],[-105.23255,40.08342],[-105.23004,40.08523],[-105.2324,40.08704]]]},"properties":{"type":"REC_FIXED_SITE_US","name":"Boulder Aeromodeling Society - Boulder Model Airport","identifier":"FAA-REC_FIXED_SITE_US:Boulder Aeromodeling Society - Boulder Model Airport","lowerLimit":"GND","upperLimit":"700 ft AGL","authority":"FAA (Recreational Flyer Fixed Sites)"}},
{"type":"Feature","geometry":{"type":"Polygon","coordinates":[[[-105.22933,40.07475],[-105.23169,40.07282],[-105.22918,40.07113],[-105.22933,40.07475]]]},"properties":{"type":"REC_FIXED_SITE_US","name":"Boulder Aeromodeling Society- Boulder Reservoir","identifier":"FAA-REC_FIXED_SITE_US:Boulder Aeromodeling Society- Boulder Reservoir","lowerLimit":"GND","upperLimit":"700 ft AGL","authority":"FAA (Recreational Flyer Fixed Sites)"}},
{"type":"Feature","geometry":{"type":"Polygon","coordinates":[[[-105.21483,39.84205],[-105.214,39.8408],[-105.21079,39.84096],[-105.21027,39.84205],[-105.21015,39.84231],[-105.211,39.8436],[-105.21421,39.84344],[-105.21485,39.84209],[-105.21483,39.84205]]]},"properties":{"type":"REC_FIXED_SITE_US","name":"Arvada Associated Modelers - AAM Airpark (East/West)","identifier":"FAA-REC_FIXED_SITE_US:Arvada Associated Modelers - AAM Airpark (East/West)","lowerLimit":"GND","upperLimit":"700 ft AGL","authority":"FAA (Recreational Flyer Fixed Sites)"}},
{"type":"Feature","geometry":{"type":"Polygon","coordinates":[[[-105.21219,39.81547],[-105.21541,39.81547],[-105.21365,39.81234],[-105.21219,39.81547]]]},"properties":{"type":"REC_FIXED_SITE_US","name":"Arvada Associated Modelers - Vern Lake","identifier":"FAA-REC_FIXED_SITE_US:Arvada Associated Modelers - Vern Lake","lowerLimit":"GND","upperLimit":"700 ft AGL","authority":"FAA (Recreational Flyer Fixed Sites)"}},
{"type":"Feature","geometry":{"type":"Polygon","coordinates":[[[-106.81935,40.40061],[-106.82108,40.39756],[-106.81698,40.3988],[-106.81935,40.40061]]]},"properties":{"type":"REC_FIXED_SITE_US","name":"Yampa Valley Sky Scrapers - CR 22","identifier":"FAA-REC_FIXED_SITE_US:Yampa Valley Sky Scrapers - CR 22","lowerLimit":"GND","upperLimit":"700 ft AGL","authority":"FAA (Recreational Flyer Fixed Sites)"}},
{"type":"Feature","geometry":{"type":"Polygon","coordinates":[[[-105.10436,40.17333],[-105.10618,40.17036],[-105.102,40.1714],[-105.10436,40.17333]]]},"properties":{"type":"REC_FIXED_SITE_US","name":"Longmont Electric Aircraft Flyers Inc - Longs Peak Ave","identifier":"FAA-REC_FIXED_SITE_US:Longmont Electric Aircraft Flyers Inc - Longs Peak Ave","lowerLimit":"GND","upperLimit":"700 ft AGL","authority":"FAA (Recreational Flyer Fixed Sites)"}},
{"type":"Feature","geometry":{"type":"Polygon","coordinates":[[[-105.03742,40.17217],[-105.03978,40.17048],[-105.03757,40.16855],[-105.03742,40.17217]]]},"properties":{"type":"REC_FIXED_SITE_US","name":"Longmont Electric Aircraft Flyers Inc - Union Reservoir","identifier":"FAA-REC_FIXED_SITE_US:Longmont Electric Aircraft Flyers Inc - Union Reservoir","lowerLimit":"GND","upperLimit":"700 ft AGL","authority":"FAA (Recreational Flyer Fixed Sites)"}},
{"type":"Feature","geometry":{"type":"Polygon","coordinates":[[[-105.06807,40.21827],[-105.07151,40.21579],[-105.06828,40.21563],[-105.06807,40.21827]]]},"properties":{"type":"REC_FIXED_SITE_US","name":"The Other Guys FPV - Hartford Complex FPV Track","identifier":"FAA-REC_FIXED_SITE_US:The Other Guys FPV - Hartford Complex FPV Track","lowerLimit":"GND","upperLimit":"700 ft AGL","authority":"FAA (Recreational Flyer Fixed Sites)"}},
{"type":"Feature","geometry":{"type":"Polygon","coordinates":[[[-105.14218,40.63036],[-105.14392,40.62731],[-105.14056,40.62723],[-105.14218,40.63036]]]},"properties":{"type":"REC_FIXED_SITE_US","name":"FoCo FPV - McConnell Raceway","identifier":"FAA-REC_FIXED_SITE_US:FoCo FPV - McConnell Raceway","lowerLimit":"GND","upperLimit":"700 ft AGL","authority":"FAA (Recreational Flyer Fixed Sites)"}},
{"type":"Feature","geometry":{"type":"Polygon","coordinates":[[[-104.97853,40.76571],[-104.98179,40.76555],[-104.98157,40.76291],[-104.97853,40.76571]]]},"properties":{"type":"REC_FIXED_SITE_US","name":"Rocky Mountain Modeleers - N CR 5","identifier":"FAA-REC_FIXED_SITE_US:Rocky Mountain Modeleers - N CR 5","lowerLimit":"GND","upperLimit":"1200 ft AGL","authority":"FAA (Recreational Flyer Fixed Sites)"}},
{"type":"Feature","geometry":{"type":"Polygon","coordinates":[[[-104.92153,40.06116],[-104.92389,40.05935],[-104.92138,40.05754],[-104.92153,40.06116]]]},"properties":{"type":"REC_FIXED_SITE_US","name":"Longmont Aircraft Modeler Assn - LAMA Field","identifier":"FAA-REC_FIXED_SITE_US:Longmont Aircraft Modeler Assn - LAMA Field","lowerLimit":"GND","upperLimit":"700 ft AGL","authority":"FAA (Recreational Flyer Fixed Sites)"}},
{"type":"Feature","geometry":{"type":"Polygon","coordinates":[[[-104.81728,40.57807],[-104.81902,40.57502],[-104.81566,40.57494],[-104.81728,40.57807]]]},"properties":{"type":"REC_FIXED_SITE_US","name":"Love-Air R/C Club - Drake Field","identifier":"FAA-REC_FIXED_SITE_US:Love-Air R/C Club - Drake Field","lowerLimit":"GND","upperLimit":"700 ft AGL","authority":"FAA (Recreational Flyer Fixed Sites)"}},
{"type":"Feature","geometry":{"type":"Polygon","coordinates":[[[-103.12847,40.67732],[-103.13173,40.67732],[-103.13025,40.67419],[-103.12847,40.67732]]]},"properties":{"type":"REC_FIXED_SITE_US","name":"Sterling Miniature Aircraft Assn -  CR 370","identifier":"FAA-REC_FIXED_SITE_US:Sterling Miniature Aircraft Assn -  CR 370","lowerLimit":"GND","upperLimit":"700 ft AGL","authority":"FAA (Recreational Flyer Fixed Sites)"}},
{"type":"Feature","geometry":{"type":"Polygon","coordinates":[[[-104.30094,38.94973],[-104.30485,38.94853],[-104.30094,38.94709],[-104.30094,38.94973]]]},"properties":{"type":"REC_FIXED_SITE_US","name":"Pikes Peak Soaring Society - Judge Orr Rd","identifier":"FAA-REC_FIXED_SITE_US:Pikes Peak Soaring Society - Judge Orr Rd","lowerLimit":"GND","upperLimit":"1200 ft AGL","authority":"FAA (Recreational Flyer Fixed Sites)"}},
{"type":"Feature","geometry":{"type":"Polygon","coordinates":[[[-104.40653,38.87819],[-104.40638,38.87457],[-104.40421,38.8765],[-104.40653,38.87819]]]},"properties":{"type":"REC_FIXED_SITE_US","name":"Scorch RC Club - Springs East Airport","identifier":"FAA-REC_FIXED_SITE_US:Scorch RC Club - Springs East Airport","lowerLimit":"GND","upperLimit":"700 ft AGL","authority":"FAA (Recreational Flyer Fixed Sites)"}},
{"type":"Feature","geometry":{"type":"Polygon","coordinates":[[[-104.518,39.05351],[-104.51979,39.05054],[-104.51652,39.0503],[-104.518,39.05351]]]},"properties":{"type":"REC_FIXED_SITE_US","name":"Pikes Peak Soaring Society - Irma LN","identifier":"FAA-REC_FIXED_SITE_US:Pikes Peak Soaring Society - Irma LN","lowerLimit":"GND","upperLimit":"700 ft AGL","authority":"FAA (Recreational Flyer Fixed Sites)"}},
{"type":"Feature","geometry":{"type":"Polygon","coordinates":[[[-104.49886,38.95949],[-104.50034,38.95628],[-104.49707,38.95652],[-104.49886,38.95949]]]},"properties":{"type":"REC_FIXED_SITE_US","name":"Pikes Peak RC Club - Judge Orr Rd","identifier":"FAA-REC_FIXED_SITE_US:Pikes Peak RC Club - Judge Orr Rd","lowerLimit":"GND","upperLimit":"700 ft AGL","authority":"FAA (Recreational Flyer Fixed Sites)"}},
{"type":"Feature","geometry":{"type":"Polygon","coordinates":[[[-104.59235,38.69351],[-104.59552,38.69351],[-104.59408,38.69038],[-104.59235,38.69351]]]},"properties":{"type":"REC_FIXED_SITE_US","name":"Magnificent Mountain Men Inc - Norris Ranch","identifier":"FAA-REC_FIXED_SITE_US:Magnificent Mountain Men Inc - Norris Ranch","lowerLimit":"GND","upperLimit":"700 ft AGL","authority":"FAA (Recreational Flyer Fixed Sites)"}},
{"type":"Feature","geometry":{"type":"Polygon","coordinates":[[[-104.64699,38.18241],[-104.64684,38.17879],[-104.64469,38.18072],[-104.64699,38.18241]]]},"properties":{"type":"REC_FIXED_SITE_US","name":"Sky Corral RC Club - RMS Reservoir #2","identifier":"FAA-REC_FIXED_SITE_US:Sky Corral RC Club - RMS Reservoir #2","lowerLimit":"GND","upperLimit":"1200 ft AGL","authority":"FAA (Recreational Flyer Fixed Sites)"}},
{"type":"Feature","geometry":{"type":"Polygon","coordinates":[[[-104.69268,38.30575],[-104.69593,38.30318],[-104.69257,38.30318],[-104.69268,38.30575]]]},"properties":{"type":"REC_FIXED_SITE_US","name":"Sky Corral RC Club - Col. Brad Dolliver Field","identifier":"FAA-REC_FIXED_SITE_US:Sky Corral RC Club - Col. Brad Dolliver Field","lowerLimit":"GND","upperLimit":"1200 ft AGL","authority":"FAA (Recreational Flyer Fixed Sites)"}},
{"type":"Feature","geometry":{"type":"Polygon","coordinates":[[[-105.16954,38.40346],[-105.17132,38.40049],[-105.16724,38.40153],[-105.16954,38.40346]]]},"properties":{"type":"REC_FIXED_SITE_US","name":"Fremont County RC - Fremont Co. RC Club Flying Site","identifier":"FAA-REC_FIXED_SITE_US:Fremont County RC - Fremont Co. RC Club Flying Site","lowerLimit":"GND","upperLimit":"700 ft AGL","authority":"FAA (Recreational Flyer Fixed Sites)"}},
{"type":"Feature","geometry":{"type":"Polygon","coordinates":[[[-105.1113,38.42708],[-105.11308,38.42411],[-105.10983,38.42387],[-105.1113,38.42708]]]},"properties":{"type":"REC_FIXED_SITE_US","name":"Fremont County RC - Fremont County Airport","identifier":"FAA-REC_FIXED_SITE_US:Fremont County RC - Fremont County Airport","lowerLimit":"GND","upperLimit":"700 ft AGL","authority":"FAA (Recreational Flyer Fixed Sites)"}},
{"type":"Feature","geometry":{"type":"Polygon","coordinates":[[[-107.74201,38.23105],[-107.74431,38.22924],[-107.74033,38.228],[-107.74201,38.23105]]]},"properties":{"type":"REC_FIXED_SITE_US","name":"Montrose Model Aircraft Association-Ridgway State Park","identifier":"FAA-REC_FIXED_SITE_US:Montrose Model Aircraft Association-Ridgway State Park","lowerLimit":"GND","upperLimit":"1200 ft AGL","authority":"FAA (Recreational Flyer Fixed Sites)"}},
{"type":"Feature","geometry":{"type":"Polygon","coordinates":[[[-104.27422,39.81028],[-104.27657,39.80846],[-104.27187,39.80835],[-104.27422,39.81028]]]},"properties":{"type":"REC_FIXED_SITE_US","name":"Airpark Elite - E 64th Ave","identifier":"FAA-REC_FIXED_SITE_US:Airpark Elite - E 64th Ave","lowerLimit":"GND","upperLimit":"700 ft AGL","authority":"FAA (Recreational Flyer Fixed Sites)"}},
{"type":"Feature","geometry":{"type":"Polygon","coordinates":[[[-104.24178,38.77101],[-104.24474,38.76821],[-104.24157,38.76837],[-104.24178,38.77101]]]},"properties":{"type":"REC_FIXED_SITE_US","name":"Scorch RC Club - Andersen Field","identifier":"FAA-REC_FIXED_SITE_US:Scorch RC Club - Andersen Field","lowerLimit":"GND","upperLimit":"1200 ft AGL","authority":"FAA (Recreational Flyer Fixed Sites)"}},
{"type":"Feature","geometry":{"type":"Polygon","coordinates":[[[-108.45302,39.01959],[-108.45481,39.01662],[-108.45154,39.01638],[-108.45302,39.01959]]]},"properties":{"type":"REC_FIXED_SITE_US","name":"Grand Junction Modeleers - 32 Rd","identifier":"FAA-REC_FIXED_SITE_US:Grand Junction Modeleers - 32 Rd","lowerLimit":"GND","upperLimit":"700 ft AGL","authority":"FAA (Recreational Flyer Fixed Sites)"}},
{"type":"Feature","geometry":{"type":"Polygon","coordinates":[[[-72.49328,41.93669],[-72.49505,41.93364],[-72.49086,41.93476],[-72.49328,41.93669]]]},"properties":{"type":"REC_FIXED_SITE_US","name":"Northern Connecticut Radio Control Club Field","identifier":"FAA-REC_FIXED_SITE_US:Northern Connecticut Radio Control Club Field","lowerLimit":"GND","upperLimit":"700 ft AGL","authority":"FAA (Recreational Flyer Fixed Sites)"}},
{"type":"Feature","geometry":{"type":"Polygon","coordinates":[[[-72.84803,41.7206],[-72.84979,41.71754],[-72.84561,41.71878],[-72.84803,41.7206]]]},"properties":{"type":"REC_FIXED_SITE_US","name":"Central Connecticut RC Club - CCRCC Field","identifier":"FAA-REC_FIXED_SITE_US:Central Connecticut RC Club - CCRCC Field","lowerLimit":"GND","upperLimit":"700 ft AGL","authority":"FAA (Recreational Flyer Fixed Sites)"}},
{"type":"Feature","geometry":{"type":"Polygon","coordinates":[[[-72.57638,41.85815],[-72.57814,41.85509],[-72.57461,41.85509],[-72.57638,41.85815]]]},"properties":{"type":"REC_FIXED_SITE_US","name":"Tobacco Valley Fliers Radio Control Club-Troy Rd","identifier":"FAA-REC_FIXED_SITE_US:Tobacco Valley Fliers Radio Control Club-Troy Rd","lowerLimit":"GND","upperLimit":"700 ft AGL","authority":"FAA (Recreational Flyer Fixed Sites)"}},
{"type":"Feature","geometry":{"type":"Polygon","coordinates":[[[-72.62481,41.86215],[-72.62497,41.85853],[-72.62239,41.86034],[-72.62481,41.86215]]]},"properties":{"type":"REC_FIXED_SITE_US","name":"Windingbrook R/C Flying Club Inc - Palisado Ave","identifier":"FAA-REC_FIXED_SITE_US:Windingbrook R/C Flying Club Inc - Palisado Ave","lowerLimit":"GND","upperLimit":"700 ft AGL","authority":"FAA (Recreational Flyer Fixed Sites)"}},
{"type":"Feature","geometry":{"type":"Polygon","coordinates":[[[-71.94528,41.75437],[-71.9486,41.75437],[-71.94709,41.75124],[-71.94528,41.75437]]]},"properties":{"type":"REC_FIXED_SITE_US","name":"Yankee Flyers of CT - Rukstella Rd","identifier":"FAA-REC_FIXED_SITE_US:Yankee Flyers of CT - Rukstella Rd","lowerLimit":"GND","upperLimit":"700 ft AGL","authority":"FAA (Recreational Flyer Fixed Sites)"}},
{"type":"Feature","geometry":{"type":"Polygon","coordinates":[[[-71.9222,41.95351],[-71.92463,41.9517],[-71.92205,41.94989],[-71.9222,41.95351]]]},"properties":{"type":"REC_FIXED_SITE_US","name":"Yankee Flyers of CT - Messier Rd","identifier":"FAA-REC_FIXED_SITE_US:Yankee Flyers of CT - Messier Rd","lowerLimit":"GND","upperLimit":"700 ft AGL","authority":"FAA (Recreational Flyer Fixed Sites)"}},
{"type":"Feature","geometry":{"type":"Polygon","coordinates":[[[-71.89773,41.95469],[-71.90105,41.95204],[-71.89773,41.95204],[-71.89773,41.95469]]]},"properties":{"type":"REC_FIXED_SITE_US","name":"Yankee Flyers of CT - W Thompson Lake","identifier":"FAA-REC_FIXED_SITE_US:Yankee Flyers of CT - W Thompson Lake","lowerLimit":"GND","upperLimit":"700 ft AGL","authority":"FAA (Recreational Flyer Fixed Sites)"}},
{"type":"Feature","geometry":{"type":"Polygon","coordinates":[[[-71.84271,41.96741],[-71.84286,41.96379],[-71.84028,41.9656],[-71.84271,41.96741]]]},"properties":{"type":"REC_FIXED_SITE_US","name":"Yankee Flyers of CT - Gawron Field","identifier":"FAA-REC_FIXED_SITE_US:Yankee Flyers of CT - Gawron Field","lowerLimit":"GND","upperLimit":"700 ft AGL","authority":"FAA (Recreational Flyer Fixed Sites)"}},
{"type":"Feature","geometry":{"type":"Polygon","coordinates":[[[-71.95286,41.92337],[-71.95301,41.91975],[-71.95043,41.92156],[-71.95286,41.92337]]]},"properties":{"type":"REC_FIXED_SITE_US","name":"Rudy Tomasik RC Flyers-Woodstock Airport","identifier":"FAA-REC_FIXED_SITE_US:Rudy Tomasik RC Flyers-Woodstock Airport","lowerLimit":"GND","upperLimit":"700 ft AGL","authority":"FAA (Recreational Flyer Fixed Sites)"}},
{"type":"Feature","geometry":{"type":"Polygon","coordinates":[[[-71.8619,41.36004],[-71.8643,41.35812],[-71.86175,41.35642],[-71.8619,41.36004]]]},"properties":{"type":"REC_FIXED_SITE_US","name":"Borderline R/C Flyers - Greenhaven Rd","identifier":"FAA-REC_FIXED_SITE_US:Borderline R/C Flyers - Greenhaven Rd","lowerLimit":"GND","upperLimit":"700 ft AGL","authority":"FAA (Recreational Flyer Fixed Sites)"}},
{"type":"Feature","geometry":{"type":"Polygon","coordinates":[[[-72.22634,41.4941],[-72.22649,41.49048],[-72.22393,41.49218],[-72.22634,41.4941]]]},"properties":{"type":"REC_FIXED_SITE_US","name":"RC Propbusters Inc - Norwich","identifier":"FAA-REC_FIXED_SITE_US:RC Propbusters Inc - Norwich","lowerLimit":"GND","upperLimit":"1200 ft AGL","authority":"FAA (Recreational Flyer Fixed Sites)"}},
{"type":"Feature","geometry":{"type":"Polygon","coordinates":[[[-72.68582,41.47433],[-72.68912,41.47433],[-72.68747,41.47119],[-72.68582,41.47433]]]},"properties":{"type":"REC_FIXED_SITE_US","name":"SAM 7 - Whites Farm","identifier":"FAA-REC_FIXED_SITE_US:SAM 7 - Whites Farm","lowerLimit":"GND","upperLimit":"700 ft AGL","authority":"FAA (Recreational Flyer Fixed Sites)"}},
{"type":"Feature","geometry":{"type":"Polygon","coordinates":[[[-72.60744,41.54734],[-72.6076,41.54372],[-72.60503,41.54553],[-72.60744,41.54734]]]},"properties":{"type":"REC_FIXED_SITE_US","name":"Middlesex Aero Modelers- Reservoir Rd","identifier":"FAA-REC_FIXED_SITE_US:Middlesex Aero Modelers- Reservoir Rd","lowerLimit":"GND","upperLimit":"700 ft AGL","authority":"FAA (Recreational Flyer Fixed Sites)"}},
{"type":"Feature","geometry":{"type":"Polygon","coordinates":[[[-72.68416,41.58827],[-72.68833,41.58714],[-72.68607,41.58522],[-72.68416,41.58827]]]},"properties":{"type":"REC_FIXED_SITE_US","name":"Middlesex Aero Modelers - Newfield Meadows","identifier":"FAA-REC_FIXED_SITE_US:Middlesex Aero Modelers - Newfield Meadows","lowerLimit":"GND","upperLimit":"700 ft AGL","authority":"FAA (Recreational Flyer Fixed Sites)"}},
{"type":"Feature","geometry":{"type":"Polygon","coordinates":[[[-73.24797,41.31326],[-73.24982,41.31029],[-73.24643,41.31005],[-73.24797,41.31326]]]},"properties":{"type":"REC_FIXED_SITE_US","name":"White Hills Eagles RC Club, Inc - Wolfe Park","identifier":"FAA-REC_FIXED_SITE_US:White Hills Eagles RC Club, Inc - Wolfe Park","lowerLimit":"GND","upperLimit":"700 ft AGL","authority":"FAA (Recreational Flyer Fixed Sites)"}},
{"type":"Feature","geometry":{"type":"Polygon","coordinates":[[[-73.28665,41.3677],[-73.2907,41.36627],[-73.28815,41.36457],[-73.28665,41.3677]]]},"properties":{"type":"REC_FIXED_SITE_US","name":"Connecticut Silent Flyers - Orchard Hill Rd","identifier":"FAA-REC_FIXED_SITE_US:Connecticut Silent Flyers - Orchard Hill Rd","lowerLimit":"GND","upperLimit":"700 ft AGL","authority":"FAA (Recreational Flyer Fixed Sites)"}},
{"type":"Feature","geometry":{"type":"Polygon","coordinates":[[[-72.81315,41.40127],[-72.81721,41.39995],[-72.81465,41.39814],[-72.81315,41.40127]]]},"properties":{"type":"REC_FIXED_SITE_US","name":"Eastcoast Swamp Flyers RC Inc - Tops Field","identifier":"FAA-REC_FIXED_SITE_US:Eastcoast Swamp Flyers RC Inc - Tops Field","lowerLimit":"GND","upperLimit":"700 ft AGL","authority":"FAA (Recreational Flyer Fixed Sites)"}},
{"type":"Feature","geometry":{"type":"Polygon","coordinates":[[[-73.14908,41.32874],[-73.15258,41.32626],[-73.1493,41.3261],[-73.14908,41.32874]]]},"properties":{"type":"REC_FIXED_SITE_US","name":"White Hills Eagles RC Club Inc - Birdseye Rd","identifier":"FAA-REC_FIXED_SITE_US:White Hills Eagles RC Club Inc - Birdseye Rd","lowerLimit":"GND","upperLimit":"700 ft AGL","authority":"FAA (Recreational Flyer Fixed Sites)"}},
{"type":"Feature","geometry":{"type":"Polygon","coordinates":[[[-73.28794,41.45565],[-73.28959,41.45252],[-73.28618,41.4526],[-73.28794,41.45565]]]},"properties":{"type":"REC_FIXED_SITE_US","name":"Fairfield League of Yankee Rcers - Southbury Field","identifier":"FAA-REC_FIXED_SITE_US:Fairfield League of Yankee Rcers - Southbury Field","lowerLimit":"GND","upperLimit":"700 ft AGL","authority":"FAA (Recreational Flyer Fixed Sites)"}},
{"type":"Feature","geometry":{"type":"Polygon","coordinates":[[[-73.48398,41.71734],[-73.48729,41.71469],[-73.48398,41.71469],[-73.48398,41.71734]]]},"properties":{"type":"REC_FIXED_SITE_US","name":"Kent R/C Flyers - Kent School","identifier":"FAA-REC_FIXED_SITE_US:Kent R/C Flyers - Kent School","lowerLimit":"GND","upperLimit":"700 ft AGL","authority":"FAA (Recreational Flyer Fixed Sites)"}},
{"type":"Feature","geometry":{"type":"Polygon","coordinates":[[[-73.41256,41.56479],[-73.41497,41.56298],[-73.4124,41.56117],[-73.41256,41.56479]]]},"properties":{"type":"REC_FIXED_SITE_US","name":"New Milford Model Airplane Club - John Pettibone Fields","identifier":"FAA-REC_FIXED_SITE_US:New Milford Model Airplane Club - John Pettibone Fields","lowerLimit":"GND","upperLimit":"1200 ft AGL","authority":"FAA (Recreational Flyer Fixed Sites)"}},
{"type":"Feature","geometry":{"type":"Polygon","coordinates":[[[-73.40917,41.54788],[-73.41269,41.5454],[-73.40939,41.54524],[-73.40917,41.54788]]]},"properties":{"type":"REC_FIXED_SITE_US","name":"New Milford Model Airplane Club - 189 Pickett District Rd","identifier":"FAA-REC_FIXED_SITE_US:New Milford Model Airplane Club - 189 Pickett District Rd","lowerLimit":"GND","upperLimit":"1200 ft AGL","authority":"FAA (Recreational Flyer Fixed Sites)"}},
{"type":"Feature","geometry":{"type":"Polygon","coordinates":[[[-73.25934,41.55624],[-73.26286,41.55376],[-73.25956,41.5536],[-73.25934,41.55624]]]},"properties":{"type":"REC_FIXED_SITE_US","name":"Good Hill Giant Scale R/C Flyers - Good Hill Farm Airport","identifier":"FAA-REC_FIXED_SITE_US:Good Hill Giant Scale R/C Flyers - Good Hill Farm Airport","lowerLimit":"GND","upperLimit":"700 ft AGL","authority":"FAA (Recreational Flyer Fixed Sites)"}},
{"type":"Feature","geometry":{"type":"Polygon","coordinates":[[[-73.12223,41.84271],[-73.12631,41.84127],[-73.12358,41.83959],[-73.12223,41.84271]]]},"properties":{"type":"REC_FIXED_SITE_US","name":"The Balsa Bandits - Sunybrook State Park","identifier":"FAA-REC_FIXED_SITE_US:The Balsa Bandits - Sunybrook State Park","lowerLimit":"GND","upperLimit":"1200 ft AGL","authority":"FAA (Recreational Flyer Fixed Sites)"}},
{"type":"Feature","geometry":{"type":"Polygon","coordinates":[[[-73.32778,41.11775],[-73.32953,41.1147],[-73.32539,41.11582],[-73.32778,41.11775]]]},"properties":{"type":"REC_FIXED_SITE_US","name":"Country Squire Modelers - Sherwood Island State Park","identifier":"FAA-REC_FIXED_SITE_US:Country Squire Modelers - Sherwood Island State Park","lowerLimit":"GND","upperLimit":"700 ft AGL","authority":"FAA (Recreational Flyer Fixed Sites)"}},
{"type":"Feature","geometry":{"type":"Polygon","coordinates":[[[-73.43414,41.21857],[-73.43599,41.2156],[-73.43174,41.21665],[-73.43414,41.21857]]]},"properties":{"type":"REC_FIXED_SITE_US","name":"Country Squire Modelers - Allen's Meadows Park","identifier":"FAA-REC_FIXED_SITE_US:Country Squire Modelers - Allen's Meadows Park","lowerLimit":"GND","upperLimit":"700 ft AGL","authority":"FAA (Recreational Flyer Fixed Sites)"}},
{"type":"Feature","geometry":{"type":"Polygon","coordinates":[[[-75.7278,39.55531],[-75.73078,39.55251],[-75.72758,39.55267],[-75.7278,39.55531]]]},"properties":{"type":"REC_FIXED_SITE_US","name":"Delaware RC Club - Lums Pond State Park","identifier":"FAA-REC_FIXED_SITE_US:Delaware RC Club - Lums Pond State Park","lowerLimit":"GND","upperLimit":"700 ft AGL","authority":"FAA (Recreational Flyer Fixed Sites)"}},
{"type":"Feature","geometry":{"type":"Polygon","coordinates":[[[-75.732,39.72938],[-75.73522,39.72673],[-75.732,39.72673],[-75.732,39.72938]]]},"properties":{"type":"REC_FIXED_SITE_US","name":"Silent Knights Soaring Society - SKSS Field","identifier":"FAA-REC_FIXED_SITE_US:Silent Knights Soaring Society - SKSS Field","lowerLimit":"GND","upperLimit":"700 ft AGL","authority":"FAA (Recreational Flyer Fixed Sites)"}},
{"type":"Feature","geometry":{"type":"Polygon","coordinates":[[[-75.714,39.04204],[-75.71579,39.03907],[-75.71252,39.03883],[-75.714,39.04204]]]},"properties":{"type":"REC_FIXED_SITE_US","name":"Kent County Aeromodelers Inc. - Mahan Corner Rd","identifier":"FAA-REC_FIXED_SITE_US:Kent County Aeromodelers Inc. - Mahan Corner Rd","lowerLimit":"GND","upperLimit":"1200 ft AGL","authority":"FAA (Recreational Flyer Fixed Sites)"}},
{"type":"Feature","geometry":{"type":"Polygon","coordinates":[[[-75.21472,38.72236],[-75.2165,38.71939],[-75.21241,38.72044],[-75.21472,38.72236]]]},"properties":{"type":"REC_FIXED_SITE_US","name":"Lewes RC Club - Fisher Rd","identifier":"FAA-REC_FIXED_SITE_US:Lewes RC Club - Fisher Rd","lowerLimit":"GND","upperLimit":"700 ft AGL","authority":"FAA (Recreational Flyer Fixed Sites)"}},
{"type":"Feature","geometry":{"type":"Polygon","coordinates":[[[-75.57583,38.61986],[-75.57761,38.61689],[-75.57436,38.61665],[-75.57583,38.61986]]]},"properties":{"type":"REC_FIXED_SITE_US","name":"Sussex Aeromodelers Club (SAC) - Bethel Concord Rd","identifier":"FAA-REC_FIXED_SITE_US:Sussex Aeromodelers Club (SAC) - Bethel Concord Rd","lowerLimit":"GND","upperLimit":"700 ft AGL","authority":"FAA (Recreational Flyer Fixed Sites)"}},
{"type":"Feature","geometry":{"type":"Polygon","coordinates":[[[-82.85023,29.94489],[-82.85037,29.94126],[-82.84815,29.94307],[-82.85023,29.94489]]]},"properties":{"type":"REC_FIXED_SITE_US","name":"Suwannee Valley RC Flying Club - Garrett Farms","identifier":"FAA-REC_FIXED_SITE_US:Suwannee Valley RC Flying Club - Garrett Farms","lowerLimit":"GND","upperLimit":"1200 ft AGL","authority":"FAA (Recreational Flyer Fixed Sites)"}},
{"type":"Feature","geometry":{"type":"Polygon","coordinates":[[[-82.69271,30.11814],[-82.69623,30.11693],[-82.69427,30.115],[-82.69271,30.11814]]]},"properties":{"type":"REC_FIXED_SITE_US","name":"Lake City R/C - Dyal Ave","identifier":"FAA-REC_FIXED_SITE_US:Lake City R/C - Dyal Ave","lowerLimit":"GND","upperLimit":"1200 ft AGL","authority":"FAA (Recreational Flyer Fixed Sites)"}},
{"type":"Feature","geometry":{"type":"Polygon","coordinates":[[[-81.5,29.79292],[-81.50304,29.79044],[-81.50019,29.79028],[-81.5,29.79292]]]},"properties":{"type":"REC_FIXED_SITE_US","name":"Ancient City RC Flyers, Inc - Parker Field","identifier":"FAA-REC_FIXED_SITE_US:Ancient City RC Flyers, Inc - Parker Field","lowerLimit":"GND","upperLimit":"1200 ft AGL","authority":"FAA (Recreational Flyer Fixed Sites)"}},
{"type":"Feature","geometry":{"type":"Polygon","coordinates":[[[-81.55516,30.62104],[-81.55822,30.61856],[-81.55516,30.6184],[-81.55516,30.62104]]]},"properties":{"type":"REC_FIXED_SITE_US","name":"Island Flyers R/C Club - Nassau County Lofton Creek Landfill","identifier":"FAA-REC_FIXED_SITE_US:Island Flyers R/C Club - Nassau County Lofton Creek Landfill","lowerLimit":"GND","upperLimit":"700 ft AGL","authority":"FAA (Recreational Flyer Fixed Sites)"}},
{"type":"Feature","geometry":{"type":"Polygon","coordinates":[[[-81.76257,30.08532],[-81.76543,30.08532],[-81.76413,30.08219],[-81.76257,30.08532]]]},"properties":{"type":"REC_FIXED_SITE_US","name":"Clay County Flyers RC Club - Doctors Inlet Enviromental Convenience Center","identifier":"FAA-REC_FIXED_SITE_US:Clay County Flyers RC Club - Doctors Inlet Enviromental Convenience Center","lowerLimit":"GND","upperLimit":"1200 ft AGL","authority":"FAA (Recreational Flyer Fixed Sites)"}},
{"type":"Feature","geometry":{"type":"Polygon","coordinates":[[[-81.40953,29.84451],[-81.41161,29.84281],[-81.4082,29.8413],[-81.40953,29.84451]]]},"properties":{"type":"REC_FIXED_SITE_US","name":"Saint Augustine RC Flyers-St Johns Solid Waste","identifier":"FAA-REC_FIXED_SITE_US:Saint Augustine RC Flyers-St Johns Solid Waste","lowerLimit":"GND","upperLimit":"1200 ft AGL","authority":"FAA (Recreational Flyer Fixed Sites)"}},
{"type":"Feature","geometry":{"type":"Polygon","coordinates":[[[-82.12557,29.93166],[-82.12842,29.93166],[-82.127,29.92852],[-82.12557,29.93166]]]},"properties":{"type":"REC_FIXED_SITE_US","name":"Keystone Cloud Busters - Keystone Heights Airport","identifier":"FAA-REC_FIXED_SITE_US:Keystone Cloud Busters - Keystone Heights Airport","lowerLimit":"GND","upperLimit":"700 ft AGL","authority":"FAA (Recreational Flyer Fixed Sites)"}},
{"type":"Feature","geometry":{"type":"Polygon","coordinates":[[[-81.93388,28.90487],[-81.93388,28.90123],[-81.93182,28.90294],[-81.93388,28.90487]]]},"properties":{"type":"REC_FIXED_SITE_US","name":"Southern Eagle Squadron - Sunshower LN","identifier":"FAA-REC_FIXED_SITE_US:Southern Eagle Squadron - Sunshower LN","lowerLimit":"GND","upperLimit":"700 ft AGL","authority":"FAA (Recreational Flyer Fixed Sites)"}},
{"type":"Feature","geometry":{"type":"Polygon","coordinates":[[[-81.9975,28.93582],[-81.9975,28.93218],[-81.99544,28.93389],[-81.9975,28.93582]]]},"properties":{"type":"REC_FIXED_SITE_US","name":"Villages 'E' Flyers - Buena Vista Blvd","identifier":"FAA-REC_FIXED_SITE_US:Villages 'E' Flyers - Buena Vista Blvd","lowerLimit":"GND","upperLimit":"700 ft AGL","authority":"FAA (Recreational Flyer Fixed Sites)"}},
{"type":"Feature","geometry":{"type":"Polygon","coordinates":[[[-82.00419,28.80262],[-82.00419,28.79898],[-82.00213,28.80069],[-82.00419,28.80262]]]},"properties":{"type":"REC_FIXED_SITE_US","name":"Villages 'E' Flyers - Everglades Recreation Center","identifier":"FAA-REC_FIXED_SITE_US:Villages 'E' Flyers - Everglades Recreation Center","lowerLimit":"GND","upperLimit":"1200 ft AGL","authority":"FAA (Recreational Flyer Fixed Sites)"}},
{"type":"Feature","geometry":{"type":"Polygon","coordinates":[[[-81.54872,30.44776],[-81.54885,30.44413],[-81.54663,30.44583],[-81.54872,30.44776]]]},"properties":{"type":"REC_FIXED_SITE_US","name":"RC Club of Jacksonville - Island Dr","identifier":"FAA-REC_FIXED_SITE_US:RC Club of Jacksonville - Island Dr","lowerLimit":"GND","upperLimit":"700 ft AGL","authority":"FAA (Recreational Flyer Fixed Sites)"}},
{"type":"Feature","geometry":{"type":"Polygon","coordinates":[[[-86.1339,30.77691],[-86.13552,30.77394],[-86.13256,30.7737],[-86.1339,30.77691]]]},"properties":{"type":"REC_FIXED_SITE_US","name":"Eglin Aero Modellers - Cat Island Park","identifier":"FAA-REC_FIXED_SITE_US:Eglin Aero Modellers - Cat Island Park","lowerLimit":"GND","upperLimit":"700 ft AGL","authority":"FAA (Recreational Flyer Fixed Sites)"}},
{"type":"Feature","geometry":{"type":"Polygon","coordinates":[[[-85.15913,30.73025],[-85.16067,30.72719],[-85.1576,30.72719],[-85.15913,30.73025]]]},"properties":{"type":"REC_FIXED_SITE_US","name":"Chipola RC Aviators - Old Spanish Trail","identifier":"FAA-REC_FIXED_SITE_US:Chipola RC Aviators - Old Spanish Trail","lowerLimit":"GND","upperLimit":"1200 ft AGL","authority":"FAA (Recreational Flyer Fixed Sites)"}},
{"type":"Feature","geometry":{"type":"Polygon","coordinates":[[[-87.34456,30.51997],[-87.34618,30.517],[-87.34323,30.51676],[-87.34456,30.51997]]]},"properties":{"type":"REC_FIXED_SITE_US","name":"Northwest Florida Modelers, Inc. - Fritz Field","identifier":"FAA-REC_FIXED_SITE_US:Northwest Florida Modelers, Inc. - Fritz Field","lowerLimit":"GND","upperLimit":"700 ft AGL","authority":"FAA (Recreational Flyer Fixed Sites)"}},
{"type":"Feature","geometry":{"type":"Polygon","coordinates":[[[-86.35896,30.81109],[-86.36058,30.80811],[-86.35762,30.80787],[-86.35896,30.81109]]]},"properties":{"type":"REC_FIXED_SITE_US","name":"Crestview Model Aviators - Richardson Rd","identifier":"FAA-REC_FIXED_SITE_US:Crestview Model Aviators - Richardson Rd","lowerLimit":"GND","upperLimit":"1200 ft AGL","authority":"FAA (Recreational Flyer Fixed Sites)"}},
{"type":"Feature","geometry":{"type":"Polygon","coordinates":[[[-86.38084,30.76895],[-86.38218,30.76574],[-86.37922,30.76598],[-86.38084,30.76895]]]},"properties":{"type":"REC_FIXED_SITE_US","name":"Mill Creek Aerodrome, Inc - Laird Rd","identifier":"FAA-REC_FIXED_SITE_US:Mill Creek Aerodrome, Inc - Laird Rd","lowerLimit":"GND","upperLimit":"1200 ft AGL","authority":"FAA (Recreational Flyer Fixed Sites)"}},
{"type":"Feature","geometry":{"type":"Polygon","coordinates":[[[-87.15886,30.85482],[-87.15886,30.85119],[-87.15676,30.85289],[-87.15886,30.85482]]]},"properties":{"type":"REC_FIXED_SITE_US","name":"Fallen Heroes Memorial R/C - Park Jay Field","identifier":"FAA-REC_FIXED_SITE_US:Fallen Heroes Memorial R/C - Park Jay Field","lowerLimit":"GND","upperLimit":"1200 ft AGL","authority":"FAA (Recreational Flyer Fixed Sites)"}},
{"type":"Feature","geometry":{"type":"Polygon","coordinates":[[[-82.55692,29.53599],[-82.55844,29.53294],[-82.55485,29.53407],[-82.55692,29.53599]]]},"properties":{"type":"REC_FIXED_SITE_US","name":"Flying Gators Inc - 130th Ave","identifier":"FAA-REC_FIXED_SITE_US:Flying Gators Inc - 130th Ave","lowerLimit":"GND","upperLimit":"1200 ft AGL","authority":"FAA (Recreational Flyer Fixed Sites)"}},
{"type":"Feature","geometry":{"type":"Polygon","coordinates":[[[-81.28676,29.07724],[-81.28689,29.07361],[-81.2847,29.07531],[-81.28676,29.07724]]]},"properties":{"type":"REC_FIXED_SITE_US","name":"Deland RC Club - Deland Airport","identifier":"FAA-REC_FIXED_SITE_US:Deland RC Club - Deland Airport","lowerLimit":"GND","upperLimit":"700 ft AGL","authority":"FAA (Recreational Flyer Fixed Sites)"}},
{"type":"Feature","geometry":{"type":"Polygon","coordinates":[[[-81.23458,29.14251],[-81.23742,29.14251],[-81.23613,29.13938],[-81.23458,29.14251]]]},"properties":{"type":"REC_FIXED_SITE_US","name":"Screaming Eagles Model Airplane Club, Gray site","identifier":"FAA-REC_FIXED_SITE_US:Screaming Eagles Model Airplane Club, Gray site","lowerLimit":"GND","upperLimit":"700 ft AGL","authority":"FAA (Recreational Flyer Fixed Sites)"}},
{"type":"Feature","geometry":{"type":"Polygon","coordinates":[[[-81.15179,28.76884],[-81.15452,28.76892],[-81.1532,28.7657],[-81.15179,28.76884]]]},"properties":{"type":"REC_FIXED_SITE_US","name":"Sanford Aero Modelers DBA Sams - FL 46","identifier":"FAA-REC_FIXED_SITE_US:Sanford Aero Modelers DBA Sams - FL 46","lowerLimit":"GND","upperLimit":"700 ft AGL","authority":"FAA (Recreational Flyer Fixed Sites)"}},
{"type":"Feature","geometry":{"type":"Polygon","coordinates":[[[-82.06218,28.70538],[-82.06231,28.70175],[-82.06012,28.70345],[-82.06218,28.70538]]]},"properties":{"type":"REC_FIXED_SITE_US","name":"RCInformer Field - SE 25th Street","identifier":"FAA-REC_FIXED_SITE_US:RCInformer Field - SE 25th Street","lowerLimit":"GND","upperLimit":"1200 ft AGL","authority":"FAA (Recreational Flyer Fixed Sites)"}},
{"type":"Feature","geometry":{"type":"Polygon","coordinates":[[[-80.70806,27.92376],[-80.7101,27.92194],[-80.70793,27.92013],[-80.70806,27.92376]]]},"properties":{"type":"REC_FIXED_SITE_US","name":"Florida Modelers Association - St. Andre Blvd","identifier":"FAA-REC_FIXED_SITE_US:Florida Modelers Association - St. Andre Blvd","lowerLimit":"GND","upperLimit":"1200 ft AGL","authority":"FAA (Recreational Flyer Fixed Sites)"}},
{"type":"Feature","geometry":{"type":"Polygon","coordinates":[[[-80.83717,28.38362],[-80.83717,28.37999],[-80.83512,28.3817],[-80.83717,28.38362]]]},"properties":{"type":"REC_FIXED_SITE_US","name":"Indian River Kontrol Society - Adamson Rd","identifier":"FAA-REC_FIXED_SITE_US:Indian River Kontrol Society - Adamson Rd","lowerLimit":"GND","upperLimit":"1200 ft AGL","authority":"FAA (Recreational Flyer Fixed Sites)"}},
{"type":"Feature","geometry":{"type":"Polygon","coordinates":[[[-80.55694,27.96792],[-80.55852,27.96494],[-80.55554,27.96478],[-80.55694,27.96792]]]},"properties":{"type":"REC_FIXED_SITE_US","name":"Indian River Kontrol Society - Valkaria Airport","identifier":"FAA-REC_FIXED_SITE_US:Indian River Kontrol Society - Valkaria Airport","lowerLimit":"GND","upperLimit":"700 ft AGL","authority":"FAA (Recreational Flyer Fixed Sites)"}},
{"type":"Feature","geometry":{"type":"Polygon","coordinates":[[[-80.6618,28.44335],[-80.6618,28.43971],[-80.65975,28.44142],[-80.6618,28.44335]]]},"properties":{"type":"REC_FIXED_SITE_US","name":"KARS Flyers - KARS Park","identifier":"FAA-REC_FIXED_SITE_US:KARS Flyers - KARS Park","lowerLimit":"GND","upperLimit":"700 ft AGL","authority":"FAA (Recreational Flyer Fixed Sites)"}},
{"type":"Feature","geometry":{"type":"Polygon","coordinates":[[[-80.52748,27.77642],[-80.52748,27.77279],[-80.52544,27.77449],[-80.52748,27.77642]]]},"properties":{"type":"REC_FIXED_SITE_US","name":"Airmasters RC Club - WW Ranch Rd","identifier":"FAA-REC_FIXED_SITE_US:Airmasters RC Club - WW Ranch Rd","lowerLimit":"GND","upperLimit":"700 ft AGL","authority":"FAA (Recreational Flyer Fixed Sites)"}},
{"type":"Feature","geometry":{"type":"Polygon","coordinates":[[[-80.51824,25.60504],[-80.5217,25.60391],[-80.5197,25.60198],[-80.51824,25.60504]]]},"properties":{"type":"REC_FIXED_SITE_US","name":"Aero Modelers of Perrine Inc - Silver Field","identifier":"FAA-REC_FIXED_SITE_US:Aero Modelers of Perrine Inc - Silver Field","lowerLimit":"GND","upperLimit":"700 ft AGL","authority":"FAA (Recreational Flyer Fixed Sites)"}},
{"type":"Feature","geometry":{"type":"Polygon","coordinates":[[[-80.3486,26.12762],[-80.3486,26.12398],[-80.34659,26.12569],[-80.3486,26.12762]]]},"properties":{"type":"REC_FIXED_SITE_US","name":"Opa Locka Flying Tigers - Markham Park Airfield","identifier":"FAA-REC_FIXED_SITE_US:Opa Locka Flying Tigers - Markham Park Airfield","lowerLimit":"GND","upperLimit":"1200 ft AGL","authority":"FAA (Recreational Flyer Fixed Sites)"}},
{"type":"Feature","geometry":{"type":"Polygon","coordinates":[[[-80.34764,26.14342],[-80.34901,26.14028],[-80.34562,26.14161],[-80.34764,26.14342]]]},"properties":{"type":"REC_FIXED_SITE_US","name":"Markham Park Pilots Association - Markham Park Airfield","identifier":"FAA-REC_FIXED_SITE_US:Markham Park Pilots Association - Markham Park Airfield","lowerLimit":"GND","upperLimit":"1200 ft AGL","authority":"FAA (Recreational Flyer Fixed Sites)"}},
{"type":"Feature","geometry":{"type":"Polygon","coordinates":[[[-80.34133,26.06832],[-80.34408,26.06848],[-80.34426,26.06584],[-80.34133,26.06832]]]},"properties":{"type":"REC_FIXED_SITE_US","name":"Vista View RC - Vista View Park","identifier":"FAA-REC_FIXED_SITE_US:Vista View RC - Vista View Park","lowerLimit":"GND","upperLimit":"1200 ft AGL","authority":"FAA (Recreational Flyer Fixed Sites)"}},
{"type":"Feature","geometry":{"type":"Polygon","coordinates":[[[-80.13037,26.78137],[-80.1324,26.77955],[-80.12835,26.77944],[-80.13037,26.78137]]]},"properties":{"type":"REC_FIXED_SITE_US","name":"RC Bush Pilots - Dyer Park","identifier":"FAA-REC_FIXED_SITE_US:RC Bush Pilots - Dyer Park","lowerLimit":"GND","upperLimit":"700 ft AGL","authority":"FAA (Recreational Flyer Fixed Sites)"}},
{"type":"Feature","geometry":{"type":"Polygon","coordinates":[[[-80.21592,26.46603],[-80.21868,26.46603],[-80.21858,26.4633],[-80.21592,26.46603]]]},"properties":{"type":"REC_FIXED_SITE_US","name":"Palm Beach R/C Association - West Delray Regional Park","identifier":"FAA-REC_FIXED_SITE_US:Palm Beach R/C Association - West Delray Regional Park","lowerLimit":"GND","upperLimit":"1200 ft AGL","authority":"FAA (Recreational Flyer Fixed Sites)"}},
{"type":"Feature","geometry":{"type":"Polygon","coordinates":[[[-80.18588,27.0408],[-80.18601,27.03717],[-80.18386,27.03887],[-80.18588,27.0408]]]},"properties":{"type":"REC_FIXED_SITE_US","name":"Martin County Modelers - Hobe Sound Landfill","identifier":"FAA-REC_FIXED_SITE_US:Martin County Modelers - Hobe Sound Landfill","lowerLimit":"GND","upperLimit":"1200 ft AGL","authority":"FAA (Recreational Flyer Fixed Sites)"}},
{"type":"Feature","geometry":{"type":"Polygon","coordinates":[[[-81.2986,26.81792],[-81.2986,26.81428],[-81.29658,26.81599],[-81.2986,26.81792]]]},"properties":{"type":"REC_FIXED_SITE_US","name":"Clewiston Flyers - FL 78","identifier":"FAA-REC_FIXED_SITE_US:Clewiston Flyers - FL 78","lowerLimit":"GND","upperLimit":"1200 ft AGL","authority":"FAA (Recreational Flyer Fixed Sites)"}},
{"type":"Feature","geometry":{"type":"Polygon","coordinates":[[[-82.30891,28.30027],[-82.31191,28.29779],[-82.3091,28.29763],[-82.30891,28.30027]]]},"properties":{"type":"REC_FIXED_SITE_US","name":"Zephyrhills Can-Am Flyers - McKendree Rd","identifier":"FAA-REC_FIXED_SITE_US:Zephyrhills Can-Am Flyers - McKendree Rd","lowerLimit":"GND","upperLimit":"1200 ft AGL","authority":"FAA (Recreational Flyer Fixed Sites)"}},
{"type":"Feature","geometry":{"type":"Polygon","coordinates":[[[-82.29253,28.01886],[-82.29533,28.01622],[-82.29253,28.01606],[-82.29253,28.01886]]]},"properties":{"type":"REC_FIXED_SITE_US","name":"Tampa RC Aircraft Club Inc - Taylor Rd","identifier":"FAA-REC_FIXED_SITE_US:Tampa RC Aircraft Club Inc - Taylor Rd","lowerLimit":"GND","upperLimit":"700 ft AGL","authority":"FAA (Recreational Flyer Fixed Sites)"}},
{"type":"Feature","geometry":{"type":"Polygon","coordinates":[[[-82.22,27.95902],[-82.22158,27.95604],[-82.2186,27.95588],[-82.22,27.95902]]]},"properties":{"type":"REC_FIXED_SITE_US","name":"Florida Float Flyers, Inc - Dover Rd","identifier":"FAA-REC_FIXED_SITE_US:Florida Float Flyers, Inc - Dover Rd","lowerLimit":"GND","upperLimit":"700 ft AGL","authority":"FAA (Recreational Flyer Fixed Sites)"}},
{"type":"Feature","geometry":{"type":"Polygon","coordinates":[[[-82.05479,28.60572],[-82.05761,28.60308],[-82.05479,28.60308],[-82.05479,28.60572]]]},"properties":{"type":"REC_FIXED_SITE_US","name":"Band of Buzzards -S Market Blvd","identifier":"FAA-REC_FIXED_SITE_US:Band of Buzzards -S Market Blvd","lowerLimit":"GND","upperLimit":"1200 ft AGL","authority":"FAA (Recreational Flyer Fixed Sites)"}},
{"type":"Feature","geometry":{"type":"Polygon","coordinates":[[[-82.77524,27.91223],[-82.77813,27.90966],[-82.77524,27.90958],[-82.77524,27.91223]]]},"properties":{"type":"REC_FIXED_SITE_US","name":"Largo Flying Club Inc - 8th Ave","identifier":"FAA-REC_FIXED_SITE_US:Largo Flying Club Inc - 8th Ave","lowerLimit":"GND","upperLimit":"700 ft AGL","authority":"FAA (Recreational Flyer Fixed Sites)"}},
{"type":"Feature","geometry":{"type":"Polygon","coordinates":[[[-81.4886,27.61772],[-81.49009,27.61466],[-81.48711,27.61466],[-81.4886,27.61772]]]},"properties":{"type":"REC_FIXED_SITE_US","name":"Avon Park Aeromodelers, Inc - CR 17A","identifier":"FAA-REC_FIXED_SITE_US:Avon Park Aeromodelers, Inc - CR 17A","lowerLimit":"GND","upperLimit":"700 ft AGL","authority":"FAA (Recreational Flyer Fixed Sites)"}},
{"type":"Feature","geometry":{"type":"Polygon","coordinates":[[[-81.73349,27.80252],[-81.73684,27.80112],[-81.7348,27.7993],[-81.73349,27.80252]]]},"properties":{"type":"REC_FIXED_SITE_US","name":"Imperial RC Club - Sinkhole Rd","identifier":"FAA-REC_FIXED_SITE_US:Imperial RC Club - Sinkhole Rd","lowerLimit":"GND","upperLimit":"1200 ft AGL","authority":"FAA (Recreational Flyer Fixed Sites)"}},
{"type":"Feature","geometry":{"type":"Polygon","coordinates":[[[-81.81722,27.83543],[-81.81722,27.83179],[-81.81518,27.8335],[-81.81722,27.83543]]]},"properties":{"type":"REC_FIXED_SITE_US","name":"Imperial RC Club - Homeland","identifier":"FAA-REC_FIXED_SITE_US:Imperial RC Club - Homeland","lowerLimit":"GND","upperLimit":"1200 ft AGL","authority":"FAA (Recreational Flyer Fixed Sites)"}},
{"type":"Feature","geometry":{"type":"Polygon","coordinates":[[[-81.39889,27.22376],[-81.39902,27.22013],[-81.39686,27.22183],[-81.39889,27.22376]]]},"properties":{"type":"REC_FIXED_SITE_US","name":"Lake Placid Aeromodelers - Riley Field","identifier":"FAA-REC_FIXED_SITE_US:Lake Placid Aeromodelers - Riley Field","lowerLimit":"GND","upperLimit":"1200 ft AGL","authority":"FAA (Recreational Flyer Fixed Sites)"}},
{"type":"Feature","geometry":{"type":"Polygon","coordinates":[[[-81.94554,27.89743],[-81.94758,27.89573],[-81.94424,27.89421],[-81.94554,27.89743]]]},"properties":{"type":"REC_FIXED_SITE_US","name":"Imperial RC Club Inc - FL 60","identifier":"FAA-REC_FIXED_SITE_US:Imperial RC Club Inc - FL 60","lowerLimit":"GND","upperLimit":"700 ft AGL","authority":"FAA (Recreational Flyer Fixed Sites)"}},
{"type":"Feature","geometry":{"type":"Polygon","coordinates":[[[-81.79179,28.1725],[-81.79441,28.1697],[-81.79179,28.1697],[-81.79179,28.1725]]]},"properties":{"type":"REC_FIXED_SITE_US","name":"Mid-Florida R/C Club, Inc - Barfield Rd","identifier":"FAA-REC_FIXED_SITE_US:Mid-Florida R/C Club, Inc - Barfield Rd","lowerLimit":"GND","upperLimit":"1200 ft AGL","authority":"FAA (Recreational Flyer Fixed Sites)"}},
{"type":"Feature","geometry":{"type":"Polygon","coordinates":[[[-81.43102,27.94177],[-81.43307,27.93995],[-81.42962,27.93863],[-81.43102,27.94177]]]},"properties":{"type":"REC_FIXED_SITE_US","name":"Ridge Barnstormers of Lake Wales, Inc - Camp Mack Rd","identifier":"FAA-REC_FIXED_SITE_US:Ridge Barnstormers of Lake Wales, Inc - Camp Mack Rd","lowerLimit":"GND","upperLimit":"1200 ft AGL","authority":"FAA (Recreational Flyer Fixed Sites)"}},
{"type":"Feature","geometry":{"type":"Polygon","coordinates":[[[-81.9961,26.70653],[-81.9961,26.70289],[-81.99408,26.7046],[-81.9961,26.70653]]]},"properties":{"type":"REC_FIXED_SITE_US","name":"Seahawks Air Park","identifier":"FAA-REC_FIXED_SITE_US:Seahawks Air Park","lowerLimit":"GND","upperLimit":"1200 ft AGL","authority":"FAA (Recreational Flyer Fixed Sites)"}},
{"type":"Feature","geometry":{"type":"Polygon","coordinates":[[[-81.67752,26.0436],[-81.6789,26.04311],[-81.67905,26.04282],[-81.67953,26.0419],[-81.67899,26.04054],[-81.67765,26.03997],[-81.67631,26.0404],[-81.67614,26.04046],[-81.67551,26.04167],[-81.67605,26.04303],[-81.67752,26.0436]]]},"properties":{"type":"REC_FIXED_SITE_US","name":"Collier Model Aeronautics Club - Aviation Dr. South","identifier":"FAA-REC_FIXED_SITE_US:Collier Model Aeronautics Club - Aviation Dr. South","lowerLimit":"GND","upperLimit":"700 ft AGL","authority":"FAA (Recreational Flyer Fixed Sites)"}},
{"type":"Feature","geometry":{"type":"Polygon","coordinates":[[[-81.58639,26.30737],[-81.58777,26.30423],[-81.58437,26.30555],[-81.58639,26.30737]]]},"properties":{"type":"REC_FIXED_SITE_US","name":"Collier Fun Flyers Inc. - Collier County Agricultural and Fair Exposition","identifier":"FAA-REC_FIXED_SITE_US:Collier Fun Flyers Inc. - Collier County Agricultural and Fair Exposition","lowerLimit":"GND","upperLimit":"1200 ft AGL","authority":"FAA (Recreational Flyer Fixed Sites)"}},
{"type":"Feature","geometry":{"type":"Polygon","coordinates":[[[-82.3308,27.47432],[-82.33237,27.47134],[-82.32923,27.47134],[-82.3308,27.47432]]]},"properties":{"type":"REC_FIXED_SITE_US","name":"Sarasota Silent Flyers - FL 64","identifier":"FAA-REC_FIXED_SITE_US:Sarasota Silent Flyers - FL 64","lowerLimit":"GND","upperLimit":"1200 ft AGL","authority":"FAA (Recreational Flyer Fixed Sites)"}},
{"type":"Feature","geometry":{"type":"Polygon","coordinates":[[[-82.36695,27.50988],[-82.36852,27.5069],[-82.36538,27.5069],[-82.36695,27.50988]]]},"properties":{"type":"REC_FIXED_SITE_US","name":"Valkyries of Manatee Inc - Woodstock Rd","identifier":"FAA-REC_FIXED_SITE_US:Valkyries of Manatee Inc - Woodstock Rd","lowerLimit":"GND","upperLimit":"700 ft AGL","authority":"FAA (Recreational Flyer Fixed Sites)"}},
{"type":"Feature","geometry":{"type":"Polygon","coordinates":[[[-82.4917,27.58098],[-82.4944,27.57825],[-82.49161,27.57825],[-82.4917,27.58098]]]},"properties":{"type":"REC_FIXED_SITE_US","name":"Manatee County Radio Controllers - Carl Wegner Field, Manatee Co RC","identifier":"FAA-REC_FIXED_SITE_US:Manatee County Radio Controllers - Carl Wegner Field, Manatee Co RC","lowerLimit":"GND","upperLimit":"1200 ft AGL","authority":"FAA (Recreational Flyer Fixed Sites)"}},
{"type":"Feature","geometry":{"type":"Polygon","coordinates":[[[-82.02827,27.07691],[-82.02984,27.07393],[-82.02698,27.07369],[-82.02827,27.07691]]]},"properties":{"type":"REC_FIXED_SITE_US","name":"Charlotte Sport Modelers Society - CSMS RC Field","identifier":"FAA-REC_FIXED_SITE_US:Charlotte Sport Modelers Society - CSMS RC Field","lowerLimit":"GND","upperLimit":"1200 ft AGL","authority":"FAA (Recreational Flyer Fixed Sites)"}},
{"type":"Feature","geometry":{"type":"Polygon","coordinates":[[[-82.42995,29.04837],[-82.43278,29.04837],[-82.43137,29.04523],[-82.42995,29.04837]]]},"properties":{"type":"REC_FIXED_SITE_US","name":"Tri-County RC Club - Rainbow RC Airpark","identifier":"FAA-REC_FIXED_SITE_US:Tri-County RC Club - Rainbow RC Airpark","lowerLimit":"GND","upperLimit":"700 ft AGL","authority":"FAA (Recreational Flyer Fixed Sites)"}},
{"type":"Feature","geometry":{"type":"Polygon","coordinates":[[[-82.61514,29.02752],[-82.61665,29.02446],[-82.61363,29.02446],[-82.61514,29.02752]]]},"properties":{"type":"REC_FIXED_SITE_US","name":"Nature Coast R/Cers -SE 90th Ave","identifier":"FAA-REC_FIXED_SITE_US:Nature Coast R/Cers -SE 90th Ave","lowerLimit":"GND","upperLimit":"1200 ft AGL","authority":"FAA (Recreational Flyer Fixed Sites)"}},
{"type":"Feature","geometry":{"type":"Polygon","coordinates":[[[-82.42364,28.96472],[-82.42364,28.96108],[-82.42158,28.96279],[-82.42364,28.96472]]]},"properties":{"type":"REC_FIXED_SITE_US","name":"Central Ridge District Park","identifier":"FAA-REC_FIXED_SITE_US:Central Ridge District Park","lowerLimit":"GND","upperLimit":"700 ft AGL","authority":"FAA (Recreational Flyer Fixed Sites)"}},
{"type":"Feature","geometry":{"type":"Polygon","coordinates":[[[-82.52584,28.92476],[-82.52867,28.92212],[-82.52584,28.92212],[-82.52584,28.92476]]]},"properties":{"type":"REC_FIXED_SITE_US","name":"Pine Ridge RC Electric Airplane Club - Pine Ridge Blvd","identifier":"FAA-REC_FIXED_SITE_US:Pine Ridge RC Electric Airplane Club - Pine Ridge Blvd","lowerLimit":"GND","upperLimit":"700 ft AGL","authority":"FAA (Recreational Flyer Fixed Sites)"}},
{"type":"Feature","geometry":{"type":"Polygon","coordinates":[[[-82.12688,29.06112],[-82.12971,29.05847],[-82.12688,29.05847],[-82.12688,29.06112]]]},"properties":{"type":"REC_FIXED_SITE_US","name":"Ocala Flying Model Club -  110th St","identifier":"FAA-REC_FIXED_SITE_US:Ocala Flying Model Club -  110th St","lowerLimit":"GND","upperLimit":"700 ft AGL","authority":"FAA (Recreational Flyer Fixed Sites)"}},
{"type":"Feature","geometry":{"type":"Polygon","coordinates":[[[-82.2975,29.09597],[-82.29901,29.09292],[-82.29543,29.09416],[-82.2975,29.09597]]]},"properties":{"type":"REC_FIXED_SITE_US","name":"OTOW RC Flyers -  SW 94th St","identifier":"FAA-REC_FIXED_SITE_US:OTOW RC Flyers -  SW 94th St","lowerLimit":"GND","upperLimit":"700 ft AGL","authority":"FAA (Recreational Flyer Fixed Sites)"}},
{"type":"Feature","geometry":{"type":"Polygon","coordinates":[[[-82.02579,28.97753],[-82.02579,28.97389],[-82.02373,28.9756],[-82.02579,28.97753]]]},"properties":{"type":"REC_FIXED_SITE_US","name":"Villages \"E\" Flyers - First Responders Recreation Center","identifier":"FAA-REC_FIXED_SITE_US:Villages \"E\" Flyers - First Responders Recreation Center","lowerLimit":"GND","upperLimit":"700 ft AGL","authority":"FAA (Recreational Flyer Fixed Sites)"}},
{"type":"Feature","geometry":{"type":"Polygon","coordinates":[[[-81.97621,29.01593],[-81.97621,29.0123],[-81.97414,29.014],[-81.97621,29.01593]]]},"properties":{"type":"REC_FIXED_SITE_US","name":"Southern Eagle Squadron - Summerfield","identifier":"FAA-REC_FIXED_SITE_US:Southern Eagle Squadron - Summerfield","lowerLimit":"GND","upperLimit":"700 ft AGL","authority":"FAA (Recreational Flyer Fixed Sites)"}},
{"type":"Feature","geometry":{"type":"Polygon","coordinates":[[[-82.44485,28.3168],[-82.44485,28.31317],[-82.4428,28.31488],[-82.44485,28.3168]]]},"properties":{"type":"REC_FIXED_SITE_US","name":"BCF Area 52 Flying Field @ Conner Preserve","identifier":"FAA-REC_FIXED_SITE_US:BCF Area 52 Flying Field @ Conner Preserve","lowerLimit":"GND","upperLimit":"1200 ft AGL","authority":"FAA (Recreational Flyer Fixed Sites)"}},
{"type":"Feature","geometry":{"type":"Polygon","coordinates":[[[-81.54314,28.61007],[-81.54596,28.60743],[-81.54314,28.60743],[-81.54314,28.61007]]]},"properties":{"type":"REC_FIXED_SITE_US","name":"West Field - TORCHS RC Heli Club","identifier":"FAA-REC_FIXED_SITE_US:West Field - TORCHS RC Heli Club","lowerLimit":"GND","upperLimit":"700 ft AGL","authority":"FAA (Recreational Flyer Fixed Sites)"}},
{"type":"Feature","geometry":{"type":"Polygon","coordinates":[[[-80.5118,27.56919],[-80.51337,27.56621],[-80.51023,27.56621],[-80.5118,27.56919]]]},"properties":{"type":"REC_FIXED_SITE_US","name":"Archer Field - Butterfly Lane","identifier":"FAA-REC_FIXED_SITE_US:Archer Field - Butterfly Lane","lowerLimit":"GND","upperLimit":"1200 ft AGL","authority":"FAA (Recreational Flyer Fixed Sites)"}},
{"type":"Feature","geometry":{"type":"Polygon","coordinates":[[[-80.50917,27.09543],[-80.51046,27.09221],[-80.5076,27.09245],[-80.50917,27.09543]]]},"properties":{"type":"REC_FIXED_SITE_US","name":"Air Stormers RC Club - Wright Field","identifier":"FAA-REC_FIXED_SITE_US:Air Stormers RC Club - Wright Field","lowerLimit":"GND","upperLimit":"1200 ft AGL","authority":"FAA (Recreational Flyer Fixed Sites)"}},
{"type":"Feature","geometry":{"type":"Polygon","coordinates":[[[-80.49712,27.2921],[-80.49861,27.28904],[-80.49573,27.28896],[-80.49712,27.2921]]]},"properties":{"type":"REC_FIXED_SITE_US","name":"Sun Dancers RC Club - Germany Canal Rd","identifier":"FAA-REC_FIXED_SITE_US:Sun Dancers RC Club - Germany Canal Rd","lowerLimit":"GND","upperLimit":"1200 ft AGL","authority":"FAA (Recreational Flyer Fixed Sites)"}},
{"type":"Feature","geometry":{"type":"Polygon","coordinates":[[[-82.0236,28.85452],[-82.0236,28.85088],[-82.02154,28.85259],[-82.0236,28.85452]]]},"properties":{"type":"REC_FIXED_SITE_US","name":"Villages \"E\" Flyers - Wildwood Community Center","identifier":"FAA-REC_FIXED_SITE_US:Villages \"E\" Flyers - Wildwood Community Center","lowerLimit":"GND","upperLimit":"1200 ft AGL","authority":"FAA (Recreational Flyer Fixed Sites)"}},
{"type":"Feature","geometry":{"type":"Polygon","coordinates":[[[-81.42041,29.91872],[-81.42392,29.91751],[-81.42184,29.91558],[-81.42041,29.91872]]]},"properties":{"type":"REC_FIXED_SITE_US","name":"Team Flying Stagecoach - CR 208","identifier":"FAA-REC_FIXED_SITE_US:Team Flying Stagecoach - CR 208","lowerLimit":"GND","upperLimit":"700 ft AGL","authority":"FAA (Recreational Flyer Fixed Sites)"}},
{"type":"Feature","geometry":{"type":"Polygon","coordinates":[[[-81.05583,29.02322],[-81.05734,29.02016],[-81.05451,29.02],[-81.05583,29.02322]]]},"properties":{"type":"REC_FIXED_SITE_US","name":"Indian River RC Club - Parsley LN","identifier":"FAA-REC_FIXED_SITE_US:Indian River RC Club - Parsley LN","lowerLimit":"GND","upperLimit":"700 ft AGL","authority":"FAA (Recreational Flyer Fixed Sites)"}},
{"type":"Feature","geometry":{"type":"Polygon","coordinates":[[[-84.14488,30.42763],[-84.14697,30.42581],[-84.14474,30.424],[-84.14488,30.42763]]]},"properties":{"type":"REC_FIXED_SITE_US","name":"Seminole Radio Control Club - Apalachee Regional Park","identifier":"FAA-REC_FIXED_SITE_US:Seminole Radio Control Club - Apalachee Regional Park","lowerLimit":"GND","upperLimit":"1200 ft AGL","authority":"FAA (Recreational Flyer Fixed Sites)"}},
{"type":"Feature","geometry":{"type":"Polygon","coordinates":[[[-85.51933,30.2396],[-85.52094,30.23663],[-85.518,30.23639],[-85.51933,30.2396]]]},"properties":{"type":"REC_FIXED_SITE_US","name":"Dunes Golf Course","identifier":"FAA-REC_FIXED_SITE_US:Dunes Golf Course","lowerLimit":"GND","upperLimit":"1200 ft AGL","authority":"FAA (Recreational Flyer Fixed Sites)"}},
{"type":"Feature","geometry":{"type":"Polygon","coordinates":[[[-82.48341,29.24371],[-82.48501,29.24074],[-82.4819,29.24066],[-82.48341,29.24371]]]},"properties":{"type":"REC_FIXED_SITE_US","name":"One Wing Low Squadron - OWLS - SE 60th St","identifier":"FAA-REC_FIXED_SITE_US:One Wing Low Squadron - OWLS - SE 60th St","lowerLimit":"GND","upperLimit":"1200 ft AGL","authority":"FAA (Recreational Flyer Fixed Sites)"}},
{"type":"Feature","geometry":{"type":"Polygon","coordinates":[[[-81.5128,28.6444],[-81.51486,28.64259],[-81.51139,28.64126],[-81.5128,28.6444]]]},"properties":{"type":"REC_FIXED_SITE_US","name":"Remote Control Association of Central Florida - Don Lowe Field","identifier":"FAA-REC_FIXED_SITE_US:Remote Control Association of Central Florida - Don Lowe Field","lowerLimit":"GND","upperLimit":"700 ft AGL","authority":"FAA (Recreational Flyer Fixed Sites)"}},
{"type":"Feature","geometry":{"type":"Polygon","coordinates":[[[-81.01739,28.56566],[-81.02094,28.56453],[-81.01888,28.5626],[-81.01739,28.56566]]]},"properties":{"type":"REC_FIXED_SITE_US","name":"Orlando Buzzards RC Soaring Society, Inc - Fort Christmas Field","identifier":"FAA-REC_FIXED_SITE_US:Orlando Buzzards RC Soaring Society, Inc - Fort Christmas Field","lowerLimit":"GND","upperLimit":"1200 ft AGL","authority":"FAA (Recreational Flyer Fixed Sites)"}},
{"type":"Feature","geometry":{"type":"Polygon","coordinates":[[[-81.54653,28.90294],[-81.55001,28.90161],[-81.54782,28.8998],[-81.54653,28.90294]]]},"properties":{"type":"REC_FIXED_SITE_US","name":"Central Florida Sport Flyers - Lake Norris Rd","identifier":"FAA-REC_FIXED_SITE_US:Central Florida Sport Flyers - Lake Norris Rd","lowerLimit":"GND","upperLimit":"700 ft AGL","authority":"FAA (Recreational Flyer Fixed Sites)"}},
{"type":"Feature","geometry":{"type":"Polygon","coordinates":[[[-81.04874,26.73619],[-81.05076,26.73437],[-81.04861,26.73256],[-81.04874,26.73619]]]},"properties":{"type":"REC_FIXED_SITE_US","name":"Clewiston Flyers - Clewiston Airport","identifier":"FAA-REC_FIXED_SITE_US:Clewiston Flyers - Clewiston Airport","lowerLimit":"GND","upperLimit":"700 ft AGL","authority":"FAA (Recreational Flyer Fixed Sites)"}},
{"type":"Feature","geometry":{"type":"Polygon","coordinates":[[[-82.58363,28.19998],[-82.58568,28.19816],[-82.58222,28.19684],[-82.58363,28.19998]]]},"properties":{"type":"REC_FIXED_SITE_US","name":"W Pasco Model Pilots Association Inc - Gladstone Dr","identifier":"FAA-REC_FIXED_SITE_US:W Pasco Model Pilots Association Inc - Gladstone Dr","lowerLimit":"GND","upperLimit":"1200 ft AGL","authority":"FAA (Recreational Flyer Fixed Sites)"}},
{"type":"Feature","geometry":{"type":"Polygon","coordinates":[[[-82.24328,27.81047],[-82.24532,27.80865],[-82.24198,27.80725],[-82.24328,27.81047]]]},"properties":{"type":"REC_FIXED_SITE_US","name":"Triple Creek RC - Triple Creek RC Field","identifier":"FAA-REC_FIXED_SITE_US:Triple Creek RC - Triple Creek RC Field","lowerLimit":"GND","upperLimit":"1200 ft AGL","authority":"FAA (Recreational Flyer Fixed Sites)"}},
{"type":"Feature","geometry":{"type":"Polygon","coordinates":[[[-81.31288,27.5072],[-81.31567,27.5072],[-81.31557,27.50447],[-81.31288,27.5072]]]},"properties":{"type":"REC_FIXED_SITE_US","name":"Highlands Radio Control Club Inc - Arbuckle Creek Rd","identifier":"FAA-REC_FIXED_SITE_US:Highlands Radio Control Club Inc - Arbuckle Creek Rd","lowerLimit":"GND","upperLimit":"700 ft AGL","authority":"FAA (Recreational Flyer Fixed Sites)"}},
{"type":"Feature","geometry":{"type":"Polygon","coordinates":[[[-81.68255,27.41389],[-81.68458,27.41196],[-81.68242,27.41026],[-81.68255,27.41389]]]},"properties":{"type":"REC_FIXED_SITE_US","name":"Sebring Model Airplane Club - Double M Ranch","identifier":"FAA-REC_FIXED_SITE_US:Sebring Model Airplane Club - Double M Ranch","lowerLimit":"GND","upperLimit":"1200 ft AGL","authority":"FAA (Recreational Flyer Fixed Sites)"}},
{"type":"Feature","geometry":{"type":"Polygon","coordinates":[[[-81.50662,25.97072],[-81.50938,25.96808],[-81.50662,25.96808],[-81.50662,25.97072]]]},"properties":{"type":"REC_FIXED_SITE_US","name":"Collier Model Aeronautic Club - Union Rd","identifier":"FAA-REC_FIXED_SITE_US:Collier Model Aeronautic Club - Union Rd","lowerLimit":"GND","upperLimit":"1200 ft AGL","authority":"FAA (Recreational Flyer Fixed Sites)"}},
{"type":"Feature","geometry":{"type":"Polygon","coordinates":[[[-81.67905,26.04282],[-81.67934,26.0427],[-81.6798,26.04154],[-81.67934,26.04038],[-81.67779,26.03972],[-81.67641,26.04022],[-81.67631,26.0404],[-81.67765,26.03997],[-81.67899,26.04054],[-81.67953,26.0419],[-81.67905,26.04282]]]},"properties":{"type":"REC_FIXED_SITE_US","name":"Collier Model Aeronautic Club - Roost Rd","identifier":"FAA-REC_FIXED_SITE_US:Collier Model Aeronautic Club - Roost Rd","lowerLimit":"GND","upperLimit":"700 ft AGL","authority":"FAA (Recreational Flyer Fixed Sites)"}},
{"type":"Feature","geometry":{"type":"Polygon","coordinates":[[[-81.68661,26.11586],[-81.68862,26.11416],[-81.68523,26.11272],[-81.68661,26.11586]]]},"properties":{"type":"REC_FIXED_SITE_US","name":"Collier Model Aeronautics Club - Swamp Buggy Inc.","identifier":"FAA-REC_FIXED_SITE_US:Collier Model Aeronautics Club - Swamp Buggy Inc.","lowerLimit":"GND","upperLimit":"700 ft AGL","authority":"FAA (Recreational Flyer Fixed Sites)"}},
{"type":"Feature","geometry":{"type":"Polygon","coordinates":[[[-82.3897,27.29862],[-82.3897,27.29498],[-82.38767,27.29669],[-82.3897,27.29862]]]},"properties":{"type":"REC_FIXED_SITE_US","name":"Sarasota County Park","identifier":"FAA-REC_FIXED_SITE_US:Sarasota County Park","lowerLimit":"GND","upperLimit":"1200 ft AGL","authority":"FAA (Recreational Flyer Fixed Sites)"}},
{"type":"Feature","geometry":{"type":"Polygon","coordinates":[[[-82.37581,27.199],[-82.37886,27.1966],[-82.37581,27.19652],[-82.37581,27.199]]]},"properties":{"type":"REC_FIXED_SITE_US","name":"R/C Fliers of Venice Inc - Memorial Field","identifier":"FAA-REC_FIXED_SITE_US:R/C Fliers of Venice Inc - Memorial Field","lowerLimit":"GND","upperLimit":"1200 ft AGL","authority":"FAA (Recreational Flyer Fixed Sites)"}},
{"type":"Feature","geometry":{"type":"Polygon","coordinates":[[[-82.02897,28.92668],[-82.03245,28.92547],[-82.02897,28.92403],[-82.02897,28.92668]]]},"properties":{"type":"REC_FIXED_SITE_US","name":"Villages 'E' Flyers - First Baptist Church","identifier":"FAA-REC_FIXED_SITE_US:Villages 'E' Flyers - First Baptist Church","lowerLimit":"GND","upperLimit":"700 ft AGL","authority":"FAA (Recreational Flyer Fixed Sites)"}},
{"type":"Feature","geometry":{"type":"Polygon","coordinates":[[[-82.45862,28.65854],[-82.45875,28.65491],[-82.45657,28.65661],[-82.45862,28.65854]]]},"properties":{"type":"REC_FIXED_SITE_US","name":"Hernando Aero Modelers - Ponce de Leon Blvd","identifier":"FAA-REC_FIXED_SITE_US:Hernando Aero Modelers - Ponce de Leon Blvd","lowerLimit":"GND","upperLimit":"1200 ft AGL","authority":"FAA (Recreational Flyer Fixed Sites)"}},
{"type":"Feature","geometry":{"type":"Polygon","coordinates":[[[-81.40983,28.1543],[-81.41188,28.15249],[-81.40843,28.15116],[-81.40983,28.1543]]]},"properties":{"type":"REC_FIXED_SITE_US","name":"Osceola Flyers - W Southport Rd","identifier":"FAA-REC_FIXED_SITE_US:Osceola Flyers - W Southport Rd","lowerLimit":"GND","upperLimit":"1200 ft AGL","authority":"FAA (Recreational Flyer Fixed Sites)"}},
{"type":"Feature","geometry":{"type":"Polygon","coordinates":[[[-81.88651,28.74457],[-81.88924,28.74465],[-81.88792,28.74143],[-81.88651,28.74457]]]},"properties":{"type":"REC_FIXED_SITE_US","name":"Pear Park Pilots - Eagle Field","identifier":"FAA-REC_FIXED_SITE_US:Pear Park Pilots - Eagle Field","lowerLimit":"GND","upperLimit":"700 ft AGL","authority":"FAA (Recreational Flyer Fixed Sites)"}},
{"type":"Feature","geometry":{"type":"Polygon","coordinates":[[[-80.39335,27.3588],[-80.39335,27.35516],[-80.39132,27.35687],[-80.39335,27.3588]]]},"properties":{"type":"REC_FIXED_SITE_US","name":"PSL RC Hobby Group, Inc - Blanton Torino Airfield","identifier":"FAA-REC_FIXED_SITE_US:PSL RC Hobby Group, Inc - Blanton Torino Airfield","lowerLimit":"GND","upperLimit":"1200 ft AGL","authority":"FAA (Recreational Flyer Fixed Sites)"}},
{"type":"Feature","geometry":{"type":"Polygon","coordinates":[[[-85.26888,29.81237],[-85.2704,29.80931],[-85.26755,29.80916],[-85.26888,29.81237]]]},"properties":{"type":"REC_FIXED_SITE_US","name":"Five Points RC - Gulf County Landfill","identifier":"FAA-REC_FIXED_SITE_US:Five Points RC - Gulf County Landfill","lowerLimit":"GND","upperLimit":"1200 ft AGL","authority":"FAA (Recreational Flyer Fixed Sites)"}},
{"type":"Feature","geometry":{"type":"Polygon","coordinates":[[[-85.28999,29.78947],[-85.29207,29.78766],[-85.28791,29.78754],[-85.28999,29.78947]]]},"properties":{"type":"REC_FIXED_SITE_US","name":"Five Points RC Flyers - Shark Drive","identifier":"FAA-REC_FIXED_SITE_US:Five Points RC Flyers - Shark Drive","lowerLimit":"GND","upperLimit":"1200 ft AGL","authority":"FAA (Recreational Flyer Fixed Sites)"}},
{"type":"Feature","geometry":{"type":"Polygon","coordinates":[[[-83.85032,33.50026],[-83.8517,33.49704],[-83.84815,33.49844],[-83.85032,33.50026]]]},"properties":{"type":"REC_FIXED_SITE_US","name":"Newton County RC Flyers - Lackey Rd","identifier":"FAA-REC_FIXED_SITE_US:Newton County RC Flyers - Lackey Rd","lowerLimit":"GND","upperLimit":"1200 ft AGL","authority":"FAA (Recreational Flyer Fixed Sites)"}},
{"type":"Feature","geometry":{"type":"Polygon","coordinates":[[[-83.79542,33.72198],[-83.79907,33.72077],[-83.79704,33.71884],[-83.79542,33.72198]]]},"properties":{"type":"REC_FIXED_SITE_US","name":"Friendly Flyers - Main St","identifier":"FAA-REC_FIXED_SITE_US:Friendly Flyers - Main St","lowerLimit":"GND","upperLimit":"700 ft AGL","authority":"FAA (Recreational Flyer Fixed Sites)"}},
{"type":"Feature","geometry":{"type":"Polygon","coordinates":[[[-83.93949,33.78408],[-83.94247,33.78408],[-83.94112,33.78095],[-83.93949,33.78408]]]},"properties":{"type":"REC_FIXED_SITE_US","name":"Hill Top Flyers - Moon Rd","identifier":"FAA-REC_FIXED_SITE_US:Hill Top Flyers - Moon Rd","lowerLimit":"GND","upperLimit":"1200 ft AGL","authority":"FAA (Recreational Flyer Fixed Sites)"}},
{"type":"Feature","geometry":{"type":"Polygon","coordinates":[[[-83.75768,33.51237],[-83.75985,33.51067],[-83.75768,33.50874],[-83.75768,33.51237]]]},"properties":{"type":"REC_FIXED_SITE_US","name":"Friendly Flyers - CR 213","identifier":"FAA-REC_FIXED_SITE_US:Friendly Flyers - CR 213","lowerLimit":"GND","upperLimit":"1200 ft AGL","authority":"FAA (Recreational Flyer Fixed Sites)"}},
{"type":"Feature","geometry":{"type":"Polygon","coordinates":[[[-84.76701,34.07205],[-84.76715,34.06842],[-84.76483,34.07012],[-84.76701,34.07205]]]},"properties":{"type":"REC_FIXED_SITE_US","name":"Paulding County Model Aviation Inc. - Graves Rd Spur","identifier":"FAA-REC_FIXED_SITE_US:Paulding County Model Aviation Inc. - Graves Rd Spur","lowerLimit":"GND","upperLimit":"700 ft AGL","authority":"FAA (Recreational Flyer Fixed Sites)"}},
{"type":"Feature","geometry":{"type":"Polygon","coordinates":[[[-84.47611,34.24624],[-84.47938,34.24384],[-84.47631,34.2436],[-84.47611,34.24624]]]},"properties":{"type":"REC_FIXED_SITE_US","name":"North Georgia Skyrebels - Etowah River Park","identifier":"FAA-REC_FIXED_SITE_US:North Georgia Skyrebels - Etowah River Park","lowerLimit":"GND","upperLimit":"700 ft AGL","authority":"FAA (Recreational Flyer Fixed Sites)"}},
{"type":"Feature","geometry":{"type":"Polygon","coordinates":[[[-84.91502,33.60309],[-84.91669,33.60012],[-84.91285,33.60128],[-84.91502,33.60309]]]},"properties":{"type":"REC_FIXED_SITE_US","name":"Born to Fly - Jones Mill Rd","identifier":"FAA-REC_FIXED_SITE_US:Born to Fly - Jones Mill Rd","lowerLimit":"GND","upperLimit":"1200 ft AGL","authority":"FAA (Recreational Flyer Fixed Sites)"}},
{"type":"Feature","geometry":{"type":"Polygon","coordinates":[[[-84.3599,34.43571],[-84.3615,34.43266],[-84.35771,34.4339],[-84.3599,34.43571]]]},"properties":{"type":"REC_FIXED_SITE_US","name":"Pool Field R.C.M. Club - GA 53","identifier":"FAA-REC_FIXED_SITE_US:Pool Field R.C.M. Club - GA 53","lowerLimit":"GND","upperLimit":"700 ft AGL","authority":"FAA (Recreational Flyer Fixed Sites)"}},
{"type":"Feature","geometry":{"type":"Polygon","coordinates":[[[-85.0547,34.22254],[-85.05797,34.22014],[-85.0549,34.2199],[-85.0547,34.22254]]]},"properties":{"type":"REC_FIXED_SITE_US","name":"Bartow County Model Aviation, Inc.- Bass Ferry Rd","identifier":"FAA-REC_FIXED_SITE_US:Bartow County Model Aviation, Inc.- Bass Ferry Rd","lowerLimit":"GND","upperLimit":"700 ft AGL","authority":"FAA (Recreational Flyer Fixed Sites)"}},
{"type":"Feature","geometry":{"type":"Polygon","coordinates":[[[-84.86079,33.50725],[-84.86217,33.50403],[-84.85862,33.50555],[-84.86079,33.50725]]]},"properties":{"type":"REC_FIXED_SITE_US","name":"Thermal Thumbers of Metro Atlanta - NG Turf Sod Farm","identifier":"FAA-REC_FIXED_SITE_US:Thermal Thumbers of Metro Atlanta - NG Turf Sod Farm","lowerLimit":"GND","upperLimit":"1200 ft AGL","authority":"FAA (Recreational Flyer Fixed Sites)"}},
{"type":"Feature","geometry":{"type":"Polygon","coordinates":[[[-84.45745,33.29901],[-84.45961,33.2972],[-84.45607,33.2958],[-84.45745,33.29901]]]},"properties":{"type":"REC_FIXED_SITE_US","name":"Fayette Flyers - Brent Woods Rd.","identifier":"FAA-REC_FIXED_SITE_US:Fayette Flyers - Brent Woods Rd.","lowerLimit":"GND","upperLimit":"700 ft AGL","authority":"FAA (Recreational Flyer Fixed Sites)"}},
{"type":"Feature","geometry":{"type":"Polygon","coordinates":[[[-84.97502,33.33735],[-84.97818,33.33487],[-84.97522,33.33471],[-84.97502,33.33735]]]},"properties":{"type":"REC_FIXED_SITE_US","name":"Coweta Radio Control Club - Charlie B Johnston Rd","identifier":"FAA-REC_FIXED_SITE_US:Coweta Radio Control Club - Charlie B Johnston Rd","lowerLimit":"GND","upperLimit":"1200 ft AGL","authority":"FAA (Recreational Flyer Fixed Sites)"}},
{"type":"Feature","geometry":{"type":"Polygon","coordinates":[[[-84.61117,33.13902],[-84.61284,33.13605],[-84.6098,33.13581],[-84.61117,33.13902]]]},"properties":{"type":"REC_FIXED_SITE_US","name":"Georgia Jets Flying Club Inc -  Lillie Patrick Rd","identifier":"FAA-REC_FIXED_SITE_US:Georgia Jets Flying Club Inc -  Lillie Patrick Rd","lowerLimit":"GND","upperLimit":"700 ft AGL","authority":"FAA (Recreational Flyer Fixed Sites)"}},
{"type":"Feature","geometry":{"type":"Polygon","coordinates":[[[-84.26418,33.33399],[-84.26734,33.33151],[-84.26438,33.33135],[-84.26418,33.33399]]]},"properties":{"type":"REC_FIXED_SITE_US","name":"Pecan Patch Flyers - Teamon Rd.","identifier":"FAA-REC_FIXED_SITE_US:Pecan Patch Flyers - Teamon Rd.","lowerLimit":"GND","upperLimit":"700 ft AGL","authority":"FAA (Recreational Flyer Fixed Sites)"}},
{"type":"Feature","geometry":{"type":"Polygon","coordinates":[[[-84.16989,33.43157],[-84.17206,33.42976],[-84.16841,33.42843],[-84.16989,33.43157]]]},"properties":{"type":"REC_FIXED_SITE_US","name":"Henry County RC Club - W Asbury Rd","identifier":"FAA-REC_FIXED_SITE_US:Henry County RC Club - W Asbury Rd","lowerLimit":"GND","upperLimit":"700 ft AGL","authority":"FAA (Recreational Flyer Fixed Sites)"}},
{"type":"Feature","geometry":{"type":"Polygon","coordinates":[[[-84.85582,33.37001],[-84.85907,33.36761],[-84.85602,33.36737],[-84.85582,33.37001]]]},"properties":{"type":"REC_FIXED_SITE_US","name":"Coweta County Solid Waste Authority and Coweta County GA","identifier":"FAA-REC_FIXED_SITE_US:Coweta County Solid Waste Authority and Coweta County GA","lowerLimit":"GND","upperLimit":"700 ft AGL","authority":"FAA (Recreational Flyer Fixed Sites)"}},
{"type":"Feature","geometry":{"type":"Polygon","coordinates":[[[-84.09743,34.50256],[-84.10122,34.50144],[-84.09917,34.49951],[-84.09743,34.50256]]]},"properties":{"type":"REC_FIXED_SITE_US","name":"North Georgia Model Aviators - Geirrein Rd","identifier":"FAA-REC_FIXED_SITE_US:North Georgia Model Aviators - Geirrein Rd","lowerLimit":"GND","upperLimit":"1200 ft AGL","authority":"FAA (Recreational Flyer Fixed Sites)"}},
{"type":"Feature","geometry":{"type":"Polygon","coordinates":[[[-83.4917,34.32442],[-83.4947,34.32442],[-83.49334,34.32129],[-83.4917,34.32442]]]},"properties":{"type":"REC_FIXED_SITE_US","name":"Sanchez Farms - Baker St","identifier":"FAA-REC_FIXED_SITE_US:Sanchez Farms - Baker St","lowerLimit":"GND","upperLimit":"1200 ft AGL","authority":"FAA (Recreational Flyer Fixed Sites)"}},
{"type":"Feature","geometry":{"type":"Polygon","coordinates":[[[-83.6588,34.69904],[-83.65894,34.69541],[-83.6566,34.69722],[-83.6588,34.69904]]]},"properties":{"type":"REC_FIXED_SITE_US","name":"Sautee RC Flyers - Lynch Mountain Rd","identifier":"FAA-REC_FIXED_SITE_US:Sautee RC Flyers - Lynch Mountain Rd","lowerLimit":"GND","upperLimit":"1200 ft AGL","authority":"FAA (Recreational Flyer Fixed Sites)"}},
{"type":"Feature","geometry":{"type":"Polygon","coordinates":[[[-84.92635,34.78458],[-84.92649,34.78095],[-84.92415,34.78276],[-84.92635,34.78458]]]},"properties":{"type":"REC_FIXED_SITE_US","name":"Dalton RC Flyers - Brooker Dr","identifier":"FAA-REC_FIXED_SITE_US:Dalton RC Flyers - Brooker Dr","lowerLimit":"GND","upperLimit":"700 ft AGL","authority":"FAA (Recreational Flyer Fixed Sites)"}},
{"type":"Feature","geometry":{"type":"Polygon","coordinates":[[[-82.23135,33.49117],[-82.23352,33.48935],[-82.22997,33.48795],[-82.23135,33.49117]]]},"properties":{"type":"REC_FIXED_SITE_US","name":"CSRA Flyers - Baker Pl Rd Closed Landfill","identifier":"FAA-REC_FIXED_SITE_US:CSRA Flyers - Baker Pl Rd Closed Landfill","lowerLimit":"GND","upperLimit":"1200 ft AGL","authority":"FAA (Recreational Flyer Fixed Sites)"}},
{"type":"Feature","geometry":{"type":"Polygon","coordinates":[[[-83.06025,32.53928],[-83.06318,32.53912],[-83.06298,32.53648],[-83.06025,32.53928]]]},"properties":{"type":"REC_FIXED_SITE_US","name":"Emerald City RC Club - US-80","identifier":"FAA-REC_FIXED_SITE_US:Emerald City RC Club - US-80","lowerLimit":"GND","upperLimit":"700 ft AGL","authority":"FAA (Recreational Flyer Fixed Sites)"}},
{"type":"Feature","geometry":{"type":"Polygon","coordinates":[[[-83.71849,32.42856],[-83.7221,32.42723],[-83.71982,32.42542],[-83.71849,32.42856]]]},"properties":{"type":"REC_FIXED_SITE_US","name":"Perry RC Flyers - Georgia National Fairgrounds","identifier":"FAA-REC_FIXED_SITE_US:Perry RC Flyers - Georgia National Fairgrounds","lowerLimit":"GND","upperLimit":"700 ft AGL","authority":"FAA (Recreational Flyer Fixed Sites)"}},
{"type":"Feature","geometry":{"type":"Polygon","coordinates":[[[-83.97008,32.63621],[-83.97173,32.63324],[-83.96871,32.633],[-83.97008,32.63621]]]},"properties":{"type":"REC_FIXED_SITE_US","name":"CMJ Aviators - Emmett Walker RC Field","identifier":"FAA-REC_FIXED_SITE_US:CMJ Aviators - Emmett Walker RC Field","lowerLimit":"GND","upperLimit":"1200 ft AGL","authority":"FAA (Recreational Flyer Fixed Sites)"}},
{"type":"Feature","geometry":{"type":"Polygon","coordinates":[[[-83.72437,32.9296],[-83.72603,32.92663],[-83.723,32.92639],[-83.72437,32.9296]]]},"properties":{"type":"REC_FIXED_SITE_US","name":"Thermal Thumber of Metro Atlanta-Starcadia Circle","identifier":"FAA-REC_FIXED_SITE_US:Thermal Thumber of Metro Atlanta-Starcadia Circle","lowerLimit":"GND","upperLimit":"1200 ft AGL","authority":"FAA (Recreational Flyer Fixed Sites)"}},
{"type":"Feature","geometry":{"type":"Polygon","coordinates":[[[-81.43015,31.41944],[-81.43372,31.41812],[-81.43173,31.41631],[-81.43015,31.41944]]]},"properties":{"type":"REC_FIXED_SITE_US","name":"Coastal Planes R.C. Club - Hwy 17","identifier":"FAA-REC_FIXED_SITE_US:Coastal Planes R.C. Club - Hwy 17","lowerLimit":"GND","upperLimit":"1200 ft AGL","authority":"FAA (Recreational Flyer Fixed Sites)"}},
{"type":"Feature","geometry":{"type":"Polygon","coordinates":[[[-81.68805,31.84584],[-81.68805,31.84221],[-81.68592,31.84391],[-81.68805,31.84584]]]},"properties":{"type":"REC_FIXED_SITE_US","name":"Heath Green Sky Ranch","identifier":"FAA-REC_FIXED_SITE_US:Heath Green Sky Ranch","lowerLimit":"GND","upperLimit":"1200 ft AGL","authority":"FAA (Recreational Flyer Fixed Sites)"}},
{"type":"Feature","geometry":{"type":"Polygon","coordinates":[[[-81.7595,30.78171],[-81.76112,30.77874],[-81.75816,30.7785],[-81.7595,30.78171]]]},"properties":{"type":"REC_FIXED_SITE_US","name":"Kings Bay Modelers - Clarks Bluff Rd","identifier":"FAA-REC_FIXED_SITE_US:Kings Bay Modelers - Clarks Bluff Rd","lowerLimit":"GND","upperLimit":"1200 ft AGL","authority":"FAA (Recreational Flyer Fixed Sites)"}},
{"type":"Feature","geometry":{"type":"Polygon","coordinates":[[[-81.64963,30.81272],[-81.64976,30.80909],[-81.64753,30.81079],[-81.64963,30.81272]]]},"properties":{"type":"REC_FIXED_SITE_US","name":"Kings Bay Modelers - Wildcat Blvd","identifier":"FAA-REC_FIXED_SITE_US:Kings Bay Modelers - Wildcat Blvd","lowerLimit":"GND","upperLimit":"1200 ft AGL","authority":"FAA (Recreational Flyer Fixed Sites)"}},
{"type":"Feature","geometry":{"type":"Polygon","coordinates":[[[-83.31684,30.66711],[-83.31972,30.66446],[-83.31684,30.66446],[-83.31684,30.66711]]]},"properties":{"type":"REC_FIXED_SITE_US","name":"Valdosta RC Flyers - Oris Blackburn Memorial Park","identifier":"FAA-REC_FIXED_SITE_US:Valdosta RC Flyers - Oris Blackburn Memorial Park","lowerLimit":"GND","upperLimit":"1200 ft AGL","authority":"FAA (Recreational Flyer Fixed Sites)"}},
{"type":"Feature","geometry":{"type":"Polygon","coordinates":[[[-83.87246,31.01606],[-83.87408,31.01308],[-83.87111,31.01284],[-83.87246,31.01606]]]},"properties":{"type":"REC_FIXED_SITE_US","name":"Southwest GA Xtreme RC Club- Suber Farm","identifier":"FAA-REC_FIXED_SITE_US:Southwest GA Xtreme RC Club- Suber Farm","lowerLimit":"GND","upperLimit":"700 ft AGL","authority":"FAA (Recreational Flyer Fixed Sites)"}},
{"type":"Feature","geometry":{"type":"Polygon","coordinates":[[[-84.20771,31.76203],[-84.20984,31.76022],[-84.20626,31.75889],[-84.20771,31.76203]]]},"properties":{"type":"REC_FIXED_SITE_US","name":"Jordan Rd.","identifier":"FAA-REC_FIXED_SITE_US:Jordan Rd.","lowerLimit":"GND","upperLimit":"1200 ft AGL","authority":"FAA (Recreational Flyer Fixed Sites)"}},
{"type":"Feature","geometry":{"type":"Polygon","coordinates":[[[-84.8133,30.98225],[-84.81464,30.97904],[-84.81167,30.97928],[-84.8133,30.98225]]]},"properties":{"type":"REC_FIXED_SITE_US","name":"3D Farm - Three Notch Rd.","identifier":"FAA-REC_FIXED_SITE_US:3D Farm - Three Notch Rd.","lowerLimit":"GND","upperLimit":"700 ft AGL","authority":"FAA (Recreational Flyer Fixed Sites)"}},
{"type":"Feature","geometry":{"type":"Polygon","coordinates":[[[-84.80962,33.75632],[-84.8126,33.75632],[-84.81125,33.75319],[-84.80962,33.75632]]]},"properties":{"type":"REC_FIXED_SITE_US","name":"Douglas County Aero Modelers - Cedar Mountain Rd","identifier":"FAA-REC_FIXED_SITE_US:Douglas County Aero Modelers - Cedar Mountain Rd","lowerLimit":"GND","upperLimit":"700 ft AGL","authority":"FAA (Recreational Flyer Fixed Sites)"}},
{"type":"Feature","geometry":{"type":"Polygon","coordinates":[[[-82.93618,34.31674],[-82.93918,34.31674],[-82.93782,34.31361],[-82.93618,34.31674]]]},"properties":{"type":"REC_FIXED_SITE_US","name":"Hartwell Tailspinners - Hart County Landfill","identifier":"FAA-REC_FIXED_SITE_US:Hartwell Tailspinners - Hart County Landfill","lowerLimit":"GND","upperLimit":"1200 ft AGL","authority":"FAA (Recreational Flyer Fixed Sites)"}},
{"type":"Feature","geometry":{"type":"Polygon","coordinates":[[[-83.62374,33.96672],[-83.62388,33.96309],[-83.62156,33.9649],[-83.62374,33.96672]]]},"properties":{"type":"REC_FIXED_SITE_US","name":"SCENIC R/C FLYERS   1","identifier":"FAA-REC_FIXED_SITE_US:SCENIC R/C FLYERS   1","lowerLimit":"GND","upperLimit":"700 ft AGL","authority":"FAA (Recreational Flyer Fixed Sites)"}},
{"type":"Feature","geometry":{"type":"Polygon","coordinates":[[[-85.43779,34.49917],[-85.44069,34.49909],[-85.44069,34.49645],[-85.43779,34.49917]]]},"properties":{"type":"REC_FIXED_SITE_US","name":"Big Sky R/C Club - Sunnydale Rd","identifier":"FAA-REC_FIXED_SITE_US:Big Sky R/C Club - Sunnydale Rd","lowerLimit":"GND","upperLimit":"1200 ft AGL","authority":"FAA (Recreational Flyer Fixed Sites)"}},
{"type":"Feature","geometry":{"type":"Polygon","coordinates":[[[-83.91349,31.95961],[-83.91362,31.95598],[-83.91136,31.95779],[-83.91349,31.95961]]]},"properties":{"type":"REC_FIXED_SITE_US","name":"Flint Flyers RC Club - Georgia Veterans State Park","identifier":"FAA-REC_FIXED_SITE_US:Flint Flyers RC Club - Georgia Veterans State Park","lowerLimit":"GND","upperLimit":"1200 ft AGL","authority":"FAA (Recreational Flyer Fixed Sites)"}},
{"type":"Feature","geometry":{"type":"Polygon","coordinates":[[[-83.84843,32.60028],[-83.85057,32.59835],[-83.84628,32.59846],[-83.84843,32.60028]]]},"properties":{"type":"REC_FIXED_SITE_US","name":"GA Aircraft Modelers Association - Orr Rd","identifier":"FAA-REC_FIXED_SITE_US:GA Aircraft Modelers Association - Orr Rd","lowerLimit":"GND","upperLimit":"700 ft AGL","authority":"FAA (Recreational Flyer Fixed Sites)"}},
{"type":"Feature","geometry":{"type":"Polygon","coordinates":[[[-83.53539,32.98738],[-83.53755,32.98556],[-83.53324,32.98545],[-83.53539,32.98738]]]},"properties":{"type":"REC_FIXED_SITE_US","name":"Dixie Aeromasters Inc - Overland Way","identifier":"FAA-REC_FIXED_SITE_US:Dixie Aeromasters Inc - Overland Way","lowerLimit":"GND","upperLimit":"1200 ft AGL","authority":"FAA (Recreational Flyer Fixed Sites)"}},
{"type":"Feature","geometry":{"type":"Polygon","coordinates":[[[-84.12823,32.12532],[-84.13105,32.1254],[-84.12969,32.12218],[-84.12823,32.12532]]]},"properties":{"type":"REC_FIXED_SITE_US","name":"The Hodge Hounds - Hodges Field","identifier":"FAA-REC_FIXED_SITE_US:The Hodge Hounds - Hodges Field","lowerLimit":"GND","upperLimit":"700 ft AGL","authority":"FAA (Recreational Flyer Fixed Sites)"}},
{"type":"Feature","geometry":{"type":"Polygon","coordinates":[[[-155.03105,19.59577],[-155.03245,19.59271],[-155.02913,19.59395],[-155.03105,19.59577]]]},"properties":{"type":"REC_FIXED_SITE_US","name":"Hawaii County R/C Club - Opukahaia St","identifier":"FAA-REC_FIXED_SITE_US:Hawaii County R/C Club - Opukahaia St","lowerLimit":"GND","upperLimit":"700 ft AGL","authority":"FAA (Recreational Flyer Fixed Sites)"}},
{"type":"Feature","geometry":{"type":"Polygon","coordinates":[[[-156.52829,20.95516],[-156.53163,20.95403],[-156.5297,20.9521],[-156.52829,20.95516]]]},"properties":{"type":"REC_FIXED_SITE_US","name":"Maui Island Soaring Org - Kahekili Flying Site","identifier":"FAA-REC_FIXED_SITE_US:Maui Island Soaring Org - Kahekili Flying Site","lowerLimit":"GND","upperLimit":"700 ft AGL","authority":"FAA (Recreational Flyer Fixed Sites)"}},
{"type":"Feature","geometry":{"type":"Polygon","coordinates":[[[-159.674,21.96126],[-159.67542,21.9582],[-159.67258,21.9582],[-159.674,21.96126]]]},"properties":{"type":"REC_FIXED_SITE_US","name":"Radio Control Club of Kauai - Waimea Athletic Field","identifier":"FAA-REC_FIXED_SITE_US:Radio Control Club of Kauai - Waimea Athletic Field","lowerLimit":"GND","upperLimit":"1200 ft AGL","authority":"FAA (Recreational Flyer Fixed Sites)"}},
{"type":"Feature","geometry":{"type":"Polygon","coordinates":[[[-156.02296,19.66495],[-156.02436,19.66189],[-156.02156,19.66189],[-156.02296,19.66495]]]},"properties":{"type":"REC_FIXED_SITE_US","name":"Kona R/C Flyers, Inc dba KRCF - Kealakehe Parkway","identifier":"FAA-REC_FIXED_SITE_US:Kona R/C Flyers, Inc dba KRCF - Kealakehe Parkway","lowerLimit":"GND","upperLimit":"700 ft AGL","authority":"FAA (Recreational Flyer Fixed Sites)"}},
{"type":"Feature","geometry":{"type":"Polygon","coordinates":[[[-94.97715,41.35854],[-94.9812,41.35711],[-94.97865,41.35541],[-94.97715,41.35854]]]},"properties":{"type":"REC_FIXED_SITE_US","name":"Atlantic Hawks Radio Control Club - Keystone LN","identifier":"FAA-REC_FIXED_SITE_US:Atlantic Hawks Radio Control Club - Keystone LN","lowerLimit":"GND","upperLimit":"700 ft AGL","authority":"FAA (Recreational Flyer Fixed Sites)"}},
{"type":"Feature","geometry":{"type":"Polygon","coordinates":[[[-93.5403,41.92794],[-93.54045,41.92432],[-93.53787,41.92613],[-93.5403,41.92794]]]},"properties":{"type":"REC_FIXED_SITE_US","name":"Central Iowa Aeromodelers - 580th Ave","identifier":"FAA-REC_FIXED_SITE_US:Central Iowa Aeromodelers - 580th Ave","lowerLimit":"GND","upperLimit":"700 ft AGL","authority":"FAA (Recreational Flyer Fixed Sites)"}},
{"type":"Feature","geometry":{"type":"Polygon","coordinates":[[[-93.9125,41.68271],[-93.91265,41.67909],[-93.91008,41.6809],[-93.9125,41.68271]]]},"properties":{"type":"REC_FIXED_SITE_US","name":"R/C WEST FIELD","identifier":"FAA-REC_FIXED_SITE_US:R/C WEST FIELD","lowerLimit":"GND","upperLimit":"1200 ft AGL","authority":"FAA (Recreational Flyer Fixed Sites)"}},
{"type":"Feature","geometry":{"type":"Polygon","coordinates":[[[-93.46248,41.79159],[-93.4658,41.79159],[-93.4626,41.78887],[-93.46248,41.79159]]]},"properties":{"type":"REC_FIXED_SITE_US","name":"Des Moines Modelaires - E Paul Johnson RC Field","identifier":"FAA-REC_FIXED_SITE_US:Des Moines Modelaires - E Paul Johnson RC Field","lowerLimit":"GND","upperLimit":"1200 ft AGL","authority":"FAA (Recreational Flyer Fixed Sites)"}},
{"type":"Feature","geometry":{"type":"Polygon","coordinates":[[[-93.51983,41.36117],[-93.52313,41.36117],[-93.51995,41.35845],[-93.51983,41.36117]]]},"properties":{"type":"REC_FIXED_SITE_US","name":"Indianola Model Aircraft Club - 150th Ave","identifier":"FAA-REC_FIXED_SITE_US:Indianola Model Aircraft Club - 150th Ave","lowerLimit":"GND","upperLimit":"700 ft AGL","authority":"FAA (Recreational Flyer Fixed Sites)"}},
{"type":"Feature","geometry":{"type":"Polygon","coordinates":[[[-92.90722,42.03709],[-92.90919,42.03421],[-92.90567,42.03388],[-92.90722,42.03709]]]},"properties":{"type":"REC_FIXED_SITE_US","name":"Marshalltown RC Flyers - Marshalltown Learning Academy Gym","identifier":"FAA-REC_FIXED_SITE_US:Marshalltown RC Flyers - Marshalltown Learning Academy Gym","lowerLimit":"GND","upperLimit":"700 ft AGL","authority":"FAA (Recreational Flyer Fixed Sites)"}},
{"type":"Feature","geometry":{"type":"Polygon","coordinates":[[[-92.87823,42.05314],[-92.88177,42.05066],[-92.87845,42.0505],[-92.87823,42.05314]]]},"properties":{"type":"REC_FIXED_SITE_US","name":"Marshalltown RC Flyers - N 18th Ave","identifier":"FAA-REC_FIXED_SITE_US:Marshalltown RC Flyers - N 18th Ave","lowerLimit":"GND","upperLimit":"700 ft AGL","authority":"FAA (Recreational Flyer Fixed Sites)"}},
{"type":"Feature","geometry":{"type":"Polygon","coordinates":[[[-93.5322,41.54233],[-93.5322,41.5387],[-93.52979,41.5404],[-93.5322,41.54233]]]},"properties":{"type":"REC_FIXED_SITE_US","name":"Des Moines Heli Flyers - 40th St","identifier":"FAA-REC_FIXED_SITE_US:Des Moines Heli Flyers - 40th St","lowerLimit":"GND","upperLimit":"700 ft AGL","authority":"FAA (Recreational Flyer Fixed Sites)"}},
{"type":"Feature","geometry":{"type":"Polygon","coordinates":[[[-95.99436,42.81306],[-95.99682,42.81125],[-95.99246,42.8101],[-95.99436,42.81306]]]},"properties":{"type":"REC_FIXED_SITE_US","name":"RC-Skyhawks - Hwy 3","identifier":"FAA-REC_FIXED_SITE_US:RC-Skyhawks - Hwy 3","lowerLimit":"GND","upperLimit":"1200 ft AGL","authority":"FAA (Recreational Flyer Fixed Sites)"}},
{"type":"Feature","geometry":{"type":"Polygon","coordinates":[[[-94.61475,42.38709],[-94.61653,42.38404],[-94.61307,42.38396],[-94.61475,42.38709]]]},"properties":{"type":"REC_FIXED_SITE_US","name":"Rockwell City Airport","identifier":"FAA-REC_FIXED_SITE_US:Rockwell City Airport","lowerLimit":"GND","upperLimit":"1200 ft AGL","authority":"FAA (Recreational Flyer Fixed Sites)"}},
{"type":"Feature","geometry":{"type":"Polygon","coordinates":[[[-92.62026,42.56042],[-92.62362,42.56042],[-92.62225,42.5573],[-92.62026,42.56042]]]},"properties":{"type":"REC_FIXED_SITE_US","name":"Black Hawk R/C Pilots flying field","identifier":"FAA-REC_FIXED_SITE_US:Black Hawk R/C Pilots flying field","lowerLimit":"GND","upperLimit":"1200 ft AGL","authority":"FAA (Recreational Flyer Fixed Sites)"}},
{"type":"Feature","geometry":{"type":"Polygon","coordinates":[[[-92.33764,43.08821],[-92.34102,43.08805],[-92.33906,43.085],[-92.33764,43.08821]]]},"properties":{"type":"REC_FIXED_SITE_US","name":"New Hampton RC Crossed Signals - Kenwood Ave","identifier":"FAA-REC_FIXED_SITE_US:New Hampton RC Crossed Signals - Kenwood Ave","lowerLimit":"GND","upperLimit":"700 ft AGL","authority":"FAA (Recreational Flyer Fixed Sites)"}},
{"type":"Feature","geometry":{"type":"Polygon","coordinates":[[[-96.1916,42.78281],[-96.19191,42.7792],[-96.18914,42.781],[-96.1916,42.78281]]]},"properties":{"type":"REC_FIXED_SITE_US","name":"Wings RC Club - Le Mars Airport","identifier":"FAA-REC_FIXED_SITE_US:Wings RC Club - Le Mars Airport","lowerLimit":"GND","upperLimit":"700 ft AGL","authority":"FAA (Recreational Flyer Fixed Sites)"}},
{"type":"Feature","geometry":{"type":"Polygon","coordinates":[[[-90.72932,42.47766],[-90.73177,42.47597],[-90.72932,42.47404],[-90.72932,42.47766]]]},"properties":{"type":"REC_FIXED_SITE_US","name":"Tri State Modelers - English Mill Rd","identifier":"FAA-REC_FIXED_SITE_US:Tri State Modelers - English Mill Rd","lowerLimit":"GND","upperLimit":"700 ft AGL","authority":"FAA (Recreational Flyer Fixed Sites)"}},
{"type":"Feature","geometry":{"type":"Polygon","coordinates":[[[-91.17616,42.49689],[-91.17647,42.49328],[-91.17372,42.49496],[-91.17616,42.49689]]]},"properties":{"type":"REC_FIXED_SITE_US","name":"Flying Aces Aeromodeling Club - Vine Rd","identifier":"FAA-REC_FIXED_SITE_US:Flying Aces Aeromodeling Club - Vine Rd","lowerLimit":"GND","upperLimit":"1200 ft AGL","authority":"FAA (Recreational Flyer Fixed Sites)"}},
{"type":"Feature","geometry":{"type":"Polygon","coordinates":[[[-91.03668,42.48439],[-91.03913,42.48258],[-91.03653,42.48077],[-91.03668,42.48439]]]},"properties":{"type":"REC_FIXED_SITE_US","name":"Screamin' Eagles - Black Hills Rd","identifier":"FAA-REC_FIXED_SITE_US:Screamin' Eagles - Black Hills Rd","lowerLimit":"GND","upperLimit":"1200 ft AGL","authority":"FAA (Recreational Flyer Fixed Sites)"}},
{"type":"Feature","geometry":{"type":"Polygon","coordinates":[[[-91.69349,42.21554],[-91.69683,42.21289],[-91.69349,42.21289],[-91.69349,42.21554]]]},"properties":{"type":"REC_FIXED_SITE_US","name":"Rockwell Collins Model Aviator - Alice Rd","identifier":"FAA-REC_FIXED_SITE_US:Rockwell Collins Model Aviator - Alice Rd","lowerLimit":"GND","upperLimit":"1200 ft AGL","authority":"FAA (Recreational Flyer Fixed Sites)"}},
{"type":"Feature","geometry":{"type":"Polygon","coordinates":[[[-91.64345,42.09102],[-91.64678,42.08837],[-91.64345,42.08837],[-91.64345,42.09102]]]},"properties":{"type":"REC_FIXED_SITE_US","name":"Cedar Rapids Skyhawks, Inc - C Ave Ext","identifier":"FAA-REC_FIXED_SITE_US:Cedar Rapids Skyhawks, Inc - C Ave Ext","lowerLimit":"GND","upperLimit":"700 ft AGL","authority":"FAA (Recreational Flyer Fixed Sites)"}},
{"type":"Feature","geometry":{"type":"Polygon","coordinates":[[[-91.62482,41.65245],[-91.6279,41.64965],[-91.6246,41.64981],[-91.62482,41.65245]]]},"properties":{"type":"REC_FIXED_SITE_US","name":"Iowa City Aeromodelers Inc - US 6","identifier":"FAA-REC_FIXED_SITE_US:Iowa City Aeromodelers Inc - US 6","lowerLimit":"GND","upperLimit":"700 ft AGL","authority":"FAA (Recreational Flyer Fixed Sites)"}},
{"type":"Feature","geometry":{"type":"Polygon","coordinates":[[[-91.83417,42.00325],[-91.83594,42.0002],[-91.8324,42.0002],[-91.83417,42.00325]]]},"properties":{"type":"REC_FIXED_SITE_US","name":"Only Fun RC - Linn Benton Rd","identifier":"FAA-REC_FIXED_SITE_US:Only Fun RC - Linn Benton Rd","lowerLimit":"GND","upperLimit":"1200 ft AGL","authority":"FAA (Recreational Flyer Fixed Sites)"}},
{"type":"Feature","geometry":{"type":"Polygon","coordinates":[[[-91.52876,41.4932],[-91.53117,41.49127],[-91.52861,41.48958],[-91.52876,41.4932]]]},"properties":{"type":"REC_FIXED_SITE_US","name":"Iowa City Aerohawks Inc - Hwy 22","identifier":"FAA-REC_FIXED_SITE_US:Iowa City Aerohawks Inc - Hwy 22","lowerLimit":"GND","upperLimit":"1200 ft AGL","authority":"FAA (Recreational Flyer Fixed Sites)"}},
{"type":"Feature","geometry":{"type":"Polygon","coordinates":[[[-91.48256,42.0536],[-91.48433,42.05055],[-91.48013,42.05167],[-91.48256,42.0536]]]},"properties":{"type":"REC_FIXED_SITE_US","name":"Armstrong Airfield - Stone Rd.","identifier":"FAA-REC_FIXED_SITE_US:Armstrong Airfield - Stone Rd.","lowerLimit":"GND","upperLimit":"700 ft AGL","authority":"FAA (Recreational Flyer Fixed Sites)"}},
{"type":"Feature","geometry":{"type":"Polygon","coordinates":[[[-91.64916,41.96264],[-91.64931,41.95902],[-91.64673,41.96083],[-91.64916,41.96264]]]},"properties":{"type":"REC_FIXED_SITE_US","name":"Rockwell Collins Model Aviator - A St SW","identifier":"FAA-REC_FIXED_SITE_US:Rockwell Collins Model Aviator - A St SW","lowerLimit":"GND","upperLimit":"700 ft AGL","authority":"FAA (Recreational Flyer Fixed Sites)"}},
{"type":"Feature","geometry":{"type":"Polygon","coordinates":[[[-91.73845,42.00808],[-91.74177,42.00543],[-91.73845,42.00543],[-91.73845,42.00808]]]},"properties":{"type":"REC_FIXED_SITE_US","name":"Cedar Rapids Quiet Flyers - Seminole Valley Park","identifier":"FAA-REC_FIXED_SITE_US:Cedar Rapids Quiet Flyers - Seminole Valley Park","lowerLimit":"GND","upperLimit":"1200 ft AGL","authority":"FAA (Recreational Flyer Fixed Sites)"}},
{"type":"Feature","geometry":{"type":"Polygon","coordinates":[[[-91.42057,41.49326],[-91.42398,41.4907],[-91.42057,41.49062],[-91.42057,41.49326]]]},"properties":{"type":"REC_FIXED_SITE_US","name":"Lone Tree Flyers - N Devoe","identifier":"FAA-REC_FIXED_SITE_US:Lone Tree Flyers - N Devoe","lowerLimit":"GND","upperLimit":"1200 ft AGL","authority":"FAA (Recreational Flyer Fixed Sites)"}},
{"type":"Feature","geometry":{"type":"Polygon","coordinates":[[[-91.1581,41.46711],[-91.15975,41.46398],[-91.15634,41.46406],[-91.1581,41.46711]]]},"properties":{"type":"REC_FIXED_SITE_US","name":"Muscatine Miniature Aircraft Assn - Bayfield Rd","identifier":"FAA-REC_FIXED_SITE_US:Muscatine Miniature Aircraft Assn - Bayfield Rd","lowerLimit":"GND","upperLimit":"700 ft AGL","authority":"FAA (Recreational Flyer Fixed Sites)"}},
{"type":"Feature","geometry":{"type":"Polygon","coordinates":[[[-90.68555,41.50098],[-90.68731,41.49793],[-90.68379,41.49793],[-90.68555,41.50098]]]},"properties":{"type":"REC_FIXED_SITE_US","name":"Davenport RC Society - Adventure CC Flying Field","identifier":"FAA-REC_FIXED_SITE_US:Davenport RC Society - Adventure CC Flying Field","lowerLimit":"GND","upperLimit":"700 ft AGL","authority":"FAA (Recreational Flyer Fixed Sites)"}},
{"type":"Feature","geometry":{"type":"Polygon","coordinates":[[[-93.81057,41.01888],[-93.81396,41.01632],[-93.81057,41.01624],[-93.81057,41.01888]]]},"properties":{"type":"REC_FIXED_SITE_US","name":"Osceola Prop Busters - West Field","identifier":"FAA-REC_FIXED_SITE_US:Osceola Prop Busters - West Field","lowerLimit":"GND","upperLimit":"700 ft AGL","authority":"FAA (Recreational Flyer Fixed Sites)"}},
{"type":"Feature","geometry":{"type":"Polygon","coordinates":[[[-91.2203,40.95884],[-91.22204,40.95578],[-91.21791,40.95691],[-91.2203,40.95884]]]},"properties":{"type":"REC_FIXED_SITE_US","name":"Burlington Model Airplane Club - Big Hollow Recreation Park","identifier":"FAA-REC_FIXED_SITE_US:Burlington Model Airplane Club - Big Hollow Recreation Park","lowerLimit":"GND","upperLimit":"1200 ft AGL","authority":"FAA (Recreational Flyer Fixed Sites)"}},
{"type":"Feature","geometry":{"type":"Polygon","coordinates":[[[-91.52684,41.80267],[-91.53015,41.80002],[-91.52684,41.80002],[-91.52684,41.80267]]]},"properties":{"type":"REC_FIXED_SITE_US","name":"Eastern Iowa Soaring Society - Terry Edmonds Farm","identifier":"FAA-REC_FIXED_SITE_US:Eastern Iowa Soaring Society - Terry Edmonds Farm","lowerLimit":"GND","upperLimit":"1200 ft AGL","authority":"FAA (Recreational Flyer Fixed Sites)"}},
{"type":"Feature","geometry":{"type":"Polygon","coordinates":[[[-114.16179,42.46246],[-114.1621,42.45885],[-114.15934,42.46065],[-114.16179,42.46246]]]},"properties":{"type":"REC_FIXED_SITE_US","name":"Magic Valley Aeromodelers LLC - Murtaugh lake","identifier":"FAA-REC_FIXED_SITE_US:Magic Valley Aeromodelers LLC - Murtaugh lake","lowerLimit":"GND","upperLimit":"700 ft AGL","authority":"FAA (Recreational Flyer Fixed Sites)"}},
{"type":"Feature","geometry":{"type":"Polygon","coordinates":[[[-112.36715,43.28756],[-112.36896,43.28451],[-112.36545,43.28443],[-112.36715,43.28756]]]},"properties":{"type":"REC_FIXED_SITE_US","name":"Eastern Idaho Aeromodelers, Macdonaldville Rd.","identifier":"FAA-REC_FIXED_SITE_US:Eastern Idaho Aeromodelers, Macdonaldville Rd.","lowerLimit":"GND","upperLimit":"1200 ft AGL","authority":"FAA (Recreational Flyer Fixed Sites)"}},
{"type":"Feature","geometry":{"type":"Polygon","coordinates":[[[-113.8663,45.19511],[-113.86662,45.1915],[-113.86376,45.19307],[-113.8663,45.19511]]]},"properties":{"type":"REC_FIXED_SITE_US","name":"Salmon RC Flyers - Holcomb Field","identifier":"FAA-REC_FIXED_SITE_US:Salmon RC Flyers - Holcomb Field","lowerLimit":"GND","upperLimit":"700 ft AGL","authority":"FAA (Recreational Flyer Fixed Sites)"}},
{"type":"Feature","geometry":{"type":"Polygon","coordinates":[[[-116.49022,43.94132],[-116.49366,43.94132],[-116.4921,43.93819],[-116.49022,43.94132]]]},"properties":{"type":"REC_FIXED_SITE_US","name":"Emmett Valley Flyers - Van Deusen Rd","identifier":"FAA-REC_FIXED_SITE_US:Emmett Valley Flyers - Van Deusen Rd","lowerLimit":"GND","upperLimit":"1200 ft AGL","authority":"FAA (Recreational Flyer Fixed Sites)"}},
{"type":"Feature","geometry":{"type":"Polygon","coordinates":[[[-116.1557,43.45416],[-116.1591,43.454],[-116.15875,43.4513],[-116.1557,43.45416]]]},"properties":{"type":"REC_FIXED_SITE_US","name":"Boise Area RK Society - Kuna Mora Rd","identifier":"FAA-REC_FIXED_SITE_US:Boise Area RK Society - Kuna Mora Rd","lowerLimit":"GND","upperLimit":"700 ft AGL","authority":"FAA (Recreational Flyer Fixed Sites)"}},
{"type":"Feature","geometry":{"type":"Polygon","coordinates":[[[-116.922,43.83241],[-116.92216,43.82879],[-116.9195,43.83049],[-116.922,43.83241]]]},"properties":{"type":"REC_FIXED_SITE_US","name":"Treasure Valley Aeromodelers - Louise LN","identifier":"FAA-REC_FIXED_SITE_US:Treasure Valley Aeromodelers - Louise LN","lowerLimit":"GND","upperLimit":"700 ft AGL","authority":"FAA (Recreational Flyer Fixed Sites)"}},
{"type":"Feature","geometry":{"type":"Polygon","coordinates":[[[-116.52694,43.60959],[-116.52886,43.60662],[-116.52535,43.60638],[-116.52694,43.60959]]]},"properties":{"type":"REC_FIXED_SITE_US","name":"Nampa Model Aviators Inc - Nampa Field","identifier":"FAA-REC_FIXED_SITE_US:Nampa Model Aviators Inc - Nampa Field","lowerLimit":"GND","upperLimit":"700 ft AGL","authority":"FAA (Recreational Flyer Fixed Sites)"}},
{"type":"Feature","geometry":{"type":"Polygon","coordinates":[[[-116.70497,47.89942],[-116.70748,47.89828],[-116.70414,47.89589],[-116.70497,47.89942]]]},"properties":{"type":"REC_FIXED_SITE_US","name":"Silverhills R/C Flyers - N Pope Rd","identifier":"FAA-REC_FIXED_SITE_US:Silverhills R/C Flyers - N Pope Rd","lowerLimit":"GND","upperLimit":"700 ft AGL","authority":"FAA (Recreational Flyer Fixed Sites)"}},
{"type":"Feature","geometry":{"type":"Polygon","coordinates":[[[-116.59818,47.95993],[-116.60074,47.95756],[-116.59673,47.95659],[-116.59818,47.95993]]]},"properties":{"type":"REC_FIXED_SITE_US","name":"Farragut State Park","identifier":"FAA-REC_FIXED_SITE_US:Farragut State Park","lowerLimit":"GND","upperLimit":"1200 ft AGL","authority":"FAA (Recreational Flyer Fixed Sites)"}},
{"type":"Feature","geometry":{"type":"Polygon","coordinates":[[[-117.00083,46.9324],[-117.00345,46.93082],[-116.99941,46.92907],[-117.00083,46.9324]]]},"properties":{"type":"REC_FIXED_SITE_US","name":"Palouse Region R/C Flyers - Sawyer Rd","identifier":"FAA-REC_FIXED_SITE_US:Palouse Region R/C Flyers - Sawyer Rd","lowerLimit":"GND","upperLimit":"1200 ft AGL","authority":"FAA (Recreational Flyer Fixed Sites)"}},
{"type":"Feature","geometry":{"type":"Polygon","coordinates":[[[-116.533,48.32077],[-116.53563,48.31941],[-116.53185,48.31732],[-116.533,48.32077]]]},"properties":{"type":"REC_FIXED_SITE_US","name":"Lake RC Aviation Club - Flying Site","identifier":"FAA-REC_FIXED_SITE_US:Lake RC Aviation Club - Flying Site","lowerLimit":"GND","upperLimit":"700 ft AGL","authority":"FAA (Recreational Flyer Fixed Sites)"}},
{"type":"Feature","geometry":{"type":"Polygon","coordinates":[[[-88.01712,42.04699],[-88.02045,42.04434],[-88.01712,42.04434],[-88.01712,42.04699]]]},"properties":{"type":"REC_FIXED_SITE_US","name":"Ned Brown Model Flying Field - 247","identifier":"FAA-REC_FIXED_SITE_US:Ned Brown Model Flying Field - 247","lowerLimit":"GND","upperLimit":"700 ft AGL","authority":"FAA (Recreational Flyer Fixed Sites)"}},
{"type":"Feature","geometry":{"type":"Polygon","coordinates":[[[-88.05849,42.32224],[-88.06271,42.32111],[-88.05871,42.3196],[-88.05849,42.32224]]]},"properties":{"type":"REC_FIXED_SITE_US","name":"Saddlebrook R/C Flyers - E Saddlebrook Dr","identifier":"FAA-REC_FIXED_SITE_US:Saddlebrook R/C Flyers - E Saddlebrook Dr","lowerLimit":"GND","upperLimit":"700 ft AGL","authority":"FAA (Recreational Flyer Fixed Sites)"}},
{"type":"Feature","geometry":{"type":"Polygon","coordinates":[[[-88.4144,42.45808],[-88.41471,42.45447],[-88.41197,42.45604],[-88.4144,42.45808]]]},"properties":{"type":"REC_FIXED_SITE_US","name":"Chain O Lakes Eagles - Kemman Rd.","identifier":"FAA-REC_FIXED_SITE_US:Chain O Lakes Eagles - Kemman Rd.","lowerLimit":"GND","upperLimit":"700 ft AGL","authority":"FAA (Recreational Flyer Fixed Sites)"}},
{"type":"Feature","geometry":{"type":"Polygon","coordinates":[[[-87.9133,42.22515],[-87.91497,42.22202],[-87.91152,42.2221],[-87.9133,42.22515]]]},"properties":{"type":"REC_FIXED_SITE_US","name":"Aero Sport RC Club - Everett Rd.","identifier":"FAA-REC_FIXED_SITE_US:Aero Sport RC Club - Everett Rd.","lowerLimit":"GND","upperLimit":"700 ft AGL","authority":"FAA (Recreational Flyer Fixed Sites)"}},
{"type":"Feature","geometry":{"type":"Polygon","coordinates":[[[-89.65121,42.33983],[-89.65455,42.33999],[-89.65472,42.33974],[-89.65543,42.3387],[-89.65477,42.33735],[-89.65352,42.33688],[-89.6533,42.33679],[-89.65143,42.33719],[-89.65121,42.33983]]]},"properties":{"type":"REC_FIXED_SITE_US","name":"Freeport RC Modelers Club - Adjacent property from flying site","identifier":"FAA-REC_FIXED_SITE_US:Freeport RC Modelers Club - Adjacent property from flying site","lowerLimit":"GND","upperLimit":"700 ft AGL","authority":"FAA (Recreational Flyer Fixed Sites)"}},
{"type":"Feature","geometry":{"type":"Polygon","coordinates":[[[-88.2835,42.40923],[-88.28772,42.4081],[-88.28372,42.40659],[-88.2835,42.40923]]]},"properties":{"type":"REC_FIXED_SITE_US","name":"Chain O Lakes Eagles - COL Eagles Field","identifier":"FAA-REC_FIXED_SITE_US:Chain O Lakes Eagles - COL Eagles Field","lowerLimit":"GND","upperLimit":"700 ft AGL","authority":"FAA (Recreational Flyer Fixed Sites)"}},
{"type":"Feature","geometry":{"type":"Polygon","coordinates":[[[-88.0421,42.1461],[-88.04453,42.14418],[-88.04194,42.14248],[-88.0421,42.1461]]]},"properties":{"type":"REC_FIXED_SITE_US","name":"Blue Max Flying Club Buffalo Grove IL - Deer Grove Field","identifier":"FAA-REC_FIXED_SITE_US:Blue Max Flying Club Buffalo Grove IL - Deer Grove Field","lowerLimit":"GND","upperLimit":"700 ft AGL","authority":"FAA (Recreational Flyer Fixed Sites)"}},
{"type":"Feature","geometry":{"type":"Polygon","coordinates":[[[-88.168,42.26615],[-88.16967,42.26302],[-88.16622,42.2631],[-88.168,42.26615]]]},"properties":{"type":"REC_FIXED_SITE_US","name":"Skylarks R/C Club of Illinois - IL-176","identifier":"FAA-REC_FIXED_SITE_US:Skylarks R/C Club of Illinois - IL-176","lowerLimit":"GND","upperLimit":"700 ft AGL","authority":"FAA (Recreational Flyer Fixed Sites)"}},
{"type":"Feature","geometry":{"type":"Polygon","coordinates":[[[-87.92892,42.492],[-87.93228,42.48936],[-87.92892,42.48936],[-87.92892,42.492]]]},"properties":{"type":"REC_FIXED_SITE_US","name":"Lake County Radio Control Club - West Russell Road","identifier":"FAA-REC_FIXED_SITE_US:Lake County Radio Control Club - West Russell Road","lowerLimit":"GND","upperLimit":"700 ft AGL","authority":"FAA (Recreational Flyer Fixed Sites)"}},
{"type":"Feature","geometry":{"type":"Polygon","coordinates":[[[-88.86593,41.99243],[-88.86836,41.99062],[-88.86578,41.98881],[-88.86593,41.99243]]]},"properties":{"type":"REC_FIXED_SITE_US","name":"Kishwaukee RC Flyers  - Schafer Road","identifier":"FAA-REC_FIXED_SITE_US:Kishwaukee RC Flyers  - Schafer Road","lowerLimit":"GND","upperLimit":"1200 ft AGL","authority":"FAA (Recreational Flyer Fixed Sites)"}},
{"type":"Feature","geometry":{"type":"Polygon","coordinates":[[[-88.48433,42.10824],[-88.48787,42.10576],[-88.48455,42.1056],[-88.48433,42.10824]]]},"properties":{"type":"REC_FIXED_SITE_US","name":"Silent Order of Aeromodeling - Hampshire Forest Preserve Dr","identifier":"FAA-REC_FIXED_SITE_US:Silent Order of Aeromodeling - Hampshire Forest Preserve Dr","lowerLimit":"GND","upperLimit":"700 ft AGL","authority":"FAA (Recreational Flyer Fixed Sites)"}},
{"type":"Feature","geometry":{"type":"Polygon","coordinates":[[[-88.15909,42.06168],[-88.16263,42.0592],[-88.15931,42.05904],[-88.15909,42.06168]]]},"properties":{"type":"REC_FIXED_SITE_US","name":"Poplar Creek Model Airplane Flying Field","identifier":"FAA-REC_FIXED_SITE_US:Poplar Creek Model Airplane Flying Field","lowerLimit":"GND","upperLimit":"700 ft AGL","authority":"FAA (Recreational Flyer Fixed Sites)"}},
{"type":"Feature","geometry":{"type":"Polygon","coordinates":[[[-88.37287,41.90129],[-88.37455,41.90089],[-88.37617,41.90146],[-88.37682,41.90281],[-88.37668,41.90302],[-88.37684,41.90297],[-88.37673,41.90041],[-88.37476,41.89993],[-88.3733,41.90049],[-88.37287,41.90129]]]},"properties":{"type":"REC_FIXED_SITE_US","name":"Fox Valley Aero Club - Karl Madsen Dr","identifier":"FAA-REC_FIXED_SITE_US:Fox Valley Aero Club - Karl Madsen Dr","lowerLimit":"GND","upperLimit":"700 ft AGL","authority":"FAA (Recreational Flyer Fixed Sites)"}},
{"type":"Feature","geometry":{"type":"Polygon","coordinates":[[[-88.11307,42.02277],[-88.11322,42.01915],[-88.11064,42.02096],[-88.11307,42.02277]]]},"properties":{"type":"REC_FIXED_SITE_US","name":"Tri-Village RCers - The Barn","identifier":"FAA-REC_FIXED_SITE_US:Tri-Village RCers - The Barn","lowerLimit":"GND","upperLimit":"700 ft AGL","authority":"FAA (Recreational Flyer Fixed Sites)"}},
{"type":"Feature","geometry":{"type":"Polygon","coordinates":[[[-87.57738,41.55467],[-87.57903,41.55154],[-87.57562,41.55162],[-87.57738,41.55467]]]},"properties":{"type":"REC_FIXED_SITE_US","name":"THORN CREEK RC CLUB   1","identifier":"FAA-REC_FIXED_SITE_US:THORN CREEK RC CLUB   1","lowerLimit":"GND","upperLimit":"700 ft AGL","authority":"FAA (Recreational Flyer Fixed Sites)"}},
{"type":"Feature","geometry":{"type":"Polygon","coordinates":[[[-88.03474,41.45654],[-88.0365,41.45349],[-88.03309,41.45341],[-88.03474,41.45654]]]},"properties":{"type":"REC_FIXED_SITE_US","name":"Joliet Radio Control Club Inc. Bernhard Rd flying site","identifier":"FAA-REC_FIXED_SITE_US:Joliet Radio Control Club Inc. Bernhard Rd flying site","lowerLimit":"GND","upperLimit":"700 ft AGL","authority":"FAA (Recreational Flyer Fixed Sites)"}},
{"type":"Feature","geometry":{"type":"Polygon","coordinates":[[[-87.9939,41.69931],[-87.99405,41.69569],[-87.99148,41.6975],[-87.9939,41.69931]]]},"properties":{"type":"REC_FIXED_SITE_US","name":"Woodland Aero Modelers - Waterfall Glen Forest Preserve","identifier":"FAA-REC_FIXED_SITE_US:Woodland Aero Modelers - Waterfall Glen Forest Preserve","lowerLimit":"GND","upperLimit":"700 ft AGL","authority":"FAA (Recreational Flyer Fixed Sites)"}},
{"type":"Feature","geometry":{"type":"Polygon","coordinates":[[[-87.73536,41.5387],[-87.73844,41.5359],[-87.73514,41.53606],[-87.73536,41.5387]]]},"properties":{"type":"REC_FIXED_SITE_US","name":"Cook County - Cicero Ave","identifier":"FAA-REC_FIXED_SITE_US:Cook County - Cicero Ave","lowerLimit":"GND","upperLimit":"700 ft AGL","authority":"FAA (Recreational Flyer Fixed Sites)"}},
{"type":"Feature","geometry":{"type":"Polygon","coordinates":[[[-87.68754,41.3801],[-87.68994,41.3784],[-87.68601,41.37689],[-87.68754,41.3801]]]},"properties":{"type":"REC_FIXED_SITE_US","name":"GSU Drone Engineering - BULT Field","identifier":"FAA-REC_FIXED_SITE_US:GSU Drone Engineering - BULT Field","lowerLimit":"GND","upperLimit":"700 ft AGL","authority":"FAA (Recreational Flyer Fixed Sites)"}},
{"type":"Feature","geometry":{"type":"Polygon","coordinates":[[[-88.53835,41.38993],[-88.54241,41.38861],[-88.53985,41.3868],[-88.53835,41.38993]]]},"properties":{"type":"REC_FIXED_SITE_US","name":"Grundy Area Aeromodelers - Morey Rd","identifier":"FAA-REC_FIXED_SITE_US:Grundy Area Aeromodelers - Morey Rd","lowerLimit":"GND","upperLimit":"700 ft AGL","authority":"FAA (Recreational Flyer Fixed Sites)"}},
{"type":"Feature","geometry":{"type":"Polygon","coordinates":[[[-87.85858,41.69567],[-87.861,41.69386],[-87.85843,41.69205],[-87.85858,41.69567]]]},"properties":{"type":"REC_FIXED_SITE_US","name":"Palos RC Flying Club - Morrill Meadow","identifier":"FAA-REC_FIXED_SITE_US:Palos RC Flying Club - Morrill Meadow","lowerLimit":"GND","upperLimit":"700 ft AGL","authority":"FAA (Recreational Flyer Fixed Sites)"}},
{"type":"Feature","geometry":{"type":"Polygon","coordinates":[[[-87.75037,41.37166],[-87.75202,41.36853],[-87.74797,41.36996],[-87.75037,41.37166]]]},"properties":{"type":"REC_FIXED_SITE_US","name":"GSU Drone Engineering - IDOT Helicopter Pad","identifier":"FAA-REC_FIXED_SITE_US:GSU Drone Engineering - IDOT Helicopter Pad","lowerLimit":"GND","upperLimit":"700 ft AGL","authority":"FAA (Recreational Flyer Fixed Sites)"}},
{"type":"Feature","geometry":{"type":"Polygon","coordinates":[[[-88.63083,41.77037],[-88.63083,41.76674],[-88.62841,41.76844],[-88.63083,41.77037]]]},"properties":{"type":"REC_FIXED_SITE_US","name":"Kishwaukee RC Flyers  - US 30","identifier":"FAA-REC_FIXED_SITE_US:Kishwaukee RC Flyers  - US 30","lowerLimit":"GND","upperLimit":"700 ft AGL","authority":"FAA (Recreational Flyer Fixed Sites)"}},
{"type":"Feature","geometry":{"type":"Polygon","coordinates":[[[-87.90398,41.73979],[-87.9064,41.73809],[-87.90244,41.73658],[-87.90398,41.73979]]]},"properties":{"type":"REC_FIXED_SITE_US","name":"Woodland Aero Modelers - Trinity Lutheran School","identifier":"FAA-REC_FIXED_SITE_US:Woodland Aero Modelers - Trinity Lutheran School","lowerLimit":"GND","upperLimit":"700 ft AGL","authority":"FAA (Recreational Flyer Fixed Sites)"}},
{"type":"Feature","geometry":{"type":"Polygon","coordinates":[[[-88.16914,41.73854],[-88.17246,41.73854],[-88.17095,41.73541],[-88.16914,41.73854]]]},"properties":{"type":"REC_FIXED_SITE_US","name":"Prop Masters R/C Aero Club - Springbrook Prairie Flying Field","identifier":"FAA-REC_FIXED_SITE_US:Prop Masters R/C Aero Club - Springbrook Prairie Flying Field","lowerLimit":"GND","upperLimit":"700 ft AGL","authority":"FAA (Recreational Flyer Fixed Sites)"}},
{"type":"Feature","geometry":{"type":"Polygon","coordinates":[[[-88.63604,41.57097],[-88.64021,41.56984],[-88.63795,41.56792],[-88.63604,41.57097]]]},"properties":{"type":"REC_FIXED_SITE_US","name":"R/C Dusters - 4375th Rd","identifier":"FAA-REC_FIXED_SITE_US:R/C Dusters - 4375th Rd","lowerLimit":"GND","upperLimit":"1200 ft AGL","authority":"FAA (Recreational Flyer Fixed Sites)"}},
{"type":"Feature","geometry":{"type":"Polygon","coordinates":[[[-88.34646,41.61097],[-88.35063,41.60984],[-88.34837,41.60792],[-88.34646,41.61097]]]},"properties":{"type":"REC_FIXED_SITE_US","name":"SOAR - Yorkville","identifier":"FAA-REC_FIXED_SITE_US:SOAR - Yorkville","lowerLimit":"GND","upperLimit":"700 ft AGL","authority":"FAA (Recreational Flyer Fixed Sites)"}},
{"type":"Feature","geometry":{"type":"Polygon","coordinates":[[[-88.24333,41.6793],[-88.24348,41.67568],[-88.24091,41.67749],[-88.24333,41.6793]]]},"properties":{"type":"REC_FIXED_SITE_US","name":"Silent Order of Aeromodeling - Central Sod Farms","identifier":"FAA-REC_FIXED_SITE_US:Silent Order of Aeromodeling - Central Sod Farms","lowerLimit":"GND","upperLimit":"700 ft AGL","authority":"FAA (Recreational Flyer Fixed Sites)"}},
{"type":"Feature","geometry":{"type":"Polygon","coordinates":[[[-87.64411,41.6327],[-87.64719,41.6299],[-87.64389,41.63006],[-87.64411,41.6327]]]},"properties":{"type":"REC_FIXED_SITE_US","name":"Chicago Model Masters - Kickapoo Meadows","identifier":"FAA-REC_FIXED_SITE_US:Chicago Model Masters - Kickapoo Meadows","lowerLimit":"GND","upperLimit":"700 ft AGL","authority":"FAA (Recreational Flyer Fixed Sites)"}},
{"type":"Feature","geometry":{"type":"Polygon","coordinates":[[[-87.6416,40.84981],[-87.64175,40.84619],[-87.63921,40.848],[-87.6416,40.84981]]]},"properties":{"type":"REC_FIXED_SITE_US","name":"Dumb Thumbs RC Inc – Zabel Farms","identifier":"FAA-REC_FIXED_SITE_US:Dumb Thumbs RC Inc – Zabel Farms","lowerLimit":"GND","upperLimit":"1200 ft AGL","authority":"FAA (Recreational Flyer Fixed Sites)"}},
{"type":"Feature","geometry":{"type":"Polygon","coordinates":[[[-89.65472,42.33974],[-89.65606,42.3398],[-89.65694,42.33851],[-89.65481,42.3366],[-89.65352,42.33688],[-89.65477,42.33735],[-89.65543,42.3387],[-89.65472,42.33974]]]},"properties":{"type":"REC_FIXED_SITE_US","name":"Freeport RC Modelers Club - Oppold / Blumendahl Rd.","identifier":"FAA-REC_FIXED_SITE_US:Freeport RC Modelers Club - Oppold / Blumendahl Rd.","lowerLimit":"GND","upperLimit":"700 ft AGL","authority":"FAA (Recreational Flyer Fixed Sites)"}},
{"type":"Feature","geometry":{"type":"Polygon","coordinates":[[[-89.03884,42.42665],[-89.04063,42.4236],[-89.0364,42.42473],[-89.03884,42.42665]]]},"properties":{"type":"REC_FIXED_SITE_US","name":"Rock Valley RC Flyers - Chickory Ridge Park","identifier":"FAA-REC_FIXED_SITE_US:Rock Valley RC Flyers - Chickory Ridge Park","lowerLimit":"GND","upperLimit":"700 ft AGL","authority":"FAA (Recreational Flyer Fixed Sites)"}},
{"type":"Feature","geometry":{"type":"Polygon","coordinates":[[[-88.99866,42.39126],[-89.002,42.38861],[-88.99866,42.38861],[-88.99866,42.39126]]]},"properties":{"type":"REC_FIXED_SITE_US","name":"Rockford Aeromodelers - Swanson Rd","identifier":"FAA-REC_FIXED_SITE_US:Rockford Aeromodelers - Swanson Rd","lowerLimit":"GND","upperLimit":"1200 ft AGL","authority":"FAA (Recreational Flyer Fixed Sites)"}},
{"type":"Feature","geometry":{"type":"Polygon","coordinates":[[[-89.1822,42.30601],[-89.18251,42.3024],[-89.17976,42.3042],[-89.1822,42.30601]]]},"properties":{"type":"REC_FIXED_SITE_US","name":"Rock Valley RC Flyers - Harrison Rd","identifier":"FAA-REC_FIXED_SITE_US:Rock Valley RC Flyers - Harrison Rd","lowerLimit":"GND","upperLimit":"1200 ft AGL","authority":"FAA (Recreational Flyer Fixed Sites)"}},
{"type":"Feature","geometry":{"type":"Polygon","coordinates":[[[-90.07818,41.684],[-90.0806,41.68219],[-90.07803,41.68038],[-90.07818,41.684]]]},"properties":{"type":"REC_FIXED_SITE_US","name":"Erie RC Club - Erie Air Park","identifier":"FAA-REC_FIXED_SITE_US:Erie RC Club - Erie Air Park","lowerLimit":"GND","upperLimit":"1200 ft AGL","authority":"FAA (Recreational Flyer Fixed Sites)"}},
{"type":"Feature","geometry":{"type":"Polygon","coordinates":[[[-90.18006,41.6081],[-90.18314,41.6053],[-90.17984,41.60546],[-90.18006,41.6081]]]},"properties":{"type":"REC_FIXED_SITE_US","name":"Hillsdale Country Flyers - Black Fabrication","identifier":"FAA-REC_FIXED_SITE_US:Hillsdale Country Flyers - Black Fabrication","lowerLimit":"GND","upperLimit":"1200 ft AGL","authority":"FAA (Recreational Flyer Fixed Sites)"}},
{"type":"Feature","geometry":{"type":"Polygon","coordinates":[[[-89.9564,41.85363],[-89.95816,41.85058],[-89.95463,41.85058],[-89.9564,41.85363]]]},"properties":{"type":"REC_FIXED_SITE_US","name":"Rockwood State Park","identifier":"FAA-REC_FIXED_SITE_US:Rockwood State Park","lowerLimit":"GND","upperLimit":"1200 ft AGL","authority":"FAA (Recreational Flyer Fixed Sites)"}},
{"type":"Feature","geometry":{"type":"Polygon","coordinates":[[[-89.12389,41.42178],[-89.12795,41.42046],[-89.12569,41.41865],[-89.12389,41.42178]]]},"properties":{"type":"REC_FIXED_SITE_US","name":"IL Valley RC Club - Flaherty Airport","identifier":"FAA-REC_FIXED_SITE_US:IL Valley RC Club - Flaherty Airport","lowerLimit":"GND","upperLimit":"700 ft AGL","authority":"FAA (Recreational Flyer Fixed Sites)"}},
{"type":"Feature","geometry":{"type":"Polygon","coordinates":[[[-89.85227,41.2739],[-89.85533,41.2711],[-89.85205,41.27126],[-89.85227,41.2739]]]},"properties":{"type":"REC_FIXED_SITE_US","name":"Kewanee Krashers RC Club - Zim Rd","identifier":"FAA-REC_FIXED_SITE_US:Kewanee Krashers RC Club - Zim Rd","lowerLimit":"GND","upperLimit":"700 ft AGL","authority":"FAA (Recreational Flyer Fixed Sites)"}},
{"type":"Feature","geometry":{"type":"Polygon","coordinates":[[[-89.02803,41.28388],[-89.03109,41.28108],[-89.02781,41.28124],[-89.02803,41.28388]]]},"properties":{"type":"REC_FIXED_SITE_US","name":"Deer Park RC Flyers - Mattheissen State Park","identifier":"FAA-REC_FIXED_SITE_US:Deer Park RC Flyers - Mattheissen State Park","lowerLimit":"GND","upperLimit":"1200 ft AGL","authority":"FAA (Recreational Flyer Fixed Sites)"}},
{"type":"Feature","geometry":{"type":"Polygon","coordinates":[[[-88.87025,41.11523],[-88.872,41.11218],[-88.86785,41.11342],[-88.87025,41.11523]]]},"properties":{"type":"REC_FIXED_SITE_US","name":"Streator RC Flyers - E 15th Rd","identifier":"FAA-REC_FIXED_SITE_US:Streator RC Flyers - E 15th Rd","lowerLimit":"GND","upperLimit":"1200 ft AGL","authority":"FAA (Recreational Flyer Fixed Sites)"}},
{"type":"Feature","geometry":{"type":"Polygon","coordinates":[[[-89.57005,40.86635],[-89.57243,40.86466],[-89.5702,40.86273],[-89.57005,40.86635]]]},"properties":{"type":"REC_FIXED_SITE_US","name":"Peoria RC Modelers - North Old Galena Rd","identifier":"FAA-REC_FIXED_SITE_US:Peoria RC Modelers - North Old Galena Rd","lowerLimit":"GND","upperLimit":"700 ft AGL","authority":"FAA (Recreational Flyer Fixed Sites)"}},
{"type":"Feature","geometry":{"type":"Polygon","coordinates":[[[-89.44978,40.77097],[-89.45152,40.76792],[-89.4474,40.76904],[-89.44978,40.77097]]]},"properties":{"type":"REC_FIXED_SITE_US","name":"Washington R/C Flyer - Germantown Middle School","identifier":"FAA-REC_FIXED_SITE_US:Washington R/C Flyer - Germantown Middle School","lowerLimit":"GND","upperLimit":"1200 ft AGL","authority":"FAA (Recreational Flyer Fixed Sites)"}},
{"type":"Feature","geometry":{"type":"Polygon","coordinates":[[[-89.58837,40.60762],[-89.59238,40.6063],[-89.58985,40.60449],[-89.58837,40.60762]]]},"properties":{"type":"REC_FIXED_SITE_US","name":"Pekin RC Club Inc - Hermon D Lowery Field","identifier":"FAA-REC_FIXED_SITE_US:Pekin RC Club Inc - Hermon D Lowery Field","lowerLimit":"GND","upperLimit":"700 ft AGL","authority":"FAA (Recreational Flyer Fixed Sites)"}},
{"type":"Feature","geometry":{"type":"Polygon","coordinates":[[[-89.37733,40.71579],[-89.37748,40.71217],[-89.37495,40.71398],[-89.37733,40.71579]]]},"properties":{"type":"REC_FIXED_SITE_US","name":"Washington R/C Flyer - Cruger Rd","identifier":"FAA-REC_FIXED_SITE_US:Washington R/C Flyer - Cruger Rd","lowerLimit":"GND","upperLimit":"1200 ft AGL","authority":"FAA (Recreational Flyer Fixed Sites)"}},
{"type":"Feature","geometry":{"type":"Polygon","coordinates":[[[-90.07264,40.7752],[-90.07568,40.7724],[-90.07242,40.77256],[-90.07264,40.7752]]]},"properties":{"type":"REC_FIXED_SITE_US","name":"Spoon River Flyers - Tri County Airport","identifier":"FAA-REC_FIXED_SITE_US:Spoon River Flyers - Tri County Airport","lowerLimit":"GND","upperLimit":"700 ft AGL","authority":"FAA (Recreational Flyer Fixed Sites)"}},
{"type":"Feature","geometry":{"type":"Polygon","coordinates":[[[-89.15253,40.3727],[-89.15436,40.36973],[-89.15102,40.36949],[-89.15253,40.3727]]]},"properties":{"type":"REC_FIXED_SITE_US","name":"Sentral Illinois Radio Society - CR 600 N","identifier":"FAA-REC_FIXED_SITE_US:Sentral Illinois Radio Society - CR 600 N","lowerLimit":"GND","upperLimit":"1200 ft AGL","authority":"FAA (Recreational Flyer Fixed Sites)"}},
{"type":"Feature","geometry":{"type":"Polygon","coordinates":[[[-88.12323,40.19707],[-88.12625,40.19427],[-88.12302,40.19443],[-88.12323,40.19707]]]},"properties":{"type":"REC_FIXED_SITE_US","name":"Flying Horseman RC Club North - CR 1800 E","identifier":"FAA-REC_FIXED_SITE_US:Flying Horseman RC Club North - CR 1800 E","lowerLimit":"GND","upperLimit":"700 ft AGL","authority":"FAA (Recreational Flyer Fixed Sites)"}},
{"type":"Feature","geometry":{"type":"Polygon","coordinates":[[[-88.30815,40.16475],[-88.30997,40.16178],[-88.30579,40.16282],[-88.30815,40.16475]]]},"properties":{"type":"REC_FIXED_SITE_US","name":"Champaign County RC Club - W Bloomington Rd","identifier":"FAA-REC_FIXED_SITE_US:Champaign County RC Club - W Bloomington Rd","lowerLimit":"GND","upperLimit":"700 ft AGL","authority":"FAA (Recreational Flyer Fixed Sites)"}},
{"type":"Feature","geometry":{"type":"Polygon","coordinates":[[[-87.6945,40.15047],[-87.69612,40.14734],[-87.69214,40.14877],[-87.6945,40.15047]]]},"properties":{"type":"REC_FIXED_SITE_US","name":"Vermilion County RC Club - Melody Field","identifier":"FAA-REC_FIXED_SITE_US:Vermilion County RC Club - Melody Field","lowerLimit":"GND","upperLimit":"700 ft AGL","authority":"FAA (Recreational Flyer Fixed Sites)"}},
{"type":"Feature","geometry":{"type":"Polygon","coordinates":[[[-88.41039,40.20418],[-88.41341,40.20138],[-88.41018,40.20154],[-88.41039,40.20418]]]},"properties":{"type":"REC_FIXED_SITE_US","name":"Champaign County Radio Control Club - Seymour High School Field House","identifier":"FAA-REC_FIXED_SITE_US:Champaign County Radio Control Club - Seymour High School Field House","lowerLimit":"GND","upperLimit":"1200 ft AGL","authority":"FAA (Recreational Flyer Fixed Sites)"}},
{"type":"Feature","geometry":{"type":"Polygon","coordinates":[[[-88.55142,40.06121],[-88.55127,40.05759],[-88.54906,40.05951],[-88.55142,40.06121]]]},"properties":{"type":"REC_FIXED_SITE_US","name":"Monticello Model Masters - Eli Field","identifier":"FAA-REC_FIXED_SITE_US:Monticello Model Masters - Eli Field","lowerLimit":"GND","upperLimit":"1200 ft AGL","authority":"FAA (Recreational Flyer Fixed Sites)"}},
{"type":"Feature","geometry":{"type":"Polygon","coordinates":[[[-88.13704,39.46563],[-88.14098,39.46431],[-88.13879,39.4625],[-88.13704,39.46563]]]},"properties":{"type":"REC_FIXED_SITE_US","name":"Charleston RC Stone Flyers - Cardinal LN","identifier":"FAA-REC_FIXED_SITE_US:Charleston RC Stone Flyers - Cardinal LN","lowerLimit":"GND","upperLimit":"1200 ft AGL","authority":"FAA (Recreational Flyer Fixed Sites)"}},
{"type":"Feature","geometry":{"type":"Polygon","coordinates":[[[-88.464,39.49272],[-88.46794,39.4914],[-88.46575,39.48959],[-88.464,39.49272]]]},"properties":{"type":"REC_FIXED_SITE_US","name":"Tri County RC Club - CR 800 N","identifier":"FAA-REC_FIXED_SITE_US:Tri County RC Club - CR 800 N","lowerLimit":"GND","upperLimit":"1200 ft AGL","authority":"FAA (Recreational Flyer Fixed Sites)"}},
{"type":"Feature","geometry":{"type":"Polygon","coordinates":[[[-89.99202,38.8116],[-89.9952,38.80896],[-89.99202,38.80896],[-89.99202,38.8116]]]},"properties":{"type":"REC_FIXED_SITE_US","name":"East Side RC Club - Southern Illinois University Edwardsville","identifier":"FAA-REC_FIXED_SITE_US:East Side RC Club - Southern Illinois University Edwardsville","lowerLimit":"GND","upperLimit":"700 ft AGL","authority":"FAA (Recreational Flyer Fixed Sites)"}},
{"type":"Feature","geometry":{"type":"Polygon","coordinates":[[[-90.00532,38.77745],[-90.00859,38.77489],[-90.00532,38.77481],[-90.00532,38.77745]]]},"properties":{"type":"REC_FIXED_SITE_US","name":"Thermaleers Inc - Bluff Rd","identifier":"FAA-REC_FIXED_SITE_US:Thermaleers Inc - Bluff Rd","lowerLimit":"GND","upperLimit":"1200 ft AGL","authority":"FAA (Recreational Flyer Fixed Sites)"}},
{"type":"Feature","geometry":{"type":"Polygon","coordinates":[[[-90.05554,38.69724],[-90.05723,38.69419],[-90.05323,38.69532],[-90.05554,38.69724]]]},"properties":{"type":"REC_FIXED_SITE_US","name":"Midwest Air Wing R/C Club - Bruns Rd","identifier":"FAA-REC_FIXED_SITE_US:Midwest Air Wing R/C Club - Bruns Rd","lowerLimit":"GND","upperLimit":"1200 ft AGL","authority":"FAA (Recreational Flyer Fixed Sites)"}},
{"type":"Feature","geometry":{"type":"Polygon","coordinates":[[[-89.54485,38.70024],[-89.54802,38.69759],[-89.54485,38.69759],[-89.54485,38.70024]]]},"properties":{"type":"REC_FIXED_SITE_US","name":"Sport Flyers RC Club - Goodings Ford Rd","identifier":"FAA-REC_FIXED_SITE_US:Sport Flyers RC Club - Goodings Ford Rd","lowerLimit":"GND","upperLimit":"700 ft AGL","authority":"FAA (Recreational Flyer Fixed Sites)"}},
{"type":"Feature","geometry":{"type":"Polygon","coordinates":[[[-89.84399,37.92869],[-89.84576,37.92572],[-89.84171,37.92677],[-89.84399,37.92869]]]},"properties":{"type":"REC_FIXED_SITE_US","name":"Breezy Hill RC Club - Richard P. McClure Memorial Field","identifier":"FAA-REC_FIXED_SITE_US:Breezy Hill RC Club - Richard P. McClure Memorial Field","lowerLimit":"GND","upperLimit":"700 ft AGL","authority":"FAA (Recreational Flyer Fixed Sites)"}},
{"type":"Feature","geometry":{"type":"Polygon","coordinates":[[[-90.2378,38.43505],[-90.23938,38.43191],[-90.2355,38.43335],[-90.2378,38.43505]]]},"properties":{"type":"REC_FIXED_SITE_US","name":"Columbia R/C Flying Club Inc - Bluff Rd","identifier":"FAA-REC_FIXED_SITE_US:Columbia R/C Flying Club Inc - Bluff Rd","lowerLimit":"GND","upperLimit":"1200 ft AGL","authority":"FAA (Recreational Flyer Fixed Sites)"}},
{"type":"Feature","geometry":{"type":"Polygon","coordinates":[[[-90.26175,38.36531],[-90.26322,38.3621],[-90.25945,38.36361],[-90.26175,38.36531]]]},"properties":{"type":"REC_FIXED_SITE_US","name":"Mississippi Valley Soaring Association - Eagle Cliff","identifier":"FAA-REC_FIXED_SITE_US:Mississippi Valley Soaring Association - Eagle Cliff","lowerLimit":"GND","upperLimit":"1200 ft AGL","authority":"FAA (Recreational Flyer Fixed Sites)"}},
{"type":"Feature","geometry":{"type":"Polygon","coordinates":[[[-89.59709,39.68582],[-89.60031,39.68582],[-89.59885,39.68269],[-89.59709,39.68582]]]},"properties":{"type":"REC_FIXED_SITE_US","name":"Sangamon Valley RC Flyers - Holmes Airstrip","identifier":"FAA-REC_FIXED_SITE_US:Sangamon Valley RC Flyers - Holmes Airstrip","lowerLimit":"GND","upperLimit":"1200 ft AGL","authority":"FAA (Recreational Flyer Fixed Sites)"}},
{"type":"Feature","geometry":{"type":"Polygon","coordinates":[[[-89.99694,40.14121],[-89.9993,40.13951],[-89.99532,40.13808],[-89.99694,40.14121]]]},"properties":{"type":"REC_FIXED_SITE_US","name":"Timberlake R/C Club - CR 1500 E","identifier":"FAA-REC_FIXED_SITE_US:Timberlake R/C Club - CR 1500 E","lowerLimit":"GND","upperLimit":"1200 ft AGL","authority":"FAA (Recreational Flyer Fixed Sites)"}},
{"type":"Feature","geometry":{"type":"Polygon","coordinates":[[[-87.98752,38.39655],[-87.98982,38.39463],[-87.98737,38.39293],[-87.98752,38.39655]]]},"properties":{"type":"REC_FIXED_SITE_US","name":"Prop Busters - Nelson Field","identifier":"FAA-REC_FIXED_SITE_US:Prop Busters - Nelson Field","lowerLimit":"GND","upperLimit":"1200 ft AGL","authority":"FAA (Recreational Flyer Fixed Sites)"}},
{"type":"Feature","geometry":{"type":"Polygon","coordinates":[[[-88.9162,38.1324],[-88.91849,38.13048],[-88.91452,38.12935],[-88.9162,38.1324]]]},"properties":{"type":"REC_FIXED_SITE_US","name":"Rend Lake College","identifier":"FAA-REC_FIXED_SITE_US:Rend Lake College","lowerLimit":"GND","upperLimit":"1200 ft AGL","authority":"FAA (Recreational Flyer Fixed Sites)"}},
{"type":"Feature","geometry":{"type":"Polygon","coordinates":[[[-88.53795,38.07666],[-88.53972,38.07369],[-88.53649,38.07345],[-88.53795,38.07666]]]},"properties":{"type":"REC_FIXED_SITE_US","name":"Hamilton County Fearless Flyers - McLeansboro Airport","identifier":"FAA-REC_FIXED_SITE_US:Hamilton County Fearless Flyers - McLeansboro Airport","lowerLimit":"GND","upperLimit":"1200 ft AGL","authority":"FAA (Recreational Flyer Fixed Sites)"}},
{"type":"Feature","geometry":{"type":"Polygon","coordinates":[[[-88.91044,37.72003],[-88.9122,37.71706],[-88.90898,37.71682],[-88.91044,37.72003]]]},"properties":{"type":"REC_FIXED_SITE_US","name":"Sky Squires RC - Sioux Dr","identifier":"FAA-REC_FIXED_SITE_US:Sky Squires RC - Sioux Dr","lowerLimit":"GND","upperLimit":"700 ft AGL","authority":"FAA (Recreational Flyer Fixed Sites)"}},
{"type":"Feature","geometry":{"type":"Polygon","coordinates":[[[-88.78458,37.75094],[-88.78444,37.74732],[-88.7823,37.74925],[-88.78458,37.75094]]]},"properties":{"type":"REC_FIXED_SITE_US","name":"Sky Squires RC Club - Chaney Rd","identifier":"FAA-REC_FIXED_SITE_US:Sky Squires RC Club - Chaney Rd","lowerLimit":"GND","upperLimit":"1200 ft AGL","authority":"FAA (Recreational Flyer Fixed Sites)"}},
{"type":"Feature","geometry":{"type":"Polygon","coordinates":[[[-87.8437,41.09433],[-87.8472,41.09185],[-87.84392,41.09169],[-87.8437,41.09433]]]},"properties":{"type":"REC_FIXED_SITE_US","name":"Kankakee Valley Model Flyers - 1601 River Road","identifier":"FAA-REC_FIXED_SITE_US:Kankakee Valley Model Flyers - 1601 River Road","lowerLimit":"GND","upperLimit":"700 ft AGL","authority":"FAA (Recreational Flyer Fixed Sites)"}},
{"type":"Feature","geometry":{"type":"Polygon","coordinates":[[[-90.25082,39.69593],[-90.25316,39.69401],[-90.25067,39.69231],[-90.25082,39.69593]]]},"properties":{"type":"REC_FIXED_SITE_US","name":"Jacksonville Propkickers - S Lincoln Rd","identifier":"FAA-REC_FIXED_SITE_US:Jacksonville Propkickers - S Lincoln Rd","lowerLimit":"GND","upperLimit":"700 ft AGL","authority":"FAA (Recreational Flyer Fixed Sites)"}},
{"type":"Feature","geometry":{"type":"Polygon","coordinates":[[[-88.37668,41.90302],[-88.37682,41.90281],[-88.37617,41.90146],[-88.37455,41.90089],[-88.37287,41.90129],[-88.37285,41.9013],[-88.37198,41.90259],[-88.37263,41.90394],[-88.37595,41.9041],[-88.37668,41.90302]]]},"properties":{"type":"REC_FIXED_SITE_US","name":"Fox Valley Aero Club - Hwy 38","identifier":"FAA-REC_FIXED_SITE_US:Fox Valley Aero Club - Hwy 38","lowerLimit":"GND","upperLimit":"700 ft AGL","authority":"FAA (Recreational Flyer Fixed Sites)"}},
{"type":"Feature","geometry":{"type":"Polygon","coordinates":[[[-85.70348,40.06774],[-85.70363,40.06412],[-85.70112,40.06593],[-85.70348,40.06774]]]},"properties":{"type":"REC_FIXED_SITE_US","name":"Anderson Extreme Flyers - Ridge Rd","identifier":"FAA-REC_FIXED_SITE_US:Anderson Extreme Flyers - Ridge Rd","lowerLimit":"GND","upperLimit":"700 ft AGL","authority":"FAA (Recreational Flyer Fixed Sites)"}},
{"type":"Feature","geometry":{"type":"Polygon","coordinates":[[[-85.82827,40.37353],[-85.82989,40.3704],[-85.82654,40.37048],[-85.82827,40.37353]]]},"properties":{"type":"REC_FIXED_SITE_US","name":"Madison County RC Flyers, W 1850, flying site","identifier":"FAA-REC_FIXED_SITE_US:Madison County RC Flyers, W 1850, flying site","lowerLimit":"GND","upperLimit":"1200 ft AGL","authority":"FAA (Recreational Flyer Fixed Sites)"}},
{"type":"Feature","geometry":{"type":"Polygon","coordinates":[[[-85.93623,40.03284],[-85.93638,40.02922],[-85.93387,40.03103],[-85.93623,40.03284]]]},"properties":{"type":"REC_FIXED_SITE_US","name":"Northeast Side Taildraggers R/C Aviation Club, Corp - 166th Street","identifier":"FAA-REC_FIXED_SITE_US:Northeast Side Taildraggers R/C Aviation Club, Corp - 166th Street","lowerLimit":"GND","upperLimit":"1200 ft AGL","authority":"FAA (Recreational Flyer Fixed Sites)"}},
{"type":"Feature","geometry":{"type":"Polygon","coordinates":[[[-86.22868,40.14005],[-86.23191,40.13989],[-86.23004,40.13684],[-86.22868,40.14005]]]},"properties":{"type":"REC_FIXED_SITE_US","name":"Viehe RC Fliers - N 1000 E","identifier":"FAA-REC_FIXED_SITE_US:Viehe RC Fliers - N 1000 E","lowerLimit":"GND","upperLimit":"700 ft AGL","authority":"FAA (Recreational Flyer Fixed Sites)"}},
{"type":"Feature","geometry":{"type":"Polygon","coordinates":[[[-86.06584,40.2875],[-86.06908,40.28734],[-86.0672,40.28429],[-86.06584,40.2875]]]},"properties":{"type":"REC_FIXED_SITE_US","name":"Tipton County RC Club - Tipton County Landfill","identifier":"FAA-REC_FIXED_SITE_US:Tipton County RC Club - Tipton County Landfill","lowerLimit":"GND","upperLimit":"1200 ft AGL","authority":"FAA (Recreational Flyer Fixed Sites)"}},
{"type":"Feature","geometry":{"type":"Polygon","coordinates":[[[-86.2585,40.03672],[-86.25865,40.0331],[-86.25614,40.03491],[-86.2585,40.03672]]]},"properties":{"type":"REC_FIXED_SITE_US","name":"Indianapolis Westside Flying site","identifier":"FAA-REC_FIXED_SITE_US:Indianapolis Westside Flying site","lowerLimit":"GND","upperLimit":"700 ft AGL","authority":"FAA (Recreational Flyer Fixed Sites)"}},
{"type":"Feature","geometry":{"type":"Polygon","coordinates":[[[-86.49509,39.75282],[-86.49905,39.7515],[-86.49655,39.74969],[-86.49509,39.75282]]]},"properties":{"type":"REC_FIXED_SITE_US","name":"Blacksheep R C Modelers Club - Corsair Field","identifier":"FAA-REC_FIXED_SITE_US:Blacksheep R C Modelers Club - Corsair Field","lowerLimit":"GND","upperLimit":"700 ft AGL","authority":"FAA (Recreational Flyer Fixed Sites)"}},
{"type":"Feature","geometry":{"type":"Polygon","coordinates":[[[-86.03953,39.36531],[-86.04123,39.36225],[-86.03793,39.36217],[-86.03953,39.36531]]]},"properties":{"type":"REC_FIXED_SITE_US","name":"Johnson County RC Flyers - Tracee Field","identifier":"FAA-REC_FIXED_SITE_US:Johnson County RC Flyers - Tracee Field","lowerLimit":"GND","upperLimit":"1200 ft AGL","authority":"FAA (Recreational Flyer Fixed Sites)"}},
{"type":"Feature","geometry":{"type":"Polygon","coordinates":[[[-86.19389,39.5754],[-86.19404,39.57178],[-86.19155,39.57347],[-86.19389,39.5754]]]},"properties":{"type":"REC_FIXED_SITE_US","name":"Center Grove High School","identifier":"FAA-REC_FIXED_SITE_US:Center Grove High School","lowerLimit":"GND","upperLimit":"700 ft AGL","authority":"FAA (Recreational Flyer Fixed Sites)"}},
{"type":"Feature","geometry":{"type":"Polygon","coordinates":[[[-86.37319,39.41144],[-86.37713,39.41012],[-86.37464,39.40831],[-86.37319,39.41144]]]},"properties":{"type":"REC_FIXED_SITE_US","name":"Monroe County RC Club, Nebo Memorial Park","identifier":"FAA-REC_FIXED_SITE_US:Monroe County RC Club, Nebo Memorial Park","lowerLimit":"GND","upperLimit":"700 ft AGL","authority":"FAA (Recreational Flyer Fixed Sites)"}},
{"type":"Feature","geometry":{"type":"Polygon","coordinates":[[[-86.36129,39.62824],[-86.36471,39.62576],[-86.36151,39.6256],[-86.36129,39.62824]]]},"properties":{"type":"REC_FIXED_SITE_US","name":"Indy Sportliners - Pioneer Park","identifier":"FAA-REC_FIXED_SITE_US:Indy Sportliners - Pioneer Park","lowerLimit":"GND","upperLimit":"700 ft AGL","authority":"FAA (Recreational Flyer Fixed Sites)"}},
{"type":"Feature","geometry":{"type":"Polygon","coordinates":[[[-85.7137,39.66816],[-85.71691,39.66816],[-85.71531,39.66502],[-85.7137,39.66816]]]},"properties":{"type":"REC_FIXED_SITE_US","name":"Indianapolis RC Modelers - Blue River Air Park","identifier":"FAA-REC_FIXED_SITE_US:Indianapolis RC Modelers - Blue River Air Park","lowerLimit":"GND","upperLimit":"700 ft AGL","authority":"FAA (Recreational Flyer Fixed Sites)"}},
{"type":"Feature","geometry":{"type":"Polygon","coordinates":[[[-86.02485,39.57959],[-86.02783,39.57679],[-86.02463,39.57695],[-86.02485,39.57959]]]},"properties":{"type":"REC_FIXED_SITE_US","name":"Indianapolis RC South - Hurricane Creek Airpark","identifier":"FAA-REC_FIXED_SITE_US:Indianapolis RC South - Hurricane Creek Airpark","lowerLimit":"GND","upperLimit":"700 ft AGL","authority":"FAA (Recreational Flyer Fixed Sites)"}},
{"type":"Feature","geometry":{"type":"Polygon","coordinates":[[[-87.43181,41.51667],[-87.43488,41.51387],[-87.43159,41.51403],[-87.43181,41.51667]]]},"properties":{"type":"REC_FIXED_SITE_US","name":"Griffith Barnstormers - S Broad St","identifier":"FAA-REC_FIXED_SITE_US:Griffith Barnstormers - S Broad St","lowerLimit":"GND","upperLimit":"700 ft AGL","authority":"FAA (Recreational Flyer Fixed Sites)"}},
{"type":"Feature","geometry":{"type":"Polygon","coordinates":[[[-87.26916,41.3203],[-87.27321,41.3191],[-87.27096,41.31717],[-87.26916,41.3203]]]},"properties":{"type":"REC_FIXED_SITE_US","name":"Crown Point Aeromodelers - 165th Ave","identifier":"FAA-REC_FIXED_SITE_US:Crown Point Aeromodelers - 165th Ave","lowerLimit":"GND","upperLimit":"1200 ft AGL","authority":"FAA (Recreational Flyer Fixed Sites)"}},
{"type":"Feature","geometry":{"type":"Polygon","coordinates":[[[-87.23435,41.48985],[-87.23852,41.48872],[-87.23626,41.4868],[-87.23435,41.48985]]]},"properties":{"type":"REC_FIXED_SITE_US","name":"Deep River R.C. Flying Club - Deep River County Park","identifier":"FAA-REC_FIXED_SITE_US:Deep River R.C. Flying Club - Deep River County Park","lowerLimit":"GND","upperLimit":"700 ft AGL","authority":"FAA (Recreational Flyer Fixed Sites)"}},
{"type":"Feature","geometry":{"type":"Polygon","coordinates":[[[-86.64021,41.52222],[-86.64207,41.51925],[-86.63867,41.51901],[-86.64021,41.52222]]]},"properties":{"type":"REC_FIXED_SITE_US","name":"Northern IN Modelers Assn - Williamson Field","identifier":"FAA-REC_FIXED_SITE_US:Northern IN Modelers Assn - Williamson Field","lowerLimit":"GND","upperLimit":"700 ft AGL","authority":"FAA (Recreational Flyer Fixed Sites)"}},
{"type":"Feature","geometry":{"type":"Polygon","coordinates":[[[-86.8481,41.38251],[-86.84975,41.37938],[-86.8457,41.38081],[-86.8481,41.38251]]]},"properties":{"type":"REC_FIXED_SITE_US","name":"Boondocks - 800 W","identifier":"FAA-REC_FIXED_SITE_US:Boondocks - 800 W","lowerLimit":"GND","upperLimit":"1200 ft AGL","authority":"FAA (Recreational Flyer Fixed Sites)"}},
{"type":"Feature","geometry":{"type":"Polygon","coordinates":[[[-87.18882,41.50631],[-87.19212,41.50631],[-87.19047,41.50317],[-87.18882,41.50631]]]},"properties":{"type":"REC_FIXED_SITE_US","name":"Midwest Sundowner R/C Flying Club - Rainford Field","identifier":"FAA-REC_FIXED_SITE_US:Midwest Sundowner R/C Flying Club - Rainford Field","lowerLimit":"GND","upperLimit":"1200 ft AGL","authority":"FAA (Recreational Flyer Fixed Sites)"}},
{"type":"Feature","geometry":{"type":"Polygon","coordinates":[[[-86.08995,41.4281],[-86.09401,41.42678],[-86.09175,41.42497],[-86.08995,41.4281]]]},"properties":{"type":"REC_FIXED_SITE_US","name":"Bremen Sky Knights - 3b Road","identifier":"FAA-REC_FIXED_SITE_US:Bremen Sky Knights - 3b Road","lowerLimit":"GND","upperLimit":"1200 ft AGL","authority":"FAA (Recreational Flyer Fixed Sites)"}},
{"type":"Feature","geometry":{"type":"Polygon","coordinates":[[[-86.2382,41.52099],[-86.24172,41.51851],[-86.23842,41.51835],[-86.2382,41.52099]]]},"properties":{"type":"REC_FIXED_SITE_US","name":"South Bend RC Club - Quinn Rd","identifier":"FAA-REC_FIXED_SITE_US:South Bend RC Club - Quinn Rd","lowerLimit":"GND","upperLimit":"1200 ft AGL","authority":"FAA (Recreational Flyer Fixed Sites)"}},
{"type":"Feature","geometry":{"type":"Polygon","coordinates":[[[-85.88071,41.67167],[-85.88086,41.66805],[-85.87829,41.66986],[-85.88071,41.67167]]]},"properties":{"type":"REC_FIXED_SITE_US","name":"Flight Master of Elkhart County - US 20","identifier":"FAA-REC_FIXED_SITE_US:Flight Master of Elkhart County - US 20","lowerLimit":"GND","upperLimit":"700 ft AGL","authority":"FAA (Recreational Flyer Fixed Sites)"}},
{"type":"Feature","geometry":{"type":"Polygon","coordinates":[[[-86.11947,41.75175],[-86.12189,41.74994],[-86.11932,41.74813],[-86.11947,41.75175]]]},"properties":{"type":"REC_FIXED_SITE_US","name":"RC Fun Park","identifier":"FAA-REC_FIXED_SITE_US:RC Fun Park","lowerLimit":"GND","upperLimit":"700 ft AGL","authority":"FAA (Recreational Flyer Fixed Sites)"}},
{"type":"Feature","geometry":{"type":"Polygon","coordinates":[[[-85.68027,41.53248],[-85.68357,41.53248],[-85.68223,41.52936],[-85.68027,41.53248]]]},"properties":{"type":"REC_FIXED_SITE_US","name":"Millersburg R/C Modelers-Cr 40","identifier":"FAA-REC_FIXED_SITE_US:Millersburg R/C Modelers-Cr 40","lowerLimit":"GND","upperLimit":"700 ft AGL","authority":"FAA (Recreational Flyer Fixed Sites)"}},
{"type":"Feature","geometry":{"type":"Polygon","coordinates":[[[-86.44941,41.68697],[-86.45261,41.68689],[-86.45261,41.68425],[-86.44941,41.68697]]]},"properties":{"type":"REC_FIXED_SITE_US","name":"Michigan Sky Raiders, Inc. - Snowberry Rd","identifier":"FAA-REC_FIXED_SITE_US:Michigan Sky Raiders, Inc. - Snowberry Rd","lowerLimit":"GND","upperLimit":"700 ft AGL","authority":"FAA (Recreational Flyer Fixed Sites)"}},
{"type":"Feature","geometry":{"type":"Polygon","coordinates":[[[-85.96546,41.23537],[-85.96721,41.23232],[-85.96306,41.23356],[-85.96546,41.23537]]]},"properties":{"type":"REC_FIXED_SITE_US","name":"Warsaw Aero Modelers - Crystal Lake Rd","identifier":"FAA-REC_FIXED_SITE_US:Warsaw Aero Modelers - Crystal Lake Rd","lowerLimit":"GND","upperLimit":"700 ft AGL","authority":"FAA (Recreational Flyer Fixed Sites)"}},
{"type":"Feature","geometry":{"type":"Polygon","coordinates":[[[-86.35396,41.60838],[-86.35704,41.60558],[-86.35374,41.60574],[-86.35396,41.60838]]]},"properties":{"type":"REC_FIXED_SITE_US","name":"Peppermint Rd.","identifier":"FAA-REC_FIXED_SITE_US:Peppermint Rd.","lowerLimit":"GND","upperLimit":"700 ft AGL","authority":"FAA (Recreational Flyer Fixed Sites)"}},
{"type":"Feature","geometry":{"type":"Polygon","coordinates":[[[-85.24763,40.71548],[-85.25111,40.713],[-85.24785,40.71284],[-85.24763,40.71548]]]},"properties":{"type":"REC_FIXED_SITE_US","name":"Huntington County Modelers - Miller Airport C40","identifier":"FAA-REC_FIXED_SITE_US:Huntington County Modelers - Miller Airport C40","lowerLimit":"GND","upperLimit":"1200 ft AGL","authority":"FAA (Recreational Flyer Fixed Sites)"}},
{"type":"Feature","geometry":{"type":"Polygon","coordinates":[[[-85.51345,41.24179],[-85.51695,41.23931],[-85.51367,41.23915],[-85.51345,41.24179]]]},"properties":{"type":"REC_FIXED_SITE_US","name":"Whitley County Barnstormers - N 125 W","identifier":"FAA-REC_FIXED_SITE_US:Whitley County Barnstormers - N 125 W","lowerLimit":"GND","upperLimit":"1200 ft AGL","authority":"FAA (Recreational Flyer Fixed Sites)"}},
{"type":"Feature","geometry":{"type":"Polygon","coordinates":[[[-85.41223,41.5953],[-85.41575,41.59282],[-85.41245,41.59266],[-85.41223,41.5953]]]},"properties":{"type":"REC_FIXED_SITE_US","name":"LaGrange County RC Club - 300 S","identifier":"FAA-REC_FIXED_SITE_US:LaGrange County RC Club - 300 S","lowerLimit":"GND","upperLimit":"1200 ft AGL","authority":"FAA (Recreational Flyer Fixed Sites)"}},
{"type":"Feature","geometry":{"type":"Polygon","coordinates":[[[-84.92863,41.07857],[-84.9319,41.07873],[-84.93212,41.07609],[-84.92863,41.07857]]]},"properties":{"type":"REC_FIXED_SITE_US","name":"Ft Wayne Flying Circuits Inc - Ft Wayne Flying Circuits Field","identifier":"FAA-REC_FIXED_SITE_US:Ft Wayne Flying Circuits Inc - Ft Wayne Flying Circuits Field","lowerLimit":"GND","upperLimit":"700 ft AGL","authority":"FAA (Recreational Flyer Fixed Sites)"}},
{"type":"Feature","geometry":{"type":"Polygon","coordinates":[[[-85.04743,41.59445],[-85.05095,41.59197],[-85.04765,41.59181],[-85.04743,41.59445]]]},"properties":{"type":"REC_FIXED_SITE_US","name":"Steuben Model Aircraft Klub - S 325 W","identifier":"FAA-REC_FIXED_SITE_US:Steuben Model Aircraft Klub - S 325 W","lowerLimit":"GND","upperLimit":"700 ft AGL","authority":"FAA (Recreational Flyer Fixed Sites)"}},
{"type":"Feature","geometry":{"type":"Polygon","coordinates":[[[-85.09277,41.12236],[-85.09452,41.11931],[-85.09037,41.12055],[-85.09277,41.12236]]]},"properties":{"type":"REC_FIXED_SITE_US","name":"League of Flight By Thermal LOFT - St. Joe Rd","identifier":"FAA-REC_FIXED_SITE_US:League of Flight By Thermal LOFT - St. Joe Rd","lowerLimit":"GND","upperLimit":"700 ft AGL","authority":"FAA (Recreational Flyer Fixed Sites)"}},
{"type":"Feature","geometry":{"type":"Polygon","coordinates":[[[-85.89805,40.5784],[-85.90131,40.5784],[-85.89953,40.57527],[-85.89805,40.5784]]]},"properties":{"type":"REC_FIXED_SITE_US","name":"Converse Flying Eagles - Converse Airport","identifier":"FAA-REC_FIXED_SITE_US:Converse Flying Eagles - Converse Airport","lowerLimit":"GND","upperLimit":"1200 ft AGL","authority":"FAA (Recreational Flyer Fixed Sites)"}},
{"type":"Feature","geometry":{"type":"Polygon","coordinates":[[[-85.99267,40.44364],[-85.99613,40.44116],[-85.99289,40.441],[-85.99267,40.44364]]]},"properties":{"type":"REC_FIXED_SITE_US","name":"Kokomo Blue Angels - S 700 E 250 S","identifier":"FAA-REC_FIXED_SITE_US:Kokomo Blue Angels - S 700 E 250 S","lowerLimit":"GND","upperLimit":"700 ft AGL","authority":"FAA (Recreational Flyer Fixed Sites)"}},
{"type":"Feature","geometry":{"type":"Polygon","coordinates":[[[-85.50577,40.45604],[-85.50923,40.45356],[-85.50599,40.4534],[-85.50577,40.45604]]]},"properties":{"type":"REC_FIXED_SITE_US","name":"Taylor University Intramural Soccer Field","identifier":"FAA-REC_FIXED_SITE_US:Taylor University Intramural Soccer Field","lowerLimit":"GND","upperLimit":"1200 ft AGL","authority":"FAA (Recreational Flyer Fixed Sites)"}},
{"type":"Feature","geometry":{"type":"Polygon","coordinates":[[[-86.62052,41.05034],[-86.62291,41.04864],[-86.62067,41.04672],[-86.62052,41.05034]]]},"properties":{"type":"REC_FIXED_SITE_US","name":"Winamac Aero-Modelers, Braun Field","identifier":"FAA-REC_FIXED_SITE_US:Winamac Aero-Modelers, Braun Field","lowerLimit":"GND","upperLimit":"700 ft AGL","authority":"FAA (Recreational Flyer Fixed Sites)"}},
{"type":"Feature","geometry":{"type":"Polygon","coordinates":[[[-85.14663,39.13841],[-85.14843,39.13544],[-85.14431,39.13649],[-85.14663,39.13841]]]},"properties":{"type":"REC_FIXED_SITE_US","name":"Milan Flyers (2) - Indian Trail","identifier":"FAA-REC_FIXED_SITE_US:Milan Flyers (2) - Indian Trail","lowerLimit":"GND","upperLimit":"1200 ft AGL","authority":"FAA (Recreational Flyer Fixed Sites)"}},
{"type":"Feature","geometry":{"type":"Polygon","coordinates":[[[-85.94149,38.42718],[-85.94327,38.42421],[-85.94002,38.42397],[-85.94149,38.42718]]]},"properties":{"type":"REC_FIXED_SITE_US","name":"Southern Indiana RC Modelers - Saint John Rd","identifier":"FAA-REC_FIXED_SITE_US:Southern Indiana RC Modelers - Saint John Rd","lowerLimit":"GND","upperLimit":"1200 ft AGL","authority":"FAA (Recreational Flyer Fixed Sites)"}},
{"type":"Feature","geometry":{"type":"Polygon","coordinates":[[[-85.92866,38.03344],[-85.93096,38.03163],[-85.92699,38.03039],[-85.92866,38.03344]]]},"properties":{"type":"REC_FIXED_SITE_US","name":"Rosewood RC Flyers - Bill Beach Airfield","identifier":"FAA-REC_FIXED_SITE_US:Rosewood RC Flyers - Bill Beach Airfield","lowerLimit":"GND","upperLimit":"1200 ft AGL","authority":"FAA (Recreational Flyer Fixed Sites)"}},
{"type":"Feature","geometry":{"type":"Polygon","coordinates":[[[-85.6607,38.60432],[-85.66459,38.603],[-85.66243,38.60119],[-85.6607,38.60432]]]},"properties":{"type":"REC_FIXED_SITE_US","name":"Southern County Area Radio Flier (SCARF) - State Rd 3","identifier":"FAA-REC_FIXED_SITE_US:Southern County Area Radio Flier (SCARF) - State Rd 3","lowerLimit":"GND","upperLimit":"1200 ft AGL","authority":"FAA (Recreational Flyer Fixed Sites)"}},
{"type":"Feature","geometry":{"type":"Polygon","coordinates":[[[-85.74517,38.36673],[-85.74694,38.36376],[-85.74287,38.36481],[-85.74517,38.36673]]]},"properties":{"type":"REC_FIXED_SITE_US","name":"Skyliners - Clark County Airport","identifier":"FAA-REC_FIXED_SITE_US:Skyliners - Clark County Airport","lowerLimit":"GND","upperLimit":"700 ft AGL","authority":"FAA (Recreational Flyer Fixed Sites)"}},
{"type":"Feature","geometry":{"type":"Polygon","coordinates":[[[-85.79972,39.23015],[-85.80205,39.22845],[-85.79802,39.22709],[-85.79972,39.23015]]]},"properties":{"type":"REC_FIXED_SITE_US","name":"Bartholomew County R/C Fliers - Petersville Landfill","identifier":"FAA-REC_FIXED_SITE_US:Bartholomew County R/C Fliers - Petersville Landfill","lowerLimit":"GND","upperLimit":"700 ft AGL","authority":"FAA (Recreational Flyer Fixed Sites)"}},
{"type":"Feature","geometry":{"type":"Polygon","coordinates":[[[-85.41446,38.83147],[-85.41764,38.83147],[-85.4162,38.82834],[-85.41446,38.83147]]]},"properties":{"type":"REC_FIXED_SITE_US","name":"Broken Wings RC Club - Jefferson County Proving Grounds","identifier":"FAA-REC_FIXED_SITE_US:Broken Wings RC Club - Jefferson County Proving Grounds","lowerLimit":"GND","upperLimit":"700 ft AGL","authority":"FAA (Recreational Flyer Fixed Sites)"}},
{"type":"Feature","geometry":{"type":"Polygon","coordinates":[[[-85.9158,38.93621],[-85.91728,38.933],[-85.91401,38.93324],[-85.9158,38.93621]]]},"properties":{"type":"REC_FIXED_SITE_US","name":"Southern Indiana Flying Eagles - Freeman Municipal Airport","identifier":"FAA-REC_FIXED_SITE_US:Southern Indiana Flying Eagles - Freeman Municipal Airport","lowerLimit":"GND","upperLimit":"700 ft AGL","authority":"FAA (Recreational Flyer Fixed Sites)"}},
{"type":"Feature","geometry":{"type":"Polygon","coordinates":[[[-85.24276,39.95418],[-85.24311,39.95404],[-85.24476,39.95445],[-85.24561,39.95585],[-85.24517,39.95664],[-85.24623,39.95659],[-85.24601,39.95395],[-85.24436,39.95354],[-85.24279,39.95411],[-85.24276,39.95418]]]},"properties":{"type":"REC_FIXED_SITE_US","name":"Henry CO Wright Flyers RC Club - Wilbur Wright Birthplace","identifier":"FAA-REC_FIXED_SITE_US:Henry CO Wright Flyers RC Club - Wilbur Wright Birthplace","lowerLimit":"GND","upperLimit":"700 ft AGL","authority":"FAA (Recreational Flyer Fixed Sites)"}},
{"type":"Feature","geometry":{"type":"Polygon","coordinates":[[[-84.99504,39.595],[-84.99802,39.5922],[-84.99482,39.59236],[-84.99504,39.595]]]},"properties":{"type":"REC_FIXED_SITE_US","name":"Whitewater Valley R/C Club - Dunlapsville Field","identifier":"FAA-REC_FIXED_SITE_US:Whitewater Valley R/C Club - Dunlapsville Field","lowerLimit":"GND","upperLimit":"1200 ft AGL","authority":"FAA (Recreational Flyer Fixed Sites)"}},
{"type":"Feature","geometry":{"type":"Polygon","coordinates":[[[-86.51233,39.25392],[-86.51233,39.25029],[-86.51,39.25199],[-86.51233,39.25392]]]},"properties":{"type":"REC_FIXED_SITE_US","name":"Monroe County RC Club - Wylie Rd","identifier":"FAA-REC_FIXED_SITE_US:Monroe County RC Club - Wylie Rd","lowerLimit":"GND","upperLimit":"1200 ft AGL","authority":"FAA (Recreational Flyer Fixed Sites)"}},
{"type":"Feature","geometry":{"type":"Polygon","coordinates":[[[-86.68651,39.35906],[-86.68822,39.35601],[-86.68418,39.35714],[-86.68651,39.35906]]]},"properties":{"type":"REC_FIXED_SITE_US","name":"Monroe County RC Club-Hollybrook","identifier":"FAA-REC_FIXED_SITE_US:Monroe County RC Club-Hollybrook","lowerLimit":"GND","upperLimit":"1200 ft AGL","authority":"FAA (Recreational Flyer Fixed Sites)"}},
{"type":"Feature","geometry":{"type":"Polygon","coordinates":[[[-86.97037,38.36354],[-86.97425,38.36222],[-86.97209,38.36041],[-86.97037,38.36354]]]},"properties":{"type":"REC_FIXED_SITE_US","name":"Jasper R/C Flyers - S 350 W","identifier":"FAA-REC_FIXED_SITE_US:Jasper R/C Flyers - S 350 W","lowerLimit":"GND","upperLimit":"1200 ft AGL","authority":"FAA (Recreational Flyer Fixed Sites)"}},
{"type":"Feature","geometry":{"type":"Polygon","coordinates":[[[-87.4336,39.35061],[-87.4354,39.34764],[-87.43127,39.34869],[-87.4336,39.35061]]]},"properties":{"type":"REC_FIXED_SITE_US","name":"Terre Haute RC Club - W Harlan Dr","identifier":"FAA-REC_FIXED_SITE_US:Terre Haute RC Club - W Harlan Dr","lowerLimit":"GND","upperLimit":"1200 ft AGL","authority":"FAA (Recreational Flyer Fixed Sites)"}},
{"type":"Feature","geometry":{"type":"Polygon","coordinates":[[[-87.20859,39.57209],[-87.21242,39.57058],[-87.20993,39.56888],[-87.20859,39.57209]]]},"properties":{"type":"REC_FIXED_SITE_US","name":"Brazil Winged Modelers - Eppert St","identifier":"FAA-REC_FIXED_SITE_US:Brazil Winged Modelers - Eppert St","lowerLimit":"GND","upperLimit":"1200 ft AGL","authority":"FAA (Recreational Flyer Fixed Sites)"}},
{"type":"Feature","geometry":{"type":"Polygon","coordinates":[[[-87.01044,39.72788],[-87.01366,39.72788],[-87.0122,39.72475],[-87.01044,39.72788]]]},"properties":{"type":"REC_FIXED_SITE_US","name":"Legends - S 1200 E","identifier":"FAA-REC_FIXED_SITE_US:Legends - S 1200 E","lowerLimit":"GND","upperLimit":"1200 ft AGL","authority":"FAA (Recreational Flyer Fixed Sites)"}},
{"type":"Feature","geometry":{"type":"Polygon","coordinates":[[[-86.85218,40.28604],[-86.85617,40.28472],[-86.85365,40.28291],[-86.85218,40.28604]]]},"properties":{"type":"REC_FIXED_SITE_US","name":"Lafayette Cloud Jockeys - Stagger Wing LN","identifier":"FAA-REC_FIXED_SITE_US:Lafayette Cloud Jockeys - Stagger Wing LN","lowerLimit":"GND","upperLimit":"1200 ft AGL","authority":"FAA (Recreational Flyer Fixed Sites)"}},
{"type":"Feature","geometry":{"type":"Polygon","coordinates":[[[-86.90687,40.12664],[-86.90923,40.12494],[-86.90525,40.12351],[-86.90687,40.12664]]]},"properties":{"type":"REC_FIXED_SITE_US","name":"Lafayette Cloud Jockeys - North Montgomery High School","identifier":"FAA-REC_FIXED_SITE_US:Lafayette Cloud Jockeys - North Montgomery High School","lowerLimit":"GND","upperLimit":"1200 ft AGL","authority":"FAA (Recreational Flyer Fixed Sites)"}},
{"type":"Feature","geometry":{"type":"Polygon","coordinates":[[[-86.83606,40.02428],[-86.83842,40.02247],[-86.83424,40.02131],[-86.83606,40.02428]]]},"properties":{"type":"REC_FIXED_SITE_US","name":"Sugar Creek Radio Control - US Hwy136","identifier":"FAA-REC_FIXED_SITE_US:Sugar Creek Radio Control - US Hwy136","lowerLimit":"GND","upperLimit":"700 ft AGL","authority":"FAA (Recreational Flyer Fixed Sites)"}},
{"type":"Feature","geometry":{"type":"Polygon","coordinates":[[[-85.64923,39.77269],[-85.65329,39.77157],[-85.65109,39.76964],[-85.64923,39.77269]]]},"properties":{"type":"REC_FIXED_SITE_US","name":"Indianapolis RC Modelers - 100 S","identifier":"FAA-REC_FIXED_SITE_US:Indianapolis RC Modelers - 100 S","lowerLimit":"GND","upperLimit":"1200 ft AGL","authority":"FAA (Recreational Flyer Fixed Sites)"}},
{"type":"Feature","geometry":{"type":"Polygon","coordinates":[[[-86.40852,39.70275],[-86.40867,39.69913],[-86.40618,39.70083],[-86.40852,39.70275]]]},"properties":{"type":"REC_FIXED_SITE_US","name":"Screaming Eagles RC Club Inc - Main St","identifier":"FAA-REC_FIXED_SITE_US:Screaming Eagles RC Club Inc - Main St","lowerLimit":"GND","upperLimit":"700 ft AGL","authority":"FAA (Recreational Flyer Fixed Sites)"}},
{"type":"Feature","geometry":{"type":"Polygon","coordinates":[[[-84.83106,41.48369],[-84.83282,41.48064],[-84.82865,41.48188],[-84.83106,41.48369]]]},"properties":{"type":"REC_FIXED_SITE_US","name":"Dekalb Flying Model Club - County Road 12","identifier":"FAA-REC_FIXED_SITE_US:Dekalb Flying Model Club - County Road 12","lowerLimit":"GND","upperLimit":"1200 ft AGL","authority":"FAA (Recreational Flyer Fixed Sites)"}},
{"type":"Feature","geometry":{"type":"Polygon","coordinates":[[[-85.92887,38.42474],[-85.93055,38.42169],[-85.92656,38.42293],[-85.92887,38.42474]]]},"properties":{"type":"REC_FIXED_SITE_US","name":"Starlight RC Modelers - Huber Orchard/Winery","identifier":"FAA-REC_FIXED_SITE_US:Starlight RC Modelers - Huber Orchard/Winery","lowerLimit":"GND","upperLimit":"1200 ft AGL","authority":"FAA (Recreational Flyer Fixed Sites)"}},
{"type":"Feature","geometry":{"type":"Polygon","coordinates":[[[-85.32478,40.17974],[-85.32822,40.17726],[-85.32499,40.1771],[-85.32478,40.17974]]]},"properties":{"type":"REC_FIXED_SITE_US","name":"International Aeromodeling Center","identifier":"FAA-REC_FIXED_SITE_US:International Aeromodeling Center","lowerLimit":"GND","upperLimit":"700 ft AGL","authority":"FAA (Recreational Flyer Fixed Sites)"}},
{"type":"Feature","geometry":{"type":"Polygon","coordinates":[[[-85.24517,39.95664],[-85.24561,39.95585],[-85.24476,39.95445],[-85.24311,39.95404],[-85.24276,39.95418],[-85.24144,39.95469],[-85.24164,39.95717],[-85.24487,39.95717],[-85.24517,39.95664]]]},"properties":{"type":"REC_FIXED_SITE_US","name":"Henry CO Wright Flyers RC Club - N CR 750 E","identifier":"FAA-REC_FIXED_SITE_US:Henry CO Wright Flyers RC Club - N CR 750 E","lowerLimit":"GND","upperLimit":"700 ft AGL","authority":"FAA (Recreational Flyer Fixed Sites)"}},
{"type":"Feature","geometry":{"type":"Polygon","coordinates":[[[-87.13358,38.69578],[-87.13516,38.69264],[-87.13189,38.69272],[-87.13358,38.69578]]]},"properties":{"type":"REC_FIXED_SITE_US","name":"Washington RC Aero - E 250 N","identifier":"FAA-REC_FIXED_SITE_US:Washington RC Aero - E 250 N","lowerLimit":"GND","upperLimit":"700 ft AGL","authority":"FAA (Recreational Flyer Fixed Sites)"}},
{"type":"Feature","geometry":{"type":"Polygon","coordinates":[[[-86.81714,40.8015],[-86.82041,40.8015],[-86.81863,40.79837],[-86.81714,40.8015]]]},"properties":{"type":"REC_FIXED_SITE_US","name":"White County Prop Busters - E 325 N","identifier":"FAA-REC_FIXED_SITE_US:White County Prop Busters - E 325 N","lowerLimit":"GND","upperLimit":"700 ft AGL","authority":"FAA (Recreational Flyer Fixed Sites)"}},
{"type":"Feature","geometry":{"type":"Polygon","coordinates":[[[-94.86642,39.1091],[-94.86812,39.10605],[-94.8641,39.1074],[-94.86642,39.1091]]]},"properties":{"type":"REC_FIXED_SITE_US","name":"The Sometimers RC Club -  WY-CO Park Rd","identifier":"FAA-REC_FIXED_SITE_US:The Sometimers RC Club -  WY-CO Park Rd","lowerLimit":"GND","upperLimit":"1200 ft AGL","authority":"FAA (Recreational Flyer Fixed Sites)"}},
{"type":"Feature","geometry":{"type":"Polygon","coordinates":[[[-94.9268,38.99582],[-94.92859,38.99285],[-94.92532,38.99261],[-94.9268,38.99582]]]},"properties":{"type":"REC_FIXED_SITE_US","name":"95th Street Group - Kaw Valley Aerodrome","identifier":"FAA-REC_FIXED_SITE_US:95th Street Group - Kaw Valley Aerodrome","lowerLimit":"GND","upperLimit":"1200 ft AGL","authority":"FAA (Recreational Flyer Fixed Sites)"}},
{"type":"Feature","geometry":{"type":"Polygon","coordinates":[[[-94.90622,38.64702],[-94.90939,38.64437],[-94.90622,38.64437],[-94.90622,38.64702]]]},"properties":{"type":"REC_FIXED_SITE_US","name":"R/C Barnstormers - Hillsdale Reservoir","identifier":"FAA-REC_FIXED_SITE_US:R/C Barnstormers - Hillsdale Reservoir","lowerLimit":"GND","upperLimit":"700 ft AGL","authority":"FAA (Recreational Flyer Fixed Sites)"}},
{"type":"Feature","geometry":{"type":"Polygon","coordinates":[[[-95.31599,38.91838],[-95.31778,38.91541],[-95.31451,38.91517],[-95.31599,38.91838]]]},"properties":{"type":"REC_FIXED_SITE_US","name":"Jayhawk Model Masters Inc - E 1000 Rd","identifier":"FAA-REC_FIXED_SITE_US:Jayhawk Model Masters Inc - E 1000 Rd","lowerLimit":"GND","upperLimit":"1200 ft AGL","authority":"FAA (Recreational Flyer Fixed Sites)"}},
{"type":"Feature","geometry":{"type":"Polygon","coordinates":[[[-94.90944,39.32098],[-94.91178,39.31917],[-94.90774,39.31793],[-94.90944,39.32098]]]},"properties":{"type":"REC_FIXED_SITE_US","name":"The Sometimers RC Club - Riverfront Community Center","identifier":"FAA-REC_FIXED_SITE_US:The Sometimers RC Club - Riverfront Community Center","lowerLimit":"GND","upperLimit":"700 ft AGL","authority":"FAA (Recreational Flyer Fixed Sites)"}},
{"type":"Feature","geometry":{"type":"Polygon","coordinates":[[[-94.89254,39.23362],[-94.89604,39.23122],[-94.89275,39.23098],[-94.89254,39.23362]]]},"properties":{"type":"REC_FIXED_SITE_US","name":"The Sometimers RC Club - 13661 E Gilman Rd","identifier":"FAA-REC_FIXED_SITE_US:The Sometimers RC Club - 13661 E Gilman Rd","lowerLimit":"GND","upperLimit":"1200 ft AGL","authority":"FAA (Recreational Flyer Fixed Sites)"}},
{"type":"Feature","geometry":{"type":"Polygon","coordinates":[[[-95.35597,39.09807],[-95.35766,39.09501],[-95.35427,39.09501],[-95.35597,39.09807]]]},"properties":{"type":"REC_FIXED_SITE_US","name":"Heart of America Free Flight Association - Oak Rd","identifier":"FAA-REC_FIXED_SITE_US:Heart of America Free Flight Association - Oak Rd","lowerLimit":"GND","upperLimit":"1200 ft AGL","authority":"FAA (Recreational Flyer Fixed Sites)"}},
{"type":"Feature","geometry":{"type":"Polygon","coordinates":[[[-95.09637,38.70282],[-95.09954,38.70282],[-95.0981,38.69969],[-95.09637,38.70282]]]},"properties":{"type":"REC_FIXED_SITE_US","name":"The Franklin County Flyers - Tennessee Rd","identifier":"FAA-REC_FIXED_SITE_US:The Franklin County Flyers - Tennessee Rd","lowerLimit":"GND","upperLimit":"1200 ft AGL","authority":"FAA (Recreational Flyer Fixed Sites)"}},
{"type":"Feature","geometry":{"type":"Polygon","coordinates":[[[-94.79644,38.97726],[-94.79982,38.97478],[-94.79644,38.97462],[-94.79644,38.97726]]]},"properties":{"type":"REC_FIXED_SITE_US","name":"Shawnee Mission Radio Control Club - Barkley Dr","identifier":"FAA-REC_FIXED_SITE_US:Shawnee Mission Radio Control Club - Barkley Dr","lowerLimit":"GND","upperLimit":"1200 ft AGL","authority":"FAA (Recreational Flyer Fixed Sites)"}},
{"type":"Feature","geometry":{"type":"Polygon","coordinates":[[[-95.55329,39.22168],[-95.55499,39.21863],[-95.55159,39.21863],[-95.55329,39.22168]]]},"properties":{"type":"REC_FIXED_SITE_US","name":"Heliplane Wind Warriors R/C Club - Butler Rd","identifier":"FAA-REC_FIXED_SITE_US:Heliplane Wind Warriors R/C Club - Butler Rd","lowerLimit":"GND","upperLimit":"1200 ft AGL","authority":"FAA (Recreational Flyer Fixed Sites)"}},
{"type":"Feature","geometry":{"type":"Polygon","coordinates":[[[-96.89981,39.15047],[-96.903,39.15047],[-96.90155,39.14734],[-96.89981,39.15047]]]},"properties":{"type":"REC_FIXED_SITE_US","name":"Milford R/Cers Inc - Milford RCers Aerodrome","identifier":"FAA-REC_FIXED_SITE_US:Milford R/Cers Inc - Milford RCers Aerodrome","lowerLimit":"GND","upperLimit":"1200 ft AGL","authority":"FAA (Recreational Flyer Fixed Sites)"}},
{"type":"Feature","geometry":{"type":"Polygon","coordinates":[[[-94.73905,37.45389],[-94.74288,37.45257],[-94.7406,37.45075],[-94.73905,37.45389]]]},"properties":{"type":"REC_FIXED_SITE_US","name":"Pittsburg Radio Control Club - Atkinson Municipal Airport","identifier":"FAA-REC_FIXED_SITE_US:Pittsburg Radio Control Club - Atkinson Municipal Airport","lowerLimit":"GND","upperLimit":"700 ft AGL","authority":"FAA (Recreational Flyer Fixed Sites)"}},
{"type":"Feature","geometry":{"type":"Polygon","coordinates":[[[-95.68426,38.1677],[-95.68813,38.16638],[-95.68597,38.16457],[-95.68426,38.1677]]]},"properties":{"type":"REC_FIXED_SITE_US","name":"Tulsa Gluedobbers C/L Club - E 586 Rd","identifier":"FAA-REC_FIXED_SITE_US:Tulsa Gluedobbers C/L Club - E 586 Rd","lowerLimit":"GND","upperLimit":"1200 ft AGL","authority":"FAA (Recreational Flyer Fixed Sites)"}},
{"type":"Feature","geometry":{"type":"Polygon","coordinates":[[[-97.0583,37.70451],[-97.06006,37.70154],[-97.05685,37.7013],[-97.0583,37.70451]]]},"properties":{"type":"REC_FIXED_SITE_US","name":"SAM 56 Wichita Historical Aircraft - Indianola Rd","identifier":"FAA-REC_FIXED_SITE_US:SAM 56 Wichita Historical Aircraft - Indianola Rd","lowerLimit":"GND","upperLimit":"700 ft AGL","authority":"FAA (Recreational Flyer Fixed Sites)"}},
{"type":"Feature","geometry":{"type":"Polygon","coordinates":[[[-97.214,37.40021],[-97.21783,37.39889],[-97.21541,37.39708],[-97.214,37.40021]]]},"properties":{"type":"REC_FIXED_SITE_US","name":"Belle Plaine Farms - 90th Ave","identifier":"FAA-REC_FIXED_SITE_US:Belle Plaine Farms - 90th Ave","lowerLimit":"GND","upperLimit":"1200 ft AGL","authority":"FAA (Recreational Flyer Fixed Sites)"}},
{"type":"Feature","geometry":{"type":"Polygon","coordinates":[[[-96.49643,37.09963],[-96.49808,37.09657],[-96.49488,37.09649],[-96.49643,37.09963]]]},"properties":{"type":"REC_FIXED_SITE_US","name":"Cedar Vale RC Airfield","identifier":"FAA-REC_FIXED_SITE_US:Cedar Vale RC Airfield","lowerLimit":"GND","upperLimit":"1200 ft AGL","authority":"FAA (Recreational Flyer Fixed Sites)"}},
{"type":"Feature","geometry":{"type":"Polygon","coordinates":[[[-97.63177,37.61771],[-97.63509,37.61523],[-97.63177,37.61507],[-97.63177,37.61771]]]},"properties":{"type":"REC_FIXED_SITE_US","name":"Wichita Radio Control - Lake Afton","identifier":"FAA-REC_FIXED_SITE_US:Wichita Radio Control - Lake Afton","lowerLimit":"GND","upperLimit":"1200 ft AGL","authority":"FAA (Recreational Flyer Fixed Sites)"}},
{"type":"Feature","geometry":{"type":"Polygon","coordinates":[[[-97.43223,37.48048],[-97.43398,37.47751],[-97.42996,37.47856],[-97.43223,37.48048]]]},"properties":{"type":"REC_FIXED_SITE_US","name":"Chisholm Trail Radio Control Club - 119th St S","identifier":"FAA-REC_FIXED_SITE_US:Chisholm Trail Radio Control Club - 119th St S","lowerLimit":"GND","upperLimit":"700 ft AGL","authority":"FAA (Recreational Flyer Fixed Sites)"}},
{"type":"Feature","geometry":{"type":"Polygon","coordinates":[[[-98.50243,38.91719],[-98.50581,38.91471],[-98.50243,38.91455],[-98.50243,38.91719]]]},"properties":{"type":"REC_FIXED_SITE_US","name":"WINGS OVER WILSON SOARING CLUB   1","identifier":"FAA-REC_FIXED_SITE_US:WINGS OVER WILSON SOARING CLUB   1","lowerLimit":"GND","upperLimit":"1200 ft AGL","authority":"FAA (Recreational Flyer Fixed Sites)"}},
{"type":"Feature","geometry":{"type":"Polygon","coordinates":[[[-98.00495,38.14593],[-98.00641,38.14272],[-98.00327,38.14288],[-98.00495,38.14593]]]},"properties":{"type":"REC_FIXED_SITE_US","name":"Hutch Bunch Radio Control Club - 82nd St","identifier":"FAA-REC_FIXED_SITE_US:Hutch Bunch Radio Control Club - 82nd St","lowerLimit":"GND","upperLimit":"700 ft AGL","authority":"FAA (Recreational Flyer Fixed Sites)"}},
{"type":"Feature","geometry":{"type":"Polygon","coordinates":[[[-98.80972,38.34653],[-98.81202,38.34484],[-98.80804,38.34348],[-98.80972,38.34653]]]},"properties":{"type":"REC_FIXED_SITE_US","name":"MODEL ASSN OF CENTRAL KS   1","identifier":"FAA-REC_FIXED_SITE_US:MODEL ASSN OF CENTRAL KS   1","lowerLimit":"GND","upperLimit":"700 ft AGL","authority":"FAA (Recreational Flyer Fixed Sites)"}},
{"type":"Feature","geometry":{"type":"Polygon","coordinates":[[[-98.51042,38.96393],[-98.51042,38.9603],[-98.5081,38.962],[-98.51042,38.96393]]]},"properties":{"type":"REC_FIXED_SITE_US","name":"Lucas Park Recreation Area Wilson Lake","identifier":"FAA-REC_FIXED_SITE_US:Lucas Park Recreation Area Wilson Lake","lowerLimit":"GND","upperLimit":"1200 ft AGL","authority":"FAA (Recreational Flyer Fixed Sites)"}},
{"type":"Feature","geometry":{"type":"Polygon","coordinates":[[[-97.072,37.59407],[-97.07428,37.59226],[-97.07044,37.59093],[-97.072,37.59407]]]},"properties":{"type":"REC_FIXED_SITE_US","name":"Derby Radio Control Club - Clarks Acres RC Field","identifier":"FAA-REC_FIXED_SITE_US:Derby Radio Control Club - Clarks Acres RC Field","lowerLimit":"GND","upperLimit":"700 ft AGL","authority":"FAA (Recreational Flyer Fixed Sites)"}},
{"type":"Feature","geometry":{"type":"Polygon","coordinates":[[[-85.28582,37.77638],[-85.2881,37.77446],[-85.28567,37.77276],[-85.28582,37.77638]]]},"properties":{"type":"REC_FIXED_SITE_US","name":"Independant Flyers Association - Valley Hill Rd","identifier":"FAA-REC_FIXED_SITE_US:Independant Flyers Association - Valley Hill Rd","lowerLimit":"GND","upperLimit":"1200 ft AGL","authority":"FAA (Recreational Flyer Fixed Sites)"}},
{"type":"Feature","geometry":{"type":"Polygon","coordinates":[[[-85.566,38.28461],[-85.56768,38.28156],[-85.5637,38.2828],[-85.566,38.28461]]]},"properties":{"type":"REC_FIXED_SITE_US","name":"River City Radio Controllers - Bill Fluke Airfield","identifier":"FAA-REC_FIXED_SITE_US:River City Radio Controllers - Bill Fluke Airfield","lowerLimit":"GND","upperLimit":"700 ft AGL","authority":"FAA (Recreational Flyer Fixed Sites)"}},
{"type":"Feature","geometry":{"type":"Polygon","coordinates":[[[-85.63003,38.09283],[-85.63232,38.09113],[-85.62857,38.08962],[-85.63003,38.09283]]]},"properties":{"type":"REC_FIXED_SITE_US","name":"Louisville RC Club - McNeely Lake Park","identifier":"FAA-REC_FIXED_SITE_US:Louisville RC Club - McNeely Lake Park","lowerLimit":"GND","upperLimit":"700 ft AGL","authority":"FAA (Recreational Flyer Fixed Sites)"}},
{"type":"Feature","geometry":{"type":"Polygon","coordinates":[[[-85.56139,38.17015],[-85.56296,38.16701],[-85.55971,38.16709],[-85.56139,38.17015]]]},"properties":{"type":"REC_FIXED_SITE_US","name":"Louisville Area Soaring Society - Charlie Vettner Park","identifier":"FAA-REC_FIXED_SITE_US:Louisville Area Soaring Society - Charlie Vettner Park","lowerLimit":"GND","upperLimit":"700 ft AGL","authority":"FAA (Recreational Flyer Fixed Sites)"}},
{"type":"Feature","geometry":{"type":"Polygon","coordinates":[[[-84.18617,37.99298],[-84.18774,37.98984],[-84.1846,37.98984],[-84.18617,37.99298]]]},"properties":{"type":"REC_FIXED_SITE_US","name":"Clark County R/C Barnstormers - College Park Facility","identifier":"FAA-REC_FIXED_SITE_US:Clark County R/C Barnstormers - College Park Facility","lowerLimit":"GND","upperLimit":"1200 ft AGL","authority":"FAA (Recreational Flyer Fixed Sites)"}},
{"type":"Feature","geometry":{"type":"Polygon","coordinates":[[[-84.2094,38.03653],[-84.21117,38.03356],[-84.20794,38.03332],[-84.2094,38.03653]]]},"properties":{"type":"REC_FIXED_SITE_US","name":"Central KY Float Flyers, Inc - Van Meter Rd","identifier":"FAA-REC_FIXED_SITE_US:Central KY Float Flyers, Inc - Van Meter Rd","lowerLimit":"GND","upperLimit":"1200 ft AGL","authority":"FAA (Recreational Flyer Fixed Sites)"}},
{"type":"Feature","geometry":{"type":"Polygon","coordinates":[[[-83.99593,37.94462],[-83.99907,37.94462],[-83.99764,37.94149],[-83.99593,37.94462]]]},"properties":{"type":"REC_FIXED_SITE_US","name":"Clark County R/C Barnstormers - Hisle Field","identifier":"FAA-REC_FIXED_SITE_US:Clark County R/C Barnstormers - Hisle Field","lowerLimit":"GND","upperLimit":"1200 ft AGL","authority":"FAA (Recreational Flyer Fixed Sites)"}},
{"type":"Feature","geometry":{"type":"Polygon","coordinates":[[[-84.78578,37.67372],[-84.7888,37.67364],[-84.78709,37.67051],[-84.78578,37.67372]]]},"properties":{"type":"REC_FIXED_SITE_US","name":"Bluegrass Flyers - Harrodsburg Rd","identifier":"FAA-REC_FIXED_SITE_US:Bluegrass Flyers - Harrodsburg Rd","lowerLimit":"GND","upperLimit":"700 ft AGL","authority":"FAA (Recreational Flyer Fixed Sites)"}},
{"type":"Feature","geometry":{"type":"Polygon","coordinates":[[[-84.2933,38.05491],[-84.29507,38.05194],[-84.29184,38.0517],[-84.2933,38.05491]]]},"properties":{"type":"REC_FIXED_SITE_US","name":"Lexington MAC - Hedger Ln","identifier":"FAA-REC_FIXED_SITE_US:Lexington MAC - Hedger Ln","lowerLimit":"GND","upperLimit":"1200 ft AGL","authority":"FAA (Recreational Flyer Fixed Sites)"}},
{"type":"Feature","geometry":{"type":"Polygon","coordinates":[[[-84.09861,36.89994],[-84.10035,36.89697],[-84.09696,36.89689],[-84.09861,36.89994]]]},"properties":{"type":"REC_FIXED_SITE_US","name":"Tri County Sky Sharks - Perkins Dr","identifier":"FAA-REC_FIXED_SITE_US:Tri County Sky Sharks - Perkins Dr","lowerLimit":"GND","upperLimit":"1200 ft AGL","authority":"FAA (Recreational Flyer Fixed Sites)"}},
{"type":"Feature","geometry":{"type":"Polygon","coordinates":[[[-84.75319,39.13553],[-84.75489,39.13247],[-84.75149,39.13247],[-84.75319,39.13553]]]},"properties":{"type":"REC_FIXED_SITE_US","name":"Flying Cardinals of Northern KY Inc - River Rd","identifier":"FAA-REC_FIXED_SITE_US:Flying Cardinals of Northern KY Inc - River Rd","lowerLimit":"GND","upperLimit":"700 ft AGL","authority":"FAA (Recreational Flyer Fixed Sites)"}},
{"type":"Feature","geometry":{"type":"Polygon","coordinates":[[[-82.74122,38.4076],[-82.74299,38.40463],[-82.73892,38.40568],[-82.74122,38.4076]]]},"properties":{"type":"REC_FIXED_SITE_US","name":"Tri City State Model Flyers - Virginia Blvd","identifier":"FAA-REC_FIXED_SITE_US:Tri City State Model Flyers - Virginia Blvd","lowerLimit":"GND","upperLimit":"1200 ft AGL","authority":"FAA (Recreational Flyer Fixed Sites)"}},
{"type":"Feature","geometry":{"type":"Polygon","coordinates":[[[-82.75089,37.70777],[-82.75265,37.7048],[-82.74944,37.70456],[-82.75089,37.70777]]]},"properties":{"type":"REC_FIXED_SITE_US","name":"Stonecrest RC Flyers - Sugar Cp Mountain Rd","identifier":"FAA-REC_FIXED_SITE_US:Stonecrest RC Flyers - Sugar Cp Mountain Rd","lowerLimit":"GND","upperLimit":"700 ft AGL","authority":"FAA (Recreational Flyer Fixed Sites)"}},
{"type":"Feature","geometry":{"type":"Polygon","coordinates":[[[-88.6652,37.09239],[-88.66694,37.08942],[-88.66294,37.09047],[-88.6652,37.09239]]]},"properties":{"type":"REC_FIXED_SITE_US","name":"McCracken County Model Air Park County Park Rd","identifier":"FAA-REC_FIXED_SITE_US:McCracken County Model Air Park County Park Rd","lowerLimit":"GND","upperLimit":"700 ft AGL","authority":"FAA (Recreational Flyer Fixed Sites)"}},
{"type":"Feature","geometry":{"type":"Polygon","coordinates":[[[-88.31167,36.57626],[-88.31152,36.57263],[-88.30942,36.57456],[-88.31167,36.57626]]]},"properties":{"type":"REC_FIXED_SITE_US","name":"Murray RC Modelers Inc - Brandon Airdrome","identifier":"FAA-REC_FIXED_SITE_US:Murray RC Modelers Inc - Brandon Airdrome","lowerLimit":"GND","upperLimit":"700 ft AGL","authority":"FAA (Recreational Flyer Fixed Sites)"}},
{"type":"Feature","geometry":{"type":"Polygon","coordinates":[[[-86.9262,37.64568],[-86.93004,37.64436],[-86.92762,37.64255],[-86.9262,37.64568]]]},"properties":{"type":"REC_FIXED_SITE_US","name":"Isotopes RC Club - Stevens School Road","identifier":"FAA-REC_FIXED_SITE_US:Isotopes RC Club - Stevens School Road","lowerLimit":"GND","upperLimit":"1200 ft AGL","authority":"FAA (Recreational Flyer Fixed Sites)"}},
{"type":"Feature","geometry":{"type":"Polygon","coordinates":[[[-87.39978,37.76743],[-87.4029,37.76743],[-87.40301,37.76486],[-87.39978,37.76743]]]},"properties":{"type":"REC_FIXED_SITE_US","name":"Henderson RC Model Airplane Club - Hwy 351","identifier":"FAA-REC_FIXED_SITE_US:Henderson RC Model Airplane Club - Hwy 351","lowerLimit":"GND","upperLimit":"1200 ft AGL","authority":"FAA (Recreational Flyer Fixed Sites)"}},
{"type":"Feature","geometry":{"type":"Polygon","coordinates":[[[-87.49518,37.74484],[-87.49831,37.74484],[-87.49689,37.74171],[-87.49518,37.74484]]]},"properties":{"type":"REC_FIXED_SITE_US","name":"Bluegrass Modelers RC Flying Club - Upper Delaware Road","identifier":"FAA-REC_FIXED_SITE_US:Bluegrass Modelers RC Flying Club - Upper Delaware Road","lowerLimit":"GND","upperLimit":"1200 ft AGL","authority":"FAA (Recreational Flyer Fixed Sites)"}},
{"type":"Feature","geometry":{"type":"Polygon","coordinates":[[[-87.46925,37.30545],[-87.47297,37.30405],[-87.47084,37.30224],[-87.46925,37.30545]]]},"properties":{"type":"REC_FIXED_SITE_US","name":"Mad City RC Flyers - Locke Field","identifier":"FAA-REC_FIXED_SITE_US:Mad City RC Flyers - Locke Field","lowerLimit":"GND","upperLimit":"700 ft AGL","authority":"FAA (Recreational Flyer Fixed Sites)"}},
{"type":"Feature","geometry":null,"properties":{"type":"REC_FIXED_SITE_US","name":"Somerset Model Airplane Club - Dixie Bend Rd","identifier":"FAA-REC_FIXED_SITE_US:Somerset Model Airplane Club - Dixie Bend Rd","lowerLimit":"GND","upperLimit":"700 ft AGL","authority":"FAA (Recreational Flyer Fixed Sites)"}},
{"type":"Feature","geometry":{"type":"Polygon","coordinates":[[[-84.74792,36.93892],[-84.74957,36.93587],[-84.74637,36.93579],[-84.74792,36.93892]]]},"properties":{"type":"REC_FIXED_SITE_US","name":"Happy Bottom Flying Club - Cave Lake Road","identifier":"FAA-REC_FIXED_SITE_US:Happy Bottom Flying Club - Cave Lake Road","lowerLimit":"GND","upperLimit":"700 ft AGL","authority":"FAA (Recreational Flyer Fixed Sites)"}},
{"type":"Feature","geometry":{"type":"Polygon","coordinates":[[[-85.34862,37.28106],[-85.35089,37.27936],[-85.34862,37.27743],[-85.34862,37.28106]]]},"properties":{"type":"REC_FIXED_SITE_US","name":"Independant Flyers Association - Whitley Field","identifier":"FAA-REC_FIXED_SITE_US:Independant Flyers Association - Whitley Field","lowerLimit":"GND","upperLimit":"700 ft AGL","authority":"FAA (Recreational Flyer Fixed Sites)"}},
{"type":"Feature","geometry":{"type":"Polygon","coordinates":[[[-86.25032,37.88785],[-86.2526,37.88592],[-86.24855,37.88488],[-86.25032,37.88785]]]},"properties":{"type":"REC_FIXED_SITE_US","name":"Knox Model Airplane Club Inc - Charlie Pile Rd","identifier":"FAA-REC_FIXED_SITE_US:Knox Model Airplane Club Inc - Charlie Pile Rd","lowerLimit":"GND","upperLimit":"1200 ft AGL","authority":"FAA (Recreational Flyer Fixed Sites)"}},
{"type":"Feature","geometry":{"type":"Polygon","coordinates":[[[-84.76615,38.05133],[-84.76844,38.04952],[-84.766,38.04771],[-84.76615,38.05133]]]},"properties":{"type":"REC_FIXED_SITE_US","name":"Woodford County Aeromodelers - Woodford County Park","identifier":"FAA-REC_FIXED_SITE_US:Woodford County Aeromodelers - Woodford County Park","lowerLimit":"GND","upperLimit":"1200 ft AGL","authority":"FAA (Recreational Flyer Fixed Sites)"}},
{"type":"Feature","geometry":{"type":"Polygon","coordinates":[[[-86.90755,37.74447],[-86.90983,37.74265],[-86.9074,37.74084],[-86.90755,37.74447]]]},"properties":{"type":"REC_FIXED_SITE_US","name":"Isotopes RC Club - Short Station Rd","identifier":"FAA-REC_FIXED_SITE_US:Isotopes RC Club - Short Station Rd","lowerLimit":"GND","upperLimit":"1200 ft AGL","authority":"FAA (Recreational Flyer Fixed Sites)"}},
{"type":"Feature","geometry":{"type":"Polygon","coordinates":[[[-87.55777,37.69982],[-87.56005,37.69812],[-87.55621,37.69668],[-87.55777,37.69982]]]},"properties":{"type":"REC_FIXED_SITE_US","name":"Henderson RC Model Airplane Club - Robards-Busby Station Rd","identifier":"FAA-REC_FIXED_SITE_US:Henderson RC Model Airplane Club - Robards-Busby Station Rd","lowerLimit":"GND","upperLimit":"1200 ft AGL","authority":"FAA (Recreational Flyer Fixed Sites)"}},
{"type":"Feature","geometry":{"type":"Polygon","coordinates":[[[-85.79202,37.69951],[-85.79514,37.69686],[-85.79202,37.69686],[-85.79202,37.69951]]]},"properties":{"type":"REC_FIXED_SITE_US","name":"Hardin County R/C Modelers - Rucker LN","identifier":"FAA-REC_FIXED_SITE_US:Hardin County R/C Modelers - Rucker LN","lowerLimit":"GND","upperLimit":"700 ft AGL","authority":"FAA (Recreational Flyer Fixed Sites)"}},
{"type":"Feature","geometry":{"type":"Polygon","coordinates":[[[-85.95398,36.987],[-85.95624,36.9853],[-85.95412,36.98338],[-85.95398,36.987]]]},"properties":{"type":"REC_FIXED_SITE_US","name":"(GMAC) Glasgow Model Aviation Club - Glen Gary Rd","identifier":"FAA-REC_FIXED_SITE_US:(GMAC) Glasgow Model Aviation Club - Glen Gary Rd","lowerLimit":"GND","upperLimit":"700 ft AGL","authority":"FAA (Recreational Flyer Fixed Sites)"}},
{"type":"Feature","geometry":{"type":"Polygon","coordinates":[[[-90.43583,30.00461],[-90.43744,30.00164],[-90.43375,30.00269],[-90.43583,30.00461]]]},"properties":{"type":"REC_FIXED_SITE_US","name":"SPILLWAY RC CLUB INC   1","identifier":"FAA-REC_FIXED_SITE_US:SPILLWAY RC CLUB INC   1","lowerLimit":"GND","upperLimit":"1200 ft AGL","authority":"FAA (Recreational Flyer Fixed Sites)"}},
{"type":"Feature","geometry":{"type":"Polygon","coordinates":[[[-89.77812,29.86857],[-89.7802,29.86687],[-89.77679,29.86536],[-89.77812,29.86857]]]},"properties":{"type":"REC_FIXED_SITE_US","name":"St. Bernard Aerospace Club - Hwy 46","identifier":"FAA-REC_FIXED_SITE_US:St. Bernard Aerospace Club - Hwy 46","lowerLimit":"GND","upperLimit":"1200 ft AGL","authority":"FAA (Recreational Flyer Fixed Sites)"}},
{"type":"Feature","geometry":{"type":"Polygon","coordinates":[[[-90.22496,29.87837],[-90.22781,29.87572],[-90.22496,29.87572],[-90.22496,29.87837]]]},"properties":{"type":"REC_FIXED_SITE_US","name":"RC Fields Inc - Kelly Field","identifier":"FAA-REC_FIXED_SITE_US:RC Fields Inc - Kelly Field","lowerLimit":"GND","upperLimit":"700 ft AGL","authority":"FAA (Recreational Flyer Fixed Sites)"}},
{"type":"Feature","geometry":{"type":"Polygon","coordinates":[[[-90.09276,30.00643],[-90.09485,30.00461],[-90.09068,30.0045],[-90.09276,30.00643]]]},"properties":{"type":"REC_FIXED_SITE_US","name":"Ring Masters Control Line Flying Club - City Park","identifier":"FAA-REC_FIXED_SITE_US:Ring Masters Control Line Flying Club - City Park","lowerLimit":"GND","upperLimit":"700 ft AGL","authority":"FAA (Recreational Flyer Fixed Sites)"}},
{"type":"Feature","geometry":{"type":"Polygon","coordinates":[[[-90.89783,29.79191],[-90.89991,29.7901],[-90.8965,29.7887],[-90.89783,29.79191]]]},"properties":{"type":"REC_FIXED_SITE_US","name":"Bayouland R/C Inc - Sixty Arpent Rd","identifier":"FAA-REC_FIXED_SITE_US:Bayouland R/C Inc - Sixty Arpent Rd","lowerLimit":"GND","upperLimit":"700 ft AGL","authority":"FAA (Recreational Flyer Fixed Sites)"}},
{"type":"Feature","geometry":{"type":"Polygon","coordinates":[[[-91.24323,29.68337],[-91.24475,29.68032],[-91.24171,29.68032],[-91.24323,29.68337]]]},"properties":{"type":"REC_FIXED_SITE_US","name":"Williams Aeromodeler RC Pilot WARPS - Pedro Hernandez Field","identifier":"FAA-REC_FIXED_SITE_US:Williams Aeromodeler RC Pilot WARPS - Pedro Hernandez Field","lowerLimit":"GND","upperLimit":"700 ft AGL","authority":"FAA (Recreational Flyer Fixed Sites)"}},
{"type":"Feature","geometry":{"type":"Polygon","coordinates":[[[-91.91869,30.33809],[-91.92078,30.33639],[-91.91735,30.33488],[-91.91869,30.33809]]]},"properties":{"type":"REC_FIXED_SITE_US","name":"Aeromodelers of Acadiana - Declouet Hwy","identifier":"FAA-REC_FIXED_SITE_US:Aeromodelers of Acadiana - Declouet Hwy","lowerLimit":"GND","upperLimit":"1200 ft AGL","authority":"FAA (Recreational Flyer Fixed Sites)"}},
{"type":"Feature","geometry":{"type":"Polygon","coordinates":[[[-92.3597,30.26699],[-92.36179,30.26518],[-92.35817,30.26394],[-92.3597,30.26699]]]},"properties":{"type":"REC_FIXED_SITE_US","name":"Rice Area Modelers Society - Don Habetz Memorial Field","identifier":"FAA-REC_FIXED_SITE_US:Rice Area Modelers Society - Don Habetz Memorial Field","lowerLimit":"GND","upperLimit":"1200 ft AGL","authority":"FAA (Recreational Flyer Fixed Sites)"}},
{"type":"Feature","geometry":{"type":"Polygon","coordinates":[[[-93.40427,30.13264],[-93.40713,30.1328],[-93.40579,30.12958],[-93.40427,30.13264]]]},"properties":{"type":"REC_FIXED_SITE_US","name":"LARKS Field Hinch Model Airpark","identifier":"FAA-REC_FIXED_SITE_US:LARKS Field Hinch Model Airpark","lowerLimit":"GND","upperLimit":"700 ft AGL","authority":"FAA (Recreational Flyer Fixed Sites)"}},
{"type":"Feature","geometry":{"type":"Polygon","coordinates":[[[-91.50342,30.38859],[-91.50647,30.38611],[-91.50342,30.38595],[-91.50342,30.38859]]]},"properties":{"type":"REC_FIXED_SITE_US","name":"Atchafalaya Basin RC","identifier":"FAA-REC_FIXED_SITE_US:Atchafalaya Basin RC","lowerLimit":"GND","upperLimit":"1200 ft AGL","authority":"FAA (Recreational Flyer Fixed Sites)"}},
{"type":"Feature","geometry":{"type":"Polygon","coordinates":[[[-91.34984,30.50527],[-91.35137,30.50222],[-91.34774,30.50346],[-91.34984,30.50527]]]},"properties":{"type":"REC_FIXED_SITE_US","name":"Baton Rouge RC Club Inc - Kissner Field","identifier":"FAA-REC_FIXED_SITE_US:Baton Rouge RC Club Inc - Kissner Field","lowerLimit":"GND","upperLimit":"1200 ft AGL","authority":"FAA (Recreational Flyer Fixed Sites)"}},
{"type":"Feature","geometry":{"type":"Polygon","coordinates":[[[-91.1077,30.68291],[-91.10932,30.67994],[-91.10636,30.6797],[-91.1077,30.68291]]]},"properties":{"type":"REC_FIXED_SITE_US","name":"Baton Rouge Bi-Liners MAA - Doyles Bayou Park","identifier":"FAA-REC_FIXED_SITE_US:Baton Rouge Bi-Liners MAA - Doyles Bayou Park","lowerLimit":"GND","upperLimit":"1200 ft AGL","authority":"FAA (Recreational Flyer Fixed Sites)"}},
{"type":"Feature","geometry":{"type":"Polygon","coordinates":[[[-93.83654,32.65944],[-93.83801,32.6563],[-93.83497,32.65638],[-93.83654,32.65944]]]},"properties":{"type":"REC_FIXED_SITE_US","name":"Shreveport Area Radio Kontrol Society  - North Ridge Air Park","identifier":"FAA-REC_FIXED_SITE_US:Shreveport Area Radio Kontrol Society  - North Ridge Air Park","lowerLimit":"GND","upperLimit":"1200 ft AGL","authority":"FAA (Recreational Flyer Fixed Sites)"}},
{"type":"Feature","geometry":{"type":"Polygon","coordinates":[[[-92.20754,32.48615],[-92.20919,32.48318],[-92.20607,32.48302],[-92.20754,32.48615]]]},"properties":{"type":"REC_FIXED_SITE_US","name":"Northeast Aero RC Club -  Sheriff Fewell Rd (neighboring property)","identifier":"FAA-REC_FIXED_SITE_US:Northeast Aero RC Club -  Sheriff Fewell Rd (neighboring property)","lowerLimit":"GND","upperLimit":"1200 ft AGL","authority":"FAA (Recreational Flyer Fixed Sites)"}},
{"type":"Feature","geometry":{"type":"Polygon","coordinates":[[[-92.14193,32.4182],[-92.14193,32.41457],[-92.13979,32.41627],[-92.14193,32.4182]]]},"properties":{"type":"REC_FIXED_SITE_US","name":"Back of the Bend Flying Club - Buckhorn Bend Loop Rd","identifier":"FAA-REC_FIXED_SITE_US:Back of the Bend Flying Club - Buckhorn Bend Loop Rd","lowerLimit":"GND","upperLimit":"700 ft AGL","authority":"FAA (Recreational Flyer Fixed Sites)"}},
{"type":"Feature","geometry":{"type":"Polygon","coordinates":[[[-92.2019,32.48837],[-92.20355,32.4854],[-92.20043,32.48524],[-92.2019,32.48837]]]},"properties":{"type":"REC_FIXED_SITE_US","name":"Northeast Aero RC Club - Sheriff Fewell Rd","identifier":"FAA-REC_FIXED_SITE_US:Northeast Aero RC Club - Sheriff Fewell Rd","lowerLimit":"GND","upperLimit":"1200 ft AGL","authority":"FAA (Recreational Flyer Fixed Sites)"}},
{"type":"Feature","geometry":{"type":"Polygon","coordinates":[[[-92.38168,31.37151],[-92.38182,31.36788],[-92.37957,31.36958],[-92.38168,31.37151]]]},"properties":{"type":"REC_FIXED_SITE_US","name":"Alexandria Model Aviation Assn - Esler Field Rd","identifier":"FAA-REC_FIXED_SITE_US:Alexandria Model Aviation Assn - Esler Field Rd","lowerLimit":"GND","upperLimit":"700 ft AGL","authority":"FAA (Recreational Flyer Fixed Sites)"}},
{"type":"Feature","geometry":{"type":"Polygon","coordinates":[[[-90.5865,30.04623],[-90.58945,30.04366],[-90.5865,30.04358],[-90.5865,30.04623]]]},"properties":{"type":"REC_FIXED_SITE_US","name":"Crescent City RC Club, Inc - Hwy 18","identifier":"FAA-REC_FIXED_SITE_US:Crescent City RC Club, Inc - Hwy 18","lowerLimit":"GND","upperLimit":"700 ft AGL","authority":"FAA (Recreational Flyer Fixed Sites)"}},
{"type":"Feature","geometry":{"type":"Polygon","coordinates":[[[-91.21725,30.3833],[-91.22012,30.38066],[-91.21725,30.38066],[-91.21725,30.3833]]]},"properties":{"type":"REC_FIXED_SITE_US","name":"Red Stick Radio Control Flying Club - River Rd","identifier":"FAA-REC_FIXED_SITE_US:Red Stick Radio Control Flying Club - River Rd","lowerLimit":"GND","upperLimit":"1200 ft AGL","authority":"FAA (Recreational Flyer Fixed Sites)"}},
{"type":"Feature","geometry":{"type":"Polygon","coordinates":[[[-91.72761,30.00187],[-91.72913,29.99881],[-91.72618,29.99873],[-91.72761,30.00187]]]},"properties":{"type":"REC_FIXED_SITE_US","name":"Cajun R/C Club - Trahan Rd","identifier":"FAA-REC_FIXED_SITE_US:Cajun R/C Club - Trahan Rd","lowerLimit":"GND","upperLimit":"1200 ft AGL","authority":"FAA (Recreational Flyer Fixed Sites)"}},
{"type":"Feature","geometry":{"type":"Polygon","coordinates":[[[-72.62018,42.34852],[-72.62352,42.34836],[-72.62158,42.34531],[-72.62018,42.34852]]]},"properties":{"type":"REC_FIXED_SITE_US","name":"Hampshire County RCers - Honey Pot Rd","identifier":"FAA-REC_FIXED_SITE_US:Hampshire County RCers - Honey Pot Rd","lowerLimit":"GND","upperLimit":"700 ft AGL","authority":"FAA (Recreational Flyer Fixed Sites)"}},
{"type":"Feature","geometry":{"type":"Polygon","coordinates":[[[-73.21456,42.44827],[-73.21634,42.44522],[-73.21278,42.44522],[-73.21456,42.44827]]]},"properties":{"type":"REC_FIXED_SITE_US","name":"Berkshire RC Flying Club - Brattle Brook Park - Brattle St","identifier":"FAA-REC_FIXED_SITE_US:Berkshire RC Flying Club - Brattle Brook Park - Brattle St","lowerLimit":"GND","upperLimit":"700 ft AGL","authority":"FAA (Recreational Flyer Fixed Sites)"}},
{"type":"Feature","geometry":{"type":"Polygon","coordinates":[[[-73.05803,41.70228],[-73.06112,41.69948],[-73.05781,41.69964],[-73.05803,41.70228]]]},"properties":{"type":"REC_FIXED_SITE_US","name":"Nutmeg RC Flyers - Minor Rd","identifier":"FAA-REC_FIXED_SITE_US:Nutmeg RC Flyers - Minor Rd","lowerLimit":"GND","upperLimit":"700 ft AGL","authority":"FAA (Recreational Flyer Fixed Sites)"}},
{"type":"Feature","geometry":{"type":"Polygon","coordinates":[[[-72.5186,42.59438],[-72.52195,42.59173],[-72.5186,42.59173],[-72.5186,42.59438]]]},"properties":{"type":"REC_FIXED_SITE_US","name":"Franklin County RC - Turner Falls Airport","identifier":"FAA-REC_FIXED_SITE_US:Franklin County RC - Turner Falls Airport","lowerLimit":"GND","upperLimit":"700 ft AGL","authority":"FAA (Recreational Flyer Fixed Sites)"}},
{"type":"Feature","geometry":{"type":"Polygon","coordinates":[[[-71.76243,42.55611],[-71.76274,42.5525],[-71.75998,42.5543],[-71.76243,42.55611]]]},"properties":{"type":"REC_FIXED_SITE_US","name":"Wachusett RC Flyers - Fitchberg Municipal Airport","identifier":"FAA-REC_FIXED_SITE_US:Wachusett RC Flyers - Fitchberg Municipal Airport","lowerLimit":"GND","upperLimit":"700 ft AGL","authority":"FAA (Recreational Flyer Fixed Sites)"}},
{"type":"Feature","geometry":{"type":"Polygon","coordinates":[[[-71.5968,42.55411],[-71.59711,42.5505],[-71.59435,42.5523],[-71.5968,42.55411]]]},"properties":{"type":"REC_FIXED_SITE_US","name":"Quinapoxet Model Flying Club - Deven's Field","identifier":"FAA-REC_FIXED_SITE_US:Quinapoxet Model Flying Club - Deven's Field","lowerLimit":"GND","upperLimit":"700 ft AGL","authority":"FAA (Recreational Flyer Fixed Sites)"}},
{"type":"Feature","geometry":{"type":"Polygon","coordinates":[[[-71.92646,42.57528],[-71.92677,42.57167],[-71.92401,42.57336],[-71.92646,42.57528]]]},"properties":{"type":"REC_FIXED_SITE_US","name":"Wachusett Barnstormers - N Gardner Rd","identifier":"FAA-REC_FIXED_SITE_US:Wachusett Barnstormers - N Gardner Rd","lowerLimit":"GND","upperLimit":"700 ft AGL","authority":"FAA (Recreational Flyer Fixed Sites)"}},
{"type":"Feature","geometry":{"type":"Polygon","coordinates":[[[-71.81872,42.37846],[-71.82294,42.37733],[-71.81894,42.37582],[-71.81872,42.37846]]]},"properties":{"type":"REC_FIXED_SITE_US","name":"Quinapoxet Model Flying Club - River St","identifier":"FAA-REC_FIXED_SITE_US:Quinapoxet Model Flying Club - River St","lowerLimit":"GND","upperLimit":"700 ft AGL","authority":"FAA (Recreational Flyer Fixed Sites)"}},
{"type":"Feature","geometry":{"type":"Polygon","coordinates":[[[-71.6587,42.44721],[-71.65901,42.4436],[-71.65625,42.4454],[-71.6587,42.44721]]]},"properties":{"type":"REC_FIXED_SITE_US","name":"Quinapoxet Model Flying Club - Bartlett Airfield","identifier":"FAA-REC_FIXED_SITE_US:Quinapoxet Model Flying Club - Bartlett Airfield","lowerLimit":"GND","upperLimit":"700 ft AGL","authority":"FAA (Recreational Flyer Fixed Sites)"}},
{"type":"Feature","geometry":{"type":"Polygon","coordinates":[[[-71.88664,42.13197],[-71.88907,42.13016],[-71.88648,42.12835],[-71.88664,42.13197]]]},"properties":{"type":"REC_FIXED_SITE_US","name":"Rocky Hill Flying Circus - Chaffee Farm","identifier":"FAA-REC_FIXED_SITE_US:Rocky Hill Flying Circus - Chaffee Farm","lowerLimit":"GND","upperLimit":"700 ft AGL","authority":"FAA (Recreational Flyer Fixed Sites)"}},
{"type":"Feature","geometry":{"type":"Polygon","coordinates":[[[-71.74549,42.45763],[-71.7458,42.45402],[-71.74304,42.45582],[-71.74549,42.45763]]]},"properties":{"type":"REC_FIXED_SITE_US","name":"Wachusett RC Flyers - George Peaso Lane","identifier":"FAA-REC_FIXED_SITE_US:Wachusett RC Flyers - George Peaso Lane","lowerLimit":"GND","upperLimit":"700 ft AGL","authority":"FAA (Recreational Flyer Fixed Sites)"}},
{"type":"Feature","geometry":{"type":"Polygon","coordinates":[[[-72.1167,42.04625],[-72.11685,42.04263],[-72.11427,42.04444],[-72.1167,42.04625]]]},"properties":{"type":"REC_FIXED_SITE_US","name":"STURBRIDGE LAWN DARTS FLYING ASSOCIATION 1","identifier":"FAA-REC_FIXED_SITE_US:STURBRIDGE LAWN DARTS FLYING ASSOCIATION 1","lowerLimit":"GND","upperLimit":"700 ft AGL","authority":"FAA (Recreational Flyer Fixed Sites)"}},
{"type":"Feature","geometry":{"type":"Polygon","coordinates":[[[-71.61072,42.30818],[-71.61494,42.30705],[-71.61094,42.30554],[-71.61072,42.30818]]]},"properties":{"type":"REC_FIXED_SITE_US","name":"Central MA R/C Modelers Inc - Lyman St","identifier":"FAA-REC_FIXED_SITE_US:Central MA R/C Modelers Inc - Lyman St","lowerLimit":"GND","upperLimit":"1200 ft AGL","authority":"FAA (Recreational Flyer Fixed Sites)"}},
{"type":"Feature","geometry":{"type":"Polygon","coordinates":[[[-71.48982,42.41818],[-71.49404,42.41705],[-71.49004,42.41554],[-71.48982,42.41818]]]},"properties":{"type":"REC_FIXED_SITE_US","name":"Crow Island Radio Control - Crow Island Airport","identifier":"FAA-REC_FIXED_SITE_US:Crow Island Radio Control - Crow Island Airport","lowerLimit":"GND","upperLimit":"700 ft AGL","authority":"FAA (Recreational Flyer Fixed Sites)"}},
{"type":"Feature","geometry":{"type":"Polygon","coordinates":[[[-71.41467,42.46906],[-71.41623,42.46585],[-71.41288,42.46601],[-71.41467,42.46906]]]},"properties":{"type":"REC_FIXED_SITE_US","name":"Charles River RCers - School St","identifier":"FAA-REC_FIXED_SITE_US:Charles River RCers - School St","lowerLimit":"GND","upperLimit":"700 ft AGL","authority":"FAA (Recreational Flyer Fixed Sites)"}},
{"type":"Feature","geometry":{"type":"Polygon","coordinates":[[[-71.39762,42.4179],[-71.40184,42.41677],[-71.39784,42.41526],[-71.39762,42.4179]]]},"properties":{"type":"REC_FIXED_SITE_US","name":"Charles River RCers - Davis Field","identifier":"FAA-REC_FIXED_SITE_US:Charles River RCers - Davis Field","lowerLimit":"GND","upperLimit":"700 ft AGL","authority":"FAA (Recreational Flyer Fixed Sites)"}},
{"type":"Feature","geometry":{"type":"Polygon","coordinates":[[[-70.98578,42.71337],[-70.98746,42.71024],[-70.98399,42.71032],[-70.98578,42.71337]]]},"properties":{"type":"REC_FIXED_SITE_US","name":"Merrimack Valley Air-Istocrats - Penn Brook School","identifier":"FAA-REC_FIXED_SITE_US:Merrimack Valley Air-Istocrats - Penn Brook School","lowerLimit":"GND","upperLimit":"700 ft AGL","authority":"FAA (Recreational Flyer Fixed Sites)"}},
{"type":"Feature","geometry":{"type":"Polygon","coordinates":[[[-71.29861,42.55592],[-71.3005,42.55295],[-71.29705,42.55271],[-71.29861,42.55592]]]},"properties":{"type":"REC_FIXED_SITE_US","name":"Middlesex County R-C Fliers - Veterans Park","identifier":"FAA-REC_FIXED_SITE_US:Middlesex County R-C Fliers - Veterans Park","lowerLimit":"GND","upperLimit":"700 ft AGL","authority":"FAA (Recreational Flyer Fixed Sites)"}},
{"type":"Feature","geometry":{"type":"Polygon","coordinates":[[[-71.206,42.62529],[-71.20631,42.62168],[-71.20355,42.62337],[-71.206,42.62529]]]},"properties":{"type":"REC_FIXED_SITE_US","name":"495th RC Squadron Inc - Pinnacle St","identifier":"FAA-REC_FIXED_SITE_US:495th RC Squadron Inc - Pinnacle St","lowerLimit":"GND","upperLimit":"700 ft AGL","authority":"FAA (Recreational Flyer Fixed Sites)"}},
{"type":"Feature","geometry":{"type":"Polygon","coordinates":[[[-71.43474,42.58521],[-71.43505,42.5816],[-71.43229,42.58329],[-71.43474,42.58521]]]},"properties":{"type":"REC_FIXED_SITE_US","name":"Merrimack Valley Air-istocrats, Main St","identifier":"FAA-REC_FIXED_SITE_US:Merrimack Valley Air-istocrats, Main St","lowerLimit":"GND","upperLimit":"700 ft AGL","authority":"FAA (Recreational Flyer Fixed Sites)"}},
{"type":"Feature","geometry":{"type":"Polygon","coordinates":[[[-70.97121,42.83774],[-70.97546,42.83661],[-70.97143,42.8351],[-70.97121,42.83774]]]},"properties":{"type":"REC_FIXED_SITE_US","name":"Cape Ann RC Model Club - Pond Hill Rd","identifier":"FAA-REC_FIXED_SITE_US:Cape Ann RC Model Club - Pond Hill Rd","lowerLimit":"GND","upperLimit":"700 ft AGL","authority":"FAA (Recreational Flyer Fixed Sites)"}},
{"type":"Feature","geometry":{"type":"Polygon","coordinates":[[[-70.95181,42.85818],[-70.95606,42.85705],[-70.95203,42.85554],[-70.95181,42.85818]]]},"properties":{"type":"REC_FIXED_SITE_US","name":"Merrimack Valley Air-Istocrats - Woodsom Farm","identifier":"FAA-REC_FIXED_SITE_US:Merrimack Valley Air-Istocrats - Woodsom Farm","lowerLimit":"GND","upperLimit":"700 ft AGL","authority":"FAA (Recreational Flyer Fixed Sites)"}},
{"type":"Feature","geometry":{"type":"Polygon","coordinates":[[[-70.8183,42.65251],[-70.81861,42.6489],[-70.81585,42.65059],[-70.8183,42.65251]]]},"properties":{"type":"REC_FIXED_SITE_US","name":"Merrimack Valley Air-Istocrats - Pony Express Field","identifier":"FAA-REC_FIXED_SITE_US:Merrimack Valley Air-Istocrats - Pony Express Field","lowerLimit":"GND","upperLimit":"700 ft AGL","authority":"FAA (Recreational Flyer Fixed Sites)"}},
{"type":"Feature","geometry":{"type":"Polygon","coordinates":[[[-70.83962,42.79689],[-70.84299,42.79424],[-70.83962,42.79424],[-70.83962,42.79689]]]},"properties":{"type":"REC_FIXED_SITE_US","name":"Plum Island Airport Radio Control Flyers, Inc - Plum Island Airport","identifier":"FAA-REC_FIXED_SITE_US:Plum Island Airport Radio Control Flyers, Inc - Plum Island Airport","lowerLimit":"GND","upperLimit":"700 ft AGL","authority":"FAA (Recreational Flyer Fixed Sites)"}},
{"type":"Feature","geometry":{"type":"Polygon","coordinates":[[[-70.9143,42.88666],[-70.91676,42.88496],[-70.91273,42.88345],[-70.9143,42.88666]]]},"properties":{"type":"REC_FIXED_SITE_US","name":"Northeast R/C Model Club - Elmwood St","identifier":"FAA-REC_FIXED_SITE_US:Northeast R/C Model Club - Elmwood St","lowerLimit":"GND","upperLimit":"700 ft AGL","authority":"FAA (Recreational Flyer Fixed Sites)"}},
{"type":"Feature","geometry":{"type":"Polygon","coordinates":[[[-71.24778,41.99097],[-71.25021,41.98916],[-71.24763,41.98735],[-71.24778,41.99097]]]},"properties":{"type":"REC_FIXED_SITE_US","name":"The New England Heli Crew - Elm St","identifier":"FAA-REC_FIXED_SITE_US:The New England Heli Crew - Elm St","lowerLimit":"GND","upperLimit":"700 ft AGL","authority":"FAA (Recreational Flyer Fixed Sites)"}},
{"type":"Feature","geometry":{"type":"Polygon","coordinates":[[[-71.34366,42.21502],[-71.34776,42.21369],[-71.34532,42.21188],[-71.34366,42.21502]]]},"properties":{"type":"REC_FIXED_SITE_US","name":"Millis Model Aircraft Club - Bill Martin Field","identifier":"FAA-REC_FIXED_SITE_US:Millis Model Aircraft Club - Bill Martin Field","lowerLimit":"GND","upperLimit":"700 ft AGL","authority":"FAA (Recreational Flyer Fixed Sites)"}},
{"type":"Feature","geometry":{"type":"Polygon","coordinates":[[[-71.32168,42.0807],[-71.32345,42.07764],[-71.31925,42.07877],[-71.32168,42.0807]]]},"properties":{"type":"REC_FIXED_SITE_US","name":"Wrentham State School","identifier":"FAA-REC_FIXED_SITE_US:Wrentham State School","lowerLimit":"GND","upperLimit":"700 ft AGL","authority":"FAA (Recreational Flyer Fixed Sites)"}},
{"type":"Feature","geometry":{"type":"Polygon","coordinates":[[[-71.31203,42.09235],[-71.31557,42.08987],[-71.31225,42.08971],[-71.31203,42.09235]]]},"properties":{"type":"REC_FIXED_SITE_US","name":"Wrentham Development Center","identifier":"FAA-REC_FIXED_SITE_US:Wrentham Development Center","lowerLimit":"GND","upperLimit":"700 ft AGL","authority":"FAA (Recreational Flyer Fixed Sites)"}},
{"type":"Feature","geometry":{"type":"Polygon","coordinates":[[[-70.95104,41.95882],[-70.95457,41.95634],[-70.95116,41.9561],[-70.95104,41.95882]]]},"properties":{"type":"REC_FIXED_SITE_US","name":"South Shore RC Club - Conant St","identifier":"FAA-REC_FIXED_SITE_US:South Shore RC Club - Conant St","lowerLimit":"GND","upperLimit":"700 ft AGL","authority":"FAA (Recreational Flyer Fixed Sites)"}},
{"type":"Feature","geometry":{"type":"Polygon","coordinates":[[[-70.8735,41.95732],[-70.87381,41.95371],[-70.87107,41.95551],[-70.8735,41.95732]]]},"properties":{"type":"REC_FIXED_SITE_US","name":"Wingbusters MAC - Wood St","identifier":"FAA-REC_FIXED_SITE_US:Wingbusters MAC - Wood St","lowerLimit":"GND","upperLimit":"700 ft AGL","authority":"FAA (Recreational Flyer Fixed Sites)"}},
{"type":"Feature","geometry":{"type":"Polygon","coordinates":[[[-70.40202,41.6904],[-70.40202,41.68677],[-70.3996,41.68847],[-70.40202,41.6904]]]},"properties":{"type":"REC_FIXED_SITE_US","name":"Discover Flying RC - Cape Cod Airfield","identifier":"FAA-REC_FIXED_SITE_US:Discover Flying RC - Cape Cod Airfield","lowerLimit":"GND","upperLimit":"700 ft AGL","authority":"FAA (Recreational Flyer Fixed Sites)"}},
{"type":"Feature","geometry":{"type":"Polygon","coordinates":[[[-70.8182,41.77633],[-70.81974,41.77312],[-70.81633,41.77336],[-70.8182,41.77633]]]},"properties":{"type":"REC_FIXED_SITE_US","name":"The Bog Hogs RC Club, Inc - High St","identifier":"FAA-REC_FIXED_SITE_US:The Bog Hogs RC Club, Inc - High St","lowerLimit":"GND","upperLimit":"700 ft AGL","authority":"FAA (Recreational Flyer Fixed Sites)"}},
{"type":"Feature","geometry":{"type":"Polygon","coordinates":[[[-70.95844,41.55235],[-70.96196,41.54987],[-70.95866,41.54971],[-70.95844,41.55235]]]},"properties":{"type":"REC_FIXED_SITE_US","name":"Bristol County Radio Control - Smith Neck Rd","identifier":"FAA-REC_FIXED_SITE_US:Bristol County Radio Control - Smith Neck Rd","lowerLimit":"GND","upperLimit":"1200 ft AGL","authority":"FAA (Recreational Flyer Fixed Sites)"}},
{"type":"Feature","geometry":{"type":"Polygon","coordinates":[[[-70.78634,41.75882],[-70.78966,41.75882],[-70.78815,41.75569],[-70.78634,41.75882]]]},"properties":{"type":"REC_FIXED_SITE_US","name":"Bristol County Radio Control - Marys Pond Rd","identifier":"FAA-REC_FIXED_SITE_US:Bristol County Radio Control - Marys Pond Rd","lowerLimit":"GND","upperLimit":"700 ft AGL","authority":"FAA (Recreational Flyer Fixed Sites)"}},
{"type":"Feature","geometry":{"type":"Polygon","coordinates":[[[-76.5363,38.36721],[-76.5386,38.36551],[-76.53483,38.364],[-76.5363,38.36721]]]},"properties":{"type":"REC_FIXED_SITE_US","name":"Patuxent Aeromodelers - Helwig Field","identifier":"FAA-REC_FIXED_SITE_US:Patuxent Aeromodelers - Helwig Field","lowerLimit":"GND","upperLimit":"700 ft AGL","authority":"FAA (Recreational Flyer Fixed Sites)"}},
{"type":"Feature","geometry":{"type":"Polygon","coordinates":[[[-76.50555,39.58701],[-76.50555,39.58338],[-76.50321,39.58508],[-76.50555,39.58701]]]},"properties":{"type":"REC_FIXED_SITE_US","name":"Baltimore Area Soaring Society - Polo Field","identifier":"FAA-REC_FIXED_SITE_US:Baltimore Area Soaring Society - Polo Field","lowerLimit":"GND","upperLimit":"700 ft AGL","authority":"FAA (Recreational Flyer Fixed Sites)"}},
{"type":"Feature","geometry":{"type":"Polygon","coordinates":[[[-76.59557,39.45252],[-76.59951,39.4512],[-76.59702,39.44939],[-76.59557,39.45252]]]},"properties":{"type":"REC_FIXED_SITE_US","name":"Baltimore Area Soaring Society - Villa Maria Field","identifier":"FAA-REC_FIXED_SITE_US:Baltimore Area Soaring Society - Villa Maria Field","lowerLimit":"GND","upperLimit":"700 ft AGL","authority":"FAA (Recreational Flyer Fixed Sites)"}},
{"type":"Feature","geometry":{"type":"Polygon","coordinates":[[[-76.54926,39.47286],[-76.5516,39.47105],[-76.54911,39.46924],[-76.54926,39.47286]]]},"properties":{"type":"REC_FIXED_SITE_US","name":"Baltimore Area Soaring Society - Dulaney Valley Rd","identifier":"FAA-REC_FIXED_SITE_US:Baltimore Area Soaring Society - Dulaney Valley Rd","lowerLimit":"GND","upperLimit":"700 ft AGL","authority":"FAA (Recreational Flyer Fixed Sites)"}},
{"type":"Feature","geometry":{"type":"Polygon","coordinates":[[[-76.29663,39.6342],[-76.30004,39.63172],[-76.29674,39.63148],[-76.29663,39.6342]]]},"properties":{"type":"REC_FIXED_SITE_US","name":"Harford County RC Modelers - Sandy Hook Field","identifier":"FAA-REC_FIXED_SITE_US:Harford County RC Modelers - Sandy Hook Field","lowerLimit":"GND","upperLimit":"700 ft AGL","authority":"FAA (Recreational Flyer Fixed Sites)"}},
{"type":"Feature","geometry":{"type":"Polygon","coordinates":[[[-76.85,39.35681],[-76.8518,39.35384],[-76.84767,39.35489],[-76.85,39.35681]]]},"properties":{"type":"REC_FIXED_SITE_US","name":"Civil Air Patrol, Maryland Wing HQ UAS Club - Maryland Wing HQ","identifier":"FAA-REC_FIXED_SITE_US:Civil Air Patrol, Maryland Wing HQ UAS Club - Maryland Wing HQ","lowerLimit":"GND","upperLimit":"700 ft AGL","authority":"FAA (Recreational Flyer Fixed Sites)"}},
{"type":"Feature","geometry":{"type":"Polygon","coordinates":[[[-78.75747,39.60761],[-78.76089,39.60513],[-78.75769,39.60497],[-78.75747,39.60761]]]},"properties":{"type":"REC_FIXED_SITE_US","name":"Mexico Farms R/C Flyers - Mexico Farms Airport","identifier":"FAA-REC_FIXED_SITE_US:Mexico Farms R/C Flyers - Mexico Farms Airport","lowerLimit":"GND","upperLimit":"700 ft AGL","authority":"FAA (Recreational Flyer Fixed Sites)"}},
{"type":"Feature","geometry":{"type":"Polygon","coordinates":[[[-76.17603,38.54524],[-76.17761,38.54211],[-76.17434,38.54219],[-76.17603,38.54524]]]},"properties":{"type":"REC_FIXED_SITE_US","name":"Eastern Shore Aeromodelers - Town Pt. Rd.","identifier":"FAA-REC_FIXED_SITE_US:Eastern Shore Aeromodelers - Town Pt. Rd.","lowerLimit":"GND","upperLimit":"1200 ft AGL","authority":"FAA (Recreational Flyer Fixed Sites)"}},
{"type":"Feature","geometry":{"type":"Polygon","coordinates":[[[-75.75644,38.84201],[-75.75962,38.83937],[-75.75624,38.83953],[-75.75644,38.84201]]]},"properties":{"type":"REC_FIXED_SITE_US","name":"Caroline County Radio Control Society-Redden Rd.","identifier":"FAA-REC_FIXED_SITE_US:Caroline County Radio Control Society-Redden Rd.","lowerLimit":"GND","upperLimit":"1200 ft AGL","authority":"FAA (Recreational Flyer Fixed Sites)"}},
{"type":"Feature","geometry":{"type":"Polygon","coordinates":[[[-77.25823,39.37654],[-77.26003,39.37357],[-77.2559,39.37462],[-77.25823,39.37654]]]},"properties":{"type":"REC_FIXED_SITE_US","name":"Mavericks R/C Flying Club - E Baldwin Rd","identifier":"FAA-REC_FIXED_SITE_US:Mavericks R/C Flying Club - E Baldwin Rd","lowerLimit":"GND","upperLimit":"700 ft AGL","authority":"FAA (Recreational Flyer Fixed Sites)"}},
{"type":"Feature","geometry":{"type":"Polygon","coordinates":[[[-77.06114,39.54757],[-77.06435,39.54757],[-77.06424,39.54485],[-77.06114,39.54757]]]},"properties":{"type":"REC_FIXED_SITE_US","name":"Westminster Aero Modelers Inc - Valley View Orchard","identifier":"FAA-REC_FIXED_SITE_US:Westminster Aero Modelers Inc - Valley View Orchard","lowerLimit":"GND","upperLimit":"700 ft AGL","authority":"FAA (Recreational Flyer Fixed Sites)"}},
{"type":"Feature","geometry":{"type":"Polygon","coordinates":[[[-76.9533,39.38341],[-76.95563,39.38171],[-76.95181,39.3802],[-76.9533,39.38341]]]},"properties":{"type":"REC_FIXED_SITE_US","name":"South Carroll Aeromodelers - 4th St","identifier":"FAA-REC_FIXED_SITE_US:South Carroll Aeromodelers - 4th St","lowerLimit":"GND","upperLimit":"700 ft AGL","authority":"FAA (Recreational Flyer Fixed Sites)"}},
{"type":"Feature","geometry":{"type":"Polygon","coordinates":[[[-75.54155,38.26709],[-75.54333,38.26412],[-75.53926,38.26516],[-75.54155,38.26709]]]},"properties":{"type":"REC_FIXED_SITE_US","name":"Midatlantic Radio Kontrol Society - Waybright Field","identifier":"FAA-REC_FIXED_SITE_US:Midatlantic Radio Kontrol Society - Waybright Field","lowerLimit":"GND","upperLimit":"700 ft AGL","authority":"FAA (Recreational Flyer Fixed Sites)"}},
{"type":"Feature","geometry":{"type":"Polygon","coordinates":[[[-75.89787,39.71921],[-75.90109,39.71921],[-75.89963,39.71608],[-75.89787,39.71921]]]},"properties":{"type":"REC_FIXED_SITE_US","name":"Balsa Busters Flying Club - Blake Rd.","identifier":"FAA-REC_FIXED_SITE_US:Balsa Busters Flying Club - Blake Rd.","lowerLimit":"GND","upperLimit":"1200 ft AGL","authority":"FAA (Recreational Flyer Fixed Sites)"}},
{"type":"Feature","geometry":{"type":"Polygon","coordinates":[[[-75.87123,39.57773],[-75.87284,39.57459],[-75.86889,39.57591],[-75.87123,39.57773]]]},"properties":{"type":"REC_FIXED_SITE_US","name":"Claremont RC - Claremont Airport","identifier":"FAA-REC_FIXED_SITE_US:Claremont RC - Claremont Airport","lowerLimit":"GND","upperLimit":"700 ft AGL","authority":"FAA (Recreational Flyer Fixed Sites)"}},
{"type":"Feature","geometry":{"type":"Polygon","coordinates":[[[-76.64391,39.66488],[-76.64712,39.66223],[-76.64391,39.66223],[-76.64391,39.66488]]]},"properties":{"type":"REC_FIXED_SITE_US","name":"Radio Control Modelers of Baltimore - Kirk Field - Stablers Church Rd","identifier":"FAA-REC_FIXED_SITE_US:Radio Control Modelers of Baltimore - Kirk Field - Stablers Church Rd","lowerLimit":"GND","upperLimit":"1200 ft AGL","authority":"FAA (Recreational Flyer Fixed Sites)"}},
{"type":"Feature","geometry":{"type":"Polygon","coordinates":[[[-76.98444,39.67129],[-76.98625,39.66832],[-76.9821,39.66937],[-76.98444,39.67129]]]},"properties":{"type":"REC_FIXED_SITE_US","name":"Westminster Aero Modelers Inc - Carroll County Model Aerodrome","identifier":"FAA-REC_FIXED_SITE_US:Westminster Aero Modelers Inc - Carroll County Model Aerodrome","lowerLimit":"GND","upperLimit":"700 ft AGL","authority":"FAA (Recreational Flyer Fixed Sites)"}},
{"type":"Feature","geometry":{"type":"Polygon","coordinates":[[[-76.86229,39.36189],[-76.86409,39.35892],[-76.85996,39.35997],[-76.86229,39.36189]]]},"properties":{"type":"REC_FIXED_SITE_US","name":"Wright Flyers - Hernwood Landfill","identifier":"FAA-REC_FIXED_SITE_US:Wright Flyers - Hernwood Landfill","lowerLimit":"GND","upperLimit":"700 ft AGL","authority":"FAA (Recreational Flyer Fixed Sites)"}},
{"type":"Feature","geometry":{"type":"Polygon","coordinates":[[[-77.0518,39.54922],[-77.05501,39.54922],[-77.0549,39.5465],[-77.0518,39.54922]]]},"properties":{"type":"REC_FIXED_SITE_US","name":"Westminster Aero Modelers Inc - Medford Rd","identifier":"FAA-REC_FIXED_SITE_US:Westminster Aero Modelers Inc - Medford Rd","lowerLimit":"GND","upperLimit":"700 ft AGL","authority":"FAA (Recreational Flyer Fixed Sites)"}},
{"type":"Feature","geometry":{"type":"Polygon","coordinates":[[[-70.9074,43.31971],[-70.90988,43.31801],[-70.90582,43.3165],[-70.9074,43.31971]]]},"properties":{"type":"REC_FIXED_SITE_US","name":"Ponderosa RC Hawks - Hubbard Rd","identifier":"FAA-REC_FIXED_SITE_US:Ponderosa RC Hawks - Hubbard Rd","lowerLimit":"GND","upperLimit":"700 ft AGL","authority":"FAA (Recreational Flyer Fixed Sites)"}},
{"type":"Feature","geometry":{"type":"Polygon","coordinates":[[[-70.65491,43.14774],[-70.65896,43.14623],[-70.65633,43.14453],[-70.65491,43.14774]]]},"properties":{"type":"REC_FIXED_SITE_US","name":"Front Line Flyers - York St","identifier":"FAA-REC_FIXED_SITE_US:Front Line Flyers - York St","lowerLimit":"GND","upperLimit":"700 ft AGL","authority":"FAA (Recreational Flyer Fixed Sites)"}},
{"type":"Feature","geometry":{"type":"Polygon","coordinates":[[[-70.22643,43.78755],[-70.22706,43.78398],[-70.22395,43.78551],[-70.22643,43.78755]]]},"properties":{"type":"REC_FIXED_SITE_US","name":"Downeast Soaring Club Inc - Twin Brooks Recreation Area","identifier":"FAA-REC_FIXED_SITE_US:Downeast Soaring Club Inc - Twin Brooks Recreation Area","lowerLimit":"GND","upperLimit":"700 ft AGL","authority":"FAA (Recreational Flyer Fixed Sites)"}},
{"type":"Feature","geometry":{"type":"Polygon","coordinates":[[[-70.45239,43.72382],[-70.4566,43.7225],[-70.45426,43.72069],[-70.45239,43.72382]]]},"properties":{"type":"REC_FIXED_SITE_US","name":"Southern Maine R/C Helicopter Assn - Huston Rd","identifier":"FAA-REC_FIXED_SITE_US:Southern Maine R/C Helicopter Assn - Huston Rd","lowerLimit":"GND","upperLimit":"700 ft AGL","authority":"FAA (Recreational Flyer Fixed Sites)"}},
{"type":"Feature","geometry":{"type":"Polygon","coordinates":[[[-70.6735,43.41371],[-70.67508,43.4105],[-70.67102,43.41201],[-70.6735,43.41371]]]},"properties":{"type":"REC_FIXED_SITE_US","name":"Strawberry Patch RC Pilots - Lavigne Farm","identifier":"FAA-REC_FIXED_SITE_US:Strawberry Patch RC Pilots - Lavigne Farm","lowerLimit":"GND","upperLimit":"700 ft AGL","authority":"FAA (Recreational Flyer Fixed Sites)"}},
{"type":"Feature","geometry":{"type":"Polygon","coordinates":[[[-70.61874,43.7364],[-70.62295,43.73508],[-70.62029,43.73327],[-70.61874,43.7364]]]},"properties":{"type":"REC_FIXED_SITE_US","name":"Propsnappers, Inc - Kiwanis Beach Rd","identifier":"FAA-REC_FIXED_SITE_US:Propsnappers, Inc - Kiwanis Beach Rd","lowerLimit":"GND","upperLimit":"1200 ft AGL","authority":"FAA (Recreational Flyer Fixed Sites)"}},
{"type":"Feature","geometry":{"type":"Polygon","coordinates":[[[-69.95761,43.97692],[-69.96105,43.97692],[-69.95949,43.97379],[-69.95761,43.97692]]]},"properties":{"type":"REC_FIXED_SITE_US","name":"Brunswick Area Modelers - Lewiston Rd.","identifier":"FAA-REC_FIXED_SITE_US:Brunswick Area Modelers - Lewiston Rd.","lowerLimit":"GND","upperLimit":"700 ft AGL","authority":"FAA (Recreational Flyer Fixed Sites)"}},
{"type":"Feature","geometry":{"type":"Polygon","coordinates":[[[-70.31768,43.99492],[-70.32112,43.99492],[-70.31924,43.99179],[-70.31768,43.99492]]]},"properties":{"type":"REC_FIXED_SITE_US","name":"Sky Streakers RC Club - Waterman's Gravel Pit","identifier":"FAA-REC_FIXED_SITE_US:Sky Streakers RC Club - Waterman's Gravel Pit","lowerLimit":"GND","upperLimit":"700 ft AGL","authority":"FAA (Recreational Flyer Fixed Sites)"}},
{"type":"Feature","geometry":{"type":"Polygon","coordinates":[[[-69.7111,44.44347],[-69.71305,44.44051],[-69.70859,44.44143],[-69.7111,44.44347]]]},"properties":{"type":"REC_FIXED_SITE_US","name":"Kennebec Valley Model Aviators - Church Rd","identifier":"FAA-REC_FIXED_SITE_US:Kennebec Valley Model Aviators - Church Rd","lowerLimit":"GND","upperLimit":"700 ft AGL","authority":"FAA (Recreational Flyer Fixed Sites)"}},
{"type":"Feature","geometry":{"type":"Polygon","coordinates":[[[-69.31308,44.21769],[-69.3134,44.21408],[-69.31058,44.21565],[-69.31308,44.21769]]]},"properties":{"type":"REC_FIXED_SITE_US","name":"Mid Coast RC Club - Heald Hwy","identifier":"FAA-REC_FIXED_SITE_US:Mid Coast RC Club - Heald Hwy","lowerLimit":"GND","upperLimit":"1200 ft AGL","authority":"FAA (Recreational Flyer Fixed Sites)"}},
{"type":"Feature","geometry":{"type":"Polygon","coordinates":[[[-68.98085,44.54697],[-68.9829,44.54409],[-68.97832,44.54504],[-68.98085,44.54697]]]},"properties":{"type":"REC_FIXED_SITE_US","name":"Mid Coast Radio Control Club - Bryant Lane","identifier":"FAA-REC_FIXED_SITE_US:Mid Coast Radio Control Club - Bryant Lane","lowerLimit":"GND","upperLimit":"700 ft AGL","authority":"FAA (Recreational Flyer Fixed Sites)"}},
{"type":"Feature","geometry":{"type":"Polygon","coordinates":[[[-69.86687,45.01984],[-69.87036,45.02],[-69.87048,45.01728],[-69.86687,45.01984]]]},"properties":{"type":"REC_FIXED_SITE_US","name":"Franklin County Aircraft Modelers - Lily Pond, Rte 16","identifier":"FAA-REC_FIXED_SITE_US:Franklin County Aircraft Modelers - Lily Pond, Rte 16","lowerLimit":"GND","upperLimit":"1200 ft AGL","authority":"FAA (Recreational Flyer Fixed Sites)"}},
{"type":"Feature","geometry":{"type":"Polygon","coordinates":[[[-69.9558,44.92981],[-69.95628,44.92622],[-69.95327,44.92778],[-69.9558,44.92981]]]},"properties":{"type":"REC_FIXED_SITE_US","name":"Franklin County Aircraft Modelers - Whispering Pines","identifier":"FAA-REC_FIXED_SITE_US:Franklin County Aircraft Modelers - Whispering Pines","lowerLimit":"GND","upperLimit":"700 ft AGL","authority":"FAA (Recreational Flyer Fixed Sites)"}},
{"type":"Feature","geometry":{"type":"Polygon","coordinates":[[[-82.6505,42.98561],[-82.65081,42.982],[-82.64803,42.9838],[-82.6505,42.98561]]]},"properties":{"type":"REC_FIXED_SITE_US","name":"The St Clair County Propbusters R/C Club - Goodells Park","identifier":"FAA-REC_FIXED_SITE_US:The St Clair County Propbusters R/C Club - Goodells Park","lowerLimit":"GND","upperLimit":"700 ft AGL","authority":"FAA (Recreational Flyer Fixed Sites)"}},
{"type":"Feature","geometry":{"type":"Polygon","coordinates":[[[-82.51221,42.67438],[-82.51557,42.67173],[-82.51221,42.67173],[-82.51221,42.67438]]]},"properties":{"type":"REC_FIXED_SITE_US","name":"Flying Wolverines - River Rd.","identifier":"FAA-REC_FIXED_SITE_US:Flying Wolverines - River Rd.","lowerLimit":"GND","upperLimit":"700 ft AGL","authority":"FAA (Recreational Flyer Fixed Sites)"}},
{"type":"Feature","geometry":{"type":"Polygon","coordinates":[[[-82.76431,42.94439],[-82.76768,42.94439],[-82.766,42.94125],[-82.76431,42.94439]]]},"properties":{"type":"REC_FIXED_SITE_US","name":"East Wings Model Club - Kinney Rd.","identifier":"FAA-REC_FIXED_SITE_US:East Wings Model Club - Kinney Rd.","lowerLimit":"GND","upperLimit":"700 ft AGL","authority":"FAA (Recreational Flyer Fixed Sites)"}},
{"type":"Feature","geometry":{"type":"Polygon","coordinates":[[[-82.84889,42.73656],[-82.85134,42.73464],[-82.84873,42.73294],[-82.84889,42.73656]]]},"properties":{"type":"REC_FIXED_SITE_US","name":"RC Club of Detroit - Wetzel State Recreational Area","identifier":"FAA-REC_FIXED_SITE_US:RC Club of Detroit - Wetzel State Recreational Area","lowerLimit":"GND","upperLimit":"700 ft AGL","authority":"FAA (Recreational Flyer Fixed Sites)"}},
{"type":"Feature","geometry":{"type":"Polygon","coordinates":[[[-82.5113,42.93431],[-82.51376,42.93261],[-82.50973,42.9311],[-82.5113,42.93431]]]},"properties":{"type":"REC_FIXED_SITE_US","name":"River District RC Eagles Inc - Ravenswood Rd","identifier":"FAA-REC_FIXED_SITE_US:River District RC Eagles Inc - Ravenswood Rd","lowerLimit":"GND","upperLimit":"700 ft AGL","authority":"FAA (Recreational Flyer Fixed Sites)"}},
{"type":"Feature","geometry":{"type":"Polygon","coordinates":[[[-82.94631,42.77358],[-82.94662,42.76997],[-82.94385,42.77177],[-82.94631,42.77358]]]},"properties":{"type":"REC_FIXED_SITE_US","name":"Romeo Area RC Club - Kunstman Rd","identifier":"FAA-REC_FIXED_SITE_US:Romeo Area RC Club - Kunstman Rd","lowerLimit":"GND","upperLimit":"700 ft AGL","authority":"FAA (Recreational Flyer Fixed Sites)"}},
{"type":"Feature","geometry":{"type":"Polygon","coordinates":[[[-83.84325,42.29986],[-83.84356,42.29625],[-83.84081,42.29805],[-83.84325,42.29986]]]},"properties":{"type":"REC_FIXED_SITE_US","name":"Scio Flyers - Township Hall Park","identifier":"FAA-REC_FIXED_SITE_US:Scio Flyers - Township Hall Park","lowerLimit":"GND","upperLimit":"700 ft AGL","authority":"FAA (Recreational Flyer Fixed Sites)"}},
{"type":"Feature","geometry":{"type":"Polygon","coordinates":[[[-83.76224,42.46865],[-83.7638,42.46544],[-83.76045,42.4656],[-83.76224,42.46865]]]},"properties":{"type":"REC_FIXED_SITE_US","name":"Hamburg Flyers R/C Club Inc - Legacy Center Sports Complex","identifier":"FAA-REC_FIXED_SITE_US:Hamburg Flyers R/C Club Inc - Legacy Center Sports Complex","lowerLimit":"GND","upperLimit":"700 ft AGL","authority":"FAA (Recreational Flyer Fixed Sites)"}},
{"type":"Feature","geometry":{"type":"Polygon","coordinates":[[[-83.53147,41.82899],[-83.53389,41.82729],[-83.52993,41.82578],[-83.53147,41.82899]]]},"properties":{"type":"REC_FIXED_SITE_US","name":"Weak Signals RC - Minx Rd","identifier":"FAA-REC_FIXED_SITE_US:Weak Signals RC - Minx Rd","lowerLimit":"GND","upperLimit":"1200 ft AGL","authority":"FAA (Recreational Flyer Fixed Sites)"}},
{"type":"Feature","geometry":{"type":"Polygon","coordinates":[[[-83.65579,42.09413],[-83.65746,42.09099],[-83.65402,42.09107],[-83.65579,42.09413]]]},"properties":{"type":"REC_FIXED_SITE_US","name":"Milan Flyers - Sanford Rd","identifier":"FAA-REC_FIXED_SITE_US:Milan Flyers - Sanford Rd","lowerLimit":"GND","upperLimit":"700 ft AGL","authority":"FAA (Recreational Flyer Fixed Sites)"}},
{"type":"Feature","geometry":{"type":"Polygon","coordinates":[[[-83.7134,42.12835],[-83.71673,42.12851],[-83.71695,42.12587],[-83.7134,42.12835]]]},"properties":{"type":"REC_FIXED_SITE_US","name":"MI RC Assn - Begole Rd","identifier":"FAA-REC_FIXED_SITE_US:MI RC Assn - Begole Rd","lowerLimit":"GND","upperLimit":"700 ft AGL","authority":"FAA (Recreational Flyer Fixed Sites)"}},
{"type":"Feature","geometry":{"type":"Polygon","coordinates":[[[-83.38123,41.91724],[-83.38477,41.91476],[-83.38145,41.9146],[-83.38123,41.91724]]]},"properties":{"type":"REC_FIXED_SITE_US","name":"Monroe Area Cloudbusters RC Club - William C Sterling State Park","identifier":"FAA-REC_FIXED_SITE_US:Monroe Area Cloudbusters RC Club - William C Sterling State Park","lowerLimit":"GND","upperLimit":"700 ft AGL","authority":"FAA (Recreational Flyer Fixed Sites)"}},
{"type":"Feature","geometry":{"type":"Polygon","coordinates":[[[-83.59843,42.50336],[-83.59999,42.50015],[-83.59598,42.50166],[-83.59843,42.50336]]]},"properties":{"type":"REC_FIXED_SITE_US","name":"Ribcrackers Model Aeronautics Club -S Hill Rd","identifier":"FAA-REC_FIXED_SITE_US:Ribcrackers Model Aeronautics Club -S Hill Rd","lowerLimit":"GND","upperLimit":"700 ft AGL","authority":"FAA (Recreational Flyer Fixed Sites)"}},
{"type":"Feature","geometry":{"type":"Polygon","coordinates":[[[-83.37187,42.00544],[-83.37202,42.00182],[-83.36944,42.00363],[-83.37187,42.00544]]]},"properties":{"type":"REC_FIXED_SITE_US","name":"Monroe Area Cloudbusters RC Club - Nike Park","identifier":"FAA-REC_FIXED_SITE_US:Monroe Area Cloudbusters RC Club - Nike Park","lowerLimit":"GND","upperLimit":"700 ft AGL","authority":"FAA (Recreational Flyer Fixed Sites)"}},
{"type":"Feature","geometry":{"type":"Polygon","coordinates":[[[-83.81212,42.44861],[-83.81547,42.44596],[-83.81212,42.44596],[-83.81212,42.44861]]]},"properties":{"type":"REC_FIXED_SITE_US","name":"Hamburg Flyers R/C Club Inc - Merrill Rd","identifier":"FAA-REC_FIXED_SITE_US:Hamburg Flyers R/C Club Inc - Merrill Rd","lowerLimit":"GND","upperLimit":"700 ft AGL","authority":"FAA (Recreational Flyer Fixed Sites)"}},
{"type":"Feature","geometry":{"type":"Polygon","coordinates":[[[-83.61277,42.42355],[-83.61611,42.42371],[-83.61455,42.4205],[-83.61277,42.42355]]]},"properties":{"type":"REC_FIXED_SITE_US","name":"Midwest RC Society - 7 Mile Rd","identifier":"FAA-REC_FIXED_SITE_US:Midwest RC Society - 7 Mile Rd","lowerLimit":"GND","upperLimit":"700 ft AGL","authority":"FAA (Recreational Flyer Fixed Sites)"}},
{"type":"Feature","geometry":{"type":"Polygon","coordinates":[[[-83.68988,42.43609],[-83.69322,42.43625],[-83.69197,42.43305],[-83.68988,42.43609]]]},"properties":{"type":"REC_FIXED_SITE_US","name":"Ribcrackers Model Aeronautics Club - Rushton Rd","identifier":"FAA-REC_FIXED_SITE_US:Ribcrackers Model Aeronautics Club - Rushton Rd","lowerLimit":"GND","upperLimit":"700 ft AGL","authority":"FAA (Recreational Flyer Fixed Sites)"}},
{"type":"Feature","geometry":{"type":"Polygon","coordinates":[[[-83.45728,42.35071],[-83.45906,42.34766],[-83.45484,42.34879],[-83.45728,42.35071]]]},"properties":{"type":"REC_FIXED_SITE_US","name":"Midwest RC Society - Mettetal Airport","identifier":"FAA-REC_FIXED_SITE_US:Midwest RC Society - Mettetal Airport","lowerLimit":"GND","upperLimit":"700 ft AGL","authority":"FAA (Recreational Flyer Fixed Sites)"}},
{"type":"Feature","geometry":{"type":"Polygon","coordinates":[[[-83.25297,42.35759],[-83.25475,42.35453],[-83.25053,42.35566],[-83.25297,42.35759]]]},"properties":{"type":"REC_FIXED_SITE_US","name":"Detroit Aero Modelers - Spinoza Dr","identifier":"FAA-REC_FIXED_SITE_US:Detroit Aero Modelers - Spinoza Dr","lowerLimit":"GND","upperLimit":"700 ft AGL","authority":"FAA (Recreational Flyer Fixed Sites)"}},
{"type":"Feature","geometry":{"type":"Polygon","coordinates":[[[-83.25512,42.36049],[-83.25934,42.35936],[-83.25534,42.35785],[-83.25512,42.36049]]]},"properties":{"type":"REC_FIXED_SITE_US","name":"Strathmoor Model Club of Detroit - Rouge Park","identifier":"FAA-REC_FIXED_SITE_US:Strathmoor Model Club of Detroit - Rouge Park","lowerLimit":"GND","upperLimit":"700 ft AGL","authority":"FAA (Recreational Flyer Fixed Sites)"}},
{"type":"Feature","geometry":{"type":"Polygon","coordinates":[[[-83.254,42.62621],[-83.25431,42.6226],[-83.25155,42.62429],[-83.254,42.62621]]]},"properties":{"type":"REC_FIXED_SITE_US","name":"Skymasters RC Club of MI - Reimagine Recreation","identifier":"FAA-REC_FIXED_SITE_US:Skymasters RC Club of MI - Reimagine Recreation","lowerLimit":"GND","upperLimit":"700 ft AGL","authority":"FAA (Recreational Flyer Fixed Sites)"}},
{"type":"Feature","geometry":{"type":"Polygon","coordinates":[[[-83.56962,42.62898],[-83.56993,42.62537],[-83.56717,42.62706],[-83.56962,42.62898]]]},"properties":{"type":"REC_FIXED_SITE_US","name":"United Flying Organization - Teeple Lake Rd","identifier":"FAA-REC_FIXED_SITE_US:United Flying Organization - Teeple Lake Rd","lowerLimit":"GND","upperLimit":"700 ft AGL","authority":"FAA (Recreational Flyer Fixed Sites)"}},
{"type":"Feature","geometry":{"type":"Polygon","coordinates":[[[-83.26615,42.75054],[-83.26631,42.74692],[-83.26369,42.74873],[-83.26615,42.75054]]]},"properties":{"type":"REC_FIXED_SITE_US","name":"Skymasters RC Club of MI - Bald Mountain","identifier":"FAA-REC_FIXED_SITE_US:Skymasters RC Club of MI - Bald Mountain","lowerLimit":"GND","upperLimit":"700 ft AGL","authority":"FAA (Recreational Flyer Fixed Sites)"}},
{"type":"Feature","geometry":{"type":"Polygon","coordinates":[[[-83.17568,42.80973],[-83.17814,42.80792],[-83.17378,42.80676],[-83.17568,42.80973]]]},"properties":{"type":"REC_FIXED_SITE_US","name":"Greater Detroit Soaring & Hiking Society - Addison Oaks County Park","identifier":"FAA-REC_FIXED_SITE_US:Greater Detroit Soaring & Hiking Society - Addison Oaks County Park","lowerLimit":"GND","upperLimit":"700 ft AGL","authority":"FAA (Recreational Flyer Fixed Sites)"}},
{"type":"Feature","geometry":{"type":"Polygon","coordinates":[[[-83.1634,42.80891],[-83.16371,42.8053],[-83.16094,42.8071],[-83.1634,42.80891]]]},"properties":{"type":"REC_FIXED_SITE_US","name":"Romeo Area RC Club - Addison Oaks County Park","identifier":"FAA-REC_FIXED_SITE_US:Romeo Area RC Club - Addison Oaks County Park","lowerLimit":"GND","upperLimit":"700 ft AGL","authority":"FAA (Recreational Flyer Fixed Sites)"}},
{"type":"Feature","geometry":{"type":"Polygon","coordinates":[[[-83.32435,42.8196],[-83.32466,42.81599],[-83.32189,42.81779],[-83.32435,42.8196]]]},"properties":{"type":"REC_FIXED_SITE_US","name":"Greater Detroit Soaring & Hiking Society - Seymour Lake Rd","identifier":"FAA-REC_FIXED_SITE_US:Greater Detroit Soaring & Hiking Society - Seymour Lake Rd","lowerLimit":"GND","upperLimit":"700 ft AGL","authority":"FAA (Recreational Flyer Fixed Sites)"}},
{"type":"Feature","geometry":{"type":"Polygon","coordinates":[[[-83.79607,43.14521],[-83.79854,43.14328],[-83.79416,43.14224],[-83.79607,43.14521]]]},"properties":{"type":"REC_FIXED_SITE_US","name":"Cloudbusters Model Airplane Club - Webster Rd","identifier":"FAA-REC_FIXED_SITE_US:Cloudbusters Model Airplane Club - Webster Rd","lowerLimit":"GND","upperLimit":"1200 ft AGL","authority":"FAA (Recreational Flyer Fixed Sites)"}},
{"type":"Feature","geometry":{"type":"Polygon","coordinates":[[[-82.68329,43.27703],[-82.6851,43.27398],[-82.68159,43.2739],[-82.68329,43.27703]]]},"properties":{"type":"REC_FIXED_SITE_US","name":"Sanilac Model Aviation Club - Harrington Rd","identifier":"FAA-REC_FIXED_SITE_US:Sanilac Model Aviation Club - Harrington Rd","lowerLimit":"GND","upperLimit":"1200 ft AGL","authority":"FAA (Recreational Flyer Fixed Sites)"}},
{"type":"Feature","geometry":{"type":"Polygon","coordinates":[[[-83.57239,42.81177],[-83.57485,42.80996],[-83.57223,42.80815],[-83.57239,42.81177]]]},"properties":{"type":"REC_FIXED_SITE_US","name":"Holly Cloud Hoppers - Mackey Rd","identifier":"FAA-REC_FIXED_SITE_US:Holly Cloud Hoppers - Mackey Rd","lowerLimit":"GND","upperLimit":"1200 ft AGL","authority":"FAA (Recreational Flyer Fixed Sites)"}},
{"type":"Feature","geometry":{"type":"Polygon","coordinates":[[[-83.67857,42.81716],[-83.67888,42.81355],[-83.67611,42.81535],[-83.67857,42.81716]]]},"properties":{"type":"REC_FIXED_SITE_US","name":"Skymasters RC of Michigan - Seven Lakes State park","identifier":"FAA-REC_FIXED_SITE_US:Skymasters RC of Michigan - Seven Lakes State park","lowerLimit":"GND","upperLimit":"700 ft AGL","authority":"FAA (Recreational Flyer Fixed Sites)"}},
{"type":"Feature","geometry":{"type":"Polygon","coordinates":[[[-83.33932,43.07513],[-83.33979,43.07154],[-83.33687,43.0731],[-83.33932,43.07513]]]},"properties":{"type":"REC_FIXED_SITE_US","name":"Lapeer County RC Wing Nuts- Fred Sawgle Dr.","identifier":"FAA-REC_FIXED_SITE_US:Lapeer County RC Wing Nuts- Fred Sawgle Dr.","lowerLimit":"GND","upperLimit":"700 ft AGL","authority":"FAA (Recreational Flyer Fixed Sites)"}},
{"type":"Feature","geometry":{"type":"Polygon","coordinates":[[[-83.92416,42.99819],[-83.92447,42.99458],[-83.92169,42.99638],[-83.92416,42.99819]]]},"properties":{"type":"REC_FIXED_SITE_US","name":"Flint Aero R/C Club Inc - Baker Field","identifier":"FAA-REC_FIXED_SITE_US:Flint Aero R/C Club Inc - Baker Field","lowerLimit":"GND","upperLimit":"1200 ft AGL","authority":"FAA (Recreational Flyer Fixed Sites)"}},
{"type":"Feature","geometry":{"type":"Polygon","coordinates":[[[-83.54326,43.20106],[-83.54574,43.19925],[-83.5431,43.19744],[-83.54326,43.20106]]]},"properties":{"type":"REC_FIXED_SITE_US","name":"Forest Aviators - Farrand Rd","identifier":"FAA-REC_FIXED_SITE_US:Forest Aviators - Farrand Rd","lowerLimit":"GND","upperLimit":"1200 ft AGL","authority":"FAA (Recreational Flyer Fixed Sites)"}},
{"type":"Feature","geometry":{"type":"Polygon","coordinates":[[[-84.47625,43.96834],[-84.47969,43.96834],[-84.47813,43.96521],[-84.47625,43.96834]]]},"properties":{"type":"REC_FIXED_SITE_US","name":"Gladwin Area R/C Club - Gladwin Airport","identifier":"FAA-REC_FIXED_SITE_US:Gladwin Area R/C Club - Gladwin Airport","lowerLimit":"GND","upperLimit":"700 ft AGL","authority":"FAA (Recreational Flyer Fixed Sites)"}},
{"type":"Feature","geometry":{"type":"Polygon","coordinates":[[[-83.97335,43.21434],[-83.97582,43.21242],[-83.97154,43.21129],[-83.97335,43.21434]]]},"properties":{"type":"REC_FIXED_SITE_US","name":"Chesaning Area Model Flying Club Inc.","identifier":"FAA-REC_FIXED_SITE_US:Chesaning Area Model Flying Club Inc.","lowerLimit":"GND","upperLimit":"1200 ft AGL","authority":"FAA (Recreational Flyer Fixed Sites)"}},
{"type":"Feature","geometry":{"type":"Polygon","coordinates":[[[-84.74141,43.83283],[-84.74288,43.82955],[-84.73948,43.82986],[-84.74141,43.83283]]]},"properties":{"type":"REC_FIXED_SITE_US","name":"Central Michigan R/C Jets - Clare Municipal Airport","identifier":"FAA-REC_FIXED_SITE_US:Central Michigan R/C Jets - Clare Municipal Airport","lowerLimit":"GND","upperLimit":"700 ft AGL","authority":"FAA (Recreational Flyer Fixed Sites)"}},
{"type":"Feature","geometry":{"type":"Polygon","coordinates":[[[-84.20079,43.38617],[-84.20327,43.38447],[-84.19921,43.38296],[-84.20079,43.38617]]]},"properties":{"type":"REC_FIXED_SITE_US","name":"Saginaw Valley RC Club, Inc - Pretzer Rd","identifier":"FAA-REC_FIXED_SITE_US:Saginaw Valley RC Club, Inc - Pretzer Rd","lowerLimit":"GND","upperLimit":"1200 ft AGL","authority":"FAA (Recreational Flyer Fixed Sites)"}},
{"type":"Feature","geometry":{"type":"Polygon","coordinates":[[[-84.6775,44.36021],[-84.68002,44.35851],[-84.67577,44.35708],[-84.6775,44.36021]]]},"properties":{"type":"REC_FIXED_SITE_US","name":"Roscommon RC Aviators-Blodgett Memorial Airport","identifier":"FAA-REC_FIXED_SITE_US:Roscommon RC Aviators-Blodgett Memorial Airport","lowerLimit":"GND","upperLimit":"700 ft AGL","authority":"FAA (Recreational Flyer Fixed Sites)"}},
{"type":"Feature","geometry":{"type":"Polygon","coordinates":[[[-84.70398,44.40133],[-84.70603,44.39846],[-84.70146,44.39941],[-84.70398,44.40133]]]},"properties":{"type":"REC_FIXED_SITE_US","name":"Roscommon R/C Aviators - Flint Rd","identifier":"FAA-REC_FIXED_SITE_US:Roscommon R/C Aviators - Flint Rd","lowerLimit":"GND","upperLimit":"700 ft AGL","authority":"FAA (Recreational Flyer Fixed Sites)"}},
{"type":"Feature","geometry":{"type":"Polygon","coordinates":[[[-84.2612,43.65831],[-84.26279,43.6551],[-84.25871,43.65661],[-84.2612,43.65831]]]},"properties":{"type":"REC_FIXED_SITE_US","name":"Midland RC Modelers - Jack Barstow Airport","identifier":"FAA-REC_FIXED_SITE_US:Midland RC Modelers - Jack Barstow Airport","lowerLimit":"GND","upperLimit":"700 ft AGL","authority":"FAA (Recreational Flyer Fixed Sites)"}},
{"type":"Feature","geometry":{"type":"Polygon","coordinates":[[[-84.26491,43.60179],[-84.2674,43.60009],[-84.26332,43.59858],[-84.26491,43.60179]]]},"properties":{"type":"REC_FIXED_SITE_US","name":"Midland RC Modelers - MRCM Airfield","identifier":"FAA-REC_FIXED_SITE_US:Midland RC Modelers - MRCM Airfield","lowerLimit":"GND","upperLimit":"700 ft AGL","authority":"FAA (Recreational Flyer Fixed Sites)"}},
{"type":"Feature","geometry":{"type":"Polygon","coordinates":[[[-83.89368,43.54834],[-83.89776,43.54694],[-83.89543,43.54513],[-83.89368,43.54834]]]},"properties":{"type":"REC_FIXED_SITE_US","name":"Flying Eagles Inc - James Clements Airport","identifier":"FAA-REC_FIXED_SITE_US:Flying Eagles Inc - James Clements Airport","lowerLimit":"GND","upperLimit":"700 ft AGL","authority":"FAA (Recreational Flyer Fixed Sites)"}},
{"type":"Feature","geometry":{"type":"Polygon","coordinates":[[[-83.13456,43.49674],[-83.13626,43.49361],[-83.13274,43.49369],[-83.13456,43.49674]]]},"properties":{"type":"REC_FIXED_SITE_US","name":"Cass City RC Club - Crawford Rd","identifier":"FAA-REC_FIXED_SITE_US:Cass City RC Club - Crawford Rd","lowerLimit":"GND","upperLimit":"1200 ft AGL","authority":"FAA (Recreational Flyer Fixed Sites)"}},
{"type":"Feature","geometry":{"type":"Polygon","coordinates":[[[-83.40576,44.65895],[-83.40608,44.65534],[-83.40324,44.65691],[-83.40576,44.65895]]]},"properties":{"type":"REC_FIXED_SITE_US","name":"Great Lakes Signal Aces - Alcona High School","identifier":"FAA-REC_FIXED_SITE_US:Great Lakes Signal Aces - Alcona High School","lowerLimit":"GND","upperLimit":"1200 ft AGL","authority":"FAA (Recreational Flyer Fixed Sites)"}},
{"type":"Feature","geometry":{"type":"Polygon","coordinates":[[[-83.39845,44.5625],[-83.40191,44.56266],[-83.40061,44.55946],[-83.39845,44.5625]]]},"properties":{"type":"REC_FIXED_SITE_US","name":"Great Lakes Signal Aces - Barlow Rd","identifier":"FAA-REC_FIXED_SITE_US:Great Lakes Signal Aces - Barlow Rd","lowerLimit":"GND","upperLimit":"700 ft AGL","authority":"FAA (Recreational Flyer Fixed Sites)"}},
{"type":"Feature","geometry":{"type":"Polygon","coordinates":[[[-85.1997,42.84399],[-85.2016,42.84102],[-85.19813,42.84078],[-85.1997,42.84399]]]},"properties":{"type":"REC_FIXED_SITE_US","name":"West Michigan Soaring Society - Ludema & Boyink Sod Farm","identifier":"FAA-REC_FIXED_SITE_US:West Michigan Soaring Society - Ludema & Boyink Sod Farm","lowerLimit":"GND","upperLimit":"1200 ft AGL","authority":"FAA (Recreational Flyer Fixed Sites)"}},
{"type":"Feature","geometry":{"type":"Polygon","coordinates":[[[-84.79867,42.68989],[-84.80112,42.68797],[-84.79851,42.68627],[-84.79867,42.68989]]]},"properties":{"type":"REC_FIXED_SITE_US","name":"Capital Area Radio Drone Squad (C.A.R.D.S) - Otto Rd","identifier":"FAA-REC_FIXED_SITE_US:Capital Area Radio Drone Squad (C.A.R.D.S) - Otto Rd","lowerLimit":"GND","upperLimit":"700 ft AGL","authority":"FAA (Recreational Flyer Fixed Sites)"}},
{"type":"Feature","geometry":{"type":"Polygon","coordinates":[[[-84.02,42.58097],[-84.02031,42.57736],[-84.01755,42.57905],[-84.02,42.58097]]]},"properties":{"type":"REC_FIXED_SITE_US","name":"Livingston County RC Club - Pingree Rd","identifier":"FAA-REC_FIXED_SITE_US:Livingston County RC Club - Pingree Rd","lowerLimit":"GND","upperLimit":"700 ft AGL","authority":"FAA (Recreational Flyer Fixed Sites)"}},
{"type":"Feature","geometry":{"type":"Polygon","coordinates":[[[-84.74954,43.59866],[-84.75201,43.59663],[-84.74752,43.59579],[-84.74954,43.59866]]]},"properties":{"type":"REC_FIXED_SITE_US","name":"Mt Pleasant Model Aircraft Club - First Baptist Church","identifier":"FAA-REC_FIXED_SITE_US:Mt Pleasant Model Aircraft Club - First Baptist Church","lowerLimit":"GND","upperLimit":"700 ft AGL","authority":"FAA (Recreational Flyer Fixed Sites)"}},
{"type":"Feature","geometry":{"type":"Polygon","coordinates":[[[-84.7447,43.62798],[-84.7447,43.62436],[-84.74221,43.62606],[-84.7447,43.62798]]]},"properties":{"type":"REC_FIXED_SITE_US","name":"Mt Pleasant Model Aircraft Club - Mt Pleasant Municipal Airport","identifier":"FAA-REC_FIXED_SITE_US:Mt Pleasant Model Aircraft Club - Mt Pleasant Municipal Airport","lowerLimit":"GND","upperLimit":"700 ft AGL","authority":"FAA (Recreational Flyer Fixed Sites)"}},
{"type":"Feature","geometry":{"type":"Polygon","coordinates":[[[-85.21333,42.86764],[-85.21513,42.86459],[-85.21154,42.86459],[-85.21333,42.86764]]]},"properties":{"type":"REC_FIXED_SITE_US","name":"Ionia County Model Club - Walter RC Park","identifier":"FAA-REC_FIXED_SITE_US:Ionia County Model Club - Walter RC Park","lowerLimit":"GND","upperLimit":"1200 ft AGL","authority":"FAA (Recreational Flyer Fixed Sites)"}},
{"type":"Feature","geometry":{"type":"Polygon","coordinates":[[[-84.1916,42.56264],[-84.19191,42.55903],[-84.18915,42.56083],[-84.1916,42.56264]]]},"properties":{"type":"REC_FIXED_SITE_US","name":"White Oak Hilltop Fliers - Stockbridge Rd","identifier":"FAA-REC_FIXED_SITE_US:White Oak Hilltop Fliers - Stockbridge Rd","lowerLimit":"GND","upperLimit":"1200 ft AGL","authority":"FAA (Recreational Flyer Fixed Sites)"}},
{"type":"Feature","geometry":{"type":"Polygon","coordinates":[[[-85.1524,42.22201],[-85.15271,42.2184],[-85.14996,42.2202],[-85.1524,42.22201]]]},"properties":{"type":"REC_FIXED_SITE_US","name":"Battle Creek Balsa Bees - D Dr S","identifier":"FAA-REC_FIXED_SITE_US:Battle Creek Balsa Bees - D Dr S","lowerLimit":"GND","upperLimit":"700 ft AGL","authority":"FAA (Recreational Flyer Fixed Sites)"}},
{"type":"Feature","geometry":{"type":"Polygon","coordinates":[[[-86.12801,41.99475],[-86.12978,41.99169],[-86.12624,41.99169],[-86.12801,41.99475]]]},"properties":{"type":"REC_FIXED_SITE_US","name":"Dowagiac Sky Hogs - Dowagiac Municipal Airport","identifier":"FAA-REC_FIXED_SITE_US:Dowagiac Sky Hogs - Dowagiac Municipal Airport","lowerLimit":"GND","upperLimit":"700 ft AGL","authority":"FAA (Recreational Flyer Fixed Sites)"}},
{"type":"Feature","geometry":{"type":"Polygon","coordinates":[[[-85.44361,42.28959],[-85.44605,42.28789],[-85.44206,42.28638],[-85.44361,42.28959]]]},"properties":{"type":"REC_FIXED_SITE_US","name":"Kalamazoo Thunderbirds R/C Club - River Oaks Parks","identifier":"FAA-REC_FIXED_SITE_US:Kalamazoo Thunderbirds R/C Club - River Oaks Parks","lowerLimit":"GND","upperLimit":"700 ft AGL","authority":"FAA (Recreational Flyer Fixed Sites)"}},
{"type":"Feature","geometry":{"type":"Polygon","coordinates":[[[-85.41555,42.44098],[-85.41744,42.43801],[-85.41311,42.43905],[-85.41555,42.44098]]]},"properties":{"type":"REC_FIXED_SITE_US","name":"Kalamazoo Thunderbirds R/C Club - Gilmore Car Museum","identifier":"FAA-REC_FIXED_SITE_US:Kalamazoo Thunderbirds R/C Club - Gilmore Car Museum","lowerLimit":"GND","upperLimit":"1200 ft AGL","authority":"FAA (Recreational Flyer Fixed Sites)"}},
{"type":"Feature","geometry":{"type":"Polygon","coordinates":[[[-86.06694,42.27181],[-86.06725,42.2682],[-86.0645,42.27],[-86.06694,42.27181]]]},"properties":{"type":"REC_FIXED_SITE_US","name":"Hedgehoppers RC Flying Club - CR 215","identifier":"FAA-REC_FIXED_SITE_US:Hedgehoppers RC Flying Club - CR 215","lowerLimit":"GND","upperLimit":"1200 ft AGL","authority":"FAA (Recreational Flyer Fixed Sites)"}},
{"type":"Feature","geometry":{"type":"Polygon","coordinates":[[[-84.84886,41.93435],[-84.84902,41.93073],[-84.84644,41.93243],[-84.84886,41.93435]]]},"properties":{"type":"REC_FIXED_SITE_US","name":"Balsa Butchers - Clizbe Rd","identifier":"FAA-REC_FIXED_SITE_US:Balsa Butchers - Clizbe Rd","lowerLimit":"GND","upperLimit":"1200 ft AGL","authority":"FAA (Recreational Flyer Fixed Sites)"}},
{"type":"Feature","geometry":{"type":"Polygon","coordinates":[[[-85.61006,41.96665],[-85.61249,41.96484],[-85.60991,41.96303],[-85.61006,41.96665]]]},"properties":{"type":"REC_FIXED_SITE_US","name":"Three Rivers Aerobatic Aces - Dr Haines Municipal Airport","identifier":"FAA-REC_FIXED_SITE_US:Three Rivers Aerobatic Aces - Dr Haines Municipal Airport","lowerLimit":"GND","upperLimit":"700 ft AGL","authority":"FAA (Recreational Flyer Fixed Sites)"}},
{"type":"Feature","geometry":{"type":"Polygon","coordinates":[[[-85.52433,42.0504],[-85.52787,42.04792],[-85.52455,42.04776],[-85.52433,42.0504]]]},"properties":{"type":"REC_FIXED_SITE_US","name":"Vicksburg Thunderbolts - Alan RC Field","identifier":"FAA-REC_FIXED_SITE_US:Vicksburg Thunderbolts - Alan RC Field","lowerLimit":"GND","upperLimit":"700 ft AGL","authority":"FAA (Recreational Flyer Fixed Sites)"}},
{"type":"Feature","geometry":{"type":"Polygon","coordinates":[[[-86.24889,42.20292],[-86.25131,42.20088],[-86.24858,42.19931],[-86.24889,42.20292]]]},"properties":{"type":"REC_FIXED_SITE_US","name":"Watervliet Highflyers - Watervliet Airport","identifier":"FAA-REC_FIXED_SITE_US:Watervliet Highflyers - Watervliet Airport","lowerLimit":"GND","upperLimit":"700 ft AGL","authority":"FAA (Recreational Flyer Fixed Sites)"}},
{"type":"Feature","geometry":{"type":"Polygon","coordinates":[[[-86.50083,41.93931],[-86.50098,41.93569],[-86.4984,41.9375],[-86.50083,41.93931]]]},"properties":{"type":"REC_FIXED_SITE_US","name":"Whirlwinds of Southwest MI - Miller Rd","identifier":"FAA-REC_FIXED_SITE_US:Whirlwinds of Southwest MI - Miller Rd","lowerLimit":"GND","upperLimit":"700 ft AGL","authority":"FAA (Recreational Flyer Fixed Sites)"}},
{"type":"Feature","geometry":{"type":"Polygon","coordinates":[[[-84.35412,42.29733],[-84.35823,42.29612],[-84.35412,42.29469],[-84.35412,42.29733]]]},"properties":{"type":"REC_FIXED_SITE_US","name":"Jackson RC Club - Pete Dillon Field - Dalton Rd","identifier":"FAA-REC_FIXED_SITE_US:Jackson RC Club - Pete Dillon Field - Dalton Rd","lowerLimit":"GND","upperLimit":"700 ft AGL","authority":"FAA (Recreational Flyer Fixed Sites)"}},
{"type":"Feature","geometry":{"type":"Polygon","coordinates":[[[-83.99467,41.92687],[-83.99482,41.92325],[-83.99224,41.92506],[-83.99467,41.92687]]]},"properties":{"type":"REC_FIXED_SITE_US","name":"Bits and Pieces RC Club - Heritage Park","identifier":"FAA-REC_FIXED_SITE_US:Bits and Pieces RC Club - Heritage Park","lowerLimit":"GND","upperLimit":"700 ft AGL","authority":"FAA (Recreational Flyer Fixed Sites)"}},
{"type":"Feature","geometry":{"type":"Polygon","coordinates":[[[-84.21763,42.14628],[-84.22097,42.14628],[-84.21961,42.14316],[-84.21763,42.14628]]]},"properties":{"type":"REC_FIXED_SITE_US","name":"Irish Hills RC - Wolf Lake Rd","identifier":"FAA-REC_FIXED_SITE_US:Irish Hills RC - Wolf Lake Rd","lowerLimit":"GND","upperLimit":"1200 ft AGL","authority":"FAA (Recreational Flyer Fixed Sites)"}},
{"type":"Feature","geometry":{"type":"Polygon","coordinates":[[[-85.35494,42.82168],[-85.35919,42.82055],[-85.35516,42.81904],[-85.35494,42.82168]]]},"properties":{"type":"REC_FIXED_SITE_US","name":"Kent Radio Aeromodelers, Inc. - KRAM Flying Field","identifier":"FAA-REC_FIXED_SITE_US:Kent Radio Aeromodelers, Inc. - KRAM Flying Field","lowerLimit":"GND","upperLimit":"1200 ft AGL","authority":"FAA (Recreational Flyer Fixed Sites)"}},
{"type":"Feature","geometry":{"type":"Polygon","coordinates":[[[-85.84725,43.87634],[-85.84973,43.8743],[-85.84662,43.87277],[-85.84725,43.87634]]]},"properties":{"type":"REC_FIXED_SITE_US","name":"Lake County Modelers & Flyers Association - Baldwin Municipal Airport","identifier":"FAA-REC_FIXED_SITE_US:Lake County Modelers & Flyers Association - Baldwin Municipal Airport","lowerLimit":"GND","upperLimit":"700 ft AGL","authority":"FAA (Recreational Flyer Fixed Sites)"}},
{"type":"Feature","geometry":{"type":"Polygon","coordinates":[[[-85.5647,43.21371],[-85.56718,43.2119],[-85.56454,43.21009],[-85.5647,43.21371]]]},"properties":{"type":"REC_FIXED_SITE_US","name":"Wolverine Skyhawks - West St","identifier":"FAA-REC_FIXED_SITE_US:Wolverine Skyhawks - West St","lowerLimit":"GND","upperLimit":"1200 ft AGL","authority":"FAA (Recreational Flyer Fixed Sites)"}},
{"type":"Feature","geometry":{"type":"Polygon","coordinates":[[[-85.64198,42.71942],[-85.64377,42.71637],[-85.6403,42.71629],[-85.64198,42.71942]]]},"properties":{"type":"REC_FIXED_SITE_US","name":"Western Michigan Radio Aircraft Flyers - 9th St","identifier":"FAA-REC_FIXED_SITE_US:Western Michigan Radio Aircraft Flyers - 9th St","lowerLimit":"GND","upperLimit":"1200 ft AGL","authority":"FAA (Recreational Flyer Fixed Sites)"}},
{"type":"Feature","geometry":{"type":"Polygon","coordinates":[[[-85.9263,42.95101],[-85.92661,42.9474],[-85.92383,42.9492],[-85.9263,42.95101]]]},"properties":{"type":"REC_FIXED_SITE_US","name":"Warped Wings RC Club - Alger St","identifier":"FAA-REC_FIXED_SITE_US:Warped Wings RC Club - Alger St","lowerLimit":"GND","upperLimit":"1200 ft AGL","authority":"FAA (Recreational Flyer Fixed Sites)"}},
{"type":"Feature","geometry":{"type":"Polygon","coordinates":[[[-85.793,43.08341],[-85.79457,43.0802],[-85.79053,43.08171],[-85.793,43.08341]]]},"properties":{"type":"REC_FIXED_SITE_US","name":"Reed City Flyers - Dickenson St","identifier":"FAA-REC_FIXED_SITE_US:Reed City Flyers - Dickenson St","lowerLimit":"GND","upperLimit":"700 ft AGL","authority":"FAA (Recreational Flyer Fixed Sites)"}},
{"type":"Feature","geometry":{"type":"Polygon","coordinates":[[[-86.19689,43.0354],[-86.20027,43.03524],[-86.19831,43.03219],[-86.19689,43.0354]]]},"properties":{"type":"REC_FIXED_SITE_US","name":"Grand Haven RC Flying Club - Grand Haven Memorial Airport","identifier":"FAA-REC_FIXED_SITE_US:Grand Haven RC Flying Club - Grand Haven Memorial Airport","lowerLimit":"GND","upperLimit":"700 ft AGL","authority":"FAA (Recreational Flyer Fixed Sites)"}},
{"type":"Feature","geometry":{"type":"Polygon","coordinates":[[[-86.15837,42.80723],[-86.15868,42.80362],[-86.15591,42.80542],[-86.15837,42.80723]]]},"properties":{"type":"REC_FIXED_SITE_US","name":"West Shore Aeros - 152nd Ave","identifier":"FAA-REC_FIXED_SITE_US:West Shore Aeros - 152nd Ave","lowerLimit":"GND","upperLimit":"700 ft AGL","authority":"FAA (Recreational Flyer Fixed Sites)"}},
{"type":"Feature","geometry":{"type":"Polygon","coordinates":[[[-85.86969,42.87932],[-85.87307,42.87932],[-85.87169,42.8762],[-85.86969,42.87932]]]},"properties":{"type":"REC_FIXED_SITE_US","name":"West Michigan Soaring Society - 36th Ave","identifier":"FAA-REC_FIXED_SITE_US:West Michigan Soaring Society - 36th Ave","lowerLimit":"GND","upperLimit":"1200 ft AGL","authority":"FAA (Recreational Flyer Fixed Sites)"}},
{"type":"Feature","geometry":{"type":"Polygon","coordinates":[[[-86.43022,43.98462],[-86.43366,43.98462],[-86.4321,43.98149],[-86.43022,43.98462]]]},"properties":{"type":"REC_FIXED_SITE_US","name":"Twisted Sticks RC - Chauvez Rd","identifier":"FAA-REC_FIXED_SITE_US:Twisted Sticks RC - Chauvez Rd","lowerLimit":"GND","upperLimit":"700 ft AGL","authority":"FAA (Recreational Flyer Fixed Sites)"}},
{"type":"Feature","geometry":{"type":"Polygon","coordinates":[[[-86.0061,43.25221],[-86.0078,43.24908],[-86.00429,43.24916],[-86.0061,43.25221]]]},"properties":{"type":"REC_FIXED_SITE_US","name":"Port City RCers - S Swanson Rd","identifier":"FAA-REC_FIXED_SITE_US:Port City RCers - S Swanson Rd","lowerLimit":"GND","upperLimit":"1200 ft AGL","authority":"FAA (Recreational Flyer Fixed Sites)"}},
{"type":"Feature","geometry":{"type":"Polygon","coordinates":[[[-86.32953,43.64494],[-86.33336,43.64264],[-86.32975,43.6423],[-86.32953,43.64494]]]},"properties":{"type":"REC_FIXED_SITE_US","name":"Aerokats - Oceana County Airport","identifier":"FAA-REC_FIXED_SITE_US:Aerokats - Oceana County Airport","lowerLimit":"GND","upperLimit":"700 ft AGL","authority":"FAA (Recreational Flyer Fixed Sites)"}},
{"type":"Feature","geometry":{"type":"Polygon","coordinates":[[[-85.99417,42.93414],[-85.99663,42.93233],[-85.99401,42.93052],[-85.99417,42.93414]]]},"properties":{"type":"REC_FIXED_SITE_US","name":"Tulip City Air Force MAC - Taylor St","identifier":"FAA-REC_FIXED_SITE_US:Tulip City Air Force MAC - Taylor St","lowerLimit":"GND","upperLimit":"1200 ft AGL","authority":"FAA (Recreational Flyer Fixed Sites)"}},
{"type":"Feature","geometry":{"type":"Polygon","coordinates":[[[-85.58561,43.03497],[-85.58899,43.03232],[-85.58561,43.03232],[-85.58561,43.03497]]]},"properties":{"type":"REC_FIXED_SITE_US","name":"Wolverine Skyhawks - Beltline Ave","identifier":"FAA-REC_FIXED_SITE_US:Wolverine Skyhawks - Beltline Ave","lowerLimit":"GND","upperLimit":"700 ft AGL","authority":"FAA (Recreational Flyer Fixed Sites)"}},
{"type":"Feature","geometry":{"type":"Polygon","coordinates":[[[-85.70563,44.50297],[-85.70595,44.49936],[-85.70312,44.50093],[-85.70563,44.50297]]]},"properties":{"type":"REC_FIXED_SITE_US","name":"Buckley Aero Modelers - 2 1/2 Rd","identifier":"FAA-REC_FIXED_SITE_US:Buckley Aero Modelers - 2 1/2 Rd","lowerLimit":"GND","upperLimit":"1200 ft AGL","authority":"FAA (Recreational Flyer Fixed Sites)"}},
{"type":"Feature","geometry":{"type":"Polygon","coordinates":[[[-86.0027,44.79292],[-86.00524,44.79122],[-86.00096,44.78979],[-86.0027,44.79292]]]},"properties":{"type":"REC_FIXED_SITE_US","name":"Benzie Area R/C Club - Empire Airport","identifier":"FAA-REC_FIXED_SITE_US:Benzie Area R/C Club - Empire Airport","lowerLimit":"GND","upperLimit":"1200 ft AGL","authority":"FAA (Recreational Flyer Fixed Sites)"}},
{"type":"Feature","geometry":{"type":"Polygon","coordinates":[[[-86.22665,44.63873],[-86.22917,44.63669],[-86.22633,44.63512],[-86.22665,44.63873]]]},"properties":{"type":"REC_FIXED_SITE_US","name":"Benzie Area R/C Club - Frankfort High School","identifier":"FAA-REC_FIXED_SITE_US:Benzie Area R/C Club - Frankfort High School","lowerLimit":"GND","upperLimit":"700 ft AGL","authority":"FAA (Recreational Flyer Fixed Sites)"}},
{"type":"Feature","geometry":{"type":"Polygon","coordinates":[[[-85.753,44.60281],[-85.75553,44.60111],[-85.75138,44.59961],[-85.753,44.60281]]]},"properties":{"type":"REC_FIXED_SITE_US","name":"Traverse Area Model Pilots Society - Green Lake Airport","identifier":"FAA-REC_FIXED_SITE_US:Traverse Area Model Pilots Society - Green Lake Airport","lowerLimit":"GND","upperLimit":"1200 ft AGL","authority":"FAA (Recreational Flyer Fixed Sites)"}},
{"type":"Feature","geometry":{"type":"Polygon","coordinates":[[[-85.20312,44.72699],[-85.20498,44.72394],[-85.20139,44.72386],[-85.20312,44.72699]]]},"properties":{"type":"REC_FIXED_SITE_US","name":"Kalkaska Area Model Pilot Society - Kalkaska City Airport","identifier":"FAA-REC_FIXED_SITE_US:Kalkaska Area Model Pilot Society - Kalkaska City Airport","lowerLimit":"GND","upperLimit":"1200 ft AGL","authority":"FAA (Recreational Flyer Fixed Sites)"}},
{"type":"Feature","geometry":{"type":"Polygon","coordinates":[[[-85.85774,44.78669],[-85.85774,44.78307],[-85.8552,44.78477],[-85.85774,44.78669]]]},"properties":{"type":"REC_FIXED_SITE_US","name":"Little Finger Thermaleers LIFT - Maple City Rd","identifier":"FAA-REC_FIXED_SITE_US:Little Finger Thermaleers LIFT - Maple City Rd","lowerLimit":"GND","upperLimit":"1200 ft AGL","authority":"FAA (Recreational Flyer Fixed Sites)"}},
{"type":"Feature","geometry":{"type":"Polygon","coordinates":[[[-85.27165,44.14661],[-85.27133,44.143],[-85.26915,44.14503],[-85.27165,44.14661]]]},"properties":{"type":"REC_FIXED_SITE_US","name":"Cadillac Area Modelers Society - 23 Mile Rd","identifier":"FAA-REC_FIXED_SITE_US:Cadillac Area Modelers Society - 23 Mile Rd","lowerLimit":"GND","upperLimit":"1200 ft AGL","authority":"FAA (Recreational Flyer Fixed Sites)"}},
{"type":"Feature","geometry":{"type":"Polygon","coordinates":[[[-85.176,44.77417],[-85.17854,44.77247],[-85.17426,44.77104],[-85.176,44.77417]]]},"properties":{"type":"REC_FIXED_SITE_US","name":"Kalkaska Area Model Pilot Society - Seeley Rd NW","identifier":"FAA-REC_FIXED_SITE_US:Kalkaska Area Model Pilot Society - Seeley Rd NW","lowerLimit":"GND","upperLimit":"1200 ft AGL","authority":"FAA (Recreational Flyer Fixed Sites)"}},
{"type":"Feature","geometry":{"type":"Polygon","coordinates":[[[-85.9752,44.51986],[-85.97773,44.51816],[-85.97347,44.51673],[-85.9752,44.51986]]]},"properties":{"type":"REC_FIXED_SITE_US","name":"Benzie Area R/C Club - Thompsonville Airport","identifier":"FAA-REC_FIXED_SITE_US:Benzie Area R/C Club - Thompsonville Airport","lowerLimit":"GND","upperLimit":"1200 ft AGL","authority":"FAA (Recreational Flyer Fixed Sites)"}},
{"type":"Feature","geometry":{"type":"Polygon","coordinates":[[[-85.66583,44.68931],[-85.66615,44.6857],[-85.66331,44.68727],[-85.66583,44.68931]]]},"properties":{"type":"REC_FIXED_SITE_US","name":"Traverse Area Model Pilots Society - Rennie School Rd","identifier":"FAA-REC_FIXED_SITE_US:Traverse Area Model Pilots Society - Rennie School Rd","lowerLimit":"GND","upperLimit":"700 ft AGL","authority":"FAA (Recreational Flyer Fixed Sites)"}},
{"type":"Feature","geometry":{"type":"Polygon","coordinates":[[[-85.46027,44.09736],[-85.46371,44.09472],[-85.46027,44.09472],[-85.46027,44.09736]]]},"properties":{"type":"REC_FIXED_SITE_US","name":"Cadillac Area Modelers Society - CAMS Field Neilson St","identifier":"FAA-REC_FIXED_SITE_US:Cadillac Area Modelers Society - CAMS Field Neilson St","lowerLimit":"GND","upperLimit":"1200 ft AGL","authority":"FAA (Recreational Flyer Fixed Sites)"}},
{"type":"Feature","geometry":{"type":"MultiPolygon","coordinates":[[[[-85.20003,45.25312],[-85.20119,45.25183],[-85.20305,45.25158],[-85.20461,45.25229],[-85.20437,45.25181],[-85.20282,45.25125],[-85.20075,45.25173],[-85.19994,45.25294],[-85.20003,45.25312]]],[[[-85.20469,45.25243],[-85.20499,45.25326],[-85.20506,45.25316],[-85.20469,45.25243]]]]},"properties":{"type":"REC_FIXED_SITE_US","name":"Charlevoix Area Buffs - Sequanota Rd","identifier":"FAA-REC_FIXED_SITE_US:Charlevoix Area Buffs - Sequanota Rd","lowerLimit":"GND","upperLimit":"700 ft AGL","authority":"FAA (Recreational Flyer Fixed Sites)"}},
{"type":"Feature","geometry":{"type":"Polygon","coordinates":[[[-85.20499,45.25326],[-85.20469,45.25243],[-85.20464,45.2523],[-85.20461,45.25229],[-85.20305,45.25158],[-85.20119,45.25183],[-85.20003,45.25312],[-85.20002,45.25314],[-85.20059,45.25452],[-85.20256,45.25517],[-85.2042,45.25476],[-85.20511,45.25359],[-85.20499,45.25326]]]},"properties":{"type":"REC_FIXED_SITE_US","name":"Cedar Ridge Flyers - Saunders Rd","identifier":"FAA-REC_FIXED_SITE_US:Cedar Ridge Flyers - Saunders Rd","lowerLimit":"GND","upperLimit":"700 ft AGL","authority":"FAA (Recreational Flyer Fixed Sites)"}},
{"type":"Feature","geometry":{"type":"Polygon","coordinates":[[[-84.96833,44.96008],[-84.96881,44.95649],[-84.9658,44.95805],[-84.96833,44.96008]]]},"properties":{"type":"REC_FIXED_SITE_US","name":"Alpine Leisure Pilots Society - Cinder Hill Rd","identifier":"FAA-REC_FIXED_SITE_US:Alpine Leisure Pilots Society - Cinder Hill Rd","lowerLimit":"GND","upperLimit":"700 ft AGL","authority":"FAA (Recreational Flyer Fixed Sites)"}},
{"type":"Feature","geometry":{"type":"Polygon","coordinates":[[[-84.86944,45.43709],[-84.87008,45.43352],[-84.86689,45.43505],[-84.86944,45.43709]]]},"properties":{"type":"REC_FIXED_SITE_US","name":"PAMA - E Hathaway Rd","identifier":"FAA-REC_FIXED_SITE_US:PAMA - E Hathaway Rd","lowerLimit":"GND","upperLimit":"700 ft AGL","authority":"FAA (Recreational Flyer Fixed Sites)"}},
{"type":"Feature","geometry":{"type":"Polygon","coordinates":[[[-83.638,45.03021],[-83.63975,45.02708],[-83.63545,45.02851],[-83.638,45.03021]]]},"properties":{"type":"REC_FIXED_SITE_US","name":"Alpena Aeromodelers - Herron Rd","identifier":"FAA-REC_FIXED_SITE_US:Alpena Aeromodelers - Herron Rd","lowerLimit":"GND","upperLimit":"700 ft AGL","authority":"FAA (Recreational Flyer Fixed Sites)"}},
{"type":"Feature","geometry":{"type":"Polygon","coordinates":[[[-84.10674,46.07457],[-84.10934,46.07265],[-84.10641,46.07096],[-84.10674,46.07457]]]},"properties":{"type":"REC_FIXED_SITE_US","name":"Raber Township Hall","identifier":"FAA-REC_FIXED_SITE_US:Raber Township Hall","lowerLimit":"GND","upperLimit":"1200 ft AGL","authority":"FAA (Recreational Flyer Fixed Sites)"}},
{"type":"Feature","geometry":{"type":"Polygon","coordinates":[[[-84.30646,46.37836],[-84.30772,46.37496],[-84.30397,46.37599],[-84.30646,46.37836]]]},"properties":{"type":"REC_FIXED_SITE_US","name":"Rosedale Intrn'l RC Flyers - 9 Mile Rd","identifier":"FAA-REC_FIXED_SITE_US:Rosedale Intrn'l RC Flyers - 9 Mile Rd","lowerLimit":"GND","upperLimit":"700 ft AGL","authority":"FAA (Recreational Flyer Fixed Sites)"}},
{"type":"Feature","geometry":{"type":"Polygon","coordinates":[[[-87.20378,45.79117],[-87.2041,45.78756],[-87.20121,45.78913],[-87.20378,45.79117]]]},"properties":{"type":"REC_FIXED_SITE_US","name":"Bay Area Club - Riverland Aero Park","identifier":"FAA-REC_FIXED_SITE_US:Bay Area Club - Riverland Aero Park","lowerLimit":"GND","upperLimit":"700 ft AGL","authority":"FAA (Recreational Flyer Fixed Sites)"}},
{"type":"Feature","geometry":{"type":"Polygon","coordinates":[[[-87.42,46.43708],[-87.42126,46.43368],[-87.41746,46.43482],[-87.42,46.43708]]]},"properties":{"type":"REC_FIXED_SITE_US","name":"Sands Model Aviation Club - Marquette County Fairgrounds","identifier":"FAA-REC_FIXED_SITE_US:Sands Model Aviation Club - Marquette County Fairgrounds","lowerLimit":"GND","upperLimit":"700 ft AGL","authority":"FAA (Recreational Flyer Fixed Sites)"}},
{"type":"Feature","geometry":{"type":"Polygon","coordinates":[[[-83.30088,42.04094],[-83.30331,42.03913],[-83.30073,42.03732],[-83.30088,42.04094]]]},"properties":{"type":"REC_FIXED_SITE_US","name":"Downriver Aeromodelers - Sigler Rd","identifier":"FAA-REC_FIXED_SITE_US:Downriver Aeromodelers - Sigler Rd","lowerLimit":"GND","upperLimit":"700 ft AGL","authority":"FAA (Recreational Flyer Fixed Sites)"}},
{"type":"Feature","geometry":{"type":"Polygon","coordinates":[[[-85.77377,43.55915],[-85.77409,43.55554],[-85.7713,43.55711],[-85.77377,43.55915]]]},"properties":{"type":"REC_FIXED_SITE_US","name":"White Cloud Area Tail Twister - White Cloud Airport","identifier":"FAA-REC_FIXED_SITE_US:White Cloud Area Tail Twister - White Cloud Airport","lowerLimit":"GND","upperLimit":"1200 ft AGL","authority":"FAA (Recreational Flyer Fixed Sites)"}},
{"type":"Feature","geometry":{"type":"Polygon","coordinates":[[[-87.66,45.12481],[-87.66032,45.1212],[-87.65746,45.12277],[-87.66,45.12481]]]},"properties":{"type":"REC_FIXED_SITE_US","name":"Northern Area Radio Control Society - Sunset #5 Rd","identifier":"FAA-REC_FIXED_SITE_US:Northern Area Radio Control Society - Sunset #5 Rd","lowerLimit":"GND","upperLimit":"700 ft AGL","authority":"FAA (Recreational Flyer Fixed Sites)"}},
{"type":"Feature","geometry":{"type":"Polygon","coordinates":[[[-93.2311,45.33081],[-93.23142,45.3272],[-93.22855,45.32877],[-93.2311,45.33081]]]},"properties":{"type":"REC_FIXED_SITE_US","name":"Anoka County RC Club Inc - MN 65","identifier":"FAA-REC_FIXED_SITE_US:Anoka County RC Club Inc - MN 65","lowerLimit":"GND","upperLimit":"1200 ft AGL","authority":"FAA (Recreational Flyer Fixed Sites)"}},
{"type":"Feature","geometry":{"type":"Polygon","coordinates":[[[-92.89848,44.86203],[-92.89912,44.85846],[-92.89594,44.8601],[-92.89848,44.86203]]]},"properties":{"type":"REC_FIXED_SITE_US","name":"3M Club RC Flyers - Keats Ave S","identifier":"FAA-REC_FIXED_SITE_US:3M Club RC Flyers - Keats Ave S","lowerLimit":"GND","upperLimit":"700 ft AGL","authority":"FAA (Recreational Flyer Fixed Sites)"}},
{"type":"Feature","geometry":{"type":"Polygon","coordinates":[[[-93.1792,44.31696],[-93.18172,44.31526],[-93.17747,44.31383],[-93.1792,44.31696]]]},"properties":{"type":"REC_FIXED_SITE_US","name":"Rice County RC Flyers - Faulk Ave","identifier":"FAA-REC_FIXED_SITE_US:Rice County RC Flyers - Faulk Ave","lowerLimit":"GND","upperLimit":"700 ft AGL","authority":"FAA (Recreational Flyer Fixed Sites)"}},
{"type":"Feature","geometry":{"type":"Polygon","coordinates":[[[-92.92455,45.55178],[-92.92673,45.549],[-92.92199,45.54974],[-92.92455,45.55178]]]},"properties":{"type":"REC_FIXED_SITE_US","name":"Minneapolis Model Aero Club - 420th St","identifier":"FAA-REC_FIXED_SITE_US:Minneapolis Model Aero Club - 420th St","lowerLimit":"GND","upperLimit":"1200 ft AGL","authority":"FAA (Recreational Flyer Fixed Sites)"}},
{"type":"Feature","geometry":{"type":"Polygon","coordinates":[[[-92.905,44.69403],[-92.90532,44.69042],[-92.90248,44.69199],[-92.905,44.69403]]]},"properties":{"type":"REC_FIXED_SITE_US","name":"Rich Valley RC Club - Tom Norman Field","identifier":"FAA-REC_FIXED_SITE_US:Rich Valley RC Club - Tom Norman Field","lowerLimit":"GND","upperLimit":"700 ft AGL","authority":"FAA (Recreational Flyer Fixed Sites)"}},
{"type":"Feature","geometry":{"type":"Polygon","coordinates":[[[-92.99667,45.19125],[-92.99923,45.18944],[-92.99491,45.18812],[-92.99667,45.19125]]]},"properties":{"type":"REC_FIXED_SITE_US","name":"Minneapolis Model Aero Club - 165th St","identifier":"FAA-REC_FIXED_SITE_US:Minneapolis Model Aero Club - 165th St","lowerLimit":"GND","upperLimit":"1200 ft AGL","authority":"FAA (Recreational Flyer Fixed Sites)"}},
{"type":"Feature","geometry":{"type":"Polygon","coordinates":[[[-92.86384,44.95469],[-92.86432,44.9511],[-92.86131,44.95266],[-92.86384,44.95469]]]},"properties":{"type":"REC_FIXED_SITE_US","name":"SODBUSTERS RC FLYING CLUB   1","identifier":"FAA-REC_FIXED_SITE_US:SODBUSTERS RC FLYING CLUB   1","lowerLimit":"GND","upperLimit":"700 ft AGL","authority":"FAA (Recreational Flyer Fixed Sites)"}},
{"type":"Feature","geometry":{"type":"Polygon","coordinates":[[[-92.79948,45.33428],[-92.80299,45.33444],[-92.80135,45.33123],[-92.79948,45.33428]]]},"properties":{"type":"REC_FIXED_SITE_US","name":"St Croix Valley Radio Control Club - Olympic Trl","identifier":"FAA-REC_FIXED_SITE_US:St Croix Valley Radio Control Club - Olympic Trl","lowerLimit":"GND","upperLimit":"700 ft AGL","authority":"FAA (Recreational Flyer Fixed Sites)"}},
{"type":"Feature","geometry":{"type":"Polygon","coordinates":[[[-93.04694,44.46002],[-93.04694,44.45639],[-93.04441,44.45809],[-93.04694,44.46002]]]},"properties":{"type":"REC_FIXED_SITE_US","name":"MINNESOTA RC SOARING SOCIETY   1","identifier":"FAA-REC_FIXED_SITE_US:MINNESOTA RC SOARING SOCIETY   1","lowerLimit":"GND","upperLimit":"1200 ft AGL","authority":"FAA (Recreational Flyer Fixed Sites)"}},
{"type":"Feature","geometry":{"type":"Polygon","coordinates":[[[-93.21556,44.48145],[-93.21619,44.47788],[-93.21305,44.47941],[-93.21556,44.48145]]]},"properties":{"type":"REC_FIXED_SITE_US","name":"Minnesota Afterburners Flying Site","identifier":"FAA-REC_FIXED_SITE_US:Minnesota Afterburners Flying Site","lowerLimit":"GND","upperLimit":"700 ft AGL","authority":"FAA (Recreational Flyer Fixed Sites)"}},
{"type":"Feature","geometry":{"type":"Polygon","coordinates":[[[-93.34424,44.0251],[-93.34673,44.02306],[-93.34361,44.02153],[-93.34424,44.0251]]]},"properties":{"type":"REC_FIXED_SITE_US","name":"Southern MN Model Aircraft Club - 48th St","identifier":"FAA-REC_FIXED_SITE_US:Southern MN Model Aircraft Club - 48th St","lowerLimit":"GND","upperLimit":"1200 ft AGL","authority":"FAA (Recreational Flyer Fixed Sites)"}},
{"type":"Feature","geometry":{"type":"Polygon","coordinates":[[[-93.28796,44.02867],[-93.28843,44.02508],[-93.28547,44.02664],[-93.28796,44.02867]]]},"properties":{"type":"REC_FIXED_SITE_US","name":"Owatonna RC Modelers - 43rd Ave","identifier":"FAA-REC_FIXED_SITE_US:Owatonna RC Modelers - 43rd Ave","lowerLimit":"GND","upperLimit":"700 ft AGL","authority":"FAA (Recreational Flyer Fixed Sites)"}},
{"type":"Feature","geometry":{"type":"Polygon","coordinates":[[[-93.02326,45.00343],[-93.02581,45.00173],[-93.02151,45.0003],[-93.02326,45.00343]]]},"properties":{"type":"REC_FIXED_SITE_US","name":"The Mighty Drones - Ramsey County Fairgrounds","identifier":"FAA-REC_FIXED_SITE_US:The Mighty Drones - Ramsey County Fairgrounds","lowerLimit":"GND","upperLimit":"700 ft AGL","authority":"FAA (Recreational Flyer Fixed Sites)"}},
{"type":"Feature","geometry":{"type":"Polygon","coordinates":[[[-93.14542,45.22229],[-93.14796,45.22025],[-93.14478,45.21872],[-93.14542,45.22229]]]},"properties":{"type":"REC_FIXED_SITE_US","name":"St Paul Model RC Inc - 136th Ave NE","identifier":"FAA-REC_FIXED_SITE_US:St Paul Model RC Inc - 136th Ave NE","lowerLimit":"GND","upperLimit":"700 ft AGL","authority":"FAA (Recreational Flyer Fixed Sites)"}},
{"type":"Feature","geometry":{"type":"Polygon","coordinates":[[[-93.58611,45.36781],[-93.58866,45.36577],[-93.58579,45.3642],[-93.58611,45.36781]]]},"properties":{"type":"REC_FIXED_SITE_US","name":"North West R/C - 217th Ave","identifier":"FAA-REC_FIXED_SITE_US:North West R/C - 217th Ave","lowerLimit":"GND","upperLimit":"1200 ft AGL","authority":"FAA (Recreational Flyer Fixed Sites)"}},
{"type":"Feature","geometry":{"type":"Polygon","coordinates":[[[-93.66666,44.6732],[-93.66729,44.66963],[-93.66414,44.67116],[-93.66666,44.6732]]]},"properties":{"type":"REC_FIXED_SITE_US","name":"Twin City Radio Controllers - Scott County Fairgrounds","identifier":"FAA-REC_FIXED_SITE_US:Twin City Radio Controllers - Scott County Fairgrounds","lowerLimit":"GND","upperLimit":"1200 ft AGL","authority":"FAA (Recreational Flyer Fixed Sites)"}},
{"type":"Feature","geometry":{"type":"Polygon","coordinates":[[[-93.66352,44.69045],[-93.66699,44.69061],[-93.66585,44.68743],[-93.66352,44.69045]]]},"properties":{"type":"REC_FIXED_SITE_US","name":"Twin City Radio Controllers - W Sioux Vista Dr","identifier":"FAA-REC_FIXED_SITE_US:Twin City Radio Controllers - W Sioux Vista Dr","lowerLimit":"GND","upperLimit":"1200 ft AGL","authority":"FAA (Recreational Flyer Fixed Sites)"}},
{"type":"Feature","geometry":{"type":"Polygon","coordinates":[[[-93.83072,45.3295],[-93.83104,45.32589],[-93.82817,45.32746],[-93.83072,45.3295]]]},"properties":{"type":"REC_FIXED_SITE_US","name":"Wright-Flyers - Montisippi Regional Park","identifier":"FAA-REC_FIXED_SITE_US:Wright-Flyers - Montisippi Regional Park","lowerLimit":"GND","upperLimit":"1200 ft AGL","authority":"FAA (Recreational Flyer Fixed Sites)"}},
{"type":"Feature","geometry":{"type":"Polygon","coordinates":[[[-93.95554,45.10394],[-93.95618,45.10037],[-93.95299,45.10201],[-93.95554,45.10394]]]},"properties":{"type":"REC_FIXED_SITE_US","name":"Crow River R/C Aeromodelers - Dempsey  Ave SW","identifier":"FAA-REC_FIXED_SITE_US:Crow River R/C Aeromodelers - Dempsey  Ave SW","lowerLimit":"GND","upperLimit":"700 ft AGL","authority":"FAA (Recreational Flyer Fixed Sites)"}},
{"type":"Feature","geometry":{"type":"Polygon","coordinates":[[[-93.39664,45.13741],[-93.3992,45.13571],[-93.39489,45.13428],[-93.39664,45.13741]]]},"properties":{"type":"REC_FIXED_SITE_US","name":"Grassfield RC Club - 101st Ave","identifier":"FAA-REC_FIXED_SITE_US:Grassfield RC Club - 101st Ave","lowerLimit":"GND","upperLimit":"700 ft AGL","authority":"FAA (Recreational Flyer Fixed Sites)"}},
{"type":"Feature","geometry":{"type":"Polygon","coordinates":[[[-92.65605,47.66287],[-92.65749,47.65953],[-92.6535,47.6605],[-92.65605,47.66287]]]},"properties":{"type":"REC_FIXED_SITE_US","name":"Iron Range RC Club Inc. - Little Sand Lake","identifier":"FAA-REC_FIXED_SITE_US:Iron Range RC Club Inc. - Little Sand Lake","lowerLimit":"GND","upperLimit":"1200 ft AGL","authority":"FAA (Recreational Flyer Fixed Sites)"}},
{"type":"Feature","geometry":{"type":"Polygon","coordinates":[[[-92.57756,47.4808],[-92.58015,47.47854],[-92.57627,47.4774],[-92.57756,47.4808]]]},"properties":{"type":"REC_FIXED_SITE_US","name":"Iron Range R/C Club Inc - Shelton rd","identifier":"FAA-REC_FIXED_SITE_US:Iron Range R/C Club Inc - Shelton rd","lowerLimit":"GND","upperLimit":"700 ft AGL","authority":"FAA (Recreational Flyer Fixed Sites)"}},
{"type":"Feature","geometry":{"type":"Polygon","coordinates":[[[-92.0552,46.87261],[-92.05647,46.86921],[-92.05264,46.87035],[-92.0552,46.87261]]]},"properties":{"type":"REC_FIXED_SITE_US","name":"Duluth Superior RC Club - Duluth Field","identifier":"FAA-REC_FIXED_SITE_US:Duluth Superior RC Club - Duluth Field","lowerLimit":"GND","upperLimit":"700 ft AGL","authority":"FAA (Recreational Flyer Fixed Sites)"}},
{"type":"Feature","geometry":{"type":"Polygon","coordinates":[[[-92.31698,43.95142],[-92.32042,43.95142],[-92.31854,43.94829],[-92.31698,43.95142]]]},"properties":{"type":"REC_FIXED_SITE_US","name":"Marion RC Flyers of Rochester - 50th St","identifier":"FAA-REC_FIXED_SITE_US:Marion RC Flyers of Rochester - 50th St","lowerLimit":"GND","upperLimit":"1200 ft AGL","authority":"FAA (Recreational Flyer Fixed Sites)"}},
{"type":"Feature","geometry":{"type":"Polygon","coordinates":[[[-92.50178,44.12664],[-92.50225,44.12305],[-92.49928,44.12461],[-92.50178,44.12664]]]},"properties":{"type":"REC_FIXED_SITE_US","name":"Rochester Aero Model Society  - 85th St","identifier":"FAA-REC_FIXED_SITE_US:Rochester Aero Model Society  - 85th St","lowerLimit":"GND","upperLimit":"700 ft AGL","authority":"FAA (Recreational Flyer Fixed Sites)"}},
{"type":"Feature","geometry":{"type":"Polygon","coordinates":[[[-93.11601,43.76692],[-93.12022,43.7656],[-93.11756,43.76379],[-93.11601,43.76692]]]},"properties":{"type":"REC_FIXED_SITE_US","name":"Freeborn-Mower R C Flyers - 875th Ave","identifier":"FAA-REC_FIXED_SITE_US:Freeborn-Mower R C Flyers - 875th Ave","lowerLimit":"GND","upperLimit":"1200 ft AGL","authority":"FAA (Recreational Flyer Fixed Sites)"}},
{"type":"Feature","geometry":{"type":"Polygon","coordinates":[[[-94.15666,44.1457],[-94.15729,44.14213],[-94.15415,44.14377],[-94.15666,44.1457]]]},"properties":{"type":"REC_FIXED_SITE_US","name":"Key City Bald Eagles RC MAC - MN 60","identifier":"FAA-REC_FIXED_SITE_US:Key City Bald Eagles RC MAC - MN 60","lowerLimit":"GND","upperLimit":"1200 ft AGL","authority":"FAA (Recreational Flyer Fixed Sites)"}},
{"type":"Feature","geometry":{"type":"Polygon","coordinates":[[[-94.8653,44.36321],[-94.86782,44.36151],[-94.86357,44.36008],[-94.8653,44.36321]]]},"properties":{"type":"REC_FIXED_SITE_US","name":"Wingnut RC Flyers - Terrace Ave","identifier":"FAA-REC_FIXED_SITE_US:Wingnut RC Flyers - Terrace Ave","lowerLimit":"GND","upperLimit":"1200 ft AGL","authority":"FAA (Recreational Flyer Fixed Sites)"}},
{"type":"Feature","geometry":{"type":"Polygon","coordinates":[[[-95.19776,43.96699],[-95.2012,43.96699],[-95.19964,43.96386],[-95.19776,43.96699]]]},"properties":{"type":"REC_FIXED_SITE_US","name":"Windom Eagles Model Airplane Club - 440th Ave","identifier":"FAA-REC_FIXED_SITE_US:Windom Eagles Model Airplane Club - 440th Ave","lowerLimit":"GND","upperLimit":"700 ft AGL","authority":"FAA (Recreational Flyer Fixed Sites)"}},
{"type":"Feature","geometry":{"type":"Polygon","coordinates":[[[-95.8244,43.56101],[-95.82781,43.56085],[-95.82758,43.55822],[-95.8244,43.56101]]]},"properties":{"type":"REC_FIXED_SITE_US","name":"Southwest High Flyers - 300th St","identifier":"FAA-REC_FIXED_SITE_US:Southwest High Flyers - 300th St","lowerLimit":"GND","upperLimit":"1200 ft AGL","authority":"FAA (Recreational Flyer Fixed Sites)"}},
{"type":"Feature","geometry":{"type":"Polygon","coordinates":[[[-95.45055,44.31514],[-95.45306,44.31356],[-95.4492,44.3118],[-95.45055,44.31514]]]},"properties":{"type":"REC_FIXED_SITE_US","name":"Marshall RC Club - 200th St","identifier":"FAA-REC_FIXED_SITE_US:Marshall RC Club - 200th St","lowerLimit":"GND","upperLimit":"1200 ft AGL","authority":"FAA (Recreational Flyer Fixed Sites)"}},
{"type":"Feature","geometry":{"type":"Polygon","coordinates":[[[-95.0086,45.16208],[-95.00892,45.15847],[-95.00606,45.16004],[-95.0086,45.16208]]]},"properties":{"type":"REC_FIXED_SITE_US","name":"Willmar Area R/C Club - Willmar Public School","identifier":"FAA-REC_FIXED_SITE_US:Willmar Area R/C Club - Willmar Public School","lowerLimit":"GND","upperLimit":"700 ft AGL","authority":"FAA (Recreational Flyer Fixed Sites)"}},
{"type":"Feature","geometry":{"type":"Polygon","coordinates":[[[-95.84611,44.41676],[-95.84643,44.41315],[-95.8436,44.41472],[-95.84611,44.41676]]]},"properties":{"type":"REC_FIXED_SITE_US","name":"Marshall RC Club - 250th St","identifier":"FAA-REC_FIXED_SITE_US:Marshall RC Club - 250th St","lowerLimit":"GND","upperLimit":"700 ft AGL","authority":"FAA (Recreational Flyer Fixed Sites)"}},
{"type":"Feature","geometry":{"type":"Polygon","coordinates":[[[-95.3521,46.01622],[-95.35243,46.01261],[-95.34952,46.01418],[-95.3521,46.01622]]]},"properties":{"type":"REC_FIXED_SITE_US","name":"Alexandria RC Flyers - North Park Rd","identifier":"FAA-REC_FIXED_SITE_US:Alexandria RC Flyers - North Park Rd","lowerLimit":"GND","upperLimit":"1200 ft AGL","authority":"FAA (Recreational Flyer Fixed Sites)"}},
{"type":"Feature","geometry":{"type":"Polygon","coordinates":[[[-94.42284,45.74609],[-94.42436,45.74282],[-94.42065,45.74331],[-94.42284,45.74609]]]},"properties":{"type":"REC_FIXED_SITE_US","name":"Northstar Fliers - CR 17","identifier":"FAA-REC_FIXED_SITE_US:Northstar Fliers - CR 17","lowerLimit":"GND","upperLimit":"1200 ft AGL","authority":"FAA (Recreational Flyer Fixed Sites)"}},
{"type":"Feature","geometry":{"type":"Polygon","coordinates":[[[-94.41903,45.24422],[-94.42078,45.24109],[-94.41647,45.24252],[-94.41903,45.24422]]]},"properties":{"type":"REC_FIXED_SITE_US","name":"Paynesville Radio Controllers -  343rd St. Farm Field","identifier":"FAA-REC_FIXED_SITE_US:Paynesville Radio Controllers -  343rd St. Farm Field","lowerLimit":"GND","upperLimit":"1200 ft AGL","authority":"FAA (Recreational Flyer Fixed Sites)"}},
{"type":"Feature","geometry":{"type":"Polygon","coordinates":[[[-94.70075,45.40801],[-94.70107,45.4044],[-94.6982,45.40597],[-94.70075,45.40801]]]},"properties":{"type":"REC_FIXED_SITE_US","name":"Paynesville Radio Controllers - Glenn Pearson Memorial RC Flying Field","identifier":"FAA-REC_FIXED_SITE_US:Paynesville Radio Controllers - Glenn Pearson Memorial RC Flying Field","lowerLimit":"GND","upperLimit":"700 ft AGL","authority":"FAA (Recreational Flyer Fixed Sites)"}},
{"type":"Feature","geometry":{"type":"Polygon","coordinates":[[[-94.26626,46.23352],[-94.26882,46.23137],[-94.26514,46.23007],[-94.26626,46.23352]]]},"properties":{"type":"REC_FIXED_SITE_US","name":"Paul Bunyan Model Flying Club - Sleepy Hollow Rd","identifier":"FAA-REC_FIXED_SITE_US:Paul Bunyan Model Flying Club - Sleepy Hollow Rd","lowerLimit":"GND","upperLimit":"1200 ft AGL","authority":"FAA (Recreational Flyer Fixed Sites)"}},
{"type":"Feature","geometry":{"type":"Polygon","coordinates":[[[-94.46507,46.97835],[-94.46767,46.9762],[-94.46394,46.9749],[-94.46507,46.97835]]]},"properties":{"type":"REC_FIXED_SITE_US","name":"Leech Lake Area Model Flyers Club - 36th Ave","identifier":"FAA-REC_FIXED_SITE_US:Leech Lake Area Model Flyers Club - 36th Ave","lowerLimit":"GND","upperLimit":"1200 ft AGL","authority":"FAA (Recreational Flyer Fixed Sites)"}},
{"type":"Feature","geometry":{"type":"Polygon","coordinates":[[[-94.80698,47.24103],[-94.80811,47.23758],[-94.80437,47.23888],[-94.80698,47.24103]]]},"properties":{"type":"REC_FIXED_SITE_US","name":"Paul Bunyan R/C Flyers - 400th St","identifier":"FAA-REC_FIXED_SITE_US:Paul Bunyan R/C Flyers - 400th St","lowerLimit":"GND","upperLimit":"1200 ft AGL","authority":"FAA (Recreational Flyer Fixed Sites)"}},
{"type":"Feature","geometry":{"type":"Polygon","coordinates":[[[-95.14256,46.9013],[-95.14515,46.89915],[-95.14143,46.89785],[-95.14256,46.9013]]]},"properties":{"type":"REC_FIXED_SITE_US","name":"Headwaters Radio Control Flying Club - 109th Ave","identifier":"FAA-REC_FIXED_SITE_US:Headwaters Radio Control Flying Club - 109th Ave","lowerLimit":"GND","upperLimit":"700 ft AGL","authority":"FAA (Recreational Flyer Fixed Sites)"}},
{"type":"Feature","geometry":{"type":"Polygon","coordinates":[[[-94.264,46.65671],[-94.26527,46.65331],[-94.26145,46.65445],[-94.264,46.65671]]]},"properties":{"type":"REC_FIXED_SITE_US","name":"Ideal Flyers - CR 16","identifier":"FAA-REC_FIXED_SITE_US:Ideal Flyers - CR 16","lowerLimit":"GND","upperLimit":"1200 ft AGL","authority":"FAA (Recreational Flyer Fixed Sites)"}},
{"type":"Feature","geometry":{"type":"Polygon","coordinates":[[[-96.73045,46.99232],[-96.73302,46.99096],[-96.72933,46.98887],[-96.73045,46.99232]]]},"properties":{"type":"REC_FIXED_SITE_US","name":"Valley RC Flyers Inc - 30th St","identifier":"FAA-REC_FIXED_SITE_US:Valley RC Flyers Inc - 30th St","lowerLimit":"GND","upperLimit":"700 ft AGL","authority":"FAA (Recreational Flyer Fixed Sites)"}},
{"type":"Feature","geometry":{"type":"Polygon","coordinates":[[[-95.62266,46.63011],[-95.62516,46.62886],[-95.62154,46.62666],[-95.62266,46.63011]]]},"properties":{"type":"REC_FIXED_SITE_US","name":"Screamin Eagles - 460th St","identifier":"FAA-REC_FIXED_SITE_US:Screamin Eagles - 460th St","lowerLimit":"GND","upperLimit":"700 ft AGL","authority":"FAA (Recreational Flyer Fixed Sites)"}},
{"type":"Feature","geometry":{"type":"Polygon","coordinates":[[[-97.04111,47.97459],[-97.04362,47.97211],[-97.03939,47.97138],[-97.04111,47.97459]]]},"properties":{"type":"REC_FIXED_SITE_US","name":"Red River RC Flyers - 140th St SW","identifier":"FAA-REC_FIXED_SITE_US:Red River RC Flyers - 140th St SW","lowerLimit":"GND","upperLimit":"700 ft AGL","authority":"FAA (Recreational Flyer Fixed Sites)"}},
{"type":"Feature","geometry":{"type":"Polygon","coordinates":[[[-94.46826,44.30877],[-94.47078,44.30685],[-94.46779,44.30518],[-94.46826,44.30877]]]},"properties":{"type":"REC_FIXED_SITE_US","name":"Wingnut RC Flyers  - New Ulm Vogel Fieldhouse","identifier":"FAA-REC_FIXED_SITE_US:Wingnut RC Flyers  - New Ulm Vogel Fieldhouse","lowerLimit":"GND","upperLimit":"700 ft AGL","authority":"FAA (Recreational Flyer Fixed Sites)"}},
{"type":"Feature","geometry":{"type":"Polygon","coordinates":[[[-90.60624,38.48363],[-90.6094,38.48363],[-90.60796,38.4805],[-90.60624,38.48363]]]},"properties":{"type":"REC_FIXED_SITE_US","name":"St. Louis RC Flying Association, Augustine Rd.","identifier":"FAA-REC_FIXED_SITE_US:St. Louis RC Flying Association, Augustine Rd.","lowerLimit":"GND","upperLimit":"1200 ft AGL","authority":"FAA (Recreational Flyer Fixed Sites)"}},
{"type":"Feature","geometry":{"type":"Polygon","coordinates":[[[-90.48489,38.54398],[-90.48805,38.54134],[-90.48489,38.54134],[-90.48489,38.54398]]]},"properties":{"type":"REC_FIXED_SITE_US","name":"Buder Park","identifier":"FAA-REC_FIXED_SITE_US:Buder Park","lowerLimit":"GND","upperLimit":"1200 ft AGL","authority":"FAA (Recreational Flyer Fixed Sites)"}},
{"type":"Feature","geometry":{"type":"Polygon","coordinates":[[[-90.56092,38.50659],[-90.56408,38.50659],[-90.56264,38.50346],[-90.56092,38.50659]]]},"properties":{"type":"REC_FIXED_SITE_US","name":"St Louis Whirlybirds - Antire Rd","identifier":"FAA-REC_FIXED_SITE_US:St Louis Whirlybirds - Antire Rd","lowerLimit":"GND","upperLimit":"1200 ft AGL","authority":"FAA (Recreational Flyer Fixed Sites)"}},
{"type":"Feature","geometry":{"type":"Polygon","coordinates":[[[-90.7827,38.46486],[-90.78417,38.46165],[-90.78092,38.46189],[-90.7827,38.46486]]]},"properties":{"type":"REC_FIXED_SITE_US","name":"Signal Chasers Inc - Hwy N","identifier":"FAA-REC_FIXED_SITE_US:Signal Chasers Inc - Hwy N","lowerLimit":"GND","upperLimit":"1200 ft AGL","authority":"FAA (Recreational Flyer Fixed Sites)"}},
{"type":"Feature","geometry":{"type":"Polygon","coordinates":[[[-90.54098,38.81636],[-90.54416,38.81636],[-90.54272,38.81323],[-90.54098,38.81636]]]},"properties":{"type":"REC_FIXED_SITE_US","name":"St Charles R/C Club - Hayford Rd/Elm Point Rd","identifier":"FAA-REC_FIXED_SITE_US:St Charles R/C Club - Hayford Rd/Elm Point Rd","lowerLimit":"GND","upperLimit":"1200 ft AGL","authority":"FAA (Recreational Flyer Fixed Sites)"}},
{"type":"Feature","geometry":{"type":"Polygon","coordinates":[[[-90.67841,38.84046],[-90.68159,38.83782],[-90.67821,38.83798],[-90.67841,38.84046]]]},"properties":{"type":"REC_FIXED_SITE_US","name":"Mississippi Valley Soaring Association - Emerald View Farm","identifier":"FAA-REC_FIXED_SITE_US:Mississippi Valley Soaring Association - Emerald View Farm","lowerLimit":"GND","upperLimit":"1200 ft AGL","authority":"FAA (Recreational Flyer Fixed Sites)"}},
{"type":"Feature","geometry":{"type":"Polygon","coordinates":[[[-90.73472,39.03215],[-90.73642,39.02909],[-90.73313,39.02901],[-90.73472,39.03215]]]},"properties":{"type":"REC_FIXED_SITE_US","name":"Mississippi Valley Soaring Association - Foley","identifier":"FAA-REC_FIXED_SITE_US:Mississippi Valley Soaring Association - Foley","lowerLimit":"GND","upperLimit":"1200 ft AGL","authority":"FAA (Recreational Flyer Fixed Sites)"}},
{"type":"Feature","geometry":{"type":"Polygon","coordinates":[[[-91.01036,38.85427],[-91.01374,38.85179],[-91.01036,38.85163],[-91.01036,38.85427]]]},"properties":{"type":"REC_FIXED_SITE_US","name":"Wright Flyers Model Airplane Club - Godt Rd","identifier":"FAA-REC_FIXED_SITE_US:Wright Flyers Model Airplane Club - Godt Rd","lowerLimit":"GND","upperLimit":"1200 ft AGL","authority":"FAA (Recreational Flyer Fixed Sites)"}},
{"type":"Feature","geometry":{"type":"Polygon","coordinates":[[[-91.54667,39.67125],[-91.54901,39.66933],[-91.54652,39.66763],[-91.54667,39.67125]]]},"properties":{"type":"REC_FIXED_SITE_US","name":"Lakeside R/C Aerodrome - Mark Twain Dr","identifier":"FAA-REC_FIXED_SITE_US:Lakeside R/C Aerodrome - Mark Twain Dr","lowerLimit":"GND","upperLimit":"700 ft AGL","authority":"FAA (Recreational Flyer Fixed Sites)"}},
{"type":"Feature","geometry":{"type":"Polygon","coordinates":[[[-90.705,38.07014],[-90.70668,38.06708],[-90.70343,38.067],[-90.705,38.07014]]]},"properties":{"type":"REC_FIXED_SITE_US","name":"Mineral Area Modeling Association - Dorlac Dr","identifier":"FAA-REC_FIXED_SITE_US:Mineral Area Modeling Association - Dorlac Dr","lowerLimit":"GND","upperLimit":"1200 ft AGL","authority":"FAA (Recreational Flyer Fixed Sites)"}},
{"type":"Feature","geometry":{"type":"Polygon","coordinates":[[[-89.48665,37.35425],[-89.49006,37.35185],[-89.48686,37.35161],[-89.48665,37.35425]]]},"properties":{"type":"REC_FIXED_SITE_US","name":"Southeast MO Modelers Assn - Galaxy Park Model Airfield","identifier":"FAA-REC_FIXED_SITE_US:Southeast MO Modelers Assn - Galaxy Park Model Airfield","lowerLimit":"GND","upperLimit":"1200 ft AGL","authority":"FAA (Recreational Flyer Fixed Sites)"}},
{"type":"Feature","geometry":{"type":"Polygon","coordinates":[[[-89.93723,36.7843],[-89.93897,36.78133],[-89.93579,36.78109],[-89.93723,36.7843]]]},"properties":{"type":"REC_FIXED_SITE_US","name":"Barnstormers R/C - Dexter Municipal Airport","identifier":"FAA-REC_FIXED_SITE_US:Barnstormers R/C - Dexter Municipal Airport","lowerLimit":"GND","upperLimit":"700 ft AGL","authority":"FAA (Recreational Flyer Fixed Sites)"}},
{"type":"Feature","geometry":{"type":"Polygon","coordinates":[[[-94.34201,38.97901],[-94.3436,38.97588],[-94.34031,38.97596],[-94.34201,38.97901]]]},"properties":{"type":"REC_FIXED_SITE_US","name":"49th Mid America Jumbo Squad - Charles W Reed III Flying Field","identifier":"FAA-REC_FIXED_SITE_US:49th Mid America Jumbo Squad - Charles W Reed III Flying Field","lowerLimit":"GND","upperLimit":"700 ft AGL","authority":"FAA (Recreational Flyer Fixed Sites)"}},
{"type":"Feature","geometry":{"type":"Polygon","coordinates":[[[-94.55606,39.30782],[-94.55777,39.30477],[-94.55436,39.30477],[-94.55606,39.30782]]]},"properties":{"type":"REC_FIXED_SITE_US","name":"Sunchasers Model Airplane Club - Church of Liberty","identifier":"FAA-REC_FIXED_SITE_US:Sunchasers Model Airplane Club - Church of Liberty","lowerLimit":"GND","upperLimit":"700 ft AGL","authority":"FAA (Recreational Flyer Fixed Sites)"}},
{"type":"Feature","geometry":{"type":"Polygon","coordinates":[[[-94.44789,38.87979],[-94.45127,38.87731],[-94.44789,38.87715],[-94.44789,38.87979]]]},"properties":{"type":"REC_FIXED_SITE_US","name":"Stamm Field","identifier":"FAA-REC_FIXED_SITE_US:Stamm Field","lowerLimit":"GND","upperLimit":"700 ft AGL","authority":"FAA (Recreational Flyer Fixed Sites)"}},
{"type":"Feature","geometry":{"type":"Polygon","coordinates":[[[-94.5451,39.38254],[-94.54659,39.37933],[-94.54277,39.38084],[-94.5451,39.38254]]]},"properties":{"type":"REC_FIXED_SITE_US","name":"Smithville Dam Busters RC - DD Hwy","identifier":"FAA-REC_FIXED_SITE_US:Smithville Dam Busters RC - DD Hwy","lowerLimit":"GND","upperLimit":"1200 ft AGL","authority":"FAA (Recreational Flyer Fixed Sites)"}},
{"type":"Feature","geometry":{"type":"Polygon","coordinates":[[[-93.71254,38.73473],[-93.71485,38.73281],[-93.71085,38.73168],[-93.71254,38.73473]]]},"properties":{"type":"REC_FIXED_SITE_US","name":"Mid-Missouri Modelers, SE 180th Rd","identifier":"FAA-REC_FIXED_SITE_US:Mid-Missouri Modelers, SE 180th Rd","lowerLimit":"GND","upperLimit":"700 ft AGL","authority":"FAA (Recreational Flyer Fixed Sites)"}},
{"type":"Feature","geometry":{"type":"Polygon","coordinates":[[[-94.57079,38.92207],[-94.57227,38.91886],[-94.569,38.9191],[-94.57079,38.92207]]]},"properties":{"type":"REC_FIXED_SITE_US","name":"Eagle Associates - Blue River Greenway Trail","identifier":"FAA-REC_FIXED_SITE_US:Eagle Associates - Blue River Greenway Trail","lowerLimit":"GND","upperLimit":"1200 ft AGL","authority":"FAA (Recreational Flyer Fixed Sites)"}},
{"type":"Feature","geometry":{"type":"Polygon","coordinates":[[[-94.49603,39.26533],[-94.49588,39.26171],[-94.4937,39.26364],[-94.49603,39.26533]]]},"properties":{"type":"REC_FIXED_SITE_US","name":"KC Northern Knights MAC - Hodge Park","identifier":"FAA-REC_FIXED_SITE_US:KC Northern Knights MAC - Hodge Park","lowerLimit":"GND","upperLimit":"1200 ft AGL","authority":"FAA (Recreational Flyer Fixed Sites)"}},
{"type":"Feature","geometry":{"type":"Polygon","coordinates":[[[-94.22582,39.80514],[-94.22924,39.80266],[-94.22593,39.80242],[-94.22582,39.80514]]]},"properties":{"type":"REC_FIXED_SITE_US","name":"Cameron Dragonflies - Cameron City Landfill","identifier":"FAA-REC_FIXED_SITE_US:Cameron Dragonflies - Cameron City Landfill","lowerLimit":"GND","upperLimit":"700 ft AGL","authority":"FAA (Recreational Flyer Fixed Sites)"}},
{"type":"Feature","geometry":{"type":"Polygon","coordinates":[[[-94.83543,40.33478],[-94.83705,40.33165],[-94.8337,40.33173],[-94.83543,40.33478]]]},"properties":{"type":"REC_FIXED_SITE_US","name":"Nodaway RC Flyers - Rankin Airport","identifier":"FAA-REC_FIXED_SITE_US:Nodaway RC Flyers - Rankin Airport","lowerLimit":"GND","upperLimit":"700 ft AGL","authority":"FAA (Recreational Flyer Fixed Sites)"}},
{"type":"Feature","geometry":{"type":"Polygon","coordinates":[[[-94.73204,39.78101],[-94.73515,39.78093],[-94.73515,39.77829],[-94.73204,39.78101]]]},"properties":{"type":"REC_FIXED_SITE_US","name":"St Joe Barnstormers - Field of Dreams","identifier":"FAA-REC_FIXED_SITE_US:St Joe Barnstormers - Field of Dreams","lowerLimit":"GND","upperLimit":"1200 ft AGL","authority":"FAA (Recreational Flyer Fixed Sites)"}},
{"type":"Feature","geometry":{"type":"Polygon","coordinates":[[[-93.76028,38.33668],[-93.76258,38.33498],[-93.75881,38.33347],[-93.76028,38.33668]]]},"properties":{"type":"REC_FIXED_SITE_US","name":"Golden Valley RC Association- 8th street","identifier":"FAA-REC_FIXED_SITE_US:Golden Valley RC Association- 8th street","lowerLimit":"GND","upperLimit":"700 ft AGL","authority":"FAA (Recreational Flyer Fixed Sites)"}},
{"type":"Feature","geometry":{"type":"Polygon","coordinates":[[[-94.29845,37.1827],[-94.30155,37.1827],[-94.30014,37.17957],[-94.29845,37.1827]]]},"properties":{"type":"REC_FIXED_SITE_US","name":"Spring River RC Club - N River St","identifier":"FAA-REC_FIXED_SITE_US:Spring River RC Club - N River St","lowerLimit":"GND","upperLimit":"1200 ft AGL","authority":"FAA (Recreational Flyer Fixed Sites)"}},
{"type":"Feature","geometry":{"type":"Polygon","coordinates":[[[-94.36481,36.8264],[-94.36481,36.82277],[-94.36256,36.82447],[-94.36481,36.8264]]]},"properties":{"type":"REC_FIXED_SITE_US","name":"SW Missouri Barnburners - Doniphan Dr","identifier":"FAA-REC_FIXED_SITE_US:SW Missouri Barnburners - Doniphan Dr","lowerLimit":"GND","upperLimit":"700 ft AGL","authority":"FAA (Recreational Flyer Fixed Sites)"}},
{"type":"Feature","geometry":{"type":"Polygon","coordinates":[[[-92.55521,38.34288],[-92.55836,38.34023],[-92.55521,38.34023],[-92.55521,38.34288]]]},"properties":{"type":"REC_FIXED_SITE_US","name":"Lake Ozark Radio Control Society - Harrison Field Porter Road","identifier":"FAA-REC_FIXED_SITE_US:Lake Ozark Radio Control Society - Harrison Field Porter Road","lowerLimit":"GND","upperLimit":"700 ft AGL","authority":"FAA (Recreational Flyer Fixed Sites)"}},
{"type":"Feature","geometry":{"type":"Polygon","coordinates":[[[-90.49049,37.77343],[-90.49278,37.77162],[-90.48821,37.7715],[-90.49049,37.77343]]]},"properties":{"type":"REC_FIXED_SITE_US","name":"RC-Aviators - St Joe State Park","identifier":"FAA-REC_FIXED_SITE_US:RC-Aviators - St Joe State Park","lowerLimit":"GND","upperLimit":"700 ft AGL","authority":"FAA (Recreational Flyer Fixed Sites)"}},
{"type":"Feature","geometry":{"type":"Polygon","coordinates":[[[-92.29991,38.5911],[-92.30169,38.58813],[-92.29833,38.58797],[-92.29991,38.5911]]]},"properties":{"type":"REC_FIXED_SITE_US","name":"Jefferson City RC Club - Miller Flying Field","identifier":"FAA-REC_FIXED_SITE_US:Jefferson City RC Club - Miller Flying Field","lowerLimit":"GND","upperLimit":"1200 ft AGL","authority":"FAA (Recreational Flyer Fixed Sites)"}},
{"type":"Feature","geometry":{"type":"Polygon","coordinates":[[[-92.42063,38.92771],[-92.42401,38.92523],[-92.42063,38.92507],[-92.42063,38.92771]]]},"properties":{"type":"REC_FIXED_SITE_US","name":"MMRCA Flying Tigers Field","identifier":"FAA-REC_FIXED_SITE_US:MMRCA Flying Tigers Field","lowerLimit":"GND","upperLimit":"1200 ft AGL","authority":"FAA (Recreational Flyer Fixed Sites)"}},
{"type":"Feature","geometry":{"type":"Polygon","coordinates":[[[-93.21753,38.67848],[-93.21984,38.67656],[-93.21584,38.67543],[-93.21753,38.67848]]]},"properties":{"type":"REC_FIXED_SITE_US","name":"Sky Raiders - McVey Rd","identifier":"FAA-REC_FIXED_SITE_US:Sky Raiders - McVey Rd","lowerLimit":"GND","upperLimit":"700 ft AGL","authority":"FAA (Recreational Flyer Fixed Sites)"}},
{"type":"Feature","geometry":{"type":"Polygon","coordinates":[[[-92.40815,37.87682],[-92.41044,37.87501],[-92.40648,37.87377],[-92.40815,37.87682]]]},"properties":{"type":"REC_FIXED_SITE_US","name":"MO1 Mid Missouri RC Squadron - Richland MO Airfield","identifier":"FAA-REC_FIXED_SITE_US:MO1 Mid Missouri RC Squadron - Richland MO Airfield","lowerLimit":"GND","upperLimit":"1200 ft AGL","authority":"FAA (Recreational Flyer Fixed Sites)"}},
{"type":"Feature","geometry":{"type":"Polygon","coordinates":[[[-93.39818,37.55095],[-93.40202,37.54963],[-93.39988,37.54782],[-93.39818,37.55095]]]},"properties":{"type":"REC_FIXED_SITE_US","name":"Bolivar Sport Flyers - 127th Rd","identifier":"FAA-REC_FIXED_SITE_US:Bolivar Sport Flyers - 127th Rd","lowerLimit":"GND","upperLimit":"700 ft AGL","authority":"FAA (Recreational Flyer Fixed Sites)"}},
{"type":"Feature","geometry":{"type":"Polygon","coordinates":[[[-93.24458,37.33247],[-93.24769,37.33247],[-93.24613,37.32933],[-93.24458,37.33247]]]},"properties":{"type":"REC_FIXED_SITE_US","name":"Springfield RC Flying Club, Hwy KK East","identifier":"FAA-REC_FIXED_SITE_US:Springfield RC Flying Club, Hwy KK East","lowerLimit":"GND","upperLimit":"1200 ft AGL","authority":"FAA (Recreational Flyer Fixed Sites)"}},
{"type":"Feature","geometry":{"type":"Polygon","coordinates":[[[-94.0426,37.05981],[-94.04434,37.05684],[-94.04034,37.05789],[-94.0426,37.05981]]]},"properties":{"type":"REC_FIXED_SITE_US","name":"The Flying H RC Flying Club, LLC - Lawrence 1010","identifier":"FAA-REC_FIXED_SITE_US:The Flying H RC Flying Club, LLC - Lawrence 1010","lowerLimit":"GND","upperLimit":"1200 ft AGL","authority":"FAA (Recreational Flyer Fixed Sites)"}},
{"type":"Feature","geometry":{"type":"Polygon","coordinates":[[[-93.2691,37.06292],[-93.27084,37.05995],[-93.26684,37.061],[-93.2691,37.06292]]]},"properties":{"type":"REC_FIXED_SITE_US","name":"Ozark Mountain Barnstormers - McCaully Field","identifier":"FAA-REC_FIXED_SITE_US:Ozark Mountain Barnstormers - McCaully Field","lowerLimit":"GND","upperLimit":"1200 ft AGL","authority":"FAA (Recreational Flyer Fixed Sites)"}},
{"type":"Feature","geometry":{"type":"Polygon","coordinates":[[[-91.57919,36.56015],[-91.58144,36.55834],[-91.57765,36.55702],[-91.57919,36.56015]]]},"properties":{"type":"REC_FIXED_SITE_US","name":"Warm Fork River Flyers - off of Oregon County 359","identifier":"FAA-REC_FIXED_SITE_US:Warm Fork River Flyers - off of Oregon County 359","lowerLimit":"GND","upperLimit":"1200 ft AGL","authority":"FAA (Recreational Flyer Fixed Sites)"}},
{"type":"Feature","geometry":{"type":"Polygon","coordinates":[[[-90.44969,38.06117],[-90.45356,38.05985],[-90.44969,38.05853],[-90.44969,38.06117]]]},"properties":{"type":"REC_FIXED_SITE_US","name":"Twin City Flyers - Decker Farm","identifier":"FAA-REC_FIXED_SITE_US:Twin City Flyers - Decker Farm","lowerLimit":"GND","upperLimit":"700 ft AGL","authority":"FAA (Recreational Flyer Fixed Sites)"}},
{"type":"Feature","geometry":{"type":"Polygon","coordinates":[[[-90.5319,37.82159],[-90.53418,37.81967],[-90.53175,37.81797],[-90.5319,37.82159]]]},"properties":{"type":"REC_FIXED_SITE_US","name":"Mineral Area Modeling Association, Pimville Rd","identifier":"FAA-REC_FIXED_SITE_US:Mineral Area Modeling Association, Pimville Rd","lowerLimit":"GND","upperLimit":"700 ft AGL","authority":"FAA (Recreational Flyer Fixed Sites)"}},
{"type":"Feature","geometry":{"type":"Polygon","coordinates":[[[-94.12877,39.30684],[-94.13057,39.30387],[-94.12644,39.30491],[-94.12877,39.30684]]]},"properties":{"type":"REC_FIXED_SITE_US","name":"KC Northern Knights MAC - 120th St","identifier":"FAA-REC_FIXED_SITE_US:KC Northern Knights MAC - 120th St","lowerLimit":"GND","upperLimit":"700 ft AGL","authority":"FAA (Recreational Flyer Fixed Sites)"}},
{"type":"Feature","geometry":{"type":"Polygon","coordinates":[[[-93.26531,38.6914],[-93.26848,38.68875],[-93.26531,38.68875],[-93.26531,38.6914]]]},"properties":{"type":"REC_FIXED_SITE_US","name":"Sedalia RC Flyers - Missouri State Fairgrounds","identifier":"FAA-REC_FIXED_SITE_US:Sedalia RC Flyers - Missouri State Fairgrounds","lowerLimit":"GND","upperLimit":"700 ft AGL","authority":"FAA (Recreational Flyer Fixed Sites)"}},
{"type":"Feature","geometry":{"type":"Polygon","coordinates":[[[-93.29675,36.76593],[-93.29849,36.76296],[-93.29531,36.76272],[-93.29675,36.76593]]]},"properties":{"type":"REC_FIXED_SITE_US","name":"Tri-Lakes RC Flying Club - Dayton Rd","identifier":"FAA-REC_FIXED_SITE_US:Tri-Lakes RC Flying Club - Dayton Rd","lowerLimit":"GND","upperLimit":"1200 ft AGL","authority":"FAA (Recreational Flyer Fixed Sites)"}},
{"type":"Feature","geometry":{"type":"Polygon","coordinates":[[[-90.13823,34.77743],[-90.13837,34.77381],[-90.13603,34.77562],[-90.13823,34.77743]]]},"properties":{"type":"REC_FIXED_SITE_US","name":"North Mississippi RC Club - NMRCC Field","identifier":"FAA-REC_FIXED_SITE_US:North Mississippi RC Club - NMRCC Field","lowerLimit":"GND","upperLimit":"1200 ft AGL","authority":"FAA (Recreational Flyer Fixed Sites)"}},
{"type":"Feature","geometry":{"type":"Polygon","coordinates":[[[-88.63183,34.32299],[-88.63483,34.32034],[-88.63183,34.32034],[-88.63183,34.32299]]]},"properties":{"type":"REC_FIXED_SITE_US","name":"Dixie Sky Devils - Lake Piomingo","identifier":"FAA-REC_FIXED_SITE_US:Dixie Sky Devils - Lake Piomingo","lowerLimit":"GND","upperLimit":"1200 ft AGL","authority":"FAA (Recreational Flyer Fixed Sites)"}},
{"type":"Feature","geometry":{"type":"Polygon","coordinates":[[[-90.41,32.30543],[-90.41165,32.30245],[-90.40786,32.30361],[-90.41,32.30543]]]},"properties":{"type":"REC_FIXED_SITE_US","name":"Mississippi Jets - John Bell Williams Airport","identifier":"FAA-REC_FIXED_SITE_US:Mississippi Jets - John Bell Williams Airport","lowerLimit":"GND","upperLimit":"700 ft AGL","authority":"FAA (Recreational Flyer Fixed Sites)"}},
{"type":"Feature","geometry":{"type":"Polygon","coordinates":[[[-90.8147,32.27222],[-90.81762,32.27238],[-90.81625,32.26916],[-90.8147,32.27222]]]},"properties":{"type":"REC_FIXED_SITE_US","name":"River City RC - Halls Ferry Rd","identifier":"FAA-REC_FIXED_SITE_US:River City RC - Halls Ferry Rd","lowerLimit":"GND","upperLimit":"700 ft AGL","authority":"FAA (Recreational Flyer Fixed Sites)"}},
{"type":"Feature","geometry":{"type":"Polygon","coordinates":[[[-90.2528,32.41421],[-90.25445,32.41124],[-90.25066,32.4124],[-90.2528,32.41421]]]},"properties":{"type":"REC_FIXED_SITE_US","name":"Natchez Trace Bandits MAC, Inc. - Billy Bell Rd","identifier":"FAA-REC_FIXED_SITE_US:Natchez Trace Bandits MAC, Inc. - Billy Bell Rd","lowerLimit":"GND","upperLimit":"700 ft AGL","authority":"FAA (Recreational Flyer Fixed Sites)"}},
{"type":"Feature","geometry":{"type":"Polygon","coordinates":[[[-90.26378,32.1504],[-90.26378,32.14677],[-90.26165,32.14847],[-90.26378,32.1504]]]},"properties":{"type":"REC_FIXED_SITE_US","name":"Mid Mississippi R/C Club - Jackson County Landfill","identifier":"FAA-REC_FIXED_SITE_US:Mid Mississippi R/C Club - Jackson County Landfill","lowerLimit":"GND","upperLimit":"1200 ft AGL","authority":"FAA (Recreational Flyer Fixed Sites)"}},
{"type":"Feature","geometry":{"type":"Polygon","coordinates":[[[-88.81252,32.4564],[-88.81525,32.4536],[-88.81224,32.45384],[-88.81252,32.4564]]]},"properties":{"type":"REC_FIXED_SITE_US","name":"Meridian Aeromodelers - MS 19","identifier":"FAA-REC_FIXED_SITE_US:Meridian Aeromodelers - MS 19","lowerLimit":"GND","upperLimit":"1200 ft AGL","authority":"FAA (Recreational Flyer Fixed Sites)"}},
{"type":"Feature","geometry":{"type":"Polygon","coordinates":[[[-89.66196,30.62902],[-89.66502,30.62654],[-89.66196,30.62638],[-89.66196,30.62902]]]},"properties":{"type":"REC_FIXED_SITE_US","name":"Divot Makers RC - George Ford Rd.","identifier":"FAA-REC_FIXED_SITE_US:Divot Makers RC - George Ford Rd.","lowerLimit":"GND","upperLimit":"700 ft AGL","authority":"FAA (Recreational Flyer Fixed Sites)"}},
{"type":"Feature","geometry":{"type":"Polygon","coordinates":[[[-89.50528,30.79209],[-89.50672,30.78895],[-89.50374,30.78903],[-89.50528,30.79209]]]},"properties":{"type":"REC_FIXED_SITE_US","name":"Cross Flyers - Poplarville Airport","identifier":"FAA-REC_FIXED_SITE_US:Cross Flyers - Poplarville Airport","lowerLimit":"GND","upperLimit":"700 ft AGL","authority":"FAA (Recreational Flyer Fixed Sites)"}},
{"type":"Feature","geometry":{"type":"Polygon","coordinates":[[[-89.59491,30.7429],[-89.59701,30.7412],[-89.59357,30.73968],[-89.59491,30.7429]]]},"properties":{"type":"REC_FIXED_SITE_US","name":"South Mississippi RC Club - US 11","identifier":"FAA-REC_FIXED_SITE_US:South Mississippi RC Club - US 11","lowerLimit":"GND","upperLimit":"700 ft AGL","authority":"FAA (Recreational Flyer Fixed Sites)"}},
{"type":"Feature","geometry":{"type":"Polygon","coordinates":[[[-89.17511,30.50076],[-89.17524,30.49714],[-89.17301,30.49895],[-89.17511,30.50076]]]},"properties":{"type":"REC_FIXED_SITE_US","name":"Mississippi Coast RC Club - County Farm Rd","identifier":"FAA-REC_FIXED_SITE_US:Mississippi Coast RC Club - County Farm Rd","lowerLimit":"GND","upperLimit":"1200 ft AGL","authority":"FAA (Recreational Flyer Fixed Sites)"}},
{"type":"Feature","geometry":{"type":"Polygon","coordinates":[[[-88.6624,30.40719],[-88.66393,30.40414],[-88.66031,30.40527],[-88.6624,30.40719]]]},"properties":{"type":"REC_FIXED_SITE_US","name":"Aeronautics Club-Gautier High School","identifier":"FAA-REC_FIXED_SITE_US:Aeronautics Club-Gautier High School","lowerLimit":"GND","upperLimit":"1200 ft AGL","authority":"FAA (Recreational Flyer Fixed Sites)"}},
{"type":"Feature","geometry":{"type":"Polygon","coordinates":[[[-88.80825,30.49677],[-88.80838,30.49315],[-88.80615,30.49496],[-88.80825,30.49677]]]},"properties":{"type":"REC_FIXED_SITE_US","name":"Koast Air Modeling Society - Seaman Rd","identifier":"FAA-REC_FIXED_SITE_US:Koast Air Modeling Society - Seaman Rd","lowerLimit":"GND","upperLimit":"1200 ft AGL","authority":"FAA (Recreational Flyer Fixed Sites)"}},
{"type":"Feature","geometry":{"type":"Polygon","coordinates":[[[-88.79242,33.40724],[-88.79567,33.40484],[-88.79262,33.4046],[-88.79242,33.40724]]]},"properties":{"type":"REC_FIXED_SITE_US","name":"Mississippi State University Eagle Aces - Poor House Rd","identifier":"FAA-REC_FIXED_SITE_US:Mississippi State University Eagle Aces - Poor House Rd","lowerLimit":"GND","upperLimit":"700 ft AGL","authority":"FAA (Recreational Flyer Fixed Sites)"}},
{"type":"Feature","geometry":{"type":"Polygon","coordinates":[[[-109.31071,45.64199],[-109.31329,45.64029],[-109.30894,45.63886],[-109.31071,45.64199]]]},"properties":{"type":"REC_FIXED_SITE_US","name":"Odd Lucky Dudes Flying ALES Rising Thermals Soaring Society - Old Farts Flying Field","identifier":"FAA-REC_FIXED_SITE_US:Odd Lucky Dudes Flying ALES Rising Thermals Soaring Society - Old Farts Flying Field","lowerLimit":"GND","upperLimit":"1200 ft AGL","authority":"FAA (Recreational Flyer Fixed Sites)"}},
{"type":"Feature","geometry":{"type":"Polygon","coordinates":[[[-110.59674,45.46055],[-110.59706,45.45694],[-110.59417,45.45863],[-110.59674,45.46055]]]},"properties":{"type":"REC_FIXED_SITE_US","name":"Crazy Mountain Flyers RCM - Skattum Dairy Farm","identifier":"FAA-REC_FIXED_SITE_US:Crazy Mountain Flyers RCM - Skattum Dairy Farm","lowerLimit":"GND","upperLimit":"1200 ft AGL","authority":"FAA (Recreational Flyer Fixed Sites)"}},
{"type":"Feature","geometry":{"type":"Polygon","coordinates":[[[-108.60128,45.72676],[-108.60386,45.72507],[-108.59963,45.72356],[-108.60128,45.72676]]]},"properties":{"type":"REC_FIXED_SITE_US","name":"Billings Flying Mustangs - Zoo Dr","identifier":"FAA-REC_FIXED_SITE_US:Billings Flying Mustangs - Zoo Dr","lowerLimit":"GND","upperLimit":"700 ft AGL","authority":"FAA (Recreational Flyer Fixed Sites)"}},
{"type":"Feature","geometry":{"type":"Polygon","coordinates":[[[-108.72691,45.78738],[-108.72691,45.78376],[-108.72432,45.78546],[-108.72691,45.78738]]]},"properties":{"type":"REC_FIXED_SITE_US","name":"Billings Flying Mustangs - Grand Ave","identifier":"FAA-REC_FIXED_SITE_US:Billings Flying Mustangs - Grand Ave","lowerLimit":"GND","upperLimit":"700 ft AGL","authority":"FAA (Recreational Flyer Fixed Sites)"}},
{"type":"Feature","geometry":{"type":"Polygon","coordinates":[[[-104.14455,47.63939],[-104.14709,47.63702],[-104.14297,47.63612],[-104.14455,47.63939]]]},"properties":{"type":"REC_FIXED_SITE_US","name":"Sidney Plane Folks - Mercer Farm","identifier":"FAA-REC_FIXED_SITE_US:Sidney Plane Folks - Mercer Farm","lowerLimit":"GND","upperLimit":"700 ft AGL","authority":"FAA (Recreational Flyer Fixed Sites)"}},
{"type":"Feature","geometry":{"type":"Polygon","coordinates":[[[-104.70674,47.11415],[-104.70772,47.11065],[-104.70417,47.11189],[-104.70674,47.11415]]]},"properties":{"type":"REC_FIXED_SITE_US","name":"Glendive RC Bush Pilots - Dawson County High School","identifier":"FAA-REC_FIXED_SITE_US:Glendive RC Bush Pilots - Dawson County High School","lowerLimit":"GND","upperLimit":"700 ft AGL","authority":"FAA (Recreational Flyer Fixed Sites)"}},
{"type":"Feature","geometry":{"type":"Polygon","coordinates":[[[-104.8072,47.14053],[-104.80977,47.13917],[-104.80607,47.13708],[-104.8072,47.14053]]]},"properties":{"type":"REC_FIXED_SITE_US","name":"Glendive RC Bush Pilots - Dawson Community Airport","identifier":"FAA-REC_FIXED_SITE_US:Glendive RC Bush Pilots - Dawson Community Airport","lowerLimit":"GND","upperLimit":"700 ft AGL","authority":"FAA (Recreational Flyer Fixed Sites)"}},
{"type":"Feature","geometry":{"type":"Polygon","coordinates":[[[-105.30388,46.77971],[-105.30639,46.77734],[-105.30261,46.77631],[-105.30388,46.77971]]]},"properties":{"type":"REC_FIXED_SITE_US","name":"Glendive RC Bush Pilots - Terry Airport","identifier":"FAA-REC_FIXED_SITE_US:Glendive RC Bush Pilots - Terry Airport","lowerLimit":"GND","upperLimit":"1200 ft AGL","authority":"FAA (Recreational Flyer Fixed Sites)"}},
{"type":"Feature","geometry":{"type":"Polygon","coordinates":[[[-105.30846,46.79308],[-105.30959,46.78963],[-105.30591,46.79082],[-105.30846,46.79308]]]},"properties":{"type":"REC_FIXED_SITE_US","name":"Glendive RC Bush Pilots - Terry High School","identifier":"FAA-REC_FIXED_SITE_US:Glendive RC Bush Pilots - Terry High School","lowerLimit":"GND","upperLimit":"1200 ft AGL","authority":"FAA (Recreational Flyer Fixed Sites)"}},
{"type":"Feature","geometry":{"type":"Polygon","coordinates":[[[-111.2346,47.61604],[-111.23631,47.61283],[-111.23211,47.61356],[-111.2346,47.61604]]]},"properties":{"type":"REC_FIXED_SITE_US","name":"Big Sky RC Modelers - Black Horse Field","identifier":"FAA-REC_FIXED_SITE_US:Big Sky RC Modelers - Black Horse Field","lowerLimit":"GND","upperLimit":"700 ft AGL","authority":"FAA (Recreational Flyer Fixed Sites)"}},
{"type":"Feature","geometry":{"type":"Polygon","coordinates":[[[-111.81865,46.69351],[-111.8212,46.69125],[-111.81738,46.69011],[-111.81865,46.69351]]]},"properties":{"type":"REC_FIXED_SITE_US","name":"Helena Flying Tigers - Clark's Bay Day Use Site","identifier":"FAA-REC_FIXED_SITE_US:Helena Flying Tigers - Clark's Bay Day Use Site","lowerLimit":"GND","upperLimit":"1200 ft AGL","authority":"FAA (Recreational Flyer Fixed Sites)"}},
{"type":"Feature","geometry":{"type":"Polygon","coordinates":[[[-111.98024,46.69006],[-111.98151,46.68666],[-111.97769,46.6878],[-111.98024,46.69006]]]},"properties":{"type":"REC_FIXED_SITE_US","name":"Montana Elecric Sosaring Society - Masonic Home Rd","identifier":"FAA-REC_FIXED_SITE_US:Montana Elecric Sosaring Society - Masonic Home Rd","lowerLimit":"GND","upperLimit":"700 ft AGL","authority":"FAA (Recreational Flyer Fixed Sites)"}},
{"type":"Feature","geometry":{"type":"Polygon","coordinates":[[[-111.87861,46.64764],[-111.87958,46.64415],[-111.87603,46.64549],[-111.87861,46.64764]]]},"properties":{"type":"REC_FIXED_SITE_US","name":"Helena Flying Tigers - Helena Regulating Reservoir Rd (Main Field)","identifier":"FAA-REC_FIXED_SITE_US:Helena Flying Tigers - Helena Regulating Reservoir Rd (Main Field)","lowerLimit":"GND","upperLimit":"700 ft AGL","authority":"FAA (Recreational Flyer Fixed Sites)"}},
{"type":"Feature","geometry":{"type":"Polygon","coordinates":[[[-110.9618,45.67439],[-110.96212,45.67078],[-110.95922,45.67247],[-110.9618,45.67439]]]},"properties":{"type":"REC_FIXED_SITE_US","name":"Gallatin Eagles - Kelly Canyon Rd","identifier":"FAA-REC_FIXED_SITE_US:Gallatin Eagles - Kelly Canyon Rd","lowerLimit":"GND","upperLimit":"700 ft AGL","authority":"FAA (Recreational Flyer Fixed Sites)"}},
{"type":"Feature","geometry":{"type":"Polygon","coordinates":[[[-114.24194,47.02597],[-114.24307,47.02252],[-114.23934,47.02382],[-114.24194,47.02597]]]},"properties":{"type":"REC_FIXED_SITE_US","name":"Sky Thunderbirds - Frenchtown School District","identifier":"FAA-REC_FIXED_SITE_US:Sky Thunderbirds - Frenchtown School District","lowerLimit":"GND","upperLimit":"700 ft AGL","authority":"FAA (Recreational Flyer Fixed Sites)"}},
{"type":"Feature","geometry":{"type":"Polygon","coordinates":[[[-114.06834,47.64204],[-114.07093,47.63978],[-114.0669,47.6387],[-114.06834,47.64204]]]},"properties":{"type":"REC_FIXED_SITE_US","name":"Mission Valley Model Aviators - Keyser Field","identifier":"FAA-REC_FIXED_SITE_US:Mission Valley Model Aviators - Keyser Field","lowerLimit":"GND","upperLimit":"700 ft AGL","authority":"FAA (Recreational Flyer Fixed Sites)"}},
{"type":"Feature","geometry":{"type":"Polygon","coordinates":[[[-114.15,46.39514],[-114.15249,46.39277],[-114.14874,46.39174],[-114.15,46.39514]]]},"properties":{"type":"REC_FIXED_SITE_US","name":"Bitterroot Barnstormers, Inc - Totem View LN","identifier":"FAA-REC_FIXED_SITE_US:Bitterroot Barnstormers, Inc - Totem View LN","lowerLimit":"GND","upperLimit":"1200 ft AGL","authority":"FAA (Recreational Flyer Fixed Sites)"}},
{"type":"Feature","geometry":{"type":"MultiPolygon","coordinates":[[[[-114.32619,48.20192],[-114.32621,48.20198],[-114.3283,48.20264],[-114.32831,48.20263],[-114.32619,48.20192]]],[[[-114.3259,48.20021],[-114.32568,48.20038],[-114.32611,48.20167],[-114.3259,48.20021]]],[[[-114.32751,48.19916],[-114.3273,48.19915],[-114.32669,48.19962],[-114.32751,48.19916]]],[[[-114.32984,48.19945],[-114.32975,48.1993],[-114.32851,48.19922],[-114.32984,48.19945]]],[[[-114.3308,48.20134],[-114.33092,48.20128],[-114.33059,48.20073],[-114.3308,48.20134]]]]},"properties":{"type":"REC_FIXED_SITE_US","name":"Glacier R/Cers - Flathead County Fairgrounds Expo Building","identifier":"FAA-REC_FIXED_SITE_US:Glacier R/Cers - Flathead County Fairgrounds Expo Building","lowerLimit":"GND","upperLimit":"700 ft AGL","authority":"FAA (Recreational Flyer Fixed Sites)"}},
{"type":"Feature","geometry":{"type":"Polygon","coordinates":[[[-115.44449,48.37856],[-115.44707,48.37619],[-115.44289,48.37529],[-115.44449,48.37856]]]},"properties":{"type":"REC_FIXED_SITE_US","name":"Kootenai RC Flyers - Champion Haul Rd","identifier":"FAA-REC_FIXED_SITE_US:Kootenai RC Flyers - Champion Haul Rd","lowerLimit":"GND","upperLimit":"700 ft AGL","authority":"FAA (Recreational Flyer Fixed Sites)"}},
{"type":"Feature","geometry":{"type":"MultiPolygon","coordinates":[[[[-80.4403,36.22574],[-80.43995,36.22495],[-80.44076,36.22366],[-80.44232,36.22325],[-80.44387,36.22388],[-80.44356,36.22325],[-80.44207,36.22268],[-80.43969,36.22438],[-80.4403,36.22574]]],[[[-80.44404,36.22423],[-80.44416,36.22452],[-80.44417,36.22449],[-80.44404,36.22423]]]]},"properties":{"type":"REC_FIXED_SITE_US","name":"Riverside Aero Modelers Society -  Poindexter Road","identifier":"FAA-REC_FIXED_SITE_US:Riverside Aero Modelers Society -  Poindexter Road","lowerLimit":"GND","upperLimit":"1200 ft AGL","authority":"FAA (Recreational Flyer Fixed Sites)"}},
{"type":"Feature","geometry":{"type":"Polygon","coordinates":[[[-80.8597,36.50905],[-80.86195,36.50724],[-80.85816,36.50592],[-80.8597,36.50905]]]},"properties":{"type":"REC_FIXED_SITE_US","name":"Lowgap Flying Club - Hidden Valley Rd/Ramey Creek Rd","identifier":"FAA-REC_FIXED_SITE_US:Lowgap Flying Club - Hidden Valley Rd/Ramey Creek Rd","lowerLimit":"GND","upperLimit":"1200 ft AGL","authority":"FAA (Recreational Flyer Fixed Sites)"}},
{"type":"Feature","geometry":{"type":"Polygon","coordinates":[[[-80.564,36.45581],[-80.56573,36.45284],[-80.56257,36.4526],[-80.564,36.45581]]]},"properties":{"type":"REC_FIXED_SITE_US","name":"Holly Springs Barnstormers - US 52","identifier":"FAA-REC_FIXED_SITE_US:Holly Springs Barnstormers - US 52","lowerLimit":"GND","upperLimit":"700 ft AGL","authority":"FAA (Recreational Flyer Fixed Sites)"}},
{"type":"Feature","geometry":{"type":"Polygon","coordinates":[[[-80.14833,36.30331],[-80.15006,36.30034],[-80.1469,36.3001],[-80.14833,36.30331]]]},"properties":{"type":"REC_FIXED_SITE_US","name":"MeadowBrook RC Flyers - Airport Rd","identifier":"FAA-REC_FIXED_SITE_US:MeadowBrook RC Flyers - Airport Rd","lowerLimit":"GND","upperLimit":"700 ft AGL","authority":"FAA (Recreational Flyer Fixed Sites)"}},
{"type":"Feature","geometry":{"type":"Polygon","coordinates":[[[-80.3019,36.03553],[-80.30362,36.03256],[-80.30048,36.03232],[-80.3019,36.03553]]]},"properties":{"type":"REC_FIXED_SITE_US","name":"Hobby Park RCers - Hobby Park","identifier":"FAA-REC_FIXED_SITE_US:Hobby Park RCers - Hobby Park","lowerLimit":"GND","upperLimit":"700 ft AGL","authority":"FAA (Recreational Flyer Fixed Sites)"}},
{"type":"Feature","geometry":{"type":"Polygon","coordinates":[[[-79.71689,36.21495],[-79.71913,36.21313],[-79.71675,36.21132],[-79.71689,36.21495]]]},"properties":{"type":"REC_FIXED_SITE_US","name":"Greensboro RC Aeromodelers - Doggett Rd","identifier":"FAA-REC_FIXED_SITE_US:Greensboro RC Aeromodelers - Doggett Rd","lowerLimit":"GND","upperLimit":"1200 ft AGL","authority":"FAA (Recreational Flyer Fixed Sites)"}},
{"type":"Feature","geometry":{"type":"Polygon","coordinates":[[[-79.36177,35.88324],[-79.364,35.88142],[-79.36163,35.87961],[-79.36177,35.88324]]]},"properties":{"type":"REC_FIXED_SITE_US","name":"Burlington Alamance Radio Kontrol Society - Major Hill Rd","identifier":"FAA-REC_FIXED_SITE_US:Burlington Alamance Radio Kontrol Society - Major Hill Rd","lowerLimit":"GND","upperLimit":"1200 ft AGL","authority":"FAA (Recreational Flyer Fixed Sites)"}},
{"type":"Feature","geometry":{"type":"Polygon","coordinates":[[[-79.51667,35.88882],[-79.51992,35.88634],[-79.51667,35.88618],[-79.51667,35.88882]]]},"properties":{"type":"REC_FIXED_SITE_US","name":"Old Julian Airport Model Airplane Club - Old Julian Airport","identifier":"FAA-REC_FIXED_SITE_US:Old Julian Airport Model Airplane Club - Old Julian Airport","lowerLimit":"GND","upperLimit":"700 ft AGL","authority":"FAA (Recreational Flyer Fixed Sites)"}},
{"type":"Feature","geometry":{"type":"Polygon","coordinates":[[[-79.83669,35.87423],[-79.83892,35.87253],[-79.83527,35.87102],[-79.83669,35.87423]]]},"properties":{"type":"REC_FIXED_SITE_US","name":"Central Carolina Modelers - Davis County Rd","identifier":"FAA-REC_FIXED_SITE_US:Central Carolina Modelers - Davis County Rd","lowerLimit":"GND","upperLimit":"1200 ft AGL","authority":"FAA (Recreational Flyer Fixed Sites)"}},
{"type":"Feature","geometry":{"type":"Polygon","coordinates":[[[-79.23364,35.38209],[-79.23687,35.37961],[-79.23384,35.37945],[-79.23364,35.38209]]]},"properties":{"type":"REC_FIXED_SITE_US","name":"Sanford Model Airplane Club - Jefferson Davis Hwy","identifier":"FAA-REC_FIXED_SITE_US:Sanford Model Airplane Club - Jefferson Davis Hwy","lowerLimit":"GND","upperLimit":"1200 ft AGL","authority":"FAA (Recreational Flyer Fixed Sites)"}},
{"type":"Feature","geometry":{"type":"Polygon","coordinates":[[[-79.80931,36.24956],[-79.80945,36.24593],[-79.80707,36.24774],[-79.80931,36.24956]]]},"properties":{"type":"REC_FIXED_SITE_US","name":"County Line R/C Modelers - Scalesville Rd","identifier":"FAA-REC_FIXED_SITE_US:County Line R/C Modelers - Scalesville Rd","lowerLimit":"GND","upperLimit":"700 ft AGL","authority":"FAA (Recreational Flyer Fixed Sites)"}},
{"type":"Feature","geometry":{"type":"Polygon","coordinates":[[[-79.50839,35.25064],[-79.5117,35.24824],[-79.50859,35.248],[-79.50839,35.25064]]]},"properties":{"type":"REC_FIXED_SITE_US","name":"Seven Lakes Aero Modelers - Auman Farms","identifier":"FAA-REC_FIXED_SITE_US:Seven Lakes Aero Modelers - Auman Farms","lowerLimit":"GND","upperLimit":"700 ft AGL","authority":"FAA (Recreational Flyer Fixed Sites)"}},
{"type":"Feature","geometry":{"type":"Polygon","coordinates":[[[-79.09128,35.97201],[-79.093,35.96904],[-79.08905,35.97009],[-79.09128,35.97201]]]},"properties":{"type":"REC_FIXED_SITE_US","name":"Deer Devils, Duke Forest","identifier":"FAA-REC_FIXED_SITE_US:Deer Devils, Duke Forest","lowerLimit":"GND","upperLimit":"1200 ft AGL","authority":"FAA (Recreational Flyer Fixed Sites)"}},
{"type":"Feature","geometry":{"type":"Polygon","coordinates":[[[-78.49499,36.11114],[-78.49662,36.10808],[-78.49337,36.10808],[-78.49499,36.11114]]]},"properties":{"type":"REC_FIXED_SITE_US","name":"Raleigh Aero Masters Inc - Fred Wilder Rd","identifier":"FAA-REC_FIXED_SITE_US:Raleigh Aero Masters Inc - Fred Wilder Rd","lowerLimit":"GND","upperLimit":"1200 ft AGL","authority":"FAA (Recreational Flyer Fixed Sites)"}},
{"type":"Feature","geometry":{"type":"Polygon","coordinates":[[[-78.88679,35.57748],[-78.88901,35.57578],[-78.88517,35.57443],[-78.88679,35.57748]]]},"properties":{"type":"REC_FIXED_SITE_US","name":"Southern Wake Aero Modeling Pilots Society - Tutor Stephens Rd","identifier":"FAA-REC_FIXED_SITE_US:Southern Wake Aero Modeling Pilots Society - Tutor Stephens Rd","lowerLimit":"GND","upperLimit":"1200 ft AGL","authority":"FAA (Recreational Flyer Fixed Sites)"}},
{"type":"Feature","geometry":{"type":"Polygon","coordinates":[[[-78.81628,35.64201],[-78.8178,35.63888],[-78.81456,35.63904],[-78.81628,35.64201]]]},"properties":{"type":"REC_FIXED_SITE_US","name":"Holly Springs Skyhawks RC Group - Hawk Field","identifier":"FAA-REC_FIXED_SITE_US:Holly Springs Skyhawks RC Group - Hawk Field","lowerLimit":"GND","upperLimit":"1200 ft AGL","authority":"FAA (Recreational Flyer Fixed Sites)"}},
{"type":"Feature","geometry":{"type":"Polygon","coordinates":[[[-78.4362,35.79936],[-78.43634,35.79574],[-78.43397,35.79755],[-78.4362,35.79936]]]},"properties":{"type":"REC_FIXED_SITE_US","name":"RC Helis Only (RCHO) - Three Sisters Rd","identifier":"FAA-REC_FIXED_SITE_US:RC Helis Only (RCHO) - Three Sisters Rd","lowerLimit":"GND","upperLimit":"1200 ft AGL","authority":"FAA (Recreational Flyer Fixed Sites)"}},
{"type":"Feature","geometry":{"type":"Polygon","coordinates":[[[-78.37922,35.49513],[-78.38305,35.494],[-78.38083,35.49207],[-78.37922,35.49513]]]},"properties":{"type":"REC_FIXED_SITE_US","name":"Johnston County Aeromodeling Club - Galilee Rd","identifier":"FAA-REC_FIXED_SITE_US:Johnston County Aeromodeling Club - Galilee Rd","lowerLimit":"GND","upperLimit":"700 ft AGL","authority":"FAA (Recreational Flyer Fixed Sites)"}},
{"type":"Feature","geometry":{"type":"Polygon","coordinates":[[[-78.35216,35.94275],[-78.3523,35.93912],[-78.34993,35.94082],[-78.35216,35.94275]]]},"properties":{"type":"REC_FIXED_SITE_US","name":"Raleigh Durham Radio Control - Bethlehem Church Rd","identifier":"FAA-REC_FIXED_SITE_US:Raleigh Durham Radio Control - Bethlehem Church Rd","lowerLimit":"GND","upperLimit":"700 ft AGL","authority":"FAA (Recreational Flyer Fixed Sites)"}},
{"type":"Feature","geometry":{"type":"Polygon","coordinates":[[[-78.04294,35.8013],[-78.04456,35.79824],[-78.04072,35.79937],[-78.04294,35.8013]]]},"properties":{"type":"REC_FIXED_SITE_US","name":"Wilson RC - Simms Field","identifier":"FAA-REC_FIXED_SITE_US:Wilson RC - Simms Field","lowerLimit":"GND","upperLimit":"700 ft AGL","authority":"FAA (Recreational Flyer Fixed Sites)"}},
{"type":"Feature","geometry":{"type":"Polygon","coordinates":[[[-77.56778,35.62884],[-77.57111,35.62644],[-77.56798,35.6262],[-77.56778,35.62884]]]},"properties":{"type":"REC_FIXED_SITE_US","name":"Down East Soaring Society - California Rd","identifier":"FAA-REC_FIXED_SITE_US:Down East Soaring Society - California Rd","lowerLimit":"GND","upperLimit":"1200 ft AGL","authority":"FAA (Recreational Flyer Fixed Sites)"}},
{"type":"Feature","geometry":{"type":"Polygon","coordinates":[[[-77.62171,36.47194],[-77.62395,36.47024],[-77.62007,36.46889],[-77.62171,36.47194]]]},"properties":{"type":"REC_FIXED_SITE_US","name":"95th Squadron - Rte 46","identifier":"FAA-REC_FIXED_SITE_US:95th Squadron - Rte 46","lowerLimit":"GND","upperLimit":"1200 ft AGL","authority":"FAA (Recreational Flyer Fixed Sites)"}},
{"type":"Feature","geometry":{"type":"Polygon","coordinates":[[[-75.81519,35.83916],[-75.81681,35.8361],[-75.81296,35.83734],[-75.81519,35.83916]]]},"properties":{"type":"REC_FIXED_SITE_US","name":"Dare County RC Flyers - Link Rd","identifier":"FAA-REC_FIXED_SITE_US:Dare County RC Flyers - Link Rd","lowerLimit":"GND","upperLimit":"1200 ft AGL","authority":"FAA (Recreational Flyer Fixed Sites)"}},
{"type":"Feature","geometry":{"type":"Polygon","coordinates":[[[-81.28914,35.33697],[-81.29245,35.33457],[-81.28934,35.33433],[-81.28914,35.33697]]]},"properties":{"type":"REC_FIXED_SITE_US","name":"The Gaston R/C Flyers - Biggerstaff Landfill","identifier":"FAA-REC_FIXED_SITE_US:The Gaston R/C Flyers - Biggerstaff Landfill","lowerLimit":"GND","upperLimit":"1200 ft AGL","authority":"FAA (Recreational Flyer Fixed Sites)"}},
{"type":"Feature","geometry":{"type":"Polygon","coordinates":[[[-80.8169,35.40371],[-80.81861,35.40074],[-80.81549,35.4005],[-80.8169,35.40371]]]},"properties":{"type":"REC_FIXED_SITE_US","name":"Flying Aces Pilot Association - David B Waymer Aeromodeler Field","identifier":"FAA-REC_FIXED_SITE_US:Flying Aces Pilot Association - David B Waymer Aeromodeler Field","lowerLimit":"GND","upperLimit":"700 ft AGL","authority":"FAA (Recreational Flyer Fixed Sites)"}},
{"type":"Feature","geometry":{"type":"Polygon","coordinates":[[[-80.56378,35.07212],[-80.56548,35.06915],[-80.56217,35.06907],[-80.56378,35.07212]]]},"properties":{"type":"REC_FIXED_SITE_US","name":"PoBoy's Proptwisters RC Flying Field","identifier":"FAA-REC_FIXED_SITE_US:PoBoy's Proptwisters RC Flying Field","lowerLimit":"GND","upperLimit":"700 ft AGL","authority":"FAA (Recreational Flyer Fixed Sites)"}},
{"type":"Feature","geometry":{"type":"Polygon","coordinates":[[[-80.62759,34.90466],[-80.63061,34.90466],[-80.63071,34.9021],[-80.62759,34.90466]]]},"properties":{"type":"REC_FIXED_SITE_US","name":"Top Gun Rejects - Parkwood High School","identifier":"FAA-REC_FIXED_SITE_US:Top Gun Rejects - Parkwood High School","lowerLimit":"GND","upperLimit":"700 ft AGL","authority":"FAA (Recreational Flyer Fixed Sites)"}},
{"type":"Feature","geometry":{"type":"Polygon","coordinates":[[[-80.40955,35.32936],[-80.41117,35.3263],[-80.40794,35.3263],[-80.40955,35.32936]]]},"properties":{"type":"REC_FIXED_SITE_US","name":"Smith Lake Flyers - Bernie Smith Aerodrome","identifier":"FAA-REC_FIXED_SITE_US:Smith Lake Flyers - Bernie Smith Aerodrome","lowerLimit":"GND","upperLimit":"1200 ft AGL","authority":"FAA (Recreational Flyer Fixed Sites)"}},
{"type":"Feature","geometry":{"type":"Polygon","coordinates":[[[-80.3916,35.41531],[-80.39331,35.41234],[-80.39019,35.4121],[-80.3916,35.41531]]]},"properties":{"type":"REC_FIXED_SITE_US","name":"Cabarrus RC Fliers - Dutch Rd","identifier":"FAA-REC_FIXED_SITE_US:Cabarrus RC Fliers - Dutch Rd","lowerLimit":"GND","upperLimit":"1200 ft AGL","authority":"FAA (Recreational Flyer Fixed Sites)"}},
{"type":"Feature","geometry":{"type":"Polygon","coordinates":[[[-80.35328,35.63459],[-80.35652,35.63211],[-80.35328,35.63195],[-80.35328,35.63459]]]},"properties":{"type":"REC_FIXED_SITE_US","name":"Rowan Aero Modelers Inc 4","identifier":"FAA-REC_FIXED_SITE_US:Rowan Aero Modelers Inc 4","lowerLimit":"GND","upperLimit":"1200 ft AGL","authority":"FAA (Recreational Flyer Fixed Sites)"}},
{"type":"Feature","geometry":{"type":"Polygon","coordinates":[[[-79.29422,35.31957],[-79.29753,35.31717],[-79.29442,35.31693],[-79.29422,35.31957]]]},"properties":{"type":"REC_FIXED_SITE_US","name":"Sandhills Model Aircraft Club - NC Hwy 24","identifier":"FAA-REC_FIXED_SITE_US:Sandhills Model Aircraft Club - NC Hwy 24","lowerLimit":"GND","upperLimit":"1200 ft AGL","authority":"FAA (Recreational Flyer Fixed Sites)"}},
{"type":"Feature","geometry":{"type":"Polygon","coordinates":[[[-79.4605,34.70082],[-79.46064,34.6972],[-79.4583,34.69901],[-79.4605,34.70082]]]},"properties":{"type":"REC_FIXED_SITE_US","name":"Scotland County RC Flyers - Jerusalem Rd","identifier":"FAA-REC_FIXED_SITE_US:Scotland County RC Flyers - Jerusalem Rd","lowerLimit":"GND","upperLimit":"700 ft AGL","authority":"FAA (Recreational Flyer Fixed Sites)"}},
{"type":"Feature","geometry":{"type":"Polygon","coordinates":[[[-78.962,34.49184],[-78.96529,34.48944],[-78.9622,34.4892],[-78.962,34.49184]]]},"properties":{"type":"REC_FIXED_SITE_US","name":"Mt Elim RC Club - Hwy 72 E","identifier":"FAA-REC_FIXED_SITE_US:Mt Elim RC Club - Hwy 72 E","lowerLimit":"GND","upperLimit":"1200 ft AGL","authority":"FAA (Recreational Flyer Fixed Sites)"}},
{"type":"Feature","geometry":{"type":"Polygon","coordinates":[[[-78.6942,35.1088],[-78.69581,35.10575],[-78.692,35.10687],[-78.6942,35.1088]]]},"properties":{"type":"REC_FIXED_SITE_US","name":"Piedmont Aeromodelers Flying Club, Hayfield Road","identifier":"FAA-REC_FIXED_SITE_US:Piedmont Aeromodelers Flying Club, Hayfield Road","lowerLimit":"GND","upperLimit":"1200 ft AGL","authority":"FAA (Recreational Flyer Fixed Sites)"}},
{"type":"Feature","geometry":{"type":"Polygon","coordinates":[[[-78.0664,34.50179],[-78.06969,34.49939],[-78.0666,34.49915],[-78.0664,34.50179]]]},"properties":{"type":"REC_FIXED_SITE_US","name":"Wilmington Model Flying Club - Union Chapel Rd","identifier":"FAA-REC_FIXED_SITE_US:Wilmington Model Flying Club - Union Chapel Rd","lowerLimit":"GND","upperLimit":"1200 ft AGL","authority":"FAA (Recreational Flyer Fixed Sites)"}},
{"type":"Feature","geometry":{"type":"Polygon","coordinates":[[[-77.59183,34.44243],[-77.59552,34.44122],[-77.59183,34.43979],[-77.59183,34.44243]]]},"properties":{"type":"REC_FIXED_SITE_US","name":"Topsail Electric Flyers Association - Old Post Office Rd","identifier":"FAA-REC_FIXED_SITE_US:Topsail Electric Flyers Association - Old Post Office Rd","lowerLimit":"GND","upperLimit":"1200 ft AGL","authority":"FAA (Recreational Flyer Fixed Sites)"}},
{"type":"Feature","geometry":{"type":"Polygon","coordinates":[[[-77.24132,34.77204],[-77.24351,34.77012],[-77.23962,34.76907],[-77.24132,34.77204]]]},"properties":{"type":"REC_FIXED_SITE_US","name":"New River Modelers Association - Riggs Rd","identifier":"FAA-REC_FIXED_SITE_US:New River Modelers Association - Riggs Rd","lowerLimit":"GND","upperLimit":"1200 ft AGL","authority":"FAA (Recreational Flyer Fixed Sites)"}},
{"type":"Feature","geometry":{"type":"Polygon","coordinates":[[[-77.82212,35.34235],[-77.82383,35.33938],[-77.81991,35.34043],[-77.82212,35.34235]]]},"properties":{"type":"REC_FIXED_SITE_US","name":"East Carolina RCers - County Line Rd","identifier":"FAA-REC_FIXED_SITE_US:East Carolina RCers - County Line Rd","lowerLimit":"GND","upperLimit":"1200 ft AGL","authority":"FAA (Recreational Flyer Fixed Sites)"}},
{"type":"Feature","geometry":{"type":"Polygon","coordinates":[[[-81.62914,36.23765],[-81.63057,36.23444],[-81.6269,36.23584],[-81.62914,36.23765]]]},"properties":{"type":"REC_FIXED_SITE_US","name":"Watauga Aero Modelers - Roby Greene Rd","identifier":"FAA-REC_FIXED_SITE_US:Watauga Aero Modelers - Roby Greene Rd","lowerLimit":"GND","upperLimit":"1200 ft AGL","authority":"FAA (Recreational Flyer Fixed Sites)"}},
{"type":"Feature","geometry":{"type":"Polygon","coordinates":[[[-80.78625,35.77282],[-80.78848,35.771],[-80.78403,35.77089],[-80.78625,35.77282]]]},"properties":{"type":"REC_FIXED_SITE_US","name":"Statesville Fliers RC Club Inc - John Long Rd","identifier":"FAA-REC_FIXED_SITE_US:Statesville Fliers RC Club Inc - John Long Rd","lowerLimit":"GND","upperLimit":"1200 ft AGL","authority":"FAA (Recreational Flyer Fixed Sites)"}},
{"type":"Feature","geometry":{"type":"Polygon","coordinates":[[[-80.86518,36.20478],[-80.86741,36.20286],[-80.86345,36.20181],[-80.86518,36.20478]]]},"properties":{"type":"REC_FIXED_SITE_US","name":"Swan Creek Radio Aero Modelers - Swan Creek Rd","identifier":"FAA-REC_FIXED_SITE_US:Swan Creek Radio Aero Modelers - Swan Creek Rd","lowerLimit":"GND","upperLimit":"700 ft AGL","authority":"FAA (Recreational Flyer Fixed Sites)"}},
{"type":"Feature","geometry":{"type":"Polygon","coordinates":[[[-81.25687,35.60458],[-81.25909,35.60266],[-81.25525,35.60153],[-81.25687,35.60458]]]},"properties":{"type":"REC_FIXED_SITE_US","name":"West Hickory Aero Modelers - WHAM RC Field","identifier":"FAA-REC_FIXED_SITE_US:West Hickory Aero Modelers - WHAM RC Field","lowerLimit":"GND","upperLimit":"1200 ft AGL","authority":"FAA (Recreational Flyer Fixed Sites)"}},
{"type":"Feature","geometry":{"type":"Polygon","coordinates":[[[-80.92264,36.08043],[-80.92436,36.07746],[-80.92041,36.07851],[-80.92264,36.08043]]]},"properties":{"type":"REC_FIXED_SITE_US","name":"Hunting Creek RC Club - Hunting Creek Rd","identifier":"FAA-REC_FIXED_SITE_US:Hunting Creek RC Club - Hunting Creek Rd","lowerLimit":"GND","upperLimit":"1200 ft AGL","authority":"FAA (Recreational Flyer Fixed Sites)"}},
{"type":"Feature","geometry":{"type":"Polygon","coordinates":[[[-80.98586,36.20624],[-80.98922,36.20385],[-80.98596,36.20368],[-80.98586,36.20624]]]},"properties":{"type":"REC_FIXED_SITE_US","name":"Rivers Edge RC Club - Wilkes County Landfill","identifier":"FAA-REC_FIXED_SITE_US:Rivers Edge RC Club - Wilkes County Landfill","lowerLimit":"GND","upperLimit":"700 ft AGL","authority":"FAA (Recreational Flyer Fixed Sites)"}},
{"type":"Feature","geometry":{"type":"Polygon","coordinates":[[[-81.13962,36.48288],[-81.14135,36.47991],[-81.13819,36.47967],[-81.13962,36.48288]]]},"properties":{"type":"REC_FIXED_SITE_US","name":"Evergreen Flying Club-Tayson Rd.","identifier":"FAA-REC_FIXED_SITE_US:Evergreen Flying Club-Tayson Rd.","lowerLimit":"GND","upperLimit":"1200 ft AGL","authority":"FAA (Recreational Flyer Fixed Sites)"}},
{"type":"Feature","geometry":{"type":"Polygon","coordinates":[[[-83.39958,35.4414],[-83.40341,35.44027],[-83.40119,35.43834],[-83.39958,35.4414]]]},"properties":{"type":"REC_FIXED_SITE_US","name":"Kituwah RC Club - Kituwah Park","identifier":"FAA-REC_FIXED_SITE_US:Kituwah RC Club - Kituwah Park","lowerLimit":"GND","upperLimit":"700 ft AGL","authority":"FAA (Recreational Flyer Fixed Sites)"}},
{"type":"Feature","geometry":{"type":"Polygon","coordinates":[[[-82.88254,35.5418],[-82.88638,35.54067],[-82.88416,35.53874],[-82.88254,35.5418]]]},"properties":{"type":"REC_FIXED_SITE_US","name":"Miniature Aircraft Society of Haywood LLC - Caring Place Loop","identifier":"FAA-REC_FIXED_SITE_US:Miniature Aircraft Society of Haywood LLC - Caring Place Loop","lowerLimit":"GND","upperLimit":"1200 ft AGL","authority":"FAA (Recreational Flyer Fixed Sites)"}},
{"type":"Feature","geometry":{"type":"Polygon","coordinates":[[[-83.3657,35.2113],[-83.36584,35.20768],[-83.36349,35.20949],[-83.3657,35.2113]]]},"properties":{"type":"REC_FIXED_SITE_US","name":"Franklin R/C Flyers - Radio Hill Rd","identifier":"FAA-REC_FIXED_SITE_US:Franklin R/C Flyers - Radio Hill Rd","lowerLimit":"GND","upperLimit":"700 ft AGL","authority":"FAA (Recreational Flyer Fixed Sites)"}},
{"type":"Feature","geometry":{"type":"Polygon","coordinates":[[[-83.383,35.06451],[-83.38314,35.06089],[-83.38079,35.0627],[-83.383,35.06451]]]},"properties":{"type":"REC_FIXED_SITE_US","name":"Macon Aero Modelers Inc - Tessentee Rd","identifier":"FAA-REC_FIXED_SITE_US:Macon Aero Modelers Inc - Tessentee Rd","lowerLimit":"GND","upperLimit":"1200 ft AGL","authority":"FAA (Recreational Flyer Fixed Sites)"}},
{"type":"Feature","geometry":{"type":"Polygon","coordinates":[[[-82.7045,35.23716],[-82.70621,35.23419],[-82.70229,35.23535],[-82.7045,35.23716]]]},"properties":{"type":"REC_FIXED_SITE_US","name":"Henderson County Flyers - Wilson Rd","identifier":"FAA-REC_FIXED_SITE_US:Henderson County Flyers - Wilson Rd","lowerLimit":"GND","upperLimit":"1200 ft AGL","authority":"FAA (Recreational Flyer Fixed Sites)"}},
{"type":"Feature","geometry":{"type":"Polygon","coordinates":[[[-81.3795,36.27831],[-81.38123,36.27534],[-81.37807,36.2751],[-81.3795,36.27831]]]},"properties":{"type":"REC_FIXED_SITE_US","name":"High Country Soaring Society - Blue Ridge Parkway/The Lump Overlook","identifier":"FAA-REC_FIXED_SITE_US:High Country Soaring Society - Blue Ridge Parkway/The Lump Overlook","lowerLimit":"GND","upperLimit":"700 ft AGL","authority":"FAA (Recreational Flyer Fixed Sites)"}},
{"type":"Feature","geometry":{"type":"Polygon","coordinates":[[[-83.94619,35.04889],[-83.9495,35.04649],[-83.94639,35.04625],[-83.94619,35.04889]]]},"properties":{"type":"REC_FIXED_SITE_US","name":"Brasstown Flyers - Settawig Rd","identifier":"FAA-REC_FIXED_SITE_US:Brasstown Flyers - Settawig Rd","lowerLimit":"GND","upperLimit":"700 ft AGL","authority":"FAA (Recreational Flyer Fixed Sites)"}},
{"type":"Feature","geometry":{"type":"Polygon","coordinates":[[[-76.31,36.20781],[-76.31014,36.20419],[-76.30776,36.206],[-76.31,36.20781]]]},"properties":{"type":"REC_FIXED_SITE_US","name":"River City R/C - Godfrey Field","identifier":"FAA-REC_FIXED_SITE_US:River City R/C - Godfrey Field","lowerLimit":"GND","upperLimit":"700 ft AGL","authority":"FAA (Recreational Flyer Fixed Sites)"}},
{"type":"Feature","geometry":{"type":"Polygon","coordinates":[[[-80.44416,36.22452],[-80.44404,36.22423],[-80.44391,36.2239],[-80.44387,36.22388],[-80.44232,36.22325],[-80.44076,36.22366],[-80.43995,36.22495],[-80.4403,36.22574],[-80.44055,36.2263],[-80.44218,36.22687],[-80.44372,36.22638],[-80.44442,36.22517],[-80.44416,36.22452]]]},"properties":{"type":"REC_FIXED_SITE_US","name":"Riverside Aero Modelers Society - Apperson Rd/overflight area","identifier":"FAA-REC_FIXED_SITE_US:Riverside Aero Modelers Society - Apperson Rd/overflight area","lowerLimit":"GND","upperLimit":"1200 ft AGL","authority":"FAA (Recreational Flyer Fixed Sites)"}},
{"type":"Feature","geometry":{"type":"Polygon","coordinates":[[[-80.5082,35.9161],[-80.51145,35.91362],[-80.5082,35.91346],[-80.5082,35.9161]]]},"properties":{"type":"REC_FIXED_SITE_US","name":"Winston-Salem RC Club - Phillips Lane","identifier":"FAA-REC_FIXED_SITE_US:Winston-Salem RC Club - Phillips Lane","lowerLimit":"GND","upperLimit":"700 ft AGL","authority":"FAA (Recreational Flyer Fixed Sites)"}},
{"type":"Feature","geometry":{"type":"Polygon","coordinates":[[[-80.19993,35.84004],[-80.20378,35.83892],[-80.2017,35.83699],[-80.19993,35.84004]]]},"properties":{"type":"REC_FIXED_SITE_US","name":"Triad Aeromodelers, Inc - Lee Smith Rd","identifier":"FAA-REC_FIXED_SITE_US:Triad Aeromodelers, Inc - Lee Smith Rd","lowerLimit":"GND","upperLimit":"700 ft AGL","authority":"FAA (Recreational Flyer Fixed Sites)"}},
{"type":"Feature","geometry":{"type":"Polygon","coordinates":[[[-79.29768,35.44947],[-79.30131,35.44796],[-79.29895,35.44626],[-79.29768,35.44947]]]},"properties":{"type":"REC_FIXED_SITE_US","name":"North Carolina Drone Club - Devils Ridge Motocross","identifier":"FAA-REC_FIXED_SITE_US:North Carolina Drone Club - Devils Ridge Motocross","lowerLimit":"GND","upperLimit":"1200 ft AGL","authority":"FAA (Recreational Flyer Fixed Sites)"}},
{"type":"Feature","geometry":{"type":"Polygon","coordinates":[[[-77.75411,35.80181],[-77.75573,35.79876],[-77.75249,35.79876],[-77.75411,35.80181]]]},"properties":{"type":"REC_FIXED_SITE_US","name":"Tarheel R/C Flyers - Town Creek Field","identifier":"FAA-REC_FIXED_SITE_US:Tarheel R/C Flyers - Town Creek Field","lowerLimit":"GND","upperLimit":"1200 ft AGL","authority":"FAA (Recreational Flyer Fixed Sites)"}},
{"type":"Feature","geometry":{"type":"Polygon","coordinates":[[[-80.6508,35.52812],[-80.65403,35.52564],[-80.65091,35.5254],[-80.6508,35.52812]]]},"properties":{"type":"REC_FIXED_SITE_US","name":"Yardbirds RC Aircraft-Strider Circle","identifier":"FAA-REC_FIXED_SITE_US:Yardbirds RC Aircraft-Strider Circle","lowerLimit":"GND","upperLimit":"700 ft AGL","authority":"FAA (Recreational Flyer Fixed Sites)"}},
{"type":"Feature","geometry":{"type":"Polygon","coordinates":[[[-80.43167,35.13615],[-80.43328,35.1331],[-80.43006,35.1331],[-80.43167,35.13615]]]},"properties":{"type":"REC_FIXED_SITE_US","name":"Charlotte Aeromodelers Inc - McCracken Aerodrome","identifier":"FAA-REC_FIXED_SITE_US:Charlotte Aeromodelers Inc - McCracken Aerodrome","lowerLimit":"GND","upperLimit":"1200 ft AGL","authority":"FAA (Recreational Flyer Fixed Sites)"}},
{"type":"Feature","geometry":{"type":"Polygon","coordinates":[[[-80.75738,35.52849],[-80.759,35.52544],[-80.75586,35.52536],[-80.75738,35.52849]]]},"properties":{"type":"REC_FIXED_SITE_US","name":"RC Wingers - Patterson Farm Rd","identifier":"FAA-REC_FIXED_SITE_US:RC Wingers - Patterson Farm Rd","lowerLimit":"GND","upperLimit":"700 ft AGL","authority":"FAA (Recreational Flyer Fixed Sites)"}},
{"type":"Feature","geometry":{"type":"Polygon","coordinates":[[[-79.11995,35.26946],[-79.12156,35.26641],[-79.11774,35.26753],[-79.11995,35.26946]]]},"properties":{"type":"REC_FIXED_SITE_US","name":"Johnsonville Model Aircraft Society - Hillmon Grove","identifier":"FAA-REC_FIXED_SITE_US:Johnsonville Model Aircraft Society - Hillmon Grove","lowerLimit":"GND","upperLimit":"700 ft AGL","authority":"FAA (Recreational Flyer Fixed Sites)"}},
{"type":"Feature","geometry":{"type":"Polygon","coordinates":[[[-78.63506,35.36312],[-78.63677,35.36015],[-78.63365,35.35991],[-78.63506,35.36312]]]},"properties":{"type":"REC_FIXED_SITE_US","name":"Harnett Mini Aero Club - Red Hill Church Rd","identifier":"FAA-REC_FIXED_SITE_US:Harnett Mini Aero Club - Red Hill Church Rd","lowerLimit":"GND","upperLimit":"700 ft AGL","authority":"FAA (Recreational Flyer Fixed Sites)"}},
{"type":"Feature","geometry":{"type":"Polygon","coordinates":[[[-79.036,34.93361],[-79.0377,34.93064],[-79.0338,34.93169],[-79.036,34.93361]]]},"properties":{"type":"REC_FIXED_SITE_US","name":"Davis Bridge Aeromodelers - Parnell Farms","identifier":"FAA-REC_FIXED_SITE_US:Davis Bridge Aeromodelers - Parnell Farms","lowerLimit":"GND","upperLimit":"700 ft AGL","authority":"FAA (Recreational Flyer Fixed Sites)"}},
{"type":"Feature","geometry":{"type":"Polygon","coordinates":[[[-76.84424,34.76014],[-76.84585,34.75708],[-76.84205,34.75821],[-76.84424,34.76014]]]},"properties":{"type":"REC_FIXED_SITE_US","name":"Crystal Coast RC Club - Myers Field","identifier":"FAA-REC_FIXED_SITE_US:Crystal Coast RC Club - Myers Field","lowerLimit":"GND","upperLimit":"1200 ft AGL","authority":"FAA (Recreational Flyer Fixed Sites)"}},
{"type":"Feature","geometry":{"type":"Polygon","coordinates":[[[-81.24124,35.75057],[-81.24296,35.7476],[-81.23902,35.74864],[-81.24124,35.75057]]]},"properties":{"type":"REC_FIXED_SITE_US","name":"Herman Sipe Rd","identifier":"FAA-REC_FIXED_SITE_US:Herman Sipe Rd","lowerLimit":"GND","upperLimit":"1200 ft AGL","authority":"FAA (Recreational Flyer Fixed Sites)"}},
{"type":"Feature","geometry":{"type":"Polygon","coordinates":[[[-81.45824,35.88381],[-81.46129,35.88397],[-81.45845,35.88117],[-81.45824,35.88381]]]},"properties":{"type":"REC_FIXED_SITE_US","name":"Caldwell Aero Modelers - Old Caldwell County Landfill","identifier":"FAA-REC_FIXED_SITE_US:Caldwell Aero Modelers - Old Caldwell County Landfill","lowerLimit":"GND","upperLimit":"700 ft AGL","authority":"FAA (Recreational Flyer Fixed Sites)"}},
{"type":"Feature","geometry":{"type":"Polygon","coordinates":[[[-81.23393,35.83596],[-81.23565,35.83299],[-81.23251,35.83275],[-81.23393,35.83596]]]},"properties":{"type":"REC_FIXED_SITE_US","name":"Colonel's Fly'n Aces - Hefner Airfield Rink Dam Rd","identifier":"FAA-REC_FIXED_SITE_US:Colonel's Fly'n Aces - Hefner Airfield Rink Dam Rd","lowerLimit":"GND","upperLimit":"1200 ft AGL","authority":"FAA (Recreational Flyer Fixed Sites)"}},
{"type":"Feature","geometry":{"type":"Polygon","coordinates":[[[-82.57566,35.30569],[-82.57737,35.30272],[-82.57345,35.30376],[-82.57566,35.30569]]]},"properties":{"type":"REC_FIXED_SITE_US","name":"Etowah R/C Flying Club - Misty Meadow LN","identifier":"FAA-REC_FIXED_SITE_US:Etowah R/C Flying Club - Misty Meadow LN","lowerLimit":"GND","upperLimit":"700 ft AGL","authority":"FAA (Recreational Flyer Fixed Sites)"}},
{"type":"Feature","geometry":{"type":"Polygon","coordinates":[[[-82.66094,35.26394],[-82.66416,35.26146],[-82.66114,35.2613],[-82.66094,35.26394]]]},"properties":{"type":"REC_FIXED_SITE_US","name":"Henderson County Flyers - Everette Rd","identifier":"FAA-REC_FIXED_SITE_US:Henderson County Flyers - Everette Rd","lowerLimit":"GND","upperLimit":"1200 ft AGL","authority":"FAA (Recreational Flyer Fixed Sites)"}},
{"type":"Feature","geometry":{"type":"Polygon","coordinates":[[[-82.38931,35.38109],[-82.39152,35.37928],[-82.38769,35.37804],[-82.38931,35.38109]]]},"properties":{"type":"REC_FIXED_SITE_US","name":"Henderson County Flyers - Kerr Field","identifier":"FAA-REC_FIXED_SITE_US:Henderson County Flyers - Kerr Field","lowerLimit":"GND","upperLimit":"700 ft AGL","authority":"FAA (Recreational Flyer Fixed Sites)"}},
{"type":"Feature","geometry":{"type":"Polygon","coordinates":[[[-100.637,46.82615],[-100.63797,46.82265],[-100.63441,46.824],[-100.637,46.82615]]]},"properties":{"type":"REC_FIXED_SITE_US","name":"MO slope Model Aero club Inc - 17th Ave","identifier":"FAA-REC_FIXED_SITE_US:MO slope Model Aero club Inc - 17th Ave","lowerLimit":"GND","upperLimit":"700 ft AGL","authority":"FAA (Recreational Flyer Fixed Sites)"}},
{"type":"Feature","geometry":{"type":"Polygon","coordinates":[[[-100.88527,46.89591],[-100.88783,46.89365],[-100.8843,46.89241],[-100.88527,46.89591]]]},"properties":{"type":"REC_FIXED_SITE_US","name":"Bismarck Aircraft Modelers, Hogue Park","identifier":"FAA-REC_FIXED_SITE_US:Bismarck Aircraft Modelers, Hogue Park","lowerLimit":"GND","upperLimit":"700 ft AGL","authority":"FAA (Recreational Flyer Fixed Sites)"}},
{"type":"Feature","geometry":{"type":"Polygon","coordinates":[[[-101.1375,48.34459],[-101.14008,48.34334],[-101.1365,48.34109],[-101.1375,48.34459]]]},"properties":{"type":"REC_FIXED_SITE_US","name":"Minot Aircraft Modelers - 100th Ave","identifier":"FAA-REC_FIXED_SITE_US:Minot Aircraft Modelers - 100th Ave","lowerLimit":"GND","upperLimit":"1200 ft AGL","authority":"FAA (Recreational Flyer Fixed Sites)"}},
{"type":"Feature","geometry":{"type":"Polygon","coordinates":[[[-103.62305,48.22625],[-103.62567,48.22399],[-103.6216,48.22291],[-103.62305,48.22625]]]},"properties":{"type":"REC_FIXED_SITE_US","name":"Basin Modelers Association - CanAm Hwy","identifier":"FAA-REC_FIXED_SITE_US:Basin Modelers Association - CanAm Hwy","lowerLimit":"GND","upperLimit":"700 ft AGL","authority":"FAA (Recreational Flyer Fixed Sites)"}},
{"type":"Feature","geometry":{"type":"Polygon","coordinates":[[[-96.54101,41.51668],[-96.54431,41.51403],[-96.54101,41.51403],[-96.54101,41.51668]]]},"properties":{"type":"REC_FIXED_SITE_US","name":"Frontier Flyers - CR 20","identifier":"FAA-REC_FIXED_SITE_US:Frontier Flyers - CR 20","lowerLimit":"GND","upperLimit":"700 ft AGL","authority":"FAA (Recreational Flyer Fixed Sites)"}},
{"type":"Feature","geometry":{"type":"Polygon","coordinates":[[[-96.46726,41.17944],[-96.46901,41.17639],[-96.46562,41.17631],[-96.46726,41.17944]]]},"properties":{"type":"REC_FIXED_SITE_US","name":"Western R/C Flyers, Inc. - University of Nebraska","identifier":"FAA-REC_FIXED_SITE_US:Western R/C Flyers, Inc. - University of Nebraska","lowerLimit":"GND","upperLimit":"700 ft AGL","authority":"FAA (Recreational Flyer Fixed Sites)"}},
{"type":"Feature","geometry":{"type":"Polygon","coordinates":[[[-96.02071,41.19947],[-96.02246,41.19641],[-96.01831,41.19754],[-96.02071,41.19947]]]},"properties":{"type":"REC_FIXED_SITE_US","name":"Orbiting Eagles of Greater Omaha - Seymour Smith Park","identifier":"FAA-REC_FIXED_SITE_US:Orbiting Eagles of Greater Omaha - Seymour Smith Park","lowerLimit":"GND","upperLimit":"700 ft AGL","authority":"FAA (Recreational Flyer Fixed Sites)"}},
{"type":"Feature","geometry":{"type":"Polygon","coordinates":[[[-96.12667,41.31145],[-96.12973,41.30865],[-96.12645,41.30881],[-96.12667,41.31145]]]},"properties":{"type":"REC_FIXED_SITE_US","name":"Omahawks R/C Inc - Hawk Field","identifier":"FAA-REC_FIXED_SITE_US:Omahawks R/C Inc - Hawk Field","lowerLimit":"GND","upperLimit":"700 ft AGL","authority":"FAA (Recreational Flyer Fixed Sites)"}},
{"type":"Feature","geometry":{"type":"Polygon","coordinates":[[[-96.5377,40.93342],[-96.53954,40.93045],[-96.53531,40.93161],[-96.5377,40.93342]]]},"properties":{"type":"REC_FIXED_SITE_US","name":"Lincoln Sky Knights - 134th St","identifier":"FAA-REC_FIXED_SITE_US:Lincoln Sky Knights - 134th St","lowerLimit":"GND","upperLimit":"1200 ft AGL","authority":"FAA (Recreational Flyer Fixed Sites)"}},
{"type":"Feature","geometry":{"type":"Polygon","coordinates":[[[-96.64723,40.77943],[-96.65027,40.77663],[-96.64701,40.77679],[-96.64723,40.77943]]]},"properties":{"type":"REC_FIXED_SITE_US","name":"Lincoln Sky Knights - College View Academy Gymnasium","identifier":"FAA-REC_FIXED_SITE_US:Lincoln Sky Knights - College View Academy Gymnasium","lowerLimit":"GND","upperLimit":"700 ft AGL","authority":"FAA (Recreational Flyer Fixed Sites)"}},
{"type":"Feature","geometry":{"type":"Polygon","coordinates":[[[-96.62127,40.8886],[-96.62142,40.88498],[-96.61888,40.88679],[-96.62127,40.8886]]]},"properties":{"type":"REC_FIXED_SITE_US","name":"Lincoln Sky Knights, Lincoln Sports Foundation, Complex","identifier":"FAA-REC_FIXED_SITE_US:Lincoln Sky Knights, Lincoln Sports Foundation, Complex","lowerLimit":"GND","upperLimit":"700 ft AGL","authority":"FAA (Recreational Flyer Fixed Sites)"}},
{"type":"Feature","geometry":{"type":"Polygon","coordinates":[[[-96.51522,42.43577],[-96.51857,42.43312],[-96.51522,42.43312],[-96.51522,42.43577]]]},"properties":{"type":"REC_FIXED_SITE_US","name":"Sooland RC Modelers - Sparling Field","identifier":"FAA-REC_FIXED_SITE_US:Sooland RC Modelers - Sparling Field","lowerLimit":"GND","upperLimit":"700 ft AGL","authority":"FAA (Recreational Flyer Fixed Sites)"}},
{"type":"Feature","geometry":{"type":"Polygon","coordinates":[[[-98.47267,40.89161],[-98.47451,40.88864],[-98.47115,40.8884],[-98.47267,40.89161]]]},"properties":{"type":"REC_FIXED_SITE_US","name":"Grand Island Modelers Assn - GI Modelers Field","identifier":"FAA-REC_FIXED_SITE_US:Grand Island Modelers Assn - GI Modelers Field","lowerLimit":"GND","upperLimit":"1200 ft AGL","authority":"FAA (Recreational Flyer Fixed Sites)"}},
{"type":"Feature","geometry":{"type":"Polygon","coordinates":[[[-98.00833,40.85876],[-98.01072,40.85694],[-98.0067,40.85562],[-98.00833,40.85876]]]},"properties":{"type":"REC_FIXED_SITE_US","name":"Aurora RC Flyers - Hamilton County Fairgrounds","identifier":"FAA-REC_FIXED_SITE_US:Aurora RC Flyers - Hamilton County Fairgrounds","lowerLimit":"GND","upperLimit":"700 ft AGL","authority":"FAA (Recreational Flyer Fixed Sites)"}},
{"type":"Feature","geometry":{"type":"Polygon","coordinates":[[[-97.99799,40.89689],[-97.99963,40.89375],[-97.99625,40.89383],[-97.99799,40.89689]]]},"properties":{"type":"REC_FIXED_SITE_US","name":"Aurora RC Flyers - Aurora Municipal Airport","identifier":"FAA-REC_FIXED_SITE_US:Aurora RC Flyers - Aurora Municipal Airport","lowerLimit":"GND","upperLimit":"700 ft AGL","authority":"FAA (Recreational Flyer Fixed Sites)"}},
{"type":"Feature","geometry":{"type":"Polygon","coordinates":[[[-99.26367,40.64265],[-99.26693,40.64265],[-99.26545,40.63952],[-99.26367,40.64265]]]},"properties":{"type":"REC_FIXED_SITE_US","name":"Kearney R/C Club - 746 RD","identifier":"FAA-REC_FIXED_SITE_US:Kearney R/C Club - 746 RD","lowerLimit":"GND","upperLimit":"1200 ft AGL","authority":"FAA (Recreational Flyer Fixed Sites)"}},
{"type":"Feature","geometry":{"type":"Polygon","coordinates":[[[-103.67579,41.19427],[-103.67819,41.19246],[-103.67404,41.19122],[-103.67579,41.19427]]]},"properties":{"type":"REC_FIXED_SITE_US","name":"Kimball Kamakazee Club - Kimball Field","identifier":"FAA-REC_FIXED_SITE_US:Kimball Kamakazee Club - Kimball Field","lowerLimit":"GND","upperLimit":"700 ft AGL","authority":"FAA (Recreational Flyer Fixed Sites)"}},
{"type":"Feature","geometry":{"type":"Polygon","coordinates":[[[-103.0672,41.04279],[-103.07068,41.04031],[-103.06741,41.04015],[-103.0672,41.04279]]]},"properties":{"type":"REC_FIXED_SITE_US","name":"Fort Sidney Fliers - NE 19","identifier":"FAA-REC_FIXED_SITE_US:Fort Sidney Fliers - NE 19","lowerLimit":"GND","upperLimit":"700 ft AGL","authority":"FAA (Recreational Flyer Fixed Sites)"}},
{"type":"Feature","geometry":{"type":"Polygon","coordinates":[[[-103.808,41.92069],[-103.81043,41.91888],[-103.80785,41.91707],[-103.808,41.92069]]]},"properties":{"type":"REC_FIXED_SITE_US","name":"Platte Valley RCs - Mitchell Airfield","identifier":"FAA-REC_FIXED_SITE_US:Platte Valley RCs - Mitchell Airfield","lowerLimit":"GND","upperLimit":"1200 ft AGL","authority":"FAA (Recreational Flyer Fixed Sites)"}},
{"type":"Feature","geometry":{"type":"Polygon","coordinates":[[[-95.98747,40.99488],[-95.98762,40.99126],[-95.98508,40.99296],[-95.98747,40.99488]]]},"properties":{"type":"REC_FIXED_SITE_US","name":"River City RC Squadron - 42nd St","identifier":"FAA-REC_FIXED_SITE_US:River City RC Squadron - 42nd St","lowerLimit":"GND","upperLimit":"700 ft AGL","authority":"FAA (Recreational Flyer Fixed Sites)"}},
{"type":"Feature","geometry":{"type":"Polygon","coordinates":[[[-71.33379,43.00266],[-71.33783,43.00115],[-71.33521,42.99945],[-71.33379,43.00266]]]},"properties":{"type":"REC_FIXED_SITE_US","name":"New Hampshire Flying Misfits - Bunker Hill Rd","identifier":"FAA-REC_FIXED_SITE_US:New Hampshire Flying Misfits - Bunker Hill Rd","lowerLimit":"GND","upperLimit":"700 ft AGL","authority":"FAA (Recreational Flyer Fixed Sites)"}},
{"type":"Feature","geometry":{"type":"Polygon","coordinates":[[[-71.027,43.02269],[-71.02716,43.01907],[-71.02453,43.02088],[-71.027,43.02269]]]},"properties":{"type":"REC_FIXED_SITE_US","name":"Fremont RC Flyers - New England Dragway","identifier":"FAA-REC_FIXED_SITE_US:Fremont RC Flyers - New England Dragway","lowerLimit":"GND","upperLimit":"700 ft AGL","authority":"FAA (Recreational Flyer Fixed Sites)"}},
{"type":"Feature","geometry":{"type":"Polygon","coordinates":[[[-71.0836,43.01901],[-71.08391,43.0154],[-71.08113,43.0172],[-71.0836,43.01901]]]},"properties":{"type":"REC_FIXED_SITE_US","name":"Fremont RC Flyers - Martin Rd","identifier":"FAA-REC_FIXED_SITE_US:Fremont RC Flyers - Martin Rd","lowerLimit":"GND","upperLimit":"700 ft AGL","authority":"FAA (Recreational Flyer Fixed Sites)"}},
{"type":"Feature","geometry":{"type":"Polygon","coordinates":[[[-71.4707,43.49809],[-71.4707,43.49447],[-71.46821,43.49617],[-71.4707,43.49809]]]},"properties":{"type":"REC_FIXED_SITE_US","name":"Winnipesaukee Radio Controller - Mile Hill Rd","identifier":"FAA-REC_FIXED_SITE_US:Winnipesaukee Radio Controller - Mile Hill Rd","lowerLimit":"GND","upperLimit":"1200 ft AGL","authority":"FAA (Recreational Flyer Fixed Sites)"}},
{"type":"Feature","geometry":{"type":"Polygon","coordinates":[[[-71.7362,43.18904],[-71.74047,43.18791],[-71.73816,43.18599],[-71.7362,43.18904]]]},"properties":{"type":"REC_FIXED_SITE_US","name":"Concord Aeroguidance Society Field","identifier":"FAA-REC_FIXED_SITE_US:Concord Aeroguidance Society Field","lowerLimit":"GND","upperLimit":"700 ft AGL","authority":"FAA (Recreational Flyer Fixed Sites)"}},
{"type":"Feature","geometry":{"type":"Polygon","coordinates":[[[-72.31999,43.03122],[-72.32426,43.03009],[-72.32195,43.02817],[-72.31999,43.03122]]]},"properties":{"type":"REC_FIXED_SITE_US","name":"Ashuelot Valley Flyers - Dort Rd","identifier":"FAA-REC_FIXED_SITE_US:Ashuelot Valley Flyers - Dort Rd","lowerLimit":"GND","upperLimit":"700 ft AGL","authority":"FAA (Recreational Flyer Fixed Sites)"}},
{"type":"Feature","geometry":{"type":"Polygon","coordinates":[[[-72.31055,42.99101],[-72.31302,42.9892],[-72.31024,42.9874],[-72.31055,42.99101]]]},"properties":{"type":"REC_FIXED_SITE_US","name":"Hayward Brook R/C Flyers - E Surry Rd","identifier":"FAA-REC_FIXED_SITE_US:Hayward Brook R/C Flyers - E Surry Rd","lowerLimit":"GND","upperLimit":"700 ft AGL","authority":"FAA (Recreational Flyer Fixed Sites)"}},
{"type":"Feature","geometry":{"type":"Polygon","coordinates":[[[-72.23544,42.96392],[-72.23575,42.96031],[-72.23297,42.96211],[-72.23544,42.96392]]]},"properties":{"type":"REC_FIXED_SITE_US","name":"Ashuelot Valley Flyers - Otter Brook Park","identifier":"FAA-REC_FIXED_SITE_US:Ashuelot Valley Flyers - Otter Brook Park","lowerLimit":"GND","upperLimit":"700 ft AGL","authority":"FAA (Recreational Flyer Fixed Sites)"}},
{"type":"Feature","geometry":{"type":"Polygon","coordinates":[[[-71.98665,42.73225],[-71.98821,42.72904],[-71.98475,42.72928],[-71.98665,42.73225]]]},"properties":{"type":"REC_FIXED_SITE_US","name":"Hayward Brook R/C Flyers - Heron Point Rd","identifier":"FAA-REC_FIXED_SITE_US:Hayward Brook R/C Flyers - Heron Point Rd","lowerLimit":"GND","upperLimit":"700 ft AGL","authority":"FAA (Recreational Flyer Fixed Sites)"}},
{"type":"Feature","geometry":{"type":"Polygon","coordinates":[[[-71.58083,44.50014],[-71.58131,44.49655],[-71.57832,44.49811],[-71.58083,44.50014]]]},"properties":{"type":"REC_FIXED_SITE_US","name":"Guildhall Fun Flyers - Ice Pond Rd","identifier":"FAA-REC_FIXED_SITE_US:Guildhall Fun Flyers - Ice Pond Rd","lowerLimit":"GND","upperLimit":"700 ft AGL","authority":"FAA (Recreational Flyer Fixed Sites)"}},
{"type":"Feature","geometry":{"type":"Polygon","coordinates":[[[-72.37667,43.32153],[-72.37825,43.31832],[-72.37419,43.31983],[-72.37667,43.32153]]]},"properties":{"type":"REC_FIXED_SITE_US","name":"Claremont Rd","identifier":"FAA-REC_FIXED_SITE_US:Claremont Rd","lowerLimit":"GND","upperLimit":"700 ft AGL","authority":"FAA (Recreational Flyer Fixed Sites)"}},
{"type":"Feature","geometry":{"type":"Polygon","coordinates":[[[-72.0577,43.65042],[-72.06019,43.64872],[-72.05611,43.64721],[-72.0577,43.65042]]]},"properties":{"type":"REC_FIXED_SITE_US","name":"Broken Prop R-C Club - US 4","identifier":"FAA-REC_FIXED_SITE_US:Broken Prop R-C Club - US 4","lowerLimit":"GND","upperLimit":"700 ft AGL","authority":"FAA (Recreational Flyer Fixed Sites)"}},
{"type":"Feature","geometry":{"type":"Polygon","coordinates":[[[-71.13111,43.98348],[-71.13331,43.98079],[-71.12862,43.98144],[-71.13111,43.98348]]]},"properties":{"type":"REC_FIXED_SITE_US","name":"Mt Washington Valley R/C Club - Rt 112","identifier":"FAA-REC_FIXED_SITE_US:Mt Washington Valley R/C Club - Rt 112","lowerLimit":"GND","upperLimit":"1200 ft AGL","authority":"FAA (Recreational Flyer Fixed Sites)"}},
{"type":"Feature","geometry":{"type":"Polygon","coordinates":[[[-70.82827,42.97905],[-70.82858,42.97544],[-70.8258,42.97724],[-70.82827,42.97905]]]},"properties":{"type":"REC_FIXED_SITE_US","name":"R. C. Aces Inc. -  Atlantic Ave","identifier":"FAA-REC_FIXED_SITE_US:R. C. Aces Inc. -  Atlantic Ave","lowerLimit":"GND","upperLimit":"700 ft AGL","authority":"FAA (Recreational Flyer Fixed Sites)"}},
{"type":"Feature","geometry":{"type":"Polygon","coordinates":[[[-74.74081,39.17444],[-74.74251,39.17139],[-74.73911,39.17139],[-74.74081,39.17444]]]},"properties":{"type":"REC_FIXED_SITE_US","name":"Cape May County Wasp RC Inc. - Cape May WASP Field","identifier":"FAA-REC_FIXED_SITE_US:Cape May County Wasp RC Inc. - Cape May WASP Field","lowerLimit":"GND","upperLimit":"700 ft AGL","authority":"FAA (Recreational Flyer Fixed Sites)"}},
{"type":"Feature","geometry":{"type":"Polygon","coordinates":[[[-74.4248,40.93612],[-74.42808,40.93612],[-74.42659,40.93299],[-74.4248,40.93612]]]},"properties":{"type":"REC_FIXED_SITE_US","name":"North Jersey Soaring Society - Rockaway Valley Aerodrome Fields","identifier":"FAA-REC_FIXED_SITE_US:North Jersey Soaring Society - Rockaway Valley Aerodrome Fields","lowerLimit":"GND","upperLimit":"700 ft AGL","authority":"FAA (Recreational Flyer Fixed Sites)"}},
{"type":"Feature","geometry":{"type":"Polygon","coordinates":[[[-74.33806,40.70403],[-74.34044,40.70222],[-74.33821,40.70041],[-74.33806,40.70403]]]},"properties":{"type":"REC_FIXED_SITE_US","name":"Union Model Airplane Club - Mountview Rd","identifier":"FAA-REC_FIXED_SITE_US:Union Model Airplane Club - Mountview Rd","lowerLimit":"GND","upperLimit":"700 ft AGL","authority":"FAA (Recreational Flyer Fixed Sites)"}},
{"type":"Feature","geometry":{"type":"Polygon","coordinates":[[[-74.09197,40.93382],[-74.09525,40.93382],[-74.09376,40.93069],[-74.09197,40.93382]]]},"properties":{"type":"REC_FIXED_SITE_US","name":"Bergen County Silent Fliers -  Dunkerhook Park","identifier":"FAA-REC_FIXED_SITE_US:Bergen County Silent Fliers -  Dunkerhook Park","lowerLimit":"GND","upperLimit":"700 ft AGL","authority":"FAA (Recreational Flyer Fixed Sites)"}},
{"type":"Feature","geometry":{"type":"Polygon","coordinates":[[[-74.62278,41.11928],[-74.62518,41.11747],[-74.62263,41.11566],[-74.62278,41.11928]]]},"properties":{"type":"REC_FIXED_SITE_US","name":"Top O NJ Club - Lansinki Rd","identifier":"FAA-REC_FIXED_SITE_US:Top O NJ Club - Lansinki Rd","lowerLimit":"GND","upperLimit":"700 ft AGL","authority":"FAA (Recreational Flyer Fixed Sites)"}},
{"type":"Feature","geometry":{"type":"Polygon","coordinates":[[[-74.07323,40.17072],[-74.07505,40.16775],[-74.07087,40.16879],[-74.07323,40.17072]]]},"properties":{"type":"REC_FIXED_SITE_US","name":"Jersey Coast RC Club - Wall Township Municipal Building","identifier":"FAA-REC_FIXED_SITE_US:Jersey Coast RC Club - Wall Township Municipal Building","lowerLimit":"GND","upperLimit":"700 ft AGL","authority":"FAA (Recreational Flyer Fixed Sites)"}},
{"type":"Feature","geometry":{"type":"Polygon","coordinates":[[[-74.13133,40.29514],[-74.1337,40.29333],[-74.12951,40.29217],[-74.13133,40.29514]]]},"properties":{"type":"REC_FIXED_SITE_US","name":"Jersey Coast Sport Fliers - Dorbrook Recreation Area","identifier":"FAA-REC_FIXED_SITE_US:Jersey Coast Sport Fliers - Dorbrook Recreation Area","lowerLimit":"GND","upperLimit":"700 ft AGL","authority":"FAA (Recreational Flyer Fixed Sites)"}},
{"type":"Feature","geometry":{"type":"Polygon","coordinates":[[[-74.32507,40.27729],[-74.3268,40.27424],[-74.32271,40.27537],[-74.32507,40.27729]]]},"properties":{"type":"REC_FIXED_SITE_US","name":"Monmouth MAC Inc - Monmouth Battlefield Park","identifier":"FAA-REC_FIXED_SITE_US:Monmouth MAC Inc - Monmouth Battlefield Park","lowerLimit":"GND","upperLimit":"700 ft AGL","authority":"FAA (Recreational Flyer Fixed Sites)"}},
{"type":"Feature","geometry":{"type":"Polygon","coordinates":[[[-74.7733,40.71614],[-74.77677,40.71366],[-74.77351,40.7135],[-74.7733,40.71614]]]},"properties":{"type":"REC_FIXED_SITE_US","name":"Safety Third Racing - Night Ranger","identifier":"FAA-REC_FIXED_SITE_US:Safety Third Racing - Night Ranger","lowerLimit":"GND","upperLimit":"700 ft AGL","authority":"FAA (Recreational Flyer Fixed Sites)"}},
{"type":"Feature","geometry":{"type":"Polygon","coordinates":[[[-75.00798,40.97985],[-75.01211,40.97872],[-75.00987,40.9768],[-75.00798,40.97985]]]},"properties":{"type":"REC_FIXED_SITE_US","name":"Blairstown Model Aviators  - NJ 94","identifier":"FAA-REC_FIXED_SITE_US:Blairstown Model Aviators  - NJ 94","lowerLimit":"GND","upperLimit":"700 ft AGL","authority":"FAA (Recreational Flyer Fixed Sites)"}},
{"type":"Feature","geometry":{"type":"Polygon","coordinates":[[[-74.82,40.89991],[-74.82015,40.89629],[-74.81761,40.8981],[-74.82,40.89991]]]},"properties":{"type":"REC_FIXED_SITE_US","name":"Top O NJ Club - Allamuchy Mountain State Park","identifier":"FAA-REC_FIXED_SITE_US:Top O NJ Club - Allamuchy Mountain State Park","lowerLimit":"GND","upperLimit":"700 ft AGL","authority":"FAA (Recreational Flyer Fixed Sites)"}},
{"type":"Feature","geometry":{"type":"Polygon","coordinates":[[[-74.93348,40.7654],[-74.93652,40.7626],[-74.93326,40.76276],[-74.93348,40.7654]]]},"properties":{"type":"REC_FIXED_SITE_US","name":"GCA RC Club - 104th BEB National Guard Armory","identifier":"FAA-REC_FIXED_SITE_US:GCA RC Club - 104th BEB National Guard Armory","lowerLimit":"GND","upperLimit":"1200 ft AGL","authority":"FAA (Recreational Flyer Fixed Sites)"}},
{"type":"Feature","geometry":{"type":"Polygon","coordinates":[[[-74.42139,39.81332],[-74.42461,39.81332],[-74.42315,39.81019],[-74.42139,39.81332]]]},"properties":{"type":"REC_FIXED_SITE_US","name":"Coyle Airfield","identifier":"FAA-REC_FIXED_SITE_US:Coyle Airfield","lowerLimit":"GND","upperLimit":"700 ft AGL","authority":"FAA (Recreational Flyer Fixed Sites)"}},
{"type":"Feature","geometry":{"type":"Polygon","coordinates":[[[-75.07929,39.78602],[-75.08251,39.78602],[-75.08105,39.78289],[-75.07929,39.78602]]]},"properties":{"type":"REC_FIXED_SITE_US","name":"Lakeland Aircraft Modelers - Collier Dr","identifier":"FAA-REC_FIXED_SITE_US:Lakeland Aircraft Modelers - Collier Dr","lowerLimit":"GND","upperLimit":"700 ft AGL","authority":"FAA (Recreational Flyer Fixed Sites)"}},
{"type":"Feature","geometry":{"type":"Polygon","coordinates":[[[-74.78283,39.68279],[-74.78444,39.67966],[-74.78049,39.68109],[-74.78283,39.68279]]]},"properties":{"type":"REC_FIXED_SITE_US","name":"Tuckahoe Free Flighters - Myrtle Ave.","identifier":"FAA-REC_FIXED_SITE_US:Tuckahoe Free Flighters - Myrtle Ave.","lowerLimit":"GND","upperLimit":"700 ft AGL","authority":"FAA (Recreational Flyer Fixed Sites)"}},
{"type":"Feature","geometry":{"type":"Polygon","coordinates":[[[-74.89039,39.86625],[-74.89381,39.86377],[-74.8906,39.86361],[-74.89039,39.86625]]]},"properties":{"type":"REC_FIXED_SITE_US","name":"South Jersey Silent Flyers - Taunton Lake Rd","identifier":"FAA-REC_FIXED_SITE_US:South Jersey Silent Flyers - Taunton Lake Rd","lowerLimit":"GND","upperLimit":"700 ft AGL","authority":"FAA (Recreational Flyer Fixed Sites)"}},
{"type":"Feature","geometry":{"type":"Polygon","coordinates":[[[-74.84962,40.00417],[-74.84977,40.00055],[-74.84726,40.00236],[-74.84962,40.00417]]]},"properties":{"type":"REC_FIXED_SITE_US","name":"Crosswinds RC Club - New Jersey Turnpike","identifier":"FAA-REC_FIXED_SITE_US:Crosswinds RC Club - New Jersey Turnpike","lowerLimit":"GND","upperLimit":"700 ft AGL","authority":"FAA (Recreational Flyer Fixed Sites)"}},
{"type":"Feature","geometry":{"type":"Polygon","coordinates":[[[-74.74611,40.04042],[-74.74626,40.0368],[-74.74375,40.03861],[-74.74611,40.04042]]]},"properties":{"type":"REC_FIXED_SITE_US","name":"LEVITTOWN RC AEROBUGS INC   1","identifier":"FAA-REC_FIXED_SITE_US:LEVITTOWN RC AEROBUGS INC   1","lowerLimit":"GND","upperLimit":"700 ft AGL","authority":"FAA (Recreational Flyer Fixed Sites)"}},
{"type":"Feature","geometry":{"type":"Polygon","coordinates":[[[-74.77064,39.94657],[-74.77064,39.94294],[-74.76829,39.94464],[-74.77064,39.94657]]]},"properties":{"type":"REC_FIXED_SITE_US","name":"New Jersey Pine Barons - Landing St","identifier":"FAA-REC_FIXED_SITE_US:New Jersey Pine Barons - Landing St","lowerLimit":"GND","upperLimit":"700 ft AGL","authority":"FAA (Recreational Flyer Fixed Sites)"}},
{"type":"Feature","geometry":{"type":"Polygon","coordinates":[[[-75.36468,39.62782],[-75.36628,39.62469],[-75.36297,39.62477],[-75.36468,39.62782]]]},"properties":{"type":"REC_FIXED_SITE_US","name":"Salem County R/C Club Inc - Cheney Rd","identifier":"FAA-REC_FIXED_SITE_US:Salem County R/C Club Inc - Cheney Rd","lowerLimit":"GND","upperLimit":"700 ft AGL","authority":"FAA (Recreational Flyer Fixed Sites)"}},
{"type":"Feature","geometry":{"type":"Polygon","coordinates":[[[-74.72588,39.49233],[-74.72759,39.48928],[-74.72428,39.4892],[-74.72588,39.49233]]]},"properties":{"type":"REC_FIXED_SITE_US","name":"Atlantic County Sky Blazers - Strawberry Fields Airport","identifier":"FAA-REC_FIXED_SITE_US:Atlantic County Sky Blazers - Strawberry Fields Airport","lowerLimit":"GND","upperLimit":"700 ft AGL","authority":"FAA (Recreational Flyer Fixed Sites)"}},
{"type":"Feature","geometry":{"type":"Polygon","coordinates":[[[-75.23711,39.63306],[-75.24009,39.63026],[-75.23689,39.63042],[-75.23711,39.63306]]]},"properties":{"type":"REC_FIXED_SITE_US","name":"Clayton RC Incorporated - Route 40","identifier":"FAA-REC_FIXED_SITE_US:Clayton RC Incorporated - Route 40","lowerLimit":"GND","upperLimit":"700 ft AGL","authority":"FAA (Recreational Flyer Fixed Sites)"}},
{"type":"Feature","geometry":{"type":"Polygon","coordinates":[[[-74.96336,39.54072],[-74.96656,39.54072],[-74.96667,39.53815],[-74.96336,39.54072]]]},"properties":{"type":"REC_FIXED_SITE_US","name":"Jersey Sky Devils, Inc. - Downstown Airport","identifier":"FAA-REC_FIXED_SITE_US:Jersey Sky Devils, Inc. - Downstown Airport","lowerLimit":"GND","upperLimit":"700 ft AGL","authority":"FAA (Recreational Flyer Fixed Sites)"}},
{"type":"Feature","geometry":{"type":"Polygon","coordinates":[[[-74.5035,40.21564],[-74.50586,40.21371],[-74.50113,40.21383],[-74.5035,40.21564]]]},"properties":{"type":"REC_FIXED_SITE_US","name":"Mercer County R C Society - Eldridge Rd","identifier":"FAA-REC_FIXED_SITE_US:Mercer County R C Society - Eldridge Rd","lowerLimit":"GND","upperLimit":"700 ft AGL","authority":"FAA (Recreational Flyer Fixed Sites)"}},
{"type":"Feature","geometry":{"type":"Polygon","coordinates":[[[-74.125,40.14542],[-74.12736,40.14372],[-74.12515,40.1418],[-74.125,40.14542]]]},"properties":{"type":"REC_FIXED_SITE_US","name":"Jersey Coast RC Club - Hospital Rd","identifier":"FAA-REC_FIXED_SITE_US:Jersey Coast RC Club - Hospital Rd","lowerLimit":"GND","upperLimit":"700 ft AGL","authority":"FAA (Recreational Flyer Fixed Sites)"}},
{"type":"Feature","geometry":{"type":"Polygon","coordinates":[[[-74.20552,39.89191],[-74.20702,39.8887],[-74.2037,39.88894],[-74.20552,39.89191]]]},"properties":{"type":"REC_FIXED_SITE_US","name":"Pine Barren Modelers - Central Regional High School","identifier":"FAA-REC_FIXED_SITE_US:Pine Barren Modelers - Central Regional High School","lowerLimit":"GND","upperLimit":"700 ft AGL","authority":"FAA (Recreational Flyer Fixed Sites)"}},
{"type":"Feature","geometry":{"type":"Polygon","coordinates":[[[-74.22636,39.90664],[-74.22651,39.90302],[-74.22401,39.90483],[-74.22636,39.90664]]]},"properties":{"type":"REC_FIXED_SITE_US","name":"Pine Barren Modelers - Pinwald Keswick Rd","identifier":"FAA-REC_FIXED_SITE_US:Pine Barren Modelers - Pinwald Keswick Rd","lowerLimit":"GND","upperLimit":"700 ft AGL","authority":"FAA (Recreational Flyer Fixed Sites)"}},
{"type":"Feature","geometry":{"type":"Polygon","coordinates":[[[-74.20871,39.85216],[-74.21203,39.84959],[-74.20871,39.84951],[-74.20871,39.85216]]]},"properties":{"type":"REC_FIXED_SITE_US","name":"Deer Head Lake Dam","identifier":"FAA-REC_FIXED_SITE_US:Deer Head Lake Dam","lowerLimit":"GND","upperLimit":"700 ft AGL","authority":"FAA (Recreational Flyer Fixed Sites)"}},
{"type":"Feature","geometry":{"type":"Polygon","coordinates":[[[-74.67774,40.50944],[-74.67947,40.50638],[-74.67536,40.50762],[-74.67774,40.50944]]]},"properties":{"type":"REC_FIXED_SITE_US","name":"Atoms RCers - Hillsborough Library","identifier":"FAA-REC_FIXED_SITE_US:Atoms RCers - Hillsborough Library","lowerLimit":"GND","upperLimit":"700 ft AGL","authority":"FAA (Recreational Flyer Fixed Sites)"}},
{"type":"Feature","geometry":{"type":"Polygon","coordinates":[[[-74.59839,40.5262],[-74.60077,40.52438],[-74.59677,40.52306],[-74.59839,40.5262]]]},"properties":{"type":"REC_FIXED_SITE_US","name":"North Jersey Heli Pilots - Central Jersey Airport","identifier":"FAA-REC_FIXED_SITE_US:North Jersey Heli Pilots - Central Jersey Airport","lowerLimit":"GND","upperLimit":"700 ft AGL","authority":"FAA (Recreational Flyer Fixed Sites)"}},
{"type":"Feature","geometry":{"type":"Polygon","coordinates":[[[-74.49759,40.58636],[-74.49996,40.58444],[-74.49585,40.58331],[-74.49759,40.58636]]]},"properties":{"type":"REC_FIXED_SITE_US","name":"Middlesex Modelers Inc - Mountain View Park","identifier":"FAA-REC_FIXED_SITE_US:Middlesex Modelers Inc - Mountain View Park","lowerLimit":"GND","upperLimit":"700 ft AGL","authority":"FAA (Recreational Flyer Fixed Sites)"}},
{"type":"Feature","geometry":{"type":"Polygon","coordinates":[[[-75.17974,40.60631],[-75.18385,40.60519],[-75.18148,40.60326],[-75.17974,40.60631]]]},"properties":{"type":"REC_FIXED_SITE_US","name":"350th Flying Circus - 79 CR 627","identifier":"FAA-REC_FIXED_SITE_US:350th Flying Circus - 79 CR 627","lowerLimit":"GND","upperLimit":"700 ft AGL","authority":"FAA (Recreational Flyer Fixed Sites)"}},
{"type":"Feature","geometry":{"type":"Polygon","coordinates":[[[-74.97251,40.55332],[-74.97489,40.55151],[-74.97266,40.5497],[-74.97251,40.55332]]]},"properties":{"type":"REC_FIXED_SITE_US","name":"Round Valley RC Club - Leons Sod Farm","identifier":"FAA-REC_FIXED_SITE_US:Round Valley RC Club - Leons Sod Farm","lowerLimit":"GND","upperLimit":"700 ft AGL","authority":"FAA (Recreational Flyer Fixed Sites)"}},
{"type":"Feature","geometry":{"type":"Polygon","coordinates":[[[-74.56428,40.47044],[-74.56611,40.46747],[-74.56191,40.46851],[-74.56428,40.47044]]]},"properties":{"type":"REC_FIXED_SITE_US","name":"Millstone RC Flyers - Jacques Lane","identifier":"FAA-REC_FIXED_SITE_US:Millstone RC Flyers - Jacques Lane","lowerLimit":"GND","upperLimit":"700 ft AGL","authority":"FAA (Recreational Flyer Fixed Sites)"}},
{"type":"Feature","geometry":{"type":"Polygon","coordinates":[[[-74.73977,40.58512],[-74.74303,40.58512],[-74.74155,40.58199],[-74.73977,40.58512]]]},"properties":{"type":"REC_FIXED_SITE_US","name":"West Jersey Radio Flyers - Solberg Airport","identifier":"FAA-REC_FIXED_SITE_US:West Jersey Radio Flyers - Solberg Airport","lowerLimit":"GND","upperLimit":"700 ft AGL","authority":"FAA (Recreational Flyer Fixed Sites)"}},
{"type":"Feature","geometry":{"type":"Polygon","coordinates":[[[-74.91545,40.87752],[-74.91697,40.87431],[-74.91361,40.87455],[-74.91545,40.87752]]]},"properties":{"type":"REC_FIXED_SITE_US","name":"Roxbury Area MAC - Great Meadows Field","identifier":"FAA-REC_FIXED_SITE_US:Roxbury Area MAC - Great Meadows Field","lowerLimit":"GND","upperLimit":"700 ft AGL","authority":"FAA (Recreational Flyer Fixed Sites)"}},
{"type":"Feature","geometry":{"type":"Polygon","coordinates":[[[-74.6906,39.98712],[-74.69382,39.98728],[-74.69082,39.98448],[-74.6906,39.98712]]]},"properties":{"type":"REC_FIXED_SITE_US","name":"Burlington County RC Club - Pemberton Regional Airport","identifier":"FAA-REC_FIXED_SITE_US:Burlington County RC Club - Pemberton Regional Airport","lowerLimit":"GND","upperLimit":"700 ft AGL","authority":"FAA (Recreational Flyer Fixed Sites)"}},
{"type":"Feature","geometry":{"type":"Polygon","coordinates":[[[-75.18053,39.47631],[-75.18447,39.47499],[-75.18228,39.47318],[-75.18053,39.47631]]]},"properties":{"type":"REC_FIXED_SITE_US","name":"South Jersey RC Society - Pravins Mill Rd","identifier":"FAA-REC_FIXED_SITE_US:South Jersey RC Society - Pravins Mill Rd","lowerLimit":"GND","upperLimit":"1200 ft AGL","authority":"FAA (Recreational Flyer Fixed Sites)"}},
{"type":"Feature","geometry":{"type":"Polygon","coordinates":[[[-74.18168,39.93056],[-74.18491,39.92791],[-74.18168,39.92791],[-74.18168,39.93056]]]},"properties":{"type":"REC_FIXED_SITE_US","name":"Pine Barren Modelers - Johnson's Pit","identifier":"FAA-REC_FIXED_SITE_US:Pine Barren Modelers - Johnson's Pit","lowerLimit":"GND","upperLimit":"700 ft AGL","authority":"FAA (Recreational Flyer Fixed Sites)"}},
{"type":"Feature","geometry":{"type":"Polygon","coordinates":[[[-74.67665,40.58059],[-74.68054,40.57908],[-74.67801,40.57738],[-74.67665,40.58059]]]},"properties":{"type":"REC_FIXED_SITE_US","name":"Somerset RC - North Branch Park","identifier":"FAA-REC_FIXED_SITE_US:Somerset RC - North Branch Park","lowerLimit":"GND","upperLimit":"700 ft AGL","authority":"FAA (Recreational Flyer Fixed Sites)"}},
{"type":"Feature","geometry":{"type":"Polygon","coordinates":[[[-74.77562,40.51342],[-74.778,40.51161],[-74.77411,40.51021],[-74.77562,40.51342]]]},"properties":{"type":"REC_FIXED_SITE_US","name":"Atoms RCers - Higginsville Rd","identifier":"FAA-REC_FIXED_SITE_US:Atoms RCers - Higginsville Rd","lowerLimit":"GND","upperLimit":"700 ft AGL","authority":"FAA (Recreational Flyer Fixed Sites)"}},
{"type":"Feature","geometry":{"type":"Polygon","coordinates":[[[-74.47221,40.43716],[-74.47383,40.43403],[-74.47048,40.43411],[-74.47221,40.43716]]]},"properties":{"type":"REC_FIXED_SITE_US","name":"Tri County RC Club - Pulda Farms","identifier":"FAA-REC_FIXED_SITE_US:Tri County RC Club - Pulda Farms","lowerLimit":"GND","upperLimit":"700 ft AGL","authority":"FAA (Recreational Flyer Fixed Sites)"}},
{"type":"Feature","geometry":{"type":"Polygon","coordinates":[[[-106.02513,34.88114],[-106.02815,34.87849],[-106.02513,34.87849],[-106.02513,34.88114]]]},"properties":{"type":"REC_FIXED_SITE_US","name":"Albuquerque Soaring Association-Clements Rd.","identifier":"FAA-REC_FIXED_SITE_US:Albuquerque Soaring Association-Clements Rd.","lowerLimit":"GND","upperLimit":"700 ft AGL","authority":"FAA (Recreational Flyer Fixed Sites)"}},
{"type":"Feature","geometry":{"type":"Polygon","coordinates":[[[-106.6107,34.72244],[-106.6123,34.71939],[-106.6091,34.71939],[-106.6107,34.72244]]]},"properties":{"type":"REC_FIXED_SITE_US","name":"Belen Area Radio Controllers - Rio Del Oro Loop","identifier":"FAA-REC_FIXED_SITE_US:Belen Area Radio Controllers - Rio Del Oro Loop","lowerLimit":"GND","upperLimit":"1200 ft AGL","authority":"FAA (Recreational Flyer Fixed Sites)"}},
{"type":"Feature","geometry":{"type":"Polygon","coordinates":[[[-106.30708,35.62921],[-106.30708,35.62558],[-106.30486,35.62728],[-106.30708,35.62921]]]},"properties":{"type":"REC_FIXED_SITE_US","name":"Royal City Radio Control Club - Cochiti Lake","identifier":"FAA-REC_FIXED_SITE_US:Royal City Radio Control Club - Cochiti Lake","lowerLimit":"GND","upperLimit":"1200 ft AGL","authority":"FAA (Recreational Flyer Fixed Sites)"}},
{"type":"Feature","geometry":{"type":"Polygon","coordinates":[[[-106.556,35.14101],[-106.55614,35.13739],[-106.55379,35.1392],[-106.556,35.14101]]]},"properties":{"type":"REC_FIXED_SITE_US","name":"Duke City Electric Flyer, Inc. -  Arroyo Del Oso Park","identifier":"FAA-REC_FIXED_SITE_US:Duke City Electric Flyer, Inc. -  Arroyo Del Oso Park","lowerLimit":"GND","upperLimit":"700 ft AGL","authority":"FAA (Recreational Flyer Fixed Sites)"}},
{"type":"Feature","geometry":{"type":"Polygon","coordinates":[[[-106.56712,35.18034],[-106.56726,35.17672],[-106.56491,35.17842],[-106.56712,35.18034]]]},"properties":{"type":"REC_FIXED_SITE_US","name":"Albuquerque Soaring Association - North Domingo BACA Park","identifier":"FAA-REC_FIXED_SITE_US:Albuquerque Soaring Association - North Domingo BACA Park","lowerLimit":"GND","upperLimit":"700 ft AGL","authority":"FAA (Recreational Flyer Fixed Sites)"}},
{"type":"Feature","geometry":{"type":"Polygon","coordinates":[[[-106.66347,35.25884],[-106.66498,35.2557],[-106.66185,35.25578],[-106.66347,35.25884]]]},"properties":{"type":"REC_FIXED_SITE_US","name":"Albuquerque Soaring Association - Rio Rancho Athletic Complex","identifier":"FAA-REC_FIXED_SITE_US:Albuquerque Soaring Association - Rio Rancho Athletic Complex","lowerLimit":"GND","upperLimit":"700 ft AGL","authority":"FAA (Recreational Flyer Fixed Sites)"}},
{"type":"Feature","geometry":{"type":"Polygon","coordinates":[[[-106.66377,35.26953],[-106.66538,35.26647],[-106.66215,35.26647],[-106.66377,35.26953]]]},"properties":{"type":"REC_FIXED_SITE_US","name":"Albuquerque Soaring Association - Loma Colorado Park","identifier":"FAA-REC_FIXED_SITE_US:Albuquerque Soaring Association - Loma Colorado Park","lowerLimit":"GND","upperLimit":"700 ft AGL","authority":"FAA (Recreational Flyer Fixed Sites)"}},
{"type":"Feature","geometry":{"type":"Polygon","coordinates":[[[-106.74525,35.28806],[-106.74807,35.28526],[-106.74496,35.2855],[-106.74525,35.28806]]]},"properties":{"type":"REC_FIXED_SITE_US","name":"Rio Rancho Radio Control Club - Waterman Field","identifier":"FAA-REC_FIXED_SITE_US:Rio Rancho Radio Control Club - Waterman Field","lowerLimit":"GND","upperLimit":"700 ft AGL","authority":"FAA (Recreational Flyer Fixed Sites)"}},
{"type":"Feature","geometry":{"type":"Polygon","coordinates":[[[-106.71056,32.32861],[-106.71221,32.32564],[-106.70842,32.3268],[-106.71056,32.32861]]]},"properties":{"type":"REC_FIXED_SITE_US","name":"Mesilla Valley MAC -  Las Cruces Air Park","identifier":"FAA-REC_FIXED_SITE_US:Mesilla Valley MAC -  Las Cruces Air Park","lowerLimit":"GND","upperLimit":"1200 ft AGL","authority":"FAA (Recreational Flyer Fixed Sites)"}},
{"type":"Feature","geometry":{"type":"Polygon","coordinates":[[[-108.15976,32.78716],[-108.16133,32.78411],[-108.15761,32.78535],[-108.15976,32.78716]]]},"properties":{"type":"REC_FIXED_SITE_US","name":"Grant County Cloud Busters - Bataan Memorial Park","identifier":"FAA-REC_FIXED_SITE_US:Grant County Cloud Busters - Bataan Memorial Park","lowerLimit":"GND","upperLimit":"1200 ft AGL","authority":"FAA (Recreational Flyer Fixed Sites)"}},
{"type":"Feature","geometry":{"type":"Polygon","coordinates":[[[-108.146,32.64181],[-108.14765,32.63884],[-108.14463,32.6386],[-108.146,32.64181]]]},"properties":{"type":"REC_FIXED_SITE_US","name":"Wilver Wings R/C Aero Modelers - Airport Rd","identifier":"FAA-REC_FIXED_SITE_US:Wilver Wings R/C Aero Modelers - Airport Rd","lowerLimit":"GND","upperLimit":"700 ft AGL","authority":"FAA (Recreational Flyer Fixed Sites)"}},
{"type":"Feature","geometry":{"type":"Polygon","coordinates":[[[-106,32.93201],[-106.00166,32.92904],[-105.99863,32.9288],[-106,32.93201]]]},"properties":{"type":"REC_FIXED_SITE_US","name":"Alamogordo RCers - Weidner Field","identifier":"FAA-REC_FIXED_SITE_US:Alamogordo RCers - Weidner Field","lowerLimit":"GND","upperLimit":"700 ft AGL","authority":"FAA (Recreational Flyer Fixed Sites)"}},
{"type":"Feature","geometry":{"type":"Polygon","coordinates":[[[-106.71558,32.49006],[-106.71723,32.48709],[-106.71411,32.48693],[-106.71558,32.49006]]]},"properties":{"type":"REC_FIXED_SITE_US","name":"Mesilla Valley MAC - D65 Rd","identifier":"FAA-REC_FIXED_SITE_US:Mesilla Valley MAC - D65 Rd","lowerLimit":"GND","upperLimit":"1200 ft AGL","authority":"FAA (Recreational Flyer Fixed Sites)"}},
{"type":"Feature","geometry":{"type":"Polygon","coordinates":[[[-103.17802,34.51702],[-103.18092,34.51694],[-103.17928,34.51381],[-103.17802,34.51702]]]},"properties":{"type":"REC_FIXED_SITE_US","name":"Clovis Model Airplane Driver Society - Ned Houk Memorial Park","identifier":"FAA-REC_FIXED_SITE_US:Clovis Model Airplane Driver Society - Ned Houk Memorial Park","lowerLimit":"GND","upperLimit":"700 ft AGL","authority":"FAA (Recreational Flyer Fixed Sites)"}},
{"type":"Feature","geometry":{"type":"Polygon","coordinates":[[[-104.30522,32.44552],[-104.30687,32.44255],[-104.30386,32.44231],[-104.30522,32.44552]]]},"properties":{"type":"REC_FIXED_SITE_US","name":"Carlsbad RC Fliers - Happy Valley Rd","identifier":"FAA-REC_FIXED_SITE_US:Carlsbad RC Fliers - Happy Valley Rd","lowerLimit":"GND","upperLimit":"700 ft AGL","authority":"FAA (Recreational Flyer Fixed Sites)"}},
{"type":"Feature","geometry":{"type":"Polygon","coordinates":[[[-114.79045,36.03387],[-114.79268,36.03195],[-114.78873,36.0309],[-114.79045,36.03387]]]},"properties":{"type":"REC_FIXED_SITE_US","name":"Las Vegas Radio Control Club -Hemenway Harbor","identifier":"FAA-REC_FIXED_SITE_US:Las Vegas Radio Control Club -Hemenway Harbor","lowerLimit":"GND","upperLimit":"1200 ft AGL","authority":"FAA (Recreational Flyer Fixed Sites)"}},
{"type":"Feature","geometry":{"type":"Polygon","coordinates":[[[-116.086,36.22571],[-116.08614,36.22209],[-116.08376,36.2239],[-116.086,36.22571]]]},"properties":{"type":"REC_FIXED_SITE_US","name":"Pahrump Valley Model Aviators - Bannavitch St","identifier":"FAA-REC_FIXED_SITE_US:Pahrump Valley Model Aviators - Bannavitch St","lowerLimit":"GND","upperLimit":"1200 ft AGL","authority":"FAA (Recreational Flyer Fixed Sites)"}},
{"type":"Feature","geometry":{"type":"Polygon","coordinates":[[[-115.922,36.16736],[-115.92214,36.16374],[-115.91976,36.16555],[-115.922,36.16736]]]},"properties":{"type":"REC_FIXED_SITE_US","name":"Pahrump Valley Model Aviators - Fox Field","identifier":"FAA-REC_FIXED_SITE_US:Pahrump Valley Model Aviators - Fox Field","lowerLimit":"GND","upperLimit":"1200 ft AGL","authority":"FAA (Recreational Flyer Fixed Sites)"}},
{"type":"Feature","geometry":{"type":"Polygon","coordinates":[[[-115.2005,36.31631],[-115.20223,36.31334],[-115.19907,36.3131],[-115.2005,36.31631]]]},"properties":{"type":"REC_FIXED_SITE_US","name":"Propnuts - Willie McCool Memorial Model Air Park","identifier":"FAA-REC_FIXED_SITE_US:Propnuts - Willie McCool Memorial Model Air Park","lowerLimit":"GND","upperLimit":"700 ft AGL","authority":"FAA (Recreational Flyer Fixed Sites)"}},
{"type":"Feature","geometry":{"type":"Polygon","coordinates":[[[-115.37267,36.15297],[-115.37281,36.14935],[-115.37043,36.15116],[-115.37267,36.15297]]]},"properties":{"type":"REC_FIXED_SITE_US","name":"Las Vegas Soaring Club Inc - Red Rock Canyon Rd","identifier":"FAA-REC_FIXED_SITE_US:Las Vegas Soaring Club Inc - Red Rock Canyon Rd","lowerLimit":"GND","upperLimit":"700 ft AGL","authority":"FAA (Recreational Flyer Fixed Sites)"}},
{"type":"Feature","geometry":{"type":"Polygon","coordinates":[[[-119.19627,39.58466],[-119.19925,39.58186],[-119.19605,39.58202],[-119.19627,39.58466]]]},"properties":{"type":"REC_FIXED_SITE_US","name":"Volts RC Club - Farm District Rd.","identifier":"FAA-REC_FIXED_SITE_US:Volts RC Club - Farm District Rd.","lowerLimit":"GND","upperLimit":"1200 ft AGL","authority":"FAA (Recreational Flyer Fixed Sites)"}},
{"type":"Feature","geometry":{"type":"Polygon","coordinates":[[[-119.23823,39.56167],[-119.24121,39.55887],[-119.23801,39.55903],[-119.23823,39.56167]]]},"properties":{"type":"REC_FIXED_SITE_US","name":"RC NV - Samsarg Field","identifier":"FAA-REC_FIXED_SITE_US:RC NV - Samsarg Field","lowerLimit":"GND","upperLimit":"1200 ft AGL","authority":"FAA (Recreational Flyer Fixed Sites)"}},
{"type":"Feature","geometry":{"type":"Polygon","coordinates":[[[-119.66941,38.90852],[-119.67259,38.90588],[-119.66921,38.90604],[-119.66941,38.90852]]]},"properties":{"type":"REC_FIXED_SITE_US","name":"Sierra Sagebrush Flyers, Inc - Pinenut Rd","identifier":"FAA-REC_FIXED_SITE_US:Sierra Sagebrush Flyers, Inc - Pinenut Rd","lowerLimit":"GND","upperLimit":"1200 ft AGL","authority":"FAA (Recreational Flyer Fixed Sites)"}},
{"type":"Feature","geometry":{"type":"Polygon","coordinates":[[[-119.1602,39.4383],[-119.16414,39.43698],[-119.16195,39.43517],[-119.1602,39.4383]]]},"properties":{"type":"REC_FIXED_SITE_US","name":"Volts RC Club - Highway 50","identifier":"FAA-REC_FIXED_SITE_US:Volts RC Club - Highway 50","lowerLimit":"GND","upperLimit":"700 ft AGL","authority":"FAA (Recreational Flyer Fixed Sites)"}},
{"type":"Feature","geometry":{"type":"Polygon","coordinates":[[[-119.17158,39.41841],[-119.17318,39.41528],[-119.16987,39.41536],[-119.17158,39.41841]]]},"properties":{"type":"REC_FIXED_SITE_US","name":"RC NV - Lahontan Recreational Area","identifier":"FAA-REC_FIXED_SITE_US:RC NV - Lahontan Recreational Area","lowerLimit":"GND","upperLimit":"700 ft AGL","authority":"FAA (Recreational Flyer Fixed Sites)"}},
{"type":"Feature","geometry":{"type":"Polygon","coordinates":[[[-119.76621,39.70356],[-119.76782,39.70042],[-119.76386,39.70174],[-119.76621,39.70356]]]},"properties":{"type":"REC_FIXED_SITE_US","name":"Reno RC Club - Washoe County Hwy 202","identifier":"FAA-REC_FIXED_SITE_US:Reno RC Club - Washoe County Hwy 202","lowerLimit":"GND","upperLimit":"700 ft AGL","authority":"FAA (Recreational Flyer Fixed Sites)"}},
{"type":"Feature","geometry":{"type":"Polygon","coordinates":[[[-119.675,39.20141],[-119.6767,39.19836],[-119.6733,39.19836],[-119.675,39.20141]]]},"properties":{"type":"REC_FIXED_SITE_US","name":"High Sierra RC Club - Remote Control Rd","identifier":"FAA-REC_FIXED_SITE_US:High Sierra RC Club - Remote Control Rd","lowerLimit":"GND","upperLimit":"700 ft AGL","authority":"FAA (Recreational Flyer Fixed Sites)"}},
{"type":"Feature","geometry":{"type":"Polygon","coordinates":[[[-119.79237,39.27734],[-119.7947,39.27542],[-119.79057,39.27437],[-119.79237,39.27734]]]},"properties":{"type":"REC_FIXED_SITE_US","name":"Washoe Waterdogs - Washoe Lake State Park","identifier":"FAA-REC_FIXED_SITE_US:Washoe Waterdogs - Washoe Lake State Park","lowerLimit":"GND","upperLimit":"700 ft AGL","authority":"FAA (Recreational Flyer Fixed Sites)"}},
{"type":"Feature","geometry":{"type":"Polygon","coordinates":[[[-119.8345,39.2535],[-119.83683,39.25158],[-119.8327,39.25053],[-119.8345,39.2535]]]},"properties":{"type":"REC_FIXED_SITE_US","name":"Sierra Silent Soarers - US 395","identifier":"FAA-REC_FIXED_SITE_US:Sierra Silent Soarers - US 395","lowerLimit":"GND","upperLimit":"700 ft AGL","authority":"FAA (Recreational Flyer Fixed Sites)"}},
{"type":"Feature","geometry":{"type":"Polygon","coordinates":[[[-115.8013,40.79653],[-115.80304,40.79348],[-115.79967,40.7934],[-115.8013,40.79653]]]},"properties":{"type":"REC_FIXED_SITE_US","name":"Elko RC Incorporated - Bullion Rd","identifier":"FAA-REC_FIXED_SITE_US:Elko RC Incorporated - Bullion Rd","lowerLimit":"GND","upperLimit":"700 ft AGL","authority":"FAA (Recreational Flyer Fixed Sites)"}},
{"type":"Feature","geometry":{"type":"Polygon","coordinates":[[[-116.97034,40.60922],[-116.97196,40.60609],[-116.9686,40.60617],[-116.97034,40.60922]]]},"properties":{"type":"REC_FIXED_SITE_US","name":"Lander Radio Control Club - Fairway Dr","identifier":"FAA-REC_FIXED_SITE_US:Lander Radio Control Club - Fairway Dr","lowerLimit":"GND","upperLimit":"700 ft AGL","authority":"FAA (Recreational Flyer Fixed Sites)"}},
{"type":"Feature","geometry":{"type":"Polygon","coordinates":[[[-74.16311,40.57267],[-74.16657,40.57019],[-74.16322,40.56995],[-74.16311,40.57267]]]},"properties":{"type":"REC_FIXED_SITE_US","name":"Staten Island Modelers - La Tourette Park","identifier":"FAA-REC_FIXED_SITE_US:Staten Island Modelers - La Tourette Park","lowerLimit":"GND","upperLimit":"700 ft AGL","authority":"FAA (Recreational Flyer Fixed Sites)"}},
{"type":"Feature","geometry":{"type":"Polygon","coordinates":[[[-73.88963,41.1907],[-73.89138,41.18765],[-73.88723,41.18889],[-73.88963,41.1907]]]},"properties":{"type":"REC_FIXED_SITE_US","name":"Miniature Aircraft Assn of Westchester - Croton Point Ave","identifier":"FAA-REC_FIXED_SITE_US:Miniature Aircraft Assn of Westchester - Croton Point Ave","lowerLimit":"GND","upperLimit":"700 ft AGL","authority":"FAA (Recreational Flyer Fixed Sites)"}},
{"type":"Feature","geometry":{"type":"Polygon","coordinates":[[[-73.76003,41.35043],[-73.76243,41.34873],[-73.7585,41.34722],[-73.76003,41.35043]]]},"properties":{"type":"REC_FIXED_SITE_US","name":"Tri County Eagles - Baldwin Place Rd","identifier":"FAA-REC_FIXED_SITE_US:Tri County Eagles - Baldwin Place Rd","lowerLimit":"GND","upperLimit":"700 ft AGL","authority":"FAA (Recreational Flyer Fixed Sites)"}},
{"type":"Feature","geometry":{"type":"Polygon","coordinates":[[[-73.73104,40.94765],[-73.73432,40.94765],[-73.73283,40.94452],[-73.73104,40.94765]]]},"properties":{"type":"REC_FIXED_SITE_US","name":"Quiet Harbor Park Flyers - Harbour Island Park","identifier":"FAA-REC_FIXED_SITE_US:Quiet Harbor Park Flyers - Harbour Island Park","lowerLimit":"GND","upperLimit":"700 ft AGL","authority":"FAA (Recreational Flyer Fixed Sites)"}},
{"type":"Feature","geometry":{"type":"Polygon","coordinates":[[[-73.80451,41.29421],[-73.80626,41.29116],[-73.80286,41.29108],[-73.80451,41.29421]]]},"properties":{"type":"REC_FIXED_SITE_US","name":"Yorktown High School Corntographers - Crompond Rd","identifier":"FAA-REC_FIXED_SITE_US:Yorktown High School Corntographers - Crompond Rd","lowerLimit":"GND","upperLimit":"700 ft AGL","authority":"FAA (Recreational Flyer Fixed Sites)"}},
{"type":"Feature","geometry":{"type":"Polygon","coordinates":[[[-73.93939,41.1428],[-73.94103,41.13967],[-73.93764,41.13975],[-73.93939,41.1428]]]},"properties":{"type":"REC_FIXED_SITE_US","name":"Rockland County RC Club, Congers Lake","identifier":"FAA-REC_FIXED_SITE_US:Rockland County RC Club, Congers Lake","lowerLimit":"GND","upperLimit":"700 ft AGL","authority":"FAA (Recreational Flyer Fixed Sites)"}},
{"type":"Feature","geometry":{"type":"Polygon","coordinates":[[[-74.43021,41.34081],[-74.4335,41.33816],[-74.43021,41.33816],[-74.43021,41.34081]]]},"properties":{"type":"REC_FIXED_SITE_US","name":"Black Dirt Squadron - Indiana Rd","identifier":"FAA-REC_FIXED_SITE_US:Black Dirt Squadron - Indiana Rd","lowerLimit":"GND","upperLimit":"700 ft AGL","authority":"FAA (Recreational Flyer Fixed Sites)"}},
{"type":"Feature","geometry":{"type":"Polygon","coordinates":[[[-74.28647,41.2894],[-74.28822,41.28635],[-74.28406,41.28759],[-74.28647,41.2894]]]},"properties":{"type":"REC_FIXED_SITE_US","name":"Bergen County Silent Fliers - Warwick Airport","identifier":"FAA-REC_FIXED_SITE_US:Bergen County Silent Fliers - Warwick Airport","lowerLimit":"GND","upperLimit":"700 ft AGL","authority":"FAA (Recreational Flyer Fixed Sites)"}},
{"type":"Feature","geometry":{"type":"Polygon","coordinates":[[[-74.30084,41.47243],[-74.3026,41.46938],[-74.29843,41.47062],[-74.30084,41.47243]]]},"properties":{"type":"REC_FIXED_SITE_US","name":"Sullivan Orange Ulster Radio Society - Ohaire Road","identifier":"FAA-REC_FIXED_SITE_US:Sullivan Orange Ulster Radio Society - Ohaire Road","lowerLimit":"GND","upperLimit":"700 ft AGL","authority":"FAA (Recreational Flyer Fixed Sites)"}},
{"type":"Feature","geometry":{"type":"Polygon","coordinates":[[[-74.28853,41.46705],[-74.29094,41.46535],[-74.28853,41.46342],[-74.28853,41.46705]]]},"properties":{"type":"REC_FIXED_SITE_US","name":"Sullivan Orange Ulster Radio Society - Bart Bull Rd","identifier":"FAA-REC_FIXED_SITE_US:Sullivan Orange Ulster Radio Society - Bart Bull Rd","lowerLimit":"GND","upperLimit":"700 ft AGL","authority":"FAA (Recreational Flyer Fixed Sites)"}},
{"type":"Feature","geometry":{"type":"Polygon","coordinates":[[[-74.42234,41.37203],[-74.42564,41.37203],[-74.42552,41.36931],[-74.42234,41.37203]]]},"properties":{"type":"REC_FIXED_SITE_US","name":"Wawayanda Flying Club - Onion Ave","identifier":"FAA-REC_FIXED_SITE_US:Wawayanda Flying Club - Onion Ave","lowerLimit":"GND","upperLimit":"700 ft AGL","authority":"FAA (Recreational Flyer Fixed Sites)"}},
{"type":"Feature","geometry":{"type":"Polygon","coordinates":[[[-74.47325,41.32985],[-74.4774,41.32872],[-74.47515,41.3268],[-74.47325,41.32985]]]},"properties":{"type":"REC_FIXED_SITE_US","name":"Brooklyn Skyscrapers - Shuback Farms - Sod Fields","identifier":"FAA-REC_FIXED_SITE_US:Brooklyn Skyscrapers - Shuback Farms - Sod Fields","lowerLimit":"GND","upperLimit":"700 ft AGL","authority":"FAA (Recreational Flyer Fixed Sites)"}},
{"type":"Feature","geometry":{"type":"Polygon","coordinates":[[[-74.4965,41.3131],[-74.49979,41.31294],[-74.49773,41.3099],[-74.4965,41.3131]]]},"properties":{"type":"REC_FIXED_SITE_US","name":"Orange County Silent Flyers - Pine Island Turf Nursery","identifier":"FAA-REC_FIXED_SITE_US:Orange County Silent Flyers - Pine Island Turf Nursery","lowerLimit":"GND","upperLimit":"700 ft AGL","authority":"FAA (Recreational Flyer Fixed Sites)"}},
{"type":"Feature","geometry":{"type":"Polygon","coordinates":[[[-74.21847,41.25006],[-74.22175,41.25022],[-74.22197,41.24758],[-74.21847,41.25006]]]},"properties":{"type":"REC_FIXED_SITE_US","name":"Rockland County RC Club, Sterling Forest","identifier":"FAA-REC_FIXED_SITE_US:Rockland County RC Club, Sterling Forest","lowerLimit":"GND","upperLimit":"700 ft AGL","authority":"FAA (Recreational Flyer Fixed Sites)"}},
{"type":"Feature","geometry":{"type":"Polygon","coordinates":[[[-74.41227,41.28428],[-74.41468,41.28247],[-74.41052,41.28123],[-74.41227,41.28428]]]},"properties":{"type":"REC_FIXED_SITE_US","name":"Ramapo Mtns Reichal Farm flying site","identifier":"FAA-REC_FIXED_SITE_US:Ramapo Mtns Reichal Farm flying site","lowerLimit":"GND","upperLimit":"700 ft AGL","authority":"FAA (Recreational Flyer Fixed Sites)"}},
{"type":"Feature","geometry":{"type":"Polygon","coordinates":[[[-73.96961,41.21475],[-73.97114,41.21154],[-73.96776,41.21178],[-73.96961,41.21475]]]},"properties":{"type":"REC_FIXED_SITE_US","name":"Hudson Valley R/C Club - Hudson Valley Aerodrome","identifier":"FAA-REC_FIXED_SITE_US:Hudson Valley R/C Club - Hudson Valley Aerodrome","lowerLimit":"GND","upperLimit":"700 ft AGL","authority":"FAA (Recreational Flyer Fixed Sites)"}},
{"type":"Feature","geometry":{"type":"Polygon","coordinates":[[[-73.95573,41.09036],[-73.95747,41.08731],[-73.95398,41.08731],[-73.95573,41.09036]]]},"properties":{"type":"REC_FIXED_SITE_US","name":"Rockland County RC Club, Clarkstown Landfill","identifier":"FAA-REC_FIXED_SITE_US:Rockland County RC Club, Clarkstown Landfill","lowerLimit":"GND","upperLimit":"700 ft AGL","authority":"FAA (Recreational Flyer Fixed Sites)"}},
{"type":"Feature","geometry":{"type":"Polygon","coordinates":[[[-73.66974,40.83802],[-73.67213,40.83621],[-73.66959,40.8344],[-73.66974,40.83802]]]},"properties":{"type":"REC_FIXED_SITE_US","name":"Hempstead Harbor Aero Modelers Society - W Shore Rd","identifier":"FAA-REC_FIXED_SITE_US:Hempstead Harbor Aero Modelers Society - W Shore Rd","lowerLimit":"GND","upperLimit":"700 ft AGL","authority":"FAA (Recreational Flyer Fixed Sites)"}},
{"type":"Feature","geometry":{"type":"Polygon","coordinates":[[[-73.99602,40.58601],[-73.99928,40.58601],[-73.9978,40.58288],[-73.99602,40.58601]]]},"properties":{"type":"REC_FIXED_SITE_US","name":"Seaview Rotary Wings - Calvert Vaux Park","identifier":"FAA-REC_FIXED_SITE_US:Seaview Rotary Wings - Calvert Vaux Park","lowerLimit":"GND","upperLimit":"700 ft AGL","authority":"FAA (Recreational Flyer Fixed Sites)"}},
{"type":"Feature","geometry":{"type":"Polygon","coordinates":[[[-73.33549,40.6356],[-73.33564,40.63198],[-73.33311,40.63368],[-73.33549,40.6356]]]},"properties":{"type":"REC_FIXED_SITE_US","name":"Overlook Beach","identifier":"FAA-REC_FIXED_SITE_US:Overlook Beach","lowerLimit":"GND","upperLimit":"700 ft AGL","authority":"FAA (Recreational Flyer Fixed Sites)"}},
{"type":"Feature","geometry":{"type":"Polygon","coordinates":[[[-72.93653,40.7864],[-72.93957,40.7836],[-72.93631,40.78376],[-72.93653,40.7864]]]},"properties":{"type":"REC_FIXED_SITE_US","name":"Long Island Aero Radio Society - iMiller Ave","identifier":"FAA-REC_FIXED_SITE_US:Long Island Aero Radio Society - iMiller Ave","lowerLimit":"GND","upperLimit":"700 ft AGL","authority":"FAA (Recreational Flyer Fixed Sites)"}},
{"type":"Feature","geometry":{"type":"Polygon","coordinates":[[[-73.30645,40.77899],[-73.30645,40.77537],[-73.30407,40.77707],[-73.30645,40.77899]]]},"properties":{"type":"REC_FIXED_SITE_US","name":"Edgewood Flyers Incorporated - Oak Brush Plains Preserve","identifier":"FAA-REC_FIXED_SITE_US:Edgewood Flyers Incorporated - Oak Brush Plains Preserve","lowerLimit":"GND","upperLimit":"700 ft AGL","authority":"FAA (Recreational Flyer Fixed Sites)"}},
{"type":"Feature","geometry":{"type":"Polygon","coordinates":[[[-73.15438,40.7009],[-73.15742,40.6981],[-73.15416,40.69826],[-73.15438,40.7009]]]},"properties":{"type":"REC_FIXED_SITE_US","name":"Suffolk Aero Modelers - Hecksher Park","identifier":"FAA-REC_FIXED_SITE_US:Suffolk Aero Modelers - Hecksher Park","lowerLimit":"GND","upperLimit":"700 ft AGL","authority":"FAA (Recreational Flyer Fixed Sites)"}},
{"type":"Feature","geometry":{"type":"Polygon","coordinates":[[[-73.24,40.89764],[-73.24015,40.89402],[-73.23761,40.89583],[-73.24,40.89764]]]},"properties":{"type":"REC_FIXED_SITE_US","name":"Islip Model Aviation Society - W 4th St","identifier":"FAA-REC_FIXED_SITE_US:Islip Model Aviation Society - W 4th St","lowerLimit":"GND","upperLimit":"1200 ft AGL","authority":"FAA (Recreational Flyer Fixed Sites)"}},
{"type":"Feature","geometry":{"type":"Polygon","coordinates":[[[-73.50679,40.64667],[-73.50679,40.64304],[-73.50441,40.64474],[-73.50679,40.64667]]]},"properties":{"type":"REC_FIXED_SITE_US","name":"Safety Third Racing - Cedar Creek Park Aerodrome","identifier":"FAA-REC_FIXED_SITE_US:Safety Third Racing - Cedar Creek Park Aerodrome","lowerLimit":"GND","upperLimit":"700 ft AGL","authority":"FAA (Recreational Flyer Fixed Sites)"}},
{"type":"Feature","geometry":{"type":"Polygon","coordinates":[[[-73.47361,40.83399],[-73.47545,40.83102],[-73.47123,40.83207],[-73.47361,40.83399]]]},"properties":{"type":"REC_FIXED_SITE_US","name":"Long Island Silent Flyers - Stillwell Wood Park","identifier":"FAA-REC_FIXED_SITE_US:Long Island Silent Flyers - Stillwell Wood Park","lowerLimit":"GND","upperLimit":"700 ft AGL","authority":"FAA (Recreational Flyer Fixed Sites)"}},
{"type":"Feature","geometry":{"type":"Polygon","coordinates":[[[-72.76767,40.92402],[-72.76782,40.9204],[-72.76528,40.92221],[-72.76767,40.92402]]]},"properties":{"type":"REC_FIXED_SITE_US","name":"Wingnutz RC Squadron - Middle Country Rd","identifier":"FAA-REC_FIXED_SITE_US:Wingnutz RC Squadron - Middle Country Rd","lowerLimit":"GND","upperLimit":"700 ft AGL","authority":"FAA (Recreational Flyer Fixed Sites)"}},
{"type":"Feature","geometry":{"type":"Polygon","coordinates":[[[-72.76971,40.95027],[-72.77145,40.94721],[-72.76797,40.94721],[-72.76971,40.95027]]]},"properties":{"type":"REC_FIXED_SITE_US","name":"Long Island Radio Control Society - Sound Ave.","identifier":"FAA-REC_FIXED_SITE_US:Long Island Radio Control Society - Sound Ave.","lowerLimit":"GND","upperLimit":"700 ft AGL","authority":"FAA (Recreational Flyer Fixed Sites)"}},
{"type":"Feature","geometry":{"type":"Polygon","coordinates":[[[-72.9208,40.82491],[-72.92428,40.82243],[-72.92102,40.82227],[-72.9208,40.82491]]]},"properties":{"type":"REC_FIXED_SITE_US","name":"Long Island Flying Eagles - Yaphank Ave","identifier":"FAA-REC_FIXED_SITE_US:Long Island Flying Eagles - Yaphank Ave","lowerLimit":"GND","upperLimit":"700 ft AGL","authority":"FAA (Recreational Flyer Fixed Sites)"}},
{"type":"Feature","geometry":{"type":"Polygon","coordinates":[[[-74.25243,42.90752],[-74.2549,42.90571],[-74.25259,42.9039],[-74.25243,42.90752]]]},"properties":{"type":"REC_FIXED_SITE_US","name":"Electric Powered Aeromodelers - Denice Rd","identifier":"FAA-REC_FIXED_SITE_US:Electric Powered Aeromodelers - Denice Rd","lowerLimit":"GND","upperLimit":"700 ft AGL","authority":"FAA (Recreational Flyer Fixed Sites)"}},
{"type":"Feature","geometry":{"type":"Polygon","coordinates":[[[-74.44059,42.75333],[-74.44059,42.74971],[-74.43813,42.75141],[-74.44059,42.75333]]]},"properties":{"type":"REC_FIXED_SITE_US","name":"Aces High RC Flyers -  Crommie Rd","identifier":"FAA-REC_FIXED_SITE_US:Aces High RC Flyers -  Crommie Rd","lowerLimit":"GND","upperLimit":"1200 ft AGL","authority":"FAA (Recreational Flyer Fixed Sites)"}},
{"type":"Feature","geometry":{"type":"Polygon","coordinates":[[[-73.33955,42.95119],[-73.33986,42.94758],[-73.33708,42.94938],[-73.33955,42.95119]]]},"properties":{"type":"REC_FIXED_SITE_US","name":"Hoosick Aeromodelers - Andrews Rd","identifier":"FAA-REC_FIXED_SITE_US:Hoosick Aeromodelers - Andrews Rd","lowerLimit":"GND","upperLimit":"700 ft AGL","authority":"FAA (Recreational Flyer Fixed Sites)"}},
{"type":"Feature","geometry":{"type":"Polygon","coordinates":[[[-74.02562,42.42494],[-74.02896,42.4251],[-74.02771,42.4219],[-74.02562,42.42494]]]},"properties":{"type":"REC_FIXED_SITE_US","name":"Greenville Barnstormers - Town Park Dr","identifier":"FAA-REC_FIXED_SITE_US:Greenville Barnstormers - Town Park Dr","lowerLimit":"GND","upperLimit":"1200 ft AGL","authority":"FAA (Recreational Flyer Fixed Sites)"}},
{"type":"Feature","geometry":{"type":"Polygon","coordinates":[[[-74.4061,43.03751],[-74.40641,43.0339],[-74.40363,43.0357],[-74.4061,43.03751]]]},"properties":{"type":"REC_FIXED_SITE_US","name":"Lazy Eight RC Club Inc - Knoblauch Rd","identifier":"FAA-REC_FIXED_SITE_US:Lazy Eight RC Club Inc - Knoblauch Rd","lowerLimit":"GND","upperLimit":"700 ft AGL","authority":"FAA (Recreational Flyer Fixed Sites)"}},
{"type":"Feature","geometry":{"type":"Polygon","coordinates":[[[-74.92002,42.59357],[-74.92002,42.58995],[-74.91757,42.59165],[-74.92002,42.59357]]]},"properties":{"type":"REC_FIXED_SITE_US","name":"Oneonta Radio Control Flyers - Otsego Area Occupational Center","identifier":"FAA-REC_FIXED_SITE_US:Oneonta Radio Control Flyers - Otsego Area Occupational Center","lowerLimit":"GND","upperLimit":"700 ft AGL","authority":"FAA (Recreational Flyer Fixed Sites)"}},
{"type":"Feature","geometry":{"type":"Polygon","coordinates":[[[-73.72331,42.88946],[-73.72577,42.88765],[-73.72315,42.88584],[-73.72331,42.88946]]]},"properties":{"type":"REC_FIXED_SITE_US","name":"Thundervolts RC Club Inc - Pruyn Hill Rd","identifier":"FAA-REC_FIXED_SITE_US:Thundervolts RC Club Inc - Pruyn Hill Rd","lowerLimit":"GND","upperLimit":"700 ft AGL","authority":"FAA (Recreational Flyer Fixed Sites)"}},
{"type":"Feature","geometry":{"type":"Polygon","coordinates":[[[-73.85304,42.45115],[-73.85549,42.44934],[-73.85148,42.44794],[-73.85304,42.45115]]]},"properties":{"type":"REC_FIXED_SITE_US","name":"Flying Knights MAC-VanEtten Field","identifier":"FAA-REC_FIXED_SITE_US:Flying Knights MAC-VanEtten Field","lowerLimit":"GND","upperLimit":"1200 ft AGL","authority":"FAA (Recreational Flyer Fixed Sites)"}},
{"type":"Feature","geometry":{"type":"Polygon","coordinates":[[[-74.3238,42.66451],[-74.32411,42.6609],[-74.32135,42.66259],[-74.3238,42.66451]]]},"properties":{"type":"REC_FIXED_SITE_US","name":"Schoharie Valley Cropdusters - Bridge St","identifier":"FAA-REC_FIXED_SITE_US:Schoharie Valley Cropdusters - Bridge St","lowerLimit":"GND","upperLimit":"1200 ft AGL","authority":"FAA (Recreational Flyer Fixed Sites)"}},
{"type":"Feature","geometry":{"type":"Polygon","coordinates":[[[-73.59011,42.71736],[-73.59042,42.71375],[-73.58765,42.71555],[-73.59011,42.71736]]]},"properties":{"type":"REC_FIXED_SITE_US","name":"Tri City R/C Flyers - Garfield Rd","identifier":"FAA-REC_FIXED_SITE_US:Tri City R/C Flyers - Garfield Rd","lowerLimit":"GND","upperLimit":"700 ft AGL","authority":"FAA (Recreational Flyer Fixed Sites)"}},
{"type":"Feature","geometry":{"type":"Polygon","coordinates":[[[-73.7575,41.68077],[-73.75992,41.67907],[-73.7575,41.67714],[-73.7575,41.68077]]]},"properties":{"type":"REC_FIXED_SITE_US","name":"Mid Hudson RC Society - Redwing Field","identifier":"FAA-REC_FIXED_SITE_US:Mid Hudson RC Society - Redwing Field","lowerLimit":"GND","upperLimit":"700 ft AGL","authority":"FAA (Recreational Flyer Fixed Sites)"}},
{"type":"Feature","geometry":{"type":"Polygon","coordinates":[[[-73.84346,42.52553],[-73.84377,42.52192],[-73.84101,42.52372],[-73.84346,42.52553]]]},"properties":{"type":"REC_FIXED_SITE_US","name":"Flying Knights MAC - Callanan Field","identifier":"FAA-REC_FIXED_SITE_US:Flying Knights MAC - Callanan Field","lowerLimit":"GND","upperLimit":"700 ft AGL","authority":"FAA (Recreational Flyer Fixed Sites)"}},
{"type":"Feature","geometry":{"type":"Polygon","coordinates":[[[-73.95533,42.77052],[-73.95564,42.76691],[-73.95287,42.76871],[-73.95533,42.77052]]]},"properties":{"type":"REC_FIXED_SITE_US","name":"Mohonasen High School Center for Advanced Technology","identifier":"FAA-REC_FIXED_SITE_US:Mohonasen High School Center for Advanced Technology","lowerLimit":"GND","upperLimit":"700 ft AGL","authority":"FAA (Recreational Flyer Fixed Sites)"}},
{"type":"Feature","geometry":{"type":"Polygon","coordinates":[[[-74.06547,42.82627],[-74.06704,42.82306],[-74.06357,42.8233],[-74.06547,42.82627]]]},"properties":{"type":"REC_FIXED_SITE_US","name":"Electric Powered Aeromodelers - Gifford Farm","identifier":"FAA-REC_FIXED_SITE_US:Electric Powered Aeromodelers - Gifford Farm","lowerLimit":"GND","upperLimit":"700 ft AGL","authority":"FAA (Recreational Flyer Fixed Sites)"}},
{"type":"Feature","geometry":{"type":"Polygon","coordinates":[[[-74.2158,41.80302],[-74.21734,41.79981],[-74.21393,41.80005],[-74.2158,41.80302]]]},"properties":{"type":"REC_FIXED_SITE_US","name":"Rondout Valley Flyers - Airport Rd","identifier":"FAA-REC_FIXED_SITE_US:Rondout Valley Flyers - Airport Rd","lowerLimit":"GND","upperLimit":"700 ft AGL","authority":"FAA (Recreational Flyer Fixed Sites)"}},
{"type":"Feature","geometry":{"type":"Polygon","coordinates":[[[-73.95277,42.28236],[-73.95308,42.27875],[-73.95033,42.28055],[-73.95277,42.28236]]]},"properties":{"type":"REC_FIXED_SITE_US","name":"Sawyer RC Fliers - Catskill Valley Airpark","identifier":"FAA-REC_FIXED_SITE_US:Sawyer RC Fliers - Catskill Valley Airpark","lowerLimit":"GND","upperLimit":"1200 ft AGL","authority":"FAA (Recreational Flyer Fixed Sites)"}},
{"type":"Feature","geometry":{"type":"Polygon","coordinates":[[[-73.6625,41.84292],[-73.66492,41.84122],[-73.66096,41.83971],[-73.6625,41.84292]]]},"properties":{"type":"REC_FIXED_SITE_US","name":"Dutchess R/C Club - Shunpike","identifier":"FAA-REC_FIXED_SITE_US:Dutchess R/C Club - Shunpike","lowerLimit":"GND","upperLimit":"700 ft AGL","authority":"FAA (Recreational Flyer Fixed Sites)"}},
{"type":"Feature","geometry":{"type":"Polygon","coordinates":[[[-73.61732,41.4974],[-73.62073,41.49484],[-73.61732,41.49476],[-73.61732,41.4974]]]},"properties":{"type":"REC_FIXED_SITE_US","name":"Westchester Radio Aero Modelers - Club Flying Site","identifier":"FAA-REC_FIXED_SITE_US:Westchester Radio Aero Modelers - Club Flying Site","lowerLimit":"GND","upperLimit":"700 ft AGL","authority":"FAA (Recreational Flyer Fixed Sites)"}},
{"type":"Feature","geometry":{"type":"Polygon","coordinates":[[[-73.86391,41.97116],[-73.86545,41.96795],[-73.86148,41.96946],[-73.86391,41.97116]]]},"properties":{"type":"REC_FIXED_SITE_US","name":"Mid Hudson RC Society - Old Rhinebeck Aerodrome","identifier":"FAA-REC_FIXED_SITE_US:Mid Hudson RC Society - Old Rhinebeck Aerodrome","lowerLimit":"GND","upperLimit":"700 ft AGL","authority":"FAA (Recreational Flyer Fixed Sites)"}},
{"type":"Feature","geometry":{"type":"Polygon","coordinates":[[[-73.9457,42.26814],[-73.94992,42.26701],[-73.94581,42.26558],[-73.9457,42.26814]]]},"properties":{"type":"REC_FIXED_SITE_US","name":"Catskill Model Aviators - Pine Lane","identifier":"FAA-REC_FIXED_SITE_US:Catskill Model Aviators - Pine Lane","lowerLimit":"GND","upperLimit":"1200 ft AGL","authority":"FAA (Recreational Flyer Fixed Sites)"}},
{"type":"Feature","geometry":{"type":"Polygon","coordinates":[[[-73.74518,41.55762],[-73.7487,41.55514],[-73.7454,41.55498],[-73.74518,41.55762]]]},"properties":{"type":"REC_FIXED_SITE_US","name":"Stormville RC Club - NY 52","identifier":"FAA-REC_FIXED_SITE_US:Stormville RC Club - NY 52","lowerLimit":"GND","upperLimit":"700 ft AGL","authority":"FAA (Recreational Flyer Fixed Sites)"}},
{"type":"Feature","geometry":{"type":"Polygon","coordinates":[[[-73.76367,41.50794],[-73.76608,41.50613],[-73.76191,41.50489],[-73.76367,41.50794]]]},"properties":{"type":"REC_FIXED_SITE_US","name":"Mountain Top Flyers - Hidden Acres Rd","identifier":"FAA-REC_FIXED_SITE_US:Mountain Top Flyers - Hidden Acres Rd","lowerLimit":"GND","upperLimit":"700 ft AGL","authority":"FAA (Recreational Flyer Fixed Sites)"}},
{"type":"Feature","geometry":{"type":"Polygon","coordinates":[[[-74.16854,41.62324],[-74.17206,41.62076],[-74.16876,41.6206],[-74.16854,41.62324]]]},"properties":{"type":"REC_FIXED_SITE_US","name":"Mid Hudson RC Society - Wallkill Field","identifier":"FAA-REC_FIXED_SITE_US:Mid Hudson RC Society - Wallkill Field","lowerLimit":"GND","upperLimit":"700 ft AGL","authority":"FAA (Recreational Flyer Fixed Sites)"}},
{"type":"Feature","geometry":null,"properties":{"type":"REC_FIXED_SITE_US","name":"MID HUDSON MODELMASTERS - Van Wagner Rd Field","identifier":"FAA-REC_FIXED_SITE_US:MID HUDSON MODELMASTERS - Van Wagner Rd Field","lowerLimit":"GND","upperLimit":"700 ft AGL","authority":"FAA (Recreational Flyer Fixed Sites)"}},
{"type":"Feature","geometry":{"type":"Polygon","coordinates":[[[-74.68879,41.64235],[-74.69231,41.63987],[-74.68901,41.63971],[-74.68879,41.64235]]]},"properties":{"type":"REC_FIXED_SITE_US","name":"Sullivan County RC - Scott LN","identifier":"FAA-REC_FIXED_SITE_US:Sullivan County RC - Scott LN","lowerLimit":"GND","upperLimit":"700 ft AGL","authority":"FAA (Recreational Flyer Fixed Sites)"}},
{"type":"Feature","geometry":{"type":"Polygon","coordinates":[[[-73.42328,44.01523],[-73.42672,44.01523],[-73.42516,44.0121],[-73.42328,44.01523]]]},"properties":{"type":"REC_FIXED_SITE_US","name":"Champlain Valley Flyers - Bridge Rd","identifier":"FAA-REC_FIXED_SITE_US:Champlain Valley Flyers - Bridge Rd","lowerLimit":"GND","upperLimit":"700 ft AGL","authority":"FAA (Recreational Flyer Fixed Sites)"}},
{"type":"Feature","geometry":{"type":"Polygon","coordinates":[[[-73.53,44.76741],[-73.53186,44.76436],[-73.52746,44.7656],[-73.53,44.76741]]]},"properties":{"type":"REC_FIXED_SITE_US","name":"Plattsburgh Radio Aeromodelers - Rooney Rd","identifier":"FAA-REC_FIXED_SITE_US:Plattsburgh Radio Aeromodelers - Rooney Rd","lowerLimit":"GND","upperLimit":"700 ft AGL","authority":"FAA (Recreational Flyer Fixed Sites)"}},
{"type":"Feature","geometry":{"type":"Polygon","coordinates":[[[-76.20669,43.26131],[-76.2085,43.25826],[-76.20499,43.25818],[-76.20669,43.26131]]]},"properties":{"type":"REC_FIXED_SITE_US","name":"The Midstate Modelers - Black Creek Rd","identifier":"FAA-REC_FIXED_SITE_US:The Midstate Modelers - Black Creek Rd","lowerLimit":"GND","upperLimit":"700 ft AGL","authority":"FAA (Recreational Flyer Fixed Sites)"}},
{"type":"Feature","geometry":{"type":"Polygon","coordinates":[[[-75.9765,43.25164],[-75.9782,43.24851],[-75.97469,43.24859],[-75.9765,43.25164]]]},"properties":{"type":"REC_FIXED_SITE_US","name":"Oneida Lake Flyers Assn -  NY 49","identifier":"FAA-REC_FIXED_SITE_US:Oneida Lake Flyers Assn -  NY 49","lowerLimit":"GND","upperLimit":"700 ft AGL","authority":"FAA (Recreational Flyer Fixed Sites)"}},
{"type":"Feature","geometry":{"type":"Polygon","coordinates":[[[-75.9288,42.97764],[-75.92911,42.97403],[-75.92633,42.97583],[-75.9288,42.97764]]]},"properties":{"type":"REC_FIXED_SITE_US","name":"Onondaga Model Aircraft Club - OMAC Field","identifier":"FAA-REC_FIXED_SITE_US:Onondaga Model Aircraft Club - OMAC Field","lowerLimit":"GND","upperLimit":"700 ft AGL","authority":"FAA (Recreational Flyer Fixed Sites)"}},
{"type":"Feature","geometry":{"type":"Polygon","coordinates":[[[-76.3523,43.01237],[-76.35261,43.00876],[-76.34983,43.01056],[-76.3523,43.01237]]]},"properties":{"type":"REC_FIXED_SITE_US","name":"Aero Radio Club of Syracuse - Marcellus Airport","identifier":"FAA-REC_FIXED_SITE_US:Aero Radio Club of Syracuse - Marcellus Airport","lowerLimit":"GND","upperLimit":"700 ft AGL","authority":"FAA (Recreational Flyer Fixed Sites)"}},
{"type":"Feature","geometry":{"type":"Polygon","coordinates":[[[-76.20778,43.52471],[-76.21027,43.52302],[-76.20778,43.52109],[-76.20778,43.52471]]]},"properties":{"type":"REC_FIXED_SITE_US","name":"Radio Aero Modelers - St Rt 3","identifier":"FAA-REC_FIXED_SITE_US:Radio Aero Modelers - St Rt 3","lowerLimit":"GND","upperLimit":"1200 ft AGL","authority":"FAA (Recreational Flyer Fixed Sites)"}},
{"type":"Feature","geometry":{"type":"Polygon","coordinates":[[[-76.23444,43.41305],[-76.23693,43.41124],[-76.23286,43.40984],[-76.23444,43.41305]]]},"properties":{"type":"REC_FIXED_SITE_US","name":"Mexair Field-Innovators of Aeronautics - Pople Ridge Rd","identifier":"FAA-REC_FIXED_SITE_US:Mexair Field-Innovators of Aeronautics - Pople Ridge Rd","lowerLimit":"GND","upperLimit":"1200 ft AGL","authority":"FAA (Recreational Flyer Fixed Sites)"}},
{"type":"Feature","geometry":{"type":"Polygon","coordinates":[[[-76.2344,43.46332],[-76.23859,43.462],[-76.23626,43.46019],[-76.2344,43.46332]]]},"properties":{"type":"REC_FIXED_SITE_US","name":"Mexair Field-Innovators of Aeronautics - Mexico Elementary School","identifier":"FAA-REC_FIXED_SITE_US:Mexair Field-Innovators of Aeronautics - Mexico Elementary School","lowerLimit":"GND","upperLimit":"1200 ft AGL","authority":"FAA (Recreational Flyer Fixed Sites)"}},
{"type":"Feature","geometry":{"type":"Polygon","coordinates":[[[-76.24562,43.23813],[-76.24743,43.23508],[-76.24315,43.2362],[-76.24562,43.23813]]]},"properties":{"type":"REC_FIXED_SITE_US","name":"Syracuse Thunderbirds -County Rte 12","identifier":"FAA-REC_FIXED_SITE_US:Syracuse Thunderbirds -County Rte 12","lowerLimit":"GND","upperLimit":"700 ft AGL","authority":"FAA (Recreational Flyer Fixed Sites)"}},
{"type":"Feature","geometry":{"type":"Polygon","coordinates":[[[-76.32951,43.12617],[-76.32967,43.12255],[-76.32704,43.12424],[-76.32951,43.12617]]]},"properties":{"type":"REC_FIXED_SITE_US","name":"Van Buren Town Park","identifier":"FAA-REC_FIXED_SITE_US:Van Buren Town Park","lowerLimit":"GND","upperLimit":"700 ft AGL","authority":"FAA (Recreational Flyer Fixed Sites)"}},
{"type":"Feature","geometry":{"type":"Polygon","coordinates":[[[-76.778,42.93375],[-76.78046,42.93205],[-76.77643,42.93054],[-76.778,42.93375]]]},"properties":{"type":"REC_FIXED_SITE_US","name":"Fingerlakes Air Pirates - Auburn Rd","identifier":"FAA-REC_FIXED_SITE_US:Fingerlakes Air Pirates - Auburn Rd","lowerLimit":"GND","upperLimit":"700 ft AGL","authority":"FAA (Recreational Flyer Fixed Sites)"}},
{"type":"Feature","geometry":{"type":"Polygon","coordinates":[[[-76.05503,42.67014],[-76.05748,42.66822],[-76.05487,42.66652],[-76.05503,42.67014]]]},"properties":{"type":"REC_FIXED_SITE_US","name":"Cortland Aeromodeling Society - Maybury Rd","identifier":"FAA-REC_FIXED_SITE_US:Cortland Aeromodeling Society - Maybury Rd","lowerLimit":"GND","upperLimit":"1200 ft AGL","authority":"FAA (Recreational Flyer Fixed Sites)"}},
{"type":"Feature","geometry":{"type":"Polygon","coordinates":[[[-76.15373,42.79932],[-76.15389,42.7957],[-76.15127,42.79751],[-76.15373,42.79932]]]},"properties":{"type":"REC_FIXED_SITE_US","name":"WESTERN NEW YORK FREE FLIGHT SOCIETY 1","identifier":"FAA-REC_FIXED_SITE_US:WESTERN NEW YORK FREE FLIGHT SOCIETY 1","lowerLimit":"GND","upperLimit":"1200 ft AGL","authority":"FAA (Recreational Flyer Fixed Sites)"}},
{"type":"Feature","geometry":{"type":"Polygon","coordinates":[[[-75.21111,43.23487],[-75.21292,43.23182],[-75.2093,43.23182],[-75.21111,43.23487]]]},"properties":{"type":"REC_FIXED_SITE_US","name":"Steuben Red Barons - Hinman Rd.","identifier":"FAA-REC_FIXED_SITE_US:Steuben Red Barons - Hinman Rd.","lowerLimit":"GND","upperLimit":"700 ft AGL","authority":"FAA (Recreational Flyer Fixed Sites)"}},
{"type":"Feature","geometry":{"type":"Polygon","coordinates":[[[-75.35937,42.68329],[-75.36183,42.68148],[-75.35769,42.68016],[-75.35937,42.68329]]]},"properties":{"type":"REC_FIXED_SITE_US","name":"Chenango RC Club - County Rd 25","identifier":"FAA-REC_FIXED_SITE_US:Chenango RC Club - County Rd 25","lowerLimit":"GND","upperLimit":"700 ft AGL","authority":"FAA (Recreational Flyer Fixed Sites)"}},
{"type":"Feature","geometry":{"type":"Polygon","coordinates":[[[-74.97019,43.72762],[-74.9744,43.7263],[-74.97174,43.72449],[-74.97019,43.72762]]]},"properties":{"type":"REC_FIXED_SITE_US","name":"Mountain RC Modelers - North St","identifier":"FAA-REC_FIXED_SITE_US:Mountain RC Modelers - North St","lowerLimit":"GND","upperLimit":"1200 ft AGL","authority":"FAA (Recreational Flyer Fixed Sites)"}},
{"type":"Feature","geometry":{"type":"Polygon","coordinates":[[[-75.46434,43.08056],[-75.46591,43.07735],[-75.46187,43.07886],[-75.46434,43.08056]]]},"properties":{"type":"REC_FIXED_SITE_US","name":"Paradise R/C Flyers - 6361 RT 5","identifier":"FAA-REC_FIXED_SITE_US:Paradise R/C Flyers - 6361 RT 5","lowerLimit":"GND","upperLimit":"700 ft AGL","authority":"FAA (Recreational Flyer Fixed Sites)"}},
{"type":"Feature","geometry":{"type":"Polygon","coordinates":[[[-76.01694,43.82959],[-76.01757,43.82602],[-76.01446,43.82755],[-76.01694,43.82959]]]},"properties":{"type":"REC_FIXED_SITE_US","name":"N-CRASH- South Jefferson High School","identifier":"FAA-REC_FIXED_SITE_US:N-CRASH- South Jefferson High School","lowerLimit":"GND","upperLimit":"1200 ft AGL","authority":"FAA (Recreational Flyer Fixed Sites)"}},
{"type":"Feature","geometry":{"type":"Polygon","coordinates":[[[-75.727,42.29961],[-75.72731,42.296],[-75.72456,42.2978],[-75.727,42.29961]]]},"properties":{"type":"REC_FIXED_SITE_US","name":"Modelers of Binghamton - Stein Rd","identifier":"FAA-REC_FIXED_SITE_US:Modelers of Binghamton - Stein Rd","lowerLimit":"GND","upperLimit":"1200 ft AGL","authority":"FAA (Recreational Flyer Fixed Sites)"}},
{"type":"Feature","geometry":{"type":"Polygon","coordinates":[[[-75.06417,42.02771],[-75.06749,42.02787],[-75.06771,42.02523],[-75.06417,42.02771]]]},"properties":{"type":"REC_FIXED_SITE_US","name":"Peaceful Valley Model Airplane Club - Peaceful Valley Campsite","identifier":"FAA-REC_FIXED_SITE_US:Peaceful Valley Model Airplane Club - Peaceful Valley Campsite","lowerLimit":"GND","upperLimit":"1200 ft AGL","authority":"FAA (Recreational Flyer Fixed Sites)"}},
{"type":"Feature","geometry":{"type":"Polygon","coordinates":[[[-76.13154,42.12438],[-76.13488,42.12438],[-76.13476,42.12166],[-76.13154,42.12438]]]},"properties":{"type":"REC_FIXED_SITE_US","name":"Aeroguidance Society Inc. Warrick Rd.","identifier":"FAA-REC_FIXED_SITE_US:Aeroguidance Society Inc. Warrick Rd.","lowerLimit":"GND","upperLimit":"700 ft AGL","authority":"FAA (Recreational Flyer Fixed Sites)"}},
{"type":"Feature","geometry":{"type":"Polygon","coordinates":[[[-74.98468,42.47446],[-74.98499,42.47085],[-74.98223,42.47265],[-74.98468,42.47446]]]},"properties":{"type":"REC_FIXED_SITE_US","name":"Otsego County RC Flyers- CR 58","identifier":"FAA-REC_FIXED_SITE_US:Otsego County RC Flyers- CR 58","lowerLimit":"GND","upperLimit":"700 ft AGL","authority":"FAA (Recreational Flyer Fixed Sites)"}},
{"type":"Feature","geometry":{"type":"Polygon","coordinates":[[[-75.8401,42.19359],[-75.84026,42.18997],[-75.83767,42.19167],[-75.8401,42.19359]]]},"properties":{"type":"REC_FIXED_SITE_US","name":"Binghamton Aeros - Chenango Bridge Airport","identifier":"FAA-REC_FIXED_SITE_US:Binghamton Aeros - Chenango Bridge Airport","lowerLimit":"GND","upperLimit":"700 ft AGL","authority":"FAA (Recreational Flyer Fixed Sites)"}},
{"type":"Feature","geometry":{"type":"Polygon","coordinates":[[[-79.40835,42.4428],[-79.40866,42.43919],[-79.4059,42.44099],[-79.40835,42.4428]]]},"properties":{"type":"REC_FIXED_SITE_US","name":"Frame Field Flyers - W Lake Rd","identifier":"FAA-REC_FIXED_SITE_US:Frame Field Flyers - W Lake Rd","lowerLimit":"GND","upperLimit":"700 ft AGL","authority":"FAA (Recreational Flyer Fixed Sites)"}},
{"type":"Feature","geometry":{"type":"Polygon","coordinates":[[[-78.89516,42.71442],[-78.89532,42.7108],[-78.89271,42.7125],[-78.89516,42.71442]]]},"properties":{"type":"REC_FIXED_SITE_US","name":"R/C Air-Crafters - Nike Base Model Air Park","identifier":"FAA-REC_FIXED_SITE_US:R/C Air-Crafters - Nike Base Model Air Park","lowerLimit":"GND","upperLimit":"1200 ft AGL","authority":"FAA (Recreational Flyer Fixed Sites)"}},
{"type":"Feature","geometry":{"type":"Polygon","coordinates":[[[-79.03605,43.169],[-79.03605,43.16537],[-79.03358,43.16707],[-79.03605,43.169]]]},"properties":{"type":"REC_FIXED_SITE_US","name":"Fun-Fly R/C - Artpark Plateau","identifier":"FAA-REC_FIXED_SITE_US:Fun-Fly R/C - Artpark Plateau","lowerLimit":"GND","upperLimit":"700 ft AGL","authority":"FAA (Recreational Flyer Fixed Sites)"}},
{"type":"Feature","geometry":{"type":"Polygon","coordinates":[[[-78.65056,43.1707],[-78.65213,43.16749],[-78.64808,43.16889],[-78.65056,43.1707]]]},"properties":{"type":"REC_FIXED_SITE_US","name":"Niagara County Model Flying Club - Day Rd","identifier":"FAA-REC_FIXED_SITE_US:Niagara County Model Flying Club - Day Rd","lowerLimit":"GND","upperLimit":"700 ft AGL","authority":"FAA (Recreational Flyer Fixed Sites)"}},
{"type":"Feature","geometry":{"type":"Polygon","coordinates":[[[-78.77679,43.11735],[-78.77726,43.11376],[-78.77434,43.11532],[-78.77679,43.11735]]]},"properties":{"type":"REC_FIXED_SITE_US","name":"Brauers Aviators - Mapleton Rd","identifier":"FAA-REC_FIXED_SITE_US:Brauers Aviators - Mapleton Rd","lowerLimit":"GND","upperLimit":"700 ft AGL","authority":"FAA (Recreational Flyer Fixed Sites)"}},
{"type":"Feature","geometry":{"type":"Polygon","coordinates":[[[-78.88345,42.57481],[-78.88702,42.57233],[-78.88345,42.57217],[-78.88345,42.57481]]]},"properties":{"type":"REC_FIXED_SITE_US","name":"Flying Knights of Hamburg - Eden Rd","identifier":"FAA-REC_FIXED_SITE_US:Flying Knights of Hamburg - Eden Rd","lowerLimit":"GND","upperLimit":"1200 ft AGL","authority":"FAA (Recreational Flyer Fixed Sites)"}},
{"type":"Feature","geometry":{"type":"Polygon","coordinates":[[[-78.75027,42.59597],[-78.75058,42.59236],[-78.74782,42.59405],[-78.75027,42.59597]]]},"properties":{"type":"REC_FIXED_SITE_US","name":"Flying Knights of Hamburg -  Emerling Rd","identifier":"FAA-REC_FIXED_SITE_US:Flying Knights of Hamburg -  Emerling Rd","lowerLimit":"GND","upperLimit":"1200 ft AGL","authority":"FAA (Recreational Flyer Fixed Sites)"}},
{"type":"Feature","geometry":{"type":"Polygon","coordinates":[[[-79.02297,43.24768],[-79.02478,43.24463],[-79.02127,43.24455],[-79.02297,43.24768]]]},"properties":{"type":"REC_FIXED_SITE_US","name":"Fun-Fly R/C - East Ave","identifier":"FAA-REC_FIXED_SITE_US:Fun-Fly R/C - East Ave","lowerLimit":"GND","upperLimit":"700 ft AGL","authority":"FAA (Recreational Flyer Fixed Sites)"}},
{"type":"Feature","geometry":{"type":"Polygon","coordinates":[[[-77.89582,43.1865],[-77.89987,43.18499],[-77.89724,43.18329],[-77.89582,43.1865]]]},"properties":{"type":"REC_FIXED_SITE_US","name":"Radio Control Club of Rochester - Northampton Park Field","identifier":"FAA-REC_FIXED_SITE_US:Radio Control Club of Rochester - Northampton Park Field","lowerLimit":"GND","upperLimit":"700 ft AGL","authority":"FAA (Recreational Flyer Fixed Sites)"}},
{"type":"Feature","geometry":{"type":"Polygon","coordinates":[[[-77.18954,42.87325],[-77.19292,42.87325],[-77.19154,42.87013],[-77.18954,42.87325]]]},"properties":{"type":"REC_FIXED_SITE_US","name":"Canandaigua Sky Chiefs - Gehan Rd","identifier":"FAA-REC_FIXED_SITE_US:Canandaigua Sky Chiefs - Gehan Rd","lowerLimit":"GND","upperLimit":"700 ft AGL","authority":"FAA (Recreational Flyer Fixed Sites)"}},
{"type":"Feature","geometry":{"type":"Polygon","coordinates":[[[-77.84644,42.79794],[-77.8489,42.79612],[-77.84476,42.7948],[-77.84644,42.79794]]]},"properties":{"type":"REC_FIXED_SITE_US","name":"Western New York Free Flight Society - National Warplane Museum","identifier":"FAA-REC_FIXED_SITE_US:Western New York Free Flight Society - National Warplane Museum","lowerLimit":"GND","upperLimit":"1200 ft AGL","authority":"FAA (Recreational Flyer Fixed Sites)"}},
{"type":"Feature","geometry":{"type":"Polygon","coordinates":[[[-77.5601,42.75421],[-77.56041,42.7506],[-77.55764,42.7524],[-77.5601,42.75421]]]},"properties":{"type":"REC_FIXED_SITE_US","name":"Genessee Valley Aero Modelers - Middle Rd","identifier":"FAA-REC_FIXED_SITE_US:Genessee Valley Aero Modelers - Middle Rd","lowerLimit":"GND","upperLimit":"700 ft AGL","authority":"FAA (Recreational Flyer Fixed Sites)"}},
{"type":"Feature","geometry":{"type":"Polygon","coordinates":[[[-78.03868,43.00732],[-78.04058,43.00435],[-78.03711,43.00411],[-78.03868,43.00732]]]},"properties":{"type":"REC_FIXED_SITE_US","name":"Batavia RC Flying Club Inc - Garner Field","identifier":"FAA-REC_FIXED_SITE_US:Batavia RC Flying Club Inc - Garner Field","lowerLimit":"GND","upperLimit":"700 ft AGL","authority":"FAA (Recreational Flyer Fixed Sites)"}},
{"type":"Feature","geometry":{"type":"Polygon","coordinates":[[[-77.25983,43.09659],[-77.26228,43.09456],[-77.25936,43.093],[-77.25983,43.09659]]]},"properties":{"type":"REC_FIXED_SITE_US","name":"Rochester Aero Modeling Society RAMS Field","identifier":"FAA-REC_FIXED_SITE_US:Rochester Aero Modeling Society RAMS Field","lowerLimit":"GND","upperLimit":"1200 ft AGL","authority":"FAA (Recreational Flyer Fixed Sites)"}},
{"type":"Feature","geometry":{"type":"Polygon","coordinates":[[[-78.05144,42.74372],[-78.053,42.74051],[-78.04954,42.74075],[-78.05144,42.74372]]]},"properties":{"type":"REC_FIXED_SITE_US","name":"Screaming Eagles MAC - Perry-Warsaw Airport","identifier":"FAA-REC_FIXED_SITE_US:Screaming Eagles MAC - Perry-Warsaw Airport","lowerLimit":"GND","upperLimit":"1200 ft AGL","authority":"FAA (Recreational Flyer Fixed Sites)"}},
{"type":"Feature","geometry":{"type":"Polygon","coordinates":[[[-77.08664,42.92807],[-77.09001,42.92823],[-77.09023,42.92559],[-77.08664,42.92807]]]},"properties":{"type":"REC_FIXED_SITE_US","name":"Canandaigua Sky Chiefs - Camp Dittmer-Lake Remick","identifier":"FAA-REC_FIXED_SITE_US:Canandaigua Sky Chiefs - Camp Dittmer-Lake Remick","lowerLimit":"GND","upperLimit":"1200 ft AGL","authority":"FAA (Recreational Flyer Fixed Sites)"}},
{"type":"Feature","geometry":{"type":"Polygon","coordinates":[[[-77.11948,42.97678],[-77.12263,42.97398],[-77.11926,42.97414],[-77.11948,42.97678]]]},"properties":{"type":"REC_FIXED_SITE_US","name":"Sky Rovers Flying Club - Ford Field","identifier":"FAA-REC_FIXED_SITE_US:Sky Rovers Flying Club - Ford Field","lowerLimit":"GND","upperLimit":"700 ft AGL","authority":"FAA (Recreational Flyer Fixed Sites)"}},
{"type":"Feature","geometry":{"type":"Polygon","coordinates":[[[-77.79483,43.20296],[-77.7973,43.20103],[-77.79302,43.19991],[-77.79483,43.20296]]]},"properties":{"type":"REC_FIXED_SITE_US","name":"Radio Control Club of Rochester - Terry Taylor Elementary School","identifier":"FAA-REC_FIXED_SITE_US:Radio Control Club of Rochester - Terry Taylor Elementary School","lowerLimit":"GND","upperLimit":"700 ft AGL","authority":"FAA (Recreational Flyer Fixed Sites)"}},
{"type":"Feature","geometry":{"type":"Polygon","coordinates":[[[-77.81292,43.22405],[-77.81472,43.221],[-77.81111,43.221],[-77.81292,43.22405]]]},"properties":{"type":"REC_FIXED_SITE_US","name":"Radio Control Club of Rochester - Hasman Field","identifier":"FAA-REC_FIXED_SITE_US:Radio Control Club of Rochester - Hasman Field","lowerLimit":"GND","upperLimit":"700 ft AGL","authority":"FAA (Recreational Flyer Fixed Sites)"}},
{"type":"Feature","geometry":{"type":"Polygon","coordinates":[[[-79.42153,42.05207],[-79.42507,42.04959],[-79.42175,42.04943],[-79.42153,42.05207]]]},"properties":{"type":"REC_FIXED_SITE_US","name":"Button Valley Bombers - Button Valley Rd","identifier":"FAA-REC_FIXED_SITE_US:Button Valley Bombers - Button Valley Rd","lowerLimit":"GND","upperLimit":"1200 ft AGL","authority":"FAA (Recreational Flyer Fixed Sites)"}},
{"type":"Feature","geometry":{"type":"Polygon","coordinates":[[[-78.70233,42.34375],[-78.70411,42.3407],[-78.69989,42.34183],[-78.70233,42.34375]]]},"properties":{"type":"REC_FIXED_SITE_US","name":"WNY Sailplane and Electric Flyers - Tough Row Rd","identifier":"FAA-REC_FIXED_SITE_US:WNY Sailplane and Electric Flyers - Tough Row Rd","lowerLimit":"GND","upperLimit":"1200 ft AGL","authority":"FAA (Recreational Flyer Fixed Sites)"}},
{"type":"Feature","geometry":{"type":"Polygon","coordinates":[[[-78.31045,42.22321],[-78.31076,42.2196],[-78.30801,42.2214],[-78.31045,42.22321]]]},"properties":{"type":"REC_FIXED_SITE_US","name":"Southern Tier Aero Radio Society - Shore Rd","identifier":"FAA-REC_FIXED_SITE_US:Southern Tier Aero Radio Society - Shore Rd","lowerLimit":"GND","upperLimit":"700 ft AGL","authority":"FAA (Recreational Flyer Fixed Sites)"}},
{"type":"Feature","geometry":{"type":"Polygon","coordinates":[[[-77.05719,42.29166],[-77.0575,42.28805],[-77.05475,42.28985],[-77.05719,42.29166]]]},"properties":{"type":"REC_FIXED_SITE_US","name":"Harris Hill Lift Over Drag RC Sailplane - Coon Hollow Rd","identifier":"FAA-REC_FIXED_SITE_US:Harris Hill Lift Over Drag RC Sailplane - Coon Hollow Rd","lowerLimit":"GND","upperLimit":"700 ft AGL","authority":"FAA (Recreational Flyer Fixed Sites)"}},
{"type":"Feature","geometry":{"type":"Polygon","coordinates":[[[-77.13058,42.44172],[-77.13247,42.43875],[-77.12902,42.43851],[-77.13058,42.44172]]]},"properties":{"type":"REC_FIXED_SITE_US","name":"Windyridge RC Flyers - Alderman Rd","identifier":"FAA-REC_FIXED_SITE_US:Windyridge RC Flyers - Alderman Rd","lowerLimit":"GND","upperLimit":"1200 ft AGL","authority":"FAA (Recreational Flyer Fixed Sites)"}},
{"type":"Feature","geometry":{"type":"Polygon","coordinates":[[[-77.71156,42.35007],[-77.7149,42.34742],[-77.71156,42.34742],[-77.71156,42.35007]]]},"properties":{"type":"REC_FIXED_SITE_US","name":"Kanakadea Park","identifier":"FAA-REC_FIXED_SITE_US:Kanakadea Park","lowerLimit":"GND","upperLimit":"700 ft AGL","authority":"FAA (Recreational Flyer Fixed Sites)"}},
{"type":"Feature","geometry":{"type":"Polygon","coordinates":[[[-76.61214,42.4511],[-76.61245,42.44749],[-76.60969,42.44929],[-76.61214,42.4511]]]},"properties":{"type":"REC_FIXED_SITE_US","name":"Ithaca Radio Control Society, Applegate Rd.","identifier":"FAA-REC_FIXED_SITE_US:Ithaca Radio Control Society, Applegate Rd.","lowerLimit":"GND","upperLimit":"700 ft AGL","authority":"FAA (Recreational Flyer Fixed Sites)"}},
{"type":"Feature","geometry":{"type":"Polygon","coordinates":[[[-76.56665,42.51427],[-76.57001,42.51427],[-76.56864,42.51115],[-76.56665,42.51427]]]},"properties":{"type":"REC_FIXED_SITE_US","name":"Ithaca RC Society - Houghton Rd","identifier":"FAA-REC_FIXED_SITE_US:Ithaca RC Society - Houghton Rd","lowerLimit":"GND","upperLimit":"700 ft AGL","authority":"FAA (Recreational Flyer Fixed Sites)"}},
{"type":"Feature","geometry":{"type":"Polygon","coordinates":[[[-77.13724,42.06908],[-77.14057,42.06643],[-77.13724,42.06643],[-77.13724,42.06908]]]},"properties":{"type":"REC_FIXED_SITE_US","name":"Corning Tri Rivers RC Modeleers - River Rd","identifier":"FAA-REC_FIXED_SITE_US:Corning Tri Rivers RC Modeleers - River Rd","lowerLimit":"GND","upperLimit":"700 ft AGL","authority":"FAA (Recreational Flyer Fixed Sites)"}},
{"type":"Feature","geometry":{"type":"Polygon","coordinates":[[[-77.88682,42.18207],[-77.89048,42.17968],[-77.88717,42.17936],[-77.88682,42.18207]]]},"properties":{"type":"REC_FIXED_SITE_US","name":"Wellsville Area Small Plane Society - Pixley Hill Rd","identifier":"FAA-REC_FIXED_SITE_US:Wellsville Area Small Plane Society - Pixley Hill Rd","lowerLimit":"GND","upperLimit":"700 ft AGL","authority":"FAA (Recreational Flyer Fixed Sites)"}},
{"type":"Feature","geometry":{"type":"Polygon","coordinates":[[[-73.98892,41.17243],[-73.9922,41.16978],[-73.98892,41.16978],[-73.98892,41.17243]]]},"properties":{"type":"REC_FIXED_SITE_US","name":"ROCKLAND COUNTY RC CLUB   1","identifier":"FAA-REC_FIXED_SITE_US:ROCKLAND COUNTY RC CLUB   1","lowerLimit":"GND","upperLimit":"700 ft AGL","authority":"FAA (Recreational Flyer Fixed Sites)"}},
{"type":"Feature","geometry":{"type":"Polygon","coordinates":[[[-75.19914,42.65419],[-75.19945,42.65058],[-75.19669,42.65227],[-75.19914,42.65419]]]},"properties":{"type":"REC_FIXED_SITE_US","name":"Cortland Aeromodeling Society - Turtle Lake Rd","identifier":"FAA-REC_FIXED_SITE_US:Cortland Aeromodeling Society - Turtle Lake Rd","lowerLimit":"GND","upperLimit":"700 ft AGL","authority":"FAA (Recreational Flyer Fixed Sites)"}},
{"type":"Feature","geometry":{"type":"Polygon","coordinates":[[[-75.2274,43.14457],[-75.22921,43.14152],[-75.2256,43.14152],[-75.2274,43.14457]]]},"properties":{"type":"REC_FIXED_SITE_US","name":"SUNY AMA - SUNY Polytechnic Institute","identifier":"FAA-REC_FIXED_SITE_US:SUNY AMA - SUNY Polytechnic Institute","lowerLimit":"GND","upperLimit":"700 ft AGL","authority":"FAA (Recreational Flyer Fixed Sites)"}},
{"type":"Feature","geometry":{"type":"Polygon","coordinates":[[[-82.73342,40.29759],[-82.73327,40.29397],[-82.73105,40.29589],[-82.73342,40.29759]]]},"properties":{"type":"REC_FIXED_SITE_US","name":"Chapman Memorial Field","identifier":"FAA-REC_FIXED_SITE_US:Chapman Memorial Field","lowerLimit":"GND","upperLimit":"1200 ft AGL","authority":"FAA (Recreational Flyer Fixed Sites)"}},
{"type":"Feature","geometry":{"type":"Polygon","coordinates":[[[-83.04349,40.28974],[-83.04511,40.28661],[-83.04176,40.28669],[-83.04349,40.28974]]]},"properties":{"type":"REC_FIXED_SITE_US","name":"Central Ohio Rotary Fliers - Curve Rd","identifier":"FAA-REC_FIXED_SITE_US:Central Ohio Rotary Fliers - Curve Rd","lowerLimit":"GND","upperLimit":"700 ft AGL","authority":"FAA (Recreational Flyer Fixed Sites)"}},
{"type":"Feature","geometry":{"type":"Polygon","coordinates":[[[-82.95469,40.18758],[-82.95705,40.18577],[-82.95296,40.18453],[-82.95469,40.18758]]]},"properties":{"type":"REC_FIXED_SITE_US","name":"Westerville Model Aero Assn - Dinneen Field","identifier":"FAA-REC_FIXED_SITE_US:Westerville Model Aero Assn - Dinneen Field","lowerLimit":"GND","upperLimit":"1200 ft AGL","authority":"FAA (Recreational Flyer Fixed Sites)"}},
{"type":"Feature","geometry":{"type":"Polygon","coordinates":[[[-83.18824,39.99007],[-83.18839,39.98645],[-83.18588,39.98826],[-83.18824,39.99007]]]},"properties":{"type":"REC_FIXED_SITE_US","name":"Hilliard Model Airplane Club - Walker Rd","identifier":"FAA-REC_FIXED_SITE_US:Hilliard Model Airplane Club - Walker Rd","lowerLimit":"GND","upperLimit":"700 ft AGL","authority":"FAA (Recreational Flyer Fixed Sites)"}},
{"type":"Feature","geometry":{"type":"Polygon","coordinates":[[[-83.26944,40.23677],[-83.27106,40.23364],[-83.26771,40.23372],[-83.26944,40.23677]]]},"properties":{"type":"REC_FIXED_SITE_US","name":"Mid Ohio Radio Kontrol Society - Springdale Rd","identifier":"FAA-REC_FIXED_SITE_US:Mid Ohio Radio Kontrol Society - Springdale Rd","lowerLimit":"GND","upperLimit":"700 ft AGL","authority":"FAA (Recreational Flyer Fixed Sites)"}},
{"type":"Feature","geometry":{"type":"Polygon","coordinates":[[[-83.0806,40.18815],[-83.08404,40.18567],[-83.08081,40.18551],[-83.0806,40.18815]]]},"properties":{"type":"REC_FIXED_SITE_US","name":"Mid Ohio Soaring Society - West of YMCA","identifier":"FAA-REC_FIXED_SITE_US:Mid Ohio Soaring Society - West of YMCA","lowerLimit":"GND","upperLimit":"700 ft AGL","authority":"FAA (Recreational Flyer Fixed Sites)"}},
{"type":"Feature","geometry":{"type":"Polygon","coordinates":[[[-83.7252,40.11791],[-83.72756,40.11621],[-83.72358,40.11478],[-83.7252,40.11791]]]},"properties":{"type":"REC_FIXED_SITE_US","name":"Mad River Flying Assoc - Children's Home Rd","identifier":"FAA-REC_FIXED_SITE_US:Mad River Flying Assoc - Children's Home Rd","lowerLimit":"GND","upperLimit":"700 ft AGL","authority":"FAA (Recreational Flyer Fixed Sites)"}},
{"type":"Feature","geometry":{"type":"Polygon","coordinates":[[[-82.7157,39.57475],[-82.7189,39.57491],[-82.71741,39.5717],[-82.7157,39.57475]]]},"properties":{"type":"REC_FIXED_SITE_US","name":"Fairfield Ohio Radio Kontrol F.O.R.K.S - Pine Grove Landfill, Inc.","identifier":"FAA-REC_FIXED_SITE_US:Fairfield Ohio Radio Kontrol F.O.R.K.S - Pine Grove Landfill, Inc.","lowerLimit":"GND","upperLimit":"1200 ft AGL","authority":"FAA (Recreational Flyer Fixed Sites)"}},
{"type":"Feature","geometry":{"type":"Polygon","coordinates":[[[-83.20308,39.94342],[-83.20631,39.94342],[-83.2062,39.9407],[-83.20308,39.94342]]]},"properties":{"type":"REC_FIXED_SITE_US","name":"Columbus Big Bird - Darby Dan Airport","identifier":"FAA-REC_FIXED_SITE_US:Columbus Big Bird - Darby Dan Airport","lowerLimit":"GND","upperLimit":"700 ft AGL","authority":"FAA (Recreational Flyer Fixed Sites)"}},
{"type":"Feature","geometry":{"type":"Polygon","coordinates":[[[-83.22551,39.6168],[-83.22849,39.614],[-83.22529,39.61416],[-83.22551,39.6168]]]},"properties":{"type":"REC_FIXED_SITE_US","name":"The Ohio Radio Kontrol Society Inc - Deer Creek Model Air Park","identifier":"FAA-REC_FIXED_SITE_US:The Ohio Radio Kontrol Society Inc - Deer Creek Model Air Park","lowerLimit":"GND","upperLimit":"700 ft AGL","authority":"FAA (Recreational Flyer Fixed Sites)"}},
{"type":"Feature","geometry":{"type":"Polygon","coordinates":[[[-83.06348,39.79722],[-83.0669,39.79474],[-83.06359,39.7945],[-83.06348,39.79722]]]},"properties":{"type":"REC_FIXED_SITE_US","name":"Borror Road","identifier":"FAA-REC_FIXED_SITE_US:Borror Road","lowerLimit":"GND","upperLimit":"700 ft AGL","authority":"FAA (Recreational Flyer Fixed Sites)"}},
{"type":"Feature","geometry":{"type":"Polygon","coordinates":[[[-83.19976,40.59918],[-83.2015,40.59612],[-83.19739,40.59725],[-83.19976,40.59918]]]},"properties":{"type":"REC_FIXED_SITE_US","name":"Marion Airfoils - Herr Rd","identifier":"FAA-REC_FIXED_SITE_US:Marion Airfoils - Herr Rd","lowerLimit":"GND","upperLimit":"700 ft AGL","authority":"FAA (Recreational Flyer Fixed Sites)"}},
{"type":"Feature","geometry":{"type":"Polygon","coordinates":[[[-83.97631,40.30255],[-83.97646,40.29893],[-83.97395,40.30062],[-83.97631,40.30255]]]},"properties":{"type":"REC_FIXED_SITE_US","name":"Top of OH RC Squadron - C-70","identifier":"FAA-REC_FIXED_SITE_US:Top of OH RC Squadron - C-70","lowerLimit":"GND","upperLimit":"700 ft AGL","authority":"FAA (Recreational Flyer Fixed Sites)"}},
{"type":"Feature","geometry":{"type":"Polygon","coordinates":[[[-83.4163,41.48208],[-83.41871,41.48027],[-83.41454,41.47903],[-83.4163,41.48208]]]},"properties":{"type":"REC_FIXED_SITE_US","name":"Recker RC Club - Fostoria Rd.","identifier":"FAA-REC_FIXED_SITE_US:Recker RC Club - Fostoria Rd.","lowerLimit":"GND","upperLimit":"700 ft AGL","authority":"FAA (Recreational Flyer Fixed Sites)"}},
{"type":"Feature","geometry":{"type":"Polygon","coordinates":[[[-83.82774,41.70889],[-83.83105,41.70624],[-83.82774,41.70624],[-83.82774,41.70889]]]},"properties":{"type":"REC_FIXED_SITE_US","name":"Black Sheep RC Club - Brint Rd","identifier":"FAA-REC_FIXED_SITE_US:Black Sheep RC Club - Brint Rd","lowerLimit":"GND","upperLimit":"700 ft AGL","authority":"FAA (Recreational Flyer Fixed Sites)"}},
{"type":"Feature","geometry":{"type":"Polygon","coordinates":[[[-84.51231,41.55915],[-84.51539,41.55635],[-84.51209,41.55651],[-84.51231,41.55915]]]},"properties":{"type":"REC_FIXED_SITE_US","name":"Hillside Aeromodelers - William CR","identifier":"FAA-REC_FIXED_SITE_US:Hillside Aeromodelers - William CR","lowerLimit":"GND","upperLimit":"700 ft AGL","authority":"FAA (Recreational Flyer Fixed Sites)"}},
{"type":"Feature","geometry":{"type":"Polygon","coordinates":[[[-84.35104,41.30089],[-84.35289,41.29792],[-84.34864,41.29896],[-84.35104,41.30089]]]},"properties":{"type":"REC_FIXED_SITE_US","name":"Defiance College","identifier":"FAA-REC_FIXED_SITE_US:Defiance College","lowerLimit":"GND","upperLimit":"700 ft AGL","authority":"FAA (Recreational Flyer Fixed Sites)"}},
{"type":"Feature","geometry":{"type":"Polygon","coordinates":[[[-84.40505,41.26299],[-84.40811,41.26019],[-84.40483,41.26035],[-84.40505,41.26299]]]},"properties":{"type":"REC_FIXED_SITE_US","name":"Defiance Prop Club - Kiser Rd","identifier":"FAA-REC_FIXED_SITE_US:Defiance Prop Club - Kiser Rd","lowerLimit":"GND","upperLimit":"700 ft AGL","authority":"FAA (Recreational Flyer Fixed Sites)"}},
{"type":"Feature","geometry":{"type":"Polygon","coordinates":[[[-81.53469,39.80212],[-81.53791,39.80212],[-81.53645,39.79899],[-81.53469,39.80212]]]},"properties":{"type":"REC_FIXED_SITE_US","name":"Noble Co. Regional Airport","identifier":"FAA-REC_FIXED_SITE_US:Noble Co. Regional Airport","lowerLimit":"GND","upperLimit":"700 ft AGL","authority":"FAA (Recreational Flyer Fixed Sites)"}},
{"type":"Feature","geometry":{"type":"Polygon","coordinates":[[[-81.65969,39.80192],[-81.66291,39.80192],[-81.66145,39.79879],[-81.65969,39.80192]]]},"properties":{"type":"REC_FIXED_SITE_US","name":"Just Plane Nuts - CR 20","identifier":"FAA-REC_FIXED_SITE_US:Just Plane Nuts - CR 20","lowerLimit":"GND","upperLimit":"700 ft AGL","authority":"FAA (Recreational Flyer Fixed Sites)"}},
{"type":"Feature","geometry":{"type":"Polygon","coordinates":[[[-82.35826,40.05798],[-82.35811,40.05436],[-82.3559,40.05629],[-82.35826,40.05798]]]},"properties":{"type":"REC_FIXED_SITE_US","name":"Licking County Radio Control Field","identifier":"FAA-REC_FIXED_SITE_US:Licking County Radio Control Field","lowerLimit":"GND","upperLimit":"700 ft AGL","authority":"FAA (Recreational Flyer Fixed Sites)"}},
{"type":"Feature","geometry":{"type":"Polygon","coordinates":[[[-81.65168,40.29382],[-81.65567,40.2925],[-81.65345,40.29069],[-81.65168,40.29382]]]},"properties":{"type":"REC_FIXED_SITE_US","name":"Township Rd 251","identifier":"FAA-REC_FIXED_SITE_US:Township Rd 251","lowerLimit":"GND","upperLimit":"1200 ft AGL","authority":"FAA (Recreational Flyer Fixed Sites)"}},
{"type":"Feature","geometry":{"type":"Polygon","coordinates":[[[-80.98153,40.04449],[-80.98389,40.04268],[-80.98138,40.04087],[-80.98153,40.04449]]]},"properties":{"type":"REC_FIXED_SITE_US","name":"St Clairsville RC Fliers - Capstone Model Airpark","identifier":"FAA-REC_FIXED_SITE_US:St Clairsville RC Fliers - Capstone Model Airpark","lowerLimit":"GND","upperLimit":"700 ft AGL","authority":"FAA (Recreational Flyer Fixed Sites)"}},
{"type":"Feature","geometry":{"type":"Polygon","coordinates":[[[-80.84441,41.83166],[-80.84683,41.82996],[-80.84287,41.82845],[-80.84441,41.83166]]]},"properties":{"type":"REC_FIXED_SITE_US","name":"Geneva RC - Ridge Rd","identifier":"FAA-REC_FIXED_SITE_US:Geneva RC - Ridge Rd","lowerLimit":"GND","upperLimit":"700 ft AGL","authority":"FAA (Recreational Flyer Fixed Sites)"}},
{"type":"Feature","geometry":{"type":"Polygon","coordinates":[[[-81.99861,41.47098],[-82.00047,41.46801],[-81.9962,41.46917],[-81.99861,41.47098]]]},"properties":{"type":"REC_FIXED_SITE_US","name":"Westlake RC Club - Jaycox Rd","identifier":"FAA-REC_FIXED_SITE_US:Westlake RC Club - Jaycox Rd","lowerLimit":"GND","upperLimit":"700 ft AGL","authority":"FAA (Recreational Flyer Fixed Sites)"}},
{"type":"Feature","geometry":{"type":"Polygon","coordinates":[[[-81.16473,41.48965],[-81.16803,41.487],[-81.16473,41.487],[-81.16473,41.48965]]]},"properties":{"type":"REC_FIXED_SITE_US","name":"Cleveland Radio Controlaires - Fisher Rd","identifier":"FAA-REC_FIXED_SITE_US:Cleveland Radio Controlaires - Fisher Rd","lowerLimit":"GND","upperLimit":"700 ft AGL","authority":"FAA (Recreational Flyer Fixed Sites)"}},
{"type":"Feature","geometry":{"type":"Polygon","coordinates":[[[-81.3116,41.42511],[-81.31336,41.42205],[-81.3092,41.42318],[-81.3116,41.42511]]]},"properties":{"type":"REC_FIXED_SITE_US","name":"Chagrin Valley Prop Busters - Takacs Field","identifier":"FAA-REC_FIXED_SITE_US:Chagrin Valley Prop Busters - Takacs Field","lowerLimit":"GND","upperLimit":"700 ft AGL","authority":"FAA (Recreational Flyer Fixed Sites)"}},
{"type":"Feature","geometry":{"type":"Polygon","coordinates":[[[-80.6095,41.86271],[-80.61192,41.86101],[-80.60796,41.8595],[-80.6095,41.86271]]]},"properties":{"type":"REC_FIXED_SITE_US","name":"Regional Area Modelers Inc - Wetmore Rd","identifier":"FAA-REC_FIXED_SITE_US:Regional Area Modelers Inc - Wetmore Rd","lowerLimit":"GND","upperLimit":"700 ft AGL","authority":"FAA (Recreational Flyer Fixed Sites)"}},
{"type":"Feature","geometry":{"type":"Polygon","coordinates":[[[-82.09967,41.3269],[-82.10273,41.3241],[-82.09945,41.32426],[-82.09967,41.3269]]]},"properties":{"type":"REC_FIXED_SITE_US","name":"Westlake RC Club - Middle Ave","identifier":"FAA-REC_FIXED_SITE_US:Westlake RC Club - Middle Ave","lowerLimit":"GND","upperLimit":"700 ft AGL","authority":"FAA (Recreational Flyer Fixed Sites)"}},
{"type":"Feature","geometry":{"type":"Polygon","coordinates":[[[-82.07381,41.41917],[-82.07365,41.41555],[-82.0714,41.41747],[-82.07381,41.41917]]]},"properties":{"type":"REC_FIXED_SITE_US","name":"Northern Ohio Free Flight Assn - Lorain County Community College","identifier":"FAA-REC_FIXED_SITE_US:Northern Ohio Free Flight Assn - Lorain County Community College","lowerLimit":"GND","upperLimit":"700 ft AGL","authority":"FAA (Recreational Flyer Fixed Sites)"}},
{"type":"Feature","geometry":{"type":"Polygon","coordinates":[[[-82.13685,41.36137],[-82.13926,41.35956],[-82.13532,41.35816],[-82.13685,41.36137]]]},"properties":{"type":"REC_FIXED_SITE_US","name":"Lorain County RC Club - Crawford Field","identifier":"FAA-REC_FIXED_SITE_US:Lorain County RC Club - Crawford Field","lowerLimit":"GND","upperLimit":"700 ft AGL","authority":"FAA (Recreational Flyer Fixed Sites)"}},
{"type":"Feature","geometry":{"type":"Polygon","coordinates":[[[-80.96646,41.80463],[-80.96812,41.8015],[-80.9648,41.8015],[-80.96646,41.80463]]]},"properties":{"type":"REC_FIXED_SITE_US","name":"Mentor Area RC Society -Romeo Road Flying Site","identifier":"FAA-REC_FIXED_SITE_US:Mentor Area RC Society -Romeo Road Flying Site","lowerLimit":"GND","upperLimit":"1200 ft AGL","authority":"FAA (Recreational Flyer Fixed Sites)"}},
{"type":"Feature","geometry":{"type":"Polygon","coordinates":[[[-81.99447,41.26402],[-81.99622,41.26097],[-81.99272,41.26097],[-81.99447,41.26402]]]},"properties":{"type":"REC_FIXED_SITE_US","name":"Suburban RC Flyers - Mole Field","identifier":"FAA-REC_FIXED_SITE_US:Suburban RC Flyers - Mole Field","lowerLimit":"GND","upperLimit":"700 ft AGL","authority":"FAA (Recreational Flyer Fixed Sites)"}},
{"type":"Feature","geometry":{"type":"Polygon","coordinates":[[[-82.03155,41.31574],[-82.03505,41.31326],[-82.03177,41.3131],[-82.03155,41.31574]]]},"properties":{"type":"REC_FIXED_SITE_US","name":"Cleveland RC Club - Grafton Field","identifier":"FAA-REC_FIXED_SITE_US:Cleveland RC Club - Grafton Field","lowerLimit":"GND","upperLimit":"700 ft AGL","authority":"FAA (Recreational Flyer Fixed Sites)"}},
{"type":"Feature","geometry":{"type":"Polygon","coordinates":[[[-80.97913,41.49461],[-80.98089,41.49156],[-80.97672,41.4928],[-80.97913,41.49461]]]},"properties":{"type":"REC_FIXED_SITE_US","name":"Cleveland Radio Controlaires -  Girdle Rd","identifier":"FAA-REC_FIXED_SITE_US:Cleveland Radio Controlaires -  Girdle Rd","lowerLimit":"GND","upperLimit":"700 ft AGL","authority":"FAA (Recreational Flyer Fixed Sites)"}},
{"type":"Feature","geometry":{"type":"Polygon","coordinates":[[[-81.16437,41.79589],[-81.16769,41.79589],[-81.16757,41.79317],[-81.16437,41.79589]]]},"properties":{"type":"REC_FIXED_SITE_US","name":"North Coast Soaring Assoc - Perry Park","identifier":"FAA-REC_FIXED_SITE_US:North Coast Soaring Assoc - Perry Park","lowerLimit":"GND","upperLimit":"700 ft AGL","authority":"FAA (Recreational Flyer Fixed Sites)"}},
{"type":"Feature","geometry":{"type":"Polygon","coordinates":[[[-81.01118,41.64953],[-81.0136,41.64772],[-81.00964,41.64632],[-81.01118,41.64953]]]},"properties":{"type":"REC_FIXED_SITE_US","name":"Thompson Prop Busters - Kuhnle Motorsports Park","identifier":"FAA-REC_FIXED_SITE_US:Thompson Prop Busters - Kuhnle Motorsports Park","lowerLimit":"GND","upperLimit":"1200 ft AGL","authority":"FAA (Recreational Flyer Fixed Sites)"}},
{"type":"Feature","geometry":{"type":"Polygon","coordinates":[[[-82.39835,41.39132],[-82.40241,41.39],[-82.39985,41.38819],[-82.39835,41.39132]]]},"properties":{"type":"REC_FIXED_SITE_US","name":"LZ RC Club - Thompson Rd","identifier":"FAA-REC_FIXED_SITE_US:LZ RC Club - Thompson Rd","lowerLimit":"GND","upperLimit":"1200 ft AGL","authority":"FAA (Recreational Flyer Fixed Sites)"}},
{"type":"Feature","geometry":{"type":"Polygon","coordinates":[[[-81.63589,41.43409],[-81.6383,41.43239],[-81.63589,41.43046],[-81.63589,41.43409]]]},"properties":{"type":"REC_FIXED_SITE_US","name":"Cleveland RC Club - Warner Rd","identifier":"FAA-REC_FIXED_SITE_US:Cleveland RC Club - Warner Rd","lowerLimit":"GND","upperLimit":"700 ft AGL","authority":"FAA (Recreational Flyer Fixed Sites)"}},
{"type":"Feature","geometry":{"type":"Polygon","coordinates":[[[-81.31825,41.28044],[-81.32175,41.27796],[-81.31847,41.2778],[-81.31825,41.28044]]]},"properties":{"type":"REC_FIXED_SITE_US","name":"Flying Aces of Aurora - Ray Harmon Park & Harmon Flying Field","identifier":"FAA-REC_FIXED_SITE_US:Flying Aces of Aurora - Ray Harmon Park & Harmon Flying Field","lowerLimit":"GND","upperLimit":"700 ft AGL","authority":"FAA (Recreational Flyer Fixed Sites)"}},
{"type":"Feature","geometry":{"type":"Polygon","coordinates":[[[-80.942,41.00377],[-80.94384,41.0008],[-80.93961,41.00196],[-80.942,41.00377]]]},"properties":{"type":"REC_FIXED_SITE_US","name":"Leffingwell Rd.","identifier":"FAA-REC_FIXED_SITE_US:Leffingwell Rd.","lowerLimit":"GND","upperLimit":"700 ft AGL","authority":"FAA (Recreational Flyer Fixed Sites)"}},
{"type":"Feature","geometry":{"type":"Polygon","coordinates":[[[-81.98497,41.06305],[-81.98737,41.06124],[-81.98482,41.05943],[-81.98497,41.06305]]]},"properties":{"type":"REC_FIXED_SITE_US","name":"American Airlines Gas Model Club - Rodgers Rd","identifier":"FAA-REC_FIXED_SITE_US:American Airlines Gas Model Club - Rodgers Rd","lowerLimit":"GND","upperLimit":"1200 ft AGL","authority":"FAA (Recreational Flyer Fixed Sites)"}},
{"type":"Feature","geometry":{"type":"Polygon","coordinates":[[[-81.9733,41.21011],[-81.97505,41.20706],[-81.9709,41.2083],[-81.9733,41.21011]]]},"properties":{"type":"REC_FIXED_SITE_US","name":"Valley City RC Club - Neff Rd.","identifier":"FAA-REC_FIXED_SITE_US:Valley City RC Club - Neff Rd.","lowerLimit":"GND","upperLimit":"700 ft AGL","authority":"FAA (Recreational Flyer Fixed Sites)"}},
{"type":"Feature","geometry":{"type":"Polygon","coordinates":[[[-81.20848,41.19968],[-81.21176,41.19703],[-81.20848,41.19703],[-81.20848,41.19968]]]},"properties":{"type":"REC_FIXED_SITE_US","name":"Peck Road","identifier":"FAA-REC_FIXED_SITE_US:Peck Road","lowerLimit":"GND","upperLimit":"700 ft AGL","authority":"FAA (Recreational Flyer Fixed Sites)"}},
{"type":"Feature","geometry":{"type":"Polygon","coordinates":[[[-81.7253,40.94182],[-81.72858,40.94182],[-81.72709,40.93869],[-81.7253,40.94182]]]},"properties":{"type":"REC_FIXED_SITE_US","name":"Doylestown Barnstormers RC Club - Porr Rd","identifier":"FAA-REC_FIXED_SITE_US:Doylestown Barnstormers RC Club - Porr Rd","lowerLimit":"GND","upperLimit":"700 ft AGL","authority":"FAA (Recreational Flyer Fixed Sites)"}},
{"type":"Feature","geometry":{"type":"Polygon","coordinates":[[[-80.6549,40.898],[-80.65505,40.89438],[-80.65251,40.89619],[-80.6549,40.898]]]},"properties":{"type":"REC_FIXED_SITE_US","name":"Mahoning County Model Club - Shaker Woods Field","identifier":"FAA-REC_FIXED_SITE_US:Mahoning County Model Club - Shaker Woods Field","lowerLimit":"GND","upperLimit":"700 ft AGL","authority":"FAA (Recreational Flyer Fixed Sites)"}},
{"type":"Feature","geometry":{"type":"Polygon","coordinates":[[[-80.77432,41.33265],[-80.77672,41.33073],[-80.77417,41.32903],[-80.77432,41.33265]]]},"properties":{"type":"REC_FIXED_SITE_US","name":"Flying Aeros Association - Everett Hull Rd","identifier":"FAA-REC_FIXED_SITE_US:Flying Aeros Association - Everett Hull Rd","lowerLimit":"GND","upperLimit":"700 ft AGL","authority":"FAA (Recreational Flyer Fixed Sites)"}},
{"type":"Feature","geometry":{"type":"Polygon","coordinates":[[[-80.82597,40.7806],[-80.82781,40.77763],[-80.82445,40.77739],[-80.82597,40.7806]]]},"properties":{"type":"REC_FIXED_SITE_US","name":"Columbiana County Centaur RC Club - County Home Rd","identifier":"FAA-REC_FIXED_SITE_US:Columbiana County Centaur RC Club - County Home Rd","lowerLimit":"GND","upperLimit":"1200 ft AGL","authority":"FAA (Recreational Flyer Fixed Sites)"}},
{"type":"Feature","geometry":{"type":"Polygon","coordinates":[[[-80.83382,41.06375],[-80.83621,41.06182],[-80.83197,41.06078],[-80.83382,41.06375]]]},"properties":{"type":"REC_FIXED_SITE_US","name":"Night Hawks - Gibson Rd","identifier":"FAA-REC_FIXED_SITE_US:Night Hawks - Gibson Rd","lowerLimit":"GND","upperLimit":"1200 ft AGL","authority":"FAA (Recreational Flyer Fixed Sites)"}},
{"type":"Feature","geometry":{"type":"Polygon","coordinates":[[[-80.9263,41.26318],[-80.9298,41.2607],[-80.92652,41.26054],[-80.9263,41.26318]]]},"properties":{"type":"REC_FIXED_SITE_US","name":"Skyhawks R/C Club - Eagle Creek Rd","identifier":"FAA-REC_FIXED_SITE_US:Skyhawks R/C Club - Eagle Creek Rd","lowerLimit":"GND","upperLimit":"1200 ft AGL","authority":"FAA (Recreational Flyer Fixed Sites)"}},
{"type":"Feature","geometry":{"type":"Polygon","coordinates":[[[-80.56648,41.03956],[-80.56663,41.03594],[-80.56409,41.03764],[-80.56648,41.03956]]]},"properties":{"type":"REC_FIXED_SITE_US","name":"Mahoning County Model Club - Arrel Smith Rd","identifier":"FAA-REC_FIXED_SITE_US:Mahoning County Model Club - Arrel Smith Rd","lowerLimit":"GND","upperLimit":"700 ft AGL","authority":"FAA (Recreational Flyer Fixed Sites)"}},
{"type":"Feature","geometry":{"type":"Polygon","coordinates":[[[-81.09283,40.9749],[-81.09468,40.97193],[-81.09109,40.97185],[-81.09283,40.9749]]]},"properties":{"type":"REC_FIXED_SITE_US","name":"Alliance Balsa Bees Inc. - Barber Airport (Site)","identifier":"FAA-REC_FIXED_SITE_US:Alliance Balsa Bees Inc. - Barber Airport (Site)","lowerLimit":"GND","upperLimit":"700 ft AGL","authority":"FAA (Recreational Flyer Fixed Sites)"}},
{"type":"Feature","geometry":{"type":"Polygon","coordinates":[[[-81.44179,40.63044],[-81.4458,40.62912],[-81.44327,40.62731],[-81.44179,40.63044]]]},"properties":{"type":"REC_FIXED_SITE_US","name":"Old Town Valley Flyers R/C Club -  Wilkshire Blvd","identifier":"FAA-REC_FIXED_SITE_US:Old Town Valley Flyers R/C Club -  Wilkshire Blvd","lowerLimit":"GND","upperLimit":"700 ft AGL","authority":"FAA (Recreational Flyer Fixed Sites)"}},
{"type":"Feature","geometry":{"type":"Polygon","coordinates":[[[-81.51587,40.56576],[-81.51913,40.56576],[-81.51765,40.56263],[-81.51587,40.56576]]]},"properties":{"type":"REC_FIXED_SITE_US","name":"Mt. Pleasant Rd.","identifier":"FAA-REC_FIXED_SITE_US:Mt. Pleasant Rd.","lowerLimit":"GND","upperLimit":"700 ft AGL","authority":"FAA (Recreational Flyer Fixed Sites)"}},
{"type":"Feature","geometry":{"type":"Polygon","coordinates":[[[-81.43119,40.67374],[-81.43134,40.67012],[-81.42881,40.67182],[-81.43119,40.67374]]]},"properties":{"type":"REC_FIXED_SITE_US","name":"R. C. Eagles - Gracemont St SW","identifier":"FAA-REC_FIXED_SITE_US:R. C. Eagles - Gracemont St SW","lowerLimit":"GND","upperLimit":"700 ft AGL","authority":"FAA (Recreational Flyer Fixed Sites)"}},
{"type":"Feature","geometry":{"type":"Polygon","coordinates":[[[-81.2786,40.90681],[-81.27875,40.90319],[-81.27621,40.905],[-81.2786,40.90681]]]},"properties":{"type":"REC_FIXED_SITE_US","name":"North Canton RC Club Inc - Hawk Field","identifier":"FAA-REC_FIXED_SITE_US:North Canton RC Club Inc - Hawk Field","lowerLimit":"GND","upperLimit":"1200 ft AGL","authority":"FAA (Recreational Flyer Fixed Sites)"}},
{"type":"Feature","geometry":{"type":"Polygon","coordinates":[[[-81.87305,40.84341],[-81.87544,40.8416],[-81.8729,40.83979],[-81.87305,40.84341]]]},"properties":{"type":"REC_FIXED_SITE_US","name":"Wayne County RC Club - Thompson Rd","identifier":"FAA-REC_FIXED_SITE_US:Wayne County RC Club - Thompson Rd","lowerLimit":"GND","upperLimit":"700 ft AGL","authority":"FAA (Recreational Flyer Fixed Sites)"}},
{"type":"Feature","geometry":{"type":"Polygon","coordinates":[[[-82.45803,40.89368],[-82.45977,40.89063],[-82.45564,40.89187],[-82.45803,40.89368]]]},"properties":{"type":"REC_FIXED_SITE_US","name":"Crestview HS RC Aeronautics STEAM Class 1","identifier":"FAA-REC_FIXED_SITE_US:Crestview HS RC Aeronautics STEAM Class 1","lowerLimit":"GND","upperLimit":"700 ft AGL","authority":"FAA (Recreational Flyer Fixed Sites)"}},
{"type":"Feature","geometry":{"type":"Polygon","coordinates":[[[-82.28441,40.8825],[-82.2868,40.88069],[-82.28289,40.87929],[-82.28441,40.8825]]]},"properties":{"type":"REC_FIXED_SITE_US","name":"Ashland Cloud Chasers - Cloud Chasers RC Field","identifier":"FAA-REC_FIXED_SITE_US:Ashland Cloud Chasers - Cloud Chasers RC Field","lowerLimit":"GND","upperLimit":"700 ft AGL","authority":"FAA (Recreational Flyer Fixed Sites)"}},
{"type":"Feature","geometry":{"type":"Polygon","coordinates":[[[-82.53197,40.62412],[-82.53598,40.6228],[-82.53345,40.62099],[-82.53197,40.62412]]]},"properties":{"type":"REC_FIXED_SITE_US","name":"Mansfield Electronic Flyers - Bellville - Johnson Rd","identifier":"FAA-REC_FIXED_SITE_US:Mansfield Electronic Flyers - Bellville - Johnson Rd","lowerLimit":"GND","upperLimit":"1200 ft AGL","authority":"FAA (Recreational Flyer Fixed Sites)"}},
{"type":"Feature","geometry":{"type":"Polygon","coordinates":[[[-82.77778,40.78181],[-82.78016,40.77989],[-82.77763,40.77819],[-82.77778,40.78181]]]},"properties":{"type":"REC_FIXED_SITE_US","name":"Eagle Squadron - Fairview Ave","identifier":"FAA-REC_FIXED_SITE_US:Eagle Squadron - Fairview Ave","lowerLimit":"GND","upperLimit":"700 ft AGL","authority":"FAA (Recreational Flyer Fixed Sites)"}},
{"type":"Feature","geometry":{"type":"Polygon","coordinates":[[[-82.70915,41.01155],[-82.7109,41.0085],[-82.70676,41.00974],[-82.70915,41.01155]]]},"properties":{"type":"REC_FIXED_SITE_US","name":"Willard RC Fun Flyers - Hwy 206","identifier":"FAA-REC_FIXED_SITE_US:Willard RC Fun Flyers - Hwy 206","lowerLimit":"GND","upperLimit":"700 ft AGL","authority":"FAA (Recreational Flyer Fixed Sites)"}},
{"type":"Feature","geometry":{"type":"Polygon","coordinates":[[[-83.06613,41.16581],[-83.06853,41.16411],[-83.06629,41.16219],[-83.06613,41.16581]]]},"properties":{"type":"REC_FIXED_SITE_US","name":"Tiffin Ohio R/C Modelers LLC - Lynn Cole Field","identifier":"FAA-REC_FIXED_SITE_US:Tiffin Ohio R/C Modelers LLC - Lynn Cole Field","lowerLimit":"GND","upperLimit":"1200 ft AGL","authority":"FAA (Recreational Flyer Fixed Sites)"}},
{"type":"Feature","geometry":{"type":"Polygon","coordinates":[[[-83.21595,41.12059],[-83.21835,41.11878],[-83.2142,41.11754],[-83.21595,41.12059]]]},"properties":{"type":"REC_FIXED_SITE_US","name":"Tiffin University-Miami St","identifier":"FAA-REC_FIXED_SITE_US:Tiffin University-Miami St","lowerLimit":"GND","upperLimit":"700 ft AGL","authority":"FAA (Recreational Flyer Fixed Sites)"}},
{"type":"Feature","geometry":{"type":"Polygon","coordinates":[[[-84.57072,39.36364],[-84.57242,39.36058],[-84.56901,39.36058],[-84.57072,39.36364]]]},"properties":{"type":"REC_FIXED_SITE_US","name":"HAWKS - Joe Nuxhall Way","identifier":"FAA-REC_FIXED_SITE_US:HAWKS - Joe Nuxhall Way","lowerLimit":"GND","upperLimit":"700 ft AGL","authority":"FAA (Recreational Flyer Fixed Sites)"}},
{"type":"Feature","geometry":{"type":"Polygon","coordinates":[[[-84.79381,39.23355],[-84.79561,39.23058],[-84.79232,39.23034],[-84.79381,39.23355]]]},"properties":{"type":"REC_FIXED_SITE_US","name":"Cincinnati Aeromodelers Inc - Lawrenceburg Rd","identifier":"FAA-REC_FIXED_SITE_US:Cincinnati Aeromodelers Inc - Lawrenceburg Rd","lowerLimit":"GND","upperLimit":"700 ft AGL","authority":"FAA (Recreational Flyer Fixed Sites)"}},
{"type":"Feature","geometry":{"type":"Polygon","coordinates":[[[-84.27326,39.45969],[-84.27497,39.45664],[-84.27166,39.45656],[-84.27326,39.45969]]]},"properties":{"type":"REC_FIXED_SITE_US","name":"Miami Valley RC Club - OH 741","identifier":"FAA-REC_FIXED_SITE_US:Miami Valley RC Club - OH 741","lowerLimit":"GND","upperLimit":"700 ft AGL","authority":"FAA (Recreational Flyer Fixed Sites)"}},
{"type":"Feature","geometry":{"type":"Polygon","coordinates":[[[-84.38951,39.5341],[-84.39282,39.53154],[-84.38962,39.53138],[-84.38951,39.5341]]]},"properties":{"type":"REC_FIXED_SITE_US","name":"Hook Flyers - Middletown Regional Airport","identifier":"FAA-REC_FIXED_SITE_US:Hook Flyers - Middletown Regional Airport","lowerLimit":"GND","upperLimit":"700 ft AGL","authority":"FAA (Recreational Flyer Fixed Sites)"}},
{"type":"Feature","geometry":{"type":"Polygon","coordinates":[[[-84.78953,39.15672],[-84.79123,39.15367],[-84.78783,39.15367],[-84.78953,39.15672]]]},"properties":{"type":"REC_FIXED_SITE_US","name":"Airmasters RC Miamiview Rd.","identifier":"FAA-REC_FIXED_SITE_US:Airmasters RC Miamiview Rd.","lowerLimit":"GND","upperLimit":"700 ft AGL","authority":"FAA (Recreational Flyer Fixed Sites)"}},
{"type":"Feature","geometry":{"type":"Polygon","coordinates":[[[-84.6484,39.30695],[-84.6501,39.30389],[-84.6468,39.30381],[-84.6484,39.30695]]]},"properties":{"type":"REC_FIXED_SITE_US","name":"Ross Area Flyers - Cincinnati Brookville Rd","identifier":"FAA-REC_FIXED_SITE_US:Ross Area Flyers - Cincinnati Brookville Rd","lowerLimit":"GND","upperLimit":"700 ft AGL","authority":"FAA (Recreational Flyer Fixed Sites)"}},
{"type":"Feature","geometry":{"type":"Polygon","coordinates":[[[-84.46591,39.44436],[-84.46911,39.44171],[-84.46591,39.44171],[-84.46591,39.44436]]]},"properties":{"type":"REC_FIXED_SITE_US","name":"Greater Cincinnati RC Club -  Woodsdale Rd","identifier":"FAA-REC_FIXED_SITE_US:Greater Cincinnati RC Club -  Woodsdale Rd","lowerLimit":"GND","upperLimit":"700 ft AGL","authority":"FAA (Recreational Flyer Fixed Sites)"}},
{"type":"Feature","geometry":{"type":"Polygon","coordinates":[[[-84.1588,39.02951],[-84.16059,39.02654],[-84.15732,39.0263],[-84.1588,39.02951]]]},"properties":{"type":"REC_FIXED_SITE_US","name":"East Fork Lake RC Club - Spillway/Dam","identifier":"FAA-REC_FIXED_SITE_US:East Fork Lake RC Club - Spillway/Dam","lowerLimit":"GND","upperLimit":"700 ft AGL","authority":"FAA (Recreational Flyer Fixed Sites)"}},
{"type":"Feature","geometry":{"type":"Polygon","coordinates":[[[-83.635,39.13512],[-83.6367,39.13207],[-83.6333,39.13207],[-83.635,39.13512]]]},"properties":{"type":"REC_FIXED_SITE_US","name":"Anderson Flyers R/C Club - New Market Rd","identifier":"FAA-REC_FIXED_SITE_US:Anderson Flyers R/C Club - New Market Rd","lowerLimit":"GND","upperLimit":"700 ft AGL","authority":"FAA (Recreational Flyer Fixed Sites)"}},
{"type":"Feature","geometry":{"type":"Polygon","coordinates":[[[-83.70849,39.4355],[-83.71243,39.43418],[-83.71024,39.43237],[-83.70849,39.4355]]]},"properties":{"type":"REC_FIXED_SITE_US","name":"Clinton Model Aviators - Cherrybend Rd","identifier":"FAA-REC_FIXED_SITE_US:Clinton Model Aviators - Cherrybend Rd","lowerLimit":"GND","upperLimit":"700 ft AGL","authority":"FAA (Recreational Flyer Fixed Sites)"}},
{"type":"Feature","geometry":{"type":"Polygon","coordinates":[[[-84.5402,39.26188],[-84.542,39.25891],[-84.53787,39.25996],[-84.5402,39.26188]]]},"properties":{"type":"REC_FIXED_SITE_US","name":"Cincinnati Silent Flyers - CSF Airfield","identifier":"FAA-REC_FIXED_SITE_US:Cincinnati Silent Flyers - CSF Airfield","lowerLimit":"GND","upperLimit":"700 ft AGL","authority":"FAA (Recreational Flyer Fixed Sites)"}},
{"type":"Feature","geometry":{"type":"Polygon","coordinates":[[[-84.07021,39.6625],[-84.07319,39.6597],[-84.06999,39.65986],[-84.07021,39.6625]]]},"properties":{"type":"REC_FIXED_SITE_US","name":"Bellbrook Middle School Gymnasium","identifier":"FAA-REC_FIXED_SITE_US:Bellbrook Middle School Gymnasium","lowerLimit":"GND","upperLimit":"700 ft AGL","authority":"FAA (Recreational Flyer Fixed Sites)"}},
{"type":"Feature","geometry":{"type":"Polygon","coordinates":[[[-83.9497,39.99901],[-83.95206,39.9972],[-83.94955,39.99539],[-83.9497,39.99901]]]},"properties":{"type":"REC_FIXED_SITE_US","name":"Springfield Model Airplane Club - Spence Rd","identifier":"FAA-REC_FIXED_SITE_US:Springfield Model Airplane Club - Spence Rd","lowerLimit":"GND","upperLimit":"1200 ft AGL","authority":"FAA (Recreational Flyer Fixed Sites)"}},
{"type":"Feature","geometry":{"type":"Polygon","coordinates":[[[-84.19243,40.1583],[-84.19587,40.15582],[-84.19264,40.15566],[-84.19243,40.1583]]]},"properties":{"type":"REC_FIXED_SITE_US","name":"Upper Valley Fun Flyers - Troy-Sidney Rd","identifier":"FAA-REC_FIXED_SITE_US:Upper Valley Fun Flyers - Troy-Sidney Rd","lowerLimit":"GND","upperLimit":"700 ft AGL","authority":"FAA (Recreational Flyer Fixed Sites)"}},
{"type":"Feature","geometry":{"type":"Polygon","coordinates":[[[-84.198,40.01422],[-84.20035,40.01229],[-84.19618,40.01125],[-84.198,40.01422]]]},"properties":{"type":"REC_FIXED_SITE_US","name":"Waco Historical Society Barnstormers - Waco Air Museum","identifier":"FAA-REC_FIXED_SITE_US:Waco Historical Society Barnstormers - Waco Air Museum","lowerLimit":"GND","upperLimit":"700 ft AGL","authority":"FAA (Recreational Flyer Fixed Sites)"}},
{"type":"Feature","geometry":{"type":"Polygon","coordinates":[[[-83.86339,39.58364],[-83.86681,39.58116],[-83.86361,39.581],[-83.86339,39.58364]]]},"properties":{"type":"REC_FIXED_SITE_US","name":"Dayton Area Thermal Soarers - Paintersville Rd","identifier":"FAA-REC_FIXED_SITE_US:Dayton Area Thermal Soarers - Paintersville Rd","lowerLimit":"GND","upperLimit":"700 ft AGL","authority":"FAA (Recreational Flyer Fixed Sites)"}},
{"type":"Feature","geometry":{"type":"Polygon","coordinates":[[[-84.20139,39.81124],[-84.2046,39.8114],[-84.20482,39.80876],[-84.20139,39.81124]]]},"properties":{"type":"REC_FIXED_SITE_US","name":"Dayton Wingmasters - Siebenthaler Ave","identifier":"FAA-REC_FIXED_SITE_US:Dayton Wingmasters - Siebenthaler Ave","lowerLimit":"GND","upperLimit":"700 ft AGL","authority":"FAA (Recreational Flyer Fixed Sites)"}},
{"type":"Feature","geometry":{"type":"Polygon","coordinates":[[[-83.04446,38.7179],[-83.04677,38.71597],[-83.04214,38.71609],[-83.04446,38.7179]]]},"properties":{"type":"REC_FIXED_SITE_US","name":"Southern Ohio R/C Flyers Assoc - Riverside Park","identifier":"FAA-REC_FIXED_SITE_US:Southern Ohio R/C Flyers Assoc - Riverside Park","lowerLimit":"GND","upperLimit":"700 ft AGL","authority":"FAA (Recreational Flyer Fixed Sites)"}},
{"type":"Feature","geometry":{"type":"Polygon","coordinates":[[[-82.36823,38.87998],[-82.36992,38.87693],[-82.36591,38.87805],[-82.36823,38.87998]]]},"properties":{"type":"REC_FIXED_SITE_US","name":"Rio Grande Flyers - University of Rio Grande","identifier":"FAA-REC_FIXED_SITE_US:Rio Grande Flyers - University of Rio Grande","lowerLimit":"GND","upperLimit":"1200 ft AGL","authority":"FAA (Recreational Flyer Fixed Sites)"}},
{"type":"Feature","geometry":{"type":"Polygon","coordinates":[[[-81.62545,39.57806],[-81.62843,39.57526],[-81.62523,39.57542],[-81.62545,39.57806]]]},"properties":{"type":"REC_FIXED_SITE_US","name":"Vienna Skysharks MAC - private airstrip","identifier":"FAA-REC_FIXED_SITE_US:Vienna Skysharks MAC - private airstrip","lowerLimit":"GND","upperLimit":"1200 ft AGL","authority":"FAA (Recreational Flyer Fixed Sites)"}},
{"type":"Feature","geometry":{"type":"Polygon","coordinates":[[[-84.6587,40.54967],[-84.66107,40.54797],[-84.65707,40.54654],[-84.6587,40.54967]]]},"properties":{"type":"REC_FIXED_SITE_US","name":"Celina Flying Sportsmen - Bunge Park","identifier":"FAA-REC_FIXED_SITE_US:Celina Flying Sportsmen - Bunge Park","lowerLimit":"GND","upperLimit":"700 ft AGL","authority":"FAA (Recreational Flyer Fixed Sites)"}},
{"type":"Feature","geometry":{"type":"Polygon","coordinates":[[[-84.25175,40.80923],[-84.25175,40.8056],[-84.24937,40.8073],[-84.25175,40.80923]]]},"properties":{"type":"REC_FIXED_SITE_US","name":"LARKS Flying Field","identifier":"FAA-REC_FIXED_SITE_US:LARKS Flying Field","lowerLimit":"GND","upperLimit":"1200 ft AGL","authority":"FAA (Recreational Flyer Fixed Sites)"}},
{"type":"Feature","geometry":{"type":"Polygon","coordinates":[[[-84.40057,40.63086],[-84.40458,40.62965],[-84.40057,40.62822],[-84.40057,40.63086]]]},"properties":{"type":"REC_FIXED_SITE_US","name":"Auglaize Buzzard Baiters - Salem Noble Rd","identifier":"FAA-REC_FIXED_SITE_US:Auglaize Buzzard Baiters - Salem Noble Rd","lowerLimit":"GND","upperLimit":"1200 ft AGL","authority":"FAA (Recreational Flyer Fixed Sites)"}},
{"type":"Feature","geometry":{"type":"Polygon","coordinates":[[[-82.9991,39.47684],[-83.0023,39.4742],[-82.9991,39.4742],[-82.9991,39.47684]]]},"properties":{"type":"REC_FIXED_SITE_US","name":"Ross OH RK Society - Kellenberger Rd","identifier":"FAA-REC_FIXED_SITE_US:Ross OH RK Society - Kellenberger Rd","lowerLimit":"GND","upperLimit":"700 ft AGL","authority":"FAA (Recreational Flyer Fixed Sites)"}},
{"type":"Feature","geometry":{"type":"Polygon","coordinates":[[[-83.2854,40.4702],[-83.2854,40.46657],[-83.28303,40.46827],[-83.2854,40.4702]]]},"properties":{"type":"REC_FIXED_SITE_US","name":"RC Flyers of Central Ohio - Hoffman Farm","identifier":"FAA-REC_FIXED_SITE_US:RC Flyers of Central Ohio - Hoffman Farm","lowerLimit":"GND","upperLimit":"1200 ft AGL","authority":"FAA (Recreational Flyer Fixed Sites)"}},
{"type":"Feature","geometry":{"type":"Polygon","coordinates":[[[-83.07868,40.24603],[-83.08212,40.24355],[-83.07889,40.24339],[-83.07868,40.24603]]]},"properties":{"type":"REC_FIXED_SITE_US","name":"Mid Ohio Soaring Society - Liberty Road","identifier":"FAA-REC_FIXED_SITE_US:Mid Ohio Soaring Society - Liberty Road","lowerLimit":"GND","upperLimit":"700 ft AGL","authority":"FAA (Recreational Flyer Fixed Sites)"}},
{"type":"Feature","geometry":{"type":"Polygon","coordinates":[[[-82.73685,40.05149],[-82.73921,40.04968],[-82.7367,40.04787],[-82.73685,40.05149]]]},"properties":{"type":"REC_FIXED_SITE_US","name":"The Tailspinners of Central Ohio - Morse Rd","identifier":"FAA-REC_FIXED_SITE_US:The Tailspinners of Central Ohio - Morse Rd","lowerLimit":"GND","upperLimit":"1200 ft AGL","authority":"FAA (Recreational Flyer Fixed Sites)"}},
{"type":"Feature","geometry":{"type":"Polygon","coordinates":[[[-83.23836,39.73108],[-83.24135,39.72828],[-83.23814,39.72844],[-83.23836,39.73108]]]},"properties":{"type":"REC_FIXED_SITE_US","name":"Mid Ohio Soaring Society, Darby Rd.","identifier":"FAA-REC_FIXED_SITE_US:Mid Ohio Soaring Society, Darby Rd.","lowerLimit":"GND","upperLimit":"1200 ft AGL","authority":"FAA (Recreational Flyer Fixed Sites)"}},
{"type":"Feature","geometry":{"type":"Polygon","coordinates":[[[-81.26101,41.14824],[-81.26505,41.14691],[-81.26265,41.1451],[-81.26101,41.14824]]]},"properties":{"type":"REC_FIXED_SITE_US","name":"Ravenna Thunderbirds RC Club Inc - Diamond Park","identifier":"FAA-REC_FIXED_SITE_US:Ravenna Thunderbirds RC Club Inc - Diamond Park","lowerLimit":"GND","upperLimit":"700 ft AGL","authority":"FAA (Recreational Flyer Fixed Sites)"}},
{"type":"Feature","geometry":{"type":"Polygon","coordinates":[[[-81.34947,40.75922],[-81.35121,40.75616],[-81.34784,40.75608],[-81.34947,40.75922]]]},"properties":{"type":"REC_FIXED_SITE_US","name":"Canton RC Club Inc  - Guy Bowling","identifier":"FAA-REC_FIXED_SITE_US:Canton RC Club Inc  - Guy Bowling","lowerLimit":"GND","upperLimit":"1200 ft AGL","authority":"FAA (Recreational Flyer Fixed Sites)"}},
{"type":"Feature","geometry":{"type":"Polygon","coordinates":[[[-84.45208,39.89929],[-84.45389,39.89632],[-84.45058,39.89608],[-84.45208,39.89929]]]},"properties":{"type":"REC_FIXED_SITE_US","name":"Flying Aero Sport Team - Brindenbaugh Field","identifier":"FAA-REC_FIXED_SITE_US:Flying Aero Sport Team - Brindenbaugh Field","lowerLimit":"GND","upperLimit":"700 ft AGL","authority":"FAA (Recreational Flyer Fixed Sites)"}},
{"type":"Feature","geometry":{"type":"Polygon","coordinates":[[[-84.646,40.09381],[-84.64615,40.09019],[-84.64364,40.092],[-84.646,40.09381]]]},"properties":{"type":"REC_FIXED_SITE_US","name":"Darke County Aeromodelers Association - Chestnut St","identifier":"FAA-REC_FIXED_SITE_US:Darke County Aeromodelers Association - Chestnut St","lowerLimit":"GND","upperLimit":"1200 ft AGL","authority":"FAA (Recreational Flyer Fixed Sites)"}},
{"type":"Feature","geometry":{"type":"Polygon","coordinates":[[[-83.95421,39.71878],[-83.95656,39.71708],[-83.95421,39.71515],[-83.95421,39.71878]]]},"properties":{"type":"REC_FIXED_SITE_US","name":"Miami RC Flying Club - Fairgrounds Rd","identifier":"FAA-REC_FIXED_SITE_US:Miami RC Flying Club - Fairgrounds Rd","lowerLimit":"GND","upperLimit":"700 ft AGL","authority":"FAA (Recreational Flyer Fixed Sites)"}},
{"type":"Feature","geometry":{"type":"Polygon","coordinates":[[[-84.34021,39.59454],[-84.34319,39.59174],[-84.33999,39.5919],[-84.34021,39.59454]]]},"properties":{"type":"REC_FIXED_SITE_US","name":"Western Ohio Radio Kontrol - Hummel Field","identifier":"FAA-REC_FIXED_SITE_US:Western Ohio Radio Kontrol - Hummel Field","lowerLimit":"GND","upperLimit":"700 ft AGL","authority":"FAA (Recreational Flyer Fixed Sites)"}},
{"type":"Feature","geometry":{"type":"Polygon","coordinates":[[[-82.44905,39.32934],[-82.45085,39.32637],[-82.44756,39.32613],[-82.44905,39.32934]]]},"properties":{"type":"REC_FIXED_SITE_US","name":"VC Flyers-Vinton County Airport","identifier":"FAA-REC_FIXED_SITE_US:VC Flyers-Vinton County Airport","lowerLimit":"GND","upperLimit":"1200 ft AGL","authority":"FAA (Recreational Flyer Fixed Sites)"}},
{"type":"Feature","geometry":{"type":"Polygon","coordinates":[[[-83.59467,41.11425],[-83.59451,41.11063],[-83.59227,41.11255],[-83.59467,41.11425]]]},"properties":{"type":"REC_FIXED_SITE_US","name":"Findlay Flying Circuits - Co Rd 18","identifier":"FAA-REC_FIXED_SITE_US:Findlay Flying Circuits - Co Rd 18","lowerLimit":"GND","upperLimit":"1200 ft AGL","authority":"FAA (Recreational Flyer Fixed Sites)"}},
{"type":"Feature","geometry":{"type":"Polygon","coordinates":[[[-80.5881,41.94931],[-80.58825,41.94569],[-80.58567,41.9475],[-80.5881,41.94931]]]},"properties":{"type":"REC_FIXED_SITE_US","name":"North East Ohio Radio Flyers - Parrish Rd","identifier":"FAA-REC_FIXED_SITE_US:North East Ohio Radio Flyers - Parrish Rd","lowerLimit":"GND","upperLimit":"1200 ft AGL","authority":"FAA (Recreational Flyer Fixed Sites)"}},
{"type":"Feature","geometry":{"type":"Polygon","coordinates":[[[-97.58378,34.85077],[-97.58698,34.84829],[-97.58389,34.84805],[-97.58378,34.85077]]]},"properties":{"type":"REC_FIXED_SITE_US","name":"Superflyers - Lindsay Municipal Airport","identifier":"FAA-REC_FIXED_SITE_US:Superflyers - Lindsay Municipal Airport","lowerLimit":"GND","upperLimit":"1200 ft AGL","authority":"FAA (Recreational Flyer Fixed Sites)"}},
{"type":"Feature","geometry":{"type":"Polygon","coordinates":[[[-97.58,35.26756],[-97.58282,35.26476],[-97.57971,35.265],[-97.58,35.26756]]]},"properties":{"type":"REC_FIXED_SITE_US","name":"NewCastle RC Flight Club - N. Portland Ave.","identifier":"FAA-REC_FIXED_SITE_US:NewCastle RC Flight Club - N. Portland Ave.","lowerLimit":"GND","upperLimit":"700 ft AGL","authority":"FAA (Recreational Flyer Fixed Sites)"}},
{"type":"Feature","geometry":{"type":"Polygon","coordinates":[[[-98.7412,35.46711],[-98.74272,35.46398],[-98.73958,35.46406],[-98.7412,35.46711]]]},"properties":{"type":"REC_FIXED_SITE_US","name":"Weatherford RC Flyers - E 1070 Rd","identifier":"FAA-REC_FIXED_SITE_US:Weatherford RC Flyers - E 1070 Rd","lowerLimit":"GND","upperLimit":"700 ft AGL","authority":"FAA (Recreational Flyer Fixed Sites)"}},
{"type":"Feature","geometry":{"type":"Polygon","coordinates":[[[-97.74792,35.52142],[-97.75014,35.51972],[-97.74792,35.51779],[-97.74792,35.52142]]]},"properties":{"type":"REC_FIXED_SITE_US","name":"Westside RC Flyers Inc - Hollman Field","identifier":"FAA-REC_FIXED_SITE_US:Westside RC Flyers Inc - Hollman Field","lowerLimit":"GND","upperLimit":"700 ft AGL","authority":"FAA (Recreational Flyer Fixed Sites)"}},
{"type":"Feature","geometry":{"type":"Polygon","coordinates":[[[-97.08053,34.18713],[-97.08067,34.1835],[-97.07835,34.1852],[-97.08053,34.18713]]]},"properties":{"type":"REC_FIXED_SITE_US","name":"Lake Country R/C Flying - Sam Noble Pkwy","identifier":"FAA-REC_FIXED_SITE_US:Lake Country R/C Flying - Sam Noble Pkwy","lowerLimit":"GND","upperLimit":"700 ft AGL","authority":"FAA (Recreational Flyer Fixed Sites)"}},
{"type":"Feature","geometry":{"type":"Polygon","coordinates":[[[-97.0781,34.09748],[-97.08088,34.09468],[-97.07781,34.09492],[-97.0781,34.09748]]]},"properties":{"type":"REC_FIXED_SITE_US","name":"Lake Country RC Flying Club - Lake Murray State Park","identifier":"FAA-REC_FIXED_SITE_US:Lake Country RC Flying Club - Lake Murray State Park","lowerLimit":"GND","upperLimit":"700 ft AGL","authority":"FAA (Recreational Flyer Fixed Sites)"}},
{"type":"Feature","geometry":{"type":"Polygon","coordinates":[[[-98.54245,34.6282],[-98.54465,34.62638],[-98.54026,34.62627],[-98.54245,34.6282]]]},"properties":{"type":"REC_FIXED_SITE_US","name":"LAFFS Field Cache Rd","identifier":"FAA-REC_FIXED_SITE_US:LAFFS Field Cache Rd","lowerLimit":"GND","upperLimit":"1200 ft AGL","authority":"FAA (Recreational Flyer Fixed Sites)"}},
{"type":"Feature","geometry":{"type":"Polygon","coordinates":[[[-97.81273,34.51409],[-97.81423,34.51095],[-97.81054,34.51216],[-97.81273,34.51409]]]},"properties":{"type":"REC_FIXED_SITE_US","name":"Chisholm Trail RC Squadron Inc - Duncan Lake South Bank","identifier":"FAA-REC_FIXED_SITE_US:Chisholm Trail RC Squadron Inc - Duncan Lake South Bank","lowerLimit":"GND","upperLimit":"1200 ft AGL","authority":"FAA (Recreational Flyer Fixed Sites)"}},
{"type":"Feature","geometry":{"type":"Polygon","coordinates":[[[-101.45412,36.71607],[-101.45749,36.71367],[-101.45432,36.71343],[-101.45412,36.71607]]]},"properties":{"type":"REC_FIXED_SITE_US","name":"Guymon Flying Tigers RC - CR 26","identifier":"FAA-REC_FIXED_SITE_US:Guymon Flying Tigers RC - CR 26","lowerLimit":"GND","upperLimit":"700 ft AGL","authority":"FAA (Recreational Flyer Fixed Sites)"}},
{"type":"Feature","geometry":{"type":"Polygon","coordinates":[[[-95.61746,36.07091],[-95.61918,36.06794],[-95.61603,36.0677],[-95.61746,36.07091]]]},"properties":{"type":"REC_FIXED_SITE_US","name":"American Turf Flyers and Sportsman's Club - Fitzgerald Field","identifier":"FAA-REC_FIXED_SITE_US:American Turf Flyers and Sportsman's Club - Fitzgerald Field","lowerLimit":"GND","upperLimit":"1200 ft AGL","authority":"FAA (Recreational Flyer Fixed Sites)"}},
{"type":"Feature","geometry":{"type":"Polygon","coordinates":[[[-95.83177,36.37995],[-95.8334,36.37689],[-95.83013,36.37689],[-95.83177,36.37995]]]},"properties":{"type":"REC_FIXED_SITE_US","name":"Skyblazers RC - Frank Cooley Airport","identifier":"FAA-REC_FIXED_SITE_US:Skyblazers RC - Frank Cooley Airport","lowerLimit":"GND","upperLimit":"1200 ft AGL","authority":"FAA (Recreational Flyer Fixed Sites)"}},
{"type":"Feature","geometry":{"type":"Polygon","coordinates":[[[-95.92824,36.92948],[-95.92988,36.92642],[-95.92669,36.92634],[-95.92824,36.92948]]]},"properties":{"type":"REC_FIXED_SITE_US","name":"Bartlesville Falcons Model Club - Copan Model Airpark","identifier":"FAA-REC_FIXED_SITE_US:Bartlesville Falcons Model Club - Copan Model Airpark","lowerLimit":"GND","upperLimit":"1200 ft AGL","authority":"FAA (Recreational Flyer Fixed Sites)"}},
{"type":"Feature","geometry":{"type":"Polygon","coordinates":[[[-96.8357,36.16391],[-96.83584,36.16029],[-96.83346,36.1621],[-96.8357,36.16391]]]},"properties":{"type":"REC_FIXED_SITE_US","name":"Stillwater RC Flyers -   N3460 Rd","identifier":"FAA-REC_FIXED_SITE_US:Stillwater RC Flyers -   N3460 Rd","lowerLimit":"GND","upperLimit":"1200 ft AGL","authority":"FAA (Recreational Flyer Fixed Sites)"}},
{"type":"Feature","geometry":{"type":"Polygon","coordinates":[[[-96.04054,35.91197],[-96.04216,35.90891],[-96.03831,35.91004],[-96.04054,35.91197]]]},"properties":{"type":"REC_FIXED_SITE_US","name":"Bald Eagle RC Club - Bethesda Boys Ranch","identifier":"FAA-REC_FIXED_SITE_US:Bald Eagle RC Club - Bethesda Boys Ranch","lowerLimit":"GND","upperLimit":"700 ft AGL","authority":"FAA (Recreational Flyer Fixed Sites)"}},
{"type":"Feature","geometry":{"type":"Polygon","coordinates":[[[-95.77861,36.12459],[-95.77861,36.12096],[-95.77638,36.12266],[-95.77861,36.12459]]]},"properties":{"type":"REC_FIXED_SITE_US","name":"Tulsa Glue Dobbers - Grant Wilson Field","identifier":"FAA-REC_FIXED_SITE_US:Tulsa Glue Dobbers - Grant Wilson Field","lowerLimit":"GND","upperLimit":"700 ft AGL","authority":"FAA (Recreational Flyer Fixed Sites)"}},
{"type":"Feature","geometry":{"type":"Polygon","coordinates":[[[-94.7672,36.60931],[-94.76945,36.6075],[-94.76566,36.60618],[-94.7672,36.60931]]]},"properties":{"type":"REC_FIXED_SITE_US","name":"OKRC Cloudbusters - E 284 Rd","identifier":"FAA-REC_FIXED_SITE_US:OKRC Cloudbusters - E 284 Rd","lowerLimit":"GND","upperLimit":"700 ft AGL","authority":"FAA (Recreational Flyer Fixed Sites)"}},
{"type":"Feature","geometry":{"type":"Polygon","coordinates":[[[-95.41329,35.75213],[-95.41492,35.74908],[-95.41107,35.75021],[-95.41329,35.75213]]]},"properties":{"type":"REC_FIXED_SITE_US","name":"Three Rivers Area Model Plane Society - Hatbox Field","identifier":"FAA-REC_FIXED_SITE_US:Three Rivers Area Model Plane Society - Hatbox Field","lowerLimit":"GND","upperLimit":"700 ft AGL","authority":"FAA (Recreational Flyer Fixed Sites)"}},
{"type":"Feature","geometry":{"type":"Polygon","coordinates":[[[-95.95732,35.46326],[-95.96055,35.46078],[-95.95752,35.46062],[-95.95732,35.46326]]]},"properties":{"type":"REC_FIXED_SITE_US","name":"Henryetta R/C Aviators - US 75","identifier":"FAA-REC_FIXED_SITE_US:Henryetta R/C Aviators - US 75","lowerLimit":"GND","upperLimit":"700 ft AGL","authority":"FAA (Recreational Flyer Fixed Sites)"}},
{"type":"Feature","geometry":{"type":"Polygon","coordinates":[[[-96.88369,35.46403],[-96.88531,35.46098],[-96.88217,35.4609],[-96.88369,35.46403]]]},"properties":{"type":"REC_FIXED_SITE_US","name":"Shawnee Thunderbirds - E 1070 Rd","identifier":"FAA-REC_FIXED_SITE_US:Shawnee Thunderbirds - E 1070 Rd","lowerLimit":"GND","upperLimit":"700 ft AGL","authority":"FAA (Recreational Flyer Fixed Sites)"}},
{"type":"Feature","geometry":{"type":"Polygon","coordinates":[[[-97.38411,35.80189],[-97.38633,35.79997],[-97.38249,35.79884],[-97.38411,35.80189]]]},"properties":{"type":"REC_FIXED_SITE_US","name":"OK Sooner Squadron - Mike Harvey Field","identifier":"FAA-REC_FIXED_SITE_US:OK Sooner Squadron - Mike Harvey Field","lowerLimit":"GND","upperLimit":"700 ft AGL","authority":"FAA (Recreational Flyer Fixed Sites)"}},
{"type":"Feature","geometry":{"type":"Polygon","coordinates":[[[-99.47814,35.39327],[-99.47976,35.39022],[-99.47673,35.39006],[-99.47814,35.39327]]]},"properties":{"type":"REC_FIXED_SITE_US","name":"Elk City Flying Aces RC Club - W 20th St","identifier":"FAA-REC_FIXED_SITE_US:Elk City Flying Aces RC Club - W 20th St","lowerLimit":"GND","upperLimit":"700 ft AGL","authority":"FAA (Recreational Flyer Fixed Sites)"}},
{"type":"Feature","geometry":{"type":"Polygon","coordinates":[[[-95.31265,35.7506],[-95.31598,35.7482],[-95.31285,35.74796],[-95.31265,35.7506]]]},"properties":{"type":"REC_FIXED_SITE_US","name":"Three Rivers Area Model Plane Society - N 41st St E","identifier":"FAA-REC_FIXED_SITE_US:Three Rivers Area Model Plane Society - N 41st St E","lowerLimit":"GND","upperLimit":"700 ft AGL","authority":"FAA (Recreational Flyer Fixed Sites)"}},
{"type":"Feature","geometry":{"type":"Polygon","coordinates":[[[-122.86626,45.49155],[-122.86883,45.48985],[-122.8645,45.48842],[-122.86626,45.49155]]]},"properties":{"type":"REC_FIXED_SITE_US","name":"Portland Drone Racing - 184th Ave","identifier":"FAA-REC_FIXED_SITE_US:Portland Drone Racing - 184th Ave","lowerLimit":"GND","upperLimit":"700 ft AGL","authority":"FAA (Recreational Flyer Fixed Sites)"}},
{"type":"Feature","geometry":{"type":"Polygon","coordinates":[[[-122.3391,45.44752],[-122.34167,45.44582],[-122.33734,45.44439],[-122.3391,45.44752]]]},"properties":{"type":"REC_FIXED_SITE_US","name":"Sky Knights RC Club of Portland - Orient Flying Field","identifier":"FAA-REC_FIXED_SITE_US:Sky Knights RC Club of Portland - Orient Flying Field","lowerLimit":"GND","upperLimit":"700 ft AGL","authority":"FAA (Recreational Flyer Fixed Sites)"}},
{"type":"Feature","geometry":{"type":"Polygon","coordinates":[[[-123.20444,46.11736],[-123.207,46.11522],[-123.20348,46.11387],[-123.20444,46.11736]]]},"properties":{"type":"REC_FIXED_SITE_US","name":"Clatskanie District Rd.","identifier":"FAA-REC_FIXED_SITE_US:Clatskanie District Rd.","lowerLimit":"GND","upperLimit":"1200 ft AGL","authority":"FAA (Recreational Flyer Fixed Sites)"}},
{"type":"Feature","geometry":{"type":"Polygon","coordinates":[[[-121.555,45.68097],[-121.55758,45.67905],[-121.55468,45.67736],[-121.555,45.68097]]]},"properties":{"type":"REC_FIXED_SITE_US","name":"Columbia Gorge Aeromodelers - Barrett Park RC Field","identifier":"FAA-REC_FIXED_SITE_US:Columbia Gorge Aeromodelers - Barrett Park RC Field","lowerLimit":"GND","upperLimit":"1200 ft AGL","authority":"FAA (Recreational Flyer Fixed Sites)"}},
{"type":"Feature","geometry":{"type":"Polygon","coordinates":[[[-122.553,45.13445],[-122.55649,45.13429],[-122.55447,45.13124],[-122.553,45.13445]]]},"properties":{"type":"REC_FIXED_SITE_US","name":"Molalla Radio Control Association - S Molalla Forest Rd","identifier":"FAA-REC_FIXED_SITE_US:Molalla Radio Control Association - S Molalla Forest Rd","lowerLimit":"GND","upperLimit":"1200 ft AGL","authority":"FAA (Recreational Flyer Fixed Sites)"}},
{"type":"Feature","geometry":{"type":"Polygon","coordinates":[[[-123.15554,45.60049],[-123.15587,45.59688],[-123.15298,45.59845],[-123.15554,45.60049]]]},"properties":{"type":"REC_FIXED_SITE_US","name":"Oregon Miniature Aircraft Squadron -  Strohmayer Rd","identifier":"FAA-REC_FIXED_SITE_US:Oregon Miniature Aircraft Squadron -  Strohmayer Rd","lowerLimit":"GND","upperLimit":"700 ft AGL","authority":"FAA (Recreational Flyer Fixed Sites)"}},
{"type":"Feature","geometry":{"type":"Polygon","coordinates":[[[-123.1388,45.20841],[-123.14136,45.20671],[-123.13705,45.20528],[-123.1388,45.20841]]]},"properties":{"type":"REC_FIXED_SITE_US","name":"The Evergreen Aero Modelers - Evergreen Aviation Museum","identifier":"FAA-REC_FIXED_SITE_US:The Evergreen Aero Modelers - Evergreen Aviation Museum","lowerLimit":"GND","upperLimit":"700 ft AGL","authority":"FAA (Recreational Flyer Fixed Sites)"}},
{"type":"Feature","geometry":{"type":"Polygon","coordinates":[[[-123.27492,45.17514],[-123.27679,45.17209],[-123.27305,45.17209],[-123.27492,45.17514]]]},"properties":{"type":"REC_FIXED_SITE_US","name":"McMinnville Aircraft Modelers - SW Masonville Rd","identifier":"FAA-REC_FIXED_SITE_US:McMinnville Aircraft Modelers - SW Masonville Rd","lowerLimit":"GND","upperLimit":"700 ft AGL","authority":"FAA (Recreational Flyer Fixed Sites)"}},
{"type":"Feature","geometry":{"type":"Polygon","coordinates":[[[-122.97861,45.20996],[-122.98304,45.20884],[-122.98048,45.20691],[-122.97861,45.20996]]]},"properties":{"type":"REC_FIXED_SITE_US","name":"Portland Area Sailplane Society-Coleman Farms","identifier":"FAA-REC_FIXED_SITE_US:Portland Area Sailplane Society-Coleman Farms","lowerLimit":"GND","upperLimit":"700 ft AGL","authority":"FAA (Recreational Flyer Fixed Sites)"}},
{"type":"Feature","geometry":{"type":"Polygon","coordinates":[[[-123.812,45.35686],[-123.81264,45.35329],[-123.80945,45.35482],[-123.812,45.35686]]]},"properties":{"type":"REC_FIXED_SITE_US","name":"North Coast RC Modelers - NCRCM Airfield","identifier":"FAA-REC_FIXED_SITE_US:North Coast RC Modelers - NCRCM Airfield","lowerLimit":"GND","upperLimit":"700 ft AGL","authority":"FAA (Recreational Flyer Fixed Sites)"}},
{"type":"Feature","geometry":{"type":"Polygon","coordinates":[[[-123.074,44.60906],[-123.07653,44.60736],[-123.07238,44.60586],[-123.074,44.60906]]]},"properties":{"type":"REC_FIXED_SITE_US","name":"South Albany High School","identifier":"FAA-REC_FIXED_SITE_US:South Albany High School","lowerLimit":"GND","upperLimit":"700 ft AGL","authority":"FAA (Recreational Flyer Fixed Sites)"}},
{"type":"Feature","geometry":{"type":"Polygon","coordinates":[[[-123.06506,44.67509],[-123.0692,44.67346],[-123.06636,44.67189],[-123.06506,44.67509]]]},"properties":{"type":"REC_FIXED_SITE_US","name":"Albany Thundervolts RC Club - Arnold Lane Field","identifier":"FAA-REC_FIXED_SITE_US:Albany Thundervolts RC Club - Arnold Lane Field","lowerLimit":"GND","upperLimit":"700 ft AGL","authority":"FAA (Recreational Flyer Fixed Sites)"}},
{"type":"Feature","geometry":{"type":"Polygon","coordinates":[[[-122.99839,44.48077],[-122.99871,44.47716],[-122.99588,44.47873],[-122.99839,44.48077]]]},"properties":{"type":"REC_FIXED_SITE_US","name":"Willamette Modelers Club - Manning Field","identifier":"FAA-REC_FIXED_SITE_US:Willamette Modelers Club - Manning Field","lowerLimit":"GND","upperLimit":"1200 ft AGL","authority":"FAA (Recreational Flyer Fixed Sites)"}},
{"type":"Feature","geometry":{"type":"Polygon","coordinates":[[[-123.21002,44.67302],[-123.21065,44.66945],[-123.2075,44.67098],[-123.21002,44.67302]]]},"properties":{"type":"REC_FIXED_SITE_US","name":"Benton County Radio Control Club - Brian Unwin Field","identifier":"FAA-REC_FIXED_SITE_US:Benton County Radio Control Club - Brian Unwin Field","lowerLimit":"GND","upperLimit":"700 ft AGL","authority":"FAA (Recreational Flyer Fixed Sites)"}},
{"type":"Feature","geometry":{"type":"Polygon","coordinates":[[[-123.25,44.4935],[-123.25032,44.48989],[-123.24749,44.49146],[-123.25,44.4935]]]},"properties":{"type":"REC_FIXED_SITE_US","name":"Benton County Radio Control Club - Payne Rd","identifier":"FAA-REC_FIXED_SITE_US:Benton County Radio Control Club - Payne Rd","lowerLimit":"GND","upperLimit":"700 ft AGL","authority":"FAA (Recreational Flyer Fixed Sites)"}},
{"type":"Feature","geometry":{"type":"Polygon","coordinates":[[[-123.28661,44.56686],[-123.28912,44.56482],[-123.28629,44.56325],[-123.28661,44.56686]]]},"properties":{"type":"REC_FIXED_SITE_US","name":"DAM Robotics Drone Racing Team - Peavy Fields","identifier":"FAA-REC_FIXED_SITE_US:DAM Robotics Drone Racing Team - Peavy Fields","lowerLimit":"GND","upperLimit":"700 ft AGL","authority":"FAA (Recreational Flyer Fixed Sites)"}},
{"type":"Feature","geometry":{"type":"Polygon","coordinates":[[[-123.28408,44.91723],[-123.28661,44.91519],[-123.28329,44.91369],[-123.28408,44.91723]]]},"properties":{"type":"REC_FIXED_SITE_US","name":"Dallas Wing Dingers - Kauer Airfield","identifier":"FAA-REC_FIXED_SITE_US:Dallas Wing Dingers - Kauer Airfield","lowerLimit":"GND","upperLimit":"1200 ft AGL","authority":"FAA (Recreational Flyer Fixed Sites)"}},
{"type":"Feature","geometry":{"type":"Polygon","coordinates":[[[-123.166,44.82661],[-123.16854,44.82491],[-123.16426,44.82348],[-123.166,44.82661]]]},"properties":{"type":"REC_FIXED_SITE_US","name":"Salem R/C Pilots Assoc - Buena Vista Rd","identifier":"FAA-REC_FIXED_SITE_US:Salem R/C Pilots Assoc - Buena Vista Rd","lowerLimit":"GND","upperLimit":"1200 ft AGL","authority":"FAA (Recreational Flyer Fixed Sites)"}},
{"type":"Feature","geometry":{"type":"Polygon","coordinates":[[[-122.8798,44.55822],[-122.88233,44.5563],[-122.87775,44.55535],[-122.8798,44.55822]]]},"properties":{"type":"REC_FIXED_SITE_US","name":"Lebanon Area RC - Brewster Rd","identifier":"FAA-REC_FIXED_SITE_US:Lebanon Area RC - Brewster Rd","lowerLimit":"GND","upperLimit":"1200 ft AGL","authority":"FAA (Recreational Flyer Fixed Sites)"}},
{"type":"Feature","geometry":{"type":"Polygon","coordinates":[[[-122.79853,45.08563],[-122.80203,45.08563],[-122.8006,45.08251],[-122.79853,45.08563]]]},"properties":{"type":"REC_FIXED_SITE_US","name":"Mt. Silverwood RC Club - Dominic Rd","identifier":"FAA-REC_FIXED_SITE_US:Mt. Silverwood RC Club - Dominic Rd","lowerLimit":"GND","upperLimit":"1200 ft AGL","authority":"FAA (Recreational Flyer Fixed Sites)"}},
{"type":"Feature","geometry":{"type":"Polygon","coordinates":[[[-122.84403,44.67644],[-122.84435,44.67283],[-122.84151,44.6744],[-122.84403,44.67644]]]},"properties":{"type":"REC_FIXED_SITE_US","name":"Lebanon Area RC, Hickok Farm","identifier":"FAA-REC_FIXED_SITE_US:Lebanon Area RC, Hickok Farm","lowerLimit":"GND","upperLimit":"700 ft AGL","authority":"FAA (Recreational Flyer Fixed Sites)"}},
{"type":"Feature","geometry":{"type":"Polygon","coordinates":[[[-122.81416,45.02403],[-122.81671,45.02233],[-122.81241,45.0209],[-122.81416,45.02403]]]},"properties":{"type":"REC_FIXED_SITE_US","name":"Keizer RC Assn - Mt Angel Hwy","identifier":"FAA-REC_FIXED_SITE_US:Keizer RC Assn - Mt Angel Hwy","lowerLimit":"GND","upperLimit":"1200 ft AGL","authority":"FAA (Recreational Flyer Fixed Sites)"}},
{"type":"Feature","geometry":{"type":"Polygon","coordinates":[[[-123.02252,44.53139],[-123.02505,44.52958],[-123.02078,44.52826],[-123.02252,44.53139]]]},"properties":{"type":"REC_FIXED_SITE_US","name":"WMC Parker Rd Field","identifier":"FAA-REC_FIXED_SITE_US:WMC Parker Rd Field","lowerLimit":"GND","upperLimit":"700 ft AGL","authority":"FAA (Recreational Flyer Fixed Sites)"}},
{"type":"Feature","geometry":{"type":"Polygon","coordinates":[[[-122.94455,44.81825],[-122.94534,44.81471],[-122.94205,44.8161],[-122.94455,44.81825]]]},"properties":{"type":"REC_FIXED_SITE_US","name":"Salem RC Pilots 55th Ave SE","identifier":"FAA-REC_FIXED_SITE_US:Salem RC Pilots 55th Ave SE","lowerLimit":"GND","upperLimit":"700 ft AGL","authority":"FAA (Recreational Flyer Fixed Sites)"}},
{"type":"Feature","geometry":{"type":"Polygon","coordinates":[[[-123.03137,43.86966],[-123.0348,43.86702],[-123.03137,43.86702],[-123.03137,43.86966]]]},"properties":{"type":"REC_FIXED_SITE_US","name":"Creswell RC Flyers - Walker Airport","identifier":"FAA-REC_FIXED_SITE_US:Creswell RC Flyers - Walker Airport","lowerLimit":"GND","upperLimit":"1200 ft AGL","authority":"FAA (Recreational Flyer Fixed Sites)"}},
{"type":"Feature","geometry":{"type":"Polygon","coordinates":[[[-124.10606,43.9899],[-124.10638,43.98629],[-124.10357,43.98786],[-124.10606,43.9899]]]},"properties":{"type":"REC_FIXED_SITE_US","name":"Siuslaw Middle School Field","identifier":"FAA-REC_FIXED_SITE_US:Siuslaw Middle School Field","lowerLimit":"GND","upperLimit":"700 ft AGL","authority":"FAA (Recreational Flyer Fixed Sites)"}},
{"type":"Feature","geometry":{"type":"Polygon","coordinates":[[[-124.11061,43.98961],[-124.11405,43.98961],[-124.11249,43.98648],[-124.11061,43.98961]]]},"properties":{"type":"REC_FIXED_SITE_US","name":"Florence Area RC Aircraft Association - Florence Municipal Airport","identifier":"FAA-REC_FIXED_SITE_US:Florence Area RC Aircraft Association - Florence Municipal Airport","lowerLimit":"GND","upperLimit":"700 ft AGL","authority":"FAA (Recreational Flyer Fixed Sites)"}},
{"type":"Feature","geometry":{"type":"Polygon","coordinates":[[[-124.1782,43.57968],[-124.17979,43.57647],[-124.17628,43.57671],[-124.1782,43.57968]]]},"properties":{"type":"REC_FIXED_SITE_US","name":"Bay Area RC Fliers - Lakeside State Airport","identifier":"FAA-REC_FIXED_SITE_US:Bay Area RC Fliers - Lakeside State Airport","lowerLimit":"GND","upperLimit":"1200 ft AGL","authority":"FAA (Recreational Flyer Fixed Sites)"}},
{"type":"Feature","geometry":{"type":"Polygon","coordinates":[[[-122.79688,43.92295],[-122.79937,43.92137],[-122.7972,43.91934],[-122.79688,43.92295]]]},"properties":{"type":"REC_FIXED_SITE_US","name":"Creswell RC Flyers - Dexter Lake","identifier":"FAA-REC_FIXED_SITE_US:Creswell RC Flyers - Dexter Lake","lowerLimit":"GND","upperLimit":"1200 ft AGL","authority":"FAA (Recreational Flyer Fixed Sites)"}},
{"type":"Feature","geometry":{"type":"Polygon","coordinates":[[[-123.3158,43.00014],[-123.31611,42.99653],[-123.31333,42.99833],[-123.3158,43.00014]]]},"properties":{"type":"REC_FIXED_SITE_US","name":"Northwest R/C Aviators - Myrtle Creek Airport","identifier":"FAA-REC_FIXED_SITE_US:Northwest R/C Aviators - Myrtle Creek Airport","lowerLimit":"GND","upperLimit":"1200 ft AGL","authority":"FAA (Recreational Flyer Fixed Sites)"}},
{"type":"Feature","geometry":{"type":"Polygon","coordinates":[[[-123.3544,43.31581],[-123.35688,43.31411],[-123.3527,43.31268],[-123.3544,43.31581]]]},"properties":{"type":"REC_FIXED_SITE_US","name":"Umpqua Valley Modelers - Wilbur Quarry","identifier":"FAA-REC_FIXED_SITE_US:Umpqua Valley Modelers - Wilbur Quarry","lowerLimit":"GND","upperLimit":"1200 ft AGL","authority":"FAA (Recreational Flyer Fixed Sites)"}},
{"type":"Feature","geometry":{"type":"Polygon","coordinates":[[[-124.0594,42.87264],[-124.06109,42.86951],[-124.05771,42.86951],[-124.0594,42.87264]]]},"properties":{"type":"REC_FIXED_SITE_US","name":"South Coast R/C Squadron - Powers Airport","identifier":"FAA-REC_FIXED_SITE_US:South Coast R/C Squadron - Powers Airport","lowerLimit":"GND","upperLimit":"1200 ft AGL","authority":"FAA (Recreational Flyer Fixed Sites)"}},
{"type":"Feature","geometry":{"type":"Polygon","coordinates":[[[-124.55571,42.83707],[-124.55996,42.83594],[-124.55593,42.83443],[-124.55571,42.83707]]]},"properties":{"type":"REC_FIXED_SITE_US","name":"Southern Oregon Slopeiens - Cape Blanco","identifier":"FAA-REC_FIXED_SITE_US:Southern Oregon Slopeiens - Cape Blanco","lowerLimit":"GND","upperLimit":"1200 ft AGL","authority":"FAA (Recreational Flyer Fixed Sites)"}},
{"type":"Feature","geometry":{"type":"Polygon","coordinates":[[[-123.2509,43.39702],[-123.2509,43.39339],[-123.24842,43.39509],[-123.2509,43.39702]]]},"properties":{"type":"REC_FIXED_SITE_US","name":"Umpqua Valley Modelers - Plat I Reservoir","identifier":"FAA-REC_FIXED_SITE_US:Umpqua Valley Modelers - Plat I Reservoir","lowerLimit":"GND","upperLimit":"1200 ft AGL","authority":"FAA (Recreational Flyer Fixed Sites)"}},
{"type":"Feature","geometry":{"type":"Polygon","coordinates":[[[-123.25414,43.59522],[-123.25461,43.59163],[-123.25167,43.59319],[-123.25414,43.59522]]]},"properties":{"type":"REC_FIXED_SITE_US","name":"Umpqua Valley Modelers - Kingery Field","identifier":"FAA-REC_FIXED_SITE_US:Umpqua Valley Modelers - Kingery Field","lowerLimit":"GND","upperLimit":"1200 ft AGL","authority":"FAA (Recreational Flyer Fixed Sites)"}},
{"type":"Feature","geometry":{"type":"Polygon","coordinates":[[[-122.76763,42.42127],[-122.77007,42.41934],[-122.76584,42.41822],[-122.76763,42.42127]]]},"properties":{"type":"REC_FIXED_SITE_US","name":"Rogue Eagles RC Club Inc - Agate Skyways","identifier":"FAA-REC_FIXED_SITE_US:Rogue Eagles RC Club Inc - Agate Skyways","lowerLimit":"GND","upperLimit":"700 ft AGL","authority":"FAA (Recreational Flyer Fixed Sites)"}},
{"type":"Feature","geometry":{"type":"Polygon","coordinates":[[[-123.3911,42.4453],[-123.39289,42.44225],[-123.38866,42.44338],[-123.3911,42.4453]]]},"properties":{"type":"REC_FIXED_SITE_US","name":"Rogue Valley Flyers - Upper River Rd","identifier":"FAA-REC_FIXED_SITE_US:Rogue Valley Flyers - Upper River Rd","lowerLimit":"GND","upperLimit":"700 ft AGL","authority":"FAA (Recreational Flyer Fixed Sites)"}},
{"type":"Feature","geometry":{"type":"Polygon","coordinates":[[[-123.58262,42.25955],[-123.58293,42.25594],[-123.58018,42.25774],[-123.58262,42.25955]]]},"properties":{"type":"REC_FIXED_SITE_US","name":"Rogue Valley Flyers - Lake Selmac Park","identifier":"FAA-REC_FIXED_SITE_US:Rogue Valley Flyers - Lake Selmac Park","lowerLimit":"GND","upperLimit":"1200 ft AGL","authority":"FAA (Recreational Flyer Fixed Sites)"}},
{"type":"Feature","geometry":{"type":"Polygon","coordinates":[[[-122.02749,42.13932],[-122.03083,42.13932],[-122.03071,42.1366],[-122.02749,42.13932]]]},"properties":{"type":"REC_FIXED_SITE_US","name":"Flightmasters of Klamath Fall - Hwy 66","identifier":"FAA-REC_FIXED_SITE_US:Flightmasters of Klamath Fall - Hwy 66","lowerLimit":"GND","upperLimit":"1200 ft AGL","authority":"FAA (Recreational Flyer Fixed Sites)"}},
{"type":"Feature","geometry":{"type":"Polygon","coordinates":[[[-121.3963,42.00251],[-121.39645,41.99889],[-121.39387,42.0007],[-121.3963,42.00251]]]},"properties":{"type":"REC_FIXED_SITE_US","name":"Yankee Air Pirates - Malin Airfield","identifier":"FAA-REC_FIXED_SITE_US:Yankee Air Pirates - Malin Airfield","lowerLimit":"GND","upperLimit":"1200 ft AGL","authority":"FAA (Recreational Flyer Fixed Sites)"}},
{"type":"Feature","geometry":{"type":"Polygon","coordinates":[[[-120.98592,43.31821],[-120.98773,43.31516],[-120.98422,43.31508],[-120.98592,43.31821]]]},"properties":{"type":"REC_FIXED_SITE_US","name":"Bend Aero Modelers","identifier":"FAA-REC_FIXED_SITE_US:Bend Aero Modelers","lowerLimit":"GND","upperLimit":"1200 ft AGL","authority":"FAA (Recreational Flyer Fixed Sites)"}},
{"type":"Feature","geometry":{"type":"Polygon","coordinates":[[[-121.01944,43.94656],[-121.02288,43.94656],[-121.02132,43.94343],[-121.01944,43.94656]]]},"properties":{"type":"REC_FIXED_SITE_US","name":"Popp's Field","identifier":"FAA-REC_FIXED_SITE_US:Popp's Field","lowerLimit":"GND","upperLimit":"1200 ft AGL","authority":"FAA (Recreational Flyer Fixed Sites)"}},
{"type":"Feature","geometry":{"type":"Polygon","coordinates":[[[-121.405,44.20069],[-121.40532,44.19708],[-121.4025,44.19865],[-121.405,44.20069]]]},"properties":{"type":"REC_FIXED_SITE_US","name":"Cascade Flyers - McKenzie Bend Hwy","identifier":"FAA-REC_FIXED_SITE_US:Cascade Flyers - McKenzie Bend Hwy","lowerLimit":"GND","upperLimit":"1200 ft AGL","authority":"FAA (Recreational Flyer Fixed Sites)"}},
{"type":"Feature","geometry":{"type":"Polygon","coordinates":[[[-121.14305,44.49661],[-121.14368,44.49304],[-121.14054,44.49457],[-121.14305,44.49661]]]},"properties":{"type":"REC_FIXED_SITE_US","name":"Field of Dreams - Haystack Dr","identifier":"FAA-REC_FIXED_SITE_US:Field of Dreams - Haystack Dr","lowerLimit":"GND","upperLimit":"700 ft AGL","authority":"FAA (Recreational Flyer Fixed Sites)"}},
{"type":"Feature","geometry":{"type":"Polygon","coordinates":[[[-121.59289,43.67611],[-121.59538,43.67441],[-121.5913,43.6729],[-121.59289,43.67611]]]},"properties":{"type":"REC_FIXED_SITE_US","name":"LA Pine RC Flyers - Dorrance Meadow","identifier":"FAA-REC_FIXED_SITE_US:LA Pine RC Flyers - Dorrance Meadow","lowerLimit":"GND","upperLimit":"1200 ft AGL","authority":"FAA (Recreational Flyer Fixed Sites)"}},
{"type":"Feature","geometry":{"type":"Polygon","coordinates":[[[-118.04218,45.44504],[-118.04444,45.44235],[-118.04067,45.44176],[-118.04218,45.44504]]]},"properties":{"type":"REC_FIXED_SITE_US","name":"Grande Ronde Bush Pilots - Woodell LN","identifier":"FAA-REC_FIXED_SITE_US:Grande Ronde Bush Pilots - Woodell LN","lowerLimit":"GND","upperLimit":"700 ft AGL","authority":"FAA (Recreational Flyer Fixed Sites)"}},
{"type":"Feature","geometry":{"type":"Polygon","coordinates":[[[-79.77624,40.17644],[-79.77968,40.17396],[-79.77645,40.1738],[-79.77624,40.17644]]]},"properties":{"type":"REC_FIXED_SITE_US","name":"Mon-Valley RC Inc. - Cedar Creek Park","identifier":"FAA-REC_FIXED_SITE_US:Mon-Valley RC Inc. - Cedar Creek Park","lowerLimit":"GND","upperLimit":"700 ft AGL","authority":"FAA (Recreational Flyer Fixed Sites)"}},
{"type":"Feature","geometry":{"type":"Polygon","coordinates":[[[-80.39497,40.46151],[-80.39843,40.45903],[-80.39519,40.45887],[-80.39497,40.46151]]]},"properties":{"type":"REC_FIXED_SITE_US","name":"Greater Pittsburgh ARCS - Hillman State Park","identifier":"FAA-REC_FIXED_SITE_US:Greater Pittsburgh ARCS - Hillman State Park","lowerLimit":"GND","upperLimit":"700 ft AGL","authority":"FAA (Recreational Flyer Fixed Sites)"}},
{"type":"Feature","geometry":{"type":"Polygon","coordinates":[[[-79.92447,40.56909],[-79.92773,40.56909],[-79.92595,40.56596],[-79.92447,40.56909]]]},"properties":{"type":"REC_FIXED_SITE_US","name":"Allegheny Park Flyers - Hartwood Acres","identifier":"FAA-REC_FIXED_SITE_US:Allegheny Park Flyers - Hartwood Acres","lowerLimit":"GND","upperLimit":"1200 ft AGL","authority":"FAA (Recreational Flyer Fixed Sites)"}},
{"type":"Feature","geometry":{"type":"Polygon","coordinates":[[[-79.9028,40.59235],[-79.90606,40.58971],[-79.9028,40.58971],[-79.9028,40.59235]]]},"properties":{"type":"REC_FIXED_SITE_US","name":"Gypsy Moth Fliers - Nardo Field","identifier":"FAA-REC_FIXED_SITE_US:Gypsy Moth Fliers - Nardo Field","lowerLimit":"GND","upperLimit":"1200 ft AGL","authority":"FAA (Recreational Flyer Fixed Sites)"}},
{"type":"Feature","geometry":{"type":"Polygon","coordinates":[[[-80.00917,40.60134],[-80.01155,40.59952],[-80.00755,40.5982],[-80.00917,40.60134]]]},"properties":{"type":"REC_FIXED_SITE_US","name":"The North Hills Eagle Squadron - Walter Rd","identifier":"FAA-REC_FIXED_SITE_US:The North Hills Eagle Squadron - Walter Rd","lowerLimit":"GND","upperLimit":"700 ft AGL","authority":"FAA (Recreational Flyer Fixed Sites)"}},
{"type":"Feature","geometry":{"type":"Polygon","coordinates":[[[-80.00229,40.30366],[-80.00402,40.30061],[-79.99992,40.30185],[-80.00229,40.30366]]]},"properties":{"type":"REC_FIXED_SITE_US","name":"SPARKS - South County Park","identifier":"FAA-REC_FIXED_SITE_US:SPARKS - South County Park","lowerLimit":"GND","upperLimit":"700 ft AGL","authority":"FAA (Recreational Flyer Fixed Sites)"}},
{"type":"Feature","geometry":{"type":"Polygon","coordinates":[[[-79.74199,40.46243],[-79.74545,40.45995],[-79.74221,40.45979],[-79.74199,40.46243]]]},"properties":{"type":"REC_FIXED_SITE_US","name":"Gateway RC Society - Old Frankstown Rd","identifier":"FAA-REC_FIXED_SITE_US:Gateway RC Society - Old Frankstown Rd","lowerLimit":"GND","upperLimit":"1200 ft AGL","authority":"FAA (Recreational Flyer Fixed Sites)"}},
{"type":"Feature","geometry":{"type":"Polygon","coordinates":[[[-80.02268,40.20494],[-80.02441,40.20189],[-80.02032,40.20302],[-80.02268,40.20494]]]},"properties":{"type":"REC_FIXED_SITE_US","name":"Washington Cnty Model Aviation Assn - Mingo Creek Park","identifier":"FAA-REC_FIXED_SITE_US:Washington Cnty Model Aviation Assn - Mingo Creek Park","lowerLimit":"GND","upperLimit":"700 ft AGL","authority":"FAA (Recreational Flyer Fixed Sites)"}},
{"type":"Feature","geometry":{"type":"Polygon","coordinates":[[[-78.50375,39.95251],[-78.50698,39.94987],[-78.50375,39.94987],[-78.50375,39.95251]]]},"properties":{"type":"REC_FIXED_SITE_US","name":"Bedford County Aero Modelers Society - Pond Ln","identifier":"FAA-REC_FIXED_SITE_US:Bedford County Aero Modelers Society - Pond Ln","lowerLimit":"GND","upperLimit":"1200 ft AGL","authority":"FAA (Recreational Flyer Fixed Sites)"}},
{"type":"Feature","geometry":{"type":"Polygon","coordinates":[[[-79.04095,39.95485],[-79.04395,39.95205],[-79.04073,39.95221],[-79.04095,39.95485]]]},"properties":{"type":"REC_FIXED_SITE_US","name":"Brant Flying Field - Dusty Trail Lane","identifier":"FAA-REC_FIXED_SITE_US:Brant Flying Field - Dusty Trail Lane","lowerLimit":"GND","upperLimit":"700 ft AGL","authority":"FAA (Recreational Flyer Fixed Sites)"}},
{"type":"Feature","geometry":{"type":"Polygon","coordinates":[[[-79.61218,40.58293],[-79.61544,40.58293],[-79.61396,40.5798],[-79.61218,40.58293]]]},"properties":{"type":"REC_FIXED_SITE_US","name":"Northmoreland RC - Park Rd","identifier":"FAA-REC_FIXED_SITE_US:Northmoreland RC - Park Rd","lowerLimit":"GND","upperLimit":"1200 ft AGL","authority":"FAA (Recreational Flyer Fixed Sites)"}},
{"type":"Feature","geometry":{"type":"Polygon","coordinates":[[[-79.74365,40.28072],[-79.74764,40.2794],[-79.74512,40.27759],[-79.74365,40.28072]]]},"properties":{"type":"REC_FIXED_SITE_US","name":"Keystone Clippers RC MAC - Jerry Thomas Field","identifier":"FAA-REC_FIXED_SITE_US:Keystone Clippers RC MAC - Jerry Thomas Field","lowerLimit":"GND","upperLimit":"700 ft AGL","authority":"FAA (Recreational Flyer Fixed Sites)"}},
{"type":"Feature","geometry":{"type":"Polygon","coordinates":[[[-79.4845,40.48711],[-79.48688,40.4853],[-79.48288,40.48398],[-79.4845,40.48711]]]},"properties":{"type":"REC_FIXED_SITE_US","name":"Murrysville Area RC Society - Ridge Rd","identifier":"FAA-REC_FIXED_SITE_US:Murrysville Area RC Society - Ridge Rd","lowerLimit":"GND","upperLimit":"1200 ft AGL","authority":"FAA (Recreational Flyer Fixed Sites)"}},
{"type":"Feature","geometry":{"type":"Polygon","coordinates":[[[-79.09911,40.55449],[-79.10257,40.55201],[-79.09911,40.55185],[-79.09911,40.55449]]]},"properties":{"type":"REC_FIXED_SITE_US","name":"Indiana Flyers Club - Snyder Rd","identifier":"FAA-REC_FIXED_SITE_US:Indiana Flyers Club - Snyder Rd","lowerLimit":"GND","upperLimit":"700 ft AGL","authority":"FAA (Recreational Flyer Fixed Sites)"}},
{"type":"Feature","geometry":{"type":"Polygon","coordinates":[[[-79.94475,40.91582],[-79.94475,40.9122],[-79.94236,40.9139],[-79.94475,40.91582]]]},"properties":{"type":"REC_FIXED_SITE_US","name":"Butler Area Radio Flying Society - N Main St Ext","identifier":"FAA-REC_FIXED_SITE_US:Butler Area Radio Flying Society - N Main St Ext","lowerLimit":"GND","upperLimit":"700 ft AGL","authority":"FAA (Recreational Flyer Fixed Sites)"}},
{"type":"Feature","geometry":{"type":"Polygon","coordinates":[[[-80.31151,41.39339],[-80.3148,41.39355],[-80.31502,41.39091],[-80.31151,41.39339]]]},"properties":{"type":"REC_FIXED_SITE_US","name":"Merco MACS - Baker Rd","identifier":"FAA-REC_FIXED_SITE_US:Merco MACS - Baker Rd","lowerLimit":"GND","upperLimit":"700 ft AGL","authority":"FAA (Recreational Flyer Fixed Sites)"}},
{"type":"Feature","geometry":{"type":"Polygon","coordinates":[[[-80.1973,41.21774],[-80.19915,41.21477],[-80.19577,41.21453],[-80.1973,41.21774]]]},"properties":{"type":"REC_FIXED_SITE_US","name":"Nelson Run RC Flyers - Mercer Grove City Rd","identifier":"FAA-REC_FIXED_SITE_US:Nelson Run RC Flyers - Mercer Grove City Rd","lowerLimit":"GND","upperLimit":"700 ft AGL","authority":"FAA (Recreational Flyer Fixed Sites)"}},
{"type":"Feature","geometry":{"type":"Polygon","coordinates":[[[-80.41878,41.13902],[-80.42117,41.13732],[-80.41893,41.1354],[-80.41878,41.13902]]]},"properties":{"type":"REC_FIXED_SITE_US","name":"Penn-Ohio Radio Kontrol Society - Heasley Rd","identifier":"FAA-REC_FIXED_SITE_US:Penn-Ohio Radio Kontrol Society - Heasley Rd","lowerLimit":"GND","upperLimit":"700 ft AGL","authority":"FAA (Recreational Flyer Fixed Sites)"}},
{"type":"Feature","geometry":{"type":"Polygon","coordinates":[[[-79.4516,40.83736],[-79.45175,40.83374],[-79.44921,40.83555],[-79.4516,40.83736]]]},"properties":{"type":"REC_FIXED_SITE_US","name":"Armstrong RC Flyers - Anderson Creek Rd","identifier":"FAA-REC_FIXED_SITE_US:Armstrong RC Flyers - Anderson Creek Rd","lowerLimit":"GND","upperLimit":"700 ft AGL","authority":"FAA (Recreational Flyer Fixed Sites)"}},
{"type":"Feature","geometry":{"type":"Polygon","coordinates":[[[-79.74077,41.60387],[-79.74253,41.60082],[-79.73835,41.60206],[-79.74077,41.60387]]]},"properties":{"type":"REC_FIXED_SITE_US","name":"Oil Creek Flyers - Titusville Airport","identifier":"FAA-REC_FIXED_SITE_US:Oil Creek Flyers - Titusville Airport","lowerLimit":"GND","upperLimit":"700 ft AGL","authority":"FAA (Recreational Flyer Fixed Sites)"}},
{"type":"Feature","geometry":{"type":"Polygon","coordinates":[[[-80.3275,41.88736],[-80.32992,41.88566],[-80.32596,41.88415],[-80.3275,41.88736]]]},"properties":{"type":"REC_FIXED_SITE_US","name":"Bean Hill Flyers - Rte 6N","identifier":"FAA-REC_FIXED_SITE_US:Bean Hill Flyers - Rte 6N","lowerLimit":"GND","upperLimit":"1200 ft AGL","authority":"FAA (Recreational Flyer Fixed Sites)"}},
{"type":"Feature","geometry":{"type":"Polygon","coordinates":[[[-80.1637,41.97716],[-80.16547,41.97411],[-80.16193,41.97411],[-80.1637,41.97716]]]},"properties":{"type":"REC_FIXED_SITE_US","name":"RC Club of Erie Inc - Fry Rd","identifier":"FAA-REC_FIXED_SITE_US:RC Club of Erie Inc - Fry Rd","lowerLimit":"GND","upperLimit":"700 ft AGL","authority":"FAA (Recreational Flyer Fixed Sites)"}},
{"type":"Feature","geometry":{"type":"Polygon","coordinates":[[[-79.8539,42.04563],[-79.85405,42.04201],[-79.85147,42.04382],[-79.8539,42.04563]]]},"properties":{"type":"REC_FIXED_SITE_US","name":"Oil Creek Flyers-Erie County Airport","identifier":"FAA-REC_FIXED_SITE_US:Oil Creek Flyers-Erie County Airport","lowerLimit":"GND","upperLimit":"1200 ft AGL","authority":"FAA (Recreational Flyer Fixed Sites)"}},
{"type":"Feature","geometry":{"type":"Polygon","coordinates":[[[-78.06183,40.57092],[-78.06509,40.57092],[-78.06331,40.56779],[-78.06183,40.57092]]]},"properties":{"type":"REC_FIXED_SITE_US","name":"Steel City Soarers - Hartwood Acres","identifier":"FAA-REC_FIXED_SITE_US:Steel City Soarers - Hartwood Acres","lowerLimit":"GND","upperLimit":"1200 ft AGL","authority":"FAA (Recreational Flyer Fixed Sites)"}},
{"type":"Feature","geometry":{"type":"Polygon","coordinates":[[[-78.38859,41.93869],[-78.3889,41.93508],[-78.38617,41.93677],[-78.38859,41.93869]]]},"properties":{"type":"REC_FIXED_SITE_US","name":"Seneca Highlands Aero Radio Kontrol Society - W Eldred Rd","identifier":"FAA-REC_FIXED_SITE_US:Seneca Highlands Aero Radio Kontrol Society - W Eldred Rd","lowerLimit":"GND","upperLimit":"1200 ft AGL","authority":"FAA (Recreational Flyer Fixed Sites)"}},
{"type":"Feature","geometry":{"type":"Polygon","coordinates":[[[-78.7775,41.68641],[-78.77992,41.6846],[-78.77735,41.68279],[-78.7775,41.68641]]]},"properties":{"type":"REC_FIXED_SITE_US","name":"Kane Area Radio Control Flyers - Greendale Rd","identifier":"FAA-REC_FIXED_SITE_US:Kane Area Radio Control Flyers - Greendale Rd","lowerLimit":"GND","upperLimit":"700 ft AGL","authority":"FAA (Recreational Flyer Fixed Sites)"}},
{"type":"Feature","geometry":{"type":"Polygon","coordinates":[[[-77.76313,40.91869],[-77.76552,40.91676],[-77.76129,40.91572],[-77.76313,40.91869]]]},"properties":{"type":"REC_FIXED_SITE_US","name":"State College Radio Control Club - Bellefonte Area Middle School","identifier":"FAA-REC_FIXED_SITE_US:State College Radio Control Club - Bellefonte Area Middle School","lowerLimit":"GND","upperLimit":"700 ft AGL","authority":"FAA (Recreational Flyer Fixed Sites)"}},
{"type":"Feature","geometry":{"type":"Polygon","coordinates":[[[-77.24045,41.8032],[-77.24376,41.80336],[-77.24398,41.80072],[-77.24045,41.8032]]]},"properties":{"type":"REC_FIXED_SITE_US","name":"Cloud Walkers - Wats LN","identifier":"FAA-REC_FIXED_SITE_US:Cloud Walkers - Wats LN","lowerLimit":"GND","upperLimit":"700 ft AGL","authority":"FAA (Recreational Flyer Fixed Sites)"}},
{"type":"Feature","geometry":{"type":"Polygon","coordinates":[[[-77.26834,41.76687],[-77.27166,41.76687],[-77.27015,41.76374],[-77.26834,41.76687]]]},"properties":{"type":"REC_FIXED_SITE_US","name":"Mountain Modelaires RC Club - Hilbolt Rd","identifier":"FAA-REC_FIXED_SITE_US:Mountain Modelaires RC Club - Hilbolt Rd","lowerLimit":"GND","upperLimit":"700 ft AGL","authority":"FAA (Recreational Flyer Fixed Sites)"}},
{"type":"Feature","geometry":{"type":"Polygon","coordinates":[[[-77.38914,41.72929],[-77.39246,41.72665],[-77.38914,41.72665],[-77.38914,41.72929]]]},"properties":{"type":"REC_FIXED_SITE_US","name":"Mountain Modelaires RC Club - Grand Canyon Regional Airport","identifier":"FAA-REC_FIXED_SITE_US:Mountain Modelaires RC Club - Grand Canyon Regional Airport","lowerLimit":"GND","upperLimit":"700 ft AGL","authority":"FAA (Recreational Flyer Fixed Sites)"}},
{"type":"Feature","geometry":{"type":"Polygon","coordinates":[[[-77.33626,40.21685],[-77.3395,40.21685],[-77.33637,40.21413],[-77.33626,40.21685]]]},"properties":{"type":"REC_FIXED_SITE_US","name":"Carlisle Aeromodelers Inc. - Bear Field","identifier":"FAA-REC_FIXED_SITE_US:Carlisle Aeromodelers Inc. - Bear Field","lowerLimit":"GND","upperLimit":"700 ft AGL","authority":"FAA (Recreational Flyer Fixed Sites)"}},
{"type":"Feature","geometry":{"type":"Polygon","coordinates":[[[-76.80959,40.64808],[-76.81132,40.64503],[-76.80721,40.64615],[-76.80959,40.64808]]]},"properties":{"type":"REC_FIXED_SITE_US","name":"Aerobats - Flying Eagle Rd","identifier":"FAA-REC_FIXED_SITE_US:Aerobats - Flying Eagle Rd","lowerLimit":"GND","upperLimit":"1200 ft AGL","authority":"FAA (Recreational Flyer Fixed Sites)"}},
{"type":"Feature","geometry":{"type":"Polygon","coordinates":[[[-76.62924,40.13442],[-76.6316,40.13272],[-76.62762,40.13129],[-76.62924,40.13442]]]},"properties":{"type":"REC_FIXED_SITE_US","name":"Masonic Village Model Flying Club - Free Mason Dr","identifier":"FAA-REC_FIXED_SITE_US:Masonic Village Model Flying Club - Free Mason Dr","lowerLimit":"GND","upperLimit":"700 ft AGL","authority":"FAA (Recreational Flyer Fixed Sites)"}},
{"type":"Feature","geometry":{"type":"Polygon","coordinates":[[[-77.5523,40.64837],[-77.55556,40.64573],[-77.5523,40.64573],[-77.5523,40.64837]]]},"properties":{"type":"REC_FIXED_SITE_US","name":"Piece-of-Cake Model Aircraft Club - Old Park Rd","identifier":"FAA-REC_FIXED_SITE_US:Piece-of-Cake Model Aircraft Club - Old Park Rd","lowerLimit":"GND","upperLimit":"700 ft AGL","authority":"FAA (Recreational Flyer Fixed Sites)"}},
{"type":"Feature","geometry":{"type":"Polygon","coordinates":[[[-76.51219,40.35456],[-76.51392,40.35151],[-76.51057,40.35143],[-76.51219,40.35456]]]},"properties":{"type":"REC_FIXED_SITE_US","name":"Lebanon County Radio Control - Hill Church Rd.","identifier":"FAA-REC_FIXED_SITE_US:Lebanon County Radio Control - Hill Church Rd.","lowerLimit":"GND","upperLimit":"700 ft AGL","authority":"FAA (Recreational Flyer Fixed Sites)"}},
{"type":"Feature","geometry":{"type":"Polygon","coordinates":[[[-77.40673,40.60094],[-77.40847,40.59789],[-77.40511,40.59781],[-77.40673,40.60094]]]},"properties":{"type":"REC_FIXED_SITE_US","name":"Tri County Sky Barons - Mifflintown Airport","identifier":"FAA-REC_FIXED_SITE_US:Tri County Sky Barons - Mifflintown Airport","lowerLimit":"GND","upperLimit":"700 ft AGL","authority":"FAA (Recreational Flyer Fixed Sites)"}},
{"type":"Feature","geometry":{"type":"Polygon","coordinates":[[[-76.942,40.3987],[-76.94383,40.39573],[-76.94049,40.39549],[-76.942,40.3987]]]},"properties":{"type":"REC_FIXED_SITE_US","name":"Harrisburg Area Flying Society - Detweiler Park","identifier":"FAA-REC_FIXED_SITE_US:Harrisburg Area Flying Society - Detweiler Park","lowerLimit":"GND","upperLimit":"700 ft AGL","authority":"FAA (Recreational Flyer Fixed Sites)"}},
{"type":"Feature","geometry":{"type":"Polygon","coordinates":[[[-76.86448,40.29362],[-76.86847,40.2923],[-76.86595,40.29049],[-76.86448,40.29362]]]},"properties":{"type":"REC_FIXED_SITE_US","name":"Harrisburg Area Flying Society - Elmerton Field","identifier":"FAA-REC_FIXED_SITE_US:Harrisburg Area Flying Society - Elmerton Field","lowerLimit":"GND","upperLimit":"700 ft AGL","authority":"FAA (Recreational Flyer Fixed Sites)"}},
{"type":"Feature","geometry":{"type":"Polygon","coordinates":[[[-77.68571,39.89945],[-77.68732,39.89631],[-77.68335,39.89763],[-77.68571,39.89945]]]},"properties":{"type":"REC_FIXED_SITE_US","name":"C-Burg Model Airs - Franklin Learning Center","identifier":"FAA-REC_FIXED_SITE_US:C-Burg Model Airs - Franklin Learning Center","lowerLimit":"GND","upperLimit":"700 ft AGL","authority":"FAA (Recreational Flyer Fixed Sites)"}},
{"type":"Feature","geometry":{"type":"Polygon","coordinates":[[[-77.87538,40.32075],[-77.87775,40.31905],[-77.87538,40.31712],[-77.87538,40.32075]]]},"properties":{"type":"REC_FIXED_SITE_US","name":"Mount Union Radio Control Aircraft Club - Mount Union Flying Field","identifier":"FAA-REC_FIXED_SITE_US:Mount Union Radio Control Aircraft Club - Mount Union Flying Field","lowerLimit":"GND","upperLimit":"1200 ft AGL","authority":"FAA (Recreational Flyer Fixed Sites)"}},
{"type":"Feature","geometry":{"type":"Polygon","coordinates":[[[-77.21046,39.92483],[-77.21346,39.92203],[-77.21024,39.92219],[-77.21046,39.92483]]]},"properties":{"type":"REC_FIXED_SITE_US","name":"Blue & Gray Miniature Aircraft -  Rentzel Rd","identifier":"FAA-REC_FIXED_SITE_US:Blue & Gray Miniature Aircraft -  Rentzel Rd","lowerLimit":"GND","upperLimit":"700 ft AGL","authority":"FAA (Recreational Flyer Fixed Sites)"}},
{"type":"Feature","geometry":{"type":"Polygon","coordinates":[[[-76.67579,39.87954],[-76.67921,39.87706],[-76.676,39.8769],[-76.67579,39.87954]]]},"properties":{"type":"REC_FIXED_SITE_US","name":"Prop Busters RC Club - Dick Snyder Field","identifier":"FAA-REC_FIXED_SITE_US:Prop Busters RC Club - Dick Snyder Field","lowerLimit":"GND","upperLimit":"700 ft AGL","authority":"FAA (Recreational Flyer Fixed Sites)"}},
{"type":"Feature","geometry":{"type":"Polygon","coordinates":[[[-77.2061,39.83522],[-77.20952,39.83274],[-77.20631,39.83258],[-77.2061,39.83522]]]},"properties":{"type":"REC_FIXED_SITE_US","name":"Flying Fools Aero Club- The Daniel Lady Farm","identifier":"FAA-REC_FIXED_SITE_US:Flying Fools Aero Club- The Daniel Lady Farm","lowerLimit":"GND","upperLimit":"700 ft AGL","authority":"FAA (Recreational Flyer Fixed Sites)"}},
{"type":"Feature","geometry":{"type":"Polygon","coordinates":[[[-77.16533,39.84192],[-77.16866,39.83936],[-77.16533,39.83928],[-77.16533,39.84192]]]},"properties":{"type":"REC_FIXED_SITE_US","name":"Blue & Gray Miniature Aircraft - East Calvary Field","identifier":"FAA-REC_FIXED_SITE_US:Blue & Gray Miniature Aircraft - East Calvary Field","lowerLimit":"GND","upperLimit":"700 ft AGL","authority":"FAA (Recreational Flyer Fixed Sites)"}},
{"type":"Feature","geometry":{"type":"Polygon","coordinates":[[[-76.51528,40.04455],[-76.51528,40.04092],[-76.51292,40.04262],[-76.51528,40.04455]]]},"properties":{"type":"REC_FIXED_SITE_US","name":"Lancaster Area Soaring Society, Inc. - Breezy View Park","identifier":"FAA-REC_FIXED_SITE_US:Lancaster Area Soaring Society, Inc. - Breezy View Park","lowerLimit":"GND","upperLimit":"700 ft AGL","authority":"FAA (Recreational Flyer Fixed Sites)"}},
{"type":"Feature","geometry":{"type":"Polygon","coordinates":[[[-76.15808,40.28992],[-76.16207,40.2886],[-76.15985,40.28679],[-76.15808,40.28992]]]},"properties":{"type":"REC_FIXED_SITE_US","name":"Cocalico Prop Busters - Vernon J Leininger Memorial Field","identifier":"FAA-REC_FIXED_SITE_US:Cocalico Prop Busters - Vernon J Leininger Memorial Field","lowerLimit":"GND","upperLimit":"700 ft AGL","authority":"FAA (Recreational Flyer Fixed Sites)"}},
{"type":"Feature","geometry":{"type":"Polygon","coordinates":[[[-76.48815,40.09195],[-76.49051,40.09014],[-76.488,40.08833],[-76.48815,40.09195]]]},"properties":{"type":"REC_FIXED_SITE_US","name":"Mount Joy RC Club - Longnecker Rd.","identifier":"FAA-REC_FIXED_SITE_US:Mount Joy RC Club - Longnecker Rd.","lowerLimit":"GND","upperLimit":"700 ft AGL","authority":"FAA (Recreational Flyer Fixed Sites)"}},
{"type":"Feature","geometry":{"type":"Polygon","coordinates":[[[-76.2205,39.86933],[-76.22403,39.86693],[-76.22072,39.86669],[-76.2205,39.86933]]]},"properties":{"type":"REC_FIXED_SITE_US","name":"Buck Radio Control Club - Field","identifier":"FAA-REC_FIXED_SITE_US:Buck Radio Control Club - Field","lowerLimit":"GND","upperLimit":"1200 ft AGL","authority":"FAA (Recreational Flyer Fixed Sites)"}},
{"type":"Feature","geometry":{"type":"Polygon","coordinates":[[[-77.16255,41.20593],[-77.16583,41.20328],[-77.16255,41.20328],[-77.16255,41.20593]]]},"properties":{"type":"REC_FIXED_SITE_US","name":"Wings of Williamsport - Carpenter LN","identifier":"FAA-REC_FIXED_SITE_US:Wings of Williamsport - Carpenter LN","lowerLimit":"GND","upperLimit":"700 ft AGL","authority":"FAA (Recreational Flyer Fixed Sites)"}},
{"type":"Feature","geometry":{"type":"Polygon","coordinates":[[[-77.42084,41.13955],[-77.42324,41.13785],[-77.42084,41.13592],[-77.42084,41.13955]]]},"properties":{"type":"REC_FIXED_SITE_US","name":"Wings of Williamsport - William T Piper Memorial Airport","identifier":"FAA-REC_FIXED_SITE_US:Wings of Williamsport - William T Piper Memorial Airport","lowerLimit":"GND","upperLimit":"700 ft AGL","authority":"FAA (Recreational Flyer Fixed Sites)"}},
{"type":"Feature","geometry":{"type":"Polygon","coordinates":[[[-77.43401,41.06741],[-77.43575,41.06436],[-77.43226,41.06436],[-77.43401,41.06741]]]},"properties":{"type":"REC_FIXED_SITE_US","name":"Buzzard Field Model Airplane Club -  Ridge Rd","identifier":"FAA-REC_FIXED_SITE_US:Buzzard Field Model Airplane Club -  Ridge Rd","lowerLimit":"GND","upperLimit":"700 ft AGL","authority":"FAA (Recreational Flyer Fixed Sites)"}},
{"type":"Feature","geometry":{"type":"Polygon","coordinates":[[[-76.67825,41.15156],[-76.68,41.14851],[-76.67586,41.14963],[-76.67825,41.15156]]]},"properties":{"type":"REC_FIXED_SITE_US","name":"Sky High Soaring Society - High Acre Farm","identifier":"FAA-REC_FIXED_SITE_US:Sky High Soaring Society - High Acre Farm","lowerLimit":"GND","upperLimit":"700 ft AGL","authority":"FAA (Recreational Flyer Fixed Sites)"}},
{"type":"Feature","geometry":{"type":"Polygon","coordinates":[[[-76.74386,41.08994],[-76.74736,41.08746],[-76.74408,41.0873],[-76.74386,41.08994]]]},"properties":{"type":"REC_FIXED_SITE_US","name":"Susquehanna Valley R/C Inc - Owens Lane","identifier":"FAA-REC_FIXED_SITE_US:Susquehanna Valley R/C Inc - Owens Lane","lowerLimit":"GND","upperLimit":"700 ft AGL","authority":"FAA (Recreational Flyer Fixed Sites)"}},
{"type":"Feature","geometry":{"type":"Polygon","coordinates":[[[-76.6963,41.08651],[-76.6998,41.08403],[-76.69652,41.08387],[-76.6963,41.08651]]]},"properties":{"type":"REC_FIXED_SITE_US","name":"Susquehanna Valley R/C Inc - Continental Blvd","identifier":"FAA-REC_FIXED_SITE_US:Susquehanna Valley R/C Inc - Continental Blvd","lowerLimit":"GND","upperLimit":"700 ft AGL","authority":"FAA (Recreational Flyer Fixed Sites)"}},
{"type":"Feature","geometry":{"type":"Polygon","coordinates":[[[-76.64156,40.95329],[-76.64484,40.95329],[-76.64335,40.95016],[-76.64156,40.95329]]]},"properties":{"type":"REC_FIXED_SITE_US","name":"Susquehanna Valley Modelers - Danville Airport","identifier":"FAA-REC_FIXED_SITE_US:Susquehanna Valley Modelers - Danville Airport","lowerLimit":"GND","upperLimit":"700 ft AGL","authority":"FAA (Recreational Flyer Fixed Sites)"}},
{"type":"Feature","geometry":{"type":"Polygon","coordinates":[[[-75.71634,40.78212],[-75.71808,40.77907],[-75.71396,40.7802],[-75.71634,40.78212]]]},"properties":{"type":"REC_FIXED_SITE_US","name":"Ashfield RC Club - Solt Field","identifier":"FAA-REC_FIXED_SITE_US:Ashfield RC Club - Solt Field","lowerLimit":"GND","upperLimit":"700 ft AGL","authority":"FAA (Recreational Flyer Fixed Sites)"}},
{"type":"Feature","geometry":{"type":"Polygon","coordinates":[[[-75.5576,40.88281],[-75.55775,40.87919],[-75.55521,40.881],[-75.5576,40.88281]]]},"properties":{"type":"REC_FIXED_SITE_US","name":"Beltzville Flying Machine Society - Beltzville State Park","identifier":"FAA-REC_FIXED_SITE_US:Beltzville Flying Machine Society - Beltzville State Park","lowerLimit":"GND","upperLimit":"700 ft AGL","authority":"FAA (Recreational Flyer Fixed Sites)"}},
{"type":"Feature","geometry":{"type":"Polygon","coordinates":[[[-75.57621,40.48418],[-75.57859,40.48237],[-75.57448,40.48113],[-75.57621,40.48418]]]},"properties":{"type":"REC_FIXED_SITE_US","name":"Safety Third Racing - Smitty Track","identifier":"FAA-REC_FIXED_SITE_US:Safety Third Racing - Smitty Track","lowerLimit":"GND","upperLimit":"700 ft AGL","authority":"FAA (Recreational Flyer Fixed Sites)"}},
{"type":"Feature","geometry":{"type":"Polygon","coordinates":[[[-75.32986,40.74429],[-75.33334,40.74181],[-75.33008,40.74165],[-75.32986,40.74429]]]},"properties":{"type":"REC_FIXED_SITE_US","name":"Valley Sailplane & Electric Modelaires - Gracedale Open Space Lands","identifier":"FAA-REC_FIXED_SITE_US:Valley Sailplane & Electric Modelaires - Gracedale Open Space Lands","lowerLimit":"GND","upperLimit":"700 ft AGL","authority":"FAA (Recreational Flyer Fixed Sites)"}},
{"type":"Feature","geometry":{"type":"Polygon","coordinates":[[[-76.03572,40.80817],[-76.03587,40.80455],[-76.03334,40.80625],[-76.03572,40.80817]]]},"properties":{"type":"REC_FIXED_SITE_US","name":"Tuscarora RC Club - Tuscarora State Park","identifier":"FAA-REC_FIXED_SITE_US:Tuscarora RC Club - Tuscarora State Park","lowerLimit":"GND","upperLimit":"1200 ft AGL","authority":"FAA (Recreational Flyer Fixed Sites)"}},
{"type":"Feature","geometry":{"type":"Polygon","coordinates":[[[-76.13383,41.01491],[-76.13623,41.0131],[-76.13199,41.01194],[-76.13383,41.01491]]]},"properties":{"type":"REC_FIXED_SITE_US","name":"Northeast Valley RC Club - Cabin LN","identifier":"FAA-REC_FIXED_SITE_US:Northeast Valley RC Club - Cabin LN","lowerLimit":"GND","upperLimit":"1200 ft AGL","authority":"FAA (Recreational Flyer Fixed Sites)"}},
{"type":"Feature","geometry":{"type":"Polygon","coordinates":[[[-75.40253,40.94326],[-75.40581,40.94326],[-75.40432,40.94013],[-75.40253,40.94326]]]},"properties":{"type":"REC_FIXED_SITE_US","name":"West End Wings - Mayfield Dr","identifier":"FAA-REC_FIXED_SITE_US:West End Wings - Mayfield Dr","lowerLimit":"GND","upperLimit":"1200 ft AGL","authority":"FAA (Recreational Flyer Fixed Sites)"}},
{"type":"Feature","geometry":{"type":"Polygon","coordinates":[[[-74.8211,41.30239],[-74.82295,41.29942],[-74.8187,41.30046],[-74.8211,41.30239]]]},"properties":{"type":"REC_FIXED_SITE_US","name":"Flying Hawks R/C Club - The Delaware Water Gap Nat. Recreation Area","identifier":"FAA-REC_FIXED_SITE_US:Flying Hawks R/C Club - The Delaware Water Gap Nat. Recreation Area","lowerLimit":"GND","upperLimit":"1200 ft AGL","authority":"FAA (Recreational Flyer Fixed Sites)"}},
{"type":"Feature","geometry":{"type":"Polygon","coordinates":[[[-75.73186,41.48692],[-75.73362,41.48387],[-75.72945,41.48511],[-75.73186,41.48692]]]},"properties":{"type":"REC_FIXED_SITE_US","name":"NEPA Quad Racers - Hillside Park","identifier":"FAA-REC_FIXED_SITE_US:NEPA Quad Racers - Hillside Park","lowerLimit":"GND","upperLimit":"700 ft AGL","authority":"FAA (Recreational Flyer Fixed Sites)"}},
{"type":"Feature","geometry":{"type":"Polygon","coordinates":[[[-75.80875,41.39352],[-75.81061,41.39055],[-75.80635,41.39159],[-75.80875,41.39352]]]},"properties":{"type":"REC_FIXED_SITE_US","name":"Black Sheep Squadron Inc - Lower Narrows Rd","identifier":"FAA-REC_FIXED_SITE_US:Black Sheep Squadron Inc - Lower Narrows Rd","lowerLimit":"GND","upperLimit":"700 ft AGL","authority":"FAA (Recreational Flyer Fixed Sites)"}},
{"type":"Feature","geometry":{"type":"Polygon","coordinates":[[[-75.70541,41.58046],[-75.70706,41.57732],[-75.70299,41.57864],[-75.70541,41.58046]]]},"properties":{"type":"REC_FIXED_SITE_US","name":"Abington R/C Sport Flyers - Lackawanna State Park","identifier":"FAA-REC_FIXED_SITE_US:Abington R/C Sport Flyers - Lackawanna State Park","lowerLimit":"GND","upperLimit":"700 ft AGL","authority":"FAA (Recreational Flyer Fixed Sites)"}},
{"type":"Feature","geometry":{"type":"Polygon","coordinates":[[[-75.18146,41.57834],[-75.18454,41.57554],[-75.18124,41.5757],[-75.18146,41.57834]]]},"properties":{"type":"REC_FIXED_SITE_US","name":"Beach Lake RC Aeromodelers Inc - Altoona Farms LN","identifier":"FAA-REC_FIXED_SITE_US:Beach Lake RC Aeromodelers Inc - Altoona Farms LN","lowerLimit":"GND","upperLimit":"700 ft AGL","authority":"FAA (Recreational Flyer Fixed Sites)"}},
{"type":"Feature","geometry":{"type":"Polygon","coordinates":[[[-75.58634,41.59044],[-75.58986,41.58796],[-75.58656,41.5878],[-75.58634,41.59044]]]},"properties":{"type":"REC_FIXED_SITE_US","name":"Lackawanna Aero Modelers White Rd. Flying Site","identifier":"FAA-REC_FIXED_SITE_US:Lackawanna Aero Modelers White Rd. Flying Site","lowerLimit":"GND","upperLimit":"700 ft AGL","authority":"FAA (Recreational Flyer Fixed Sites)"}},
{"type":"Feature","geometry":{"type":"Polygon","coordinates":[[[-75.3449,41.63318],[-75.34842,41.6307],[-75.34512,41.63054],[-75.3449,41.63318]]]},"properties":{"type":"REC_FIXED_SITE_US","name":"Flying Eagles RC - Creek Dr","identifier":"FAA-REC_FIXED_SITE_US:Flying Eagles RC - Creek Dr","lowerLimit":"GND","upperLimit":"700 ft AGL","authority":"FAA (Recreational Flyer Fixed Sites)"}},
{"type":"Feature","geometry":{"type":"Polygon","coordinates":[[[-75.39328,41.52365],[-75.3968,41.52117],[-75.3935,41.52101],[-75.39328,41.52365]]]},"properties":{"type":"REC_FIXED_SITE_US","name":"Waymart Wings Flying Club - Kellachow Airport","identifier":"FAA-REC_FIXED_SITE_US:Waymart Wings Flying Club - Kellachow Airport","lowerLimit":"GND","upperLimit":"1200 ft AGL","authority":"FAA (Recreational Flyer Fixed Sites)"}},
{"type":"Feature","geometry":{"type":"Polygon","coordinates":[[[-76.28011,41.06296],[-76.28195,41.05999],[-76.27771,41.06115],[-76.28011,41.06296]]]},"properties":{"type":"REC_FIXED_SITE_US","name":"Briar Creek R/C Flyers - Briar Creek Lake Park","identifier":"FAA-REC_FIXED_SITE_US:Briar Creek R/C Flyers - Briar Creek Lake Park","lowerLimit":"GND","upperLimit":"700 ft AGL","authority":"FAA (Recreational Flyer Fixed Sites)"}},
{"type":"Feature","geometry":{"type":"Polygon","coordinates":[[[-76.05513,41.24868],[-76.05753,41.24676],[-76.05328,41.24571],[-76.05513,41.24868]]]},"properties":{"type":"REC_FIXED_SITE_US","name":"WVRCF Moon Lake State Forest Recreation Area","identifier":"FAA-REC_FIXED_SITE_US:WVRCF Moon Lake State Forest Recreation Area","lowerLimit":"GND","upperLimit":"700 ft AGL","authority":"FAA (Recreational Flyer Fixed Sites)"}},
{"type":"Feature","geometry":{"type":"Polygon","coordinates":[[[-75.84659,41.31194],[-75.84834,41.30888],[-75.84494,41.3088],[-75.84659,41.31194]]]},"properties":{"type":"REC_FIXED_SITE_US","name":"Swetland R/C Flyers - Swetland Ln","identifier":"FAA-REC_FIXED_SITE_US:Swetland R/C Flyers - Swetland Ln","lowerLimit":"GND","upperLimit":"700 ft AGL","authority":"FAA (Recreational Flyer Fixed Sites)"}},
{"type":"Feature","geometry":{"type":"Polygon","coordinates":[[[-76.54107,41.96079],[-76.54284,41.95773],[-76.5393,41.95773],[-76.54107,41.96079]]]},"properties":{"type":"REC_FIXED_SITE_US","name":"Vally RC Model Club Inc - Round Top Park Airfield","identifier":"FAA-REC_FIXED_SITE_US:Vally RC Model Club Inc - Round Top Park Airfield","lowerLimit":"GND","upperLimit":"700 ft AGL","authority":"FAA (Recreational Flyer Fixed Sites)"}},
{"type":"Feature","geometry":{"type":"Polygon","coordinates":[[[-76.52805,41.97097],[-76.5282,41.96735],[-76.52562,41.96916],[-76.52805,41.97097]]]},"properties":{"type":"REC_FIXED_SITE_US","name":"Valley RC Model Club Inc - Athens Area High School","identifier":"FAA-REC_FIXED_SITE_US:Valley RC Model Club Inc - Athens Area High School","lowerLimit":"GND","upperLimit":"700 ft AGL","authority":"FAA (Recreational Flyer Fixed Sites)"}},
{"type":"Feature","geometry":{"type":"Polygon","coordinates":[[[-75.13781,40.30715],[-75.13954,40.3041],[-75.13545,40.30523],[-75.13781,40.30715]]]},"properties":{"type":"REC_FIXED_SITE_US","name":"Bucks County Radio Control Club - Central Bucks West High School","identifier":"FAA-REC_FIXED_SITE_US:Bucks County Radio Control Club - Central Bucks West High School","lowerLimit":"GND","upperLimit":"700 ft AGL","authority":"FAA (Recreational Flyer Fixed Sites)"}},
{"type":"Feature","geometry":{"type":"Polygon","coordinates":[[[-75.15212,40.35336],[-75.15385,40.3503],[-75.15039,40.3503],[-75.15212,40.35336]]]},"properties":{"type":"REC_FIXED_SITE_US","name":"Bucks County Radio Control Club - Gayman Rd","identifier":"FAA-REC_FIXED_SITE_US:Bucks County Radio Control Club - Gayman Rd","lowerLimit":"GND","upperLimit":"700 ft AGL","authority":"FAA (Recreational Flyer Fixed Sites)"}},
{"type":"Feature","geometry":{"type":"Polygon","coordinates":[[[-75.2281,40.37462],[-75.22983,40.37157],[-75.22573,40.37281],[-75.2281,40.37462]]]},"properties":{"type":"REC_FIXED_SITE_US","name":"Delaware Valley RC Club Incorporated - Quarry Rd","identifier":"FAA-REC_FIXED_SITE_US:Delaware Valley RC Club Incorporated - Quarry Rd","lowerLimit":"GND","upperLimit":"700 ft AGL","authority":"FAA (Recreational Flyer Fixed Sites)"}},
{"type":"Feature","geometry":{"type":"Polygon","coordinates":[[[-75.13337,40.41554],[-75.13683,40.41306],[-75.13359,40.4129],[-75.13337,40.41554]]]},"properties":{"type":"REC_FIXED_SITE_US","name":"Sky Pirates RC Club - Keim Farm","identifier":"FAA-REC_FIXED_SITE_US:Sky Pirates RC Club - Keim Farm","lowerLimit":"GND","upperLimit":"700 ft AGL","authority":"FAA (Recreational Flyer Fixed Sites)"}},
{"type":"Feature","geometry":{"type":"Polygon","coordinates":[[[-75.41064,40.41429],[-75.4141,40.41181],[-75.41086,40.41165],[-75.41064,40.41429]]]},"properties":{"type":"REC_FIXED_SITE_US","name":"Buc-Le Aero Sportsmen - Kumry Rd","identifier":"FAA-REC_FIXED_SITE_US:Buc-Le Aero Sportsmen - Kumry Rd","lowerLimit":"GND","upperLimit":"700 ft AGL","authority":"FAA (Recreational Flyer Fixed Sites)"}},
{"type":"Feature","geometry":{"type":"Polygon","coordinates":[[[-75.33789,40.30528],[-75.33962,40.30223],[-75.33552,40.30347],[-75.33789,40.30528]]]},"properties":{"type":"REC_FIXED_SITE_US","name":"Keystone R/C Club - Smith Property","identifier":"FAA-REC_FIXED_SITE_US:Keystone R/C Club - Smith Property","lowerLimit":"GND","upperLimit":"700 ft AGL","authority":"FAA (Recreational Flyer Fixed Sites)"}},
{"type":"Feature","geometry":{"type":"Polygon","coordinates":[[[-75.34778,40.28768],[-75.35177,40.28636],[-75.35132,40.28563],[-75.35091,40.28496],[-75.34925,40.28455],[-75.34806,40.28498],[-75.34768,40.28512],[-75.34703,40.28636],[-75.34778,40.28768]]]},"properties":{"type":"REC_FIXED_SITE_US","name":"Keystone R/C Club - Finore Property","identifier":"FAA-REC_FIXED_SITE_US:Keystone R/C Club - Finore Property","lowerLimit":"GND","upperLimit":"700 ft AGL","authority":"FAA (Recreational Flyer Fixed Sites)"}},
{"type":"Feature","geometry":{"type":"Polygon","coordinates":[[[-75.0728,40.19768],[-75.07516,40.19599],[-75.07295,40.19406],[-75.0728,40.19768]]]},"properties":{"type":"REC_FIXED_SITE_US","name":"Anns Choice Radio Control Club - Ann's Choice Retirement","identifier":"FAA-REC_FIXED_SITE_US:Anns Choice Radio Control Club - Ann's Choice Retirement","lowerLimit":"GND","upperLimit":"700 ft AGL","authority":"FAA (Recreational Flyer Fixed Sites)"}},
{"type":"Feature","geometry":{"type":"Polygon","coordinates":[[[-74.90709,40.21001],[-74.91011,40.20721],[-74.90688,40.20737],[-74.90709,40.21001]]]},"properties":{"type":"REC_FIXED_SITE_US","name":"Pegasus RC Flying Club Inc - Core Creek Park","identifier":"FAA-REC_FIXED_SITE_US:Pegasus RC Flying Club Inc - Core Creek Park","lowerLimit":"GND","upperLimit":"700 ft AGL","authority":"FAA (Recreational Flyer Fixed Sites)"}},
{"type":"Feature","geometry":{"type":"Polygon","coordinates":[[[-75.41908,39.91486],[-75.41908,39.91123],[-75.41673,39.91293],[-75.41908,39.91486]]]},"properties":{"type":"REC_FIXED_SITE_US","name":"Propstoppers MAC - Elwyn Davidson School","identifier":"FAA-REC_FIXED_SITE_US:Propstoppers MAC - Elwyn Davidson School","lowerLimit":"GND","upperLimit":"700 ft AGL","authority":"FAA (Recreational Flyer Fixed Sites)"}},
{"type":"Feature","geometry":{"type":"Polygon","coordinates":[[[-74.79928,40.16414],[-74.80272,40.16166],[-74.79949,40.1615],[-74.79928,40.16414]]]},"properties":{"type":"REC_FIXED_SITE_US","name":"Millcreek RC Club Inc - Mill Creek Rd","identifier":"FAA-REC_FIXED_SITE_US:Millcreek RC Club Inc - Mill Creek Rd","lowerLimit":"GND","upperLimit":"700 ft AGL","authority":"FAA (Recreational Flyer Fixed Sites)"}},
{"type":"Feature","geometry":{"type":"Polygon","coordinates":[[[-75.44865,40.08477],[-75.45047,40.0818],[-75.44715,40.08156],[-75.44865,40.08477]]]},"properties":{"type":"REC_FIXED_SITE_US","name":"Valley Forge Signal Seekers - Valley Forge Road","identifier":"FAA-REC_FIXED_SITE_US:Valley Forge Signal Seekers - Valley Forge Road","lowerLimit":"GND","upperLimit":"700 ft AGL","authority":"FAA (Recreational Flyer Fixed Sites)"}},
{"type":"Feature","geometry":{"type":"Polygon","coordinates":[[[-75.76427,39.95163],[-75.76577,39.94842],[-75.76191,39.94982],[-75.76427,39.95163]]]},"properties":{"type":"REC_FIXED_SITE_US","name":"Chester County Radio Control Club - Strasburg Field","identifier":"FAA-REC_FIXED_SITE_US:Chester County Radio Control Club - Strasburg Field","lowerLimit":"GND","upperLimit":"700 ft AGL","authority":"FAA (Recreational Flyer Fixed Sites)"}},
{"type":"Feature","geometry":{"type":"Polygon","coordinates":[[[-75.83208,39.96512],[-75.83552,39.96264],[-75.8323,39.96248],[-75.83208,39.96512]]]},"properties":{"type":"REC_FIXED_SITE_US","name":"Chester County Radio Control Club - Sisk Field","identifier":"FAA-REC_FIXED_SITE_US:Chester County Radio Control Club - Sisk Field","lowerLimit":"GND","upperLimit":"700 ft AGL","authority":"FAA (Recreational Flyer Fixed Sites)"}},
{"type":"Feature","geometry":{"type":"Polygon","coordinates":[[[-75.74752,40.07139],[-75.75075,40.07123],[-75.75053,40.06859],[-75.74752,40.07139]]]},"properties":{"type":"REC_FIXED_SITE_US","name":"Chester County Radio Control Club - Creek Rd.","identifier":"FAA-REC_FIXED_SITE_US:Chester County Radio Control Club - Creek Rd.","lowerLimit":"GND","upperLimit":"700 ft AGL","authority":"FAA (Recreational Flyer Fixed Sites)"}},
{"type":"Feature","geometry":{"type":"Polygon","coordinates":[[[-76.011,39.83223],[-76.014,39.82943],[-76.01079,39.82959],[-76.011,39.83223]]]},"properties":{"type":"REC_FIXED_SITE_US","name":"Johnson Field","identifier":"FAA-REC_FIXED_SITE_US:Johnson Field","lowerLimit":"GND","upperLimit":"1200 ft AGL","authority":"FAA (Recreational Flyer Fixed Sites)"}},
{"type":"Feature","geometry":{"type":"Polygon","coordinates":[[[-75.30518,40.28092],[-75.30917,40.2796],[-75.30695,40.27779],[-75.30518,40.28092]]]},"properties":{"type":"REC_FIXED_SITE_US","name":"NPMAC - Hatfield Elementary","identifier":"FAA-REC_FIXED_SITE_US:NPMAC - Hatfield Elementary","lowerLimit":"GND","upperLimit":"700 ft AGL","authority":"FAA (Recreational Flyer Fixed Sites)"}},
{"type":"Feature","geometry":{"type":"Polygon","coordinates":[[[-75.29388,40.25594],[-75.29732,40.25346],[-75.29409,40.2533],[-75.29388,40.25594]]]},"properties":{"type":"REC_FIXED_SITE_US","name":"NPMAC - Oak Park Elementary","identifier":"FAA-REC_FIXED_SITE_US:NPMAC - Oak Park Elementary","lowerLimit":"GND","upperLimit":"700 ft AGL","authority":"FAA (Recreational Flyer Fixed Sites)"}},
{"type":"Feature","geometry":{"type":"Polygon","coordinates":[[[-75.30948,40.27412],[-75.31347,40.2728],[-75.31125,40.27099],[-75.30948,40.27412]]]},"properties":{"type":"REC_FIXED_SITE_US","name":"NPMAC - Pennfield Middle School","identifier":"FAA-REC_FIXED_SITE_US:NPMAC - Pennfield Middle School","lowerLimit":"GND","upperLimit":"700 ft AGL","authority":"FAA (Recreational Flyer Fixed Sites)"}},
{"type":"Feature","geometry":{"type":"Polygon","coordinates":[[[-75.27568,40.26862],[-75.27967,40.2673],[-75.27745,40.26549],[-75.27568,40.26862]]]},"properties":{"type":"REC_FIXED_SITE_US","name":"NPMAC - A.M. Kulp Elementary School","identifier":"FAA-REC_FIXED_SITE_US:NPMAC - A.M. Kulp Elementary School","lowerLimit":"GND","upperLimit":"700 ft AGL","authority":"FAA (Recreational Flyer Fixed Sites)"}},
{"type":"Feature","geometry":{"type":"Polygon","coordinates":[[[-75.27846,40.23336],[-75.2819,40.23088],[-75.27867,40.23072],[-75.27846,40.23336]]]},"properties":{"type":"REC_FIXED_SITE_US","name":"NPMAC - Educational Services Center","identifier":"FAA-REC_FIXED_SITE_US:NPMAC - Educational Services Center","lowerLimit":"GND","upperLimit":"700 ft AGL","authority":"FAA (Recreational Flyer Fixed Sites)"}},
{"type":"Feature","geometry":{"type":"Polygon","coordinates":[[[-75.30768,40.22374],[-75.31112,40.22126],[-75.30789,40.2211],[-75.30768,40.22374]]]},"properties":{"type":"REC_FIXED_SITE_US","name":"NPMAC - Gywneed Square Elementary","identifier":"FAA-REC_FIXED_SITE_US:NPMAC - Gywneed Square Elementary","lowerLimit":"GND","upperLimit":"700 ft AGL","authority":"FAA (Recreational Flyer Fixed Sites)"}},
{"type":"Feature","geometry":{"type":"Polygon","coordinates":[[[-75.32238,40.25614],[-75.32582,40.25366],[-75.32259,40.2535],[-75.32238,40.25614]]]},"properties":{"type":"REC_FIXED_SITE_US","name":"NPMAC - Walton Farm Elementary","identifier":"FAA-REC_FIXED_SITE_US:NPMAC - Walton Farm Elementary","lowerLimit":"GND","upperLimit":"700 ft AGL","authority":"FAA (Recreational Flyer Fixed Sites)"}},
{"type":"Feature","geometry":{"type":"Polygon","coordinates":[[[-75.30398,40.25054],[-75.30742,40.24806],[-75.30419,40.2479],[-75.30398,40.25054]]]},"properties":{"type":"REC_FIXED_SITE_US","name":"NPMAC - Inglewood Elementary","identifier":"FAA-REC_FIXED_SITE_US:NPMAC - Inglewood Elementary","lowerLimit":"GND","upperLimit":"700 ft AGL","authority":"FAA (Recreational Flyer Fixed Sites)"}},
{"type":"Feature","geometry":{"type":"Polygon","coordinates":[[[-75.26708,40.22234],[-75.27052,40.21986],[-75.26729,40.2197],[-75.26708,40.22234]]]},"properties":{"type":"REC_FIXED_SITE_US","name":"NPMAC - Pennbrook Middle School","identifier":"FAA-REC_FIXED_SITE_US:NPMAC - Pennbrook Middle School","lowerLimit":"GND","upperLimit":"700 ft AGL","authority":"FAA (Recreational Flyer Fixed Sites)"}},
{"type":"Feature","geometry":{"type":"Polygon","coordinates":[[[-75.26968,40.21144],[-75.27312,40.20896],[-75.26989,40.2088],[-75.26968,40.21144]]]},"properties":{"type":"REC_FIXED_SITE_US","name":"NPMAC - North Wales Elementary","identifier":"FAA-REC_FIXED_SITE_US:NPMAC - North Wales Elementary","lowerLimit":"GND","upperLimit":"700 ft AGL","authority":"FAA (Recreational Flyer Fixed Sites)"}},
{"type":"Feature","geometry":{"type":"Polygon","coordinates":[[[-75.26138,40.22274],[-75.26482,40.22026],[-75.26159,40.2201],[-75.26138,40.22274]]]},"properties":{"type":"REC_FIXED_SITE_US","name":"NPMAC - Gwyn-Nor Elementary School","identifier":"FAA-REC_FIXED_SITE_US:NPMAC - Gwyn-Nor Elementary School","lowerLimit":"GND","upperLimit":"700 ft AGL","authority":"FAA (Recreational Flyer Fixed Sites)"}},
{"type":"Feature","geometry":{"type":"Polygon","coordinates":[[[-75.56306,40.18979],[-75.56488,40.18682],[-75.5607,40.18786],[-75.56306,40.18979]]]},"properties":{"type":"REC_FIXED_SITE_US","name":"Spring Hollow RC Flyers - Independence Dr","identifier":"FAA-REC_FIXED_SITE_US:Spring Hollow RC Flyers - Independence Dr","lowerLimit":"GND","upperLimit":"700 ft AGL","authority":"FAA (Recreational Flyer Fixed Sites)"}},
{"type":"Feature","geometry":{"type":"Polygon","coordinates":[[[-75.60509,40.38891],[-75.60746,40.3871],[-75.60336,40.38586],[-75.60509,40.38891]]]},"properties":{"type":"REC_FIXED_SITE_US","name":"Exeter RC Eagles - Barto Rd","identifier":"FAA-REC_FIXED_SITE_US:Exeter RC Eagles - Barto Rd","lowerLimit":"GND","upperLimit":"700 ft AGL","authority":"FAA (Recreational Flyer Fixed Sites)"}},
{"type":"Feature","geometry":{"type":"Polygon","coordinates":[[[-75.62437,40.43327],[-75.62783,40.43079],[-75.62459,40.43063],[-75.62437,40.43327]]]},"properties":{"type":"REC_FIXED_SITE_US","name":"Safety Third Racing - Area 52","identifier":"FAA-REC_FIXED_SITE_US:Safety Third Racing - Area 52","lowerLimit":"GND","upperLimit":"700 ft AGL","authority":"FAA (Recreational Flyer Fixed Sites)"}},
{"type":"Feature","geometry":{"type":"Polygon","coordinates":[[[-76.26458,40.48791],[-76.26696,40.4861],[-76.26296,40.48478],[-76.26458,40.48791]]]},"properties":{"type":"REC_FIXED_SITE_US","name":"Tri County Sky Barons - Golden Age Air Museum","identifier":"FAA-REC_FIXED_SITE_US:Tri County Sky Barons - Golden Age Air Museum","lowerLimit":"GND","upperLimit":"1200 ft AGL","authority":"FAA (Recreational Flyer Fixed Sites)"}},
{"type":"Feature","geometry":{"type":"Polygon","coordinates":[[[-75.79675,40.2961],[-75.79911,40.29417],[-75.79492,40.29313],[-75.79675,40.2961]]]},"properties":{"type":"REC_FIXED_SITE_US","name":"North Jersey Soaring Society - Daniel Boone Rd","identifier":"FAA-REC_FIXED_SITE_US:North Jersey Soaring Society - Daniel Boone Rd","lowerLimit":"GND","upperLimit":"700 ft AGL","authority":"FAA (Recreational Flyer Fixed Sites)"}},
{"type":"Feature","geometry":{"type":"Polygon","coordinates":[[[-75.86849,40.4611],[-75.87151,40.4583],[-75.86827,40.45846],[-75.86849,40.4611]]]},"properties":{"type":"REC_FIXED_SITE_US","name":"222 Flying Club - Burgert Lane","identifier":"FAA-REC_FIXED_SITE_US:222 Flying Club - Burgert Lane","lowerLimit":"GND","upperLimit":"700 ft AGL","authority":"FAA (Recreational Flyer Fixed Sites)"}},
{"type":"Feature","geometry":{"type":"Polygon","coordinates":[[[-75.56472,40.30347],[-75.56645,40.30042],[-75.56236,40.30155],[-75.56472,40.30347]]]},"properties":{"type":"REC_FIXED_SITE_US","name":"Swamp Creek RC Modelers - Swamp Creek Park","identifier":"FAA-REC_FIXED_SITE_US:Swamp Creek RC Modelers - Swamp Creek Park","lowerLimit":"GND","upperLimit":"700 ft AGL","authority":"FAA (Recreational Flyer Fixed Sites)"}},
{"type":"Feature","geometry":{"type":"Polygon","coordinates":[[[-76.03059,40.55271],[-76.0347,40.55159],[-76.03248,40.54966],[-76.03059,40.55271]]]},"properties":{"type":"REC_FIXED_SITE_US","name":"Tri County Wingsnappers Inc- Blue Mountain Academy Outdoor Site","identifier":"FAA-REC_FIXED_SITE_US:Tri County Wingsnappers Inc- Blue Mountain Academy Outdoor Site","lowerLimit":"GND","upperLimit":"1200 ft AGL","authority":"FAA (Recreational Flyer Fixed Sites)"}},
{"type":"Feature","geometry":{"type":"Polygon","coordinates":[[[-75.89767,40.6317],[-75.90093,40.6317],[-75.89945,40.62857],[-75.89767,40.6317]]]},"properties":{"type":"REC_FIXED_SITE_US","name":"Kempton Flyers - Kempton New Church","identifier":"FAA-REC_FIXED_SITE_US:Kempton Flyers - Kempton New Church","lowerLimit":"GND","upperLimit":"1200 ft AGL","authority":"FAA (Recreational Flyer Fixed Sites)"}},
{"type":"Feature","geometry":{"type":"Polygon","coordinates":[[[-75.78209,40.503],[-75.78511,40.5002],[-75.78187,40.50036],[-75.78209,40.503]]]},"properties":{"type":"REC_FIXED_SITE_US","name":"Kutztown Aerodrome RC Squadron - Kutztown Airport","identifier":"FAA-REC_FIXED_SITE_US:Kutztown Aerodrome RC Squadron - Kutztown Airport","lowerLimit":"GND","upperLimit":"1200 ft AGL","authority":"FAA (Recreational Flyer Fixed Sites)"}},
{"type":"Feature","geometry":{"type":"Polygon","coordinates":[[[-75.75972,40.53111],[-75.76297,40.53111],[-75.76135,40.52797],[-75.75972,40.53111]]]},"properties":{"type":"REC_FIXED_SITE_US","name":"Berks County Aero Modelers - Kutztown Rd 3","identifier":"FAA-REC_FIXED_SITE_US:Berks County Aero Modelers - Kutztown Rd 3","lowerLimit":"GND","upperLimit":"1200 ft AGL","authority":"FAA (Recreational Flyer Fixed Sites)"}},
{"type":"Feature","geometry":{"type":"Polygon","coordinates":[[[-76.11582,40.34841],[-76.11755,40.34536],[-76.11345,40.3466],[-76.11582,40.34841]]]},"properties":{"type":"REC_FIXED_SITE_US","name":"Berks County Barnstormers - Palm Rd","identifier":"FAA-REC_FIXED_SITE_US:Berks County Barnstormers - Palm Rd","lowerLimit":"GND","upperLimit":"700 ft AGL","authority":"FAA (Recreational Flyer Fixed Sites)"}},
{"type":"Feature","geometry":{"type":"Polygon","coordinates":[[[-79.55809,40.4461],[-79.56046,40.44417],[-79.55626,40.44313],[-79.55809,40.4461]]]},"properties":{"type":"REC_FIXED_SITE_US","name":"Murrysville Area Sailplane Society - Story Rd","identifier":"FAA-REC_FIXED_SITE_US:Murrysville Area Sailplane Society - Story Rd","lowerLimit":"GND","upperLimit":"1200 ft AGL","authority":"FAA (Recreational Flyer Fixed Sites)"}},
{"type":"Feature","geometry":{"type":"Polygon","coordinates":[[[-80.10866,40.84361],[-80.1104,40.84056],[-80.10692,40.84056],[-80.10866,40.84361]]]},"properties":{"type":"REC_FIXED_SITE_US","name":"Model Aircraft Recreation Society - Warner LN","identifier":"FAA-REC_FIXED_SITE_US:Model Aircraft Recreation Society - Warner LN","lowerLimit":"GND","upperLimit":"700 ft AGL","authority":"FAA (Recreational Flyer Fixed Sites)"}},
{"type":"Feature","geometry":{"type":"Polygon","coordinates":[[[-79.88346,40.96472],[-79.88585,40.96302],[-79.88172,40.96167],[-79.88346,40.96472]]]},"properties":{"type":"REC_FIXED_SITE_US","name":"Butler Aircraft Modelers Society - BAMS Flying Field","identifier":"FAA-REC_FIXED_SITE_US:Butler Aircraft Modelers Society - BAMS Flying Field","lowerLimit":"GND","upperLimit":"1200 ft AGL","authority":"FAA (Recreational Flyer Fixed Sites)"}},
{"type":"Feature","geometry":{"type":"Polygon","coordinates":[[[-80.49417,41.1432],[-80.49601,41.14023],[-80.49177,41.14139],[-80.49417,41.1432]]]},"properties":{"type":"REC_FIXED_SITE_US","name":"Hubbard Wing Snappers - Burrows Rd W","identifier":"FAA-REC_FIXED_SITE_US:Hubbard Wing Snappers - Burrows Rd W","lowerLimit":"GND","upperLimit":"700 ft AGL","authority":"FAA (Recreational Flyer Fixed Sites)"}},
{"type":"Feature","geometry":{"type":"Polygon","coordinates":[[[-79.68257,41.20748],[-79.68432,41.20442],[-79.68082,41.20442],[-79.68257,41.20748]]]},"properties":{"type":"REC_FIXED_SITE_US","name":"Hill Top RC Club - Emlenton Airport","identifier":"FAA-REC_FIXED_SITE_US:Hill Top RC Club - Emlenton Airport","lowerLimit":"GND","upperLimit":"1200 ft AGL","authority":"FAA (Recreational Flyer Fixed Sites)"}},
{"type":"Feature","geometry":{"type":"Polygon","coordinates":[[[-79.89741,42.18891],[-79.89984,42.18721],[-79.89563,42.18586],[-79.89741,42.18891]]]},"properties":{"type":"REC_FIXED_SITE_US","name":"Moorhead RC Club - Moorhead Airpark","identifier":"FAA-REC_FIXED_SITE_US:Moorhead RC Club - Moorhead Airpark","lowerLimit":"GND","upperLimit":"1200 ft AGL","authority":"FAA (Recreational Flyer Fixed Sites)"}},
{"type":"Feature","geometry":{"type":"Polygon","coordinates":[[[-78.41561,40.44978],[-78.41744,40.44681],[-78.41388,40.44673],[-78.41561,40.44978]]]},"properties":{"type":"REC_FIXED_SITE_US","name":"Altoona RC Club Inc - Municipal Dr.","identifier":"FAA-REC_FIXED_SITE_US:Altoona RC Club Inc - Municipal Dr.","lowerLimit":"GND","upperLimit":"700 ft AGL","authority":"FAA (Recreational Flyer Fixed Sites)"}},
{"type":"Feature","geometry":{"type":"Polygon","coordinates":[[[-77.65722,40.81354],[-77.6596,40.81184],[-77.65737,40.80992],[-77.65722,40.81354]]]},"properties":{"type":"REC_FIXED_SITE_US","name":"State College Radio Control Club - Airport Rd","identifier":"FAA-REC_FIXED_SITE_US:State College Radio Control Club - Airport Rd","lowerLimit":"GND","upperLimit":"700 ft AGL","authority":"FAA (Recreational Flyer Fixed Sites)"}},
{"type":"Feature","geometry":{"type":"Polygon","coordinates":[[[-75.44726,40.54169],[-75.44741,40.53807],[-75.44489,40.53977],[-75.44726,40.54169]]]},"properties":{"type":"REC_FIXED_SITE_US","name":"Flying Crop Dusters - Vera Cruz Rd","identifier":"FAA-REC_FIXED_SITE_US:Flying Crop Dusters - Vera Cruz Rd","lowerLimit":"GND","upperLimit":"700 ft AGL","authority":"FAA (Recreational Flyer Fixed Sites)"}},
{"type":"Feature","geometry":{"type":"Polygon","coordinates":[[[-75.30592,40.71382],[-75.30918,40.71382],[-75.30755,40.71068],[-75.30592,40.71382]]]},"properties":{"type":"REC_FIXED_SITE_US","name":"Lehigh Valley Radio Control Society - Gradwohl Switch Rd","identifier":"FAA-REC_FIXED_SITE_US:Lehigh Valley Radio Control Society - Gradwohl Switch Rd","lowerLimit":"GND","upperLimit":"700 ft AGL","authority":"FAA (Recreational Flyer Fixed Sites)"}},
{"type":"Feature","geometry":{"type":"Polygon","coordinates":[[[-75.07945,40.40539],[-75.08118,40.40233],[-75.07783,40.40225],[-75.07945,40.40539]]]},"properties":{"type":"REC_FIXED_SITE_US","name":"Safety Third Racing - Ferry Rd","identifier":"FAA-REC_FIXED_SITE_US:Safety Third Racing - Ferry Rd","lowerLimit":"GND","upperLimit":"700 ft AGL","authority":"FAA (Recreational Flyer Fixed Sites)"}},
{"type":"Feature","geometry":{"type":"Polygon","coordinates":[[[-75.14567,40.40108],[-75.1474,40.39803],[-75.1433,40.39927],[-75.14567,40.40108]]]},"properties":{"type":"REC_FIXED_SITE_US","name":"Warminister-Glenside RC Club-Township Line Rd.","identifier":"FAA-REC_FIXED_SITE_US:Warminister-Glenside RC Club-Township Line Rd.","lowerLimit":"GND","upperLimit":"700 ft AGL","authority":"FAA (Recreational Flyer Fixed Sites)"}},
{"type":"Feature","geometry":{"type":"Polygon","coordinates":[[[-75.35132,40.28563],[-75.35175,40.28549],[-75.35175,40.283],[-75.34766,40.28413],[-75.34806,40.28498],[-75.34925,40.28455],[-75.35091,40.28496],[-75.35132,40.28563]]]},"properties":{"type":"REC_FIXED_SITE_US","name":"Keystone R/C Club - Forman Rd","identifier":"FAA-REC_FIXED_SITE_US:Keystone R/C Club - Forman Rd","lowerLimit":"GND","upperLimit":"700 ft AGL","authority":"FAA (Recreational Flyer Fixed Sites)"}},
{"type":"Feature","geometry":{"type":"Polygon","coordinates":[[[-75.30898,40.23714],[-75.31242,40.23466],[-75.30919,40.2345],[-75.30898,40.23714]]]},"properties":{"type":"REC_FIXED_SITE_US","name":"NPMAC - North Penn High School","identifier":"FAA-REC_FIXED_SITE_US:NPMAC - North Penn High School","lowerLimit":"GND","upperLimit":"700 ft AGL","authority":"FAA (Recreational Flyer Fixed Sites)"}},
{"type":"Feature","geometry":{"type":"Polygon","coordinates":[[[-75.75406,40.53241],[-75.75644,40.53059],[-75.75244,40.52927],[-75.75406,40.53241]]]},"properties":{"type":"REC_FIXED_SITE_US","name":"Berks County Aero Modelers -  Kutztown Rd","identifier":"FAA-REC_FIXED_SITE_US:Berks County Aero Modelers -  Kutztown Rd","lowerLimit":"GND","upperLimit":"1200 ft AGL","authority":"FAA (Recreational Flyer Fixed Sites)"}},
{"type":"Feature","geometry":{"type":"Polygon","coordinates":[[[-67.12917,18.13538],[-67.13107,18.13356],[-67.12727,18.13345],[-67.12917,18.13538]]]},"properties":{"type":"REC_FIXED_SITE_US","name":"Hormigueros RC Club - Hormigueros Barrio Benavento","identifier":"FAA-REC_FIXED_SITE_US:Hormigueros RC Club - Hormigueros Barrio Benavento","lowerLimit":"GND","upperLimit":"700 ft AGL","authority":"FAA (Recreational Flyer Fixed Sites)"}},
{"type":"Feature","geometry":{"type":"Polygon","coordinates":[[[-66.4375,18.48348],[-66.43889,18.48042],[-66.4362,18.48034],[-66.4375,18.48348]]]},"properties":{"type":"REC_FIXED_SITE_US","name":"Tortuguero Hawks R/C Club Inc - Tortuguero Recreational Area","identifier":"FAA-REC_FIXED_SITE_US:Tortuguero Hawks R/C Club Inc - Tortuguero Recreational Area","lowerLimit":"GND","upperLimit":"1200 ft AGL","authority":"FAA (Recreational Flyer Fixed Sites)"}},
{"type":"Feature","geometry":{"type":"Polygon","coordinates":[[[-65.9818,18.26313],[-65.9818,18.25949],[-65.9799,18.2612],[-65.9818,18.26313]]]},"properties":{"type":"REC_FIXED_SITE_US","name":"Caribbean R.C Club - Gurabo Landfill Rd","identifier":"FAA-REC_FIXED_SITE_US:Caribbean R.C Club - Gurabo Landfill Rd","lowerLimit":"GND","upperLimit":"700 ft AGL","authority":"FAA (Recreational Flyer Fixed Sites)"}},
{"type":"Feature","geometry":{"type":"Polygon","coordinates":[[[-66.20995,18.4451],[-66.21134,18.44204],[-66.20804,18.44328],[-66.20995,18.4451]]]},"properties":{"type":"REC_FIXED_SITE_US","name":"Borinquen RC Model Club - Sebana Seca","identifier":"FAA-REC_FIXED_SITE_US:Borinquen RC Model Club - Sebana Seca","lowerLimit":"GND","upperLimit":"700 ft AGL","authority":"FAA (Recreational Flyer Fixed Sites)"}},
{"type":"Feature","geometry":{"type":"Polygon","coordinates":[[[-71.54194,41.75802],[-71.54526,41.75802],[-71.54375,41.75489],[-71.54194,41.75802]]]},"properties":{"type":"REC_FIXED_SITE_US","name":"RC 1/4 Scale Modelers of RI - Seven Mile Rd","identifier":"FAA-REC_FIXED_SITE_US:RC 1/4 Scale Modelers of RI - Seven Mile Rd","lowerLimit":"GND","upperLimit":"700 ft AGL","authority":"FAA (Recreational Flyer Fixed Sites)"}},
{"type":"Feature","geometry":{"type":"Polygon","coordinates":[[[-71.14742,41.59781],[-71.1505,41.59501],[-71.1472,41.59517],[-71.14742,41.59781]]]},"properties":{"type":"REC_FIXED_SITE_US","name":"Hidden Brook Radio Control, Rhododendron Dr.flying site","identifier":"FAA-REC_FIXED_SITE_US:Hidden Brook Radio Control, Rhododendron Dr.flying site","lowerLimit":"GND","upperLimit":"700 ft AGL","authority":"FAA (Recreational Flyer Fixed Sites)"}},
{"type":"Feature","geometry":{"type":"Polygon","coordinates":[[[-71.20794,41.5529],[-71.21146,41.55042],[-71.20816,41.55026],[-71.20794,41.5529]]]},"properties":{"type":"REC_FIXED_SITE_US","name":"Old Timers RC Flyers Inc - Ferolbink Farm","identifier":"FAA-REC_FIXED_SITE_US:Old Timers RC Flyers Inc - Ferolbink Farm","lowerLimit":"GND","upperLimit":"700 ft AGL","authority":"FAA (Recreational Flyer Fixed Sites)"}},
{"type":"Feature","geometry":{"type":"Polygon","coordinates":[[[-71.5913,41.50597],[-71.59371,41.50416],[-71.58954,41.50292],[-71.5913,41.50597]]]},"properties":{"type":"REC_FIXED_SITE_US","name":"Rhode Island Soaring Club - Covell Field","identifier":"FAA-REC_FIXED_SITE_US:Rhode Island Soaring Club - Covell Field","lowerLimit":"GND","upperLimit":"700 ft AGL","authority":"FAA (Recreational Flyer Fixed Sites)"}},
{"type":"Feature","geometry":{"type":"Polygon","coordinates":[[[-71.6172,41.47764],[-71.61896,41.47459],[-71.61479,41.47583],[-71.6172,41.47764]]]},"properties":{"type":"REC_FIXED_SITE_US","name":"Rhode Island Soaring Club - Orchard Rd","identifier":"FAA-REC_FIXED_SITE_US:Rhode Island Soaring Club - Orchard Rd","lowerLimit":"GND","upperLimit":"1200 ft AGL","authority":"FAA (Recreational Flyer Fixed Sites)"}},
{"type":"Feature","geometry":{"type":"Polygon","coordinates":[[[-80.63355,33.41064],[-80.6372,33.40931],[-80.63355,33.40799],[-80.63355,33.41064]]]},"properties":{"type":"REC_FIXED_SITE_US","name":"Bowman RC Flyers - Landsdowne Rd","identifier":"FAA-REC_FIXED_SITE_US:Bowman RC Flyers - Landsdowne Rd","lowerLimit":"GND","upperLimit":"1200 ft AGL","authority":"FAA (Recreational Flyer Fixed Sites)"}},
{"type":"Feature","geometry":{"type":"Polygon","coordinates":[[[-80.52843,34.30026],[-80.53061,34.29834],[-80.52683,34.29721],[-80.52843,34.30026]]]},"properties":{"type":"REC_FIXED_SITE_US","name":"Kershaw County Flyers - Science Park","identifier":"FAA-REC_FIXED_SITE_US:Kershaw County Flyers - Science Park","lowerLimit":"GND","upperLimit":"700 ft AGL","authority":"FAA (Recreational Flyer Fixed Sites)"}},
{"type":"Feature","geometry":{"type":"Polygon","coordinates":[[[-80.43029,34.0545],[-80.43043,34.05088],[-80.42811,34.05269],[-80.43029,34.0545]]]},"properties":{"type":"REC_FIXED_SITE_US","name":"Carolina Sod Busters - Peach Orchard Rd","identifier":"FAA-REC_FIXED_SITE_US:Carolina Sod Busters - Peach Orchard Rd","lowerLimit":"GND","upperLimit":"700 ft AGL","authority":"FAA (Recreational Flyer Fixed Sites)"}},
{"type":"Feature","geometry":{"type":"Polygon","coordinates":[[[-81.11586,33.7849],[-81.11803,33.78308],[-81.11427,33.78184],[-81.11586,33.7849]]]},"properties":{"type":"REC_FIXED_SITE_US","name":"Congaree Flyers - Sam Corley Model Airfield","identifier":"FAA-REC_FIXED_SITE_US:Congaree Flyers - Sam Corley Model Airfield","lowerLimit":"GND","upperLimit":"700 ft AGL","authority":"FAA (Recreational Flyer Fixed Sites)"}},
{"type":"Feature","geometry":{"type":"Polygon","coordinates":[[[-81.31782,33.83686],[-81.32148,33.83565],[-81.31945,33.83372],[-81.31782,33.83686]]]},"properties":{"type":"REC_FIXED_SITE_US","name":"Deer Hill Rd","identifier":"FAA-REC_FIXED_SITE_US:Deer Hill Rd","lowerLimit":"GND","upperLimit":"700 ft AGL","authority":"FAA (Recreational Flyer Fixed Sites)"}},
{"type":"Feature","geometry":{"type":"Polygon","coordinates":[[[-80.54425,34.10923],[-80.54584,34.10617],[-80.54207,34.1073],[-80.54425,34.10923]]]},"properties":{"type":"REC_FIXED_SITE_US","name":"Carolina Sod Busters - Modern Turf Sod Farm Camden Hwy","identifier":"FAA-REC_FIXED_SITE_US:Carolina Sod Busters - Modern Turf Sod Farm Camden Hwy","lowerLimit":"GND","upperLimit":"700 ft AGL","authority":"FAA (Recreational Flyer Fixed Sites)"}},
{"type":"Feature","geometry":{"type":"Polygon","coordinates":[[[-81.86638,34.86232],[-81.86778,34.85911],[-81.86468,34.85935],[-81.86638,34.86232]]]},"properties":{"type":"REC_FIXED_SITE_US","name":"Spartanburg Sky Knights MAC - Gibson Rd","identifier":"FAA-REC_FIXED_SITE_US:Spartanburg Sky Knights MAC - Gibson Rd","lowerLimit":"GND","upperLimit":"700 ft AGL","authority":"FAA (Recreational Flyer Fixed Sites)"}},
{"type":"Feature","geometry":{"type":"Polygon","coordinates":[[[-81.77798,35.01685],[-81.77968,35.01388],[-81.77578,35.01493],[-81.77798,35.01685]]]},"properties":{"type":"REC_FIXED_SITE_US","name":"Skymasters RC Flyers - Oak Dale Rd","identifier":"FAA-REC_FIXED_SITE_US:Skymasters RC Flyers - Oak Dale Rd","lowerLimit":"GND","upperLimit":"1200 ft AGL","authority":"FAA (Recreational Flyer Fixed Sites)"}},
{"type":"Feature","geometry":{"type":"Polygon","coordinates":[[[-82.18719,35.02574],[-82.1905,35.02334],[-82.18739,35.0231],[-82.18719,35.02574]]]},"properties":{"type":"REC_FIXED_SITE_US","name":"Holly Springs RKRC - Hwy 357","identifier":"FAA-REC_FIXED_SITE_US:Holly Springs RKRC - Hwy 357","lowerLimit":"GND","upperLimit":"700 ft AGL","authority":"FAA (Recreational Flyer Fixed Sites)"}},
{"type":"Feature","geometry":{"type":"Polygon","coordinates":[[[-81.9979,34.67705],[-81.9994,34.67391],[-81.9957,34.67523],[-81.9979,34.67705]]]},"properties":{"type":"REC_FIXED_SITE_US","name":"Triple Tree Aviators - Triple Tree Aerodrome","identifier":"FAA-REC_FIXED_SITE_US:Triple Tree Aviators - Triple Tree Aerodrome","lowerLimit":"GND","upperLimit":"1200 ft AGL","authority":"FAA (Recreational Flyer Fixed Sites)"}},
{"type":"Feature","geometry":{"type":"Polygon","coordinates":[[[-79.94794,33.30769],[-79.95167,33.30656],[-79.94965,33.30464],[-79.94794,33.30769]]]},"properties":{"type":"REC_FIXED_SITE_US","name":"Bravo Dog RC Club - Bravo Dog Lane","identifier":"FAA-REC_FIXED_SITE_US:Bravo Dog RC Club - Bravo Dog Lane","lowerLimit":"GND","upperLimit":"1200 ft AGL","authority":"FAA (Recreational Flyer Fixed Sites)"}},
{"type":"Feature","geometry":{"type":"Polygon","coordinates":[[[-80.10306,32.64904],[-80.10463,32.64598],[-80.10092,32.64722],[-80.10306,32.64904]]]},"properties":{"type":"REC_FIXED_SITE_US","name":"Low Country RC Flyers - Blackground Rd","identifier":"FAA-REC_FIXED_SITE_US:Low Country RC Flyers - Blackground Rd","lowerLimit":"GND","upperLimit":"700 ft AGL","authority":"FAA (Recreational Flyer Fixed Sites)"}},
{"type":"Feature","geometry":{"type":"Polygon","coordinates":[[[-80.30452,33.1071],[-80.30748,33.1071],[-80.30614,33.10397],[-80.30452,33.1071]]]},"properties":{"type":"REC_FIXED_SITE_US","name":"Charleston RC Society, Ridgeville Rd.","identifier":"FAA-REC_FIXED_SITE_US:Charleston RC Society, Ridgeville Rd.","lowerLimit":"GND","upperLimit":"700 ft AGL","authority":"FAA (Recreational Flyer Fixed Sites)"}},
{"type":"Feature","geometry":{"type":"Polygon","coordinates":[[[-80.5087,33.19421],[-80.51234,33.19288],[-80.51004,33.19107],[-80.5087,33.19421]]]},"properties":{"type":"REC_FIXED_SITE_US","name":"Dust to the Wind Aeroscalers - St George Airport","identifier":"FAA-REC_FIXED_SITE_US:Dust to the Wind Aeroscalers - St George Airport","lowerLimit":"GND","upperLimit":"700 ft AGL","authority":"FAA (Recreational Flyer Fixed Sites)"}},
{"type":"Feature","geometry":{"type":"Polygon","coordinates":[[[-79.56667,34.13876],[-79.56816,34.13562],[-79.56448,34.13694],[-79.56667,34.13876]]]},"properties":{"type":"REC_FIXED_SITE_US","name":"Gooney Birds - Paper Mill Rd","identifier":"FAA-REC_FIXED_SITE_US:Gooney Birds - Paper Mill Rd","lowerLimit":"GND","upperLimit":"1200 ft AGL","authority":"FAA (Recreational Flyer Fixed Sites)"}},
{"type":"Feature","geometry":{"type":"Polygon","coordinates":[[[-79.52382,33.59272],[-79.52549,33.58975],[-79.52165,33.59091],[-79.52382,33.59272]]]},"properties":{"type":"REC_FIXED_SITE_US","name":"Georgetown RC Club - Senate Rd","identifier":"FAA-REC_FIXED_SITE_US:Georgetown RC Club - Senate Rd","lowerLimit":"GND","upperLimit":"1200 ft AGL","authority":"FAA (Recreational Flyer Fixed Sites)"}},
{"type":"Feature","geometry":{"type":"Polygon","coordinates":[[[-79.14144,34.00995],[-79.14461,34.00747],[-79.14154,34.00723],[-79.14144,34.00995]]]},"properties":{"type":"REC_FIXED_SITE_US","name":"RC Wings Over S.C. - Staples Rd","identifier":"FAA-REC_FIXED_SITE_US:RC Wings Over S.C. - Staples Rd","lowerLimit":"GND","upperLimit":"1200 ft AGL","authority":"FAA (Recreational Flyer Fixed Sites)"}},
{"type":"Feature","geometry":{"type":"Polygon","coordinates":[[[-79.93197,34.4152],[-79.93476,34.4124],[-79.93168,34.41264],[-79.93197,34.4152]]]},"properties":{"type":"REC_FIXED_SITE_US","name":"Darlington County Balsa Busters - Sky Farm Rd","identifier":"FAA-REC_FIXED_SITE_US:Darlington County Balsa Busters - Sky Farm Rd","lowerLimit":"GND","upperLimit":"700 ft AGL","authority":"FAA (Recreational Flyer Fixed Sites)"}},
{"type":"Feature","geometry":{"type":"Polygon","coordinates":[[[-79.90114,33.97829],[-79.90128,33.97467],[-79.89896,33.97648],[-79.90114,33.97829]]]},"properties":{"type":"REC_FIXED_SITE_US","name":"Farmers RC Club - N. Bethel Rd.","identifier":"FAA-REC_FIXED_SITE_US:Farmers RC Club - N. Bethel Rd.","lowerLimit":"GND","upperLimit":"1200 ft AGL","authority":"FAA (Recreational Flyer Fixed Sites)"}},
{"type":"Feature","geometry":{"type":"Polygon","coordinates":[[[-79.685,33.90444],[-79.68718,33.90262],[-79.68351,33.9013],[-79.685,33.90444]]]},"properties":{"type":"REC_FIXED_SITE_US","name":"Flying Tigers R/C Cub, Inc. - Cockfield Aerodrome","identifier":"FAA-REC_FIXED_SITE_US:Flying Tigers R/C Cub, Inc. - Cockfield Aerodrome","lowerLimit":"GND","upperLimit":"700 ft AGL","authority":"FAA (Recreational Flyer Fixed Sites)"}},
{"type":"Feature","geometry":{"type":"Polygon","coordinates":[[[-82.17864,34.81687],[-82.18166,34.81687],[-82.18029,34.81374],[-82.17864,34.81687]]]},"properties":{"type":"REC_FIXED_SITE_US","name":"Anderson Ridge Rd","identifier":"FAA-REC_FIXED_SITE_US:Anderson Ridge Rd","lowerLimit":"GND","upperLimit":"700 ft AGL","authority":"FAA (Recreational Flyer Fixed Sites)"}},
{"type":"Feature","geometry":{"type":"Polygon","coordinates":[[[-82.36594,34.4507],[-82.36754,34.44765],[-82.36434,34.44765],[-82.36594,34.4507]]]},"properties":{"type":"REC_FIXED_SITE_US","name":"Greenwood Radio Aircraft Modelers Society - SC-252","identifier":"FAA-REC_FIXED_SITE_US:Greenwood Radio Aircraft Modelers Society - SC-252","lowerLimit":"GND","upperLimit":"1200 ft AGL","authority":"FAA (Recreational Flyer Fixed Sites)"}},
{"type":"Feature","geometry":{"type":"Polygon","coordinates":[[[-82.61119,34.68268],[-82.61133,34.67906],[-82.60899,34.68087],[-82.61119,34.68268]]]},"properties":{"type":"REC_FIXED_SITE_US","name":"Black Sheep RC Club Inc - Lockaby Rd","identifier":"FAA-REC_FIXED_SITE_US:Black Sheep RC Club Inc - Lockaby Rd","lowerLimit":"GND","upperLimit":"1200 ft AGL","authority":"FAA (Recreational Flyer Fixed Sites)"}},
{"type":"Feature","geometry":{"type":"Polygon","coordinates":[[[-82.43492,34.68377],[-82.43653,34.68071],[-82.43342,34.68063],[-82.43492,34.68377]]]},"properties":{"type":"REC_FIXED_SITE_US","name":"Blue Ridge Radio Control -  Owens Rd","identifier":"FAA-REC_FIXED_SITE_US:Blue Ridge Radio Control -  Owens Rd","lowerLimit":"GND","upperLimit":"700 ft AGL","authority":"FAA (Recreational Flyer Fixed Sites)"}},
{"type":"Feature","geometry":{"type":"Polygon","coordinates":[[[-82.5924,34.69981],[-82.59254,34.69619],[-82.5902,34.698],[-82.5924,34.69981]]]},"properties":{"type":"REC_FIXED_SITE_US","name":"Firetower Flyers -  Massey Rd","identifier":"FAA-REC_FIXED_SITE_US:Firetower Flyers -  Massey Rd","lowerLimit":"GND","upperLimit":"1200 ft AGL","authority":"FAA (Recreational Flyer Fixed Sites)"}},
{"type":"Feature","geometry":{"type":"Polygon","coordinates":[[[-80.86352,34.93115],[-80.86522,34.92818],[-80.86132,34.92923],[-80.86352,34.93115]]]},"properties":{"type":"REC_FIXED_SITE_US","name":"SCCL RC Aviation Club-Sun City Blvd","identifier":"FAA-REC_FIXED_SITE_US:SCCL RC Aviation Club-Sun City Blvd","lowerLimit":"GND","upperLimit":"700 ft AGL","authority":"FAA (Recreational Flyer Fixed Sites)"}},
{"type":"Feature","geometry":{"type":"Polygon","coordinates":[[[-80.77867,34.63679],[-80.78196,34.63439],[-80.77887,34.63415],[-80.77867,34.63679]]]},"properties":{"type":"REC_FIXED_SITE_US","name":"Lancaster County Flyers - Landfill Rd","identifier":"FAA-REC_FIXED_SITE_US:Lancaster County Flyers - Landfill Rd","lowerLimit":"GND","upperLimit":"700 ft AGL","authority":"FAA (Recreational Flyer Fixed Sites)"}},
{"type":"Feature","geometry":{"type":"Polygon","coordinates":[[[-81.2075,34.9802],[-81.20911,34.97714],[-81.20599,34.97706],[-81.2075,34.9802]]]},"properties":{"type":"REC_FIXED_SITE_US","name":"York County Flyers Inc - Langrum Branch Rd","identifier":"FAA-REC_FIXED_SITE_US:York County Flyers Inc - Langrum Branch Rd","lowerLimit":"GND","upperLimit":"700 ft AGL","authority":"FAA (Recreational Flyer Fixed Sites)"}},
{"type":"Feature","geometry":{"type":"Polygon","coordinates":[[[-81.81949,33.73963],[-81.82107,33.73657],[-81.81732,33.7377],[-81.81949,33.73963]]]},"properties":{"type":"REC_FIXED_SITE_US","name":"Trenton R/C Flyers - Edgefield County Airport","identifier":"FAA-REC_FIXED_SITE_US:Trenton R/C Flyers - Edgefield County Airport","lowerLimit":"GND","upperLimit":"1200 ft AGL","authority":"FAA (Recreational Flyer Fixed Sites)"}},
{"type":"Feature","geometry":{"type":"Polygon","coordinates":[[[-81.0205,32.53153],[-81.02215,32.52856],[-81.01903,32.5284],[-81.0205,32.53153]]]},"properties":{"type":"REC_FIXED_SITE_US","name":"Jasper County Radio Control - Carolina Cherry","identifier":"FAA-REC_FIXED_SITE_US:Jasper County Radio Control - Carolina Cherry","lowerLimit":"GND","upperLimit":"1200 ft AGL","authority":"FAA (Recreational Flyer Fixed Sites)"}},
{"type":"Feature","geometry":{"type":"Polygon","coordinates":[[[-82.13615,34.61063],[-82.13944,34.60823],[-82.13635,34.60799],[-82.13615,34.61063]]]},"properties":{"type":"REC_FIXED_SITE_US","name":"Curry's Lake Flyers-Curry's Lake Rd.","identifier":"FAA-REC_FIXED_SITE_US:Curry's Lake Flyers-Curry's Lake Rd.","lowerLimit":"GND","upperLimit":"1200 ft AGL","authority":"FAA (Recreational Flyer Fixed Sites)"}},
{"type":"Feature","geometry":{"type":"Polygon","coordinates":[[[-81.58541,34.21613],[-81.58759,34.21432],[-81.58381,34.21308],[-81.58541,34.21613]]]},"properties":{"type":"REC_FIXED_SITE_US","name":"Lake Murray Regional R/C Flyers - Fire Tower Rd","identifier":"FAA-REC_FIXED_SITE_US:Lake Murray Regional R/C Flyers - Fire Tower Rd","lowerLimit":"GND","upperLimit":"700 ft AGL","authority":"FAA (Recreational Flyer Fixed Sites)"}},
{"type":"Feature","geometry":{"type":"Polygon","coordinates":[[[-82.15988,35.0765],[-82.16269,35.0737],[-82.15968,35.07386],[-82.15988,35.0765]]]},"properties":{"type":"REC_FIXED_SITE_US","name":"Campobello Flyers RC Club - Roddy Rd","identifier":"FAA-REC_FIXED_SITE_US:Campobello Flyers RC Club - Roddy Rd","lowerLimit":"GND","upperLimit":"1200 ft AGL","authority":"FAA (Recreational Flyer Fixed Sites)"}},
{"type":"Feature","geometry":{"type":"Polygon","coordinates":[[[-80.31748,33.07449],[-80.31734,33.07086],[-80.31532,33.07267],[-80.31748,33.07449]]]},"properties":{"type":"REC_FIXED_SITE_US","name":"Charleston RC Society - Hwy 27","identifier":"FAA-REC_FIXED_SITE_US:Charleston RC Society - Hwy 27","lowerLimit":"GND","upperLimit":"700 ft AGL","authority":"FAA (Recreational Flyer Fixed Sites)"}},
{"type":"Feature","geometry":{"type":"Polygon","coordinates":[[[-80.58878,33.23372],[-80.59174,33.23372],[-80.5904,33.23059],[-80.58878,33.23372]]]},"properties":{"type":"REC_FIXED_SITE_US","name":"Charleston RC Society, Mt. Zion Rd","identifier":"FAA-REC_FIXED_SITE_US:Charleston RC Society, Mt. Zion Rd","lowerLimit":"GND","upperLimit":"700 ft AGL","authority":"FAA (Recreational Flyer Fixed Sites)"}},
{"type":"Feature","geometry":{"type":"Polygon","coordinates":[[[-82.07818,34.19734],[-82.08185,34.19613],[-82.07981,34.1942],[-82.07818,34.19734]]]},"properties":{"type":"REC_FIXED_SITE_US","name":"Emerald City Radio Control - Greenwood County Landfill","identifier":"FAA-REC_FIXED_SITE_US:Emerald City Radio Control - Greenwood County Landfill","lowerLimit":"GND","upperLimit":"700 ft AGL","authority":"FAA (Recreational Flyer Fixed Sites)"}},
{"type":"Feature","geometry":{"type":"Polygon","coordinates":[[[-82.22968,35.02095],[-82.23299,35.01855],[-82.22989,35.01831],[-82.22968,35.02095]]]},"properties":{"type":"REC_FIXED_SITE_US","name":"Foothill Flyers - Jordan Rd","identifier":"FAA-REC_FIXED_SITE_US:Foothill Flyers - Jordan Rd","lowerLimit":"GND","upperLimit":"700 ft AGL","authority":"FAA (Recreational Flyer Fixed Sites)"}},
{"type":"Feature","geometry":{"type":"Polygon","coordinates":[[[-83.12101,34.72465],[-83.12251,34.72152],[-83.11931,34.72168],[-83.12101,34.72465]]]},"properties":{"type":"REC_FIXED_SITE_US","name":"Oconee Eagles - Five Forks Field","identifier":"FAA-REC_FIXED_SITE_US:Oconee Eagles - Five Forks Field","lowerLimit":"GND","upperLimit":"1200 ft AGL","authority":"FAA (Recreational Flyer Fixed Sites)"}},
{"type":"Feature","geometry":{"type":"Polygon","coordinates":[[[-81.57882,33.59365],[-81.58049,33.59068],[-81.57744,33.59044],[-81.57882,33.59365]]]},"properties":{"type":"REC_FIXED_SITE_US","name":"Aiken Radio Control Society - Coleman Bridge Rd","identifier":"FAA-REC_FIXED_SITE_US:Aiken Radio Control Society - Coleman Bridge Rd","lowerLimit":"GND","upperLimit":"700 ft AGL","authority":"FAA (Recreational Flyer Fixed Sites)"}},
{"type":"Feature","geometry":{"type":"Polygon","coordinates":[[[-96.78054,43.09357],[-96.78301,43.09176],[-96.77863,43.0906],[-96.78054,43.09357]]]},"properties":{"type":"REC_FIXED_SITE_US","name":"Beresford Area Radio Flyers - 3rd St","identifier":"FAA-REC_FIXED_SITE_US:Beresford Area Radio Flyers - 3rd St","lowerLimit":"GND","upperLimit":"1200 ft AGL","authority":"FAA (Recreational Flyer Fixed Sites)"}},
{"type":"Feature","geometry":{"type":"Polygon","coordinates":[[[-96.68077,43.6737],[-96.68327,43.67189],[-96.67906,43.67057],[-96.68077,43.6737]]]},"properties":{"type":"REC_FIXED_SITE_US","name":"SIOUX FALLS RCERS   1","identifier":"FAA-REC_FIXED_SITE_US:SIOUX FALLS RCERS   1","lowerLimit":"GND","upperLimit":"700 ft AGL","authority":"FAA (Recreational Flyer Fixed Sites)"}},
{"type":"Feature","geometry":{"type":"Polygon","coordinates":[[[-96.7553,43.46448],[-96.75779,43.46278],[-96.7553,43.46085],[-96.7553,43.46448]]]},"properties":{"type":"REC_FIXED_SITE_US","name":"Dakota Flyers - Alan Morris Site","identifier":"FAA-REC_FIXED_SITE_US:Dakota Flyers - Alan Morris Site","lowerLimit":"GND","upperLimit":"700 ft AGL","authority":"FAA (Recreational Flyer Fixed Sites)"}},
{"type":"Feature","geometry":{"type":"Polygon","coordinates":[[[-96.87132,43.5758],[-96.8745,43.573],[-96.87109,43.57316],[-96.87132,43.5758]]]},"properties":{"type":"REC_FIXED_SITE_US","name":"Sod Busters RC Club - 467th Ave","identifier":"FAA-REC_FIXED_SITE_US:Sod Busters RC Club - 467th Ave","lowerLimit":"GND","upperLimit":"700 ft AGL","authority":"FAA (Recreational Flyer Fixed Sites)"}},
{"type":"Feature","geometry":{"type":"Polygon","coordinates":[[[-103.27666,44.15403],[-103.27838,44.1509],[-103.27415,44.15233],[-103.27666,44.15403]]]},"properties":{"type":"REC_FIXED_SITE_US","name":"RC Aces - Deadwood Ave","identifier":"FAA-REC_FIXED_SITE_US:RC Aces - Deadwood Ave","lowerLimit":"GND","upperLimit":"700 ft AGL","authority":"FAA (Recreational Flyer Fixed Sites)"}},
{"type":"Feature","geometry":{"type":"Polygon","coordinates":[[[-103.54567,44.45881],[-103.54599,44.4552],[-103.54316,44.45677],[-103.54567,44.45881]]]},"properties":{"type":"REC_FIXED_SITE_US","name":"Northern Hills RC Flyers- Eden Road","identifier":"FAA-REC_FIXED_SITE_US:Northern Hills RC Flyers- Eden Road","lowerLimit":"GND","upperLimit":"700 ft AGL","authority":"FAA (Recreational Flyer Fixed Sites)"}},
{"type":"Feature","geometry":{"type":"Polygon","coordinates":[[[-96.552,43.78343],[-96.55347,43.78016],[-96.54952,43.78185],[-96.552,43.78343]]]},"properties":{"type":"REC_FIXED_SITE_US","name":"SIOUX FALLS RCERS   2","identifier":"FAA-REC_FIXED_SITE_US:SIOUX FALLS RCERS   2","lowerLimit":"GND","upperLimit":"700 ft AGL","authority":"FAA (Recreational Flyer Fixed Sites)"}},
{"type":"Feature","geometry":{"type":"Polygon","coordinates":[[[-86.61944,35.99426],[-86.61959,35.99064],[-86.61721,35.99245],[-86.61944,35.99426]]]},"properties":{"type":"REC_FIXED_SITE_US","name":"Middle Tennessee RC Society - Cane Ridge Park","identifier":"FAA-REC_FIXED_SITE_US:Middle Tennessee RC Society - Cane Ridge Park","lowerLimit":"GND","upperLimit":"700 ft AGL","authority":"FAA (Recreational Flyer Fixed Sites)"}},
{"type":"Feature","geometry":{"type":"Polygon","coordinates":[[[-87.30539,35.9575],[-87.30711,35.95453],[-87.30316,35.95557],[-87.30539,35.9575]]]},"properties":{"type":"REC_FIXED_SITE_US","name":"Hickman County Model Aviators - TN 46","identifier":"FAA-REC_FIXED_SITE_US:Hickman County Model Aviators - TN 46","lowerLimit":"GND","upperLimit":"1200 ft AGL","authority":"FAA (Recreational Flyer Fixed Sites)"}},
{"type":"Feature","geometry":{"type":"Polygon","coordinates":[[[-86.32154,36.40225],[-86.32461,36.40225],[-86.32322,36.39911],[-86.32154,36.40225]]]},"properties":{"type":"REC_FIXED_SITE_US","name":"Sumner County RC Flyers - Bledsoe Fort Historical Park","identifier":"FAA-REC_FIXED_SITE_US:Sumner County RC Flyers - Bledsoe Fort Historical Park","lowerLimit":"GND","upperLimit":"700 ft AGL","authority":"FAA (Recreational Flyer Fixed Sites)"}},
{"type":"Feature","geometry":{"type":"Polygon","coordinates":[[[-86.2725,36.38653],[-86.27423,36.38356],[-86.27107,36.38332],[-86.2725,36.38653]]]},"properties":{"type":"REC_FIXED_SITE_US","name":"Clover Leaf Aerodome - Hartsville Pike","identifier":"FAA-REC_FIXED_SITE_US:Clover Leaf Aerodome - Hartsville Pike","lowerLimit":"GND","upperLimit":"700 ft AGL","authority":"FAA (Recreational Flyer Fixed Sites)"}},
{"type":"Feature","geometry":{"type":"Polygon","coordinates":[[[-87.09509,36.46135],[-87.09673,36.4583],[-87.09285,36.45942],[-87.09509,36.46135]]]},"properties":{"type":"REC_FIXED_SITE_US","name":"Cumberland Flyers - Maxey Rd","identifier":"FAA-REC_FIXED_SITE_US:Cumberland Flyers - Maxey Rd","lowerLimit":"GND","upperLimit":"1200 ft AGL","authority":"FAA (Recreational Flyer Fixed Sites)"}},
{"type":"Feature","geometry":{"type":"Polygon","coordinates":[[[-86.52344,36.46265],[-86.52507,36.45959],[-86.5218,36.45959],[-86.52344,36.46265]]]},"properties":{"type":"REC_FIXED_SITE_US","name":"Nashville Heli Flyers - Adams Field","identifier":"FAA-REC_FIXED_SITE_US:Nashville Heli Flyers - Adams Field","lowerLimit":"GND","upperLimit":"700 ft AGL","authority":"FAA (Recreational Flyer Fixed Sites)"}},
{"type":"Feature","geometry":{"type":"Polygon","coordinates":[[[-86.615,35.69126],[-86.61514,35.68763],[-86.61278,35.68933],[-86.615,35.69126]]]},"properties":{"type":"REC_FIXED_SITE_US","name":"Eagleville R/C Flyers - Puckett Gliderport","identifier":"FAA-REC_FIXED_SITE_US:Eagleville R/C Flyers - Puckett Gliderport","lowerLimit":"GND","upperLimit":"1200 ft AGL","authority":"FAA (Recreational Flyer Fixed Sites)"}},
{"type":"Feature","geometry":{"type":"Polygon","coordinates":[[[-86.60777,36.25071],[-86.60791,36.24709],[-86.60553,36.2489],[-86.60777,36.25071]]]},"properties":{"type":"REC_FIXED_SITE_US","name":"Hendersonville R/C Club - Sanders Ferry Park","identifier":"FAA-REC_FIXED_SITE_US:Hendersonville R/C Club - Sanders Ferry Park","lowerLimit":"GND","upperLimit":"700 ft AGL","authority":"FAA (Recreational Flyer Fixed Sites)"}},
{"type":"Feature","geometry":{"type":"Polygon","coordinates":[[[-86.4142,35.99254],[-86.41643,35.99072],[-86.41267,35.9894],[-86.4142,35.99254]]]},"properties":{"type":"REC_FIXED_SITE_US","name":"Helicopter Enthusiasts Around Tennessee - Mona Road","identifier":"FAA-REC_FIXED_SITE_US:Helicopter Enthusiasts Around Tennessee - Mona Road","lowerLimit":"GND","upperLimit":"700 ft AGL","authority":"FAA (Recreational Flyer Fixed Sites)"}},
{"type":"Feature","geometry":{"type":"Polygon","coordinates":[[[-86.38746,35.94534],[-86.38918,35.94237],[-86.38523,35.94342],[-86.38746,35.94534]]]},"properties":{"type":"REC_FIXED_SITE_US","name":"Middle Point RC Flyers - MPRCF Field","identifier":"FAA-REC_FIXED_SITE_US:Middle Point RC Flyers - MPRCF Field","lowerLimit":"GND","upperLimit":"700 ft AGL","authority":"FAA (Recreational Flyer Fixed Sites)"}},
{"type":"Feature","geometry":{"type":"Polygon","coordinates":[[[-86.36036,35.85767],[-86.36198,35.85461],[-86.35874,35.85461],[-86.36036,35.85767]]]},"properties":{"type":"REC_FIXED_SITE_US","name":"Model Aeronautics Society - Reeves Rodgers Elementary School","identifier":"FAA-REC_FIXED_SITE_US:Model Aeronautics Society - Reeves Rodgers Elementary School","lowerLimit":"GND","upperLimit":"700 ft AGL","authority":"FAA (Recreational Flyer Fixed Sites)"}},
{"type":"Feature","geometry":{"type":"Polygon","coordinates":[[[-86.89997,36.05143],[-86.90169,36.04846],[-86.89774,36.04951],[-86.89997,36.05143]]]},"properties":{"type":"REC_FIXED_SITE_US","name":"Edwin Warner Model Aviators - Edwin Warner Park","identifier":"FAA-REC_FIXED_SITE_US:Edwin Warner Model Aviators - Edwin Warner Park","lowerLimit":"GND","upperLimit":"700 ft AGL","authority":"FAA (Recreational Flyer Fixed Sites)"}},
{"type":"Feature","geometry":{"type":"Polygon","coordinates":[[[-84.93743,35.29147],[-84.93743,35.28784],[-84.93522,35.28954],[-84.93743,35.29147]]]},"properties":{"type":"REC_FIXED_SITE_US","name":"Bradley County Radio Controlled Model Aircraft Club - Francisco Rd NW","identifier":"FAA-REC_FIXED_SITE_US:Bradley County Radio Controlled Model Aircraft Club - Francisco Rd NW","lowerLimit":"GND","upperLimit":"1200 ft AGL","authority":"FAA (Recreational Flyer Fixed Sites)"}},
{"type":"Feature","geometry":{"type":"Polygon","coordinates":[[[-85.08693,35.05712],[-85.08913,35.05519],[-85.08472,35.0553],[-85.08693,35.05712]]]},"properties":{"type":"REC_FIXED_SITE_US","name":"Chattanooga R/C Club - Summit Air Field","identifier":"FAA-REC_FIXED_SITE_US:Chattanooga R/C Club - Summit Air Field","lowerLimit":"GND","upperLimit":"700 ft AGL","authority":"FAA (Recreational Flyer Fixed Sites)"}},
{"type":"Feature","geometry":{"type":"Polygon","coordinates":[[[-86.17881,35.35679],[-86.18043,35.35374],[-86.1766,35.35487],[-86.17881,35.35679]]]},"properties":{"type":"REC_FIXED_SITE_US","name":"Coffee Airfoilers - Wattendorf Memorial Hwy","identifier":"FAA-REC_FIXED_SITE_US:Coffee Airfoilers - Wattendorf Memorial Hwy","lowerLimit":"GND","upperLimit":"700 ft AGL","authority":"FAA (Recreational Flyer Fixed Sites)"}},
{"type":"Feature","geometry":{"type":"Polygon","coordinates":[[[-86.0873,35.32393],[-86.09112,35.32281],[-86.08905,35.32088],[-86.0873,35.32393]]]},"properties":{"type":"REC_FIXED_SITE_US","name":"Coffee Airfoilers - Northshore Rd","identifier":"FAA-REC_FIXED_SITE_US:Coffee Airfoilers - Northshore Rd","lowerLimit":"GND","upperLimit":"700 ft AGL","authority":"FAA (Recreational Flyer Fixed Sites)"}},
{"type":"Feature","geometry":{"type":"Polygon","coordinates":[[[-82.21138,36.44315],[-82.21281,36.43994],[-82.20965,36.44018],[-82.21138,36.44315]]]},"properties":{"type":"REC_FIXED_SITE_US","name":"Chinquapin RC - Sky Wa Mo Road","identifier":"FAA-REC_FIXED_SITE_US:Chinquapin RC - Sky Wa Mo Road","lowerLimit":"GND","upperLimit":"700 ft AGL","authority":"FAA (Recreational Flyer Fixed Sites)"}},
{"type":"Feature","geometry":{"type":"Polygon","coordinates":[[[-82.53463,36.4198],[-82.5376,36.41708],[-82.53433,36.41725],[-82.53463,36.4198]]]},"properties":{"type":"REC_FIXED_SITE_US","name":"Johnson City Radio Controllers - Tri Cities Model Airport","identifier":"FAA-REC_FIXED_SITE_US:Johnson City Radio Controllers - Tri Cities Model Airport","lowerLimit":"GND","upperLimit":"700 ft AGL","authority":"FAA (Recreational Flyer Fixed Sites)"}},
{"type":"Feature","geometry":{"type":"Polygon","coordinates":[[[-81.82337,36.41779],[-81.82644,36.41779],[-81.82505,36.41465],[-81.82337,36.41779]]]},"properties":{"type":"REC_FIXED_SITE_US","name":"Mountain City RC Flyers-Johnson County Airport","identifier":"FAA-REC_FIXED_SITE_US:Mountain City RC Flyers-Johnson County Airport","lowerLimit":"GND","upperLimit":"700 ft AGL","authority":"FAA (Recreational Flyer Fixed Sites)"}},
{"type":"Feature","geometry":{"type":"Polygon","coordinates":[[[-82.15002,36.16865],[-82.15165,36.1656],[-82.14778,36.16684],[-82.15002,36.16865]]]},"properties":{"type":"REC_FIXED_SITE_US","name":"Mountain City RC Flyers- Ripshin Ridge Field","identifier":"FAA-REC_FIXED_SITE_US:Mountain City RC Flyers- Ripshin Ridge Field","lowerLimit":"GND","upperLimit":"1200 ft AGL","authority":"FAA (Recreational Flyer Fixed Sites)"}},
{"type":"Feature","geometry":{"type":"Polygon","coordinates":[[[-82.536,36.27981],[-82.53773,36.27684],[-82.53457,36.2766],[-82.536,36.27981]]]},"properties":{"type":"REC_FIXED_SITE_US","name":"Nolichuckey R/C Club-Woodland Rd.","identifier":"FAA-REC_FIXED_SITE_US:Nolichuckey R/C Club-Woodland Rd.","lowerLimit":"GND","upperLimit":"700 ft AGL","authority":"FAA (Recreational Flyer Fixed Sites)"}},
{"type":"Feature","geometry":{"type":"Polygon","coordinates":[[[-83.80109,36.09984],[-83.80281,36.09687],[-83.79886,36.09792],[-83.80109,36.09984]]]},"properties":{"type":"REC_FIXED_SITE_US","name":"Lucky Lane RC Club Flying Site","identifier":"FAA-REC_FIXED_SITE_US:Lucky Lane RC Club Flying Site","lowerLimit":"GND","upperLimit":"1200 ft AGL","authority":"FAA (Recreational Flyer Fixed Sites)"}},
{"type":"Feature","geometry":{"type":"Polygon","coordinates":[[[-84.05291,35.73551],[-84.05596,35.73551],[-84.05444,35.73237],[-84.05291,35.73551]]]},"properties":{"type":"REC_FIXED_SITE_US","name":"Blount County Model Aviators - Bert Kissick Memorial Airfield","identifier":"FAA-REC_FIXED_SITE_US:Blount County Model Aviators - Bert Kissick Memorial Airfield","lowerLimit":"GND","upperLimit":"700 ft AGL","authority":"FAA (Recreational Flyer Fixed Sites)"}},
{"type":"Feature","geometry":{"type":"Polygon","coordinates":[[[-84.51769,35.94452],[-84.51941,35.94155],[-84.51546,35.9426],[-84.51769,35.94452]]]},"properties":{"type":"REC_FIXED_SITE_US","name":"Tennessee Eagles R/C -  Harriman R/C Park, Fiske Rd","identifier":"FAA-REC_FIXED_SITE_US:Tennessee Eagles R/C -  Harriman R/C Park, Fiske Rd","lowerLimit":"GND","upperLimit":"700 ft AGL","authority":"FAA (Recreational Flyer Fixed Sites)"}},
{"type":"Feature","geometry":{"type":"Polygon","coordinates":[[[-83.29602,36.14881],[-83.29616,36.14519],[-83.29378,36.147],[-83.29602,36.14881]]]},"properties":{"type":"REC_FIXED_SITE_US","name":"Cherokee RC Flyers - Resource Dr","identifier":"FAA-REC_FIXED_SITE_US:Cherokee RC Flyers - Resource Dr","lowerLimit":"GND","upperLimit":"700 ft AGL","authority":"FAA (Recreational Flyer Fixed Sites)"}},
{"type":"Feature","geometry":{"type":"Polygon","coordinates":[[[-83.86859,36.06406],[-83.87012,36.06092],[-83.86696,36.061],[-83.86859,36.06406]]]},"properties":{"type":"REC_FIXED_SITE_US","name":"Volunteer Aero Modelers Inc - Luttrell Rd","identifier":"FAA-REC_FIXED_SITE_US:Volunteer Aero Modelers Inc - Luttrell Rd","lowerLimit":"GND","upperLimit":"700 ft AGL","authority":"FAA (Recreational Flyer Fixed Sites)"}},
{"type":"Feature","geometry":{"type":"Polygon","coordinates":[[[-84.23314,35.9501],[-84.23537,35.94818],[-84.23142,35.94713],[-84.23314,35.9501]]]},"properties":{"type":"REC_FIXED_SITE_US","name":"Williams Bend Rd","identifier":"FAA-REC_FIXED_SITE_US:Williams Bend Rd","lowerLimit":"GND","upperLimit":"700 ft AGL","authority":"FAA (Recreational Flyer Fixed Sites)"}},
{"type":"Feature","geometry":{"type":"Polygon","coordinates":[[[-89.67829,35.23464],[-89.6816,35.23224],[-89.67849,35.232],[-89.67829,35.23464]]]},"properties":{"type":"REC_FIXED_SITE_US","name":"Memphis Prop Busters - Inglewood PL","identifier":"FAA-REC_FIXED_SITE_US:Memphis Prop Busters - Inglewood PL","lowerLimit":"GND","upperLimit":"1200 ft AGL","authority":"FAA (Recreational Flyer Fixed Sites)"}},
{"type":"Feature","geometry":{"type":"Polygon","coordinates":[[[-89.8397,35.13291],[-89.83984,35.12929],[-89.83749,35.1311],[-89.8397,35.13291]]]},"properties":{"type":"REC_FIXED_SITE_US","name":"Memphis Prop Busters - Battlefront Rd","identifier":"FAA-REC_FIXED_SITE_US:Memphis Prop Busters - Battlefront Rd","lowerLimit":"GND","upperLimit":"1200 ft AGL","authority":"FAA (Recreational Flyer Fixed Sites)"}},
{"type":"Feature","geometry":{"type":"Polygon","coordinates":[[[-89.02389,36.4231],[-89.02403,36.41947],[-89.02164,36.42128],[-89.02389,36.4231]]]},"properties":{"type":"REC_FIXED_SITE_US","name":"Union City RC Flying Field","identifier":"FAA-REC_FIXED_SITE_US:Union City RC Flying Field","lowerLimit":"GND","upperLimit":"700 ft AGL","authority":"FAA (Recreational Flyer Fixed Sites)"}},
{"type":"Feature","geometry":{"type":"Polygon","coordinates":[[[-88.87218,35.75344],[-88.87551,35.75104],[-88.87238,35.7508],[-88.87218,35.75344]]]},"properties":{"type":"REC_FIXED_SITE_US","name":"West TN RC Fliers - DeLoach Rd","identifier":"FAA-REC_FIXED_SITE_US:West TN RC Fliers - DeLoach Rd","lowerLimit":"GND","upperLimit":"700 ft AGL","authority":"FAA (Recreational Flyer Fixed Sites)"}},
{"type":"Feature","geometry":{"type":"Polygon","coordinates":[[[-88.68334,35.48242],[-88.68486,35.47928],[-88.68172,35.47936],[-88.68334,35.48242]]]},"properties":{"type":"REC_FIXED_SITE_US","name":"Magic Valley Air Force - Old Jackson Rd","identifier":"FAA-REC_FIXED_SITE_US:Magic Valley Air Force - Old Jackson Rd","lowerLimit":"GND","upperLimit":"1200 ft AGL","authority":"FAA (Recreational Flyer Fixed Sites)"}},
{"type":"Feature","geometry":{"type":"Polygon","coordinates":[[[-87.08671,35.6674],[-87.08955,35.6646],[-87.08642,35.66484],[-87.08671,35.6674]]]},"properties":{"type":"REC_FIXED_SITE_US","name":"Columbia RC Flying Modelers - Chickasaw Trace Park","identifier":"FAA-REC_FIXED_SITE_US:Columbia RC Flying Modelers - Chickasaw Trace Park","lowerLimit":"GND","upperLimit":"700 ft AGL","authority":"FAA (Recreational Flyer Fixed Sites)"}},
{"type":"Feature","geometry":{"type":"Polygon","coordinates":[[[-85.47597,36.13319],[-85.47769,36.13022],[-85.47374,36.13127],[-85.47597,36.13319]]]},"properties":{"type":"REC_FIXED_SITE_US","name":"Upper Cumberland RC Society - Salem Rd","identifier":"FAA-REC_FIXED_SITE_US:Upper Cumberland RC Society - Salem Rd","lowerLimit":"GND","upperLimit":"700 ft AGL","authority":"FAA (Recreational Flyer Fixed Sites)"}},
{"type":"Feature","geometry":{"type":"Polygon","coordinates":[[[-85.39906,36.25245],[-85.4013,36.25064],[-85.39892,36.24883],[-85.39906,36.25245]]]},"properties":{"type":"REC_FIXED_SITE_US","name":"Area 16 Classified-147 W Netherland Rd.","identifier":"FAA-REC_FIXED_SITE_US:Area 16 Classified-147 W Netherland Rd.","lowerLimit":"GND","upperLimit":"1200 ft AGL","authority":"FAA (Recreational Flyer Fixed Sites)"}},
{"type":"Feature","geometry":{"type":"Polygon","coordinates":[[[-84.96884,35.88521],[-84.97047,35.88216],[-84.96661,35.8834],[-84.96884,35.88521]]]},"properties":{"type":"REC_FIXED_SITE_US","name":"Cumberland County RC - Buck Creek Rd","identifier":"FAA-REC_FIXED_SITE_US:Cumberland County RC - Buck Creek Rd","lowerLimit":"GND","upperLimit":"700 ft AGL","authority":"FAA (Recreational Flyer Fixed Sites)"}},
{"type":"Feature","geometry":{"type":"Polygon","coordinates":[[[-84.47722,35.32749],[-84.48053,35.32509],[-84.47742,35.32485],[-84.47722,35.32749]]]},"properties":{"type":"REC_FIXED_SITE_US","name":"McMinn County Radio Control Assn -  CR 879","identifier":"FAA-REC_FIXED_SITE_US:McMinn County Radio Control Assn -  CR 879","lowerLimit":"GND","upperLimit":"700 ft AGL","authority":"FAA (Recreational Flyer Fixed Sites)"}},
{"type":"Feature","geometry":{"type":"Polygon","coordinates":[[[-85.21115,35.2187],[-85.21267,35.21556],[-85.20954,35.21564],[-85.21115,35.2187]]]},"properties":{"type":"REC_FIXED_SITE_US","name":"Falling Water RC Flying Club - George Levi Memorial Field","identifier":"FAA-REC_FIXED_SITE_US:Falling Water RC Flying Club - George Levi Memorial Field","lowerLimit":"GND","upperLimit":"1200 ft AGL","authority":"FAA (Recreational Flyer Fixed Sites)"}},
{"type":"Feature","geometry":{"type":"Polygon","coordinates":[[[-82.19853,36.37421],[-82.20026,36.37124],[-82.1971,36.371],[-82.19853,36.37421]]]},"properties":{"type":"REC_FIXED_SITE_US","name":"Watauga Valley Aviators - Landfill Rd","identifier":"FAA-REC_FIXED_SITE_US:Watauga Valley Aviators - Landfill Rd","lowerLimit":"GND","upperLimit":"700 ft AGL","authority":"FAA (Recreational Flyer Fixed Sites)"}},
{"type":"Feature","geometry":{"type":"Polygon","coordinates":[[[-83.7972,36.12421],[-83.79892,36.12124],[-83.79497,36.12229],[-83.7972,36.12421]]]},"properties":{"type":"REC_FIXED_SITE_US","name":"House Mountain Radio Control - Thompson Airpark","identifier":"FAA-REC_FIXED_SITE_US:House Mountain Radio Control - Thompson Airpark","lowerLimit":"GND","upperLimit":"1200 ft AGL","authority":"FAA (Recreational Flyer Fixed Sites)"}},
{"type":"Feature","geometry":{"type":"Polygon","coordinates":[[[-83.55431,35.82797],[-83.55654,35.82616],[-83.55289,35.82476],[-83.55431,35.82797]]]},"properties":{"type":"REC_FIXED_SITE_US","name":"Smoky Mountain Aero  Club - Rainbow Rd","identifier":"FAA-REC_FIXED_SITE_US:Smoky Mountain Aero  Club - Rainbow Rd","lowerLimit":"GND","upperLimit":"700 ft AGL","authority":"FAA (Recreational Flyer Fixed Sites)"}},
{"type":"Feature","geometry":{"type":"Polygon","coordinates":[[[-84.52543,35.54929],[-84.52927,35.54817],[-84.52719,35.54624],[-84.52543,35.54929]]]},"properties":{"type":"REC_FIXED_SITE_US","name":"Valley Flyers - West Wind Airpark","identifier":"FAA-REC_FIXED_SITE_US:Valley Flyers - West Wind Airpark","lowerLimit":"GND","upperLimit":"700 ft AGL","authority":"FAA (Recreational Flyer Fixed Sites)"}},
{"type":"Feature","geometry":{"type":"Polygon","coordinates":[[[-96.386,32.88681],[-96.38766,32.88384],[-96.38463,32.8836],[-96.386,32.88681]]]},"properties":{"type":"REC_FIXED_SITE_US","name":"Rockwall RC Sport Flyers - Dowell Rd","identifier":"FAA-REC_FIXED_SITE_US:Rockwall RC Sport Flyers - Dowell Rd","lowerLimit":"GND","upperLimit":"700 ft AGL","authority":"FAA (Recreational Flyer Fixed Sites)"}},
{"type":"Feature","geometry":{"type":"Polygon","coordinates":[[[-97.04446,32.57156],[-97.04593,32.56842],[-97.04232,32.56975],[-97.04446,32.57156]]]},"properties":{"type":"REC_FIXED_SITE_US","name":"Golden Triangle RC Club - Low Branch Park","identifier":"FAA-REC_FIXED_SITE_US:Golden Triangle RC Club - Low Branch Park","lowerLimit":"GND","upperLimit":"700 ft AGL","authority":"FAA (Recreational Flyer Fixed Sites)"}},
{"type":"Feature","geometry":{"type":"Polygon","coordinates":[[[-96.99432,33.09962],[-96.99728,33.09962],[-96.99594,33.09649],[-96.99432,33.09962]]]},"properties":{"type":"REC_FIXED_SITE_US","name":"Falcons of Lake Dallas - Westlake Park","identifier":"FAA-REC_FIXED_SITE_US:Falcons of Lake Dallas - Westlake Park","lowerLimit":"GND","upperLimit":"700 ft AGL","authority":"FAA (Recreational Flyer Fixed Sites)"}},
{"type":"Feature","geometry":{"type":"Polygon","coordinates":[[[-96.65632,33.25001],[-96.65928,33.25001],[-96.65794,33.24688],[-96.65632,33.25001]]]},"properties":{"type":"REC_FIXED_SITE_US","name":"Sky High RC Club - Erwin Park","identifier":"FAA-REC_FIXED_SITE_US:Sky High RC Club - Erwin Park","lowerLimit":"GND","upperLimit":"700 ft AGL","authority":"FAA (Recreational Flyer Fixed Sites)"}},
{"type":"Feature","geometry":{"type":"Polygon","coordinates":[[[-96.5908,32.91918],[-96.59375,32.91653],[-96.59071,32.91661],[-96.5908,32.91918]]]},"properties":{"type":"REC_FIXED_SITE_US","name":"Rowlett R/C Flying Club - Dexham Rd","identifier":"FAA-REC_FIXED_SITE_US:Rowlett R/C Flying Club - Dexham Rd","lowerLimit":"GND","upperLimit":"700 ft AGL","authority":"FAA (Recreational Flyer Fixed Sites)"}},
{"type":"Feature","geometry":{"type":"Polygon","coordinates":[[[-96.75018,33.64589],[-96.75166,33.64275],[-96.74869,33.64275],[-96.75018,33.64589]]]},"properties":{"type":"REC_FIXED_SITE_US","name":"Pete Darter Flying Field","identifier":"FAA-REC_FIXED_SITE_US:Pete Darter Flying Field","lowerLimit":"GND","upperLimit":"700 ft AGL","authority":"FAA (Recreational Flyer Fixed Sites)"}},
{"type":"Feature","geometry":{"type":"Polygon","coordinates":[[[-96.4256,32.07191],[-96.42724,32.06894],[-96.42424,32.0687],[-96.4256,32.07191]]]},"properties":{"type":"REC_FIXED_SITE_US","name":"Corsicana Miniature Aircraft Club COR-MAC - Lake Halbert Rd","identifier":"FAA-REC_FIXED_SITE_US:Corsicana Miniature Aircraft Club COR-MAC - Lake Halbert Rd","lowerLimit":"GND","upperLimit":"700 ft AGL","authority":"FAA (Recreational Flyer Fixed Sites)"}},
{"type":"Feature","geometry":{"type":"Polygon","coordinates":[[[-96.6653,32.81181],[-96.66696,32.80884],[-96.66393,32.8086],[-96.6653,32.81181]]]},"properties":{"type":"REC_FIXED_SITE_US","name":"Dallas Electric Aircraft Fliers - Eastfield Community College","identifier":"FAA-REC_FIXED_SITE_US:Dallas Electric Aircraft Fliers - Eastfield Community College","lowerLimit":"GND","upperLimit":"700 ft AGL","authority":"FAA (Recreational Flyer Fixed Sites)"}},
{"type":"Feature","geometry":{"type":"Polygon","coordinates":[[[-96.57597,32.64545],[-96.57583,32.64182],[-96.57382,32.64363],[-96.57597,32.64545]]]},"properties":{"type":"REC_FIXED_SITE_US","name":"Simonds Lake Park","identifier":"FAA-REC_FIXED_SITE_US:Simonds Lake Park","lowerLimit":"GND","upperLimit":"700 ft AGL","authority":"FAA (Recreational Flyer Fixed Sites)"}},
{"type":"Feature","geometry":{"type":"Polygon","coordinates":[[[-96.87279,32.30359],[-96.87435,32.30053],[-96.87066,32.30166],[-96.87279,32.30359]]]},"properties":{"type":"REC_FIXED_SITE_US","name":"Skyblazers of Waxahachie - George Shanks Private Airstrip","identifier":"FAA-REC_FIXED_SITE_US:Skyblazers of Waxahachie - George Shanks Private Airstrip","lowerLimit":"GND","upperLimit":"1200 ft AGL","authority":"FAA (Recreational Flyer Fixed Sites)"}},
{"type":"Feature","geometry":{"type":"Polygon","coordinates":[[[-96.6717,32.86861],[-96.67336,32.86564],[-96.67033,32.8654],[-96.6717,32.86861]]]},"properties":{"type":"REC_FIXED_SITE_US","name":"Dallas Model Aircraft Association - Garland Park","identifier":"FAA-REC_FIXED_SITE_US:Dallas Model Aircraft Association - Garland Park","lowerLimit":"GND","upperLimit":"700 ft AGL","authority":"FAA (Recreational Flyer Fixed Sites)"}},
{"type":"Feature","geometry":{"type":"Polygon","coordinates":[[[-96.51962,33.10868],[-96.52267,33.10611],[-96.51962,33.10603],[-96.51962,33.10868]]]},"properties":{"type":"REC_FIXED_SITE_US","name":"Richardson RC Club - Bratonia Park","identifier":"FAA-REC_FIXED_SITE_US:Richardson RC Club - Bratonia Park","lowerLimit":"GND","upperLimit":"700 ft AGL","authority":"FAA (Recreational Flyer Fixed Sites)"}},
{"type":"Feature","geometry":{"type":"Polygon","coordinates":[[[-95.0054,33.08967],[-95.00756,33.08785],[-95.00554,33.08604],[-95.0054,33.08967]]]},"properties":{"type":"REC_FIXED_SITE_US","name":"NETRC Flying Field, Lake Bob Sandlan","identifier":"FAA-REC_FIXED_SITE_US:NETRC Flying Field, Lake Bob Sandlan","lowerLimit":"GND","upperLimit":"700 ft AGL","authority":"FAA (Recreational Flyer Fixed Sites)"}},
{"type":"Feature","geometry":{"type":"Polygon","coordinates":[[[-96.10683,32.96797],[-96.10697,32.96435],[-96.10468,32.96616],[-96.10683,32.96797]]]},"properties":{"type":"REC_FIXED_SITE_US","name":"Greenville R/C Airplane Club - TX 34","identifier":"FAA-REC_FIXED_SITE_US:Greenville R/C Airplane Club - TX 34","lowerLimit":"GND","upperLimit":"700 ft AGL","authority":"FAA (Recreational Flyer Fixed Sites)"}},
{"type":"Feature","geometry":{"type":"Polygon","coordinates":[[[-96.36206,33.3808],[-96.36531,33.3784],[-96.36226,33.37816],[-96.36206,33.3808]]]},"properties":{"type":"REC_FIXED_SITE_US","name":"IC Creek TX 78 flying site","identifier":"FAA-REC_FIXED_SITE_US:IC Creek TX 78 flying site","lowerLimit":"GND","upperLimit":"1200 ft AGL","authority":"FAA (Recreational Flyer Fixed Sites)"}},
{"type":"Feature","geometry":{"type":"Polygon","coordinates":[[[-94.16111,33.32598],[-94.16111,33.32235],[-94.15895,33.32405],[-94.16111,33.32598]]]},"properties":{"type":"REC_FIXED_SITE_US","name":"Texarkana RC Flying Club - Corps Rd 1","identifier":"FAA-REC_FIXED_SITE_US:Texarkana RC Flying Club - Corps Rd 1","lowerLimit":"GND","upperLimit":"1200 ft AGL","authority":"FAA (Recreational Flyer Fixed Sites)"}},
{"type":"Feature","geometry":{"type":"Polygon","coordinates":[[[-95.32644,32.38771],[-95.328,32.38465],[-95.32488,32.38465],[-95.32644,32.38771]]]},"properties":{"type":"REC_FIXED_SITE_US","name":"Northside RC Airpark","identifier":"FAA-REC_FIXED_SITE_US:Northside RC Airpark","lowerLimit":"GND","upperLimit":"700 ft AGL","authority":"FAA (Recreational Flyer Fixed Sites)"}},
{"type":"Feature","geometry":{"type":"Polygon","coordinates":[[[-95.42845,32.06243],[-95.42845,32.0588],[-95.42632,32.06051],[-95.42845,32.06243]]]},"properties":{"type":"REC_FIXED_SITE_US","name":"Tyler Model's Club - Lakewood Float Flying Area","identifier":"FAA-REC_FIXED_SITE_US:Tyler Model's Club - Lakewood Float Flying Area","lowerLimit":"GND","upperLimit":"1200 ft AGL","authority":"FAA (Recreational Flyer Fixed Sites)"}},
{"type":"Feature","geometry":{"type":"Polygon","coordinates":[[[-95.4472,31.30511],[-95.44883,31.30214],[-95.44585,31.3019],[-95.4472,31.30511]]]},"properties":{"type":"REC_FIXED_SITE_US","name":"Houston CO Screaming Eagles RC - Crockett Convention Center","identifier":"FAA-REC_FIXED_SITE_US:Houston CO Screaming Eagles RC - Crockett Convention Center","lowerLimit":"GND","upperLimit":"700 ft AGL","authority":"FAA (Recreational Flyer Fixed Sites)"}},
{"type":"Feature","geometry":{"type":"Polygon","coordinates":[[[-94.7277,31.3809],[-94.72982,31.37909],[-94.72635,31.37769],[-94.7277,31.3809]]]},"properties":{"type":"REC_FIXED_SITE_US","name":"Lufkin Area R C Modelers Club Inc - Martin Luther King Blvd","identifier":"FAA-REC_FIXED_SITE_US:Lufkin Area R C Modelers Club Inc - Martin Luther King Blvd","lowerLimit":"GND","upperLimit":"1200 ft AGL","authority":"FAA (Recreational Flyer Fixed Sites)"}},
{"type":"Feature","geometry":{"type":"Polygon","coordinates":[[[-94.00136,30.94733],[-94.0027,30.94412],[-93.99973,30.94436],[-94.00136,30.94733]]]},"properties":{"type":"REC_FIXED_SITE_US","name":"Jasper Aero Modelers -  Temple Dr","identifier":"FAA-REC_FIXED_SITE_US:Jasper Aero Modelers -  Temple Dr","lowerLimit":"GND","upperLimit":"700 ft AGL","authority":"FAA (Recreational Flyer Fixed Sites)"}},
{"type":"Feature","geometry":{"type":"Polygon","coordinates":[[[-94.6675,31.64854],[-94.66905,31.64549],[-94.66538,31.64662],[-94.6675,31.64854]]]},"properties":{"type":"REC_FIXED_SITE_US","name":"Nacogdoches Aero Modelers-Nacogdoches Landfill","identifier":"FAA-REC_FIXED_SITE_US:Nacogdoches Aero Modelers-Nacogdoches Landfill","lowerLimit":"GND","upperLimit":"700 ft AGL","authority":"FAA (Recreational Flyer Fixed Sites)"}},
{"type":"Feature","geometry":{"type":"Polygon","coordinates":[[[-94.70334,31.58212],[-94.70497,31.57915],[-94.70199,31.57891],[-94.70334,31.58212]]]},"properties":{"type":"REC_FIXED_SITE_US","name":"Nacogdoches Aero Modelers Club - AL Mangham Jr Regional Airport","identifier":"FAA-REC_FIXED_SITE_US:Nacogdoches Aero Modelers Club - AL Mangham Jr Regional Airport","lowerLimit":"GND","upperLimit":"700 ft AGL","authority":"FAA (Recreational Flyer Fixed Sites)"}},
{"type":"Feature","geometry":{"type":"Polygon","coordinates":[[[-97.82276,32.39155],[-97.82441,32.38858],[-97.82062,32.38974],[-97.82276,32.39155]]]},"properties":{"type":"REC_FIXED_SITE_US","name":"Western Aero Modeling Society -  3400 Calico Court","identifier":"FAA-REC_FIXED_SITE_US:Western Aero Modeling Society -  3400 Calico Court","lowerLimit":"GND","upperLimit":"700 ft AGL","authority":"FAA (Recreational Flyer Fixed Sites)"}},
{"type":"Feature","geometry":{"type":"Polygon","coordinates":[[[-97.2056,32.78371],[-97.20717,32.78066],[-97.20345,32.7819],[-97.2056,32.78371]]]},"properties":{"type":"REC_FIXED_SITE_US","name":"Greater Southwest Aero Modelers Inc - Randol Mill Rd","identifier":"FAA-REC_FIXED_SITE_US:Greater Southwest Aero Modelers Inc - Randol Mill Rd","lowerLimit":"GND","upperLimit":"700 ft AGL","authority":"FAA (Recreational Flyer Fixed Sites)"}},
{"type":"Feature","geometry":{"type":"Polygon","coordinates":[[[-97.48516,32.61207],[-97.48652,32.60885],[-97.48359,32.60901],[-97.48516,32.61207]]]},"properties":{"type":"REC_FIXED_SITE_US","name":"Fort Worth Thunderbirds R/C Association, Inc - Winscot Plover Rd","identifier":"FAA-REC_FIXED_SITE_US:Fort Worth Thunderbirds R/C Association, Inc - Winscot Plover Rd","lowerLimit":"GND","upperLimit":"700 ft AGL","authority":"FAA (Recreational Flyer Fixed Sites)"}},
{"type":"Feature","geometry":{"type":"Polygon","coordinates":[[[-97.47003,32.99201],[-97.47218,32.99008],[-97.46787,32.99019],[-97.47003,32.99201]]]},"properties":{"type":"REC_FIXED_SITE_US","name":"Texas Wing RC Flying Club - Morris Dido Newark Rd","identifier":"FAA-REC_FIXED_SITE_US:Texas Wing RC Flying Club - Morris Dido Newark Rd","lowerLimit":"GND","upperLimit":"700 ft AGL","authority":"FAA (Recreational Flyer Fixed Sites)"}},
{"type":"Feature","geometry":{"type":"Polygon","coordinates":[[[-96.94927,33.2931],[-96.95291,33.29189],[-96.95089,33.28997],[-96.94927,33.2931]]]},"properties":{"type":"REC_FIXED_SITE_US","name":"Jacks Heli Club - Doherty Dr","identifier":"FAA-REC_FIXED_SITE_US:Jacks Heli Club - Doherty Dr","lowerLimit":"GND","upperLimit":"700 ft AGL","authority":"FAA (Recreational Flyer Fixed Sites)"}},
{"type":"Feature","geometry":{"type":"Polygon","coordinates":[[[-97.19777,33.65337],[-97.19944,33.6504],[-97.1956,33.65156],[-97.19777,33.65337]]]},"properties":{"type":"REC_FIXED_SITE_US","name":"Gainesville Municipal Airport","identifier":"FAA-REC_FIXED_SITE_US:Gainesville Municipal Airport","lowerLimit":"GND","upperLimit":"700 ft AGL","authority":"FAA (Recreational Flyer Fixed Sites)"}},
{"type":"Feature","geometry":{"type":"Polygon","coordinates":[[[-98.55661,33.84664],[-98.56027,33.84543],[-98.55824,33.84351],[-98.55661,33.84664]]]},"properties":{"type":"REC_FIXED_SITE_US","name":"Wichita Falls Radio Control Club - WFRCC Lake Wichita Park","identifier":"FAA-REC_FIXED_SITE_US:Wichita Falls Radio Control Club - WFRCC Lake Wichita Park","lowerLimit":"GND","upperLimit":"700 ft AGL","authority":"FAA (Recreational Flyer Fixed Sites)"}},
{"type":"Feature","geometry":{"type":"Polygon","coordinates":[[[-98.77588,33.41322],[-98.77755,33.41025],[-98.7745,33.41001],[-98.77588,33.41322]]]},"properties":{"type":"REC_FIXED_SITE_US","name":"Johnson County Flyers - FM 2178","identifier":"FAA-REC_FIXED_SITE_US:Johnson County Flyers - FM 2178","lowerLimit":"GND","upperLimit":"700 ft AGL","authority":"FAA (Recreational Flyer Fixed Sites)"}},
{"type":"Feature","geometry":{"type":"Polygon","coordinates":[[[-98.18069,32.21887],[-98.18283,32.21705],[-98.17856,32.21694],[-98.18069,32.21887]]]},"properties":{"type":"REC_FIXED_SITE_US","name":"Cross Timbers R/C Club - Clark Field Municipal Airport","identifier":"FAA-REC_FIXED_SITE_US:Cross Timbers R/C Club - Clark Field Municipal Airport","lowerLimit":"GND","upperLimit":"700 ft AGL","authority":"FAA (Recreational Flyer Fixed Sites)"}},
{"type":"Feature","geometry":{"type":"Polygon","coordinates":[[[-97.47656,31.2128],[-97.48012,31.21147],[-97.47814,31.20966],[-97.47656,31.2128]]]},"properties":{"type":"REC_FIXED_SITE_US","name":"Temple Aero Modelers - McGregor Park","identifier":"FAA-REC_FIXED_SITE_US:Temple Aero Modelers - McGregor Park","lowerLimit":"GND","upperLimit":"700 ft AGL","authority":"FAA (Recreational Flyer Fixed Sites)"}},
{"type":"Feature","geometry":{"type":"Polygon","coordinates":[[[-98.1455,31.67037],[-98.14841,31.67037],[-98.14695,31.66723],[-98.1455,31.67037]]]},"properties":{"type":"REC_FIXED_SITE_US","name":"HAMILTON MUNICIPAL AIRPORT","identifier":"FAA-REC_FIXED_SITE_US:HAMILTON MUNICIPAL AIRPORT","lowerLimit":"GND","upperLimit":"700 ft AGL","authority":"FAA (Recreational Flyer Fixed Sites)"}},
{"type":"Feature","geometry":{"type":"Polygon","coordinates":[[[-97.62524,31.01063],[-97.62537,31.007],[-97.62314,31.0087],[-97.62524,31.01063]]]},"properties":{"type":"REC_FIXED_SITE_US","name":"Cen-Tex Modelers Inc - Hall Field","identifier":"FAA-REC_FIXED_SITE_US:Cen-Tex Modelers Inc - Hall Field","lowerLimit":"GND","upperLimit":"700 ft AGL","authority":"FAA (Recreational Flyer Fixed Sites)"}},
{"type":"Feature","geometry":{"type":"Polygon","coordinates":[[[-97.14059,30.68753],[-97.14269,30.68583],[-97.13906,30.68448],[-97.14059,30.68753]]]},"properties":{"type":"REC_FIXED_SITE_US","name":"Fly Apache Pass RC - Apache Pass Airpark","identifier":"FAA-REC_FIXED_SITE_US:Fly Apache Pass RC - Apache Pass Airpark","lowerLimit":"GND","upperLimit":"1200 ft AGL","authority":"FAA (Recreational Flyer Fixed Sites)"}},
{"type":"Feature","geometry":{"type":"Polygon","coordinates":[[[-97.35881,31.92882],[-97.36191,31.92634],[-97.35881,31.92618],[-97.35881,31.92882]]]},"properties":{"type":"REC_FIXED_SITE_US","name":"Whitney Area Miniature Aircraft Club - Lake Whitney State Park","identifier":"FAA-REC_FIXED_SITE_US:Whitney Area Miniature Aircraft Club - Lake Whitney State Park","lowerLimit":"GND","upperLimit":"1200 ft AGL","authority":"FAA (Recreational Flyer Fixed Sites)"}},
{"type":"Feature","geometry":{"type":"Polygon","coordinates":[[[-100.50719,31.45118],[-100.51009,31.44854],[-100.50719,31.44854],[-100.50719,31.45118]]]},"properties":{"type":"REC_FIXED_SITE_US","name":"Angelo RC Inc - Angelo RC Airfield","identifier":"FAA-REC_FIXED_SITE_US:Angelo RC Inc - Angelo RC Airfield","lowerLimit":"GND","upperLimit":"700 ft AGL","authority":"FAA (Recreational Flyer Fixed Sites)"}},
{"type":"Feature","geometry":{"type":"Polygon","coordinates":[[[-95.69106,29.72833],[-95.69314,29.72652],[-95.68963,29.7252],[-95.69106,29.72833]]]},"properties":{"type":"REC_FIXED_SITE_US","name":"Dick Scobee Memorial Airfield","identifier":"FAA-REC_FIXED_SITE_US:Dick Scobee Memorial Airfield","lowerLimit":"GND","upperLimit":"700 ft AGL","authority":"FAA (Recreational Flyer Fixed Sites)"}},
{"type":"Feature","geometry":{"type":"Polygon","coordinates":[[[-94.9637,30.78176],[-94.96532,30.77879],[-94.96236,30.77855],[-94.9637,30.78176]]]},"properties":{"type":"REC_FIXED_SITE_US","name":"A.R.F. R/C Club - Elwood Field","identifier":"FAA-REC_FIXED_SITE_US:A.R.F. R/C Club - Elwood Field","lowerLimit":"GND","upperLimit":"700 ft AGL","authority":"FAA (Recreational Flyer Fixed Sites)"}},
{"type":"Feature","geometry":{"type":"Polygon","coordinates":[[[-95.48608,30.56233],[-95.48914,30.55985],[-95.48608,30.55969],[-95.48608,30.56233]]]},"properties":{"type":"REC_FIXED_SITE_US","name":"Tri-County Barnstormers - Ray Brickhouse Field","identifier":"FAA-REC_FIXED_SITE_US:Tri-County Barnstormers - Ray Brickhouse Field","lowerLimit":"GND","upperLimit":"700 ft AGL","authority":"FAA (Recreational Flyer Fixed Sites)"}},
{"type":"Feature","geometry":{"type":"Polygon","coordinates":[[[-95.68097,30.04748],[-95.68305,30.04555],[-95.68083,30.04385],[-95.68097,30.04748]]]},"properties":{"type":"REC_FIXED_SITE_US","name":"Spring Area Radio Kontrol Society - Dyess Park","identifier":"FAA-REC_FIXED_SITE_US:Spring Area Radio Kontrol Society - Dyess Park","lowerLimit":"GND","upperLimit":"700 ft AGL","authority":"FAA (Recreational Flyer Fixed Sites)"}},
{"type":"Feature","geometry":{"type":"Polygon","coordinates":[[[-96.05933,29.94112],[-96.06085,29.93806],[-96.05724,29.9393],[-96.05933,29.94112]]]},"properties":{"type":"REC_FIXED_SITE_US","name":"Bomber Field USA - Bomber Field","identifier":"FAA-REC_FIXED_SITE_US:Bomber Field USA - Bomber Field","lowerLimit":"GND","upperLimit":"1200 ft AGL","authority":"FAA (Recreational Flyer Fixed Sites)"}},
{"type":"Feature","geometry":{"type":"Polygon","coordinates":[[[-95.82755,29.93885],[-95.82907,29.93579],[-95.82612,29.93571],[-95.82755,29.93885]]]},"properties":{"type":"REC_FIXED_SITE_US","name":"Northwest Houston RC Club -  Katy Hockley Rd","identifier":"FAA-REC_FIXED_SITE_US:Northwest Houston RC Club -  Katy Hockley Rd","lowerLimit":"GND","upperLimit":"1200 ft AGL","authority":"FAA (Recreational Flyer Fixed Sites)"}},
{"type":"Feature","geometry":{"type":"Polygon","coordinates":[[[-95.83639,29.54462],[-95.83652,29.54099],[-95.83432,29.54269],[-95.83639,29.54462]]]},"properties":{"type":"REC_FIXED_SITE_US","name":"Fort Bend Radio Control Club - Klauke Rd","identifier":"FAA-REC_FIXED_SITE_US:Fort Bend Radio Control Club - Klauke Rd","lowerLimit":"GND","upperLimit":"700 ft AGL","authority":"FAA (Recreational Flyer Fixed Sites)"}},
{"type":"Feature","geometry":{"type":"Polygon","coordinates":[[[-95.81624,29.8686],[-95.81638,29.86497],[-95.81416,29.86678],[-95.81624,29.8686]]]},"properties":{"type":"REC_FIXED_SITE_US","name":"Space City RC Club - Katy Hockley Rd","identifier":"FAA-REC_FIXED_SITE_US:Space City RC Club - Katy Hockley Rd","lowerLimit":"GND","upperLimit":"700 ft AGL","authority":"FAA (Recreational Flyer Fixed Sites)"}},
{"type":"Feature","geometry":{"type":"Polygon","coordinates":[[[-95.0055,29.88246],[-95.00702,29.8794],[-95.00407,29.87932],[-95.0055,29.88246]]]},"properties":{"type":"REC_FIXED_SITE_US","name":"Prop Nuts RC Club - 2 - Wolcek Rd","identifier":"FAA-REC_FIXED_SITE_US:Prop Nuts RC Club - 2 - Wolcek Rd","lowerLimit":"GND","upperLimit":"700 ft AGL","authority":"FAA (Recreational Flyer Fixed Sites)"}},
{"type":"Feature","geometry":{"type":"Polygon","coordinates":[[[-95.01927,30.06352],[-95.02213,30.06352],[-95.02083,30.06039],[-95.01927,30.06352]]]},"properties":{"type":"REC_FIXED_SITE_US","name":"Jetero RC Club Inc - FM 686","identifier":"FAA-REC_FIXED_SITE_US:Jetero RC Club Inc - FM 686","lowerLimit":"GND","upperLimit":"700 ft AGL","authority":"FAA (Recreational Flyer Fixed Sites)"}},
{"type":"Feature","geometry":{"type":"Polygon","coordinates":[[[-94.99672,29.44192],[-94.99814,29.43878],[-94.99465,29.44011],[-94.99672,29.44192]]]},"properties":{"type":"REC_FIXED_SITE_US","name":"Texas City RC Club -  Humble Camp Rd","identifier":"FAA-REC_FIXED_SITE_US:Texas City RC Club -  Humble Camp Rd","lowerLimit":"GND","upperLimit":"700 ft AGL","authority":"FAA (Recreational Flyer Fixed Sites)"}},
{"type":"Feature","geometry":{"type":"Polygon","coordinates":[[[-95.32618,29.03341],[-95.32825,29.03159],[-95.32412,29.03148],[-95.32618,29.03341]]]},"properties":{"type":"REC_FIXED_SITE_US","name":"Brazoria County Modelers Assn - FM 523","identifier":"FAA-REC_FIXED_SITE_US:Brazoria County Modelers Assn - FM 523","lowerLimit":"GND","upperLimit":"1200 ft AGL","authority":"FAA (Recreational Flyer Fixed Sites)"}},
{"type":"Feature","geometry":{"type":"Polygon","coordinates":[[[-95.04728,29.37532],[-95.04935,29.37351],[-95.04586,29.37218],[-95.04728,29.37532]]]},"properties":{"type":"REC_FIXED_SITE_US","name":"Texas Cloudbusters - Jack Brooks Rd South","identifier":"FAA-REC_FIXED_SITE_US:Texas Cloudbusters - Jack Brooks Rd South","lowerLimit":"GND","upperLimit":"700 ft AGL","authority":"FAA (Recreational Flyer Fixed Sites)"}},
{"type":"Feature","geometry":{"type":"Polygon","coordinates":[[[-93.88385,30.11725],[-93.88518,30.11403],[-93.88232,30.11419],[-93.88385,30.11725]]]},"properties":{"type":"REC_FIXED_SITE_US","name":"Orange County R/C Club - Ames Field","identifier":"FAA-REC_FIXED_SITE_US:Orange County R/C Club - Ames Field","lowerLimit":"GND","upperLimit":"700 ft AGL","authority":"FAA (Recreational Flyer Fixed Sites)"}},
{"type":"Feature","geometry":{"type":"Polygon","coordinates":[[[-96.31221,30.75259],[-96.31431,30.75089],[-96.31087,30.74937],[-96.31221,30.75259]]]},"properties":{"type":"REC_FIXED_SITE_US","name":"Brazos Valley RC Modelers - Dan Gray Memorial Flying Field","identifier":"FAA-REC_FIXED_SITE_US:Brazos Valley RC Modelers - Dan Gray Memorial Flying Field","lowerLimit":"GND","upperLimit":"700 ft AGL","authority":"FAA (Recreational Flyer Fixed Sites)"}},
{"type":"Feature","geometry":{"type":"Polygon","coordinates":[[[-96.54527,28.94709],[-96.54527,28.94345],[-96.54321,28.94516],[-96.54527,28.94709]]]},"properties":{"type":"REC_FIXED_SITE_US","name":"Victoria Radio Control Flyers - Plantation Dr","identifier":"FAA-REC_FIXED_SITE_US:Victoria Radio Control Flyers - Plantation Dr","lowerLimit":"GND","upperLimit":"700 ft AGL","authority":"FAA (Recreational Flyer Fixed Sites)"}},
{"type":"Feature","geometry":{"type":"Polygon","coordinates":[[[-98.81919,29.89031],[-98.82127,29.88839],[-98.81758,29.88734],[-98.81919,29.89031]]]},"properties":{"type":"REC_FIXED_SITE_US","name":"Boerne Area Model Society - Joshua Springs Park","identifier":"FAA-REC_FIXED_SITE_US:Boerne Area Model Society - Joshua Springs Park","lowerLimit":"GND","upperLimit":"700 ft AGL","authority":"FAA (Recreational Flyer Fixed Sites)"}},
{"type":"Feature","geometry":{"type":"Polygon","coordinates":[[[-99.10904,30.02591],[-99.11113,30.02409],[-99.10696,30.02398],[-99.10904,30.02591]]]},"properties":{"type":"REC_FIXED_SITE_US","name":"Kerrville R/C Flyers - City Sanitary Landfill","identifier":"FAA-REC_FIXED_SITE_US:Kerrville R/C Flyers - City Sanitary Landfill","lowerLimit":"GND","upperLimit":"700 ft AGL","authority":"FAA (Recreational Flyer Fixed Sites)"}},
{"type":"Feature","geometry":{"type":"Polygon","coordinates":[[[-99.66938,27.69323],[-99.67227,27.69066],[-99.66929,27.69066],[-99.66938,27.69323]]]},"properties":{"type":"REC_FIXED_SITE_US","name":"RC Modelers of Laredo, Pinto Valle Rd.","identifier":"FAA-REC_FIXED_SITE_US:RC Modelers of Laredo, Pinto Valle Rd.","lowerLimit":"GND","upperLimit":"1200 ft AGL","authority":"FAA (Recreational Flyer Fixed Sites)"}},
{"type":"Feature","geometry":{"type":"Polygon","coordinates":[[[-98.2932,29.91877],[-98.29529,29.91695],[-98.29112,29.91684],[-98.2932,29.91877]]]},"properties":{"type":"REC_FIXED_SITE_US","name":"Shoreline Aeronauts - Shoreline Park","identifier":"FAA-REC_FIXED_SITE_US:Shoreline Aeronauts - Shoreline Park","lowerLimit":"GND","upperLimit":"1200 ft AGL","authority":"FAA (Recreational Flyer Fixed Sites)"}},
{"type":"Feature","geometry":{"type":"Polygon","coordinates":[[[-98.33632,29.272],[-98.33924,29.26943],[-98.33632,29.26935],[-98.33632,29.272]]]},"properties":{"type":"REC_FIXED_SITE_US","name":"San Antonio Radio Control Club - Midlake Airport","identifier":"FAA-REC_FIXED_SITE_US:San Antonio Radio Control Club - Midlake Airport","lowerLimit":"GND","upperLimit":"700 ft AGL","authority":"FAA (Recreational Flyer Fixed Sites)"}},
{"type":"Feature","geometry":{"type":"Polygon","coordinates":[[[-98.13276,29.42961],[-98.13483,29.42791],[-98.13124,29.42656],[-98.13276,29.42961]]]},"properties":{"type":"REC_FIXED_SITE_US","name":"Heart of Texas Soaring Society HOTSS - Cibolo Seawillow Airpark","identifier":"FAA-REC_FIXED_SITE_US:Heart of Texas Soaring Society HOTSS - Cibolo Seawillow Airpark","lowerLimit":"GND","upperLimit":"700 ft AGL","authority":"FAA (Recreational Flyer Fixed Sites)"}},
{"type":"Feature","geometry":{"type":"Polygon","coordinates":[[[-98.5087,29.73127],[-98.51022,29.72821],[-98.50737,29.72806],[-98.5087,29.73127]]]},"properties":{"type":"REC_FIXED_SITE_US","name":"Bulverde Aero Modelers - Specht Rd","identifier":"FAA-REC_FIXED_SITE_US:Bulverde Aero Modelers - Specht Rd","lowerLimit":"GND","upperLimit":"700 ft AGL","authority":"FAA (Recreational Flyer Fixed Sites)"}},
{"type":"Feature","geometry":{"type":"Polygon","coordinates":[[[-97.22305,27.93126],[-97.22305,27.92762],[-97.22101,27.92933],[-97.22305,27.93126]]]},"properties":{"type":"REC_FIXED_SITE_US","name":"Coastal Bend Radio Control Association, Texas 35","identifier":"FAA-REC_FIXED_SITE_US:Coastal Bend Radio Control Association, Texas 35","lowerLimit":"GND","upperLimit":"700 ft AGL","authority":"FAA (Recreational Flyer Fixed Sites)"}},
{"type":"Feature","geometry":{"type":"Polygon","coordinates":[[[-97.75358,27.61375],[-97.75561,27.61182],[-97.75345,27.61012],[-97.75358,27.61375]]]},"properties":{"type":"REC_FIXED_SITE_US","name":"Bishop Municipal Airport","identifier":"FAA-REC_FIXED_SITE_US:Bishop Municipal Airport","lowerLimit":"GND","upperLimit":"700 ft AGL","authority":"FAA (Recreational Flyer Fixed Sites)"}},
{"type":"Feature","geometry":{"type":"Polygon","coordinates":[[[-98.1504,26.15422],[-98.1504,26.15058],[-98.14839,26.15229],[-98.1504,26.15422]]]},"properties":{"type":"REC_FIXED_SITE_US","name":"Tejas RC Association - Main Floodway","identifier":"FAA-REC_FIXED_SITE_US:Tejas RC Association - Main Floodway","lowerLimit":"GND","upperLimit":"700 ft AGL","authority":"FAA (Recreational Flyer Fixed Sites)"}},
{"type":"Feature","geometry":{"type":"Polygon","coordinates":[[[-97.87555,26.17736],[-97.87756,26.17555],[-97.87542,26.17373],[-97.87555,26.17736]]]},"properties":{"type":"REC_FIXED_SITE_US","name":"Small Model Aircraft Society of Harlingen - Old Rebel Airport","identifier":"FAA-REC_FIXED_SITE_US:Small Model Aircraft Society of Harlingen - Old Rebel Airport","lowerLimit":"GND","upperLimit":"700 ft AGL","authority":"FAA (Recreational Flyer Fixed Sites)"}},
{"type":"Feature","geometry":{"type":"Polygon","coordinates":[[[-97.58653,26.2217],[-97.58666,26.21807],[-97.58452,26.21977],[-97.58653,26.2217]]]},"properties":{"type":"REC_FIXED_SITE_US","name":"Small Model Aircraft Society of Harlingen - SMASH Airpark","identifier":"FAA-REC_FIXED_SITE_US:Small Model Aircraft Society of Harlingen - SMASH Airpark","lowerLimit":"GND","upperLimit":"700 ft AGL","authority":"FAA (Recreational Flyer Fixed Sites)"}},
{"type":"Feature","geometry":{"type":"Polygon","coordinates":[[[-97.66759,26.14087],[-97.66759,26.13723],[-97.66558,26.13894],[-97.66759,26.14087]]]},"properties":{"type":"REC_FIXED_SITE_US","name":"Fun -N- Sun Flying Hawks RC Club - Zillock Rd","identifier":"FAA-REC_FIXED_SITE_US:Fun -N- Sun Flying Hawks RC Club - Zillock Rd","lowerLimit":"GND","upperLimit":"700 ft AGL","authority":"FAA (Recreational Flyer Fixed Sites)"}},
{"type":"Feature","geometry":{"type":"Polygon","coordinates":[[[-97.29107,30.10926],[-97.29393,30.10662],[-97.29107,30.10662],[-97.29107,30.10926]]]},"properties":{"type":"REC_FIXED_SITE_US","name":"Bastrop RC Air Force Association - Mayfest Park","identifier":"FAA-REC_FIXED_SITE_US:Bastrop RC Air Force Association - Mayfest Park","lowerLimit":"GND","upperLimit":"1200 ft AGL","authority":"FAA (Recreational Flyer Fixed Sites)"}},
{"type":"Feature","geometry":{"type":"Polygon","coordinates":[[[-98.79467,30.22354],[-98.7961,30.2204],[-98.79314,30.22048],[-98.79467,30.22354]]]},"properties":{"type":"REC_FIXED_SITE_US","name":"Fredericksburg Wingdingers Aero-Modelers - US Hwy 290 E","identifier":"FAA-REC_FIXED_SITE_US:Fredericksburg Wingdingers Aero-Modelers - US Hwy 290 E","lowerLimit":"GND","upperLimit":"700 ft AGL","authority":"FAA (Recreational Flyer Fixed Sites)"}},
{"type":"Feature","geometry":{"type":"Polygon","coordinates":[[[-97.51858,30.64093],[-97.52164,30.63845],[-97.51858,30.63829],[-97.51858,30.64093]]]},"properties":{"type":"REC_FIXED_SITE_US","name":"Fighter Town Texas - SH 29","identifier":"FAA-REC_FIXED_SITE_US:Fighter Town Texas - SH 29","lowerLimit":"GND","upperLimit":"700 ft AGL","authority":"FAA (Recreational Flyer Fixed Sites)"}},
{"type":"Feature","geometry":{"type":"Polygon","coordinates":[[[-98.43302,30.68776],[-98.43512,30.68606],[-98.43149,30.68471],[-98.43302,30.68776]]]},"properties":{"type":"REC_FIXED_SITE_US","name":"Highland Lakes Flyers Inc - Williamette Dr","identifier":"FAA-REC_FIXED_SITE_US:Highland Lakes Flyers Inc - Williamette Dr","lowerLimit":"GND","upperLimit":"1200 ft AGL","authority":"FAA (Recreational Flyer Fixed Sites)"}},
{"type":"Feature","geometry":{"type":"Polygon","coordinates":[[[-98.7057,30.75343],[-98.70732,30.75045],[-98.70436,30.75021],[-98.7057,30.75343]]]},"properties":{"type":"REC_FIXED_SITE_US","name":"Highland Lake Flyers Inc - Robinson Park","identifier":"FAA-REC_FIXED_SITE_US:Highland Lake Flyers Inc - Robinson Park","lowerLimit":"GND","upperLimit":"700 ft AGL","authority":"FAA (Recreational Flyer Fixed Sites)"}},
{"type":"Feature","geometry":{"type":"Polygon","coordinates":[[[-97.62863,30.53374],[-97.63016,30.53068],[-97.62653,30.53181],[-97.62863,30.53374]]]},"properties":{"type":"REC_FIXED_SITE_US","name":"Lone Star Aeronuts - Old Settlers Park","identifier":"FAA-REC_FIXED_SITE_US:Lone Star Aeronuts - Old Settlers Park","lowerLimit":"GND","upperLimit":"1200 ft AGL","authority":"FAA (Recreational Flyer Fixed Sites)"}},
{"type":"Feature","geometry":{"type":"Polygon","coordinates":[[[-97.80579,30.16882],[-97.80865,30.16882],[-97.80735,30.16569],[-97.80579,30.16882]]]},"properties":{"type":"REC_FIXED_SITE_US","name":"Hill Country Aeromodelers Inc - Mary Moore Searight Metropolitan Park","identifier":"FAA-REC_FIXED_SITE_US:Hill Country Aeromodelers Inc - Mary Moore Searight Metropolitan Park","lowerLimit":"GND","upperLimit":"700 ft AGL","authority":"FAA (Recreational Flyer Fixed Sites)"}},
{"type":"Feature","geometry":{"type":"Polygon","coordinates":[[[-97.60382,30.32573],[-97.60395,30.3221],[-97.60173,30.3238],[-97.60382,30.32573]]]},"properties":{"type":"REC_FIXED_SITE_US","name":"Austin RC Association - Lester Field","identifier":"FAA-REC_FIXED_SITE_US:Austin RC Association - Lester Field","lowerLimit":"GND","upperLimit":"700 ft AGL","authority":"FAA (Recreational Flyer Fixed Sites)"}},
{"type":"Feature","geometry":{"type":"Polygon","coordinates":[[[-102.02565,35.03166],[-102.02896,35.02926],[-102.02585,35.02902],[-102.02565,35.03166]]]},"properties":{"type":"REC_FIXED_SITE_US","name":"Amarillo Radio Kontrol Society - ARKS Field","identifier":"FAA-REC_FIXED_SITE_US:Amarillo Radio Kontrol Society - ARKS Field","lowerLimit":"GND","upperLimit":"1200 ft AGL","authority":"FAA (Recreational Flyer Fixed Sites)"}},
{"type":"Feature","geometry":{"type":"Polygon","coordinates":[[[-100.9196,35.56623],[-100.92122,35.56318],[-100.91798,35.56318],[-100.9196,35.56623]]]},"properties":{"type":"REC_FIXED_SITE_US","name":"Pampa Radio Operated Plane Society (PROPS) - Swaney Field","identifier":"FAA-REC_FIXED_SITE_US:Pampa Radio Operated Plane Society (PROPS) - Swaney Field","lowerLimit":"GND","upperLimit":"700 ft AGL","authority":"FAA (Recreational Flyer Fixed Sites)"}},
{"type":"Feature","geometry":{"type":"Polygon","coordinates":[[[-101.75842,33.84902],[-101.76139,33.84918],[-101.76,33.84596],[-101.75842,33.84902]]]},"properties":{"type":"REC_FIXED_SITE_US","name":"Wings Miniature Aircraft Society - Abernathy Municipal Airport","identifier":"FAA-REC_FIXED_SITE_US:Wings Miniature Aircraft Society - Abernathy Municipal Airport","lowerLimit":"GND","upperLimit":"700 ft AGL","authority":"FAA (Recreational Flyer Fixed Sites)"}},
{"type":"Feature","geometry":{"type":"Polygon","coordinates":[[[-99.71519,32.53954],[-99.71655,32.53633],[-99.71353,32.53657],[-99.71519,32.53954]]]},"properties":{"type":"REC_FIXED_SITE_US","name":"Abilene RC Society - Sea Bee Park","identifier":"FAA-REC_FIXED_SITE_US:Abilene RC Society - Sea Bee Park","lowerLimit":"GND","upperLimit":"700 ft AGL","authority":"FAA (Recreational Flyer Fixed Sites)"}},
{"type":"Feature","geometry":{"type":"Polygon","coordinates":[[[-102.04552,31.91895],[-102.04716,31.91597],[-102.04397,31.91589],[-102.04552,31.91895]]]},"properties":{"type":"REC_FIXED_SITE_US","name":"Hi-Sky RC Club - CR 150 E","identifier":"FAA-REC_FIXED_SITE_US:Hi-Sky RC Club - CR 150 E","lowerLimit":"GND","upperLimit":"1200 ft AGL","authority":"FAA (Recreational Flyer Fixed Sites)"}},
{"type":"Feature","geometry":{"type":"Polygon","coordinates":[[[-102.90534,31.58669],[-102.90815,31.58397],[-102.90506,31.58413],[-102.90534,31.58669]]]},"properties":{"type":"REC_FIXED_SITE_US","name":"Monahans RC Club - Mable St","identifier":"FAA-REC_FIXED_SITE_US:Monahans RC Club - Mable St","lowerLimit":"GND","upperLimit":"700 ft AGL","authority":"FAA (Recreational Flyer Fixed Sites)"}},
{"type":"Feature","geometry":{"type":"Polygon","coordinates":[[[-102.337,31.80761],[-102.33864,31.80464],[-102.33565,31.8044],[-102.337,31.80761]]]},"properties":{"type":"REC_FIXED_SITE_US","name":"Permian Basin Model Aircraft Club - South Dixie Blvd.","identifier":"FAA-REC_FIXED_SITE_US:Permian Basin Model Aircraft Club - South Dixie Blvd.","lowerLimit":"GND","upperLimit":"1200 ft AGL","authority":"FAA (Recreational Flyer Fixed Sites)"}},
{"type":"Feature","geometry":{"type":"Polygon","coordinates":[[[-106.38658,31.99138],[-106.3895,31.99138],[-106.38817,31.98825],[-106.38658,31.99138]]]},"properties":{"type":"REC_FIXED_SITE_US","name":"El Paso Radio Controllers - Patriot Field","identifier":"FAA-REC_FIXED_SITE_US:El Paso Radio Controllers - Patriot Field","lowerLimit":"GND","upperLimit":"700 ft AGL","authority":"FAA (Recreational Flyer Fixed Sites)"}},
{"type":"Feature","geometry":{"type":"Polygon","coordinates":[[[-106.13444,31.73414],[-106.13608,31.73117],[-106.13232,31.73221],[-106.13444,31.73414]]]},"properties":{"type":"REC_FIXED_SITE_US","name":"Horizon City RC Flyers - Ascencion St","identifier":"FAA-REC_FIXED_SITE_US:Horizon City RC Flyers - Ascencion St","lowerLimit":"GND","upperLimit":"1200 ft AGL","authority":"FAA (Recreational Flyer Fixed Sites)"}},
{"type":"Feature","geometry":{"type":"Polygon","coordinates":[[[-95.77756,32.88043],[-95.77913,32.87737],[-95.77541,32.8785],[-95.77756,32.88043]]]},"properties":{"type":"REC_FIXED_SITE_US","name":"Rains County RC Club, Heritage Park","identifier":"FAA-REC_FIXED_SITE_US:Rains County RC Club, Heritage Park","lowerLimit":"GND","upperLimit":"1200 ft AGL","authority":"FAA (Recreational Flyer Fixed Sites)"}},
{"type":"Feature","geometry":{"type":"Polygon","coordinates":[[[-95.66175,33.70016],[-95.66452,33.69736],[-95.66146,33.6976],[-95.66175,33.70016]]]},"properties":{"type":"REC_FIXED_SITE_US","name":"Paris RC Association - CR 33080","identifier":"FAA-REC_FIXED_SITE_US:Paris RC Association - CR 33080","lowerLimit":"GND","upperLimit":"1200 ft AGL","authority":"FAA (Recreational Flyer Fixed Sites)"}},
{"type":"Feature","geometry":{"type":"Polygon","coordinates":[[[-94.79119,32.48351],[-94.79284,32.48054],[-94.78972,32.48038],[-94.79119,32.48351]]]},"properties":{"type":"REC_FIXED_SITE_US","name":"East Texas Aeromodelers - Longview R/C Flying Field","identifier":"FAA-REC_FIXED_SITE_US:East Texas Aeromodelers - Longview R/C Flying Field","lowerLimit":"GND","upperLimit":"700 ft AGL","authority":"FAA (Recreational Flyer Fixed Sites)"}},
{"type":"Feature","geometry":{"type":"Polygon","coordinates":[[[-97.2418,32.63569],[-97.24337,32.63264],[-97.23966,32.63376],[-97.2418,32.63569]]]},"properties":{"type":"REC_FIXED_SITE_US","name":"Seven Towers RC Club - Dick Price Rd","identifier":"FAA-REC_FIXED_SITE_US:Seven Towers RC Club - Dick Price Rd","lowerLimit":"GND","upperLimit":"700 ft AGL","authority":"FAA (Recreational Flyer Fixed Sites)"}},
{"type":"Feature","geometry":{"type":"Polygon","coordinates":[[[-96.93599,33.24183],[-96.93923,33.23943],[-96.93599,33.23935],[-96.93599,33.24183]]]},"properties":{"type":"REC_FIXED_SITE_US","name":"North Dallas RC Club, Inc - Eagle Field","identifier":"FAA-REC_FIXED_SITE_US:North Dallas RC Club, Inc - Eagle Field","lowerLimit":"GND","upperLimit":"700 ft AGL","authority":"FAA (Recreational Flyer Fixed Sites)"}},
{"type":"Feature","geometry":{"type":"Polygon","coordinates":[[[-95.94847,28.95089],[-95.95053,28.94918],[-95.94696,28.94783],[-95.94847,28.95089]]]},"properties":{"type":"REC_FIXED_SITE_US","name":"Matagorda County Fairgrounds","identifier":"FAA-REC_FIXED_SITE_US:Matagorda County Fairgrounds","lowerLimit":"GND","upperLimit":"700 ft AGL","authority":"FAA (Recreational Flyer Fixed Sites)"}},
{"type":"Feature","geometry":{"type":"Polygon","coordinates":[[[-96.34602,30.19347],[-96.34755,30.19042],[-96.34393,30.19166],[-96.34602,30.19347]]]},"properties":{"type":"REC_FIXED_SITE_US","name":"Brenham RC Airplane Club - Old Navasota Rd","identifier":"FAA-REC_FIXED_SITE_US:Brenham RC Airplane Club - Old Navasota Rd","lowerLimit":"GND","upperLimit":"700 ft AGL","authority":"FAA (Recreational Flyer Fixed Sites)"}},
{"type":"Feature","geometry":{"type":"Polygon","coordinates":[[[-96.78434,30.48327],[-96.78448,30.47964],[-96.78225,30.48134],[-96.78434,30.48327]]]},"properties":{"type":"REC_FIXED_SITE_US","name":"Lauderdale Airpark R/C Model Club - CR 112","identifier":"FAA-REC_FIXED_SITE_US:Lauderdale Airpark R/C Model Club - CR 112","lowerLimit":"GND","upperLimit":"700 ft AGL","authority":"FAA (Recreational Flyer Fixed Sites)"}},
{"type":"Feature","geometry":{"type":"Polygon","coordinates":[[[-98.72326,29.32598],[-98.72533,29.32428],[-98.72194,29.32276],[-98.72326,29.32598]]]},"properties":{"type":"REC_FIXED_SITE_US","name":"Alamo RC Society - Harold Cannon Field","identifier":"FAA-REC_FIXED_SITE_US:Alamo RC Society - Harold Cannon Field","lowerLimit":"GND","upperLimit":"700 ft AGL","authority":"FAA (Recreational Flyer Fixed Sites)"}},
{"type":"Feature","geometry":{"type":"Polygon","coordinates":[[[-97.93347,30.8519],[-97.93347,30.84827],[-97.93137,30.84997],[-97.93347,30.8519]]]},"properties":{"type":"REC_FIXED_SITE_US","name":"Briggs Radio Control Flyers - County Rd 213","identifier":"FAA-REC_FIXED_SITE_US:Briggs Radio Control Flyers - County Rd 213","lowerLimit":"GND","upperLimit":"700 ft AGL","authority":"FAA (Recreational Flyer Fixed Sites)"}},
{"type":"Feature","geometry":{"type":"Polygon","coordinates":[[[-97.81126,29.63504],[-97.81287,29.63207],[-97.80919,29.63312],[-97.81126,29.63504]]]},"properties":{"type":"REC_FIXED_SITE_US","name":"Tri City Flyers, Inc - Old Kingsbury Aerodrome","identifier":"FAA-REC_FIXED_SITE_US:Tri City Flyers, Inc - Old Kingsbury Aerodrome","lowerLimit":"GND","upperLimit":"1200 ft AGL","authority":"FAA (Recreational Flyer Fixed Sites)"}},
{"type":"Feature","geometry":{"type":"Polygon","coordinates":[[[-101.8772,35.06961],[-101.87734,35.06599],[-101.87499,35.0678],[-101.8772,35.06961]]]},"properties":{"type":"REC_FIXED_SITE_US","name":"Buffalo RC Club - Buffalo Airport Rd","identifier":"FAA-REC_FIXED_SITE_US:Buffalo RC Club - Buffalo Airport Rd","lowerLimit":"GND","upperLimit":"700 ft AGL","authority":"FAA (Recreational Flyer Fixed Sites)"}},
{"type":"Feature","geometry":{"type":"Polygon","coordinates":[[[-112.00714,40.56988],[-112.00952,40.56807],[-112.00563,40.56667],[-112.00714,40.56988]]]},"properties":{"type":"REC_FIXED_SITE_US","name":"Intermountain Silent Flyers - Bingham Creek Park","identifier":"FAA-REC_FIXED_SITE_US:Intermountain Silent Flyers - Bingham Creek Park","lowerLimit":"GND","upperLimit":"700 ft AGL","authority":"FAA (Recreational Flyer Fixed Sites)"}},
{"type":"Feature","geometry":{"type":"Polygon","coordinates":[[[-111.89748,40.94764],[-111.89987,40.94594],[-111.89596,40.94443],[-111.89748,40.94764]]]},"properties":{"type":"REC_FIXED_SITE_US","name":"South Davis Modelers - 650 W","identifier":"FAA-REC_FIXED_SITE_US:South Davis Modelers - 650 W","lowerLimit":"GND","upperLimit":"700 ft AGL","authority":"FAA (Recreational Flyer Fixed Sites)"}},
{"type":"Feature","geometry":{"type":"Polygon","coordinates":[[[-111.9041,40.45504],[-111.90756,40.45256],[-111.90432,40.4524],[-111.9041,40.45504]]]},"properties":{"type":"REC_FIXED_SITE_US","name":"Intermountain Silent Flyers - Point of the Mountain","identifier":"FAA-REC_FIXED_SITE_US:Intermountain Silent Flyers - Point of the Mountain","lowerLimit":"GND","upperLimit":"700 ft AGL","authority":"FAA (Recreational Flyer Fixed Sites)"}},
{"type":"Feature","geometry":{"type":"Polygon","coordinates":[[[-112.57096,40.71707],[-112.57444,40.71459],[-112.57118,40.71443],[-112.57096,40.71707]]]},"properties":{"type":"REC_FIXED_SITE_US","name":"Intermountain Silent Flyers - Mistway Salt Flat","identifier":"FAA-REC_FIXED_SITE_US:Intermountain Silent Flyers - Mistway Salt Flat","lowerLimit":"GND","upperLimit":"1200 ft AGL","authority":"FAA (Recreational Flyer Fixed Sites)"}},
{"type":"Feature","geometry":{"type":"Polygon","coordinates":[[[-111.83483,41.02196],[-111.83668,41.01899],[-111.83331,41.01875],[-111.83483,41.02196]]]},"properties":{"type":"REC_FIXED_SITE_US","name":"Intermountain Silent Flyers - Francis Peak Rd","identifier":"FAA-REC_FIXED_SITE_US:Intermountain Silent Flyers - Francis Peak Rd","lowerLimit":"GND","upperLimit":"1200 ft AGL","authority":"FAA (Recreational Flyer Fixed Sites)"}},
{"type":"Feature","geometry":{"type":"Polygon","coordinates":[[[-111.4055,40.39515],[-111.40787,40.39334],[-111.40377,40.3921],[-111.4055,40.39515]]]},"properties":{"type":"REC_FIXED_SITE_US","name":"Heber Valley Wing Nuts - Starks Lane","identifier":"FAA-REC_FIXED_SITE_US:Heber Valley Wing Nuts - Starks Lane","lowerLimit":"GND","upperLimit":"700 ft AGL","authority":"FAA (Recreational Flyer Fixed Sites)"}},
{"type":"Feature","geometry":{"type":"Polygon","coordinates":[[[-112.04436,41.05724],[-112.04784,41.05476],[-112.04457,41.0546],[-112.04436,41.05724]]]},"properties":{"type":"REC_FIXED_SITE_US","name":"Wasatch Aero Modelers - W 3700 S","identifier":"FAA-REC_FIXED_SITE_US:Wasatch Aero Modelers - W 3700 S","lowerLimit":"GND","upperLimit":"1200 ft AGL","authority":"FAA (Recreational Flyer Fixed Sites)"}},
{"type":"Feature","geometry":{"type":"Polygon","coordinates":[[[-111.90173,40.36518],[-111.9041,40.36337],[-111.90188,40.36156],[-111.90173,40.36518]]]},"properties":{"type":"REC_FIXED_SITE_US","name":"Utah Valley Aeromodelers - Jordan River Model Port","identifier":"FAA-REC_FIXED_SITE_US:Utah Valley Aeromodelers - Jordan River Model Port","lowerLimit":"GND","upperLimit":"700 ft AGL","authority":"FAA (Recreational Flyer Fixed Sites)"}},
{"type":"Feature","geometry":{"type":"Polygon","coordinates":[[[-112.28809,40.68215],[-112.29146,40.67959],[-112.28809,40.67951],[-112.28809,40.68215]]]},"properties":{"type":"REC_FIXED_SITE_US","name":"UTE RC Association - Lake Point","identifier":"FAA-REC_FIXED_SITE_US:UTE RC Association - Lake Point","lowerLimit":"GND","upperLimit":"700 ft AGL","authority":"FAA (Recreational Flyer Fixed Sites)"}},
{"type":"Feature","geometry":{"type":"Polygon","coordinates":[[[-111.81161,40.5719],[-111.81487,40.5719],[-111.81339,40.56877],[-111.81161,40.5719]]]},"properties":{"type":"REC_FIXED_SITE_US","name":"Intermountain Silent Flyers - Granite Park","identifier":"FAA-REC_FIXED_SITE_US:Intermountain Silent Flyers - Granite Park","lowerLimit":"GND","upperLimit":"700 ft AGL","authority":"FAA (Recreational Flyer Fixed Sites)"}},
{"type":"Feature","geometry":{"type":"Polygon","coordinates":[[[-111.97944,41.78882],[-111.98276,41.78882],[-111.97956,41.7861],[-111.97944,41.78882]]]},"properties":{"type":"REC_FIXED_SITE_US","name":"Bridgerland RC Club - Bridgerland R/C Airfield","identifier":"FAA-REC_FIXED_SITE_US:Bridgerland RC Club - Bridgerland R/C Airfield","lowerLimit":"GND","upperLimit":"700 ft AGL","authority":"FAA (Recreational Flyer Fixed Sites)"}},
{"type":"Feature","geometry":{"type":"Polygon","coordinates":[[[-111.81206,41.76178],[-111.81448,41.76008],[-111.81206,41.75815],[-111.81206,41.76178]]]},"properties":{"type":"REC_FIXED_SITE_US","name":"USU Droneworx Club - USU ASTE Field","identifier":"FAA-REC_FIXED_SITE_US:USU Droneworx Club - USU ASTE Field","lowerLimit":"GND","upperLimit":"700 ft AGL","authority":"FAA (Recreational Flyer Fixed Sites)"}},
{"type":"Feature","geometry":{"type":"Polygon","coordinates":[[[-112.19736,41.24802],[-112.20064,41.24537],[-112.19736,41.24537],[-112.19736,41.24802]]]},"properties":{"type":"REC_FIXED_SITE_US","name":"NURCAC","identifier":"FAA-REC_FIXED_SITE_US:NURCAC","lowerLimit":"GND","upperLimit":"700 ft AGL","authority":"FAA (Recreational Flyer Fixed Sites)"}},
{"type":"Feature","geometry":{"type":"Polygon","coordinates":[[[-111.80005,39.17264],[-111.80175,39.16959],[-111.79835,39.16959],[-111.80005,39.17264]]]},"properties":{"type":"REC_FIXED_SITE_US","name":"Sanpete R/C Aero Squadron - N Cemetery Rd","identifier":"FAA-REC_FIXED_SITE_US:Sanpete R/C Aero Squadron - N Cemetery Rd","lowerLimit":"GND","upperLimit":"1200 ft AGL","authority":"FAA (Recreational Flyer Fixed Sites)"}},
{"type":"Feature","geometry":{"type":"Polygon","coordinates":[[[-113.15933,37.78085],[-113.16161,37.77916],[-113.15947,37.77723],[-113.15933,37.78085]]]},"properties":{"type":"REC_FIXED_SITE_US","name":"Cedar City Radio Control Club - Three Peaks Modelport","identifier":"FAA-REC_FIXED_SITE_US:Cedar City Radio Control Club - Three Peaks Modelport","lowerLimit":"GND","upperLimit":"700 ft AGL","authority":"FAA (Recreational Flyer Fixed Sites)"}},
{"type":"Feature","geometry":{"type":"Polygon","coordinates":[[[-113.64317,37.04215],[-113.64637,37.03958],[-113.64297,37.03967],[-113.64317,37.04215]]]},"properties":{"type":"REC_FIXED_SITE_US","name":"Remote Possibilities - Club Airfield","identifier":"FAA-REC_FIXED_SITE_US:Remote Possibilities - Club Airfield","lowerLimit":"GND","upperLimit":"1200 ft AGL","authority":"FAA (Recreational Flyer Fixed Sites)"}},
{"type":"Feature","geometry":{"type":"Polygon","coordinates":[[[-111.89249,40.47564],[-111.89432,40.47267],[-111.89012,40.47371],[-111.89249,40.47564]]]},"properties":{"type":"REC_FIXED_SITE_US","name":"Intermountain Silent Flyers - Steep Mountain Dr","identifier":"FAA-REC_FIXED_SITE_US:Intermountain Silent Flyers - Steep Mountain Dr","lowerLimit":"GND","upperLimit":"700 ft AGL","authority":"FAA (Recreational Flyer Fixed Sites)"}},
{"type":"Feature","geometry":{"type":"Polygon","coordinates":[[[-77.54777,39.23485],[-77.54947,39.2318],[-77.54597,39.23188],[-77.54777,39.23485]]]},"properties":{"type":"REC_FIXED_SITE_US","name":"Xelevate Flying Club - Taylorstown Rd.","identifier":"FAA-REC_FIXED_SITE_US:Xelevate Flying Club - Taylorstown Rd.","lowerLimit":"GND","upperLimit":"700 ft AGL","authority":"FAA (Recreational Flyer Fixed Sites)"}},
{"type":"Feature","geometry":{"type":"Polygon","coordinates":[[[-77.40393,38.31541],[-77.40623,38.31372],[-77.40225,38.31236],[-77.40393,38.31541]]]},"properties":{"type":"REC_FIXED_SITE_US","name":"Fredericksburg Aeromasters - Perry Winkle LN","identifier":"FAA-REC_FIXED_SITE_US:Fredericksburg Aeromasters - Perry Winkle LN","lowerLimit":"GND","upperLimit":"700 ft AGL","authority":"FAA (Recreational Flyer Fixed Sites)"}},
{"type":"Feature","geometry":{"type":"Polygon","coordinates":[[[-76.36283,37.72002],[-76.36297,37.7164],[-76.36055,37.71809],[-76.36283,37.72002]]]},"properties":{"type":"REC_FIXED_SITE_US","name":"The Northern Neck RC Club - Bluff Point Rd","identifier":"FAA-REC_FIXED_SITE_US:The Northern Neck RC Club - Bluff Point Rd","lowerLimit":"GND","upperLimit":"1200 ft AGL","authority":"FAA (Recreational Flyer Fixed Sites)"}},
{"type":"Feature","geometry":{"type":"Polygon","coordinates":[[[-77.5269,38.14591],[-77.5292,38.1441],[-77.52533,38.14277],[-77.5269,38.14591]]]},"properties":{"type":"REC_FIXED_SITE_US","name":"Fredericksburg Area RC Club - Robbie Campbell Memorial Airfield","identifier":"FAA-REC_FIXED_SITE_US:Fredericksburg Area RC Club - Robbie Campbell Memorial Airfield","lowerLimit":"GND","upperLimit":"1200 ft AGL","authority":"FAA (Recreational Flyer Fixed Sites)"}},
{"type":"Feature","geometry":{"type":"Polygon","coordinates":[[[-77.89256,38.46104],[-77.89271,38.45742],[-77.89026,38.45912],[-77.89256,38.46104]]]},"properties":{"type":"REC_FIXED_SITE_US","name":"Culpeper Model Barnstormers - Lenn Model Airpark","identifier":"FAA-REC_FIXED_SITE_US:Culpeper Model Barnstormers - Lenn Model Airpark","lowerLimit":"GND","upperLimit":"700 ft AGL","authority":"FAA (Recreational Flyer Fixed Sites)"}},
{"type":"Feature","geometry":{"type":"Polygon","coordinates":[[[-77.76242,38.5677],[-77.76558,38.5677],[-77.76414,38.56457],[-77.76242,38.5677]]]},"properties":{"type":"REC_FIXED_SITE_US","name":"Virginia R/C Helicopter Association - Luck Stone Rd","identifier":"FAA-REC_FIXED_SITE_US:Virginia R/C Helicopter Association - Luck Stone Rd","lowerLimit":"GND","upperLimit":"700 ft AGL","authority":"FAA (Recreational Flyer Fixed Sites)"}},
{"type":"Feature","geometry":{"type":"Polygon","coordinates":[[[-77.87272,38.60392],[-77.87661,38.6026],[-77.87415,38.60079],[-77.87272,38.60392]]]},"properties":{"type":"REC_FIXED_SITE_US","name":"DC Maxcutters - Airdale","identifier":"FAA-REC_FIXED_SITE_US:DC Maxcutters - Airdale","lowerLimit":"GND","upperLimit":"700 ft AGL","authority":"FAA (Recreational Flyer Fixed Sites)"}},
{"type":"Feature","geometry":{"type":"Polygon","coordinates":[[[-77.797,38.49733],[-77.80026,38.49476],[-77.797,38.49468],[-77.797,38.49733]]]},"properties":{"type":"REC_FIXED_SITE_US","name":"Rehoboth Model Aircraft Association - Kellys Ford Rd.","identifier":"FAA-REC_FIXED_SITE_US:Rehoboth Model Aircraft Association - Kellys Ford Rd.","lowerLimit":"GND","upperLimit":"700 ft AGL","authority":"FAA (Recreational Flyer Fixed Sites)"}},
{"type":"Feature","geometry":{"type":"Polygon","coordinates":[[[-78.91947,38.38393],[-78.92262,38.38128],[-78.91947,38.38128],[-78.91947,38.38393]]]},"properties":{"type":"REC_FIXED_SITE_US","name":"Valley RC Flying Club - Valley Pike","identifier":"FAA-REC_FIXED_SITE_US:Valley RC Flying Club - Valley Pike","lowerLimit":"GND","upperLimit":"700 ft AGL","authority":"FAA (Recreational Flyer Fixed Sites)"}},
{"type":"Feature","geometry":{"type":"Polygon","coordinates":[[[-78.3975,37.99597],[-78.39926,37.993],[-78.39521,37.99405],[-78.3975,37.99597]]]},"properties":{"type":"REC_FIXED_SITE_US","name":"Rivanna RC Inc - Milton Field","identifier":"FAA-REC_FIXED_SITE_US:Rivanna RC Inc - Milton Field","lowerLimit":"GND","upperLimit":"700 ft AGL","authority":"FAA (Recreational Flyer Fixed Sites)"}},
{"type":"Feature","geometry":{"type":"Polygon","coordinates":[[[-78.9516,38.12384],[-78.95337,38.12087],[-78.94931,38.12191],[-78.9516,38.12384]]]},"properties":{"type":"REC_FIXED_SITE_US","name":"Blue Ridge Area Soaring Society - Glider Dr","identifier":"FAA-REC_FIXED_SITE_US:Blue Ridge Area Soaring Society - Glider Dr","lowerLimit":"GND","upperLimit":"700 ft AGL","authority":"FAA (Recreational Flyer Fixed Sites)"}},
{"type":"Feature","geometry":{"type":"Polygon","coordinates":[[[-78.32291,37.80042],[-78.32458,37.79737],[-78.32135,37.79729],[-78.32291,37.80042]]]},"properties":{"type":"REC_FIXED_SITE_US","name":"Fluvanna County R/C Flying Club - W River Rd","identifier":"FAA-REC_FIXED_SITE_US:Fluvanna County R/C Flying Club - W River Rd","lowerLimit":"GND","upperLimit":"1200 ft AGL","authority":"FAA (Recreational Flyer Fixed Sites)"}},
{"type":"Feature","geometry":{"type":"Polygon","coordinates":[[[-77.96603,37.4624],[-77.96588,37.45877],[-77.96375,37.46058],[-77.96603,37.4624]]]},"properties":{"type":"REC_FIXED_SITE_US","name":"Central Virginia R/C Inc - Mast Field","identifier":"FAA-REC_FIXED_SITE_US:Central Virginia R/C Inc - Mast Field","lowerLimit":"GND","upperLimit":"1200 ft AGL","authority":"FAA (Recreational Flyer Fixed Sites)"}},
{"type":"Feature","geometry":{"type":"Polygon","coordinates":[[[-77.23505,37.33735],[-77.23898,37.33611],[-77.23515,37.33479],[-77.23505,37.33735]]]},"properties":{"type":"REC_FIXED_SITE_US","name":"Richmond Area Radio Control - Westbury Farm Rd","identifier":"FAA-REC_FIXED_SITE_US:Richmond Area Radio Control - Westbury Farm Rd","lowerLimit":"GND","upperLimit":"700 ft AGL","authority":"FAA (Recreational Flyer Fixed Sites)"}},
{"type":"Feature","geometry":{"type":"Polygon","coordinates":[[[-76.52238,37.39406],[-76.52413,37.39109],[-76.52011,37.39214],[-76.52238,37.39406]]]},"properties":{"type":"REC_FIXED_SITE_US","name":"Gloucester Area Modelers - Beehive Dr.","identifier":"FAA-REC_FIXED_SITE_US:Gloucester Area Modelers - Beehive Dr.","lowerLimit":"GND","upperLimit":"700 ft AGL","authority":"FAA (Recreational Flyer Fixed Sites)"}},
{"type":"Feature","geometry":{"type":"Polygon","coordinates":[[[-78.1309,37.99781],[-78.13266,37.99484],[-78.12861,37.99589],[-78.1309,37.99781]]]},"properties":{"type":"REC_FIXED_SITE_US","name":"Model Daze Flyers - Pronto Field","identifier":"FAA-REC_FIXED_SITE_US:Model Daze Flyers - Pronto Field","lowerLimit":"GND","upperLimit":"700 ft AGL","authority":"FAA (Recreational Flyer Fixed Sites)"}},
{"type":"Feature","geometry":{"type":"Polygon","coordinates":[[[-77.2078,37.66319],[-77.20925,37.65998],[-77.20604,37.66022],[-77.2078,37.66319]]]},"properties":{"type":"REC_FIXED_SITE_US","name":"Hanover Radio Control Flying Club - Mechanicsville Turnpike","identifier":"FAA-REC_FIXED_SITE_US:Hanover Radio Control Flying Club - Mechanicsville Turnpike","lowerLimit":"GND","upperLimit":"700 ft AGL","authority":"FAA (Recreational Flyer Fixed Sites)"}},
{"type":"Feature","geometry":{"type":"Polygon","coordinates":[[[-76.89635,37.2656],[-76.90007,37.2642],[-76.89794,37.26239],[-76.89635,37.2656]]]},"properties":{"type":"REC_FIXED_SITE_US","name":"Colonial Virginia Aeromodelers - Tomahund Dr","identifier":"FAA-REC_FIXED_SITE_US:Colonial Virginia Aeromodelers - Tomahund Dr","lowerLimit":"GND","upperLimit":"700 ft AGL","authority":"FAA (Recreational Flyer Fixed Sites)"}},
{"type":"Feature","geometry":{"type":"Polygon","coordinates":[[[-76.2148,36.59979],[-76.21634,36.59665],[-76.21326,36.59665],[-76.2148,36.59979]]]},"properties":{"type":"REC_FIXED_SITE_US","name":"St. Brides Rd W","identifier":"FAA-REC_FIXED_SITE_US:St. Brides Rd W","lowerLimit":"GND","upperLimit":"700 ft AGL","authority":"FAA (Recreational Flyer Fixed Sites)"}},
{"type":"Feature","geometry":{"type":"Polygon","coordinates":[[[-76.6071,36.95213],[-76.60875,36.94908],[-76.60484,36.95021],[-76.6071,36.95213]]]},"properties":{"type":"REC_FIXED_SITE_US","name":"Smithfield RC Float Flyers - Bay Sands Pond","identifier":"FAA-REC_FIXED_SITE_US:Smithfield RC Float Flyers - Bay Sands Pond","lowerLimit":"GND","upperLimit":"700 ft AGL","authority":"FAA (Recreational Flyer Fixed Sites)"}},
{"type":"Feature","geometry":{"type":"Polygon","coordinates":[[[-76.5725,36.84841],[-76.57424,36.84544],[-76.57106,36.8452],[-76.5725,36.84841]]]},"properties":{"type":"REC_FIXED_SITE_US","name":"Hampton Roads Radio Control, Inc. - Pembroke LN","identifier":"FAA-REC_FIXED_SITE_US:Hampton Roads Radio Control, Inc. - Pembroke LN","lowerLimit":"GND","upperLimit":"700 ft AGL","authority":"FAA (Recreational Flyer Fixed Sites)"}},
{"type":"Feature","geometry":{"type":"Polygon","coordinates":[[[-76.01108,36.70535],[-76.01445,36.70295],[-76.01128,36.70271],[-76.01108,36.70535]]]},"properties":{"type":"REC_FIXED_SITE_US","name":"Three Oaks Flyers - Malbon Rd","identifier":"FAA-REC_FIXED_SITE_US:Three Oaks Flyers - Malbon Rd","lowerLimit":"GND","upperLimit":"700 ft AGL","authority":"FAA (Recreational Flyer Fixed Sites)"}},
{"type":"Feature","geometry":{"type":"Polygon","coordinates":[[[-76.68196,36.85975],[-76.6837,36.85678],[-76.68052,36.85654],[-76.68196,36.85975]]]},"properties":{"type":"REC_FIXED_SITE_US","name":"Hampton Roads Silent Flyers - Iron Mine Springs Rd","identifier":"FAA-REC_FIXED_SITE_US:Hampton Roads Silent Flyers - Iron Mine Springs Rd","lowerLimit":"GND","upperLimit":"1200 ft AGL","authority":"FAA (Recreational Flyer Fixed Sites)"}},
{"type":"Feature","geometry":{"type":"Polygon","coordinates":[[[-76.74743,36.85058],[-76.74908,36.84753],[-76.74589,36.84745],[-76.74743,36.85058]]]},"properties":{"type":"REC_FIXED_SITE_US","name":"Tidewater Model Soaring Society - Courthouse Hwy","identifier":"FAA-REC_FIXED_SITE_US:Tidewater Model Soaring Society - Courthouse Hwy","lowerLimit":"GND","upperLimit":"1200 ft AGL","authority":"FAA (Recreational Flyer Fixed Sites)"}},
{"type":"Feature","geometry":{"type":"Polygon","coordinates":[[[-77.33995,37.20032],[-77.34305,37.20032],[-77.34164,37.19719],[-77.33995,37.20032]]]},"properties":{"type":"REC_FIXED_SITE_US","name":"Wagner Rd.","identifier":"FAA-REC_FIXED_SITE_US:Wagner Rd.","lowerLimit":"GND","upperLimit":"700 ft AGL","authority":"FAA (Recreational Flyer Fixed Sites)"}},
{"type":"Feature","geometry":{"type":"Polygon","coordinates":[[[-78.09654,37.24965],[-78.10026,37.24825],[-78.09813,37.24644],[-78.09654,37.24965]]]},"properties":{"type":"REC_FIXED_SITE_US","name":"Southside Virginia RC - W Creek Rd","identifier":"FAA-REC_FIXED_SITE_US:Southside Virginia RC - W Creek Rd","lowerLimit":"GND","upperLimit":"700 ft AGL","authority":"FAA (Recreational Flyer Fixed Sites)"}},
{"type":"Feature","geometry":{"type":"Polygon","coordinates":[[[-81.82843,37.09247],[-81.83017,37.0895],[-81.82617,37.09055],[-81.82843,37.09247]]]},"properties":{"type":"REC_FIXED_SITE_US","name":"Appalachian RC Association - Old Richlands Airport","identifier":"FAA-REC_FIXED_SITE_US:Appalachian RC Association - Old Richlands Airport","lowerLimit":"GND","upperLimit":"700 ft AGL","authority":"FAA (Recreational Flyer Fixed Sites)"}},
{"type":"Feature","geometry":{"type":"Polygon","coordinates":[[[-79.8934,36.74944],[-79.89514,36.74647],[-79.89196,36.74623],[-79.8934,36.74944]]]},"properties":{"type":"REC_FIXED_SITE_US","name":"Patrick Henry Patriots R/C Club, Inc. - Jack Dalton Park","identifier":"FAA-REC_FIXED_SITE_US:Patrick Henry Patriots R/C Club, Inc. - Jack Dalton Park","lowerLimit":"GND","upperLimit":"1200 ft AGL","authority":"FAA (Recreational Flyer Fixed Sites)"}},
{"type":"Feature","geometry":{"type":"Polygon","coordinates":[[[-79.86301,36.92586],[-79.86466,36.92281],[-79.86146,36.92273],[-79.86301,36.92586]]]},"properties":{"type":"REC_FIXED_SITE_US","name":"Virginia Air Screws - off Rd. 220","identifier":"FAA-REC_FIXED_SITE_US:Virginia Air Screws - off Rd. 220","lowerLimit":"GND","upperLimit":"1200 ft AGL","authority":"FAA (Recreational Flyer Fixed Sites)"}},
{"type":"Feature","geometry":{"type":"Polygon","coordinates":[[[-80.16806,36.6276],[-80.17144,36.6252],[-80.16816,36.62504],[-80.16806,36.6276]]]},"properties":{"type":"REC_FIXED_SITE_US","name":"Flying Horseman RC Club South - 868","identifier":"FAA-REC_FIXED_SITE_US:Flying Horseman RC Club South - 868","lowerLimit":"GND","upperLimit":"700 ft AGL","authority":"FAA (Recreational Flyer Fixed Sites)"}},
{"type":"Feature","geometry":{"type":"Polygon","coordinates":[[[-81.1904,37.06327],[-81.19421,37.06194],[-81.19209,37.06013],[-81.1904,37.06327]]]},"properties":{"type":"REC_FIXED_SITE_US","name":"Wythe County RC Flyers - W Blue Grass Trl","identifier":"FAA-REC_FIXED_SITE_US:Wythe County RC Flyers - W Blue Grass Trl","lowerLimit":"GND","upperLimit":"700 ft AGL","authority":"FAA (Recreational Flyer Fixed Sites)"}},
{"type":"Feature","geometry":{"type":"Polygon","coordinates":[[[-79.4863,37.3071],[-79.49002,37.3057],[-79.48761,37.30389],[-79.4863,37.3071]]]},"properties":{"type":"REC_FIXED_SITE_US","name":"Virginia Aeromodelers - Falling Creek Rd","identifier":"FAA-REC_FIXED_SITE_US:Virginia Aeromodelers - Falling Creek Rd","lowerLimit":"GND","upperLimit":"700 ft AGL","authority":"FAA (Recreational Flyer Fixed Sites)"}},
{"type":"Feature","geometry":{"type":"Polygon","coordinates":[[[-78.63283,36.57703],[-78.63508,36.57522],[-78.63129,36.5739],[-78.63283,36.57703]]]},"properties":{"type":"REC_FIXED_SITE_US","name":"Soggy Bottom R/C Club - Union Chapel Rd","identifier":"FAA-REC_FIXED_SITE_US:Soggy Bottom R/C Club - Union Chapel Rd","lowerLimit":"GND","upperLimit":"700 ft AGL","authority":"FAA (Recreational Flyer Fixed Sites)"}},
{"type":"Feature","geometry":{"type":"Polygon","coordinates":[[[-79.57538,36.62474],[-79.57763,36.62293],[-79.57384,36.62161],[-79.57538,36.62474]]]},"properties":{"type":"REC_FIXED_SITE_US","name":"Danville Aeromodelers - Charming Rd","identifier":"FAA-REC_FIXED_SITE_US:Danville Aeromodelers - Charming Rd","lowerLimit":"GND","upperLimit":"1200 ft AGL","authority":"FAA (Recreational Flyer Fixed Sites)"}},
{"type":"Feature","geometry":{"type":"Polygon","coordinates":[[[-77.48834,38.08425],[-77.49002,38.08119],[-77.48677,38.08111],[-77.48834,38.08425]]]},"properties":{"type":"REC_FIXED_SITE_US","name":"Windwalkers R/C - Woodford Airpark","identifier":"FAA-REC_FIXED_SITE_US:Windwalkers R/C - Woodford Airpark","lowerLimit":"GND","upperLimit":"1200 ft AGL","authority":"FAA (Recreational Flyer Fixed Sites)"}},
{"type":"Feature","geometry":{"type":"Polygon","coordinates":[[[-78.12293,39.148],[-78.12686,39.14667],[-78.12283,39.14543],[-78.12293,39.148]]]},"properties":{"type":"REC_FIXED_SITE_US","name":"Plane Crazy R/Cers - Sulpher Springs Rd","identifier":"FAA-REC_FIXED_SITE_US:Plane Crazy R/Cers - Sulpher Springs Rd","lowerLimit":"GND","upperLimit":"700 ft AGL","authority":"FAA (Recreational Flyer Fixed Sites)"}},
{"type":"Feature","geometry":{"type":"Polygon","coordinates":[[[-77.73479,38.53031],[-77.73795,38.52766],[-77.73479,38.52766],[-77.73479,38.53031]]]},"properties":{"type":"REC_FIXED_SITE_US","name":"Fauquier Aero Recreation Modelers - Savannah Branch Rd","identifier":"FAA-REC_FIXED_SITE_US:Fauquier Aero Recreation Modelers - Savannah Branch Rd","lowerLimit":"GND","upperLimit":"700 ft AGL","authority":"FAA (Recreational Flyer Fixed Sites)"}},
{"type":"Feature","geometry":{"type":"Polygon","coordinates":[[[-76.35515,36.60911],[-76.3574,36.6073],[-76.35361,36.60598],[-76.35515,36.60911]]]},"properties":{"type":"REC_FIXED_SITE_US","name":"Tidewater RC Inc - Ballahack Rd","identifier":"FAA-REC_FIXED_SITE_US:Tidewater RC Inc - Ballahack Rd","lowerLimit":"GND","upperLimit":"700 ft AGL","authority":"FAA (Recreational Flyer Fixed Sites)"}},
{"type":"Feature","geometry":{"type":"Polygon","coordinates":[[[-76.65341,36.65722],[-76.65639,36.6545],[-76.65311,36.65467],[-76.65341,36.65722]]]},"properties":{"type":"REC_FIXED_SITE_US","name":"Hampton Roads Silent Flyers - HRRC Flying Site","identifier":"FAA-REC_FIXED_SITE_US:Hampton Roads Silent Flyers - HRRC Flying Site","lowerLimit":"GND","upperLimit":"700 ft AGL","authority":"FAA (Recreational Flyer Fixed Sites)"}},
{"type":"Feature","geometry":{"type":"Polygon","coordinates":[[[-79.32119,36.96844],[-79.32119,36.96481],[-79.31893,36.96651],[-79.32119,36.96844]]]},"properties":{"type":"REC_FIXED_SITE_US","name":"Gretna Radio Flyers - Deer View Rd","identifier":"FAA-REC_FIXED_SITE_US:Gretna Radio Flyers - Deer View Rd","lowerLimit":"GND","upperLimit":"1200 ft AGL","authority":"FAA (Recreational Flyer Fixed Sites)"}},
{"type":"Feature","geometry":{"type":"Polygon","coordinates":[[[-72.62704,43.95759],[-72.62864,43.95438],[-72.62453,43.95578],[-72.62704,43.95759]]]},"properties":{"type":"REC_FIXED_SITE_US","name":"Champlain Valley Flyers - Harvey Rd","identifier":"FAA-REC_FIXED_SITE_US:Champlain Valley Flyers - Harvey Rd","lowerLimit":"GND","upperLimit":"1200 ft AGL","authority":"FAA (Recreational Flyer Fixed Sites)"}},
{"type":"Feature","geometry":{"type":"Polygon","coordinates":[[[-72.55995,42.8324],[-72.56332,42.82975],[-72.55995,42.82975],[-72.55995,42.8324]]]},"properties":{"type":"REC_FIXED_SITE_US","name":"Brattleboro  Area Flyers - Old Gilford Rd","identifier":"FAA-REC_FIXED_SITE_US:Brattleboro  Area Flyers - Old Gilford Rd","lowerLimit":"GND","upperLimit":"1200 ft AGL","authority":"FAA (Recreational Flyer Fixed Sites)"}},
{"type":"Feature","geometry":{"type":"Polygon","coordinates":[[[-73.03739,44.5318],[-73.03739,44.52818],[-73.03486,44.52988],[-73.03739,44.5318]]]},"properties":{"type":"REC_FIXED_SITE_US","name":"Green Mountain RC Club - Browns River Rd","identifier":"FAA-REC_FIXED_SITE_US:Green Mountain RC Club - Browns River Rd","lowerLimit":"GND","upperLimit":"700 ft AGL","authority":"FAA (Recreational Flyer Fixed Sites)"}},
{"type":"Feature","geometry":{"type":"Polygon","coordinates":[[[-72.431,44.15342],[-72.43351,44.15172],[-72.42928,44.15029],[-72.431,44.15342]]]},"properties":{"type":"REC_FIXED_SITE_US","name":"Vermont Modelers Club - Reservoir Rd","identifier":"FAA-REC_FIXED_SITE_US:Vermont Modelers Club - Reservoir Rd","lowerLimit":"GND","upperLimit":"700 ft AGL","authority":"FAA (Recreational Flyer Fixed Sites)"}},
{"type":"Feature","geometry":{"type":"Polygon","coordinates":[[[-72.56675,44.12044],[-72.56751,44.11927],[-72.56683,44.11792],[-72.56561,44.1175],[-72.56516,44.11735],[-72.56328,44.11784],[-72.56249,44.11905],[-72.56317,44.1204],[-72.565,44.12097],[-72.56672,44.12048],[-72.56675,44.12044]]]},"properties":{"type":"REC_FIXED_SITE_US","name":"Vermont Modelers Club - Henry Rd","identifier":"FAA-REC_FIXED_SITE_US:Vermont Modelers Club - Henry Rd","lowerLimit":"GND","upperLimit":"700 ft AGL","authority":"FAA (Recreational Flyer Fixed Sites)"}},
{"type":"Feature","geometry":{"type":"Polygon","coordinates":[[[-73.27454,43.61751],[-73.27613,43.6143],[-73.27205,43.61581],[-73.27454,43.61751]]]},"properties":{"type":"REC_FIXED_SITE_US","name":"Rutland County RC Flyers - Fair Haven Air Park","identifier":"FAA-REC_FIXED_SITE_US:Rutland County RC Flyers - Fair Haven Air Park","lowerLimit":"GND","upperLimit":"1200 ft AGL","authority":"FAA (Recreational Flyer Fixed Sites)"}},
{"type":"Feature","geometry":{"type":"Polygon","coordinates":[[[-73.19659,43.95633],[-73.19909,43.95441],[-73.19627,43.95272],[-73.19659,43.95633]]]},"properties":{"type":"REC_FIXED_SITE_US","name":"Champlain Valley Flyers - Peet Rd","identifier":"FAA-REC_FIXED_SITE_US:Champlain Valley Flyers - Peet Rd","lowerLimit":"GND","upperLimit":"700 ft AGL","authority":"FAA (Recreational Flyer Fixed Sites)"}},
{"type":"Feature","geometry":{"type":"Polygon","coordinates":[[[-71.58833,44.50514],[-71.58865,44.50153],[-71.58582,44.5031],[-71.58833,44.50514]]]},"properties":{"type":"REC_FIXED_SITE_US","name":"Guildhall Fun Flyers - VT 102","identifier":"FAA-REC_FIXED_SITE_US:Guildhall Fun Flyers - VT 102","lowerLimit":"GND","upperLimit":"700 ft AGL","authority":"FAA (Recreational Flyer Fixed Sites)"}},
{"type":"Feature","geometry":{"type":"Polygon","coordinates":[[[-73.22996,43.62276],[-73.23155,43.61955],[-73.22747,43.62106],[-73.22996,43.62276]]]},"properties":{"type":"REC_FIXED_SITE_US","name":"Rutland County RC Flyers - Creek Rd","identifier":"FAA-REC_FIXED_SITE_US:Rutland County RC Flyers - Creek Rd","lowerLimit":"GND","upperLimit":"1200 ft AGL","authority":"FAA (Recreational Flyer Fixed Sites)"}},
{"type":"Feature","geometry":{"type":"Polygon","coordinates":[[[-121.95111,47.68375],[-121.95366,47.6825],[-121.95028,47.68022],[-121.95111,47.68375]]]},"properties":{"type":"REC_FIXED_SITE_US","name":"Seattle Area Soaring Society - Carnation Farms","identifier":"FAA-REC_FIXED_SITE_US:Seattle Area Soaring Society - Carnation Farms","lowerLimit":"GND","upperLimit":"700 ft AGL","authority":"FAA (Recreational Flyer Fixed Sites)"}},
{"type":"Feature","geometry":{"type":"Polygon","coordinates":[[[-121.9078,47.58358],[-121.90909,47.58018],[-121.90521,47.58132],[-121.9078,47.58358]]]},"properties":{"type":"REC_FIXED_SITE_US","name":"Piano Ranch","identifier":"FAA-REC_FIXED_SITE_US:Piano Ranch","lowerLimit":"GND","upperLimit":"700 ft AGL","authority":"FAA (Recreational Flyer Fixed Sites)"}},
{"type":"Feature","geometry":{"type":"Polygon","coordinates":[[[-121.97688,47.38948],[-121.97845,47.3862],[-121.9744,47.387],[-121.97688,47.38948]]]},"properties":{"type":"REC_FIXED_SITE_US","name":"Lake Sawyer Hawks - Hobart Landfill","identifier":"FAA-REC_FIXED_SITE_US:Lake Sawyer Hawks - Hobart Landfill","lowerLimit":"GND","upperLimit":"700 ft AGL","authority":"FAA (Recreational Flyer Fixed Sites)"}},
{"type":"Feature","geometry":{"type":"Polygon","coordinates":[[[-121.80056,47.51223],[-121.8031,47.50986],[-121.79885,47.50902],[-121.80056,47.51223]]]},"properties":{"type":"REC_FIXED_SITE_US","name":"SAM 8 - Meadowbrook Farm","identifier":"FAA-REC_FIXED_SITE_US:SAM 8 - Meadowbrook Farm","lowerLimit":"GND","upperLimit":"1200 ft AGL","authority":"FAA (Recreational Flyer Fixed Sites)"}},
{"type":"Feature","geometry":{"type":"Polygon","coordinates":[[[-122.1053,47.66184],[-122.10785,47.66059],[-122.10447,47.65831],[-122.1053,47.66184]]]},"properties":{"type":"REC_FIXED_SITE_US","name":"Marymoor RC Club - Marymoor Park","identifier":"FAA-REC_FIXED_SITE_US:Marymoor RC Club - Marymoor Park","lowerLimit":"GND","upperLimit":"700 ft AGL","authority":"FAA (Recreational Flyer Fixed Sites)"}},
{"type":"Feature","geometry":{"type":"Polygon","coordinates":[[[-122.13806,47.70486],[-122.14055,47.70239],[-122.13648,47.70159],[-122.13806,47.70486]]]},"properties":{"type":"REC_FIXED_SITE_US","name":"Seattle Area Soaring Society - Soccer Fields","identifier":"FAA-REC_FIXED_SITE_US:Seattle Area Soaring Society - Soccer Fields","lowerLimit":"GND","upperLimit":"700 ft AGL","authority":"FAA (Recreational Flyer Fixed Sites)"}},
{"type":"Feature","geometry":{"type":"Polygon","coordinates":[[[-122.1535,47.28258],[-122.15493,47.27924],[-122.15097,47.28021],[-122.1535,47.28258]]]},"properties":{"type":"REC_FIXED_SITE_US","name":"RAMS - Auburn Adventist Academy Airport","identifier":"FAA-REC_FIXED_SITE_US:RAMS - Auburn Adventist Academy Airport","lowerLimit":"GND","upperLimit":"700 ft AGL","authority":"FAA (Recreational Flyer Fixed Sites)"}},
{"type":"Feature","geometry":{"type":"Polygon","coordinates":[[[-122.42303,47.99262],[-122.42402,47.98912],[-122.42046,47.99137],[-122.42303,47.99262]]]},"properties":{"type":"REC_FIXED_SITE_US","name":"Miller Lake RC Field","identifier":"FAA-REC_FIXED_SITE_US:Miller Lake RC Field","lowerLimit":"GND","upperLimit":"700 ft AGL","authority":"FAA (Recreational Flyer Fixed Sites)"}},
{"type":"Feature","geometry":{"type":"Polygon","coordinates":[[[-122.1377,48.0967],[-122.13943,48.0935],[-122.13519,48.09423],[-122.1377,48.0967]]]},"properties":{"type":"REC_FIXED_SITE_US","name":"Evergreen Radio Modelers Association - Erma Field","identifier":"FAA-REC_FIXED_SITE_US:Evergreen Radio Modelers Association - Erma Field","lowerLimit":"GND","upperLimit":"700 ft AGL","authority":"FAA (Recreational Flyer Fixed Sites)"}},
{"type":"Feature","geometry":{"type":"Polygon","coordinates":[[[-122.1025,48.22319],[-122.10512,48.22093],[-122.10105,48.21985],[-122.1025,48.22319]]]},"properties":{"type":"REC_FIXED_SITE_US","name":"Arlington Eagles R/C Flyers - Arlington Eagles Field","identifier":"FAA-REC_FIXED_SITE_US:Arlington Eagles R/C Flyers - Arlington Eagles Field","lowerLimit":"GND","upperLimit":"700 ft AGL","authority":"FAA (Recreational Flyer Fixed Sites)"}},
{"type":"Feature","geometry":{"type":"Polygon","coordinates":[[[-122.73883,48.24798],[-122.74043,48.2447],[-122.73631,48.2455],[-122.73883,48.24798]]]},"properties":{"type":"REC_FIXED_SITE_US","name":"Whidbey Island RC Society, Chase Field","identifier":"FAA-REC_FIXED_SITE_US:Whidbey Island RC Society, Chase Field","lowerLimit":"GND","upperLimit":"700 ft AGL","authority":"FAA (Recreational Flyer Fixed Sites)"}},
{"type":"Feature","geometry":{"type":"Polygon","coordinates":[[[-122.8865,48.70561],[-122.88825,48.70241],[-122.8839,48.70324],[-122.8865,48.70561]]]},"properties":{"type":"REC_FIXED_SITE_US","name":"Orcas RC Aircraft Society -  Mount Baker Rd","identifier":"FAA-REC_FIXED_SITE_US:Orcas RC Aircraft Society -  Mount Baker Rd","lowerLimit":"GND","upperLimit":"700 ft AGL","authority":"FAA (Recreational Flyer Fixed Sites)"}},
{"type":"Feature","geometry":{"type":"Polygon","coordinates":[[[-122.2636,48.4918],[-122.26506,48.48846],[-122.26096,48.48954],[-122.2636,48.4918]]]},"properties":{"type":"REC_FIXED_SITE_US","name":"Skagit County RC Club - Diamond Rd","identifier":"FAA-REC_FIXED_SITE_US:Skagit County RC Club - Diamond Rd","lowerLimit":"GND","upperLimit":"700 ft AGL","authority":"FAA (Recreational Flyer Fixed Sites)"}},
{"type":"Feature","geometry":{"type":"Polygon","coordinates":[[[-122.0741,47.95221],[-122.07671,47.95085],[-122.07295,47.94876],[-122.0741,47.95221]]]},"properties":{"type":"REC_FIXED_SITE_US","name":"Snohomish Radio Aero Club, S. Machias rd.","identifier":"FAA-REC_FIXED_SITE_US:Snohomish Radio Aero Club, S. Machias rd.","lowerLimit":"GND","upperLimit":"700 ft AGL","authority":"FAA (Recreational Flyer Fixed Sites)"}},
{"type":"Feature","geometry":{"type":"Polygon","coordinates":[[[-121.91374,47.99421],[-121.91473,47.99071],[-121.91117,47.99296],[-121.91374,47.99421]]]},"properties":{"type":"REC_FIXED_SITE_US","name":"Barnyard Buzzards Model Airplane Club - Lake Roeiger","identifier":"FAA-REC_FIXED_SITE_US:Barnyard Buzzards Model Airplane Club - Lake Roeiger","lowerLimit":"GND","upperLimit":"1200 ft AGL","authority":"FAA (Recreational Flyer Fixed Sites)"}},
{"type":"Feature","geometry":{"type":"Polygon","coordinates":[[[-122.06393,47.89827],[-122.06565,47.89506],[-122.06143,47.89579],[-122.06393,47.89827]]]},"properties":{"type":"REC_FIXED_SITE_US","name":"Diehard RC - Old Snohomish Monroe Rd","identifier":"FAA-REC_FIXED_SITE_US:Diehard RC - Old Snohomish Monroe Rd","lowerLimit":"GND","upperLimit":"700 ft AGL","authority":"FAA (Recreational Flyer Fixed Sites)"}},
{"type":"Feature","geometry":{"type":"Polygon","coordinates":[[[-121.88335,47.97998],[-121.88507,47.97678],[-121.88084,47.97751],[-121.88335,47.97998]]]},"properties":{"type":"REC_FIXED_SITE_US","name":"Barnyard Buzzards Model Airplane Club - Monroe Camp Road","identifier":"FAA-REC_FIXED_SITE_US:Barnyard Buzzards Model Airplane Club - Monroe Camp Road","lowerLimit":"GND","upperLimit":"1200 ft AGL","authority":"FAA (Recreational Flyer Fixed Sites)"}},
{"type":"Feature","geometry":{"type":"Polygon","coordinates":[[[-122.13512,47.90686],[-122.13768,47.90561],[-122.13429,47.90333],[-122.13512,47.90686]]]},"properties":{"type":"REC_FIXED_SITE_US","name":"Cascade Model Helicopter Club - Snohomish Field","identifier":"FAA-REC_FIXED_SITE_US:Cascade Model Helicopter Club - Snohomish Field","lowerLimit":"GND","upperLimit":"700 ft AGL","authority":"FAA (Recreational Flyer Fixed Sites)"}},
{"type":"Feature","geometry":{"type":"Polygon","coordinates":[[[-122.03809,47.88717],[-122.04065,47.88592],[-122.0371,47.88367],[-122.03809,47.88717]]]},"properties":{"type":"REC_FIXED_SITE_US","name":"Cascade Miniature Aircraft Assn - CMAA RC Airfield","identifier":"FAA-REC_FIXED_SITE_US:Cascade Miniature Aircraft Assn - CMAA RC Airfield","lowerLimit":"GND","upperLimit":"700 ft AGL","authority":"FAA (Recreational Flyer Fixed Sites)"}},
{"type":"Feature","geometry":{"type":"Polygon","coordinates":[[[-122.7544,48.00014],[-122.75701,47.99878],[-122.75325,47.99669],[-122.7544,48.00014]]]},"properties":{"type":"REC_FIXED_SITE_US","name":"Tri Area RC Flyers - Beaver Valley Rd","identifier":"FAA-REC_FIXED_SITE_US:Tri Area RC Flyers - Beaver Valley Rd","lowerLimit":"GND","upperLimit":"700 ft AGL","authority":"FAA (Recreational Flyer Fixed Sites)"}},
{"type":"Feature","geometry":{"type":"Polygon","coordinates":[[[-122.76651,48.13539],[-122.76913,48.13403],[-122.76536,48.13194],[-122.76651,48.13539]]]},"properties":{"type":"REC_FIXED_SITE_US","name":"Port Townsend Silent Flight Association - Fort Worden State Park Parade Grounds","identifier":"FAA-REC_FIXED_SITE_US:Port Townsend Silent Flight Association - Fort Worden State Park Parade Grounds","lowerLimit":"GND","upperLimit":"700 ft AGL","authority":"FAA (Recreational Flyer Fixed Sites)"}},
{"type":"Feature","geometry":{"type":"Polygon","coordinates":[[[-122.6565,47.76885],[-122.6591,47.76749],[-122.65536,47.7654],[-122.6565,47.76885]]]},"properties":{"type":"REC_FIXED_SITE_US","name":"Eco-Friendly Little Airplane Club-Coleman G Field","identifier":"FAA-REC_FIXED_SITE_US:Eco-Friendly Little Airplane Club-Coleman G Field","lowerLimit":"GND","upperLimit":"700 ft AGL","authority":"FAA (Recreational Flyer Fixed Sites)"}},
{"type":"Feature","geometry":{"type":"Polygon","coordinates":[[[-122.29082,47.10281],[-122.2918,47.09932],[-122.28825,47.10055],[-122.29082,47.10281]]]},"properties":{"type":"REC_FIXED_SITE_US","name":"Northwest Skyraiders - Pierce County Airport","identifier":"FAA-REC_FIXED_SITE_US:Northwest Skyraiders - Pierce County Airport","lowerLimit":"GND","upperLimit":"700 ft AGL","authority":"FAA (Recreational Flyer Fixed Sites)"}},
{"type":"Feature","geometry":{"type":"Polygon","coordinates":[[[-122.87577,47.90008],[-122.87838,47.89872],[-122.87462,47.89663],[-122.87577,47.90008]]]},"properties":{"type":"REC_FIXED_SITE_US","name":"Olympic R/C Association - Leland Lake County Park","identifier":"FAA-REC_FIXED_SITE_US:Olympic R/C Association - Leland Lake County Park","lowerLimit":"GND","upperLimit":"700 ft AGL","authority":"FAA (Recreational Flyer Fixed Sites)"}},
{"type":"Feature","geometry":{"type":"Polygon","coordinates":[[[-123.09528,48.07931],[-123.09785,48.07694],[-123.09383,48.07597],[-123.09528,48.07931]]]},"properties":{"type":"REC_FIXED_SITE_US","name":"Olympic Silent Flyers - Center Park Way","identifier":"FAA-REC_FIXED_SITE_US:Olympic Silent Flyers - Center Park Way","lowerLimit":"GND","upperLimit":"700 ft AGL","authority":"FAA (Recreational Flyer Fixed Sites)"}},
{"type":"Feature","geometry":{"type":"Polygon","coordinates":[[[-123.1741,48.05419],[-123.17555,48.05085],[-123.17153,48.05182],[-123.1741,48.05419]]]},"properties":{"type":"REC_FIXED_SITE_US","name":"Sequim RC Aeronauts - Hooker Rd","identifier":"FAA-REC_FIXED_SITE_US:Sequim RC Aeronauts - Hooker Rd","lowerLimit":"GND","upperLimit":"700 ft AGL","authority":"FAA (Recreational Flyer Fixed Sites)"}},
{"type":"Feature","geometry":{"type":"Polygon","coordinates":[[[-123.18558,48.10065],[-123.18673,48.0972],[-123.18296,48.09929],[-123.18558,48.10065]]]},"properties":{"type":"REC_FIXED_SITE_US","name":"Sequim RC Aeronauts - Sequim Valley Airport","identifier":"FAA-REC_FIXED_SITE_US:Sequim RC Aeronauts - Sequim Valley Airport","lowerLimit":"GND","upperLimit":"700 ft AGL","authority":"FAA (Recreational Flyer Fixed Sites)"}},
{"type":"Feature","geometry":{"type":"Polygon","coordinates":[[[-122.68726,47.68216],[-122.6887,47.67882],[-122.68471,47.67979],[-122.68726,47.68216]]]},"properties":{"type":"REC_FIXED_SITE_US","name":"Olympic R/C Association - Dale Olson Memorial Field","identifier":"FAA-REC_FIXED_SITE_US:Olympic R/C Association - Dale Olson Memorial Field","lowerLimit":"GND","upperLimit":"700 ft AGL","authority":"FAA (Recreational Flyer Fixed Sites)"}},
{"type":"Feature","geometry":{"type":"Polygon","coordinates":[[[-122.85228,47.06677],[-122.85356,47.06337],[-122.84976,47.0644],[-122.85228,47.06677]]]},"properties":{"type":"REC_FIXED_SITE_US","name":"Puget Sound Silent Flyers - Lister Rd","identifier":"FAA-REC_FIXED_SITE_US:Puget Sound Silent Flyers - Lister Rd","lowerLimit":"GND","upperLimit":"700 ft AGL","authority":"FAA (Recreational Flyer Fixed Sites)"}},
{"type":"Feature","geometry":{"type":"Polygon","coordinates":[[[-123.05853,46.90133],[-123.05951,46.89784],[-123.05594,46.89918],[-123.05853,46.90133]]]},"properties":{"type":"REC_FIXED_SITE_US","name":"Thurston County Miniature Aircraft Association- Marksman St SW","identifier":"FAA-REC_FIXED_SITE_US:Thurston County Miniature Aircraft Association- Marksman St SW","lowerLimit":"GND","upperLimit":"700 ft AGL","authority":"FAA (Recreational Flyer Fixed Sites)"}},
{"type":"Feature","geometry":{"type":"Polygon","coordinates":[[[-123.00799,46.60885],[-123.01057,46.6067],[-123.00687,46.6054],[-123.00799,46.60885]]]},"properties":{"type":"REC_FIXED_SITE_US","name":"Faro Field Flyers -  Pleasant Valley Rd","identifier":"FAA-REC_FIXED_SITE_US:Faro Field Flyers -  Pleasant Valley Rd","lowerLimit":"GND","upperLimit":"1200 ft AGL","authority":"FAA (Recreational Flyer Fixed Sites)"}},
{"type":"Feature","geometry":{"type":"Polygon","coordinates":[[[-123.47791,46.99187],[-123.48047,46.98961],[-123.47693,46.98838],[-123.47791,46.99187]]]},"properties":{"type":"REC_FIXED_SITE_US","name":"SAM 8 - Wenzel Slough Rd","identifier":"FAA-REC_FIXED_SITE_US:SAM 8 - Wenzel Slough Rd","lowerLimit":"GND","upperLimit":"1200 ft AGL","authority":"FAA (Recreational Flyer Fixed Sites)"}},
{"type":"Feature","geometry":{"type":"Polygon","coordinates":[[[-124.14573,47.04348],[-124.14825,47.04223],[-124.1446,47.04003],[-124.14573,47.04348]]]},"properties":{"type":"REC_FIXED_SITE_US","name":"Ocean Shores RC Flyers- Hogans Corner Airport","identifier":"FAA-REC_FIXED_SITE_US:Ocean Shores RC Flyers- Hogans Corner Airport","lowerLimit":"GND","upperLimit":"1200 ft AGL","authority":"FAA (Recreational Flyer Fixed Sites)"}},
{"type":"Feature","geometry":{"type":"Polygon","coordinates":[[[-122.45263,46.89635],[-122.4536,46.89285],[-122.45007,46.89409],[-122.45263,46.89635]]]},"properties":{"type":"REC_FIXED_SITE_US","name":"Mount Rainier RC Society - Pfeiffer Field","identifier":"FAA-REC_FIXED_SITE_US:Mount Rainier RC Society - Pfeiffer Field","lowerLimit":"GND","upperLimit":"700 ft AGL","authority":"FAA (Recreational Flyer Fixed Sites)"}},
{"type":"Feature","geometry":{"type":"Polygon","coordinates":[[[-123.14995,47.24206],[-123.15256,47.23991],[-123.14882,47.23861],[-123.14995,47.24206]]]},"properties":{"type":"REC_FIXED_SITE_US","name":"Sanderson Field RC Flyers - Shelton Airport","identifier":"FAA-REC_FIXED_SITE_US:Sanderson Field RC Flyers - Shelton Airport","lowerLimit":"GND","upperLimit":"700 ft AGL","authority":"FAA (Recreational Flyer Fixed Sites)"}},
{"type":"Feature","geometry":{"type":"Polygon","coordinates":[[[-122.81459,46.47391],[-122.81719,46.47233],[-122.81305,46.47064],[-122.81459,46.47391]]]},"properties":{"type":"REC_FIXED_SITE_US","name":"Lewis County Radio Controllers - Buckley Rd","identifier":"FAA-REC_FIXED_SITE_US:Lewis County Radio Controllers - Buckley Rd","lowerLimit":"GND","upperLimit":"700 ft AGL","authority":"FAA (Recreational Flyer Fixed Sites)"}},
{"type":"Feature","geometry":{"type":"Polygon","coordinates":[[[-123.1275,47.32542],[-123.12893,47.32208],[-123.12492,47.32316],[-123.1275,47.32542]]]},"properties":{"type":"REC_FIXED_SITE_US","name":"Sanderson Field RC Flyers - Hunter Farms","identifier":"FAA-REC_FIXED_SITE_US:Sanderson Field RC Flyers - Hunter Farms","lowerLimit":"GND","upperLimit":"700 ft AGL","authority":"FAA (Recreational Flyer Fixed Sites)"}},
{"type":"Feature","geometry":{"type":"Polygon","coordinates":[[[-122.50717,45.89625],[-122.50749,45.89264],[-122.50458,45.89433],[-122.50717,45.89625]]]},"properties":{"type":"REC_FIXED_SITE_US","name":"Clark County Radio Control Society - Mint Lake","identifier":"FAA-REC_FIXED_SITE_US:Clark County Radio Control Society - Mint Lake","lowerLimit":"GND","upperLimit":"700 ft AGL","authority":"FAA (Recreational Flyer Fixed Sites)"}},
{"type":"Feature","geometry":{"type":"Polygon","coordinates":[[[-122.61294,45.85853],[-122.61326,45.85492],[-122.61035,45.85661],[-122.61294,45.85853]]]},"properties":{"type":"REC_FIXED_SITE_US","name":"Serenity Flyers RC Club - Serene Hills Air Park","identifier":"FAA-REC_FIXED_SITE_US:Serenity Flyers RC Club - Serene Hills Air Park","lowerLimit":"GND","upperLimit":"700 ft AGL","authority":"FAA (Recreational Flyer Fixed Sites)"}},
{"type":"Feature","geometry":{"type":"Polygon","coordinates":[[[-122.67479,45.74889],[-122.67512,45.74528],[-122.67221,45.74697],[-122.67479,45.74889]]]},"properties":{"type":"REC_FIXED_SITE_US","name":"Clark County RC Society Inc - Clark County Fairgrounds","identifier":"FAA-REC_FIXED_SITE_US:Clark County RC Society Inc - Clark County Fairgrounds","lowerLimit":"GND","upperLimit":"700 ft AGL","authority":"FAA (Recreational Flyer Fixed Sites)"}},
{"type":"Feature","geometry":{"type":"Polygon","coordinates":[[[-121.96528,45.64264],[-121.96716,45.63959],[-121.96351,45.63951],[-121.96528,45.64264]]]},"properties":{"type":"REC_FIXED_SITE_US","name":"Fern Prairie Modelers - Cascade Business Park","identifier":"FAA-REC_FIXED_SITE_US:Fern Prairie Modelers - Cascade Business Park","lowerLimit":"GND","upperLimit":"1200 ft AGL","authority":"FAA (Recreational Flyer Fixed Sites)"}},
{"type":"Feature","geometry":{"type":"Polygon","coordinates":[[[-119.25475,47.07185],[-119.25738,47.07027],[-119.25319,47.06858],[-119.25475,47.07185]]]},"properties":{"type":"REC_FIXED_SITE_US","name":"Moses Lake RC Modelers - McKay  Field","identifier":"FAA-REC_FIXED_SITE_US:Moses Lake RC Modelers - McKay  Field","lowerLimit":"GND","upperLimit":"700 ft AGL","authority":"FAA (Recreational Flyer Fixed Sites)"}},
{"type":"Feature","geometry":{"type":"Polygon","coordinates":[[[-120.52638,46.96403],[-120.52751,46.96058],[-120.52378,46.96188],[-120.52638,46.96403]]]},"properties":{"type":"REC_FIXED_SITE_US","name":"Ellensburg R/C Flyers  - Berry Rd","identifier":"FAA-REC_FIXED_SITE_US:Ellensburg R/C Flyers  - Berry Rd","lowerLimit":"GND","upperLimit":"700 ft AGL","authority":"FAA (Recreational Flyer Fixed Sites)"}},
{"type":"Feature","geometry":{"type":"Polygon","coordinates":[[[-120.5213,47.03892],[-120.5239,47.03677],[-120.52032,47.03543],[-120.5213,47.03892]]]},"properties":{"type":"REC_FIXED_SITE_US","name":"Ellensburg R/C Flyers - Bowers Field","identifier":"FAA-REC_FIXED_SITE_US:Ellensburg R/C Flyers - Bowers Field","lowerLimit":"GND","upperLimit":"700 ft AGL","authority":"FAA (Recreational Flyer Fixed Sites)"}},
{"type":"Feature","geometry":{"type":"Polygon","coordinates":[[[-120.17214,46.27047],[-120.17473,46.26843],[-120.17133,46.26693],[-120.17214,46.27047]]]},"properties":{"type":"REC_FIXED_SITE_US","name":"Yakima Valley Aeromodelers - W Satus Rd","identifier":"FAA-REC_FIXED_SITE_US:Yakima Valley Aeromodelers - W Satus Rd","lowerLimit":"GND","upperLimit":"1200 ft AGL","authority":"FAA (Recreational Flyer Fixed Sites)"}},
{"type":"Feature","geometry":{"type":"Polygon","coordinates":[[[-120.26068,46.45373],[-120.26164,46.45023],[-120.25814,46.45147],[-120.26068,46.45373]]]},"properties":{"type":"REC_FIXED_SITE_US","name":"Yakima Valley Aeromodelers - Ben's Strip Cheyne Rd","identifier":"FAA-REC_FIXED_SITE_US:Yakima Valley Aeromodelers - Ben's Strip Cheyne Rd","lowerLimit":"GND","upperLimit":"1200 ft AGL","authority":"FAA (Recreational Flyer Fixed Sites)"}},
{"type":"Feature","geometry":{"type":"Polygon","coordinates":[[[-117.08155,47.76779],[-117.08299,47.76445],[-117.07895,47.76553],[-117.08155,47.76779]]]},"properties":{"type":"REC_FIXED_SITE_US","name":"Newman -Lake Aeronautical Pilots Society - North Starr Rd","identifier":"FAA-REC_FIXED_SITE_US:Newman -Lake Aeronautical Pilots Society - North Starr Rd","lowerLimit":"GND","upperLimit":"700 ft AGL","authority":"FAA (Recreational Flyer Fixed Sites)"}},
{"type":"Feature","geometry":{"type":"Polygon","coordinates":[[[-117.6318,47.77471],[-117.63324,47.77137],[-117.6292,47.77245],[-117.6318,47.77471]]]},"properties":{"type":"REC_FIXED_SITE_US","name":"Four Mound Flyers - 4 Mound Rd","identifier":"FAA-REC_FIXED_SITE_US:Four Mound Flyers - 4 Mound Rd","lowerLimit":"GND","upperLimit":"700 ft AGL","authority":"FAA (Recreational Flyer Fixed Sites)"}},
{"type":"Feature","geometry":{"type":"Polygon","coordinates":[[[-117.40262,47.514],[-117.40376,47.51055],[-117.4,47.51185],[-117.40262,47.514]]]},"properties":{"type":"REC_FIXED_SITE_US","name":"Inland Empire Quiet Flyers - Paradise Flying Field","identifier":"FAA-REC_FIXED_SITE_US:Inland Empire Quiet Flyers - Paradise Flying Field","lowerLimit":"GND","upperLimit":"700 ft AGL","authority":"FAA (Recreational Flyer Fixed Sites)"}},
{"type":"Feature","geometry":{"type":"Polygon","coordinates":[[[-117.1739,46.64291],[-117.17502,46.63946],[-117.1714,46.64166],[-117.1739,46.64291]]]},"properties":{"type":"REC_FIXED_SITE_US","name":"Palouse Region R/C Flyers - Leroy Johnson/Chambers RC Field","identifier":"FAA-REC_FIXED_SITE_US:Palouse Region R/C Flyers - Leroy Johnson/Chambers RC Field","lowerLimit":"GND","upperLimit":"1200 ft AGL","authority":"FAA (Recreational Flyer Fixed Sites)"}},
{"type":"Feature","geometry":{"type":"Polygon","coordinates":[[[-119.02306,46.41431],[-119.02432,46.41091],[-119.02057,46.41194],[-119.02306,46.41431]]]},"properties":{"type":"REC_FIXED_SITE_US","name":"Mid Columbia R/C Soarers - Basin Sod Farm","identifier":"FAA-REC_FIXED_SITE_US:Mid Columbia R/C Soarers - Basin Sod Farm","lowerLimit":"GND","upperLimit":"700 ft AGL","authority":"FAA (Recreational Flyer Fixed Sites)"}},
{"type":"Feature","geometry":{"type":"Polygon","coordinates":[[[-119.23874,46.78401],[-119.24133,46.78186],[-119.23762,46.78056],[-119.23874,46.78401]]]},"properties":{"type":"REC_FIXED_SITE_US","name":"Weaver's RC Field","identifier":"FAA-REC_FIXED_SITE_US:Weaver's RC Field","lowerLimit":"GND","upperLimit":"1200 ft AGL","authority":"FAA (Recreational Flyer Fixed Sites)"}},
{"type":"Feature","geometry":{"type":"Polygon","coordinates":[[[-119.44262,46.36724],[-119.44373,46.36379],[-119.44013,46.36599],[-119.44262,46.36724]]]},"properties":{"type":"REC_FIXED_SITE_US","name":"Miniature Aircraft Association - Higgins Field","identifier":"FAA-REC_FIXED_SITE_US:Miniature Aircraft Association - Higgins Field","lowerLimit":"GND","upperLimit":"1200 ft AGL","authority":"FAA (Recreational Flyer Fixed Sites)"}},
{"type":"Feature","geometry":{"type":"Polygon","coordinates":[[[-119.35422,46.35788],[-119.35548,46.35448],[-119.35169,46.35562],[-119.35422,46.35788]]]},"properties":{"type":"REC_FIXED_SITE_US","name":"Tri City Radio Control Modelers-Beardsley Rd","identifier":"FAA-REC_FIXED_SITE_US:Tri City Radio Control Modelers-Beardsley Rd","lowerLimit":"GND","upperLimit":"1200 ft AGL","authority":"FAA (Recreational Flyer Fixed Sites)"}},
{"type":"Feature","geometry":{"type":"Polygon","coordinates":[[[-122.22517,47.32935],[-122.2277,47.32699],[-122.2236,47.32608],[-122.22517,47.32935]]]},"properties":{"type":"REC_FIXED_SITE_US","name":"Auburn Municipal Airport - Dick Scobee Field","identifier":"FAA-REC_FIXED_SITE_US:Auburn Municipal Airport - Dick Scobee Field","lowerLimit":"GND","upperLimit":"700 ft AGL","authority":"FAA (Recreational Flyer Fixed Sites)"}},
{"type":"Feature","geometry":{"type":"Polygon","coordinates":[[[-87.91783,43.34348],[-87.92029,43.34145],[-87.91573,43.3407],[-87.91783,43.34348]]]},"properties":{"type":"REC_FIXED_SITE_US","name":"Astrowings of Wisconsin Grafton Flying Club - WE Energies Field","identifier":"FAA-REC_FIXED_SITE_US:Astrowings of Wisconsin Grafton Flying Club - WE Energies Field","lowerLimit":"GND","upperLimit":"1200 ft AGL","authority":"FAA (Recreational Flyer Fixed Sites)"}},
{"type":"Feature","geometry":{"type":"Polygon","coordinates":[[[-88.48294,43.34362],[-88.48542,43.34192],[-88.48124,43.34049],[-88.48294,43.34362]]]},"properties":{"type":"REC_FIXED_SITE_US","name":"Rubicon Area Flyers - CR N","identifier":"FAA-REC_FIXED_SITE_US:Rubicon Area Flyers - CR N","lowerLimit":"GND","upperLimit":"700 ft AGL","authority":"FAA (Recreational Flyer Fixed Sites)"}},
{"type":"Feature","geometry":{"type":"Polygon","coordinates":[[[-88.39561,43.18802],[-88.39988,43.18689],[-88.39757,43.18497],[-88.39561,43.18802]]]},"properties":{"type":"REC_FIXED_SITE_US","name":"Genesee RC - W Shore Dr.","identifier":"FAA-REC_FIXED_SITE_US:Genesee RC - W Shore Dr.","lowerLimit":"GND","upperLimit":"1200 ft AGL","authority":"FAA (Recreational Flyer Fixed Sites)"}},
{"type":"Feature","geometry":{"type":"Polygon","coordinates":[[[-88.36585,43.07263],[-88.36923,43.07247],[-88.36727,43.06942],[-88.36585,43.07263]]]},"properties":{"type":"REC_FIXED_SITE_US","name":"Nagawicka Rd","identifier":"FAA-REC_FIXED_SITE_US:Nagawicka Rd","lowerLimit":"GND","upperLimit":"700 ft AGL","authority":"FAA (Recreational Flyer Fixed Sites)"}},
{"type":"Feature","geometry":{"type":"Polygon","coordinates":[[[-88.73054,43.45697],[-88.73473,43.45565],[-88.73208,43.45384],[-88.73054,43.45697]]]},"properties":{"type":"REC_FIXED_SITE_US","name":"Bladed Fury - Prospect Rd","identifier":"FAA-REC_FIXED_SITE_US:Bladed Fury - Prospect Rd","lowerLimit":"GND","upperLimit":"700 ft AGL","authority":"FAA (Recreational Flyer Fixed Sites)"}},
{"type":"Feature","geometry":{"type":"Polygon","coordinates":[[[-88.12569,43.13017],[-88.12588,43.12992],[-88.12389,43.12791],[-88.12097,43.12947],[-88.12114,43.1299],[-88.12141,43.12929],[-88.12316,43.12863],[-88.12501,43.12912],[-88.12569,43.13017]]]},"properties":{"type":"REC_FIXED_SITE_US","name":"Flying Electrons Tamarac Airfield","identifier":"FAA-REC_FIXED_SITE_US:Flying Electrons Tamarac Airfield","lowerLimit":"GND","upperLimit":"700 ft AGL","authority":"FAA (Recreational Flyer Fixed Sites)"}},
{"type":"Feature","geometry":{"type":"Polygon","coordinates":[[[-87.91229,43.75132],[-87.9165,43.75],[-87.91384,43.74819],[-87.91229,43.75132]]]},"properties":{"type":"REC_FIXED_SITE_US","name":"Sheboygan Area Radio Kontrol Society Flying Site - Sharks field","identifier":"FAA-REC_FIXED_SITE_US:Sheboygan Area Radio Kontrol Society Flying Site - Sharks field","lowerLimit":"GND","upperLimit":"700 ft AGL","authority":"FAA (Recreational Flyer Fixed Sites)"}},
{"type":"Feature","geometry":{"type":"Polygon","coordinates":[[[-88.23277,43.13194],[-88.23458,43.12889],[-88.23108,43.12881],[-88.23277,43.13194]]]},"properties":{"type":"REC_FIXED_SITE_US","name":"Sussex Village Park","identifier":"FAA-REC_FIXED_SITE_US:Sussex Village Park","lowerLimit":"GND","upperLimit":"700 ft AGL","authority":"FAA (Recreational Flyer Fixed Sites)"}},
{"type":"Feature","geometry":{"type":"Polygon","coordinates":[[[-88.2908,43.47132],[-88.29499,43.47],[-88.29234,43.46819],[-88.2908,43.47132]]]},"properties":{"type":"REC_FIXED_SITE_US","name":"Sky Ranch Flyers - CR D","identifier":"FAA-REC_FIXED_SITE_US:Sky Ranch Flyers - CR D","lowerLimit":"GND","upperLimit":"1200 ft AGL","authority":"FAA (Recreational Flyer Fixed Sites)"}},
{"type":"Feature","geometry":{"type":"Polygon","coordinates":[[[-88.17368,42.54216],[-88.17399,42.53855],[-88.17123,42.54035],[-88.17368,42.54216]]]},"properties":{"type":"REC_FIXED_SITE_US","name":"Chain O Lakes - Fox River Park","identifier":"FAA-REC_FIXED_SITE_US:Chain O Lakes - Fox River Park","lowerLimit":"GND","upperLimit":"1200 ft AGL","authority":"FAA (Recreational Flyer Fixed Sites)"}},
{"type":"Feature","geometry":{"type":"Polygon","coordinates":[[[-87.99991,42.86132],[-88.00329,42.86132],[-88.00191,42.8582],[-87.99991,42.86132]]]},"properties":{"type":"REC_FIXED_SITE_US","name":"Rainbow Aero Modelers Society - Oakwood Rd","identifier":"FAA-REC_FIXED_SITE_US:Rainbow Aero Modelers Society - Oakwood Rd","lowerLimit":"GND","upperLimit":"700 ft AGL","authority":"FAA (Recreational Flyer Fixed Sites)"}},
{"type":"Feature","geometry":{"type":"Polygon","coordinates":[[[-88.402,42.64375],[-88.40231,42.64014],[-88.39955,42.64183],[-88.402,42.64375]]]},"properties":{"type":"REC_FIXED_SITE_US","name":"Silver Eagles - Hwy 36","identifier":"FAA-REC_FIXED_SITE_US:Silver Eagles - Hwy 36","lowerLimit":"GND","upperLimit":"700 ft AGL","authority":"FAA (Recreational Flyer Fixed Sites)"}},
{"type":"Feature","geometry":{"type":"Polygon","coordinates":[[[-88.2949,42.8569],[-88.29915,42.85577],[-88.29512,42.85426],[-88.2949,42.8569]]]},"properties":{"type":"REC_FIXED_SITE_US","name":"Porterville Flyers - Maple Ave","identifier":"FAA-REC_FIXED_SITE_US:Porterville Flyers - Maple Ave","lowerLimit":"GND","upperLimit":"700 ft AGL","authority":"FAA (Recreational Flyer Fixed Sites)"}},
{"type":"Feature","geometry":{"type":"Polygon","coordinates":[[[-87.91405,42.73103],[-87.91436,42.72742],[-87.91159,42.72922],[-87.91405,42.73103]]]},"properties":{"type":"REC_FIXED_SITE_US","name":"Racine RC Club Inc - W Rd","identifier":"FAA-REC_FIXED_SITE_US:Racine RC Club Inc - W Rd","lowerLimit":"GND","upperLimit":"700 ft AGL","authority":"FAA (Recreational Flyer Fixed Sites)"}},
{"type":"Feature","geometry":{"type":"Polygon","coordinates":[[[-88.5655,43.07014],[-88.56566,43.06652],[-88.56303,43.06833],[-88.5655,43.07014]]]},"properties":{"type":"REC_FIXED_SITE_US","name":"ABC R/C Flyers - Concord Center Dr","identifier":"FAA-REC_FIXED_SITE_US:ABC R/C Flyers - Concord Center Dr","lowerLimit":"GND","upperLimit":"1200 ft AGL","authority":"FAA (Recreational Flyer Fixed Sites)"}},
{"type":"Feature","geometry":{"type":"Polygon","coordinates":[[[-88.12029,42.80056],[-88.12219,42.79759],[-88.11873,42.79735],[-88.12029,42.80056]]]},"properties":{"type":"REC_FIXED_SITE_US","name":"Wind Lake Turf","identifier":"FAA-REC_FIXED_SITE_US:Wind Lake Turf","lowerLimit":"GND","upperLimit":"1200 ft AGL","authority":"FAA (Recreational Flyer Fixed Sites)"}},
{"type":"Feature","geometry":{"type":"Polygon","coordinates":[[[-88.72826,42.84461],[-88.73072,42.8428],[-88.7281,42.84099],[-88.72826,42.84461]]]},"properties":{"type":"REC_FIXED_SITE_US","name":"Whitewater RC Flying Club - Jefferson St","identifier":"FAA-REC_FIXED_SITE_US:Whitewater RC Flying Club - Jefferson St","lowerLimit":"GND","upperLimit":"700 ft AGL","authority":"FAA (Recreational Flyer Fixed Sites)"}},
{"type":"Feature","geometry":{"type":"Polygon","coordinates":[[[-89.20802,42.51584],[-89.21138,42.51584],[-89.21001,42.51272],[-89.20802,42.51584]]]},"properties":{"type":"REC_FIXED_SITE_US","name":"Rock River Aero Modelers Society - Merlet Rd","identifier":"FAA-REC_FIXED_SITE_US:Rock River Aero Modelers Society - Merlet Rd","lowerLimit":"GND","upperLimit":"1200 ft AGL","authority":"FAA (Recreational Flyer Fixed Sites)"}},
{"type":"Feature","geometry":{"type":"Polygon","coordinates":[[[-88.94487,42.5817],[-88.94643,42.57849],[-88.94298,42.57873],[-88.94487,42.5817]]]},"properties":{"type":"REC_FIXED_SITE_US","name":"Rock River Aero Modelers Society, Inc. - S CR J","identifier":"FAA-REC_FIXED_SITE_US:Rock River Aero Modelers Society, Inc. - S CR J","lowerLimit":"GND","upperLimit":"700 ft AGL","authority":"FAA (Recreational Flyer Fixed Sites)"}},
{"type":"Feature","geometry":{"type":"Polygon","coordinates":[[[-89.77243,42.56734],[-89.77488,42.56553],[-89.77227,42.56372],[-89.77243,42.56734]]]},"properties":{"type":"REC_FIXED_SITE_US","name":"Monroe Area R/C Modelers, U.A. - Mellenberger Rd","identifier":"FAA-REC_FIXED_SITE_US:Monroe Area R/C Modelers, U.A. - Mellenberger Rd","lowerLimit":"GND","upperLimit":"1200 ft AGL","authority":"FAA (Recreational Flyer Fixed Sites)"}},
{"type":"Feature","geometry":{"type":"Polygon","coordinates":[[[-89.16784,43.1292],[-89.17211,43.12808],[-89.16964,43.12615],[-89.16784,43.1292]]]},"properties":{"type":"REC_FIXED_SITE_US","name":"Madison Area Radio Control Society, Inc. - Co Hwy TT","identifier":"FAA-REC_FIXED_SITE_US:Madison Area Radio Control Society, Inc. - Co Hwy TT","lowerLimit":"GND","upperLimit":"700 ft AGL","authority":"FAA (Recreational Flyer Fixed Sites)"}},
{"type":"Feature","geometry":{"type":"Polygon","coordinates":[[[-89.49886,43.35655],[-89.50132,43.35452],[-89.49839,43.35296],[-89.49886,43.35655]]]},"properties":{"type":"REC_FIXED_SITE_US","name":"Lodi Area Radio Control Club - Hwy J","identifier":"FAA-REC_FIXED_SITE_US:Lodi Area Radio Control Club - Hwy J","lowerLimit":"GND","upperLimit":"1200 ft AGL","authority":"FAA (Recreational Flyer Fixed Sites)"}},
{"type":"Feature","geometry":{"type":"Polygon","coordinates":[[[-90.49695,42.67336],[-90.49863,42.67023],[-90.49449,42.67155],[-90.49695,42.67336]]]},"properties":{"type":"REC_FIXED_SITE_US","name":"Platteville Area Modelers - Flying Site","identifier":"FAA-REC_FIXED_SITE_US:Platteville Area Modelers - Flying Site","lowerLimit":"GND","upperLimit":"700 ft AGL","authority":"FAA (Recreational Flyer Fixed Sites)"}},
{"type":"Feature","geometry":{"type":"Polygon","coordinates":[[[-90.1405,43.84403],[-90.143,43.84211],[-90.14034,43.84041],[-90.1405,43.84403]]]},"properties":{"type":"REC_FIXED_SITE_US","name":"Castle Rock Fun Flyers - Mauston/New Lisbon Airport","identifier":"FAA-REC_FIXED_SITE_US:Castle Rock Fun Flyers - Mauston/New Lisbon Airport","lowerLimit":"GND","upperLimit":"700 ft AGL","authority":"FAA (Recreational Flyer Fixed Sites)"}},
{"type":"Feature","geometry":{"type":"Polygon","coordinates":[[[-89.88381,43.55267],[-89.88413,43.54906],[-89.88134,43.55063],[-89.88381,43.55267]]]},"properties":{"type":"REC_FIXED_SITE_US","name":"Reedsburg Area Flyers - WI 23","identifier":"FAA-REC_FIXED_SITE_US:Reedsburg Area Flyers - WI 23","lowerLimit":"GND","upperLimit":"700 ft AGL","authority":"FAA (Recreational Flyer Fixed Sites)"}},
{"type":"Feature","geometry":{"type":"Polygon","coordinates":[[[-92.55639,44.61959],[-92.55702,44.61602],[-92.55387,44.61755],[-92.55639,44.61959]]]},"properties":{"type":"REC_FIXED_SITE_US","name":"MINNESOTA RC SOARING SOCIETY   2","identifier":"FAA-REC_FIXED_SITE_US:MINNESOTA RC SOARING SOCIETY   2","lowerLimit":"GND","upperLimit":"700 ft AGL","authority":"FAA (Recreational Flyer Fixed Sites)"}},
{"type":"Feature","geometry":{"type":"Polygon","coordinates":[[[-92.53333,45.07258],[-92.53496,45.06938],[-92.53079,45.071],[-92.53333,45.07258]]]},"properties":{"type":"REC_FIXED_SITE_US","name":"Sodbusters RC Flying Club - Rick's Hobbyfarm","identifier":"FAA-REC_FIXED_SITE_US:Sodbusters RC Flying Club - Rick's Hobbyfarm","lowerLimit":"GND","upperLimit":"700 ft AGL","authority":"FAA (Recreational Flyer Fixed Sites)"}},
{"type":"Feature","geometry":{"type":"Polygon","coordinates":[[[-88.15604,44.17161],[-88.15854,44.17003],[-88.15636,44.168],[-88.15604,44.17161]]]},"properties":{"type":"REC_FIXED_SITE_US","name":"Calumet Flyers Inc - Calumet Flyers Miniature Aircraft Airport","identifier":"FAA-REC_FIXED_SITE_US:Calumet Flyers Inc - Calumet Flyers Miniature Aircraft Airport","lowerLimit":"GND","upperLimit":"1200 ft AGL","authority":"FAA (Recreational Flyer Fixed Sites)"}},
{"type":"Feature","geometry":{"type":"Polygon","coordinates":[[[-88.61301,45.21061],[-88.61557,45.20891],[-88.61126,45.20748],[-88.61301,45.21061]]]},"properties":{"type":"REC_FIXED_SITE_US","name":"Oconto RC Flyers - O' Brians Farm","identifier":"FAA-REC_FIXED_SITE_US:Oconto RC Flyers - O' Brians Farm","lowerLimit":"GND","upperLimit":"1200 ft AGL","authority":"FAA (Recreational Flyer Fixed Sites)"}},
{"type":"Feature","geometry":{"type":"Polygon","coordinates":[[[-88.6305,44.73891],[-88.63082,44.7353],[-88.62798,44.73687],[-88.6305,44.73891]]]},"properties":{"type":"REC_FIXED_SITE_US","name":"Shawano R/C Flying Club - Shawano County Farm","identifier":"FAA-REC_FIXED_SITE_US:Shawano R/C Flying Club - Shawano County Farm","lowerLimit":"GND","upperLimit":"700 ft AGL","authority":"FAA (Recreational Flyer Fixed Sites)"}},
{"type":"Feature","geometry":{"type":"Polygon","coordinates":[[[-88.61986,45.31921],[-88.62241,45.31763],[-88.6181,45.31608],[-88.61986,45.31921]]]},"properties":{"type":"REC_FIXED_SITE_US","name":"Four Season RC Flyers of Townsend WI - Valley View Rd","identifier":"FAA-REC_FIXED_SITE_US:Four Season RC Flyers of Townsend WI - Valley View Rd","lowerLimit":"GND","upperLimit":"1200 ft AGL","authority":"FAA (Recreational Flyer Fixed Sites)"}},
{"type":"Feature","geometry":{"type":"Polygon","coordinates":[[[-87.63118,44.24052],[-87.63266,44.23725],[-87.62866,44.23883],[-87.63118,44.24052]]]},"properties":{"type":"REC_FIXED_SITE_US","name":"Manitwo Flyers LTD -Mishicot High School","identifier":"FAA-REC_FIXED_SITE_US:Manitwo Flyers LTD -Mishicot High School","lowerLimit":"GND","upperLimit":"700 ft AGL","authority":"FAA (Recreational Flyer Fixed Sites)"}},
{"type":"Feature","geometry":{"type":"Polygon","coordinates":[[[-87.32955,44.8809],[-87.33117,44.8777],[-87.327,44.87921],[-87.32955,44.8809]]]},"properties":{"type":"REC_FIXED_SITE_US","name":"Bay Flyers Model Club - Maple Heights Circle","identifier":"FAA-REC_FIXED_SITE_US:Bay Flyers Model Club - Maple Heights Circle","lowerLimit":"GND","upperLimit":"700 ft AGL","authority":"FAA (Recreational Flyer Fixed Sites)"}},
{"type":"Feature","geometry":{"type":"Polygon","coordinates":[[[-87.59278,44.20208],[-87.59622,44.20193],[-87.59376,44.19893],[-87.59278,44.20208]]]},"properties":{"type":"REC_FIXED_SITE_US","name":"Manitwo Flyers LTD - E Hillcrest Rd","identifier":"FAA-REC_FIXED_SITE_US:Manitwo Flyers LTD - E Hillcrest Rd","lowerLimit":"GND","upperLimit":"700 ft AGL","authority":"FAA (Recreational Flyer Fixed Sites)"}},
{"type":"Feature","geometry":{"type":"Polygon","coordinates":[[[-88.0914,44.40176],[-88.09172,44.39815],[-88.08889,44.39972],[-88.0914,44.40176]]]},"properties":{"type":"REC_FIXED_SITE_US","name":"GBMAC Field","identifier":"FAA-REC_FIXED_SITE_US:GBMAC Field","lowerLimit":"GND","upperLimit":"700 ft AGL","authority":"FAA (Recreational Flyer Fixed Sites)"}},
{"type":"Feature","geometry":{"type":"Polygon","coordinates":[[[-89.72746,44.94844],[-89.72932,44.94539],[-89.72571,44.94531],[-89.72746,44.94844]]]},"properties":{"type":"REC_FIXED_SITE_US","name":"Wausau RC Sports Club - Sunnyvale RC Park","identifier":"FAA-REC_FIXED_SITE_US:Wausau RC Sports Club - Sunnyvale RC Park","lowerLimit":"GND","upperLimit":"700 ft AGL","authority":"FAA (Recreational Flyer Fixed Sites)"}},
{"type":"Feature","geometry":{"type":"Polygon","coordinates":[[[-89.62095,44.93042],[-89.62127,44.92681],[-89.61842,44.92838],[-89.62095,44.93042]]]},"properties":{"type":"REC_FIXED_SITE_US","name":"Wausau RC Sports Club - Wausau Downtown Airport","identifier":"FAA-REC_FIXED_SITE_US:Wausau RC Sports Club - Wausau Downtown Airport","lowerLimit":"GND","upperLimit":"700 ft AGL","authority":"FAA (Recreational Flyer Fixed Sites)"}},
{"type":"Feature","geometry":{"type":"Polygon","coordinates":[[[-90.26263,44.99536],[-90.26518,44.99366],[-90.26088,44.99223],[-90.26263,44.99536]]]},"properties":{"type":"REC_FIXED_SITE_US","name":"Hobbyland Fliers - Rosedale Ave","identifier":"FAA-REC_FIXED_SITE_US:Hobbyland Fliers - Rosedale Ave","lowerLimit":"GND","upperLimit":"700 ft AGL","authority":"FAA (Recreational Flyer Fixed Sites)"}},
{"type":"Feature","geometry":{"type":"Polygon","coordinates":[[[-90.16538,44.65858],[-90.16601,44.65501],[-90.16285,44.65665],[-90.16538,44.65858]]]},"properties":{"type":"REC_FIXED_SITE_US","name":"Mid-State Aeroguidance - Marshfield High School and Field House","identifier":"FAA-REC_FIXED_SITE_US:Mid-State Aeroguidance - Marshfield High School and Field House","lowerLimit":"GND","upperLimit":"700 ft AGL","authority":"FAA (Recreational Flyer Fixed Sites)"}},
{"type":"Feature","geometry":{"type":"Polygon","coordinates":[[[-90.06604,44.83075],[-90.06856,44.82872],[-90.06556,44.82716],[-90.06604,44.83075]]]},"properties":{"type":"REC_FIXED_SITE_US","name":"Mid-State Aeroguidance - Rock Rd","identifier":"FAA-REC_FIXED_SITE_US:Mid-State Aeroguidance - Rock Rd","lowerLimit":"GND","upperLimit":"1200 ft AGL","authority":"FAA (Recreational Flyer Fixed Sites)"}},
{"type":"Feature","geometry":{"type":"Polygon","coordinates":[[[-89.25389,46.00203],[-89.25644,45.99988],[-89.25278,45.99858],[-89.25389,46.00203]]]},"properties":{"type":"REC_FIXED_SITE_US","name":"WI Sky Barons RC Club - Chicago Ave","identifier":"FAA-REC_FIXED_SITE_US:WI Sky Barons RC Club - Chicago Ave","lowerLimit":"GND","upperLimit":"700 ft AGL","authority":"FAA (Recreational Flyer Fixed Sites)"}},
{"type":"Feature","geometry":{"type":"Polygon","coordinates":[[[-89.726,45.79986],[-89.72632,45.79625],[-89.72343,45.79782],[-89.726,45.79986]]]},"properties":{"type":"REC_FIXED_SITE_US","name":"Lakeland Loons RC Club - Cedar Falls Rd","identifier":"FAA-REC_FIXED_SITE_US:Lakeland Loons RC Club - Cedar Falls Rd","lowerLimit":"GND","upperLimit":"1200 ft AGL","authority":"FAA (Recreational Flyer Fixed Sites)"}},
{"type":"Feature","geometry":{"type":"Polygon","coordinates":[[[-89.72417,45.92542],[-89.72527,45.92197],[-89.72165,45.92406],[-89.72417,45.92542]]]},"properties":{"type":"REC_FIXED_SITE_US","name":"Lakeland Loons RC Club - Noble Lee Memorial Airport","identifier":"FAA-REC_FIXED_SITE_US:Lakeland Loons RC Club - Noble Lee Memorial Airport","lowerLimit":"GND","upperLimit":"700 ft AGL","authority":"FAA (Recreational Flyer Fixed Sites)"}},
{"type":"Feature","geometry":{"type":"Polygon","coordinates":[[[-90.8334,44.34622],[-90.83592,44.34452],[-90.83167,44.34309],[-90.8334,44.34622]]]},"properties":{"type":"REC_FIXED_SITE_US","name":"BRF Model Club - Snow Creek Rd","identifier":"FAA-REC_FIXED_SITE_US:BRF Model Club - Snow Creek Rd","lowerLimit":"GND","upperLimit":"700 ft AGL","authority":"FAA (Recreational Flyer Fixed Sites)"}},
{"type":"Feature","geometry":{"type":"Polygon","coordinates":[[[-90.80962,43.9054],[-90.81282,43.9026],[-90.80939,43.90276],[-90.80962,43.9054]]]},"properties":{"type":"REC_FIXED_SITE_US","name":"Sparta Area Model Club - Ideal Rd","identifier":"FAA-REC_FIXED_SITE_US:Sparta Area Model Club - Ideal Rd","lowerLimit":"GND","upperLimit":"700 ft AGL","authority":"FAA (Recreational Flyer Fixed Sites)"}},
{"type":"Feature","geometry":{"type":"Polygon","coordinates":[[[-91.11867,43.90806],[-91.12187,43.90526],[-91.11844,43.90542],[-91.11867,43.90806]]]},"properties":{"type":"REC_FIXED_SITE_US","name":"River City RC Modelers - Gilles Coulee Rd. S","identifier":"FAA-REC_FIXED_SITE_US:River City RC Modelers - Gilles Coulee Rd. S","lowerLimit":"GND","upperLimit":"700 ft AGL","authority":"FAA (Recreational Flyer Fixed Sites)"}},
{"type":"Feature","geometry":{"type":"Polygon","coordinates":[[[-91.44109,44.67879],[-91.44141,44.67518],[-91.43857,44.67675],[-91.44109,44.67879]]]},"properties":{"type":"REC_FIXED_SITE_US","name":"Indianhead Country RC Modelers - County Road HH","identifier":"FAA-REC_FIXED_SITE_US:Indianhead Country RC Modelers - County Road HH","lowerLimit":"GND","upperLimit":"1200 ft AGL","authority":"FAA (Recreational Flyer Fixed Sites)"}},
{"type":"Feature","geometry":{"type":"Polygon","coordinates":[[[-91.3708,44.82875],[-91.37334,44.82705],[-91.36906,44.82562],[-91.3708,44.82875]]]},"properties":{"type":"REC_FIXED_SITE_US","name":"River City Flyers of Wisconsin - Connell Rd","identifier":"FAA-REC_FIXED_SITE_US:River City Flyers of Wisconsin - Connell Rd","lowerLimit":"GND","upperLimit":"700 ft AGL","authority":"FAA (Recreational Flyer Fixed Sites)"}},
{"type":"Feature","geometry":{"type":"Polygon","coordinates":[[[-91.89041,44.66973],[-91.89226,44.66668],[-91.88867,44.6666],[-91.89041,44.66973]]]},"properties":{"type":"REC_FIXED_SITE_US","name":"Western Wisconsin Modelers Association -  Buck Knob Field","identifier":"FAA-REC_FIXED_SITE_US:Western Wisconsin Modelers Association -  Buck Knob Field","lowerLimit":"GND","upperLimit":"1200 ft AGL","authority":"FAA (Recreational Flyer Fixed Sites)"}},
{"type":"Feature","geometry":{"type":"Polygon","coordinates":[[[-91.83207,44.88249],[-91.83286,44.87895],[-91.82957,44.88034],[-91.83207,44.88249]]]},"properties":{"type":"REC_FIXED_SITE_US","name":"Menomonie RC Flyers - 550th Ave","identifier":"FAA-REC_FIXED_SITE_US:Menomonie RC Flyers - 550th Ave","lowerLimit":"GND","upperLimit":"700 ft AGL","authority":"FAA (Recreational Flyer Fixed Sites)"}},
{"type":"Feature","geometry":{"type":"Polygon","coordinates":[[[-91.84363,45.47557],[-91.8462,45.47387],[-91.84187,45.47244],[-91.84363,45.47557]]]},"properties":{"type":"REC_FIXED_SITE_US","name":"Rice Lake MAC - WI 25","identifier":"FAA-REC_FIXED_SITE_US:Rice Lake MAC - WI 25","lowerLimit":"GND","upperLimit":"700 ft AGL","authority":"FAA (Recreational Flyer Fixed Sites)"}},
{"type":"Feature","geometry":{"type":"Polygon","coordinates":[[[-92.0114,46.65421],[-92.01395,46.65285],[-92.01028,46.65076],[-92.0114,46.65421]]]},"properties":{"type":"REC_FIXED_SITE_US","name":"Duluth Superior Radio Control Club - Superior Field","identifier":"FAA-REC_FIXED_SITE_US:Duluth Superior Radio Control Club - Superior Field","lowerLimit":"GND","upperLimit":"700 ft AGL","authority":"FAA (Recreational Flyer Fixed Sites)"}},
{"type":"Feature","geometry":{"type":"Polygon","coordinates":[[[-88.43835,44.33955],[-88.4403,44.33658],[-88.43585,44.33751],[-88.43835,44.33955]]]},"properties":{"type":"REC_FIXED_SITE_US","name":"Valley Aero Modelers, Inc - Quarry Field","identifier":"FAA-REC_FIXED_SITE_US:Valley Aero Modelers, Inc - Quarry Field","lowerLimit":"GND","upperLimit":"700 ft AGL","authority":"FAA (Recreational Flyer Fixed Sites)"}},
{"type":"Feature","geometry":{"type":"Polygon","coordinates":[[[-89.6325,44.34236],[-89.63502,44.34066],[-89.63077,44.33923],[-89.6325,44.34236]]]},"properties":{"type":"REC_FIXED_SITE_US","name":"River County Flyers - County Hwy W","identifier":"FAA-REC_FIXED_SITE_US:River County Flyers - County Hwy W","lowerLimit":"GND","upperLimit":"1200 ft AGL","authority":"FAA (Recreational Flyer Fixed Sites)"}},
{"type":"Feature","geometry":{"type":"Polygon","coordinates":[[[-88.48672,43.8382],[-88.4892,43.83617],[-88.48469,43.83533],[-88.48672,43.8382]]]},"properties":{"type":"REC_FIXED_SITE_US","name":"Fond Du Lac Mini Aircraft Assn - Subway Rd","identifier":"FAA-REC_FIXED_SITE_US:Fond Du Lac Mini Aircraft Assn - Subway Rd","lowerLimit":"GND","upperLimit":"700 ft AGL","authority":"FAA (Recreational Flyer Fixed Sites)"}},
{"type":"Feature","geometry":{"type":"Polygon","coordinates":[[[-88.4686,43.71852],[-88.47281,43.7172],[-88.47047,43.71539],[-88.4686,43.71852]]]},"properties":{"type":"REC_FIXED_SITE_US","name":"Fond Du Lac Aeromodelers Association - Hickory Rd","identifier":"FAA-REC_FIXED_SITE_US:Fond Du Lac Aeromodelers Association - Hickory Rd","lowerLimit":"GND","upperLimit":"700 ft AGL","authority":"FAA (Recreational Flyer Fixed Sites)"}},
{"type":"Feature","geometry":{"type":"Polygon","coordinates":[[[-88.65428,43.87374],[-88.6586,43.87261],[-88.65626,43.87069],[-88.65428,43.87374]]]},"properties":{"type":"REC_FIXED_SITE_US","name":"Winnebago RC Flyers - Mike Kolb Field","identifier":"FAA-REC_FIXED_SITE_US:Winnebago RC Flyers - Mike Kolb Field","lowerLimit":"GND","upperLimit":"700 ft AGL","authority":"FAA (Recreational Flyer Fixed Sites)"}},
{"type":"Feature","geometry":{"type":"Polygon","coordinates":[[[-88.94425,43.05182],[-88.94441,43.0482],[-88.94178,43.05001],[-88.94425,43.05182]]]},"properties":{"type":"REC_FIXED_SITE_US","name":"Madison Area Radio Control Society - County Rd A","identifier":"FAA-REC_FIXED_SITE_US:Madison Area Radio Control Society - County Rd A","lowerLimit":"GND","upperLimit":"700 ft AGL","authority":"FAA (Recreational Flyer Fixed Sites)"}},
{"type":"Feature","geometry":{"type":"Polygon","coordinates":[[[-81.18568,37.3929],[-81.18743,37.38993],[-81.18341,37.39098],[-81.18568,37.3929]]]},"properties":{"type":"REC_FIXED_SITE_US","name":"Pirates of the  Sky RC Club - Rock River Rd","identifier":"FAA-REC_FIXED_SITE_US:Pirates of the  Sky RC Club - Rock River Rd","lowerLimit":"GND","upperLimit":"700 ft AGL","authority":"FAA (Recreational Flyer Fixed Sites)"}},
{"type":"Feature","geometry":{"type":"Polygon","coordinates":[[[-81.82938,38.41814],[-81.83096,38.415],[-81.8278,38.415],[-81.82938,38.41814]]]},"properties":{"type":"REC_FIXED_SITE_US","name":"The Flying Hillbillies R/C Club - Ridenour Lake","identifier":"FAA-REC_FIXED_SITE_US:The Flying Hillbillies R/C Club - Ridenour Lake","lowerLimit":"GND","upperLimit":"1200 ft AGL","authority":"FAA (Recreational Flyer Fixed Sites)"}},
{"type":"Feature","geometry":{"type":"Polygon","coordinates":[[[-81.83602,38.3416],[-81.83832,38.3399],[-81.83455,38.33839],[-81.83602,38.3416]]]},"properties":{"type":"REC_FIXED_SITE_US","name":"Mountaineer RC Club - Pettigrew LN","identifier":"FAA-REC_FIXED_SITE_US:Mountaineer RC Club - Pettigrew LN","lowerLimit":"GND","upperLimit":"1200 ft AGL","authority":"FAA (Recreational Flyer Fixed Sites)"}},
{"type":"Feature","geometry":{"type":"Polygon","coordinates":[[[-81.84954,38.5156],[-81.8527,38.5156],[-81.85126,38.51247],[-81.84954,38.5156]]]},"properties":{"type":"REC_FIXED_SITE_US","name":"Flying Hillbillies R/C Club - Winfield Rd","identifier":"FAA-REC_FIXED_SITE_US:Flying Hillbillies R/C Club - Winfield Rd","lowerLimit":"GND","upperLimit":"1200 ft AGL","authority":"FAA (Recreational Flyer Fixed Sites)"}},
{"type":"Feature","geometry":{"type":"Polygon","coordinates":[[[-81.90871,38.92637],[-81.9105,38.9234],[-81.90723,38.92316],[-81.90871,38.92637]]]},"properties":{"type":"REC_FIXED_SITE_US","name":"R.A.C.E. R/C Modelers Club - Rte 62","identifier":"FAA-REC_FIXED_SITE_US:R.A.C.E. R/C Modelers Club - Rte 62","lowerLimit":"GND","upperLimit":"700 ft AGL","authority":"FAA (Recreational Flyer Fixed Sites)"}},
{"type":"Feature","geometry":{"type":"Polygon","coordinates":[[[-81.72821,38.84674],[-81.73139,38.84674],[-81.72995,38.84361],[-81.72821,38.84674]]]},"properties":{"type":"REC_FIXED_SITE_US","name":"Jackson County Aeromodelers Club - Jackson County Landfill","identifier":"FAA-REC_FIXED_SITE_US:Jackson County Aeromodelers Club - Jackson County Landfill","lowerLimit":"GND","upperLimit":"700 ft AGL","authority":"FAA (Recreational Flyer Fixed Sites)"}},
{"type":"Feature","geometry":{"type":"Polygon","coordinates":[[[-82.19736,38.44348],[-82.19966,38.44155],[-82.19505,38.44167],[-82.19736,38.44348]]]},"properties":{"type":"REC_FIXED_SITE_US","name":"Ona RC Club - Ona Airpark and Speedway","identifier":"FAA-REC_FIXED_SITE_US:Ona RC Club - Ona Airpark and Speedway","lowerLimit":"GND","upperLimit":"700 ft AGL","authority":"FAA (Recreational Flyer Fixed Sites)"}},
{"type":"Feature","geometry":{"type":"Polygon","coordinates":[[[-80.60958,40.09061],[-80.61281,40.09045],[-80.61259,40.08781],[-80.60958,40.09061]]]},"properties":{"type":"REC_FIXED_SITE_US","name":"Hill Hoppers Flying Club - Roneys Point Run Rd","identifier":"FAA-REC_FIXED_SITE_US:Hill Hoppers Flying Club - Roneys Point Run Rd","lowerLimit":"GND","upperLimit":"700 ft AGL","authority":"FAA (Recreational Flyer Fixed Sites)"}},
{"type":"Feature","geometry":{"type":"Polygon","coordinates":[[[-81.1707,39.43342],[-81.17464,39.4321],[-81.17215,39.43029],[-81.1707,39.43342]]]},"properties":{"type":"REC_FIXED_SITE_US","name":"Flying Wing Nutz of WV - N Pleasants Hwy","identifier":"FAA-REC_FIXED_SITE_US:Flying Wing Nutz of WV - N Pleasants Hwy","lowerLimit":"GND","upperLimit":"1200 ft AGL","authority":"FAA (Recreational Flyer Fixed Sites)"}},
{"type":"Feature","geometry":{"type":"Polygon","coordinates":[[[-80.3783,39.24625],[-80.3801,39.24328],[-80.37597,39.24433],[-80.3783,39.24625]]]},"properties":{"type":"REC_FIXED_SITE_US","name":"Clarksburg Model Aviation Club - Don Harrold Field","identifier":"FAA-REC_FIXED_SITE_US:Clarksburg Model Aviation Club - Don Harrold Field","lowerLimit":"GND","upperLimit":"700 ft AGL","authority":"FAA (Recreational Flyer Fixed Sites)"}},
{"type":"Feature","geometry":{"type":"Polygon","coordinates":[[[-79.75245,39.53124],[-79.75587,39.52876],[-79.75267,39.5286],[-79.75245,39.53124]]]},"properties":{"type":"REC_FIXED_SITE_US","name":"Windy Ridge RC Club - Long Hollow Rd","identifier":"FAA-REC_FIXED_SITE_US:Windy Ridge RC Club - Long Hollow Rd","lowerLimit":"GND","upperLimit":"1200 ft AGL","authority":"FAA (Recreational Flyer Fixed Sites)"}},
{"type":"Feature","geometry":{"type":"Polygon","coordinates":[[[-79.82649,39.52844],[-79.82991,39.52596],[-79.82671,39.5258],[-79.82649,39.52844]]]},"properties":{"type":"REC_FIXED_SITE_US","name":"Windy Ridge RC Club - Kingwood Pike","identifier":"FAA-REC_FIXED_SITE_US:Windy Ridge RC Club - Kingwood Pike","lowerLimit":"GND","upperLimit":"700 ft AGL","authority":"FAA (Recreational Flyer Fixed Sites)"}},
{"type":"Feature","geometry":{"type":"Polygon","coordinates":[[[-80.10875,39.50817],[-80.11196,39.50817],[-80.11185,39.50545],[-80.10875,39.50817]]]},"properties":{"type":"REC_FIXED_SITE_US","name":"Fairmont R/C Flyers Inc - Meredith Field","identifier":"FAA-REC_FIXED_SITE_US:Fairmont R/C Flyers Inc - Meredith Field","lowerLimit":"GND","upperLimit":"700 ft AGL","authority":"FAA (Recreational Flyer Fixed Sites)"}},
{"type":"Feature","geometry":{"type":"Polygon","coordinates":[[[-80.82663,38.32547],[-80.82957,38.32267],[-80.82633,38.32291],[-80.82663,38.32547]]]},"properties":{"type":"REC_FIXED_SITE_US","name":"Wallys Squadron R/C Flyers - Butler/Tyree Field","identifier":"FAA-REC_FIXED_SITE_US:Wallys Squadron R/C Flyers - Butler/Tyree Field","lowerLimit":"GND","upperLimit":"700 ft AGL","authority":"FAA (Recreational Flyer Fixed Sites)"}},
{"type":"Feature","geometry":{"type":"Polygon","coordinates":[[[-78.80384,39.583],[-78.80384,39.57937],[-78.8015,39.58107],[-78.80384,39.583]]]},"properties":{"type":"REC_FIXED_SITE_US","name":"Cumberland Aircraft Model Society - HighPoint Aviation Airfield","identifier":"FAA-REC_FIXED_SITE_US:Cumberland Aircraft Model Society - HighPoint Aviation Airfield","lowerLimit":"GND","upperLimit":"700 ft AGL","authority":"FAA (Recreational Flyer Fixed Sites)"}},
{"type":"Feature","geometry":{"type":"Polygon","coordinates":[[[-104.79026,41.05469],[-104.79374,41.05221],[-104.79047,41.05205],[-104.79026,41.05469]]]},"properties":{"type":"REC_FIXED_SITE_US","name":"Cheyenne Hill Hoppers - CanAm Hwy","identifier":"FAA-REC_FIXED_SITE_US:Cheyenne Hill Hoppers - CanAm Hwy","lowerLimit":"GND","upperLimit":"700 ft AGL","authority":"FAA (Recreational Flyer Fixed Sites)"}},
{"type":"Feature","geometry":{"type":"Polygon","coordinates":[[[-104.77947,41.2644],[-104.78253,41.2616],[-104.77925,41.26176],[-104.77947,41.2644]]]},"properties":{"type":"REC_FIXED_SITE_US","name":"Cheyenne RC Club - Powderhouse Rd","identifier":"FAA-REC_FIXED_SITE_US:Cheyenne RC Club - Powderhouse Rd","lowerLimit":"GND","upperLimit":"700 ft AGL","authority":"FAA (Recreational Flyer Fixed Sites)"}},
{"type":"Feature","geometry":{"type":"Polygon","coordinates":[[[-105.59085,41.36072],[-105.59415,41.36072],[-105.59097,41.358],[-105.59085,41.36072]]]},"properties":{"type":"REC_FIXED_SITE_US","name":"Laramie Barnstormers R/C Club - 3rd St","identifier":"FAA-REC_FIXED_SITE_US:Laramie Barnstormers R/C Club - 3rd St","lowerLimit":"GND","upperLimit":"700 ft AGL","authority":"FAA (Recreational Flyer Fixed Sites)"}},
{"type":"Feature","geometry":{"type":"Polygon","coordinates":[[[-105.5894,41.36736],[-105.5918,41.36566],[-105.58787,41.36415],[-105.5894,41.36736]]]},"properties":{"type":"REC_FIXED_SITE_US","name":"Laramie Barnstormers R/C Club - Hwy 287","identifier":"FAA-REC_FIXED_SITE_US:Laramie Barnstormers R/C Club - Hwy 287","lowerLimit":"GND","upperLimit":"700 ft AGL","authority":"FAA (Recreational Flyer Fixed Sites)"}},
{"type":"Feature","geometry":{"type":"Polygon","coordinates":[[[-106.32431,42.87604],[-106.32769,42.87604],[-106.32631,42.87292],[-106.32431,42.87604]]]},"properties":{"type":"REC_FIXED_SITE_US","name":"Casper Airmodelers Assn - Modelers Facility","identifier":"FAA-REC_FIXED_SITE_US:Casper Airmodelers Assn - Modelers Facility","lowerLimit":"GND","upperLimit":"700 ft AGL","authority":"FAA (Recreational Flyer Fixed Sites)"}},
{"type":"Feature","geometry":{"type":"Polygon","coordinates":[[[-105.42145,44.27917],[-105.42177,44.27556],[-105.41895,44.27713],[-105.42145,44.27917]]]},"properties":{"type":"REC_FIXED_SITE_US","name":"Gillette Sagehoppers - Cam-Plex","identifier":"FAA-REC_FIXED_SITE_US:Gillette Sagehoppers - Cam-Plex","lowerLimit":"GND","upperLimit":"1200 ft AGL","authority":"FAA (Recreational Flyer Fixed Sites)"}},
{"type":"Feature","geometry":{"type":"Polygon","coordinates":[[[-110.99177,41.27171],[-110.99483,41.26891],[-110.99155,41.26907],[-110.99177,41.27171]]]},"properties":{"type":"REC_FIXED_SITE_US","name":"Bear River Modelers - Union Dr","identifier":"FAA-REC_FIXED_SITE_US:Bear River Modelers - Union Dr","lowerLimit":"GND","upperLimit":"700 ft AGL","authority":"FAA (Recreational Flyer Fixed Sites)"}}
]}